{
"type": "FeatureCollection",
"name": "10_gunma_area",
"crs": { "type": "name", "properties": { "name": "urn:ogc:def:crs:OGC:1.3:CRS84" } },
"features": [
{ "type": "Feature", "properties": { "code": "100010", "name": "南部", "PrefCode": "10", "regioncode": "100010" }, "geometry": { "type": "Polygon", "coordinates": [ [ [ 139.326683332569814, 36.633382225309504 ], [ 139.328148884863253, 36.633421666876473 ], [ 139.329077496929017, 36.63072583842677 ], [ 139.329558911214804, 36.627667504951432 ], [ 139.330693645195652, 36.627066107614837 ], [ 139.332191698987799, 36.626914999927351 ], [ 139.333333332567349, 36.627581412851953 ], [ 139.338183645259051, 36.62737861303259 ], [ 139.339977522944423, 36.626181108171636 ], [ 139.343237004184516, 36.625590838146707 ], [ 139.345689494074918, 36.625870000300324 ], [ 139.345913670779396, 36.624862225411448 ], [ 139.345732827008419, 36.623346946004801 ], [ 139.34678810588639, 36.622144720602421 ], [ 139.346641725935001, 36.620687774821022 ], [ 139.347137834243767, 36.619567504636677 ], [ 139.350104811887604, 36.617646107581834 ], [ 139.352288417976183, 36.615090279292986 ], [ 139.355069831307787, 36.614484171307538 ], [ 139.356337612790639, 36.614656666671863 ], [ 139.359169559028032, 36.613558331851607 ], [ 139.363292892153368, 36.614324171123656 ], [ 139.36769457804246, 36.612486666426548 ], [ 139.369172361115602, 36.613066107714758 ], [ 139.370133475579451, 36.612958892339066 ], [ 139.371454889931329, 36.611973333402659 ], [ 139.376203774384749, 36.612316666680897 ], [ 139.37928630411966, 36.613121107553127 ], [ 139.383055188346361, 36.612026108318275 ], [ 139.386688833423023, 36.611983333863805 ], [ 139.391682749859115, 36.60710863965204 ], [ 139.391843866101567, 36.606208080138856 ], [ 139.392899144080275, 36.60575891913885 ], [ 139.394937470987543, 36.603647251619407 ], [ 139.396611633620068, 36.603186135032161 ], [ 139.39789888542532, 36.602082252294167 ], [ 139.398703605986725, 36.602189468569179 ], [ 139.401575006381449, 36.603625586052033 ], [ 139.40310333315233, 36.603585586006034 ], [ 139.404980855881831, 36.604678640007307 ], [ 139.40654725005561, 36.604785865275517 ], [ 139.406568637732562, 36.605707801673759 ], [ 139.405796135383412, 36.607176414360083 ], [ 139.404048365939389, 36.608115026887049 ], [ 139.403726420338103, 36.608822531634587 ], [ 139.407781970661517, 36.60832946843027 ], [ 139.408865863269057, 36.608458081375431 ], [ 139.410613671383885, 36.607781134691663 ], [ 139.412459493910546, 36.60810280330179 ], [ 139.415002282929095, 36.605819467794277 ], [ 139.417427029633814, 36.604640333384737 ], [ 139.420212023166414, 36.603776720719111 ], [ 139.421424526920418, 36.603862560109121 ], [ 139.421725083945489, 36.603508666991445 ], [ 139.424686498383267, 36.603476440685256 ], [ 139.42617233488545, 36.602597278741484 ], [ 139.42674678313756, 36.601218947196685 ], [ 139.427765939846267, 36.600972279347275 ], [ 139.430019026656851, 36.601711999609165 ], [ 139.436139882649513, 36.601683694347059 ], [ 139.437492671649579, 36.602503973179864 ], [ 139.4377507249161, 36.60368508070195 ], [ 139.438265162307403, 36.604253413564209 ], [ 139.439739636774902, 36.604504532158501 ], [ 139.442567690746387, 36.605863135275513 ], [ 139.443872411882353, 36.605989251702681 ], [ 139.445443553577206, 36.60746786574947 ], [ 139.446138002866633, 36.607495919201369 ], [ 139.449448275117902, 36.606348135158385 ], [ 139.450984423292539, 36.606480359780846 ], [ 139.451562192741108, 36.605853972982516 ], [ 139.451856640671508, 36.604637585955857 ], [ 139.452759416114191, 36.603570081693988 ], [ 139.454604136971398, 36.604063440775235 ], [ 139.457713890983314, 36.606330387037758 ], [ 139.459935550984937, 36.605665108158291 ], [ 139.462472528584385, 36.605544559433895 ], [ 139.464066692923552, 36.605775107835029 ], [ 139.4652419710402, 36.606581504732731 ], [ 139.466404475186437, 36.605423999917718 ], [ 139.470014501368155, 36.60415261305269 ], [ 139.470541725320459, 36.603354837955465 ], [ 139.471445888417065, 36.602890667270515 ], [ 139.470996445929245, 36.60111955862078 ], [ 139.471732555413155, 36.599855665806388 ], [ 139.472316445647493, 36.599728170718549 ], [ 139.472771167155656, 36.599007613210858 ], [ 139.472563671076614, 36.598103999599971 ], [ 139.473740610241066, 36.596357892103072 ], [ 139.473830026234737, 36.595519279691075 ], [ 139.474734475315813, 36.594556505078685 ], [ 139.474888080420669, 36.593150945659659 ], [ 139.473840025796562, 36.590456226074025 ], [ 139.47527946807304, 36.589298170873917 ], [ 139.476401971274072, 36.587349278846204 ], [ 139.477681970946264, 36.587067891769834 ], [ 139.478228638241148, 36.586235108763333 ], [ 139.480350855707457, 36.585782613077185 ], [ 139.480480026232271, 36.584708440342297 ], [ 139.482123086711113, 36.583496774756384 ], [ 139.483041140736077, 36.583277892360911 ], [ 139.483530025690243, 36.582024279696782 ], [ 139.482568910327018, 36.580905666963019 ], [ 139.482249195943723, 36.579071225356813 ], [ 139.482550272776962, 36.577978441152197 ], [ 139.480915836796498, 36.577212612671985 ], [ 139.479803890737003, 36.576110107695342 ], [ 139.477329416919133, 36.574570945892503 ], [ 139.474616640745467, 36.573763171233395 ], [ 139.473909144091749, 36.573132054001121 ], [ 139.474220778965787, 36.56865646902088 ], [ 139.473545227130558, 36.567773973290286 ], [ 139.474084384186995, 36.566907305627694 ], [ 139.473166055868887, 36.566208972166407 ], [ 139.472517418943767, 36.565156748285347 ], [ 139.469890466871561, 36.565690639811237 ], [ 139.469241580834364, 36.564722586178448 ], [ 139.4675232560935, 36.564604801970063 ], [ 139.465442115161522, 36.563443693571628 ], [ 139.46517849509155, 36.561096748116483 ], [ 139.46312291828815, 36.559758413919724 ], [ 139.46275875491267, 36.558371197972463 ], [ 139.461941530177569, 36.557765080993761 ], [ 139.462346252077964, 36.55627591879869 ], [ 139.461684306085886, 36.554862585639853 ], [ 139.460959857211719, 36.554163973388711 ], [ 139.460757885667931, 36.553246747639321 ], [ 139.457101777325192, 36.553171198292205 ], [ 139.452235913556592, 36.54959508104821 ], [ 139.449920363434103, 36.549801441283535 ], [ 139.446626472333946, 36.551568666660671 ], [ 139.445354228414999, 36.551501441438404 ], [ 139.443536446749704, 36.552562000236151 ], [ 139.442466445969785, 36.552553667118104 ], [ 139.440722825997682, 36.551855053967643 ], [ 139.439046445637018, 36.55068533276193 ], [ 139.438110855731452, 36.548439224690526 ], [ 139.438397250232924, 36.547378945581897 ], [ 139.43822669290762, 36.544905053625371 ], [ 139.437544189312916, 36.54438310779426 ], [ 139.437578080264302, 36.543230333413192 ], [ 139.4369205580374, 36.542188108194694 ], [ 139.43685360620907, 36.541237279277084 ], [ 139.437864162700976, 36.540471440904298 ], [ 139.436466109023741, 36.540000054059306 ], [ 139.436188053935552, 36.538965892162253 ], [ 139.436289170109148, 36.538065332649012 ], [ 139.437005278670767, 36.537670053630109 ], [ 139.436744163212666, 36.536979775396389 ], [ 139.437830830228677, 36.535995054628131 ], [ 139.43638138749111, 36.533775613254022 ], [ 139.435302749622224, 36.533531720712404 ], [ 139.434485524887123, 36.533742001092548 ], [ 139.435058586384685, 36.532665053049811 ], [ 139.437316355065832, 36.532521999690573 ], [ 139.438678340533102, 36.531734504743667 ], [ 139.442848340378646, 36.531583109273129 ], [ 139.441408054538101, 36.530447279018745 ], [ 139.441795524743725, 36.528933107576904 ], [ 139.440291634351524, 36.526865333268574 ], [ 139.439912476579593, 36.525401171327019 ], [ 139.437814967986469, 36.524963386750926 ], [ 139.434696887151631, 36.522153386669515 ], [ 139.434675226980175, 36.519587279129667 ], [ 139.432830220138612, 36.518989774958186 ], [ 139.432754357827434, 36.51725617073572 ], [ 139.43152435776301, 36.517079504315745 ], [ 139.431861310351223, 36.515919774577981 ], [ 139.431280195424733, 36.515280333220858 ], [ 139.431465471954084, 36.514682838042575 ], [ 139.430261025226173, 36.513209774611482 ], [ 139.428460726381445, 36.51254589237908 ], [ 139.427677392597616, 36.510635333054211 ], [ 139.425141828732421, 36.510155613091115 ], [ 139.424442672391478, 36.5103069995684 ], [ 139.421726808845165, 36.509004774950483 ], [ 139.422358470167296, 36.508037000107549 ], [ 139.423917081608124, 36.507043946221188 ], [ 139.423967638795602, 36.506328666834577 ], [ 139.422854863561156, 36.504293108040542 ], [ 139.420295668210542, 36.502672558491838 ], [ 139.419029274381614, 36.502278108647829 ], [ 139.419305109942911, 36.501683108188956 ], [ 139.418991777148904, 36.50097533364476 ], [ 139.419675109918444, 36.500179775376409 ], [ 139.418232048770051, 36.497800332919098 ], [ 139.418331193629797, 36.495883945987373 ], [ 139.417920079348278, 36.494711170684013 ], [ 139.420976472086636, 36.493810333280294 ], [ 139.422568690292906, 36.493662559379686 ], [ 139.422512865776184, 36.492927000280872 ], [ 139.421128417942214, 36.491268666615724 ], [ 139.421677588050329, 36.490406440704703 ], [ 139.425402023284846, 36.490161999576685 ], [ 139.427142308570751, 36.490549774652436 ], [ 139.42808119359222, 36.490417836913707 ], [ 139.42700814500995, 36.487551999725042 ], [ 139.42628341105069, 36.486500891902665 ], [ 139.426439493787711, 36.485717558118836 ], [ 139.425910894772073, 36.484595054018598 ], [ 139.426447275621285, 36.483939225215124 ], [ 139.428938171059826, 36.48281277488968 ], [ 139.42965977987501, 36.48194617107896 ], [ 139.429811997325828, 36.479688108319579 ], [ 139.429455888278653, 36.478404774860508 ], [ 139.430460609969259, 36.478027803340524 ], [ 139.430262283377715, 36.477504198260192 ], [ 139.430843670798822, 36.477029748324298 ], [ 139.43130586297525, 36.475745865379452 ], [ 139.430765304775036, 36.474457531689779 ], [ 139.431574475181947, 36.473679467933152 ], [ 139.431708637843371, 36.472157802440677 ], [ 139.430985576623129, 36.471470586398482 ], [ 139.431660310974621, 36.471198359816526 ], [ 139.432400584319566, 36.471488080910262 ], [ 139.433083357710871, 36.472299468145991 ], [ 139.434069753916106, 36.472731694012509 ], [ 139.435403943137544, 36.47436530621394 ], [ 139.438026446263507, 36.474914747917353 ], [ 139.437353086975463, 36.472857801446423 ], [ 139.437288637960364, 36.470077252363353 ], [ 139.436704746826649, 36.468263080576776 ], [ 139.436474720931642, 36.465975306015594 ], [ 139.435576109349995, 36.465336135354391 ], [ 139.435361673202692, 36.464171414379337 ], [ 139.432675551135844, 36.463709748306314 ], [ 139.42964219183375, 36.461501972937754 ], [ 139.429638028871977, 36.460955027752391 ], [ 139.431168859355466, 36.460391413632863 ], [ 139.430851089306429, 36.45898058598533 ], [ 139.431386354996334, 36.457966135428876 ], [ 139.431173022317239, 36.457569198060071 ], [ 139.427933864856072, 36.459095333183143 ], [ 139.425889974742631, 36.459316441400688 ], [ 139.424678003387157, 36.459020053632628 ], [ 139.421715498971139, 36.456998667254766 ], [ 139.420616328680694, 36.456994505192313 ], [ 139.418150777936148, 36.458784225311774 ], [ 139.418033553106056, 36.460616999574938 ], [ 139.414741050559087, 36.461856440722215 ], [ 139.411099636239328, 36.458434505048444 ], [ 139.40903213982142, 36.458419775052619 ], [ 139.408237691316458, 36.457968667020396 ], [ 139.410426031436259, 36.455671999962874 ], [ 139.411638519901885, 36.455279505245016 ], [ 139.411986589009985, 36.454649225281571 ], [ 139.411652139234889, 36.453730612777633 ], [ 139.4123843321712, 36.45112061292599 ], [ 139.411957393419016, 36.45004366668195 ], [ 139.411401555737257, 36.449300332944063 ], [ 139.409764890337442, 36.448665333338511 ], [ 139.407593191272781, 36.446076440575325 ], [ 139.405003191444166, 36.445028974107913 ], [ 139.405112048981891, 36.443550919439417 ], [ 139.404446782692958, 36.441504801705264 ], [ 139.404576498206893, 36.440635919012493 ], [ 139.403375914067283, 36.438832026476916 ], [ 139.403397030148881, 36.437746197628996 ], [ 139.402526472019076, 36.436815359741104 ], [ 139.400655083565312, 36.436483134888817 ], [ 139.399423410761869, 36.435755080632532 ], [ 139.397595886740874, 36.435638972760444 ], [ 139.396117003796803, 36.434784251691894 ], [ 139.394480609992229, 36.434369801824971 ], [ 139.39503085568947, 36.430918972732456 ], [ 139.394439196212033, 36.430248692723069 ], [ 139.394103644767483, 36.428935640267639 ], [ 139.392323917015233, 36.428312865146665 ], [ 139.391948611938915, 36.427442027327743 ], [ 139.392153607003479, 36.42612841369538 ], [ 139.391815005957824, 36.424377027178139 ], [ 139.390630272369208, 36.424068441005772 ], [ 139.3887110903446, 36.422249278881168 ], [ 139.3863327495568, 36.422054278881944 ], [ 139.385869688635239, 36.421522891967925 ], [ 139.38586552567358, 36.420516504732973 ], [ 139.385049390017343, 36.41933372087459 ], [ 139.382176328574815, 36.418417333293348 ], [ 139.380635745843051, 36.417080667338951 ], [ 139.3800285208996, 36.415003999634905 ], [ 139.378485188041054, 36.414369838197501 ], [ 139.378348806752115, 36.413223720598296 ], [ 139.376863216664219, 36.411028170613633 ], [ 139.376290415070685, 36.406640134634586 ], [ 139.375380972953621, 36.405765972921358 ], [ 139.376327367314161, 36.40454486535333 ], [ 139.375543190865642, 36.403000694326636 ], [ 139.375459274226159, 36.400309027040009 ], [ 139.374273449759926, 36.399252640197233 ], [ 139.371200635401124, 36.398382081168165 ], [ 139.369783410875812, 36.39761986526463 ], [ 139.368523696311627, 36.395614028164914 ], [ 139.368135616365635, 36.392801251876335 ], [ 139.367403670742874, 36.392150972789238 ], [ 139.366837561904049, 36.390905694142532 ], [ 139.366230610354478, 36.390332918629326 ], [ 139.365167250168497, 36.389988468393142 ], [ 139.364864811761663, 36.388164054227786 ], [ 139.363482335241656, 36.387513080864039 ], [ 139.362070000330277, 36.385950999838826 ], [ 139.361844163477372, 36.385199171104887 ], [ 139.361025227332448, 36.385234278838936 ], [ 139.360977717048058, 36.38368027912162 ], [ 139.361987445264504, 36.382866747902142 ], [ 139.361946524312657, 36.382515360295713 ], [ 139.366315032412899, 36.379420559311427 ], [ 139.367795278729204, 36.375813197820889 ], [ 139.367749416002766, 36.374139585573459 ], [ 139.36815719919548, 36.372474306444133 ], [ 139.367537197583715, 36.371413467957211 ], [ 139.366384968191824, 36.370921531603472 ], [ 139.367998003005482, 36.367952918992046 ], [ 139.37814635497034, 36.359989306261525 ], [ 139.386788586224384, 36.35594372132573 ], [ 139.388016641055174, 36.355047332868196 ], [ 139.391511088166226, 36.349434000278961 ], [ 139.393455810037722, 36.347754000147063 ], [ 139.412418340034378, 36.338120081076909 ], [ 139.413586667290929, 36.337705640203183 ], [ 139.414824449189041, 36.338106467139824 ], [ 139.417944449177071, 36.336559251908 ], [ 139.418164721025164, 36.33598591971446 ], [ 139.419365550679686, 36.335451467910957 ], [ 139.422792502771813, 36.332256198264986 ], [ 139.423523332336003, 36.33112674780125 ], [ 139.422910271691762, 36.330690081981743 ], [ 139.423350558181824, 36.330087865362771 ], [ 139.424421388136579, 36.328670360248964 ], [ 139.424993061080954, 36.328899531788011 ], [ 139.425816394011463, 36.328223414279194 ], [ 139.426739999551387, 36.326917864867596 ], [ 139.42670858623228, 36.324707027307511 ], [ 139.42612136221112, 36.323912586896427 ], [ 139.424080804085861, 36.323739801950353 ], [ 139.423570532354233, 36.325250919294547 ], [ 139.423177756148561, 36.325328135085442 ], [ 139.422818585809182, 36.323275080880308 ], [ 139.421713553737618, 36.322472305552537 ], [ 139.420472165558067, 36.323117586207673 ], [ 139.419714384211488, 36.324639532288643 ], [ 139.420043021668221, 36.325653134784375 ], [ 139.419047471263866, 36.327077865051479 ], [ 139.418434968199335, 36.326894252268005 ], [ 139.418390805191621, 36.326218972927336 ], [ 139.417496328692664, 36.32598813494451 ], [ 139.41699243675157, 36.325376468249488 ], [ 139.415741608388544, 36.325940080570319 ], [ 139.414836615217723, 36.325186467581489 ], [ 139.414860505707793, 36.324317864577836 ], [ 139.416145771809965, 36.323293413560236 ], [ 139.415802723616821, 36.322522865437918 ], [ 139.418198559815778, 36.32141702667451 ], [ 139.416083800427145, 36.320062305930719 ], [ 139.415458520694187, 36.31912205393968 ], [ 139.4154449157503, 36.317995946255962 ], [ 139.41749852123985, 36.316941748363035 ], [ 139.415699610049046, 36.315869558633267 ], [ 139.417127108429327, 36.314108999930454 ], [ 139.416766835521116, 36.313949279435747 ], [ 139.416974616685252, 36.313295946250946 ], [ 139.417698222894728, 36.312844559428925 ], [ 139.418145161669941, 36.312939559313236 ], [ 139.418600440757814, 36.313560945881022 ], [ 139.41905544735107, 36.313452332958832 ], [ 139.418800726072732, 36.312939559313236 ], [ 139.419830999301212, 36.312472053942201 ], [ 139.42151516239494, 36.309394278922866 ], [ 139.422840168638913, 36.308807054002386 ], [ 139.42319849541434, 36.307865107688599 ], [ 139.426096278320642, 36.307888413619423 ], [ 139.426960441371307, 36.30698674794013 ], [ 139.429163217408586, 36.306178413902728 ], [ 139.429017108153062, 36.305690639611385 ], [ 139.427208222581498, 36.305146774603998 ], [ 139.426715447160177, 36.303950107911191 ], [ 139.426847950572551, 36.303610945688661 ], [ 139.431444616675776, 36.30123705384699 ], [ 139.430999856957897, 36.297739837723384 ], [ 139.430364306067986, 36.295685666560303 ], [ 139.434197081729963, 36.293441775317717 ], [ 139.434788197117655, 36.292990386697056 ], [ 139.435163476113644, 36.292095946171003 ], [ 139.435713747891214, 36.291993999923193 ], [ 139.435859857146738, 36.292248721201588 ], [ 139.436092088179407, 36.293322053969689 ], [ 139.435864306092867, 36.294853172236174 ], [ 139.436486808719337, 36.296192332909868 ], [ 139.437105446958867, 36.297009000964692 ], [ 139.438216277859055, 36.296856225934107 ], [ 139.439169052909506, 36.296615359611224 ], [ 139.440277951166536, 36.295550666629993 ], [ 139.442298223284411, 36.294744533233654 ], [ 139.443532943890318, 36.293693693409296 ], [ 139.443649299075901, 36.288360945701129 ], [ 139.453629610917915, 36.288520640115507 ], [ 139.45474072600382, 36.288647306927714 ], [ 139.454497951319468, 36.289053694372569 ], [ 139.457065188407796, 36.28919286535853 ], [ 139.458673527861038, 36.288660079998749 ], [ 139.46087435776542, 36.287204252074616 ], [ 139.460463217403571, 36.286110919283544 ], [ 139.460847108307462, 36.285144801891136 ], [ 139.462584617386256, 36.284433693560175 ], [ 139.462527665119751, 36.284008693746273 ], [ 139.463534332043878, 36.282978414222498 ], [ 139.466752386013923, 36.28120425237438 ], [ 139.467458780997958, 36.280494531697343 ], [ 139.46726849524498, 36.279944802210878 ], [ 139.46848544704585, 36.279196198445845 ], [ 139.464357950958743, 36.279029558567345 ], [ 139.462959300131615, 36.279355667130403 ], [ 139.461487082063286, 36.278676223928642 ], [ 139.460997639529523, 36.277999000253715 ], [ 139.458497885768907, 36.276846775358422 ], [ 139.458480947038083, 36.27630289236464 ], [ 139.459739000554464, 36.275325386857162 ], [ 139.459990388945357, 36.27451761309743 ], [ 139.46231955930034, 36.273442333297112 ], [ 139.462630389281117, 36.273132053701374 ], [ 139.462324838320683, 36.272486225359046 ], [ 139.463877885655961, 36.271520946134785 ], [ 139.465234280937352, 36.271374558089462 ], [ 139.466744838003933, 36.271635945142805 ], [ 139.469136252236353, 36.270598999844026 ], [ 139.472125965640885, 36.270778721261024 ], [ 139.472601529836766, 36.271437332566904 ], [ 139.472631802815499, 36.272298170824001 ], [ 139.471547081932385, 36.274353440958578 ], [ 139.471482387402375, 36.275741225277386 ], [ 139.473767951429863, 36.276340081129888 ], [ 139.475647950892267, 36.275623135299497 ], [ 139.475325446812008, 36.273806225077294 ], [ 139.475597392805525, 36.273256224894908 ], [ 139.47722766492484, 36.272442055156773 ], [ 139.479607108281471, 36.272207892380379 ], [ 139.480910441763513, 36.271313441062489 ], [ 139.481640998833086, 36.271924559171111 ], [ 139.482728781008518, 36.272119278581897 ], [ 139.482830726356951, 36.272822026815163 ], [ 139.483725746046389, 36.273340081279798 ], [ 139.483722412259567, 36.273920640425274 ], [ 139.485191581626282, 36.274986467451583 ], [ 139.488167172976659, 36.275999801949354 ], [ 139.490368832955369, 36.275779252210782 ], [ 139.49108328046907, 36.275088694287888 ], [ 139.491270778323837, 36.274137305991928 ], [ 139.492861337280942, 36.273786747560393 ], [ 139.494622995854684, 36.274399532112795 ], [ 139.495815227091157, 36.275240918933321 ], [ 139.500619688747747, 36.276256440582301 ], [ 139.501098029150739, 36.276792558829584 ], [ 139.502155550938028, 36.279828667359141 ], [ 139.503221672941891, 36.281066441163375 ], [ 139.505194163180136, 36.280898946029595 ], [ 139.506173605827257, 36.280505053765296 ], [ 139.509669442390873, 36.278467000251908 ], [ 139.512781388050712, 36.278257279250113 ], [ 139.514166978023695, 36.279472251643142 ], [ 139.514349754437717, 36.280349748042511 ], [ 139.515072528774226, 36.281145306310862 ], [ 139.51669780875693, 36.281281135416123 ], [ 139.519203917127129, 36.280721413562446 ], [ 139.520549468383365, 36.280899197839744 ], [ 139.521590895003897, 36.281736413604676 ], [ 139.522747004070993, 36.283463054376512 ], [ 139.525965058940415, 36.284713612942937 ], [ 139.527696446333948, 36.283880278651964 ], [ 139.528574501212347, 36.282762504985669 ], [ 139.531452827286216, 36.280945837580418 ], [ 139.532368948668136, 36.279925865186556 ], [ 139.533597275993543, 36.279648918962494 ], [ 139.534586719101867, 36.279022251575725 ], [ 139.535365616530044, 36.279105865143606 ], [ 139.535245332206387, 36.280254999968349 ], [ 139.536550362709136, 36.281799721380082 ], [ 139.539247302720923, 36.280757505154781 ], [ 139.540344811963564, 36.280026135098126 ], [ 139.539899533336893, 36.278451414101539 ], [ 139.540331751109534, 36.278227251786291 ], [ 139.540250920943322, 36.277723359845254 ], [ 139.539780364172543, 36.277055025968707 ], [ 139.544029804731736, 36.275783666982704 ], [ 139.547576783042132, 36.278880864660209 ], [ 139.548592049283684, 36.280759468374811 ], [ 139.549172335035337, 36.280446134681426 ], [ 139.550082892311707, 36.278296171331306 ], [ 139.550893165287448, 36.278410612759615 ], [ 139.551763164938166, 36.279508918801639 ], [ 139.553268469963996, 36.27945672125071 ], [ 139.555193747593421, 36.278043387192611 ], [ 139.555915136074759, 36.276615054241404 ], [ 139.553587885772345, 36.273784802326816 ], [ 139.55995121877379, 36.267892892143323 ], [ 139.562257612898634, 36.266920946244738 ], [ 139.564062918269087, 36.266921252014242 ], [ 139.570382671922857, 36.268087640332396 ], [ 139.571040999042907, 36.267988467593739 ], [ 139.572433502104559, 36.266990134687035 ], [ 139.577576005428341, 36.266850973593591 ], [ 139.583235745733191, 36.268999026783717 ], [ 139.584573838911638, 36.26921846765822 ], [ 139.589209948380471, 36.268539027154418 ], [ 139.608602527884386, 36.268095441051798 ], [ 139.612009195767882, 36.26946822377954 ], [ 139.615917003666823, 36.273651801589438 ], [ 139.619010077952794, 36.274393747673344 ], [ 139.621502865564821, 36.273889864725504 ], [ 139.624984527014362, 36.27152710828949 ], [ 139.626294812255878, 36.271344053984933 ], [ 139.62984897525007, 36.271601000186081 ], [ 139.63308483759522, 36.270890999819812 ], [ 139.634279830649689, 36.269608505428209 ], [ 139.636974811938103, 36.263989332641643 ], [ 139.637993138572597, 36.26435183766722 ], [ 139.641732891959464, 36.266956559397727 ], [ 139.642485382594373, 36.266921000204036 ], [ 139.643051777417668, 36.266089612945336 ], [ 139.642432335184139, 36.264280441389303 ], [ 139.641334527366553, 36.263678775155427 ], [ 139.637938418423346, 36.262693225212217 ], [ 139.636530635880263, 36.261879360344267 ], [ 139.635467004099041, 36.260168802148542 ], [ 139.632188391581053, 36.257694918285893 ], [ 139.63114391715817, 36.25647436110296 ], [ 139.630781970611565, 36.254558252061713 ], [ 139.631596134953725, 36.253496586198537 ], [ 139.633198911200907, 36.253478802105064 ], [ 139.634234475140943, 36.252751864806783 ], [ 139.635658366340635, 36.250689667194422 ], [ 139.637881387915741, 36.246124107741423 ], [ 139.642061388222601, 36.242030775100261 ], [ 139.642385279057407, 36.241346891945568 ], [ 139.642393333385712, 36.240134666981362 ], [ 139.641473307147521, 36.23752355916497 ], [ 139.641515810905958, 36.235458586244818 ], [ 139.642163579985322, 36.235407198083749 ], [ 139.643874968255204, 36.23690938785802 ], [ 139.644794721998892, 36.238409386883745 ], [ 139.644943060673768, 36.240268279257748 ], [ 139.645494721004638, 36.240466891833648 ], [ 139.647946109225586, 36.238753559229451 ], [ 139.648502217603323, 36.237909666897679 ], [ 139.649915278267486, 36.238166891888625 ], [ 139.650571672744604, 36.239135504899707 ], [ 139.651351946135492, 36.238120504857477 ], [ 139.653497224017769, 36.236953838648787 ], [ 139.654639999736219, 36.23530105380064 ], [ 139.654595836728504, 36.234006612814994 ], [ 139.655125836887919, 36.234168559131774 ], [ 139.655368884966151, 36.233866892343258 ], [ 139.653808339983016, 36.23217022507589 ], [ 139.65410277532294, 36.231581613400806 ], [ 139.655986938646379, 36.230956892146935 ], [ 139.659201944813958, 36.231383838093677 ], [ 139.658878053979038, 36.230854387420095 ], [ 139.657685837131794, 36.230412999260579 ], [ 139.65771360639792, 36.230041892219617 ], [ 139.658045005672534, 36.229968558802 ], [ 139.65958306041, 36.229880224692693 ], [ 139.66309138765746, 36.230558837820183 ], [ 139.662672218148373, 36.229712720565658 ], [ 139.659632218252341, 36.228513559153498 ], [ 139.659830272349268, 36.22752355936484 ], [ 139.661150245987074, 36.225556613446997 ], [ 139.661308859416408, 36.224734946060948 ], [ 139.661061362392047, 36.223874134783557 ], [ 139.659067197593117, 36.22178635955288 ], [ 139.65905302157978, 36.221209135093545 ], [ 139.659216913130081, 36.220809972802044 ], [ 139.659901920437392, 36.220924135440555 ], [ 139.664878586077975, 36.223470504660099 ], [ 139.665356354512255, 36.223442170619705 ], [ 139.665538300851949, 36.22090799980441 ], [ 139.667185811176296, 36.218336359635316 ], [ 139.667114693688177, 36.216661919112312 ], [ 139.667728301120292, 36.216041919299187 ], [ 139.66957136272822, 36.215133586046193 ], [ 139.669942438292992, 36.213722467917592 ], [ 139.669842995757676, 36.212961081189007 ], [ 139.669450778031091, 36.212583305675082 ], [ 139.666709948405469, 36.211516639581305 ], [ 139.664282412003786, 36.209464134862003 ], [ 139.663974916709094, 36.208278865277464 ], [ 139.664425472557582, 36.207060801914508 ], [ 139.662621025140311, 36.207122468427201 ], [ 139.661854916071547, 36.208025251963875 ], [ 139.661220751936185, 36.208254134820493 ], [ 139.662624915607466, 36.210236081430082 ], [ 139.663636030578459, 36.210951081127519 ], [ 139.663936057003525, 36.211817199304335 ], [ 139.661157445060098, 36.214246081091801 ], [ 139.659974669295593, 36.214901360409499 ], [ 139.6588535537486, 36.214798585886058 ], [ 139.654703527845641, 36.213228053931573 ], [ 139.65225352817788, 36.2128141706375 ], [ 139.650781581704678, 36.21209194578671 ], [ 139.650409612213934, 36.211286387057157 ], [ 139.649398495444302, 36.211191108382991 ], [ 139.648930440587378, 36.210229999315061 ], [ 139.649785446741021, 36.207895558932933 ], [ 139.649699858261897, 36.20475222513511 ], [ 139.650024577372392, 36.202775559344616 ], [ 139.651513476066157, 36.199187775195696 ], [ 139.651165667761461, 36.197668640395477 ], [ 139.648807886374925, 36.196130305069573 ], [ 139.646724552895876, 36.196201413564438 ], [ 139.640944527368106, 36.19724669377996 ], [ 139.637587859092491, 36.197246972569758 ], [ 139.628719780193819, 36.195079225126165 ], [ 139.627005330631619, 36.193864505442605 ], [ 139.625898638411513, 36.192410892548708 ], [ 139.624888611620236, 36.186571748287633 ], [ 139.619651114707267, 36.189216747954617 ], [ 139.61513555216402, 36.192036746698534 ], [ 139.610447496954521, 36.196213693806953 ], [ 139.60663807938397, 36.200772865375484 ], [ 139.601064746840621, 36.205467332751255 ], [ 139.597730025620194, 36.207422054184519 ], [ 139.594359728119002, 36.208887892462315 ], [ 139.587771673424072, 36.210369279118993 ], [ 139.585558885234377, 36.210184559270033 ], [ 139.583004694611077, 36.209238747670099 ], [ 139.57539688695681, 36.205077946090398 ], [ 139.571929637143057, 36.203659612701017 ], [ 139.567536304157215, 36.202468531697434 ], [ 139.55422763919421, 36.200706305651522 ], [ 139.548472579745862, 36.198644332869719 ], [ 139.544675888481493, 36.196629026808182 ], [ 139.535218612449057, 36.192942891900998 ], [ 139.528216641185054, 36.19150177508692 ], [ 139.519166860562223, 36.191338136246031 ], [ 139.510782671782977, 36.193073945606159 ], [ 139.506455447061285, 36.193554504636722 ], [ 139.502778755035592, 36.193554775332643 ], [ 139.498757082173711, 36.193191414152466 ], [ 139.492366471835226, 36.191947801949539 ], [ 139.474425006009255, 36.189457504560266 ], [ 139.46738830112929, 36.189129440871056 ], [ 139.462392749725723, 36.189511667129807 ], [ 139.454858002994456, 36.191192224841359 ], [ 139.444529663413277, 36.196595532457934 ], [ 139.428853838933605, 36.20856080183961 ], [ 139.423970778328794, 36.210874973301429 ], [ 139.419830751987661, 36.210948304920407 ], [ 139.419357690605011, 36.21129386491998 ], [ 139.41901133560475, 36.21660886540684 ], [ 139.408699948244134, 36.223422999771685 ], [ 139.407693281319894, 36.222646892939792 ], [ 139.406752996054024, 36.222925775404235 ], [ 139.393431582301787, 36.227624135045858 ], [ 139.393273799846042, 36.228036359990085 ], [ 139.390074643330195, 36.229214415213164 ], [ 139.389867418846393, 36.230236053151373 ], [ 139.390201025057308, 36.230878559398036 ], [ 139.379338561025861, 36.241181891531141 ], [ 139.376672995662261, 36.244504946745963 ], [ 139.371923838714224, 36.245514945658272 ], [ 139.367817445218975, 36.246808838057461 ], [ 139.36238827489899, 36.251489386625963 ], [ 139.359289390093295, 36.253229108036976 ], [ 139.357978559862659, 36.253297441223992 ], [ 139.355000195003072, 36.251916332572762 ], [ 139.354615745620208, 36.252037440675394 ], [ 139.353841854717871, 36.251476081156284 ], [ 139.351834915948643, 36.253155252113231 ], [ 139.350995472563113, 36.254373586172107 ], [ 139.347401582017483, 36.25370691873934 ], [ 139.346289339181681, 36.251987468047275 ], [ 139.346859053402682, 36.251467197653085 ], [ 139.34586128347155, 36.248982467966584 ], [ 139.345196251905577, 36.248228863970951 ], [ 139.343434578043457, 36.246996917773572 ], [ 139.339481218583387, 36.245987748036214 ], [ 139.340248716205338, 36.24386413482199 ], [ 139.336574526992877, 36.243031639598541 ], [ 139.33307036270719, 36.242781359172454 ], [ 139.327979779943007, 36.240539171245814 ], [ 139.327973281441814, 36.237357639643392 ], [ 139.322266226005581, 36.236594775328683 ], [ 139.315148716140357, 36.236614027115706 ], [ 139.30837658910832, 36.237631135168783 ], [ 139.301442503169028, 36.239786748060055 ], [ 139.297025473047256, 36.24186989178213 ], [ 139.298482087878142, 36.243275026721165 ], [ 139.292577223859894, 36.243917441236988 ], [ 139.286841336158773, 36.245009747901577 ], [ 139.277688274694242, 36.247970585873873 ], [ 139.266972697831761, 36.250557802300762 ], [ 139.267363501824207, 36.244616693805426 ], [ 139.267010725664477, 36.242621973225539 ], [ 139.261692943574531, 36.242703360072085 ], [ 139.259179610950355, 36.244490865161367 ], [ 139.254217639332637, 36.245832532245629 ], [ 139.244066782755908, 36.244433919190044 ], [ 139.237473994929019, 36.24620474815066 ], [ 139.235295382775803, 36.247563639950101 ], [ 139.233486783188596, 36.248910586054762 ], [ 139.231181505122436, 36.252476135365384 ], [ 139.229905109932929, 36.253153639628806 ], [ 139.22400403385916, 36.258301693568342 ], [ 139.211634527311617, 36.256247559277483 ], [ 139.211973165229438, 36.260173386892347 ], [ 139.211567885749446, 36.260173386892347 ], [ 139.210854837580769, 36.261484773803318 ], [ 139.210101219195963, 36.261306720628681 ], [ 139.208253449637027, 36.262464505132868 ], [ 139.205242335065805, 36.263148107699067 ], [ 139.20451313867045, 36.26258117058461 ], [ 139.203605641787021, 36.262405891818503 ], [ 139.201505642071766, 36.262638666940973 ], [ 139.198001751179959, 36.26224755897772 ], [ 139.195390921254102, 36.263194224933613 ], [ 139.187755083530305, 36.266441720908745 ], [ 139.182466445769933, 36.268196999691838 ], [ 139.171902554859116, 36.273398946404313 ], [ 139.168495332093926, 36.275415053761776 ], [ 139.163903385632807, 36.278911721298925 ], [ 139.158480051912875, 36.27780089129817 ], [ 139.150303645197141, 36.278587279179646 ], [ 139.135664721050148, 36.278443107963142 ], [ 139.134204720271669, 36.278912839156249 ], [ 139.131416667245503, 36.281156721405637 ], [ 139.130745005877429, 36.281782558718135 ], [ 139.130313890673619, 36.283190054377542 ], [ 139.129663891275641, 36.283397558550519 ], [ 139.127930000169385, 36.280740613188811 ], [ 139.126919415798511, 36.27841033217112 ], [ 139.124532749087166, 36.276195891926932 ], [ 139.118263527439922, 36.269174224610822 ], [ 139.113330467227343, 36.266783386843883 ], [ 139.110999339048362, 36.264188667373162 ], [ 139.107803501930107, 36.261705333434463 ], [ 139.107721803018876, 36.26099561185805 ], [ 139.108257912272848, 36.260318387283803 ], [ 139.109904578133865, 36.258915053686849 ], [ 139.111195135846856, 36.258497000236446 ], [ 139.108604864423, 36.25478755939838 ], [ 139.107474279914186, 36.252617559153066 ], [ 139.103573138689512, 36.24793505365983 ], [ 139.096086977831874, 36.237652837608437 ], [ 139.090785524732269, 36.231143640866378 ], [ 139.088981919979688, 36.228432801832412 ], [ 139.085722697744359, 36.222171414179456 ], [ 139.083458248899092, 36.218886413777 ], [ 139.081912386247723, 36.215223919348432 ], [ 139.080741283683324, 36.213592801866355 ], [ 139.073582607351568, 36.205296386918747 ], [ 139.065315641603661, 36.198690000443207 ], [ 139.063418663840366, 36.196285530752675 ], [ 139.063511439701301, 36.194245252316591 ], [ 139.0646825539568, 36.188568027392591 ], [ 139.064528080106925, 36.187219973323181 ], [ 139.064227808166834, 36.186620532012 ], [ 139.063049467858718, 36.185810504551171 ], [ 139.05980002485137, 36.184775505385289 ], [ 139.057682776139245, 36.183722720327353 ], [ 139.056698612051377, 36.182414945993003 ], [ 139.056385836836967, 36.180519667049055 ], [ 139.057804967924994, 36.17340213470078 ], [ 139.057465810199005, 36.16982436000626 ], [ 139.058346641284515, 36.16867325206897 ], [ 139.058275810680129, 36.167154360085704 ], [ 139.059412477304022, 36.166458532135607 ], [ 139.059384136968447, 36.165649639619232 ], [ 139.058361336206758, 36.165176026952111 ], [ 139.058332724275829, 36.164735747656664 ], [ 139.062083864878559, 36.16250713499636 ], [ 139.062978859386931, 36.16128630621813 ], [ 139.063764669004286, 36.159079919402814 ], [ 139.063636056958558, 36.158572387006132 ], [ 139.06214411226108, 36.157252387287883 ], [ 139.0614196633868, 36.155477666960792 ], [ 139.062158559869658, 36.152936558775195 ], [ 139.061754642862525, 36.15251877512145 ], [ 139.060561309956597, 36.152263225567481 ], [ 139.056028520899531, 36.152589612920337 ], [ 139.048177665167145, 36.15228625180913 ], [ 139.047183217331735, 36.151562639304416 ], [ 139.047396550010831, 36.149972360036429 ], [ 139.04677124509692, 36.149007080812169 ], [ 139.04272208715463, 36.148027360274511 ], [ 139.041095667730929, 36.139559558826647 ], [ 139.041522048903516, 36.138920666955244 ], [ 139.041707056535529, 36.137685666660218 ], [ 139.041223994691677, 36.136876224658067 ], [ 139.041010921017232, 36.135541774633225 ], [ 139.041580077658523, 36.133428134900555 ], [ 139.043029247901586, 36.131682027403713 ], [ 139.043199805226891, 36.130915358956713 ], [ 139.042404254153098, 36.128459531682097 ], [ 139.04126341107758, 36.127624801643321 ], [ 139.036830610444326, 36.12619061320629 ], [ 139.032291997377797, 36.127187838148245 ], [ 139.031197833613192, 36.127726999701338 ], [ 139.028526693352319, 36.129955919030465 ], [ 139.02604975359327, 36.130147559162594 ], [ 139.025751414296451, 36.130828945799237 ], [ 139.026575330886885, 36.132972864805936 ], [ 139.026077834024932, 36.133568973229558 ], [ 139.024710310532441, 36.134099531867946 ], [ 139.023758638050822, 36.133900918392726 ], [ 139.021584747338238, 36.131643387132669 ], [ 139.019856135252553, 36.131045332576093 ], [ 139.016730271684764, 36.132294775083835 ], [ 139.015408611818089, 36.134112027048445 ], [ 139.010166109278543, 36.131996441182878 ], [ 139.006589974048097, 36.133227559104625 ], [ 139.004856641420929, 36.133412027143379 ], [ 139.003748585828589, 36.132134225414234 ], [ 139.004856641420929, 36.131140613948219 ], [ 139.006561633712522, 36.130232000106787 ], [ 139.006789144203708, 36.129749225146668 ], [ 139.006433865230747, 36.129238386842133 ], [ 139.001385226846764, 36.125026171021034 ], [ 138.996827418650469, 36.125665053899183 ], [ 138.993539079065272, 36.124878387227852 ], [ 138.991102115070589, 36.121820026772866 ], [ 138.989296004806874, 36.117916693900384 ], [ 138.987173747770271, 36.117468360276632 ], [ 138.986179299934861, 36.116059467970103 ], [ 138.985326524099833, 36.115488640388492 ], [ 138.984382632552524, 36.115629198129056 ], [ 138.981771802626668, 36.117077532901874 ], [ 138.979053449756975, 36.116002252202236 ], [ 138.977604552008529, 36.116432531935857 ], [ 138.974088443826645, 36.119598945934683 ], [ 138.973782606881855, 36.121306441039451 ], [ 138.971180661358517, 36.122838107892392 ], [ 138.969730389445999, 36.124445919443701 ], [ 138.966945383322809, 36.124305639593672 ], [ 138.965138975383525, 36.125664802088977 ], [ 138.964244525864274, 36.125904802364801 ], [ 138.962189247635706, 36.125416197999186 ], [ 138.959892865663278, 36.124065640217168 ], [ 138.95845228304654, 36.124090359882246 ], [ 138.958260894724617, 36.123276747723764 ], [ 138.958616718686699, 36.12244925093222 ], [ 138.958658663966276, 36.120592586178986 ], [ 138.958185616073365, 36.118744251845783 ], [ 138.95720033682619, 36.117867586420004 ], [ 138.956263916846297, 36.112148386538877 ], [ 138.956429467645876, 36.111445053746309 ], [ 138.958012528955123, 36.109894225937808 ], [ 138.957905032091617, 36.10764089181373 ], [ 138.956876134825848, 36.106735892347615 ], [ 138.956553359150234, 36.105702000247163 ], [ 138.954988637715473, 36.105602558611224 ], [ 138.9543658625945, 36.104622559283712 ], [ 138.95111833963972, 36.102676440765208 ], [ 138.950289170109158, 36.100837277718256 ], [ 138.950331115388735, 36.099395053838691 ], [ 138.948507497123387, 36.098448946361827 ], [ 138.946982218154858, 36.096824505446648 ], [ 138.946377755928779, 36.09655977471391 ], [ 138.94506858584657, 36.094596170676766 ], [ 138.938103865401104, 36.092893387120171 ], [ 138.937273554630906, 36.091831170871899 ], [ 138.934193553789555, 36.090449801417265 ], [ 138.931490506481737, 36.088103134751918 ], [ 138.929069947919857, 36.088687305574751 ], [ 138.928366328243555, 36.089200359808785 ], [ 138.925846303763933, 36.089325080488152 ], [ 138.924834916298437, 36.090758440649552 ], [ 138.922719637101636, 36.090898721398901 ], [ 138.920936589052417, 36.091430666791894 ], [ 138.919446588689198, 36.092456224874923 ], [ 138.916314086326111, 36.093749027295814 ], [ 138.914175188234367, 36.092706251692221 ], [ 138.913496031017075, 36.091845972813474 ], [ 138.910744915845271, 36.090751801854196 ], [ 138.907769078979868, 36.092049585619918 ], [ 138.902463501589409, 36.09162489157552 ], [ 138.90088905308744, 36.090687946391654 ], [ 138.899779883235055, 36.090877946160333 ], [ 138.897858781157879, 36.090654613020035 ], [ 138.897474890254102, 36.089709054129571 ], [ 138.894835446598677, 36.087518505274829 ], [ 138.892376278342681, 36.087832413635056 ], [ 138.891520168720831, 36.087558802097078 ], [ 138.886712944346982, 36.084177973534679 ], [ 138.885773774240306, 36.084081306307269 ], [ 138.884851828848923, 36.08354102689691 ], [ 138.881586278084342, 36.083534080533468 ], [ 138.877779338145956, 36.082581891840903 ], [ 138.873422387233404, 36.080826890948288 ], [ 138.872369611168665, 36.080155775468711 ], [ 138.871842672301568, 36.079389667299381 ], [ 138.867999856608208, 36.078790504777999 ], [ 138.867405694317426, 36.078003838106667 ], [ 138.86480625160732, 36.077346919324896 ], [ 138.864158754123309, 36.076828586070462 ], [ 138.86399180307933, 36.074889135125545 ], [ 138.862067367215332, 36.07321386632691 ], [ 138.861748196022518, 36.071690252902897 ], [ 138.859177367041866, 36.069919414049764 ], [ 138.854711777126909, 36.068514693698205 ], [ 138.853583994905534, 36.069132197892657 ], [ 138.850763995262241, 36.069264694110416 ], [ 138.848900947121024, 36.06739191800267 ], [ 138.84603705606537, 36.06662500044348 ], [ 138.844988443861666, 36.062305559354115 ], [ 138.845261192949806, 36.061118332844842 ], [ 138.843855357438883, 36.059486387986453 ], [ 138.843715358177292, 36.057636945688557 ], [ 138.842939247748177, 36.055957774731553 ], [ 138.840908145994263, 36.054505838173952 ], [ 138.838966445844903, 36.051198612825772 ], [ 138.837611440015962, 36.049950558871274 ], [ 138.836101439629829, 36.049593332866095 ], [ 138.834628949066769, 36.050175838144469 ], [ 138.833820609633449, 36.048421667326124 ], [ 138.83209058381351, 36.047642504597945 ], [ 138.8319991956065, 36.047163333221306 ], [ 138.832483646003539, 36.046720837996304 ], [ 138.831801140610196, 36.044781107362269 ], [ 138.829115005952872, 36.041617504644194 ], [ 138.828959168730762, 36.038703333392164 ], [ 138.828394720040365, 36.037302532286105 ], [ 138.825712750143339, 36.037457532239387 ], [ 138.824784423162669, 36.036839467767265 ], [ 138.823209688676229, 36.036392530790692 ], [ 138.82160466862058, 36.036740586408996 ], [ 138.818129636973254, 36.03561891867821 ], [ 138.815796861236208, 36.035425864811884 ], [ 138.813580726669215, 36.033486721435111 ], [ 138.810565966246372, 36.033522838208455 ], [ 138.808681802922933, 36.033051721160064 ], [ 138.806073164644886, 36.034116720810061 ], [ 138.804774280108973, 36.033489225147662 ], [ 138.802569805252347, 36.033538667175776 ], [ 138.800892826842528, 36.032219531706062 ], [ 138.799600051401285, 36.032098413710855 ], [ 138.797111970840888, 36.031018134579313 ], [ 138.795871412735551, 36.031110081265297 ], [ 138.794812529374781, 36.03030730593747 ], [ 138.791875006326563, 36.029943972636261 ], [ 138.790975525100521, 36.029399801859427 ], [ 138.787867470807214, 36.030515640184717 ], [ 138.787632191972193, 36.031835918692764 ], [ 138.7866749679755, 36.03314425240535 ], [ 138.784463021551232, 36.033652585198695 ], [ 138.783451089096502, 36.033527333020061 ], [ 138.78207525227117, 36.034080387300094 ], [ 138.781179144402017, 36.035288720897825 ], [ 138.780556913370901, 36.03689510792293 ], [ 138.776412165589022, 36.037144558274804 ], [ 138.774960220038224, 36.038230108332868 ], [ 138.773547716953658, 36.038793170268661 ], [ 138.770426030736758, 36.038257053820018 ], [ 138.769063255664832, 36.038795945576453 ], [ 138.765510169159029, 36.037637332796749 ], [ 138.764181284138999, 36.036672053572488 ], [ 138.761073747855221, 36.035824000976902 ], [ 138.759797885963735, 36.034852919326795 ], [ 138.754411193321971, 36.034525972595588 ], [ 138.7529461608367, 36.030503198064196 ], [ 138.75284975441275, 36.029094026967812 ], [ 138.7535847469386, 36.028376531651645 ], [ 138.752896135148603, 36.026586252153891 ], [ 138.750655280017213, 36.025052640067315 ], [ 138.750646938805289, 36.023808197790174 ], [ 138.749410803565752, 36.022090134751977 ], [ 138.749651051155183, 36.020333505187182 ], [ 138.748724111828324, 36.019336836925561 ], [ 138.748492724359835, 36.01863489178686 ], [ 138.749184916350828, 36.016721837742693 ], [ 138.747060725771917, 36.014772387235951 ], [ 138.744756809279352, 36.013679054444879 ], [ 138.743769830313454, 36.010099892096378 ], [ 138.74289483762675, 36.009860170610409 ], [ 138.742140116673113, 36.008942387281422 ], [ 138.740837588084332, 36.008631558199909 ], [ 138.74021535615384, 36.00785433261143 ], [ 138.736685887643716, 36.006466026685814 ], [ 138.736510893962645, 36.005941307345495 ], [ 138.737370856280108, 36.004297972573454 ], [ 138.735918910729197, 36.003172414375456 ], [ 138.735698340306271, 36.001621306877837 ], [ 138.732168029131344, 35.998332135419787 ], [ 138.729916886655019, 35.998097972643393 ], [ 138.728704112205037, 35.996953251691252 ], [ 138.727692697759835, 35.996502134665832 ], [ 138.727761309736707, 35.995714081239896 ], [ 138.726585473141085, 35.994768559221654 ], [ 138.725894330658889, 35.994454667049297 ], [ 138.724728781408203, 35.994683000420196 ], [ 138.722791556285415, 35.994460224859552 ], [ 138.722157664644556, 35.993849387339424 ], [ 138.719541555698356, 35.993780224977456 ], [ 138.716809026815213, 35.992904386927989 ], [ 138.715700973021512, 35.991596612593639 ], [ 138.714475939912745, 35.989096053939761 ], [ 138.714474527077869, 35.9867171708608 ], [ 138.712550051643689, 35.985333000017988 ], [ 138.707702283133926, 35.986446614319846 ], [ 138.706321750948064, 35.987153837579569 ], [ 138.701167030334204, 35.988010504781016 ], [ 138.698229534265693, 35.989635225385371 ], [ 138.697030117446047, 35.991178559143236 ], [ 138.69561510974961, 35.991247440916709 ], [ 138.694355382594949, 35.990867999858381 ], [ 138.693314279730316, 35.991215774888133 ], [ 138.690803449919372, 35.99080189159406 ], [ 138.688695382386072, 35.991774666667595 ], [ 138.686426251670241, 35.994902999773672 ], [ 138.687082087668273, 35.995972441175297 ], [ 138.68648544684595, 35.997459107751695 ], [ 138.687166861361675, 35.999818277691418 ], [ 138.68570880761547, 36.000938838356774 ], [ 138.684863256034532, 36.002163278812304 ], [ 138.681054111857861, 36.004301613029043 ], [ 138.681240246340394, 36.00610272126363 ], [ 138.679854136559243, 36.009109386888724 ], [ 138.680139170386497, 36.010023838229586 ], [ 138.680861673127765, 36.010666332785092 ], [ 138.679583605199241, 36.011714387409086 ], [ 138.675691114553388, 36.011482440562247 ], [ 138.670473332578354, 36.012225505402796 ], [ 138.668492217841617, 36.011481891975791 ], [ 138.665654163408931, 36.011422441392597 ], [ 138.664023606204523, 36.011789386371163 ], [ 138.661988053705727, 36.011504386718116 ], [ 138.66169641975398, 36.012014667442998 ], [ 138.662028365816468, 36.014141054166373 ], [ 138.661431699813193, 36.015075224941711 ], [ 138.66133199737385, 36.016426585818351 ], [ 138.656803670752879, 36.016743800985694 ], [ 138.655629780290155, 36.017889918584899 ], [ 138.65368758821171, 36.018789639929992 ], [ 138.650199533481782, 36.018531027285121 ], [ 138.648047029546888, 36.01970297341353 ], [ 138.646037587964429, 36.019927972098287 ], [ 138.646157028723906, 36.021392134939106 ], [ 138.645108171005404, 36.023982134767778 ], [ 138.643577886410412, 36.024157414433205 ], [ 138.641893476003133, 36.025846864641153 ], [ 138.639380414974198, 36.026151305838141 ], [ 138.636133747274698, 36.027699081347578 ], [ 138.63467069959313, 36.027603801774092 ], [ 138.632588469582288, 36.026947695080139 ], [ 138.631965135982341, 36.027053801591705 ], [ 138.631487911637919, 36.028278802324905 ], [ 138.633068494415511, 36.031451305633311 ], [ 138.635270752443375, 36.034802972779005 ], [ 138.635677418678029, 36.036954332776304 ], [ 138.637049637530822, 36.037332108290229 ], [ 138.638356885761709, 36.040100440982599 ], [ 138.638164669164212, 36.041173774650019 ], [ 138.63869024555845, 36.042628775197841 ], [ 138.641531362182718, 36.044754053956467 ], [ 138.642208611937917, 36.047482945981244 ], [ 138.643063606400347, 36.048814892293478 ], [ 138.644191115227841, 36.049689332796504 ], [ 138.643772217313995, 36.050794864891145 ], [ 138.64306916960652, 36.051477360391914 ], [ 138.642419196288984, 36.053524026712523 ], [ 138.642306420405021, 36.055292919432759 ], [ 138.642949753128619, 36.055783198335973 ], [ 138.642975888326646, 36.056889306896039 ], [ 138.641795331189655, 36.059539305894305 ], [ 138.642803410948773, 36.060955694050108 ], [ 138.642505084242316, 36.062161801825766 ], [ 138.642465356690877, 36.065175135024504 ], [ 138.643049558990015, 36.067148720637022 ], [ 138.642815382723825, 36.068742333691773 ], [ 138.642165383325846, 36.06964344089215 ], [ 138.640572917806026, 36.070841505131398 ], [ 138.640671530267014, 36.072813721076443 ], [ 138.640273475940262, 36.07491399958144 ], [ 138.638947108122579, 36.075470386748975 ], [ 138.634869610743976, 36.079622053914704 ], [ 138.632939921939965, 36.080045945763857 ], [ 138.633231310376686, 36.081449559049986 ], [ 138.632541310932766, 36.08426286503925 ], [ 138.630339390150766, 36.08636313365173 ], [ 138.630881607600145, 36.089942305892748 ], [ 138.63053302228127, 36.091180918764451 ], [ 138.632136912788383, 36.092016747774721 ], [ 138.633624695423464, 36.092040079785932 ], [ 138.635101089044042, 36.092587026769934 ], [ 138.634891920225982, 36.094329251893498 ], [ 138.635868300681636, 36.095567585975346 ], [ 138.636825253082975, 36.096192026640779 ], [ 138.637282502585435, 36.097120919295037 ], [ 138.638669688855089, 36.096199802179171 ], [ 138.64138138764099, 36.097693693908923 ], [ 138.645183061149396, 36.098806747933111 ], [ 138.645469729044862, 36.10059480160885 ], [ 138.64498114176638, 36.103412586221907 ], [ 138.647316420316656, 36.105633972829651 ], [ 138.647595304579681, 36.106586468190983 ], [ 138.646409754406704, 36.107406747923108 ], [ 138.646206161385294, 36.109936198197033 ], [ 138.642262282578372, 36.111995359698142 ], [ 138.642793385306504, 36.113333415105103 ], [ 138.642584228179658, 36.114007028001993 ], [ 138.642049779973377, 36.114463972634269 ], [ 138.641645330567599, 36.116080081330722 ], [ 138.640986719261718, 36.116235081284003 ], [ 138.640165641831004, 36.117225919240809 ], [ 138.644214812363771, 36.119546748383755 ], [ 138.645098146262512, 36.119632027496152 ], [ 138.645377029626275, 36.120196748681053 ], [ 138.64449369662691, 36.121358134970023 ], [ 138.640939532733341, 36.121472026912556 ], [ 138.641163969341733, 36.122222864593596 ], [ 138.640792310117035, 36.122586467691406 ], [ 138.639994254431372, 36.122656198424863 ], [ 138.639598975412468, 36.123763414050359 ], [ 138.638614812223864, 36.123848414372901 ], [ 138.637932866208871, 36.123500080864119 ], [ 138.637568690242915, 36.123833134891299 ], [ 138.637336200205596, 36.124343973195835 ], [ 138.637713449616058, 36.125348414297946 ], [ 138.637341505306267, 36.126858134994961 ], [ 138.637597328254174, 36.127864252433369 ], [ 138.636674552788463, 36.12977508065552 ], [ 138.636511504802115, 36.131106748177956 ], [ 138.634323722262025, 36.133947026634019 ], [ 138.631070661282024, 36.132554251077863 ], [ 138.629575110303108, 36.133398135315758 ], [ 138.62737428039884, 36.132716747779739 ], [ 138.626258443872189, 36.132770919342533 ], [ 138.624679559014453, 36.131885640210157 ], [ 138.622478715620332, 36.131932027241305 ], [ 138.621653164961685, 36.132327864739239 ], [ 138.620623995201299, 36.13400980201078 ], [ 138.616598716057979, 36.13311397293154 ], [ 138.615167885689402, 36.134095082022498 ], [ 138.614114279550449, 36.134315082275293 ], [ 138.613290946619941, 36.13412369395337 ], [ 138.612307055925953, 36.133386748100008 ], [ 138.609702049110297, 36.135329252243253 ], [ 138.607237612625795, 36.136090666850862 ], [ 138.604471751270353, 36.136228999668674 ], [ 138.600767587654104, 36.135512332628082 ], [ 138.599472581894247, 36.137324278592644 ], [ 138.598122309197265, 36.138008722024949 ], [ 138.597002866389289, 36.13990622499233 ], [ 138.595898443158717, 36.140936775212083 ], [ 138.595717886271473, 36.142284558585573 ], [ 138.594297613044432, 36.144194279742294 ], [ 138.595446782942759, 36.145110667323479 ], [ 138.595486782988701, 36.146536224966837 ], [ 138.594937612880585, 36.14834900010635 ], [ 138.593651219028629, 36.149403721404667 ], [ 138.593176225902198, 36.150256505333516 ], [ 138.593240972592866, 36.15322677539541 ], [ 138.590645136164198, 36.154756505108651 ], [ 138.590622087439442, 36.155755413581517 ], [ 138.589755135591076, 36.157558467949002 ], [ 138.587615694308965, 36.159320134616564 ], [ 138.587555965835236, 36.160775414853561 ], [ 138.586380416123347, 36.160973747740343 ], [ 138.583936808836711, 36.160349027385735 ], [ 138.583254577736625, 36.160647918866403 ], [ 138.58242457813185, 36.161594585721616 ], [ 138.580654034256327, 36.161942359852105 ], [ 138.580073190925077, 36.162780134995273 ], [ 138.580068470383708, 36.163726802749807 ], [ 138.580852360847871, 36.164890135171675 ], [ 138.580239301102893, 36.165585694224433 ], [ 138.580174577794537, 36.166577080767695 ], [ 138.579625966165509, 36.166659586370884 ], [ 138.578666807727018, 36.16768819765224 ], [ 138.577274864043829, 36.168073198319519 ], [ 138.579321802858999, 36.170318198426173 ], [ 138.579768781204393, 36.172979865228626 ], [ 138.580629882962739, 36.174477359642481 ], [ 138.580583217141793, 36.17574180194265 ], [ 138.58162433169764, 36.176093748028109 ], [ 138.581330441346836, 36.177439332559175 ], [ 138.583389610941822, 36.178831278940436 ], [ 138.583713500877479, 36.177447919286124 ], [ 138.584230726167107, 36.177171532440298 ], [ 138.587337665301106, 36.176887359264299 ], [ 138.588272140047252, 36.179039864997833 ], [ 138.589416860999449, 36.178961251660496 ], [ 138.590581581974448, 36.17793791939954 ], [ 138.588776278402634, 36.175246531802031 ], [ 138.588829610897847, 36.174777919365511 ], [ 138.588165447177744, 36.173521533192229 ], [ 138.588292387383831, 36.172638747879944 ], [ 138.58903321740911, 36.170542919220395 ], [ 138.589467107920768, 36.170339864892924 ], [ 138.589805447263643, 36.169513467972195 ], [ 138.591296550195693, 36.168898197693693 ], [ 138.592660168831799, 36.166985414345447 ], [ 138.593503774279839, 36.166720135026253 ], [ 138.594490999660024, 36.165629865326082 ], [ 138.596479052666268, 36.165924305162605 ], [ 138.597273502070493, 36.165486802074327 ], [ 138.598832942686272, 36.165688467848554 ], [ 138.601864059978425, 36.1648287483481 ], [ 138.602792386959209, 36.164847359817827 ], [ 138.604839339264117, 36.16419764010908 ], [ 138.607719610571621, 36.161672333011836 ], [ 138.60954405981056, 36.161412332713041 ], [ 138.609789339106783, 36.161547613231789 ], [ 138.608572943986246, 36.163651224624346 ], [ 138.608752970273372, 36.164749559444658 ], [ 138.608452139854421, 36.165386251574319 ], [ 138.609939637404409, 36.165956802164715 ], [ 138.612787133819211, 36.168564306397684 ], [ 138.617266588582311, 36.169347080803163 ], [ 138.618771893608027, 36.17039874800389 ], [ 138.621440778369333, 36.171229585776814 ], [ 138.621859947878306, 36.171222359724197 ], [ 138.62247021972496, 36.17037097334179 ], [ 138.622859948128166, 36.170295414102156 ], [ 138.62356744478177, 36.170788197617298 ], [ 138.625010505930163, 36.170629279317836 ], [ 138.626268832840424, 36.171203170889669 ], [ 138.627757444650456, 36.171215666070168 ], [ 138.630908301277145, 36.172781775158853 ], [ 138.635901361558695, 36.170932613449395 ], [ 138.63634274971821, 36.17206677456204 ], [ 138.636347197765076, 36.173125666916064 ], [ 138.63699496774359, 36.174384558600536 ], [ 138.637069143826011, 36.174980107645922 ], [ 138.636019688957504, 36.175885946179505 ], [ 138.635748585628789, 36.177517918916863 ], [ 138.634283865208317, 36.179137080811699 ], [ 138.632351920005135, 36.180531252115657 ], [ 138.631061672558189, 36.182673198009752 ], [ 138.629454449163518, 36.183311251712951 ], [ 138.629788339560264, 36.185367360015732 ], [ 138.62785778201112, 36.188829026838164 ], [ 138.627205552294413, 36.191584865249411 ], [ 138.62419333335572, 36.194169025779956 ], [ 138.622797250093072, 36.19692791918817 ], [ 138.626863916936259, 36.201025972370758 ], [ 138.629096445244841, 36.201874026764983 ], [ 138.629395888009867, 36.20281708104352 ], [ 138.630413112974793, 36.203504306078912 ], [ 138.631531439724199, 36.203925973005312 ], [ 138.632455887928927, 36.203892081154663 ], [ 138.634802827088834, 36.205597080640814 ], [ 138.636707003925153, 36.204270414248299 ], [ 138.635721167098268, 36.206159864686072 ], [ 138.636047004066086, 36.206676251807608 ], [ 138.634705641851951, 36.208034026649045 ], [ 138.634443411234543, 36.208713198255566 ], [ 138.63502702987364, 36.211804865102522 ], [ 138.634585641714011, 36.212730414077384 ], [ 138.63466119285988, 36.213674865003043 ], [ 138.633663411237535, 36.21435402671699 ], [ 138.633030920740453, 36.216315720594082 ], [ 138.631442022831152, 36.217302667184413 ], [ 138.628816744397341, 36.215810440999121 ], [ 138.627232022939552, 36.216060721425208 ], [ 138.624506200300971, 36.21475266740174 ], [ 138.62317481066907, 36.214430720901078 ], [ 138.622244526763552, 36.214585720854359 ], [ 138.621133410778384, 36.215811837646243 ], [ 138.620867588268652, 36.216775721122701 ], [ 138.620322866207403, 36.216977946275279 ], [ 138.619403968618371, 36.218157107664467 ], [ 138.617875356762397, 36.219365720951316 ], [ 138.617527030448173, 36.221785441345105 ], [ 138.614735084256836, 36.224224053797116 ], [ 138.6145642544368, 36.224599332793048 ], [ 138.614984254020214, 36.225512667175906 ], [ 138.614613695565708, 36.226534612682258 ], [ 138.614593995016889, 36.228017666682035 ], [ 138.611762334763966, 36.229502972584157 ], [ 138.61216900099862, 36.232087694291693 ], [ 138.6120931908481, 36.237904639687429 ], [ 138.612575694212978, 36.23997019806626 ], [ 138.612496809280401, 36.240917972886166 ], [ 138.611473191034975, 36.24170325190363 ], [ 138.61127958588429, 36.242834640406386 ], [ 138.610239299604018, 36.244043251894595 ], [ 138.607663748283471, 36.244756586047686 ], [ 138.607305965597902, 36.246276585995702 ], [ 138.603030700106842, 36.247804640271966 ], [ 138.602118470091341, 36.249052973016319 ], [ 138.603096251690772, 36.25069853181185 ], [ 138.60331600462996, 36.25230102657116 ], [ 138.604754331747131, 36.254129081192218 ], [ 138.604610726204101, 36.255957413703754 ], [ 138.604983502386744, 36.256511305252559 ], [ 138.604771283967693, 36.257460775294589 ], [ 138.604985746195325, 36.259105504915169 ], [ 138.604306860573274, 36.259931332564975 ], [ 138.604357977138989, 36.261513559303353 ], [ 138.603732969001385, 36.262830225234779 ], [ 138.604312139593617, 36.264375225436368 ], [ 138.605952165759959, 36.266794667040301 ], [ 138.603812996072975, 36.269549386694905 ], [ 138.603893281249952, 36.270731333284459 ], [ 138.6045527244288, 36.271773559402277 ], [ 138.603618003268252, 36.272350505071813 ], [ 138.603078832721962, 36.273295224894753 ], [ 138.603641633854409, 36.274854946098912 ], [ 138.601363865150347, 36.276845224927229 ], [ 138.600335524564912, 36.278399945900844 ], [ 138.607178859017154, 36.279595504628901 ], [ 138.60970778228841, 36.281628837600806 ], [ 138.611164720875195, 36.282080225322204 ], [ 138.611457223572074, 36.28337355924242 ], [ 138.612374449321464, 36.283838838791439 ], [ 138.612508910557835, 36.285655224708933 ], [ 138.614599754275332, 36.285523559464764 ], [ 138.615375031932217, 36.286122170701674 ], [ 138.616337523258153, 36.285909667197416 ], [ 138.619629195730909, 36.286831054109939 ], [ 138.620925304958973, 36.286561054249319 ], [ 138.624550894808067, 36.288153278750883 ], [ 138.626091997347885, 36.288141585765629 ], [ 138.626974501172299, 36.288821585647725 ], [ 138.628935615886007, 36.288362134604881 ], [ 138.630855616293729, 36.288508531643458 ], [ 138.631898664391883, 36.289131865243462 ], [ 138.632932023194371, 36.29083991882726 ], [ 138.633958690141526, 36.291254359700986 ], [ 138.634281480206255, 36.291749639734121 ], [ 138.635763410952677, 36.2919551977742 ], [ 138.637508417679442, 36.293458532385387 ], [ 138.638366471635436, 36.293281026897944 ], [ 138.639998690787024, 36.293573802089327 ], [ 138.641188974991223, 36.292693532180806 ], [ 138.642711504732233, 36.29363963875835 ], [ 138.643662048564806, 36.293710467564097 ], [ 138.644504279848661, 36.293255720874868 ], [ 138.644959273851441, 36.293621558787947 ], [ 138.644886226418294, 36.294536558715265 ], [ 138.646241777236241, 36.296861000434888 ], [ 138.646299273592717, 36.29748294638091 ], [ 138.647027887227296, 36.297648225585192 ], [ 138.648073994819015, 36.298452946146597 ], [ 138.649997639279718, 36.298532667448683 ], [ 138.651132918249687, 36.299023775526848 ], [ 138.651169584508807, 36.299353225071343 ], [ 138.650018196882343, 36.300732946068649 ], [ 138.650122633352908, 36.301480172072331 ], [ 138.653530699682165, 36.303114892238511 ], [ 138.652971284497198, 36.304733775343493 ], [ 138.653280169244454, 36.305376838270547 ], [ 138.653007950756432, 36.306014613183891 ], [ 138.653750999409112, 36.307167946043933 ], [ 138.65324350208607, 36.307878775585095 ], [ 138.652396277766115, 36.307680171103073 ], [ 138.651227107844761, 36.308012386962162 ], [ 138.65049461723288, 36.310097666574109 ], [ 138.650315719594801, 36.311852947155842 ], [ 138.649142697877323, 36.312792414038711 ], [ 138.647892141109537, 36.314475747957431 ], [ 138.647828807253745, 36.315577135076751 ], [ 138.649692698059653, 36.319552973091277 ], [ 138.651209662795736, 36.320096586288457 ], [ 138.65186883258059, 36.321236306110677 ], [ 138.65191800301352, 36.322223251801688 ], [ 138.653305772043836, 36.324260171269941 ], [ 138.652923838964057, 36.325044053640227 ], [ 138.652960532202883, 36.326162668172628 ], [ 138.651536083423593, 36.327207693880041 ], [ 138.652556082796991, 36.328279360204363 ], [ 138.653157756225482, 36.330003251748735 ], [ 138.652754967867509, 36.330442413186859 ], [ 138.651510245901136, 36.330609640322677 ], [ 138.65132496757326, 36.331528530717151 ], [ 138.650482749779144, 36.332260468246091 ], [ 138.650425278603734, 36.334057694107344 ], [ 138.651199171304825, 36.335270467658006 ], [ 138.650482775859473, 36.335814080855187 ], [ 138.649650271642827, 36.338442693975196 ], [ 138.649943891297653, 36.339511863781524 ], [ 138.649739195707411, 36.341592694447343 ], [ 138.650481699370971, 36.342384359550579 ], [ 138.650508637663506, 36.343119639859538 ], [ 138.651042529189453, 36.343712413597075 ], [ 138.65010807962426, 36.345719918939153 ], [ 138.650179196213003, 36.346834919096295 ], [ 138.651278391684514, 36.349648252065208 ], [ 138.650214228404025, 36.351162413614531 ], [ 138.650080609832344, 36.352483253299567 ], [ 138.651069779546788, 36.354749080805504 ], [ 138.653983410306182, 36.357093224872472 ], [ 138.654010078802116, 36.35807266662033 ], [ 138.652220920758964, 36.359229891746168 ], [ 138.65225150490312, 36.362412107732609 ], [ 138.654192049423614, 36.365118225325887 ], [ 138.656785965799713, 36.367864027303085 ], [ 138.657163476013693, 36.368901531980157 ], [ 138.655228470417683, 36.370418467938009 ], [ 138.653670699843019, 36.372246802248185 ], [ 138.651490414950786, 36.373007667370018 ], [ 138.650952114048891, 36.376474865023056 ], [ 138.649558780913026, 36.379237639905227 ], [ 138.650341828712499, 36.381849306200593 ], [ 138.651334332213764, 36.383015974207922 ], [ 138.652157691224488, 36.385371802266889 ], [ 138.651637133946679, 36.387320134916365 ], [ 138.652184112406871, 36.390581225043547 ], [ 138.651618275163287, 36.393509279130001 ], [ 138.65218744529443, 36.3953934406548 ], [ 138.651987445064606, 36.396135107948908 ], [ 138.651102724411317, 36.39656317085371 ], [ 138.650399389819995, 36.397760387032292 ], [ 138.649456886825874, 36.398173441151414 ], [ 138.648463839234864, 36.399799278713772 ], [ 138.648472749717712, 36.402681224558933 ], [ 138.648107471182925, 36.403642892105836 ], [ 138.648387471504634, 36.407467613439678 ], [ 138.647805005796499, 36.408688999797562 ], [ 138.647835838153469, 36.409282054123537 ], [ 138.646630271769709, 36.410772612965786 ], [ 138.645325279038502, 36.410884279086247 ], [ 138.644422776989586, 36.411439277700538 ], [ 138.643826395172027, 36.413140946097826 ], [ 138.644171946178403, 36.414518170577139 ], [ 138.643939727736324, 36.415060945606228 ], [ 138.644474163352015, 36.415453171426748 ], [ 138.644547782753989, 36.415949837315168 ], [ 138.645551971146574, 36.416614278925863 ], [ 138.645762529417311, 36.417327613078953 ], [ 138.644946693235397, 36.418525946215482 ], [ 138.645062244427095, 36.42019205362044 ], [ 138.64591697808612, 36.421428171772789 ], [ 138.645462801567078, 36.421972052967931 ], [ 138.645354188645001, 36.423427306225278 ], [ 138.647189493600308, 36.424810081320231 ], [ 138.646585615933532, 36.425251197884506 ], [ 138.646417561421345, 36.426132305961175 ], [ 138.645416719406171, 36.42755369434758 ], [ 138.64498977975461, 36.430920640075556 ], [ 138.643177833790105, 36.432176467769807 ], [ 138.643464254371906, 36.436357585933877 ], [ 138.643290363259666, 36.437256468211501 ], [ 138.642510635757276, 36.437813413858009 ], [ 138.643641750866209, 36.439342585991596 ], [ 138.645449804564919, 36.440965919841403 ], [ 138.646542049176333, 36.443469531693609 ], [ 138.647693450292536, 36.443957027195097 ], [ 138.648176782832365, 36.444664801739236 ], [ 138.649781776807572, 36.445767027026704 ], [ 138.64994875573052, 36.447256468011631 ], [ 138.650925693765771, 36.447709801865926 ], [ 138.651573748829492, 36.448914802576155 ], [ 138.655030973001089, 36.451353693817964 ], [ 138.655670726422954, 36.45221564093913 ], [ 138.65670377406002, 36.452556467806801 ], [ 138.65757238695619, 36.453818694177471 ], [ 138.658396549061536, 36.454289803131985 ], [ 138.659445162164616, 36.454371198072408 ], [ 138.660220725805971, 36.453554531816224 ], [ 138.66206488998273, 36.453664505412632 ], [ 138.662374332309696, 36.454458945823717 ], [ 138.663919078902381, 36.45574617064932 ], [ 138.664097690555991, 36.45677810762362 ], [ 138.665766030078316, 36.458089224737989 ], [ 138.665744915795244, 36.459148386888614 ], [ 138.666230195367234, 36.459570613193307 ], [ 138.667464642579262, 36.459746441445191 ], [ 138.668328003434681, 36.461101171182179 ], [ 138.669838002921551, 36.461863945564687 ], [ 138.670304111645464, 36.462581171084253 ], [ 138.672707717087519, 36.462570891833252 ], [ 138.673601051447463, 36.463557000255435 ], [ 138.67470522736437, 36.463305332175366 ], [ 138.675760803918024, 36.46374394592641 ], [ 138.677920532106896, 36.463730054098789 ], [ 138.679718028664183, 36.464953667178065 ], [ 138.681778585913094, 36.465371720628468 ], [ 138.682062476701958, 36.466502558746129 ], [ 138.684148611569185, 36.46800783859095 ], [ 138.683919441828834, 36.470788667363138 ], [ 138.685350829777008, 36.472063945594641 ], [ 138.686918612503973, 36.472764774674658 ], [ 138.687366420024318, 36.473612278683788 ], [ 138.689084474069318, 36.474091720756348 ], [ 138.691507522853954, 36.474094774854052 ], [ 138.694900310600929, 36.473563946419063 ], [ 138.696744188793332, 36.472956694495906 ], [ 138.697673086843565, 36.473040306265148 ], [ 138.698788910779626, 36.473676694423943 ], [ 138.699960856008715, 36.473771134929962 ], [ 138.703495057650798, 36.475459747869138 ], [ 138.704165615550778, 36.476197251302153 ], [ 138.70457588806687, 36.477330585937864 ], [ 138.706234228027256, 36.478374467707567 ], [ 138.709763695638117, 36.479024198208208 ], [ 138.710682023056961, 36.478741695073211 ], [ 138.712538974693985, 36.4791258647669 ], [ 138.71268674409805, 36.479827532015065 ], [ 138.714370920681517, 36.480852251929946 ], [ 138.716469806136729, 36.48052363965428 ], [ 138.719229000817791, 36.481426972676672 ], [ 138.721342892360667, 36.481304748515356 ], [ 138.722760389380483, 36.482275027070898 ], [ 138.725675382612849, 36.481077532102461 ], [ 138.727367328439527, 36.479654169704247 ], [ 138.730225667080958, 36.47820417118561 ], [ 138.730723994916502, 36.477607774978878 ], [ 138.731865109587147, 36.477625279383176 ], [ 138.734667327834927, 36.47684444121802 ], [ 138.738057638849, 36.477781945780237 ], [ 138.739311802797488, 36.476684999513168 ], [ 138.740026808790276, 36.476550279272033 ], [ 138.7406559663998, 36.476547225174329 ], [ 138.74183625194155, 36.477244170981749 ], [ 138.742410141714686, 36.47699555879808 ], [ 138.743554034391195, 36.47711861393293 ], [ 138.744708469820125, 36.476357774891426 ], [ 138.747866834886622, 36.476391947330569 ], [ 138.74860516209867, 36.475809720841994 ], [ 138.750074890843621, 36.475913053844408 ], [ 138.751481556428757, 36.476543054118679 ], [ 138.753169339293663, 36.476528612805282 ], [ 138.753657663970102, 36.476068891965838 ], [ 138.754507392901928, 36.476068891965838 ], [ 138.757909079440537, 36.477222775210976 ], [ 138.758844358180681, 36.478378612682889 ], [ 138.75959131079037, 36.478767775412564 ], [ 138.762595746096849, 36.479052224680458 ], [ 138.765805745738589, 36.478472224913276 ], [ 138.767154383468096, 36.477869171025475 ], [ 138.769805771918868, 36.477939721041366 ], [ 138.771313553677601, 36.478371386630215 ], [ 138.775655252987576, 36.477953054390014 ], [ 138.775950804386184, 36.477758054390733 ], [ 138.775747172693968, 36.476106107710734 ], [ 138.775980506295355, 36.474687197855928 ], [ 138.775471608727798, 36.472662467798727 ], [ 138.775525497903459, 36.471105801591534 ], [ 138.774896887081695, 36.469453586014254 ], [ 138.774872724097008, 36.468375531805407 ], [ 138.773842968877943, 36.46638274836522 ], [ 138.77379518789769, 36.464969693996238 ], [ 138.774489078708029, 36.465962198396767 ], [ 138.77581907888748, 36.46599219798162 ], [ 138.777800778183405, 36.467028864490544 ], [ 138.778973280992204, 36.467112468165908 ], [ 138.779669105344965, 36.468146918745333 ], [ 138.780794112258491, 36.468644973186997 ], [ 138.780662995600778, 36.470744415322542 ], [ 138.780022476855834, 36.473419134885205 ], [ 138.782901362308053, 36.473226359808734 ], [ 138.787586938986124, 36.474734414062027 ], [ 138.788720271823195, 36.474837505146809 ], [ 138.789085278762627, 36.475327775056826 ], [ 138.78983277636155, 36.475154440624976 ], [ 138.790326394447561, 36.475674442121885 ], [ 138.791525006374059, 36.475873053798466 ], [ 138.791589170304064, 36.476758892309078 ], [ 138.794193358736607, 36.476716668239703 ], [ 138.794725862608516, 36.476334171285032 ], [ 138.798459754214377, 36.477243054023802 ], [ 138.798818911063904, 36.477057773897172 ], [ 138.798866692943534, 36.476501667318132 ], [ 138.799734188881757, 36.4759816667206 ], [ 138.800670026100875, 36.476010559239967 ], [ 138.801172554669733, 36.476506666649414 ], [ 138.8023886638058, 36.476914721437311 ], [ 138.803327833912476, 36.476627774752046 ], [ 138.804992283866909, 36.47520250489174 ], [ 138.806253671169998, 36.475183612833519 ], [ 138.808108664083647, 36.474364441066143 ], [ 138.81028313935542, 36.474903613411072 ], [ 138.815527859623103, 36.474831108269086 ], [ 138.819157884928472, 36.475382225409419 ], [ 138.82268347556203, 36.474831108269086 ], [ 138.826786251984004, 36.473010559389877 ], [ 138.832624059852492, 36.473201945913104 ], [ 138.834378780156612, 36.473537251842743 ], [ 138.837136030503416, 36.473388081294956 ], [ 138.838077419237607, 36.473908919161317 ], [ 138.838866861216729, 36.47374141413502 ], [ 138.840750466960571, 36.47416669363804 ], [ 138.842792166325466, 36.475281134416889 ], [ 138.847996082553209, 36.475107531987078 ], [ 138.849096641396955, 36.475448359754068 ], [ 138.849863579640555, 36.476661973271518 ], [ 138.85074691263992, 36.477181412692119 ], [ 138.851997223892795, 36.476912532487461 ], [ 138.853456667091564, 36.477038081442345 ], [ 138.855427782266361, 36.476457801986044 ], [ 138.855816667105614, 36.476194747589602 ], [ 138.85628861242958, 36.474679468182956 ], [ 138.858792244066876, 36.474361973326438 ], [ 138.859845306116085, 36.473566693847886 ], [ 138.860564475070532, 36.473458359715607 ], [ 138.861922802095705, 36.475936170917578 ], [ 138.862133943126992, 36.478533946284642 ], [ 138.865792826777579, 36.481330053639113 ], [ 138.86923564201129, 36.481461720681921 ], [ 138.871012580965953, 36.48219700009156 ], [ 138.872305913986793, 36.481632558595777 ], [ 138.874821218824309, 36.482441441219578 ], [ 138.875692049448617, 36.482375054165459 ], [ 138.876955382884717, 36.483172278877646 ], [ 138.87731538329831, 36.482980332976013 ], [ 138.879163994622672, 36.483234504768632 ], [ 138.879855383519157, 36.4826589458537 ], [ 138.880603995378124, 36.482769225219613 ], [ 138.881673721864786, 36.485030333083444 ], [ 138.881529558742159, 36.485994505242274 ], [ 138.883635109972374, 36.487380053846437 ], [ 138.883692607228113, 36.48857922515117 ], [ 138.885407055890937, 36.491025332553079 ], [ 138.885306783281521, 36.493403945835496 ], [ 138.886316250694449, 36.494118108264161 ], [ 138.886743747925721, 36.49528838704947 ], [ 138.887984034435704, 36.496448386583836 ], [ 138.888032087910574, 36.497148667077397 ], [ 138.89068347636146, 36.499565891852455 ], [ 138.890819585155782, 36.500269775030119 ], [ 138.891894864056781, 36.501790332557846 ], [ 138.893125965790773, 36.502840333314793 ], [ 138.893692360614068, 36.502873946375587 ], [ 138.896080143383983, 36.504366171661559 ], [ 138.897258196808366, 36.505468666745628 ], [ 138.901625161671973, 36.506626999836215 ], [ 138.903043217170762, 36.508221441166654 ], [ 138.904173502205481, 36.508722279010044 ], [ 138.909282943752942, 36.508768666940455 ], [ 138.910267392925903, 36.509103387411471 ], [ 138.912047950752367, 36.510631170991815 ], [ 138.913488780682769, 36.511151170690027 ], [ 138.91417019519838, 36.512220612990973 ], [ 138.914608807150785, 36.51194310828788 ], [ 138.915429077889712, 36.512648666902521 ], [ 138.917285746240282, 36.512793107915627 ], [ 138.917166031187435, 36.513588387394236 ], [ 138.917805473443877, 36.513929775438839 ], [ 138.917979363656741, 36.514535053350073 ], [ 138.919028806834035, 36.514703667240497 ], [ 138.920150194875646, 36.514262000291126 ], [ 138.920864915783341, 36.513474775140821 ], [ 138.922560466991968, 36.513447558957751 ], [ 138.923835472728911, 36.515974775315669 ], [ 138.929846056550332, 36.520637278987294 ], [ 138.930090505772341, 36.521331721082106 ], [ 138.929881606750769, 36.523075054170477 ], [ 138.9341016331839, 36.525144225125928 ], [ 138.934590245643335, 36.526225053743303 ], [ 138.935409974091044, 36.526212838251922 ], [ 138.936098859275035, 36.52681589213978 ], [ 138.936309689140899, 36.52816922433027 ], [ 138.937294968388187, 36.527886170810177 ], [ 138.938492750240243, 36.528931441133182 ], [ 138.938984968081854, 36.530005891758549 ], [ 138.939919144253167, 36.529400892637113 ], [ 138.941094424168455, 36.530407838351096 ], [ 138.94079219170635, 36.530887278625073 ], [ 138.94089997365495, 36.531746441445193 ], [ 138.940302776152294, 36.532685333661277 ], [ 138.941531946142504, 36.532989774858265 ], [ 138.941426393613256, 36.533815892089819 ], [ 138.942014448608006, 36.534680054241164 ], [ 138.942501945908134, 36.534808386597831 ], [ 138.943018611819525, 36.53581117114868 ], [ 138.944095836853421, 36.536304225359743 ], [ 138.944278053889093, 36.537049505230527 ], [ 138.943365837363558, 36.53763561409238 ], [ 138.943399442330474, 36.538822279424721 ], [ 138.942804720661343, 36.539696442037211 ], [ 138.942830829779041, 36.540453666703399 ], [ 138.944434162706557, 36.542792000250643 ], [ 138.945313358824478, 36.544768387251338 ], [ 138.947591699497366, 36.545623387109686 ], [ 138.952129754084922, 36.545938360267144 ], [ 138.952591698947799, 36.546354197788048 ], [ 138.952626446053728, 36.546708359803006 ], [ 138.948517250270925, 36.547507000048086 ], [ 138.94409418929547, 36.55032422618217 ], [ 138.942964746925554, 36.550172837906189 ], [ 138.940128340050933, 36.547932278651786 ], [ 138.936829442424937, 36.546506441319252 ], [ 138.930840272360797, 36.550150053582172 ], [ 138.926367755867318, 36.551554505036449 ], [ 138.921646913174527, 36.551679505404877 ], [ 138.919422995874584, 36.55113477524975 ], [ 138.916207173122643, 36.549630053883959 ], [ 138.913884669442041, 36.549513946011871 ], [ 138.912486614865429, 36.549933109225663 ], [ 138.911349363682234, 36.550948945637401 ], [ 138.911006328978942, 36.553808667436101 ], [ 138.909703800390162, 36.555722279059978 ], [ 138.908069365309075, 36.555729774909253 ], [ 138.903276030964093, 36.554611720654464 ], [ 138.90164713480749, 36.554877559351951 ], [ 138.900457107809302, 36.555611999694065 ], [ 138.896622114419074, 36.559892278905579 ], [ 138.896458782247123, 36.561961440867833 ], [ 138.898472671876334, 36.562572838665631 ], [ 138.901457691719202, 36.562885053602372 ], [ 138.902658248879106, 36.563464774579757 ], [ 138.904812698047635, 36.567084224757195 ], [ 138.904399921819049, 36.568226171300807 ], [ 138.901455188006594, 36.569677559272009 ], [ 138.902405187749309, 36.570355333332031 ], [ 138.902769078630172, 36.571714503921271 ], [ 138.90425046708549, 36.573113667361895 ], [ 138.901668805770782, 36.57560589199835 ], [ 138.897914915940646, 36.575884504666192 ], [ 138.897822697659421, 36.577167559335464 ], [ 138.896491556240449, 36.578212837752289 ], [ 138.897554917325692, 36.579512279867856 ], [ 138.897720752310988, 36.580345892049309 ], [ 138.896313255752261, 36.582018387338735 ], [ 138.896126861365588, 36.582699505078153 ], [ 138.896862969950121, 36.583478108428039 ], [ 138.898001310212408, 36.583419505006191 ], [ 138.89947213972755, 36.584310613544005 ], [ 138.900191854570494, 36.585185893114556 ], [ 138.9024924381755, 36.586635054364308 ], [ 138.90538494206146, 36.586715891725078 ], [ 138.910526082912497, 36.584126170686261 ], [ 138.912965252944105, 36.583953667228002 ], [ 138.91465163376597, 36.584301999837464 ], [ 138.916701361378841, 36.583816721164794 ], [ 138.917615810921006, 36.58395033344118 ], [ 138.918720000327767, 36.584904505138866 ], [ 138.920074721071614, 36.585467837770523 ], [ 138.920601945923181, 36.586180332856145 ], [ 138.921789999808652, 36.586226171300837 ], [ 138.922458339980494, 36.586867279101682 ], [ 138.924863916736399, 36.586802000012369 ], [ 138.927564188736369, 36.587592837739351 ], [ 138.928823085816816, 36.587507838316128 ], [ 138.930885305012907, 36.58706005417821 ], [ 138.932486446292501, 36.586080054850697 ], [ 138.934583943194525, 36.585603945665639 ], [ 138.93565894870153, 36.584397837889981 ], [ 138.93594700425092, 36.582615612720417 ], [ 138.936782282876152, 36.581085892000374 ], [ 138.937245887887457, 36.58090338718165 ], [ 138.938051725406922, 36.582432559315237 ], [ 138.940231440128969, 36.58474058570954 ], [ 138.944795357419821, 36.585816414096257 ], [ 138.947442866195388, 36.58572697292152 ], [ 138.949335109927461, 36.585403919355429 ], [ 138.952619830640742, 36.583890586081736 ], [ 138.957509001239487, 36.582395027008943 ], [ 138.958962606938826, 36.581477532362271 ], [ 138.961412087697795, 36.581818360129262 ], [ 138.962177911681351, 36.580945586070015 ], [ 138.964066809036126, 36.580960585862385 ], [ 138.966339299618994, 36.580616134726881 ], [ 138.966687366928454, 36.580323640123936 ], [ 138.96832267165405, 36.580972250968671 ], [ 138.970315720394296, 36.58078502740716 ], [ 138.975050441424742, 36.582801694142915 ], [ 138.980012969722793, 36.584119198242433 ], [ 138.984090777367555, 36.586193918014942 ], [ 138.98533243804161, 36.587319468119006 ], [ 138.986350219686983, 36.587546973214273 ], [ 138.98784827527777, 36.588443081083369 ], [ 138.98965941724839, 36.588838081312474 ], [ 138.991335811098907, 36.588776973278755 ], [ 138.993438301036804, 36.589355865081188 ], [ 138.994843864952486, 36.590681667225226 ], [ 138.995241947158206, 36.591557505274693 ], [ 138.997791387562529, 36.591975838414271 ], [ 138.998731946222392, 36.588654170853374 ], [ 139.000213891358044, 36.588317774945438 ], [ 139.001529442130163, 36.587435837693818 ], [ 139.002157782255949, 36.58460666676433 ], [ 139.004279169648044, 36.582907504777552 ], [ 139.00623834002738, 36.5829258383568 ], [ 139.008991946321316, 36.581616386786891 ], [ 139.012003644552578, 36.581947504573748 ], [ 139.013938637558113, 36.581649441368654 ], [ 139.015978079624688, 36.584080279181592 ], [ 139.01767810586, 36.584782225219556 ], [ 139.019637003744833, 36.584705279225318 ], [ 139.023634226738181, 36.585909171071421 ], [ 139.030771193435839, 36.586574440957747 ], [ 139.031298144893526, 36.586886108207352 ], [ 139.031690636014105, 36.587885558971436 ], [ 139.033309001109615, 36.587735278660261 ], [ 139.035875668027757, 36.588762225296534 ], [ 139.035834552822394, 36.589414170827354 ], [ 139.036899273682593, 36.589784721187982 ], [ 139.037893994911997, 36.588753332800138 ], [ 139.038950947428361, 36.58818861341382 ], [ 139.042153721916748, 36.588333333216781 ], [ 139.043471218821765, 36.587694170649513 ], [ 139.044331530076079, 36.587705000285609 ], [ 139.045388470001967, 36.586929720830028 ], [ 139.046490414700997, 36.587010279400943 ], [ 139.048450972734258, 36.58644583790516 ], [ 139.05091542180935, 36.58483166724767 ], [ 139.051834034313288, 36.585538054137942 ], [ 139.053275135838931, 36.585660559787073 ], [ 139.053783190741683, 36.585355559211735 ], [ 139.054399856767986, 36.584271946293313 ], [ 139.055035966136984, 36.584034170940299 ], [ 139.056594034387217, 36.584156667596176 ], [ 139.057780143039281, 36.584882225334468 ], [ 139.058239856684054, 36.585702225377474 ], [ 139.057987951183009, 36.586469721200729 ], [ 139.06062433174759, 36.586952774950646 ], [ 139.063855720864922, 36.58701944079462 ], [ 139.065354332236666, 36.585606945803931 ], [ 139.067032387134986, 36.582889720684136 ], [ 139.070131828621015, 36.579789441029959 ], [ 139.073300725647982, 36.580010278551583 ], [ 139.07493072617217, 36.57953944119231 ], [ 139.076717664688545, 36.582179440628749 ], [ 139.07687360623197, 36.583847585897445 ], [ 139.07654211432714, 36.584191386823079 ], [ 139.074027690825346, 36.584334054373187 ], [ 139.073043968304546, 36.585156747885662 ], [ 139.072764837627233, 36.585802468309339 ], [ 139.072962308963497, 36.586423279310964 ], [ 139.077232412346007, 36.586146891565818 ], [ 139.078269882848872, 36.584518892033316 ], [ 139.080073501990569, 36.583247505168288 ], [ 139.085464085998865, 36.583083054239637 ], [ 139.088204890443421, 36.580750559091086 ], [ 139.095434332628429, 36.578983612503748 ], [ 139.098020998670222, 36.579836107750225 ], [ 139.10273269795573, 36.580613333338704 ], [ 139.10587461711998, 36.580235838413273 ], [ 139.108201309842684, 36.580506667448788 ], [ 139.109463799714604, 36.580218612798774 ], [ 139.112601829311075, 36.578709721276653 ], [ 139.114924332092301, 36.578198052897903 ], [ 139.118285162430311, 36.576651108362 ], [ 139.119643502046074, 36.574424721523712 ], [ 139.120915447390075, 36.573795000039297 ], [ 139.121466835226329, 36.574045278666745 ], [ 139.122530168432604, 36.57575417131801 ], [ 139.124501556102018, 36.576161666727614 ], [ 139.126035446978335, 36.576963333191316 ], [ 139.131112113633208, 36.577744720842247 ], [ 139.132387107678937, 36.578436667318385 ], [ 139.136216277958965, 36.577696386778882 ], [ 139.137206005253006, 36.57803722443839 ], [ 139.138755745781054, 36.578013054259088 ], [ 139.144092386654393, 36.576057505449569 ], [ 139.145717393243217, 36.576299720755571 ], [ 139.147980195429795, 36.577413333258789 ], [ 139.152052970468276, 36.577031386689214 ], [ 139.154016031314882, 36.576399720870484 ], [ 139.156173255791145, 36.57703972070658 ], [ 139.158247132898964, 36.5748002793095 ], [ 139.159845720103931, 36.572038892081252 ], [ 139.159912387746544, 36.570889440695169 ], [ 139.161219610796479, 36.569748333219081 ], [ 139.16375875486267, 36.568765278894546 ], [ 139.165465694186537, 36.566776386820834 ], [ 139.16750566775238, 36.563219999803209 ], [ 139.16910455263303, 36.561721385733392 ], [ 139.171600972606825, 36.562369440797113 ], [ 139.174249299765393, 36.562302505156538 ], [ 139.177072360701004, 36.561478612847736 ], [ 139.178278755360338, 36.561568332812385 ], [ 139.179509584599714, 36.560072225153135 ], [ 139.180934578368124, 36.560161386638754 ], [ 139.181874863634107, 36.559679440853586 ], [ 139.182992632803803, 36.55967833198946 ], [ 139.184722918527882, 36.559013332799111 ], [ 139.186854890041218, 36.558720838196166 ], [ 139.187462114085406, 36.558271946093498 ], [ 139.188185720294769, 36.55829694634707 ], [ 139.191016860739637, 36.559485558711629 ], [ 139.193439922114749, 36.559428333051187 ], [ 139.193706615168253, 36.56165861305459 ], [ 139.18967688707869, 36.565264441201066 ], [ 139.189394112348509, 36.566253892403267 ], [ 139.19085885884931, 36.568719441349174 ], [ 139.193073333267762, 36.569727504920479 ], [ 139.194919727763249, 36.571007224903553 ], [ 139.196020584282564, 36.571309171381188 ], [ 139.200390584358047, 36.571226665778056 ], [ 139.204286744237947, 36.572075277751935 ], [ 139.20714258096541, 36.573165251575176 ], [ 139.208884279985568, 36.573216360047013 ], [ 139.217133502109505, 36.575563306401534 ], [ 139.219798520685231, 36.575698026642669 ], [ 139.223978833956039, 36.574924134841012 ], [ 139.228422750209802, 36.577053865243727 ], [ 139.229772750412167, 36.577263305657084 ], [ 139.231719170203633, 36.578161080869222 ], [ 139.233095032210031, 36.578953026560953 ], [ 139.233585577312624, 36.579709413958312 ], [ 139.235033916582097, 36.580758586439686 ], [ 139.236065331050213, 36.5805013596501 ], [ 139.236783113250112, 36.581300532293767 ], [ 139.237456718952444, 36.58155830587117 ], [ 139.237840894941428, 36.582791360033298 ], [ 139.239538975043729, 36.584847467436703 ], [ 139.239864526926453, 36.586080532390724 ], [ 139.241070660782384, 36.586930801815129 ], [ 139.242275940282525, 36.588331918583208 ], [ 139.244163476063591, 36.588279134674394 ], [ 139.245686808899222, 36.588998279347152 ], [ 139.248672672306043, 36.588343559407804 ], [ 139.252268520675784, 36.58852105410341 ], [ 139.25391491584071, 36.588933279047637 ], [ 139.255216030695351, 36.588516053872866 ], [ 139.256015226721388, 36.589231333259477 ], [ 139.256812723928078, 36.591041333091084 ], [ 139.257678029117869, 36.591751053768178 ], [ 139.260307471412716, 36.592092440913461 ], [ 139.261160532332724, 36.590924666740023 ], [ 139.263074449726105, 36.590398000367486 ], [ 139.264355551067865, 36.59169438658671 ], [ 139.265375006351519, 36.591675774217663 ], [ 139.268351970966705, 36.589673558687821 ], [ 139.270203359397556, 36.590893278601982 ], [ 139.271251699106642, 36.590697721023048 ], [ 139.272659780224785, 36.591434946565585 ], [ 139.274541167341113, 36.591594107681999 ], [ 139.275572283234396, 36.591098838440701 ], [ 139.275669494551607, 36.589866612554204 ], [ 139.27814172456101, 36.590314946177898 ], [ 139.278431996939162, 36.588641333930468 ], [ 139.280451167387582, 36.587334081202926 ], [ 139.282859494270269, 36.588491306328763 ], [ 139.283421440147436, 36.589308531963241 ], [ 139.285421724832759, 36.589729359822172 ], [ 139.287265058036041, 36.589293251582319 ], [ 139.288608664058643, 36.589682134622876 ], [ 139.290062023343808, 36.591353504860422 ], [ 139.291478690289409, 36.592142386561932 ], [ 139.2916831385661, 36.592654613419711 ], [ 139.293193969026561, 36.593950720849136 ], [ 139.295215356303743, 36.594020170994156 ], [ 139.296400078201145, 36.595105170667125 ], [ 139.297857587857493, 36.59514680208332 ], [ 139.298104812387237, 36.595409306094666 ], [ 139.297910921252083, 36.596360694390569 ], [ 139.298851193028213, 36.597570135053729 ], [ 139.298100363441108, 36.598312639616665 ], [ 139.298240078516869, 36.599643198275032 ], [ 139.29974980460986, 36.601908198404658 ], [ 139.301904528071532, 36.603781252402939 ], [ 139.302328144728108, 36.605402891929998 ], [ 139.301608418194064, 36.606590667025728 ], [ 139.301667562108378, 36.60758983810058 ], [ 139.303544501177839, 36.610115667703951 ], [ 139.304772281715486, 36.611220667399948 ], [ 139.305618392674774, 36.613198414175542 ], [ 139.306329779795533, 36.613793973113445 ], [ 139.305615888062903, 36.616077305923 ], [ 139.307089222189916, 36.617027586254153 ], [ 139.308677004040533, 36.619378135292777 ], [ 139.311396978387961, 36.621129775418865 ], [ 139.311940310996647, 36.622048387023483 ], [ 139.312140311226472, 36.623379505060143 ], [ 139.318573087178265, 36.626101413849199 ], [ 139.321862218166871, 36.629817774970377 ], [ 139.324030272279288, 36.631304440647455 ], [ 139.324441114965566, 36.632369171400171 ], [ 139.325367224218098, 36.633365837863153 ], [ 139.326540000420778, 36.633396386933782 ], [ 139.326683332569814, 36.633382225309504 ] ], [ [ 139.263083774796428, 36.243938079778616 ], [ 139.26358405955682, 36.243881414395787 ], [ 139.263671283902681, 36.244744748271557 ], [ 139.262719883016302, 36.24472586520659 ], [ 139.262890441240984, 36.245100585723492 ], [ 139.262234890328045, 36.245373359992641 ], [ 139.261723501638357, 36.244278920136082 ], [ 139.262784332031401, 36.24397613459098 ], [ 139.263083774796428, 36.243938079778616 ] ] ] } },
{ "type": "Feature", "properties": { "code": "100020", "name": "北部", "PrefCode": "10", "regioncode": "100020" }, "geometry": { "type": "Polygon", "coordinates": [ [ [ 139.108341479076103, 37.055405506259149 ], [ 139.111176199721854, 37.055258531855827 ], [ 139.111834525942641, 37.054689639615219 ], [ 139.113262866088462, 37.051393251997013 ], [ 139.113341751021039, 37.049810467678981 ], [ 139.115209493623297, 37.047609081094265 ], [ 139.118028105612666, 37.047373251874149 ], [ 139.122019804970137, 37.047532135100028 ], [ 139.123029248101375, 37.047072414260583 ], [ 139.125031725333884, 37.044763531711681 ], [ 139.124550894708136, 37.043390468395444 ], [ 139.124481166672581, 37.040898802237962 ], [ 139.125974228328005, 37.039008531618492 ], [ 139.127832826623717, 37.038489639885029 ], [ 139.127694747414694, 37.035933531907006 ], [ 139.128228638041264, 37.034593251577348 ], [ 139.129053644610053, 37.034014640363409 ], [ 139.129003645002285, 37.03297269393471 ], [ 139.129560855049476, 37.032033801718626 ], [ 139.129714747038065, 37.030700467752411 ], [ 139.132103891381576, 37.027699359937571 ], [ 139.131727782311373, 37.026621026938869 ], [ 139.131841388269549, 37.025809386993672 ], [ 139.134342776098265, 37.024961305619797 ], [ 139.135106939933394, 37.024050748343427 ], [ 139.137466394058947, 37.02332297287694 ], [ 139.139403890776975, 37.023189640289729 ], [ 139.143220000202859, 37.021282694440856 ], [ 139.143843061308303, 37.020082134582879 ], [ 139.14533360576138, 37.018938251798943 ], [ 139.14794413711229, 37.012744667632376 ], [ 139.150372723922146, 37.009476332566749 ], [ 139.15632105127554, 37.00699189156262 ], [ 139.158527755551518, 37.00652689170272 ], [ 139.159953280819309, 37.005450225147797 ], [ 139.161147444698827, 37.005043558913144 ], [ 139.162065772117785, 37.00408910842566 ], [ 139.165615498756324, 37.002973837572597 ], [ 139.167121362261128, 37.002856333053387 ], [ 139.168094968308196, 37.002316891811176 ], [ 139.170995524723708, 37.001979108249316 ], [ 139.171931634437442, 37.000301333040113 ], [ 139.172101608102821, 36.998979387189024 ], [ 139.173976056949527, 36.995896054359491 ], [ 139.177337173272008, 36.993707171049152 ], [ 139.179601335233542, 36.990386613251644 ], [ 139.178823256188366, 36.989064667400555 ], [ 139.178755188301352, 36.987889386585948 ], [ 139.177188494653365, 36.985359386826303 ], [ 139.177191555945569, 36.984507171269001 ], [ 139.177912386847197, 36.983692441253197 ], [ 139.176330143021801, 36.980396891803139 ], [ 139.176152633037646, 36.978008279858273 ], [ 139.176478470005463, 36.97647663998498 ], [ 139.175215939663985, 36.973295801759889 ], [ 139.175499001277899, 36.971796918792847 ], [ 139.176461776789665, 36.969559134846236 ], [ 139.180107301910539, 36.966031640347978 ], [ 139.180181478892223, 36.964705251845942 ], [ 139.181507587705028, 36.963643026604473 ], [ 139.182729533441261, 36.96171691890072 ], [ 139.18668425357555, 36.959899414226641 ], [ 139.189210077782946, 36.959882468301316 ], [ 139.191853449677069, 36.961187747916313 ], [ 139.193519273795459, 36.961047198269625 ], [ 139.194186782993711, 36.960575531735458 ], [ 139.195239830653691, 36.959022468212368 ], [ 139.196582335006838, 36.958910802091907 ], [ 139.198135383241379, 36.957793026626916 ], [ 139.201907327860908, 36.958403026878216 ], [ 139.203494838116399, 36.956814972532982 ], [ 139.20605483836016, 36.955862198381794 ], [ 139.208106252201787, 36.955923864894487 ], [ 139.208874578099312, 36.95648302736987 ], [ 139.210586252353778, 36.956889693604523 ], [ 139.214234306368212, 36.956964413776745 ], [ 139.214868223190024, 36.958133864286481 ], [ 139.218884358026799, 36.960774693797134 ], [ 139.225140506229422, 36.961988863994918 ], [ 139.228714669246642, 36.961197748377458 ], [ 139.230839948005269, 36.958111667219725 ], [ 139.231452969978591, 36.955392504960173 ], [ 139.232826589075898, 36.953485837901155 ], [ 139.235377978311135, 36.951522224870814 ], [ 139.236165473258097, 36.94819750501091 ], [ 139.23682936358432, 36.947224999733976 ], [ 139.237952697758828, 36.946570838273601 ], [ 139.232675966122997, 36.941022505084618 ], [ 139.231632087950516, 36.940345559300169 ], [ 139.230795421671473, 36.940658332715941 ], [ 139.229994305592754, 36.940160000383742 ], [ 139.230610700923194, 36.939031945667807 ], [ 139.229811504897043, 36.938271945693771 ], [ 139.230577327981337, 36.936935559428605 ], [ 139.231051219438314, 36.936699721215234 ], [ 139.231799558802663, 36.936823892408768 ], [ 139.231663994997461, 36.937276666884713 ], [ 139.231167328209722, 36.937463892244864 ], [ 139.231389299776424, 36.937843612992424 ], [ 139.232080972858626, 36.93775527888306 ], [ 139.231926251695199, 36.937151108037256 ], [ 139.23213736664627, 36.937013892177447 ], [ 139.232649857005413, 36.937365278884556 ], [ 139.233646524367714, 36.9369769732088 ], [ 139.234970414553004, 36.937372531916878 ], [ 139.23498124508842, 36.936729748678999 ], [ 139.234505965977633, 36.93603446841604 ], [ 139.234652049152828, 36.93442919834888 ], [ 139.235055383399299, 36.934063640124918 ], [ 139.236305693752797, 36.934159468284861 ], [ 139.236895136401472, 36.934878918727179 ], [ 139.238878197271106, 36.934189467869714 ], [ 139.238872918250649, 36.933243360392794 ], [ 139.239319585430621, 36.932774468267155 ], [ 139.239388197407493, 36.931874468132264 ], [ 139.240665421771837, 36.92940641367511 ], [ 139.241146523992938, 36.929416414136256 ], [ 139.241013191405727, 36.929880027241495 ], [ 139.241297912268919, 36.930030586342525 ], [ 139.242451802708615, 36.929529467910641 ], [ 139.243971245076978, 36.92965891812463 ], [ 139.244137081860913, 36.930026135597757 ], [ 139.245456809084544, 36.930468639815899 ], [ 139.246264890412476, 36.930378359573695 ], [ 139.246422671968844, 36.930919468159004 ], [ 139.247584330752375, 36.930922801945826 ], [ 139.248003216974894, 36.930643082212498 ], [ 139.24984128374831, 36.931293080711157 ], [ 139.250484889865788, 36.931078360378081 ], [ 139.250868494785323, 36.931696135268453 ], [ 139.252781309609759, 36.932375865353947 ], [ 139.254894916067542, 36.932421135427091 ], [ 139.257486328731147, 36.93393974772124 ], [ 139.258293838989516, 36.935261135093356 ], [ 139.259599105114717, 36.936079197996662 ], [ 139.261425810752598, 36.937914467878443 ], [ 139.263971634083759, 36.938525053588421 ], [ 139.264808339932983, 36.940883639868161 ], [ 139.266135006325499, 36.941153639728725 ], [ 139.267448611863983, 36.940452558838558 ], [ 139.268209441012914, 36.938593386775437 ], [ 139.272253333424715, 36.935473385888088 ], [ 139.27431027180171, 36.934583387113662 ], [ 139.275118339639675, 36.933634775024927 ], [ 139.276270584320059, 36.933509774656443 ], [ 139.277511140626757, 36.933874224915598 ], [ 139.278540311286406, 36.933421721135574 ], [ 139.279586978256475, 36.932607278902879 ], [ 139.280407522389282, 36.932409775191047 ], [ 139.280711970780885, 36.931833108311366 ], [ 139.281710584276084, 36.931147306003425 ], [ 139.284059493850577, 36.93165397325231 ], [ 139.284515057124281, 36.933489504836814 ], [ 139.286231996909237, 36.934227305945456 ], [ 139.287337588359037, 36.934309531859469 ], [ 139.289657302342675, 36.933815359791083 ], [ 139.290718975400409, 36.934086197819852 ], [ 139.290791192759457, 36.934455080837381 ], [ 139.292546744037054, 36.934808134887589 ], [ 139.292906742652121, 36.934493134750426 ], [ 139.294399831287251, 36.9346642523534 ], [ 139.302152049377696, 36.928476198118119 ], [ 139.302826497744718, 36.926897612734706 ], [ 139.304454553035271, 36.925824279067285 ], [ 139.309017639352646, 36.926964559167118 ], [ 139.312257393064328, 36.926883999696884 ], [ 139.315118495322395, 36.926610945738616 ], [ 139.318346030844737, 36.925508721350468 ], [ 139.323498559810787, 36.926052613337504 ], [ 139.32566021974344, 36.925609279045034 ], [ 139.327734383734878, 36.924545414339434 ], [ 139.33315968876866, 36.924559027377256 ], [ 139.334474449036634, 36.924841802107551 ], [ 139.338542528714811, 36.927607640080566 ], [ 139.340430855899399, 36.927855413196824 ], [ 139.342386718572243, 36.92753319779888 ], [ 139.343200051940926, 36.926602639600162 ], [ 139.345188105846432, 36.925623748237456 ], [ 139.344719468228959, 36.923510134585115 ], [ 139.350015057748806, 36.918363505171669 ], [ 139.349346134816301, 36.91305822455746 ], [ 139.350225577348624, 36.914327387399055 ], [ 139.351435057581853, 36.915129053862813 ], [ 139.352781997391276, 36.915769053698909 ], [ 139.356794254351371, 36.916758225211993 ], [ 139.357855356339655, 36.916831838318728 ], [ 139.360598444162974, 36.916245170078582 ], [ 139.363694033852653, 36.917572667444688 ], [ 139.364543190815652, 36.918287945932036 ], [ 139.36737822262694, 36.91806905364399 ], [ 139.369789884195825, 36.917323531855573 ], [ 139.370608780770681, 36.917362135254393 ], [ 139.373131582356677, 36.918393802432092 ], [ 139.375935745838092, 36.917083802275727 ], [ 139.376879078906427, 36.916137414210368 ], [ 139.378867717371349, 36.915593801912507 ], [ 139.381425498987596, 36.914035196766974 ], [ 139.381453839323285, 36.912277133682835 ], [ 139.383302438057171, 36.911402694079129 ], [ 139.38529664062753, 36.91182880185778 ], [ 139.386413307228395, 36.911407170004964 ], [ 139.390267224153149, 36.911420774948851 ], [ 139.393289196239493, 36.910795505108524 ], [ 139.393585005743489, 36.909055774704314 ], [ 139.395511971400424, 36.90707133337537 ], [ 139.395372217653744, 36.905435504345121 ], [ 139.394657496746163, 36.904017440752341 ], [ 139.393903307291907, 36.903278838347774 ], [ 139.388949104917288, 36.901502721373561 ], [ 139.387139636585061, 36.900609946391967 ], [ 139.386804641820845, 36.900116054012756 ], [ 139.385235188153501, 36.900188559154742 ], [ 139.383576278022929, 36.899739945841873 ], [ 139.381950998939487, 36.89819966708103 ], [ 139.379420973099514, 36.897986586212028 ], [ 139.378655668024749, 36.896939639552784 ], [ 139.376718171306607, 36.896284918714059 ], [ 139.375667587789053, 36.895086305888356 ], [ 139.373724252672218, 36.893790747944706 ], [ 139.372975615632186, 36.891375468403169 ], [ 139.371767004143976, 36.889919081100743 ], [ 139.370631970688919, 36.889595468156358 ], [ 139.370195304869526, 36.888242972335377 ], [ 139.371308080103859, 36.88660297314874 ], [ 139.371540583631145, 36.885634639826833 ], [ 139.371220272097958, 36.88472102665412 ], [ 139.372066938838202, 36.883342972999856 ], [ 139.37110583696483, 36.881947692831829 ], [ 139.368625253153027, 36.879851305693251 ], [ 139.369981361550686, 36.878792694827041 ], [ 139.370233865100886, 36.878231027739787 ], [ 139.36720939020131, 36.877031306050014 ], [ 139.365103838971095, 36.876994360101662 ], [ 139.362409921580706, 36.877513802220221 ], [ 139.361502969686399, 36.876489639885051 ], [ 139.360955719630851, 36.874163802417627 ], [ 139.358093773808719, 36.877836585989712 ], [ 139.357237108405911, 36.878131586103848 ], [ 139.356146550922631, 36.877813531869037 ], [ 139.35713350200956, 36.876948532448864 ], [ 139.357492943944294, 36.8760360272409 ], [ 139.358205694437288, 36.872210197942309 ], [ 139.357596525159579, 36.870589080921377 ], [ 139.357710116728526, 36.869027134794464 ], [ 139.357013723104956, 36.867365468241815 ], [ 139.357694279667385, 36.866344918483264 ], [ 139.357663721603558, 36.865540748306955 ], [ 139.355101167285056, 36.861659359791645 ], [ 139.355581166937327, 36.860478252269559 ], [ 139.355680894557736, 36.858541305936569 ], [ 139.354642801724026, 36.857353531740159 ], [ 139.351448611264459, 36.855084919033857 ], [ 139.350621114472915, 36.853882413942301 ], [ 139.348526082612693, 36.852740468298009 ], [ 139.35074219199862, 36.851495197745237 ], [ 139.351501361898386, 36.850109359559326 ], [ 139.352829415944825, 36.848980748163058 ], [ 139.356929169745399, 36.847891865217434 ], [ 139.359595550794097, 36.848214360304553 ], [ 139.361465279099434, 36.847580467764431 ], [ 139.363824746714727, 36.84731519833781 ], [ 139.366460558907761, 36.842053505165211 ], [ 139.366357496601267, 36.841241838240308 ], [ 139.368957496891085, 36.841067108060656 ], [ 139.371767782057532, 36.840130170970667 ], [ 139.373343060633829, 36.83940850549817 ], [ 139.374448885008064, 36.838041559370538 ], [ 139.376755862792947, 36.838821838157344 ], [ 139.378119196343846, 36.838332946008677 ], [ 139.380846420126204, 36.836594891940763 ], [ 139.382933942647355, 36.836580170938191 ], [ 139.383831725054165, 36.836079306115153 ], [ 139.386478948744525, 36.83566680238107 ], [ 139.387624228175696, 36.833852919276865 ], [ 139.390920051918897, 36.832655972894884 ], [ 139.392037588164271, 36.832714305620755 ], [ 139.392710637186269, 36.834421253038443 ], [ 139.394440117117824, 36.833989585650897 ], [ 139.397338444113984, 36.83469430609739 ], [ 139.398552918282576, 36.834344864623858 ], [ 139.399619830790584, 36.833142360431623 ], [ 139.404510142629078, 36.83143569360243 ], [ 139.405345693748814, 36.830794864591383 ], [ 139.40634457793999, 36.829462054030614 ], [ 139.405824864226133, 36.829297053616187 ], [ 139.405295668060717, 36.8283167745995 ], [ 139.40642732815877, 36.827590107997139 ], [ 139.406699559237381, 36.826940107699841 ], [ 139.405411219252414, 36.825577613216353 ], [ 139.403418145331216, 36.824204837683169 ], [ 139.40315564221919, 36.823015945629436 ], [ 139.401658105537194, 36.821707333126994 ], [ 139.39910391671242, 36.821316504852859 ], [ 139.397704746976501, 36.820700107723837 ], [ 139.393840804409706, 36.817852613107675 ], [ 139.39315330687964, 36.81647122476727 ], [ 139.390994915982674, 36.814244278550689 ], [ 139.391160466782139, 36.812881505277289 ], [ 139.391705473029219, 36.811659251972969 ], [ 139.392686589314735, 36.810290919090676 ], [ 139.393687418739432, 36.810009252325187 ], [ 139.393701854656911, 36.809679252395654 ], [ 139.389325965820717, 36.806859802238137 ], [ 139.38861177731178, 36.805268135316226 ], [ 139.38622705583407, 36.805127027190622 ], [ 139.384042023420761, 36.805841197713164 ], [ 139.382689247910548, 36.805488694048051 ], [ 139.382092023428186, 36.804857585808975 ], [ 139.378488392325494, 36.804584801647309 ], [ 139.377648105375783, 36.804259532151718 ], [ 139.377531413843712, 36.803837305847026 ], [ 139.378313359074355, 36.803056196985949 ], [ 139.375625005789402, 36.800322026840092 ], [ 139.376235837014292, 36.799238973300021 ], [ 139.375867198612355, 36.797405639658621 ], [ 139.377705525289798, 36.79647977502168 ], [ 139.378040505664899, 36.792069774900256 ], [ 139.377690778206897, 36.791661999801477 ], [ 139.376247976962645, 36.791380612725163 ], [ 139.375606588573305, 36.790948667447083 ], [ 139.376343502950363, 36.788417558823312 ], [ 139.376776004009457, 36.787873945626131 ], [ 139.376037951090666, 36.786956999565916 ], [ 139.376542672206597, 36.786487279164646 ], [ 139.374997912124059, 36.784813080559275 ], [ 139.37244150467177, 36.78349002674338 ], [ 139.369941750911153, 36.782919747748224 ], [ 139.367551478817745, 36.783788640333512 ], [ 139.365897834217776, 36.782897801592298 ], [ 139.365219221989605, 36.782145586149909 ], [ 139.362365305314597, 36.780827531665295 ], [ 139.362138339812645, 36.778549198187022 ], [ 139.359914137427609, 36.775158359270904 ], [ 139.357769105060243, 36.774288918998479 ], [ 139.353399363989524, 36.774110586134668 ], [ 139.353056860785614, 36.773608919116384 ], [ 139.353073216755661, 36.77248030592142 ], [ 139.354513748111003, 36.769276386596005 ], [ 139.353236782751424, 36.76715917115888 ], [ 139.352694837796548, 36.765144440663448 ], [ 139.351770078426398, 36.764656107893131 ], [ 139.350783410625922, 36.763535000439958 ], [ 139.352133410828287, 36.762200838198169 ], [ 139.355279222258332, 36.760246359581856 ], [ 139.354617276266367, 36.758153028339621 ], [ 139.354739754036473, 36.756245532105652 ], [ 139.355095863083648, 36.755626640257276 ], [ 139.354495006239631, 36.753334973430356 ], [ 139.355184720598459, 36.752587467737499 ], [ 139.355915524981583, 36.750565774690813 ], [ 139.357722477010725, 36.749747171294985 ], [ 139.359612191849237, 36.749534108412433 ], [ 139.361186355266113, 36.748828000312017 ], [ 139.362189144313675, 36.747889666574906 ], [ 139.363947782064542, 36.747693000131903 ], [ 139.365770831059081, 36.747917720926125 ], [ 139.369052529150963, 36.746752721161215 ], [ 139.371988637565664, 36.746753838119162 ], [ 139.372485862832377, 36.746451612851729 ], [ 139.371980310742856, 36.745743838307533 ], [ 139.370277224114716, 36.744951891716482 ], [ 139.369111089405351, 36.742758558560695 ], [ 139.36811938989797, 36.74181355904858 ], [ 139.368321581775604, 36.737949918653896 ], [ 139.366967393430514, 36.736671026047077 ], [ 139.367416279238, 36.735730197590613 ], [ 139.367482671687981, 36.734477972580407 ], [ 139.367099584778089, 36.733870747636956 ], [ 139.365550142824873, 36.732951584747866 ], [ 139.365149001125587, 36.730880197862916 ], [ 139.364771479220508, 36.730458801632437 ], [ 139.36505036258427, 36.729749892143843 ], [ 139.364875083818106, 36.728672387420772 ], [ 139.365581192817899, 36.727558505120953 ], [ 139.365948663899758, 36.726000721056494 ], [ 139.366873943078076, 36.725596000055418 ], [ 139.36693422823214, 36.724589332231972 ], [ 139.364897250307877, 36.723070720837143 ], [ 139.364820000342775, 36.719620720919579 ], [ 139.362907198108815, 36.718265694406341 ], [ 139.361144383906208, 36.717724306131856 ], [ 139.359744643100839, 36.716741802192473 ], [ 139.36012269830394, 36.714909305819845 ], [ 139.361131284381372, 36.713499306447886 ], [ 139.358626277680628, 36.713223747877691 ], [ 139.357936252156378, 36.711538748414569 ], [ 139.356874278725059, 36.711139865812186 ], [ 139.355432310253036, 36.709855694184967 ], [ 139.356583139400414, 36.708173170555426 ], [ 139.356342309050433, 36.707097612864573 ], [ 139.352446419866396, 36.704271225336811 ], [ 139.35199055801786, 36.70309650479993 ], [ 139.348746886859431, 36.699832026926572 ], [ 139.343729338937919, 36.697357027005239 ], [ 139.343395421561468, 36.696618413808778 ], [ 139.341012865651237, 36.694141748343043 ], [ 139.337065887780568, 36.692638108861672 ], [ 139.337098910886084, 36.690013944687848 ], [ 139.338085331373009, 36.6892878383631 ], [ 139.33926924837715, 36.685249531640636 ], [ 139.337021479257942, 36.682996198415879 ], [ 139.336731193389937, 36.68215897275843 ], [ 139.3372625803039, 36.681278414167537 ], [ 139.338601479274871, 36.680273440666781 ], [ 139.339314552624614, 36.678426504779452 ], [ 139.336152048878034, 36.676859839010433 ], [ 139.334930116631654, 36.674513747911192 ], [ 139.33486483934098, 36.673075134809665 ], [ 139.335741244862675, 36.670457360318949 ], [ 139.333786809413823, 36.667131251905801 ], [ 139.334522114004471, 36.665691279029375 ], [ 139.330653217072381, 36.663799054183073 ], [ 139.329557664754475, 36.662029612876381 ], [ 139.329539883358962, 36.660415468299277 ], [ 139.326701855006718, 36.657112413107427 ], [ 139.327603256285329, 36.655718531385162 ], [ 139.327830194807689, 36.654226027309392 ], [ 139.328583255612784, 36.652634945846103 ], [ 139.328313839412203, 36.652158279980711 ], [ 139.327048833237086, 36.651632440984429 ], [ 139.326566057377704, 36.650696054279535 ], [ 139.327488275263704, 36.64970410835798 ], [ 139.327349947841867, 36.648784666679092 ], [ 139.328664669439036, 36.647975224676941 ], [ 139.328699662959139, 36.645573559072545 ], [ 139.329579974236481, 36.644537720839196 ], [ 139.330528028745562, 36.642511640000237 ], [ 139.330067755722439, 36.640760533172113 ], [ 139.329287198145721, 36.639752467802225 ], [ 139.329676913059188, 36.639012197155239 ], [ 139.328761920326428, 36.638092749181055 ], [ 139.328476667064592, 36.636409134673897 ], [ 139.329088054070553, 36.635162748062442 ], [ 139.328148884863253, 36.633421666876473 ], [ 139.325367224218098, 36.633365837863153 ], [ 139.324441114965566, 36.632369171400171 ], [ 139.324030272279288, 36.631304440647455 ], [ 139.321862218166871, 36.629817774970377 ], [ 139.318573087178265, 36.626101413849199 ], [ 139.312140311226472, 36.623379505060143 ], [ 139.311940310996647, 36.622048387023483 ], [ 139.311396978387961, 36.621129775418865 ], [ 139.308677004040533, 36.619378135292777 ], [ 139.307089222189916, 36.617027586254153 ], [ 139.305615888062903, 36.616077305923 ], [ 139.306329779795533, 36.613793973113445 ], [ 139.305618392674774, 36.613198414175542 ], [ 139.304772281715486, 36.611220667399948 ], [ 139.301787276261848, 36.607855387216375 ], [ 139.301540077812433, 36.606848720292248 ], [ 139.302328144728108, 36.605402891929998 ], [ 139.301904528071532, 36.603781252402939 ], [ 139.29974980460986, 36.601908198404658 ], [ 139.298240078516869, 36.599643198275032 ], [ 139.298100363441108, 36.598312639616665 ], [ 139.298851193028213, 36.597570135053729 ], [ 139.297910921252083, 36.596360694390569 ], [ 139.298133695913407, 36.595468467995431 ], [ 139.297899533136956, 36.595179863859698 ], [ 139.296400078201145, 36.595105170667125 ], [ 139.295215356303743, 36.594020170994156 ], [ 139.293193969026561, 36.593950720849136 ], [ 139.2916831385661, 36.592654613419711 ], [ 139.291478690289409, 36.592142386561932 ], [ 139.290062023343808, 36.591353504860422 ], [ 139.288608664058643, 36.589682134622876 ], [ 139.287265058036041, 36.589293251582319 ], [ 139.285421724832759, 36.589729359822172 ], [ 139.283421440147436, 36.589308531963241 ], [ 139.282859494270269, 36.588491306328763 ], [ 139.280451167387582, 36.587334081202926 ], [ 139.278431996939162, 36.588641333930468 ], [ 139.27814172456101, 36.590314946177898 ], [ 139.275669494551607, 36.589866612554204 ], [ 139.275572283234396, 36.591098838440701 ], [ 139.274541167341113, 36.591594107681999 ], [ 139.272659780224785, 36.591434946565585 ], [ 139.271251699106642, 36.590697721023048 ], [ 139.270203359397556, 36.590893278601982 ], [ 139.268351970966705, 36.589673558687821 ], [ 139.265375006351519, 36.591675774217663 ], [ 139.264355551067865, 36.59169438658671 ], [ 139.263074449726105, 36.590398000367486 ], [ 139.261160532332724, 36.590924666740023 ], [ 139.260307471412716, 36.592092440913461 ], [ 139.257678029117869, 36.591751053768178 ], [ 139.256812723928078, 36.591041333091084 ], [ 139.256015226721388, 36.589231333259477 ], [ 139.255216030695351, 36.588516053872866 ], [ 139.25391491584071, 36.588933279047637 ], [ 139.252268520675784, 36.58852105410341 ], [ 139.248672672306043, 36.588343559407804 ], [ 139.245686808899222, 36.588998279347152 ], [ 139.244163476063591, 36.588279134674394 ], [ 139.242275940282525, 36.588331918583208 ], [ 139.241070660782384, 36.586930801815129 ], [ 139.239864526926453, 36.586080532390724 ], [ 139.239538975043729, 36.584847467436703 ], [ 139.237840894941428, 36.582791360033298 ], [ 139.237456718952444, 36.58155830587117 ], [ 139.236783113250112, 36.581300532293767 ], [ 139.236065331050213, 36.5805013596501 ], [ 139.235033916582097, 36.580758586439686 ], [ 139.233585577312624, 36.579709413958312 ], [ 139.233095032210031, 36.578953026560953 ], [ 139.231719170203633, 36.578161080869222 ], [ 139.229772750412167, 36.577263305657084 ], [ 139.228422750209802, 36.577053865243727 ], [ 139.223978833956039, 36.574924134841012 ], [ 139.219798520685231, 36.575698026642669 ], [ 139.217133502109505, 36.575563306401534 ], [ 139.208884279985568, 36.573216360047013 ], [ 139.20714258096541, 36.573165251575176 ], [ 139.204286744237947, 36.572075277751935 ], [ 139.200390584358047, 36.571226665778056 ], [ 139.196020584282564, 36.571309171381188 ], [ 139.194919727763249, 36.571007224903553 ], [ 139.193073333267762, 36.569727504920479 ], [ 139.19085885884931, 36.568719441349174 ], [ 139.189394112348509, 36.566253892403267 ], [ 139.18967688707869, 36.565264441201066 ], [ 139.193706615168253, 36.56165861305459 ], [ 139.193439922114749, 36.559428333051187 ], [ 139.191016860739637, 36.559485558711629 ], [ 139.187611828722993, 36.558255278958029 ], [ 139.186854890041218, 36.558720838196166 ], [ 139.184722918527882, 36.559013332799111 ], [ 139.182992632803803, 36.55967833198946 ], [ 139.181874863634107, 36.559679440853586 ], [ 139.180934578368124, 36.560161386638754 ], [ 139.179509584599714, 36.560072225153135 ], [ 139.178278755360338, 36.561568332812385 ], [ 139.177305136722794, 36.561445278576798 ], [ 139.174249299765393, 36.562302505156538 ], [ 139.171775692894016, 36.562377505917198 ], [ 139.16910455263303, 36.561721385733392 ], [ 139.16750566775238, 36.563219999803209 ], [ 139.165465694186537, 36.566776386820834 ], [ 139.16375875486267, 36.568765278894546 ], [ 139.161219610796479, 36.569748333219081 ], [ 139.159912387746544, 36.570889440695169 ], [ 139.159845720103931, 36.572038892081252 ], [ 139.158247132898964, 36.5748002793095 ], [ 139.156173255791145, 36.57703972070658 ], [ 139.154016031314882, 36.576399720870484 ], [ 139.152052970468276, 36.577031386689214 ], [ 139.147980195429795, 36.577413333258789 ], [ 139.145717393243217, 36.576299720755571 ], [ 139.144092386654393, 36.576057505449569 ], [ 139.138755745781054, 36.578013054259088 ], [ 139.137206005253006, 36.57803722443839 ], [ 139.136216277958965, 36.577696386778882 ], [ 139.132387107678937, 36.578436667318385 ], [ 139.131112113633208, 36.577744720842247 ], [ 139.126035446978335, 36.576963333191316 ], [ 139.124501556102018, 36.576161666727614 ], [ 139.122530168432604, 36.57575417131801 ], [ 139.121466835226329, 36.574045278666745 ], [ 139.120915447390075, 36.573795000039297 ], [ 139.119643502046074, 36.574424721523712 ], [ 139.118285162430311, 36.576651108362 ], [ 139.114924332092301, 36.578198052897903 ], [ 139.112601829311075, 36.578709721276653 ], [ 139.109463799714604, 36.580218612798774 ], [ 139.108201309842684, 36.580506667448788 ], [ 139.10587461711998, 36.580235838413273 ], [ 139.10273269795573, 36.580613333338704 ], [ 139.098020998670222, 36.579836107750225 ], [ 139.095434332628429, 36.578983612503748 ], [ 139.088204890443421, 36.580750559091086 ], [ 139.085464085998865, 36.583083054239637 ], [ 139.080073501990569, 36.583247505168288 ], [ 139.078269882848872, 36.584518892033316 ], [ 139.077232412346007, 36.586146891565818 ], [ 139.072962308963497, 36.586423279310964 ], [ 139.072764837627233, 36.585802468309339 ], [ 139.073043968304546, 36.585156747885662 ], [ 139.074027690825346, 36.584334054373187 ], [ 139.07654211432714, 36.584191386823079 ], [ 139.07687360623197, 36.583847585897445 ], [ 139.076717664688545, 36.582179440628749 ], [ 139.07493072617217, 36.57953944119231 ], [ 139.073300725647982, 36.580010278551583 ], [ 139.070131828621015, 36.579789441029959 ], [ 139.067032387134986, 36.582889720684136 ], [ 139.065354332236666, 36.585606945803931 ], [ 139.063855720864922, 36.58701944079462 ], [ 139.06062433174759, 36.586952774950646 ], [ 139.057987951183009, 36.586469721200729 ], [ 139.058239856684054, 36.585702225377474 ], [ 139.057780143039281, 36.584882225334468 ], [ 139.056594034387217, 36.584156667596176 ], [ 139.055035966136984, 36.584034170940299 ], [ 139.054399856767986, 36.584271946293313 ], [ 139.053783190741683, 36.585355559211735 ], [ 139.053275135838931, 36.585660559787073 ], [ 139.051834034313288, 36.585538054137942 ], [ 139.05091542180935, 36.58483166724767 ], [ 139.048450972734258, 36.58644583790516 ], [ 139.046490414700997, 36.587010279400943 ], [ 139.045388470001967, 36.586929720830028 ], [ 139.044331530076079, 36.587705000285609 ], [ 139.043471218821765, 36.587694170649513 ], [ 139.042153721916748, 36.588333333216781 ], [ 139.038950947428361, 36.58818861341382 ], [ 139.037893994911997, 36.588753332800138 ], [ 139.036899273682593, 36.589784721187982 ], [ 139.035834552822394, 36.589414170827354 ], [ 139.035875668027757, 36.588762225296534 ], [ 139.033309001109615, 36.587735278660261 ], [ 139.031690636014105, 36.587885558971436 ], [ 139.031298144893526, 36.586886108207352 ], [ 139.030771193435839, 36.586574440957747 ], [ 139.023634226738181, 36.585909171071421 ], [ 139.019637003744833, 36.584705279225318 ], [ 139.01767810586, 36.584782225219556 ], [ 139.015978079624688, 36.584080279181592 ], [ 139.013938637558113, 36.581649441368654 ], [ 139.012003644552578, 36.581947504573748 ], [ 139.008991946321316, 36.581616386786891 ], [ 139.00623834002738, 36.5829258383568 ], [ 139.004279169648044, 36.582907504777552 ], [ 139.002157782255949, 36.58460666676433 ], [ 139.001529442130163, 36.587435837693818 ], [ 139.000213891358044, 36.588317774945438 ], [ 138.998731946222392, 36.588654170853374 ], [ 138.997791387562529, 36.591975838414271 ], [ 138.995241947158206, 36.591557505274693 ], [ 138.994843864952486, 36.590681667225226 ], [ 138.993438301036804, 36.589355865081188 ], [ 138.991335811098907, 36.588776973278755 ], [ 138.98965941724839, 36.588838081312474 ], [ 138.98784827527777, 36.588443081083369 ], [ 138.986350219686983, 36.587546973214273 ], [ 138.98533243804161, 36.587319468119006 ], [ 138.984090777367555, 36.586193918014942 ], [ 138.980012969722793, 36.584119198242433 ], [ 138.975050441424742, 36.582801694142915 ], [ 138.970315720394296, 36.58078502740716 ], [ 138.96832267165405, 36.580972250968671 ], [ 138.966687366928454, 36.580323640123936 ], [ 138.966339299618994, 36.580616134726881 ], [ 138.964066809036126, 36.580960585862385 ], [ 138.962177911681351, 36.580945586070015 ], [ 138.961412087697795, 36.581818360129262 ], [ 138.958962606938826, 36.581477532362271 ], [ 138.957509001239487, 36.582395027008943 ], [ 138.952619830640742, 36.583890586081736 ], [ 138.949335109927461, 36.585403919355429 ], [ 138.947442866195388, 36.58572697292152 ], [ 138.944795357419821, 36.585816414096257 ], [ 138.940231440128969, 36.58474058570954 ], [ 138.938051725406922, 36.582432559315237 ], [ 138.937245887887457, 36.58090338718165 ], [ 138.936782282876152, 36.581085892000374 ], [ 138.93594700425092, 36.582615612720417 ], [ 138.93565894870153, 36.584397837889981 ], [ 138.934583943194525, 36.585603945665639 ], [ 138.932486446292501, 36.586080054850697 ], [ 138.930885305012907, 36.58706005417821 ], [ 138.928823085816816, 36.587507838316128 ], [ 138.927564188736369, 36.587592837739351 ], [ 138.924863916736399, 36.586802000012369 ], [ 138.922458339980494, 36.586867279101682 ], [ 138.921789999808652, 36.586226171300837 ], [ 138.920601945923181, 36.586180332856145 ], [ 138.920074721071614, 36.585467837770523 ], [ 138.918720000327767, 36.584904505138866 ], [ 138.917615810921006, 36.58395033344118 ], [ 138.916701361378841, 36.583816721164794 ], [ 138.91465163376597, 36.584301999837464 ], [ 138.912965252944105, 36.583953667228002 ], [ 138.910526082912497, 36.584126170686261 ], [ 138.90538494206146, 36.586715891725078 ], [ 138.9024924381755, 36.586635054364308 ], [ 138.900191854570494, 36.585185893114556 ], [ 138.89947213972755, 36.584310613544005 ], [ 138.898001310212408, 36.583419505006191 ], [ 138.896862969950121, 36.583478108428039 ], [ 138.896126861365588, 36.582699505078153 ], [ 138.896313255752261, 36.582018387338735 ], [ 138.897720752310988, 36.580345892049309 ], [ 138.897554917325692, 36.579512279867856 ], [ 138.896491556240449, 36.578212837752289 ], [ 138.897822697659421, 36.577167559335464 ], [ 138.897914915940646, 36.575884504666192 ], [ 138.901668805770782, 36.57560589199835 ], [ 138.90425046708549, 36.573113667361895 ], [ 138.902769078630172, 36.571714503921271 ], [ 138.902405187749309, 36.570355333332031 ], [ 138.901455188006594, 36.569677559272009 ], [ 138.904399921819049, 36.568226171300807 ], [ 138.904812698047635, 36.567084224757195 ], [ 138.902658248879106, 36.563464774579757 ], [ 138.901457691719202, 36.562885053602372 ], [ 138.898472671876334, 36.562572838665631 ], [ 138.896458782247123, 36.561961440867833 ], [ 138.896622114419074, 36.559892278905579 ], [ 138.900457107809302, 36.555611999694065 ], [ 138.90164713480749, 36.554877559351951 ], [ 138.903276030964093, 36.554611720654464 ], [ 138.908069365309075, 36.555729774909253 ], [ 138.909703800390162, 36.555722279059978 ], [ 138.911006328978942, 36.553808667436101 ], [ 138.911349363682234, 36.550948945637401 ], [ 138.912486614865429, 36.549933109225663 ], [ 138.913884669442041, 36.549513946011871 ], [ 138.916207173122643, 36.549630053883959 ], [ 138.919422995874584, 36.55113477524975 ], [ 138.921646913174527, 36.551679505404877 ], [ 138.926367755867318, 36.551554505036449 ], [ 138.930840272360797, 36.550150053582172 ], [ 138.936829442424937, 36.546506441319252 ], [ 138.940128340050933, 36.547932278651786 ], [ 138.942964746925554, 36.550172837906189 ], [ 138.94409418929547, 36.55032422618217 ], [ 138.948517250270925, 36.547507000048086 ], [ 138.952626446053728, 36.546708359803006 ], [ 138.952591698947799, 36.546354197788048 ], [ 138.952129754084922, 36.545938360267144 ], [ 138.947591699497366, 36.545623387109686 ], [ 138.945313358824478, 36.544768387251338 ], [ 138.944434162706557, 36.542792000250643 ], [ 138.942830829779041, 36.540453666703399 ], [ 138.942804720661343, 36.539696442037211 ], [ 138.943399442330474, 36.538822279424721 ], [ 138.943365837363558, 36.53763561409238 ], [ 138.944278053889093, 36.537049505230527 ], [ 138.944095836853421, 36.536304225359743 ], [ 138.943018611819525, 36.53581117114868 ], [ 138.942501945908134, 36.534808386597831 ], [ 138.942014448608006, 36.534680054241164 ], [ 138.941426393613256, 36.533815892089819 ], [ 138.941531946142504, 36.532989774858265 ], [ 138.940302776152294, 36.532685333661277 ], [ 138.94089997365495, 36.531746441445193 ], [ 138.94079219170635, 36.530887278625073 ], [ 138.941094424168455, 36.530407838351096 ], [ 138.939919144253167, 36.529400892637113 ], [ 138.938984968081854, 36.530005891758549 ], [ 138.938492750240243, 36.528931441133182 ], [ 138.937294968388187, 36.527886170810177 ], [ 138.936309689140899, 36.52816922433027 ], [ 138.936098859275035, 36.52681589213978 ], [ 138.935409974091044, 36.526212838251922 ], [ 138.934590245643335, 36.526225053743303 ], [ 138.9341016331839, 36.525144225125928 ], [ 138.929881606750769, 36.523075054170477 ], [ 138.930090505772341, 36.521331721082106 ], [ 138.929846056550332, 36.520637278987294 ], [ 138.923835472728911, 36.515974775315669 ], [ 138.922560466991968, 36.513447558957751 ], [ 138.920864915783341, 36.513474775140821 ], [ 138.920150194875646, 36.514262000291126 ], [ 138.919028806834035, 36.514703667240497 ], [ 138.917979363656741, 36.514535053350073 ], [ 138.917805473443877, 36.513929775438839 ], [ 138.917166031187435, 36.513588387394236 ], [ 138.917285746240282, 36.512793107915627 ], [ 138.915429077889712, 36.512648666902521 ], [ 138.914608807150785, 36.51194310828788 ], [ 138.91417019519838, 36.512220612990973 ], [ 138.913488780682769, 36.511151170690027 ], [ 138.912047950752367, 36.510631170991815 ], [ 138.910267392925903, 36.509103387411471 ], [ 138.909282943752942, 36.508768666940455 ], [ 138.904173502205481, 36.508722279010044 ], [ 138.903043217170762, 36.508221441166654 ], [ 138.901625161671973, 36.506626999836215 ], [ 138.897258196808366, 36.505468666745628 ], [ 138.896080143383983, 36.504366171661559 ], [ 138.893692360614068, 36.502873946375587 ], [ 138.893125965790773, 36.502840333314793 ], [ 138.891894864056781, 36.501790332557846 ], [ 138.890819585155782, 36.500269775030119 ], [ 138.89068347636146, 36.499565891852455 ], [ 138.888032087910574, 36.497148667077397 ], [ 138.887984034435704, 36.496448386583836 ], [ 138.886743747925721, 36.49528838704947 ], [ 138.886316250694449, 36.494118108264161 ], [ 138.885306783281521, 36.493403945835496 ], [ 138.885407055890937, 36.491025332553079 ], [ 138.883692607228113, 36.48857922515117 ], [ 138.883635109972374, 36.487380053846437 ], [ 138.881529558742159, 36.485994505242274 ], [ 138.881673721864786, 36.485030333083444 ], [ 138.880603995378124, 36.482769225219613 ], [ 138.879855383519157, 36.4826589458537 ], [ 138.879163994622672, 36.483234504768632 ], [ 138.87731538329831, 36.482980332976013 ], [ 138.876955382884717, 36.483172278877646 ], [ 138.875692049448617, 36.482375054165459 ], [ 138.874821218824309, 36.482441441219578 ], [ 138.872305913986793, 36.481632558595777 ], [ 138.871012580965953, 36.48219700009156 ], [ 138.86923564201129, 36.481461720681921 ], [ 138.865792826777579, 36.481330053639113 ], [ 138.862133943126992, 36.478533946284642 ], [ 138.861922802095705, 36.475936170917578 ], [ 138.860564475070532, 36.473458359715607 ], [ 138.859845306116085, 36.473566693847886 ], [ 138.858792244066876, 36.474361973326438 ], [ 138.85628861242958, 36.474679468182956 ], [ 138.855816667105614, 36.476194747589602 ], [ 138.855427782266361, 36.476457801986044 ], [ 138.853456667091564, 36.477038081442345 ], [ 138.851997223892795, 36.476912532487461 ], [ 138.85074691263992, 36.477181412692119 ], [ 138.849863579640555, 36.476661973271518 ], [ 138.849096641396955, 36.475448359754068 ], [ 138.847996082553209, 36.475107531987078 ], [ 138.842792166325466, 36.475281134416889 ], [ 138.840750466960571, 36.47416669363804 ], [ 138.838866861216729, 36.47374141413502 ], [ 138.838077419237607, 36.473908919161317 ], [ 138.837136030503416, 36.473388081294956 ], [ 138.834378780156612, 36.473537251842743 ], [ 138.832624059852492, 36.473201945913104 ], [ 138.826786251984004, 36.473010559389877 ], [ 138.82268347556203, 36.474831108269086 ], [ 138.819157884928472, 36.475382225409419 ], [ 138.815527859623103, 36.474831108269086 ], [ 138.81028313935542, 36.474903613411072 ], [ 138.808108664083647, 36.474364441066143 ], [ 138.806253671169998, 36.475183612833519 ], [ 138.804992283866909, 36.47520250489174 ], [ 138.803327833912476, 36.476627774752046 ], [ 138.8023886638058, 36.476914721437311 ], [ 138.801172554669733, 36.476506666649414 ], [ 138.800670026100875, 36.476010559239967 ], [ 138.799734188881757, 36.4759816667206 ], [ 138.798866692943534, 36.476501667318132 ], [ 138.798818911063904, 36.477057773897172 ], [ 138.798459754214377, 36.477243054023802 ], [ 138.794725862608516, 36.476334171285032 ], [ 138.794193358736607, 36.476716668239703 ], [ 138.791589170304064, 36.476758892309078 ], [ 138.791525006374059, 36.475873053798466 ], [ 138.790326394447561, 36.475674442121885 ], [ 138.78983277636155, 36.475154440624976 ], [ 138.789085278762627, 36.475327775056826 ], [ 138.788720271823195, 36.474837505146809 ], [ 138.787586938986124, 36.474734414062027 ], [ 138.782901362308053, 36.473226359808734 ], [ 138.780022476855834, 36.473419134885205 ], [ 138.780662995600778, 36.470744415322542 ], [ 138.780794112258491, 36.468644973186997 ], [ 138.779669105344965, 36.468146918745333 ], [ 138.778973280992204, 36.467112468165908 ], [ 138.777800778183405, 36.467028864490544 ], [ 138.77581907888748, 36.46599219798162 ], [ 138.774489078708029, 36.465962198396767 ], [ 138.77379518789769, 36.464969693996238 ], [ 138.773842968877943, 36.46638274836522 ], [ 138.774872724097008, 36.468375531805407 ], [ 138.774896887081695, 36.469453586014254 ], [ 138.775453553938405, 36.470729413731533 ], [ 138.775471608727798, 36.472662467798727 ], [ 138.775980506295355, 36.474687197855928 ], [ 138.775747172693968, 36.476106107710734 ], [ 138.775920803902068, 36.477835837653856 ], [ 138.774448274668202, 36.478130837767992 ], [ 138.771313553677601, 36.478371386630215 ], [ 138.769805771918868, 36.477939721041366 ], [ 138.767154383468096, 36.477869171025475 ], [ 138.763908249066503, 36.478889440195587 ], [ 138.760186304054741, 36.478902224957778 ], [ 138.759003799885477, 36.478506107770727 ], [ 138.757909079440537, 36.477222775210976 ], [ 138.754734059829048, 36.476132504611428 ], [ 138.753657663970102, 36.476068891965838 ], [ 138.752872114256775, 36.476570837773977 ], [ 138.751481556428757, 36.476543054118679 ], [ 138.74931710679914, 36.475805837569396 ], [ 138.748452387068028, 36.475825837592367 ], [ 138.747866834886622, 36.476391947330569 ], [ 138.746837639045907, 36.476182505118572 ], [ 138.74442486411624, 36.476408332978224 ], [ 138.743406523992007, 36.477146108006536 ], [ 138.742511245297806, 36.476989440710156 ], [ 138.741729026673283, 36.477228612710348 ], [ 138.7406559663998, 36.476547225174329 ], [ 138.740026808790276, 36.476550279272033 ], [ 138.739311802797488, 36.476684999513168 ], [ 138.738057638849, 36.477781945780237 ], [ 138.734667327834927, 36.47684444121802 ], [ 138.731865109587147, 36.477625279383176 ], [ 138.730723994916502, 36.477607774978878 ], [ 138.730225667080958, 36.47820417118561 ], [ 138.727367328439527, 36.479654169704247 ], [ 138.725675382612849, 36.481077532102461 ], [ 138.722760389380483, 36.482275027070898 ], [ 138.721342892360667, 36.481304748515356 ], [ 138.719229000817791, 36.481426972676672 ], [ 138.716469806136729, 36.48052363965428 ], [ 138.714370920681517, 36.480852251929946 ], [ 138.71268674409805, 36.479827532015065 ], [ 138.712538974693985, 36.4791258647669 ], [ 138.710682023056961, 36.478741695073211 ], [ 138.709763695638117, 36.479024198208208 ], [ 138.706234228027256, 36.478374467707567 ], [ 138.70457588806687, 36.477330585937864 ], [ 138.704165615550778, 36.476197251302153 ], [ 138.703495057650798, 36.475459747869138 ], [ 138.699960856008715, 36.473771134929962 ], [ 138.698788910779626, 36.473676694423943 ], [ 138.697673086843565, 36.473040306265148 ], [ 138.696744188793332, 36.472956694495906 ], [ 138.694900310600929, 36.473563946419063 ], [ 138.691507522853954, 36.474094774854052 ], [ 138.688176135420349, 36.473932001160961 ], [ 138.687159727939161, 36.4734908917913 ], [ 138.686918612503973, 36.472764774674658 ], [ 138.685350829777008, 36.472063945594641 ], [ 138.683919441828834, 36.470788667363138 ], [ 138.684148611569185, 36.46800783859095 ], [ 138.682062476701958, 36.466502558746129 ], [ 138.681778585913094, 36.465371720628468 ], [ 138.679718028664183, 36.464953667178065 ], [ 138.677920532106896, 36.463730054098789 ], [ 138.675760803918024, 36.46374394592641 ], [ 138.67470522736437, 36.463305332175366 ], [ 138.673601051447463, 36.463557000255435 ], [ 138.672707717087519, 36.462570891833252 ], [ 138.670400506378314, 36.462629224559123 ], [ 138.669838002921551, 36.461863945564687 ], [ 138.668328003434681, 36.461101171182179 ], [ 138.667464642579262, 36.459746441445191 ], [ 138.666230195367234, 36.459570613193307 ], [ 138.665744915795244, 36.459148386888614 ], [ 138.665766030078316, 36.458089224737989 ], [ 138.664097690555991, 36.45677810762362 ], [ 138.663919078902381, 36.45574617064932 ], [ 138.662374332309696, 36.454458945823717 ], [ 138.66206488998273, 36.453664505412632 ], [ 138.660220725805971, 36.453554531816224 ], [ 138.659445162164616, 36.454371198072408 ], [ 138.657669339268637, 36.453903135121664 ], [ 138.65670377406002, 36.452556467806801 ], [ 138.655670726422954, 36.45221564093913 ], [ 138.655030973001089, 36.451353693817964 ], [ 138.651573748829492, 36.448914802576155 ], [ 138.650925693765771, 36.447709801865926 ], [ 138.650009856569682, 36.447332865419469 ], [ 138.649781776807572, 36.445767027026704 ], [ 138.648176782832365, 36.444664801739236 ], [ 138.647693450292536, 36.443957027195097 ], [ 138.646542049176333, 36.443469531693609 ], [ 138.645449804564919, 36.440965919841403 ], [ 138.642583695781013, 36.438068413926203 ], [ 138.642510635757276, 36.437813413858009 ], [ 138.643290363259666, 36.437256468211501 ], [ 138.643464254371906, 36.436357585933877 ], [ 138.643177833790105, 36.432176467769807 ], [ 138.64498977975461, 36.430920640075556 ], [ 138.645416719406171, 36.42755369434758 ], [ 138.646417561421345, 36.426132305961175 ], [ 138.646585615933532, 36.425251197884506 ], [ 138.647189493600308, 36.424810081320231 ], [ 138.645354188645001, 36.423427306225278 ], [ 138.645462801567078, 36.421972052967931 ], [ 138.64591697808612, 36.421428171772789 ], [ 138.645062244427095, 36.42019205362044 ], [ 138.644946693235397, 36.418525946215482 ], [ 138.645762529417311, 36.417327613078953 ], [ 138.645551971146574, 36.416614278925863 ], [ 138.644547782753989, 36.415949837315168 ], [ 138.644474163352015, 36.415453171426748 ], [ 138.643939727736324, 36.415060945606228 ], [ 138.644171946178403, 36.414518170577139 ], [ 138.643826395172027, 36.413140946097826 ], [ 138.644422776989586, 36.411439277700538 ], [ 138.643634163286038, 36.411587612778135 ], [ 138.642780272291816, 36.412267332971112 ], [ 138.641809728436328, 36.41422261288335 ], [ 138.63860221901723, 36.415904278559651 ], [ 138.637151387726476, 36.417216224848971 ], [ 138.632846394245803, 36.417985945594978 ], [ 138.62689275010041, 36.415545693678894 ], [ 138.625133579950784, 36.415651532192499 ], [ 138.621238858986203, 36.416469026724258 ], [ 138.619124136469736, 36.419370665923566 ], [ 138.618670245935164, 36.420529559291765 ], [ 138.617093022125346, 36.42060483794296 ], [ 138.612999973669957, 36.422621504678773 ], [ 138.607551634300535, 36.423192891638678 ], [ 138.605368585791666, 36.422842612896318 ], [ 138.603827172086426, 36.42199844087537 ], [ 138.600351894024698, 36.422640386844421 ], [ 138.599656328676701, 36.424094837906523 ], [ 138.59239688690684, 36.424391505363758 ], [ 138.590196057002458, 36.423890386931873 ], [ 138.589170777709342, 36.421124837641173 ], [ 138.586861894261119, 36.420385135365734 ], [ 138.586328002735172, 36.420531251815873 ], [ 138.584885771661106, 36.422287332794212 ], [ 138.583842166882505, 36.422545108170254 ], [ 138.582010219995709, 36.421742332842427 ], [ 138.5758115816393, 36.420304000329395 ], [ 138.57477574610391, 36.41965486517995 ], [ 138.573129636023964, 36.419195135347252 ], [ 138.571399363789624, 36.41957569426296 ], [ 138.566894085893409, 36.419723198366967 ], [ 138.564506860703091, 36.420216775084157 ], [ 138.55500797663683, 36.417773747860224 ], [ 138.552787976783748, 36.416392918898168 ], [ 138.551834332088788, 36.414464586271663 ], [ 138.549630725977295, 36.413344027405003 ], [ 138.546564060283231, 36.408220134651572 ], [ 138.543760413912082, 36.405291279269193 ], [ 138.540611530397882, 36.40284933303036 ], [ 138.538925966160491, 36.402502387175502 ], [ 138.533860972705838, 36.402208774715234 ], [ 138.529346808608352, 36.403042666585861 ], [ 138.523064890332535, 36.405904332718819 ], [ 138.517325446712107, 36.407451838431655 ], [ 138.505163554054889, 36.414870414338225 ], [ 138.503773838891561, 36.414596801900927 ], [ 138.502688275343644, 36.41386958581279 ], [ 138.496432165811825, 36.414184585949954 ], [ 138.495172166162547, 36.413998467655233 ], [ 138.491822750019992, 36.413075693988162 ], [ 138.49062661482651, 36.410378774660785 ], [ 138.488824941817711, 36.408917388027078 ], [ 138.488351607940444, 36.406576837651016 ], [ 138.488644357950875, 36.403697945903559 ], [ 138.489909364125879, 36.401780999593484 ], [ 138.488957419149642, 36.400933504577608 ], [ 138.485041025423016, 36.401780999593484 ], [ 138.479591893750921, 36.403824333026591 ], [ 138.47876160816179, 36.403887666882383 ], [ 138.477868003105868, 36.40444989334793 ], [ 138.475553552854194, 36.403962665844404 ], [ 138.472921633826445, 36.404877666671041 ], [ 138.465592476611619, 36.404251558662565 ], [ 138.459650000247393, 36.404750441379804 ], [ 138.460030558263725, 36.405696837539097 ], [ 138.459786394126809, 36.406806000196809 ], [ 138.461173060588294, 36.407740721357243 ], [ 138.459185305257733, 36.410532666649317 ], [ 138.45797418915754, 36.411289054046676 ], [ 138.457002244158275, 36.412512945915751 ], [ 138.457837276369219, 36.414405999937003 ], [ 138.457968392127668, 36.415128775172889 ], [ 138.457656161003115, 36.415891278859476 ], [ 138.458154228035255, 36.417106837610504 ], [ 138.458002553774918, 36.418160441051555 ], [ 138.456964773005893, 36.420240134974279 ], [ 138.45162535682482, 36.42117374817002 ], [ 138.449429249260561, 36.420063775223127 ], [ 138.446970362492266, 36.419314585999416 ], [ 138.445700337200833, 36.419785972844409 ], [ 138.44185089530265, 36.422584306020951 ], [ 138.432046134721418, 36.424994838041414 ], [ 138.420566939013042, 36.428559801893414 ], [ 138.415283606353455, 36.431596441022975 ], [ 138.405709974235947, 36.433423107990109 ], [ 138.403609104876409, 36.433496170711749 ], [ 138.401232166131649, 36.434210864639738 ], [ 138.400687444969662, 36.435508640311525 ], [ 138.401371632994483, 36.438917533117717 ], [ 138.400591919881208, 36.441180864105661 ], [ 138.400941634748733, 36.445897801042747 ], [ 138.403232776371624, 36.450805027330205 ], [ 138.403461115138384, 36.452048054973829 ], [ 138.403126393768162, 36.452319440689678 ], [ 138.401461115538154, 36.452434440597017 ], [ 138.399359728168974, 36.452197505210734 ], [ 138.39869778217701, 36.453155838071496 ], [ 138.399424162794958, 36.45463666714852 ], [ 138.40101583691137, 36.456385558946465 ], [ 138.400771387689474, 36.459715559625408 ], [ 138.400071141370177, 36.461404999940839 ], [ 138.400458637656016, 36.463374721166474 ], [ 138.400803917067151, 36.463827225845876 ], [ 138.402803086593281, 36.464806666694358 ], [ 138.403349196308454, 36.466870278940291 ], [ 138.402165862964239, 36.468372198018585 ], [ 138.401072801768464, 36.468831640068174 ], [ 138.401237807578809, 36.471128864705406 ], [ 138.400154746844123, 36.472010532160368 ], [ 138.399604475066553, 36.473153305180915 ], [ 138.399721141417558, 36.474073865616447 ], [ 138.401031166755047, 36.477114414098992 ], [ 138.400177004165471, 36.479465802205084 ], [ 138.400665058145933, 36.480179972727626 ], [ 138.400818664150052, 36.481173585992224 ], [ 138.400144500868123, 36.482197170962706 ], [ 138.397290895358651, 36.484062721017835 ], [ 138.398214500898575, 36.486935224880767 ], [ 138.397131996844223, 36.488900775050752 ], [ 138.397089532655855, 36.490453000405694 ], [ 138.398002307660477, 36.491468558926897 ], [ 138.39845786014223, 36.493892170687161 ], [ 138.401730661241118, 36.501406586444887 ], [ 138.403882891782132, 36.504006864625183 ], [ 138.40603180292544, 36.507364080587877 ], [ 138.405774577934494, 36.508507693575268 ], [ 138.405046808763245, 36.509456305664003 ], [ 138.404256251624815, 36.511642694254988 ], [ 138.403794864341535, 36.513282694340944 ], [ 138.403865694046658, 36.514621586117357 ], [ 138.402800973186459, 36.516056585742888 ], [ 138.403555421645478, 36.517732413919816 ], [ 138.404078222731869, 36.521710440884192 ], [ 138.40570406029417, 36.523700720611828 ], [ 138.408827134164994, 36.525243225194743 ], [ 138.411714643216328, 36.527271558835423 ], [ 138.413889364003012, 36.532134053743619 ], [ 138.413769662440018, 36.533837386786047 ], [ 138.412417172914274, 36.535389333351134 ], [ 138.412165226943785, 36.536277108102126 ], [ 138.412430220278452, 36.53762846807939 ], [ 138.411499948064261, 36.538934027383505 ], [ 138.41191077815995, 36.54068291918145 ], [ 138.412388560084082, 36.54148625208893 ], [ 138.414681633450641, 36.542776252222325 ], [ 138.418094694614524, 36.543338467896035 ], [ 138.418969689099981, 36.545167080996066 ], [ 138.420232476647584, 36.545886532337647 ], [ 138.42196917004128, 36.547966801826476 ], [ 138.423838612362147, 36.549092919402767 ], [ 138.424888339725157, 36.5507051079544 ], [ 138.426107781748783, 36.551500107743834 ], [ 138.426094720894753, 36.552507333146934 ], [ 138.426465836928855, 36.553342055091832 ], [ 138.42890697827454, 36.556450666964736 ], [ 138.42853557715523, 36.558040667442924 ], [ 138.42661308742413, 36.559418441408013 ], [ 138.426162243792533, 36.560393720194099 ], [ 138.427913113199679, 36.5622217748151 ], [ 138.428708664273472, 36.563639531739057 ], [ 138.428827561842581, 36.566893973178367 ], [ 138.428429494025977, 36.568696198370901 ], [ 138.427249533139502, 36.57020646765443 ], [ 138.424369533427239, 36.571654252042151 ], [ 138.423109805373315, 36.57293953163412 ], [ 138.420603968598357, 36.573456198444831 ], [ 138.420295083851101, 36.573964532137495 ], [ 138.420294812255861, 36.577237306256734 ], [ 138.420759000927205, 36.578488972787909 ], [ 138.424397327874431, 36.581818945587941 ], [ 138.425099856673114, 36.583050891785263 ], [ 138.425326523600233, 36.584598386706261 ], [ 138.427029585047421, 36.587752279444203 ], [ 138.426342672076771, 36.592959468304855 ], [ 138.426596030882138, 36.594528359895946 ], [ 138.428835473178651, 36.59789141425739 ], [ 138.431983838683323, 36.599280586230122 ], [ 138.433241608013873, 36.599370306194714 ], [ 138.435654383842802, 36.600343919436398 ], [ 138.437199947919339, 36.600205027240293 ], [ 138.438835771553727, 36.599525864627026 ], [ 138.441297445320856, 36.599689468394331 ], [ 138.441428002600333, 36.599991693661764 ], [ 138.438943307088039, 36.605575837854701 ], [ 138.44158333260475, 36.610669441441644 ], [ 138.444616394231275, 36.610049170932541 ], [ 138.448718885568155, 36.610701108369483 ], [ 138.450335836929412, 36.610676946284116 ], [ 138.451258339900505, 36.611218892138197 ], [ 138.451861114998565, 36.612100000214866 ], [ 138.454973646116969, 36.613850838145709 ], [ 138.45502808028175, 36.614663333346186 ], [ 138.456300896169523, 36.616913332784122 ], [ 138.456222282832186, 36.6190002518602 ], [ 138.457127004407766, 36.61983774821357 ], [ 138.457760077665512, 36.622069135282402 ], [ 138.458785083564862, 36.623064414091516 ], [ 138.458881750792216, 36.62451135941177 ], [ 138.460232022589821, 36.625768027072866 ], [ 138.460575667932744, 36.626472198033582 ], [ 138.459977885870785, 36.627588864634447 ], [ 138.458090946340121, 36.62951274831471 ], [ 138.458494838166303, 36.630568027192737 ], [ 138.4580065242817, 36.632605532119669 ], [ 138.458187912142535, 36.633698278552743 ], [ 138.459056251644711, 36.634838000173602 ], [ 138.46163739315125, 36.635361892137666 ], [ 138.462234331649142, 36.636338838266852 ], [ 138.463350440670411, 36.637027171266993 ], [ 138.46608795179759, 36.636822170806568 ], [ 138.467065447412551, 36.637207720959623 ], [ 138.468832139491724, 36.639824945964563 ], [ 138.472264643098811, 36.641967999823407 ], [ 138.473097172496523, 36.644048279204753 ], [ 138.474701051312536, 36.6440843869849 ], [ 138.47646827489109, 36.644711054371726 ], [ 138.478561051251631, 36.644168280242013 ], [ 138.481209105016205, 36.645247721205408 ], [ 138.485130220183578, 36.644222441012914 ], [ 138.485702724101543, 36.643861052945283 ], [ 138.486306589177843, 36.642291919436559 ], [ 138.487981855278463, 36.641490801559314 ], [ 138.490081854993718, 36.641195802344441 ], [ 138.494731284321347, 36.642799414061756 ], [ 138.496854331861982, 36.64320330588788 ], [ 138.497646277553713, 36.643918026795575 ], [ 138.499355162111101, 36.643963306761236 ], [ 138.502050168580467, 36.644582197710292 ], [ 138.503546834718691, 36.645318585984 ], [ 138.504141284792468, 36.646804134703132 ], [ 138.506509883224567, 36.646817774720603 ], [ 138.508002387300394, 36.648277225113873 ], [ 138.511743191095434, 36.646701108369484 ], [ 138.515105421677958, 36.649072504592482 ], [ 138.520499558907545, 36.650060864917009 ], [ 138.52234011680298, 36.65074308072866 ], [ 138.52407761239192, 36.650377251808777 ], [ 138.524905667662551, 36.650908359932941 ], [ 138.526561504809706, 36.653028919049405 ], [ 138.526717327642586, 36.653786972890543 ], [ 138.527635382566928, 36.653811972244796 ], [ 138.528987613087907, 36.654761972886774 ], [ 138.529464279852732, 36.655523918993708 ], [ 138.52919817135853, 36.658040865093881 ], [ 138.530299830972467, 36.659381134631701 ], [ 138.531575666783624, 36.660129467700813 ], [ 138.532715939688956, 36.661776441129916 ], [ 138.533650142839861, 36.663961720856776 ], [ 138.534538469774589, 36.664970333014537 ], [ 138.534617367297756, 36.665638388101172 ], [ 138.534200143022304, 36.666417837713084 ], [ 138.533517911922218, 36.666808945676337 ], [ 138.531002945229829, 36.667332253081042 ], [ 138.530044616865666, 36.667933639625801 ], [ 138.528382697603433, 36.66821058584992 ], [ 138.527247417734202, 36.668802532211146 ], [ 138.526126589970204, 36.668686972925514 ], [ 138.525104668745485, 36.670294747604544 ], [ 138.522668029406077, 36.672739170576335 ], [ 138.519970830389525, 36.674610279340982 ], [ 138.518271946293339, 36.676208891727015 ], [ 138.517967497002473, 36.677383613163272 ], [ 138.519775550701183, 36.680425278603764 ], [ 138.519900310950675, 36.68188777500086 ], [ 138.518530309826019, 36.683890000423219 ], [ 138.518696977583545, 36.684993892154466 ], [ 138.520158911004955, 36.686371667018875 ], [ 138.519499467826222, 36.687733333226788 ], [ 138.519899195791368, 36.689194171274039 ], [ 138.516843113319055, 36.68983719732887 ], [ 138.516384501343737, 36.690307747804354 ], [ 138.51556282676313, 36.689820532891304 ], [ 138.514398105788018, 36.690072747759132 ], [ 138.514031192285756, 36.690364414985822 ], [ 138.514335641576622, 36.690785251837951 ], [ 138.516807003740269, 36.69122805373172 ], [ 138.520016445802412, 36.692317225359716 ], [ 138.52103116705473, 36.694015559070863 ], [ 138.524110584236155, 36.694599999690297 ], [ 138.52585557657369, 36.695827253225218 ], [ 138.526853917574272, 36.695690864741664 ], [ 138.527720855932785, 36.696715585555864 ], [ 138.529813644883916, 36.697100305634649 ], [ 138.530832503017677, 36.697655027257781 ], [ 138.532699727610407, 36.696921414291864 ], [ 138.537084694203372, 36.697130332199151 ], [ 138.536838611812527, 36.697676171218404 ], [ 138.537068340931228, 36.698286170570384 ], [ 138.538778884737781, 36.700493945938888 ], [ 138.540608029337136, 36.701262865388969 ], [ 138.543639143931387, 36.703834531638392 ], [ 138.545759416164174, 36.703972865355524 ], [ 138.546426641176595, 36.703506198152581 ], [ 138.549081361615663, 36.704593440734754 ], [ 138.549929974488805, 36.704507891825813 ], [ 138.550956082956873, 36.704895387212389 ], [ 138.552997716671371, 36.70457455856905 ], [ 138.555936328798566, 36.705742892120838 ], [ 138.556130219933721, 36.70626902699405 ], [ 138.558830505423543, 36.706575135534138 ], [ 138.559777173178077, 36.707037639775308 ], [ 138.560421050890795, 36.706940693758042 ], [ 138.5623996628143, 36.705685413750871 ], [ 138.565375227185086, 36.706123504995787 ], [ 138.567270777724275, 36.705903225053873 ], [ 138.568146614874422, 36.706365721201109 ], [ 138.569391024775996, 36.705592946357456 ], [ 138.571319922176713, 36.705547386702563 ], [ 138.573926030661823, 36.707146866035089 ], [ 138.574768520950556, 36.707234360177608 ], [ 138.575257134309368, 36.706444080929657 ], [ 138.576057976994093, 36.706336027385817 ], [ 138.576484915746278, 36.705509359769167 ], [ 138.578258806898475, 36.704733252038011 ], [ 138.580484889765899, 36.702799919180961 ], [ 138.583025720060959, 36.70141046841843 ], [ 138.584055719895673, 36.701197973008107 ], [ 138.584504616494883, 36.702033559201425 ], [ 138.585861554966868, 36.702827999612566 ], [ 138.586516277604233, 36.703656613362057 ], [ 138.587404643209766, 36.705551612616887 ], [ 138.58834046693903, 36.706121054343214 ], [ 138.589814357746491, 36.707828277852798 ], [ 138.591606031193464, 36.708312999845134 ], [ 138.592648520812645, 36.708937748078654 ], [ 138.593561855195503, 36.710207467600583 ], [ 138.592866329417689, 36.7110894138454 ], [ 138.594335226289672, 36.713796080924453 ], [ 138.595728560324915, 36.714535532289062 ], [ 138.597670505989072, 36.71472053182714 ], [ 138.599911894418483, 36.714106667189014 ], [ 138.601582166583739, 36.712738333407401 ], [ 138.602420219617557, 36.71262583721267 ], [ 138.602843281392438, 36.711183613333162 ], [ 138.604290506401867, 36.710454720908672 ], [ 138.604462697795384, 36.708899999935113 ], [ 138.605932412151219, 36.707589720089572 ], [ 138.609207976866742, 36.706505559484015 ], [ 138.610861581896529, 36.706380837905385 ], [ 138.613349104877329, 36.709347532262882 ], [ 138.617109948265579, 36.711346973384138 ], [ 138.61732247695079, 36.714432252346626 ], [ 138.618791362131674, 36.716230864962483 ], [ 138.619906912673969, 36.716503640130952 ], [ 138.620878884652825, 36.718189504741929 ], [ 138.620895550889031, 36.719080892069542 ], [ 138.621771115544561, 36.720213107948609 ], [ 138.622577782238977, 36.720508108062802 ], [ 138.62449306120584, 36.720842557837841 ], [ 138.626196666742885, 36.720523667233522 ], [ 138.627729441560518, 36.720922000350072 ], [ 138.630330830403523, 36.719510053945896 ], [ 138.632790584118197, 36.720517864807675 ], [ 138.635845031622921, 36.720855919065457 ], [ 138.636870025831058, 36.721355360261725 ], [ 138.638913942924205, 36.723175359655158 ], [ 138.641446446396458, 36.72352369406326 ], [ 138.643001167370016, 36.724360640031591 ], [ 138.644999780215699, 36.724403413586742 ], [ 138.646566743660401, 36.725843721010961 ], [ 138.648925084425173, 36.727119558620814 ], [ 138.651247029626802, 36.726867332961092 ], [ 138.653732022814665, 36.727410946158273 ], [ 138.655498689712772, 36.727146774803884 ], [ 138.656383449936357, 36.728539559353237 ], [ 138.658466225835696, 36.728588171307138 ], [ 138.659833449853863, 36.729228467919484 ], [ 138.661291219414352, 36.729074306134351 ], [ 138.66302625176013, 36.729554865164971 ], [ 138.665745136129203, 36.728725972625568 ], [ 138.667164306787413, 36.730281801563933 ], [ 138.66852374807263, 36.730912640006409 ], [ 138.670305693553019, 36.730521252353981 ], [ 138.675302943775932, 36.730937919049779 ], [ 138.676158780903052, 36.730600693966892 ], [ 138.677444617175411, 36.731848468232272 ], [ 138.679941854632943, 36.732984305681214 ], [ 138.68215741902975, 36.735002946428892 ], [ 138.683933280596534, 36.735375720812897 ], [ 138.68470383771205, 36.736421838297247 ], [ 138.685990778351766, 36.736314053650688 ], [ 138.690482477384535, 36.737544333404287 ], [ 138.691762477056727, 36.737373776078982 ], [ 138.695931634237581, 36.738512666726251 ], [ 138.697371090003912, 36.737640441253404 ], [ 138.698509144281616, 36.737357108044137 ], [ 138.70154306116342, 36.737223774557606 ], [ 138.703126939057029, 36.736558775367257 ], [ 138.705284721113003, 36.736576278872235 ], [ 138.708968638292049, 36.737719333380596 ], [ 138.710141698680559, 36.738632108385161 ], [ 138.712401414393867, 36.738757386644124 ], [ 138.713074189122608, 36.739218226240212 ], [ 138.713884228274537, 36.740701864799291 ], [ 138.714470894716101, 36.74211741388757 ], [ 138.714262826668232, 36.743090197954302 ], [ 138.715167301829524, 36.744210747827822 ], [ 138.715776200411369, 36.745750198313033 ], [ 138.717207302375186, 36.746223251601805 ], [ 138.718488974786396, 36.746200468177108 ], [ 138.718743722145177, 36.746909080889395 ], [ 138.720038171224701, 36.748311305622281 ], [ 138.721873747775248, 36.749690198344013 ], [ 138.722282361042176, 36.752687693582232 ], [ 138.722094034012571, 36.753768252403006 ], [ 138.720825135571658, 36.754644639938249 ], [ 138.72172238737835, 36.757605774686795 ], [ 138.721389882836888, 36.759236054000723 ], [ 138.72220822273141, 36.759666054944546 ], [ 138.723607419446921, 36.761589945819424 ], [ 138.72702744496064, 36.764168838121407 ], [ 138.729462724525206, 36.762392170762098 ], [ 138.73539941555066, 36.762766613388521 ], [ 138.737713022238268, 36.762052171270739 ], [ 138.73868747095014, 36.76144050457566 ], [ 138.740578859426932, 36.75934853220906 ], [ 138.745166355143283, 36.758806026976629 ], [ 138.748179441927732, 36.75777686531012 ], [ 138.749587782050526, 36.756748801715901 ], [ 138.753325278139187, 36.75498269419603 ], [ 138.754780830870686, 36.753516026743284 ], [ 138.75603389135108, 36.752810468128644 ], [ 138.756160558163288, 36.752112134667357 ], [ 138.758035007009994, 36.750819360125433 ], [ 138.760079728996402, 36.750357414363236 ], [ 138.761645551201241, 36.74887325239871 ], [ 138.764931945552917, 36.74907963961374 ], [ 138.766278340373219, 36.746989640359686 ], [ 138.767349170327975, 36.746516026793245 ], [ 138.772009196367435, 36.74626686602312 ], [ 138.773523644800434, 36.747109919287425 ], [ 138.776557561682239, 36.747175468173396 ], [ 138.777141725310457, 36.747673251919082 ], [ 138.777957276407278, 36.747701864749331 ], [ 138.78118367068987, 36.746986305673545 ], [ 138.782391193099102, 36.747251306202884 ], [ 138.783446744471689, 36.745591585783131 ], [ 138.785279533124026, 36.744891585878065 ], [ 138.786253410766335, 36.745191026844452 ], [ 138.78941953338483, 36.744873801784593 ], [ 138.79266678294573, 36.74787991972255 ], [ 138.792396809165439, 36.749404919001847 ], [ 138.792584889780869, 36.752371027001345 ], [ 138.793723501638397, 36.75503658606965 ], [ 138.794291855185065, 36.755677135391522 ], [ 138.794900195287823, 36.757648253264335 ], [ 138.798704422870856, 36.76010853218304 ], [ 138.800387470805163, 36.760278531928748 ], [ 138.801688885134013, 36.762293532220781 ], [ 138.804349442173134, 36.76259158643262 ], [ 138.806541698840419, 36.764692134734275 ], [ 138.810079494173351, 36.76510269323478 ], [ 138.811820609533584, 36.764528801662891 ], [ 138.81471367099914, 36.762211026617649 ], [ 138.817770337131378, 36.761585748683387 ], [ 138.818366446454434, 36.762614081174945 ], [ 138.821345642287611, 36.764061863764027 ], [ 138.822043164560455, 36.765652413727992 ], [ 138.823259273696635, 36.766893559090533 ], [ 138.824170699718138, 36.768495505263388 ], [ 138.824805966422332, 36.768883559128994 ], [ 138.825921555635318, 36.771370775440971 ], [ 138.826923502018076, 36.772291333178543 ], [ 138.825348522016725, 36.774331613413267 ], [ 138.825054915851752, 36.775774667367045 ], [ 138.827581893889374, 36.779264080972609 ], [ 138.828988560373773, 36.781982946455855 ], [ 138.829710246530681, 36.786233225183253 ], [ 138.828938859340951, 36.788114053820607 ], [ 138.829006641243609, 36.791647919116201 ], [ 138.831763890691036, 36.793899279228413 ], [ 138.830728885229973, 36.794781774959006 ], [ 138.829101673503487, 36.795369838047634 ], [ 138.827278611918473, 36.799257055069063 ], [ 138.826737523118254, 36.799850666974748 ], [ 138.826580025747603, 36.801143171720071 ], [ 138.827176135070658, 36.802037026787389 ], [ 138.826326419628572, 36.8050678652898 ], [ 138.824947249915681, 36.80668758566361 ], [ 138.824548911403213, 36.806715360325654 ], [ 138.822015331442458, 36.811409226054991 ], [ 138.821592283157429, 36.813088108329566 ], [ 138.821744254194073, 36.817626135038154 ], [ 138.830235383156491, 36.817699440576746 ], [ 138.833309830684243, 36.81595002717205 ], [ 138.836029274431553, 36.815346947203921 ], [ 138.837564552961794, 36.816510559314906 ], [ 138.83957011756695, 36.817175559404575 ], [ 138.840667055740141, 36.816400000259875 ], [ 138.843015940133569, 36.816061667212239 ], [ 138.84874455321858, 36.813394721389329 ], [ 138.85094705586198, 36.812031946317347 ], [ 138.853804280243367, 36.812150000322333 ], [ 138.855101218646382, 36.811615838100522 ], [ 138.856445383147957, 36.811643891552421 ], [ 138.857069831007948, 36.811885837961086 ], [ 138.858423191077463, 36.813280801567771 ], [ 138.859519856756037, 36.81330330620267 ], [ 138.86457988235577, 36.816302747573786 ], [ 138.868041556372759, 36.817265505099044 ], [ 138.869914616666279, 36.817361052670492 ], [ 138.873230998911481, 36.818622171076413 ], [ 138.875583502176937, 36.818588837704738 ], [ 138.877186031110568, 36.821477414251319 ], [ 138.878971855366899, 36.823007973139511 ], [ 138.879530219244316, 36.824977134986852 ], [ 138.881891052030483, 36.825785468124934 ], [ 138.884896329102389, 36.826185467685264 ], [ 138.886696056877554, 36.825444080979594 ], [ 138.889851361551109, 36.826457973057074 ], [ 138.893181633825407, 36.82670517060717 ], [ 138.895117471294384, 36.826482946330941 ], [ 138.899711633685001, 36.827346837786365 ], [ 138.90259747089658, 36.827116278593451 ], [ 138.904397197772482, 36.827621837877587 ], [ 138.907349689136936, 36.827657945657734 ], [ 138.911416109565835, 36.828299612836929 ], [ 138.912535278980044, 36.829302386595941 ], [ 138.917393061440748, 36.829919054420884 ], [ 138.921112243735138, 36.831052387257898 ], [ 138.923850855632509, 36.831271838024975 ], [ 138.927620025843567, 36.832527108139573 ], [ 138.929022801860924, 36.832613225420062 ], [ 138.929697833887985, 36.833174333129023 ], [ 138.93009477305543, 36.834121278774035 ], [ 138.929714227629574, 36.835262945628472 ], [ 138.929879781127056, 36.837298504422506 ], [ 138.929200078021267, 36.838500441142514 ], [ 138.927633968932582, 36.839581279652407 ], [ 138.926368417768344, 36.843499026858638 ], [ 138.925050116869443, 36.845324027381992 ], [ 138.924970946851772, 36.846457360219063 ], [ 138.924048444779942, 36.847233198153617 ], [ 138.91705038916416, 36.848937640060115 ], [ 138.916576226112056, 36.849252359608784 ], [ 138.916019000776373, 36.850838198024462 ], [ 138.916179584620181, 36.852314865938354 ], [ 138.917168196754915, 36.85317900021073 ], [ 138.917178197216117, 36.85513400043385 ], [ 138.917939883418967, 36.856842892185796 ], [ 138.921162672319497, 36.859727892128547 ], [ 138.922114915870679, 36.861037332906619 ], [ 138.921935745738097, 36.861832332696054 ], [ 138.922379365115717, 36.863559837716366 ], [ 138.921609363781158, 36.865429558827145 ], [ 138.918714669146766, 36.867769558818111 ], [ 138.917245227285434, 36.870202865270073 ], [ 138.91706939004041, 36.871048693842226 ], [ 138.918080778405283, 36.87217174832756 ], [ 138.917877197974349, 36.873761747906372 ], [ 138.919648586313315, 36.876530639077771 ], [ 138.920805550635691, 36.877814531915192 ], [ 138.921965551069434, 36.878484802931382 ], [ 138.921668612016902, 36.880406467084867 ], [ 138.923149195578958, 36.883599251904002 ], [ 138.924953644794982, 36.885045639644602 ], [ 138.927099753650737, 36.885496747676825 ], [ 138.928350609892846, 36.886257306129835 ], [ 138.930530052120275, 36.886967026806872 ], [ 138.931620337108939, 36.888778693981578 ], [ 138.931197029819145, 36.891754802442222 ], [ 138.932277029261513, 36.893483413628701 ], [ 138.933650078188634, 36.894079801741498 ], [ 138.936167859758939, 36.893469531693597 ], [ 138.940634838227311, 36.8951581347402 ], [ 138.947175382637852, 36.894404000144561 ], [ 138.948557056063351, 36.893921504873617 ], [ 138.94949678285036, 36.893031505199872 ], [ 138.952003748274478, 36.89369233333457 ], [ 138.953717081777995, 36.895195107668144 ], [ 138.954685966384318, 36.895333441385276 ], [ 138.955550142924835, 36.89478399968192 ], [ 138.958030699757046, 36.894301505310295 ], [ 138.958264304953786, 36.893380946673403 ], [ 138.960306809211943, 36.892580387275132 ], [ 138.967048754996085, 36.891048468611984 ], [ 138.969397081809916, 36.888592919227904 ], [ 138.971470143232636, 36.88721319823054 ], [ 138.973097081565129, 36.88811597277396 ], [ 138.975449339315674, 36.890188748212211 ], [ 138.979168494630358, 36.891176252382195 ], [ 138.979565719782158, 36.891965694361375 ], [ 138.979433528434697, 36.894183468392384 ], [ 138.979999922358616, 36.895339027973819 ], [ 138.980118248858162, 36.897589027411755 ], [ 138.979316887264645, 36.901219026636795 ], [ 138.97965549820276, 36.902729305812841 ], [ 138.979633022346206, 36.905110694403049 ], [ 138.979123307294913, 36.90658291876673 ], [ 138.97809496760874, 36.907356252089414 ], [ 138.97738277559472, 36.909549560064193 ], [ 138.976708884807294, 36.91052983818156 ], [ 138.974848885367805, 36.912146505356986 ], [ 138.974396394178257, 36.913041224672838 ], [ 138.975306419955359, 36.914940666578559 ], [ 138.974990025869033, 36.91642789163393 ], [ 138.97721169936051, 36.917909279189928 ], [ 138.976690894769035, 36.920790666556059 ], [ 138.974923385206125, 36.923277053693141 ], [ 138.973832282733724, 36.924390667095679 ], [ 138.971909804693837, 36.925533720704721 ], [ 138.97063313790909, 36.927352052755055 ], [ 138.968843138999773, 36.928692054294913 ], [ 138.966657300793827, 36.931153720867599 ], [ 138.966879000765289, 36.933893170933118 ], [ 138.966331777689447, 36.936908999750585 ], [ 138.966482917752501, 36.938852613657218 ], [ 138.965643747760851, 36.94089844091036 ], [ 138.965701828676515, 36.943458441154178 ], [ 138.964856548690818, 36.944878720676456 ], [ 138.965125161796891, 36.946225387091999 ], [ 138.96430518783427, 36.948254558001508 ], [ 138.964209636665487, 36.950405667087921 ], [ 138.963798806569685, 36.951424559395946 ], [ 138.963801607957862, 36.952769559367709 ], [ 138.964388002804185, 36.953985387016075 ], [ 138.964380777650831, 36.95492317126741 ], [ 138.966116912565553, 36.957319838439844 ], [ 138.965336938648875, 36.960935667047465 ], [ 138.965872528994055, 36.965781225023591 ], [ 138.965399196016165, 36.967410387379516 ], [ 138.965758911344778, 36.967867054121314 ], [ 138.9664458881673, 36.971226504899334 ], [ 138.967792309067818, 36.973660108127547 ], [ 138.967159805080996, 36.975573171164967 ], [ 138.967382049142316, 36.977559837416607 ], [ 138.966507055556235, 36.978663441364802 ], [ 138.966605110437513, 36.979127333259896 ], [ 138.969733748413773, 36.981357892053154 ], [ 138.9707751363635, 36.981435385734528 ], [ 138.974587367013442, 36.981209279085022 ], [ 138.977847366263063, 36.980319559100451 ], [ 138.981928781088413, 36.980253440943613 ], [ 138.983583773772239, 36.979863720634228 ], [ 138.985104889778881, 36.980123720933022 ], [ 138.985959883342048, 36.979950108610694 ], [ 138.987249882576066, 36.98031289242607 ], [ 138.988590440796315, 36.980043999630936 ], [ 138.990409053435087, 36.980269558593307 ], [ 138.993123773943125, 36.97939733312046 ], [ 138.995570440723327, 36.980037612645731 ], [ 138.997392672234128, 36.979423441338781 ], [ 139.000268494595389, 36.979130107668368 ], [ 139.001003255995556, 36.979451224994079 ], [ 139.002787690799323, 36.981157613033474 ], [ 139.00450185527643, 36.981816504927792 ], [ 139.006961051411508, 36.983490946350173 ], [ 139.009114383621977, 36.98390789183577 ], [ 139.011617716684327, 36.984884837964955 ], [ 139.01359581059819, 36.987424559395947 ], [ 139.01549885878535, 36.988286225029299 ], [ 139.018631633643054, 36.987099000318665 ], [ 139.021914422612554, 36.987077054162796 ], [ 139.02396747142177, 36.98625202601022 ], [ 139.025603581040514, 36.985090360032132 ], [ 139.03000413738107, 36.984263973003976 ], [ 139.030616355360621, 36.983563694309112 ], [ 139.03455525282277, 36.983736197767371 ], [ 139.035306354904378, 36.983958413949722 ], [ 139.036163864770629, 36.985031467927968 ], [ 139.038459690062723, 36.985899802034282 ], [ 139.041261671788789, 36.986094251648467 ], [ 139.042558611990444, 36.986858413684899 ], [ 139.047389170174142, 36.98729286537349 ], [ 139.050238080323197, 36.992276197688398 ], [ 139.050537808173317, 36.99332230617955 ], [ 139.050117275292109, 36.994867306381138 ], [ 139.053012282890563, 36.996112837737314 ], [ 139.054230894839975, 36.998313108263403 ], [ 139.056888689161724, 36.998689505116602 ], [ 139.058392581352564, 36.999892558794613 ], [ 139.060851192928226, 37.000569224889887 ], [ 139.062433410673407, 37.001523386694998 ], [ 139.065560660995743, 37.004909226279835 ], [ 139.06839399488706, 37.005613945827008 ], [ 139.068988169768318, 37.006028946978347 ], [ 139.071999275346343, 37.006527801816674 ], [ 139.073540973237414, 37.008529748449178 ], [ 139.080683191076446, 37.008703919250536 ], [ 139.081417950677974, 37.011477252173506 ], [ 139.083560169066573, 37.013151413906655 ], [ 139.08631627817374, 37.01449083808177 ], [ 139.088183527947535, 37.016172504657391 ], [ 139.089040467643485, 37.018325837767236 ], [ 139.091194915912752, 37.019969441436615 ], [ 139.091002437612474, 37.021394999979293 ], [ 139.089972996256847, 37.023677776108514 ], [ 139.090171607933371, 37.025168333152124 ], [ 139.08978189391928, 37.025684999962834 ], [ 139.089717444904181, 37.027291387887317 ], [ 139.088803865905788, 37.028309720816992 ], [ 139.089413580172618, 37.030653891863665 ], [ 139.08869914435013, 37.030878055078233 ], [ 139.089296082848023, 37.031523054245611 ], [ 139.089458859239016, 37.033858331896568 ], [ 139.090188339820088, 37.036476081206217 ], [ 139.090948884783302, 37.03754553160104 ], [ 139.090982503239957, 37.038423865269237 ], [ 139.091491945796747, 37.039502468064484 ], [ 139.090573645357495, 37.042389973518539 ], [ 139.090405577355568, 37.044917197970335 ], [ 139.091276160666325, 37.047831918708141 ], [ 139.092169780111362, 37.049645801812346 ], [ 139.092987834021415, 37.050423026501505 ], [ 139.094853138561575, 37.054642999874602 ], [ 139.094464253722435, 37.055721332873247 ], [ 139.094623411241514, 37.056194386162019 ], [ 139.095170921201088, 37.05706800018811 ], [ 139.097016199638006, 37.058626332839026 ], [ 139.099830362681132, 37.057562171357176 ], [ 139.103298144893529, 37.056988000096169 ], [ 139.105300363121273, 37.056038530953515 ], [ 139.108333333016958, 37.055406134885288 ], [ 139.108341479076103, 37.055405506259149 ] ] ] } }
]
}
