{
"type": "FeatureCollection",
"name": "11_saitama_area",
"crs": { "type": "name", "properties": { "name": "urn:ogc:def:crs:OGC:1.3:CRS84" } },
"features": [
{ "type": "Feature", "properties": { "code": "110010", "name": "南部", "PrefCode": "11", "regioncode": "110010" }, "geometry": { "type": "Polygon", "coordinates": [ [ [ 139.727397133570889, 36.101926107603845 ], [ 139.728064890082692, 36.096451107832422 ], [ 139.72830542185784, 36.090139440882524 ], [ 139.730280388828987, 36.087253054185169 ], [ 139.731767328799265, 36.08651777477553 ], [ 139.734729585002356, 36.086339441012456 ], [ 139.742285720309837, 36.087158333090656 ], [ 139.746758494908704, 36.087079440963464 ], [ 139.750346278158304, 36.085722469216648 ], [ 139.757792411990295, 36.082098586280779 ], [ 139.765761024951416, 36.080427748441878 ], [ 139.767595498933247, 36.080457467438237 ], [ 139.770328002635324, 36.081219134755315 ], [ 139.771860219873361, 36.082238000083692 ], [ 139.772567197618173, 36.083760775339556 ], [ 139.772087756444876, 36.086518837774179 ], [ 139.772451088846765, 36.087979666828232 ], [ 139.773489727568972, 36.08917966730786 ], [ 139.77621722474521, 36.090767414084951 ], [ 139.777255837387088, 36.087604667521418 ], [ 139.778987223881359, 36.084962721052761 ], [ 139.779867223993278, 36.08275717060701 ], [ 139.780223580354004, 36.078570505424523 ], [ 139.782193580369494, 36.075232170728157 ], [ 139.782427444570999, 36.071288279330702 ], [ 139.782760778287297, 36.070218306429751 ], [ 139.787603281266456, 36.064891918727142 ], [ 139.789050220291529, 36.062715532395941 ], [ 139.791054916151552, 36.058509135188501 ], [ 139.792034357899411, 36.057550531631762 ], [ 139.79469966335887, 36.055945802057181 ], [ 139.797665498863694, 36.052334694890305 ], [ 139.801418275333162, 36.049411640135133 ], [ 139.804592723875203, 36.044641386890532 ], [ 139.813652724393819, 36.038533053957337 ], [ 139.815369389885518, 36.036827504985411 ], [ 139.817282438533766, 36.032504721116027 ], [ 139.817605499294473, 36.030718359964396 ], [ 139.817272438072678, 36.029729198343887 ], [ 139.813987977263423, 36.025016721144823 ], [ 139.813401556336771, 36.023132279031529 ], [ 139.816965667631507, 36.003195919056452 ], [ 139.816620116625131, 36.001492333304611 ], [ 139.814447302401163, 35.9988551082767 ], [ 139.8141898049156, 35.997332054230981 ], [ 139.815412581625424, 35.99557122483219 ], [ 139.817934253662884, 35.993655107697123 ], [ 139.822043969253855, 35.988577612766676 ], [ 139.826030636005157, 35.984532586309854 ], [ 139.826645330717497, 35.983431198291214 ], [ 139.826589779594769, 35.979929802118704 ], [ 139.825105304666181, 35.974869000404112 ], [ 139.825658340060386, 35.972762054325415 ], [ 139.827234448710897, 35.971360944751837 ], [ 139.83245919683452, 35.969607864811167 ], [ 139.83387669205581, 35.968304532228444 ], [ 139.835238911346778, 35.964868134556809 ], [ 139.835008612957154, 35.960246198403411 ], [ 139.837773306992631, 35.95390591862332 ], [ 139.845649105421899, 35.942129252363145 ], [ 139.847673800405573, 35.939559801143957 ], [ 139.85052963713315, 35.937619252126808 ], [ 139.861300220129124, 35.932240081414704 ], [ 139.864533528399647, 35.929250919294532 ], [ 139.866774358349971, 35.926512864976814 ], [ 139.869260440616927, 35.922103414341166 ], [ 139.870591529875242, 35.918025360282229 ], [ 139.871754864095806, 35.915947866101192 ], [ 139.876502048830503, 35.911035358994695 ], [ 139.880230362841075, 35.904605108339126 ], [ 139.883133385197652, 35.901851775439127 ], [ 139.885285058158956, 35.899230667161589 ], [ 139.889919727813208, 35.892560946830258 ], [ 139.893051919910249, 35.885424838085839 ], [ 139.89446269809514, 35.877545107820538 ], [ 139.897004059889468, 35.872795666686727 ], [ 139.900162049039409, 35.864811251737933 ], [ 139.900215083859052, 35.863085135270808 ], [ 139.897825615759643, 35.858945973178152 ], [ 139.896140557840567, 35.852932640129268 ], [ 139.893203864866564, 35.849708775639556 ], [ 139.890036304232126, 35.844002386600891 ], [ 139.889471283572902, 35.841094613125961 ], [ 139.889842892435581, 35.836371864769774 ], [ 139.888523409827599, 35.832166586318976 ], [ 139.888898106062811, 35.827394081171974 ], [ 139.887992244146858, 35.82433269359899 ], [ 139.888040558425132, 35.823212414421448 ], [ 139.888984163988084, 35.821840774732038 ], [ 139.891171944729535, 35.819869108272769 ], [ 139.891660803603259, 35.818328837605804 ], [ 139.890373528415694, 35.810856054163594 ], [ 139.888819338941403, 35.807106918149827 ], [ 139.890684837735193, 35.801553585629506 ], [ 139.890800661421508, 35.799782198189973 ], [ 139.889925914249602, 35.797764972975187 ], [ 139.888523410726862, 35.796450801763115 ], [ 139.888281996716842, 35.79458302678529 ], [ 139.890826134718395, 35.790180802202315 ], [ 139.892849442048146, 35.784452504779324 ], [ 139.893778054114023, 35.782746387435907 ], [ 139.887239728330883, 35.784019170948056 ], [ 139.883116639821083, 35.782568613051126 ], [ 139.877249389947451, 35.781166107729746 ], [ 139.874542437783361, 35.781775865164093 ], [ 139.873361607252491, 35.78292474727931 ], [ 139.872035252924661, 35.78503946799708 ], [ 139.871758301304681, 35.784750585970812 ], [ 139.871193865204759, 35.786634467806493 ], [ 139.871554694793417, 35.787978892212152 ], [ 139.873258339900531, 35.790395000029264 ], [ 139.87595863798083, 35.792186668080319 ], [ 139.876576692560434, 35.793195837817734 ], [ 139.876264501005949, 35.794793612934939 ], [ 139.875690336939556, 35.795531108274076 ], [ 139.874313384954803, 35.79685917131377 ], [ 139.873391167068803, 35.797170279185082 ], [ 139.87135700402257, 35.79734638712614 ], [ 139.868723086701152, 35.797006386735404 ], [ 139.863848611923913, 35.794827774582188 ], [ 139.859537781843187, 35.79522835960114 ], [ 139.858991115447679, 35.794850027406881 ], [ 139.857368301406041, 35.79176836012175 ], [ 139.856485252592392, 35.790959467605376 ], [ 139.855286913160626, 35.790854468159239 ], [ 139.853562750020956, 35.791558080640982 ], [ 139.848521361971393, 35.795284468303635 ], [ 139.847207197054558, 35.795830586112686 ], [ 139.845856912666477, 35.797540027350408 ], [ 139.843386666561514, 35.799798081116592 ], [ 139.838007755753438, 35.800806440564827 ], [ 139.836904137416127, 35.800459774399144 ], [ 139.832765498728804, 35.795679505404905 ], [ 139.830852412309014, 35.79462922495884 ], [ 139.826050169279938, 35.793360359792814 ], [ 139.825072671866337, 35.793938135536564 ], [ 139.82444182892732, 35.79494619820855 ], [ 139.82277044070338, 35.795460918886363 ], [ 139.821214358156112, 35.7967525863628 ], [ 139.819676860998356, 35.798978135032939 ], [ 139.819645187775222, 35.799587306109345 ], [ 139.820319104642977, 35.80102258632337 ], [ 139.820224384447897, 35.802597837919961 ], [ 139.82075191956551, 35.80553533308921 ], [ 139.822921114917563, 35.809406722042638 ], [ 139.824645031642945, 35.810645891594675 ], [ 139.824928910740709, 35.811464774679678 ], [ 139.823686446072657, 35.813878946256409 ], [ 139.821055616123886, 35.81507699970382 ], [ 139.820109754161876, 35.812803667355411 ], [ 139.821098080312254, 35.811438386772181 ], [ 139.820526108792933, 35.811233387211075 ], [ 139.819653644999789, 35.811779775716104 ], [ 139.818607782023605, 35.8110619998115 ], [ 139.818603604672717, 35.811766721157312 ], [ 139.818127782371334, 35.81141838764853 ], [ 139.817929728274407, 35.810424775283195 ], [ 139.814696082758132, 35.808709224950803 ], [ 139.812393864185537, 35.80825786510843 ], [ 139.804711050374749, 35.80879480173877 ], [ 139.802303839550632, 35.808553135019224 ], [ 139.798841025193269, 35.806193973173379 ], [ 139.794001310112435, 35.805198413775827 ], [ 139.791779079041362, 35.805417027274018 ], [ 139.78723046731227, 35.806878440887374 ], [ 139.781137108091116, 35.807229838386377 ], [ 139.778505745743587, 35.808944000165525 ], [ 139.777454915811745, 35.810661225035574 ], [ 139.771755226722348, 35.8168748380034 ], [ 139.770865227048603, 35.817380387395019 ], [ 139.76810050693291, 35.817705945572982 ], [ 139.765882437924233, 35.817264838001904 ], [ 139.765146589243727, 35.81643510819373 ], [ 139.765783800282179, 35.815744838053888 ], [ 139.7612743324446, 35.812888171252155 ], [ 139.757587950223751, 35.811972612845864 ], [ 139.755610725954284, 35.812710413055186 ], [ 139.755201244841601, 35.810731532234456 ], [ 139.754778196556572, 35.810570414193307 ], [ 139.754462633443836, 35.810874865282869 ], [ 139.753842632731335, 35.810465135057996 ], [ 139.753012088137439, 35.810937639760311 ], [ 139.752475966292877, 35.810570135403452 ], [ 139.751908469800128, 35.810937639760311 ], [ 139.750773190830159, 35.810170694322153 ], [ 139.750804578068937, 35.809593198267521 ], [ 139.750445136134203, 35.809294585576708 ], [ 139.75083403356382, 35.808905694442274 ], [ 139.750298196804351, 35.808622080644568 ], [ 139.750928716886847, 35.807887080924104 ], [ 139.750497885868754, 35.807519585560499 ], [ 139.750655668324498, 35.806668747764547 ], [ 139.755099000918221, 35.803372918625371 ], [ 139.756276471581941, 35.801745134930059 ], [ 139.759812580686116, 35.798933197708948 ], [ 139.760769248002475, 35.797410414359206 ], [ 139.759969780381084, 35.794337638671152 ], [ 139.755596134454095, 35.790029027217884 ], [ 139.75626221822688, 35.788639305759432 ], [ 139.75531610895132, 35.78758874832215 ], [ 139.755400272004977, 35.787189586030649 ], [ 139.755000830024301, 35.786895693881206 ], [ 139.753781387101412, 35.786948198100902 ], [ 139.753071116039223, 35.786377640315891 ], [ 139.751420532731458, 35.786115135405225 ], [ 139.751220804096874, 35.786430134643069 ], [ 139.750033306891623, 35.785936531845493 ], [ 139.748855811046951, 35.78599958601211 ], [ 139.746768301116276, 35.786849865329089 ], [ 139.746590246143001, 35.784932640229215 ], [ 139.745819662947156, 35.783282918471969 ], [ 139.742618275213317, 35.781696251780659 ], [ 139.738049078901895, 35.780220693630156 ], [ 139.737832970015575, 35.78052791912819 ], [ 139.738536913447888, 35.787403747884696 ], [ 139.735326355327061, 35.789570972822162 ], [ 139.733871633569152, 35.790047081107957 ], [ 139.726588832808488, 35.787491251919789 ], [ 139.724462166395938, 35.78727430576464 ], [ 139.723722166444873, 35.787600134638581 ], [ 139.723145498665872, 35.788389027131927 ], [ 139.722241089154977, 35.790726532403596 ], [ 139.72073635519871, 35.791427919063267 ], [ 139.718316082621186, 35.79187902709549 ], [ 139.709754967517824, 35.791953999977181 ], [ 139.707302191642839, 35.792530945646661 ], [ 139.705258029034894, 35.793407890761614 ], [ 139.69685968942315, 35.798904000319396 ], [ 139.693156640066945, 35.800402332901399 ], [ 139.687832477287088, 35.800840918773417 ], [ 139.681893280750387, 35.799298694778997 ], [ 139.678381894009249, 35.798822585593882 ], [ 139.673834642954489, 35.799169802144718 ], [ 139.6710582487392, 35.800003694015345 ], [ 139.667371283757802, 35.80045453225091 ], [ 139.657776523867597, 35.800501747557632 ], [ 139.653362308623741, 35.800225919190893 ], [ 139.647872282979506, 35.797473413667149 ], [ 139.643690855448654, 35.798218413848758 ], [ 139.64085666630217, 35.797942865171137 ], [ 139.640405278580829, 35.797165919271833 ], [ 139.639410220105674, 35.792848721091673 ], [ 139.63765438374287, 35.791545946088604 ], [ 139.63791771692911, 35.791200108198495 ], [ 139.636111854878209, 35.790448170646584 ], [ 139.634857976914191, 35.79057344081167 ], [ 139.634231025341592, 35.790335386668801 ], [ 139.63371683526384, 35.789495945981173 ], [ 139.632732943670476, 35.789292334073991 ], [ 139.631567082354991, 35.788202612960276 ], [ 139.632130972566415, 35.787438171234669 ], [ 139.631692360614011, 35.786335945947201 ], [ 139.630345668118139, 35.785362080895368 ], [ 139.629066497620784, 35.785737919269593 ], [ 139.627874812272808, 35.78465764013805 ], [ 139.627737029840091, 35.783129027382756 ], [ 139.627172581149807, 35.782565414162605 ], [ 139.625818391905341, 35.782039306269041 ], [ 139.6245266929526, 35.780811252337458 ], [ 139.624726419788544, 35.77872346811364 ], [ 139.624438053973108, 35.778184586249722 ], [ 139.624576108900328, 35.777132107860552 ], [ 139.624209415732025, 35.774330720586363 ], [ 139.625263021870978, 35.773692108404134 ], [ 139.62560163370847, 35.773015441409541 ], [ 139.625263021870978, 35.772276000836825 ], [ 139.625024695233606, 35.772514054080375 ], [ 139.624083281318462, 35.771253225256203 ], [ 139.622992114094814, 35.766871864944676 ], [ 139.617729053053381, 35.766647972426028 ], [ 139.617583217191736, 35.767726027534195 ], [ 139.61681766480342, 35.768436586379437 ], [ 139.617232969925681, 35.770348224890711 ], [ 139.615424357747997, 35.770873505408019 ], [ 139.612483216727128, 35.770425171784325 ], [ 139.611710170288234, 35.769376305971775 ], [ 139.611316277124502, 35.769711585821085 ], [ 139.611739338899383, 35.770192134959132 ], [ 139.611432944374997, 35.770337693829561 ], [ 139.61127238751078, 35.771066559274345 ], [ 139.609901283817294, 35.770323251616844 ], [ 139.608749027445697, 35.768837135425485 ], [ 139.607144577560234, 35.769376027181977 ], [ 139.606356835299721, 35.770949640213757 ], [ 139.604289300211121, 35.769970747951731 ], [ 139.602860142581562, 35.770961586807857 ], [ 139.59864428000958, 35.76909630565001 ], [ 139.5982070557111, 35.769140197961804 ], [ 139.597681803072874, 35.769926864633135 ], [ 139.598352917653074, 35.770174359858856 ], [ 139.597390143040684, 35.770976027221934 ], [ 139.598440142898312, 35.772141586365194 ], [ 139.602677108062153, 35.774361559238628 ], [ 139.603975160725099, 35.774215720679024 ], [ 139.604471310402687, 35.774652945876824 ], [ 139.604383800072355, 35.775017387142782 ], [ 139.596938495415316, 35.776412107932515 ], [ 139.597200752113054, 35.778366000190829 ], [ 139.594143528401219, 35.778703505862154 ], [ 139.593822386793818, 35.777421278569193 ], [ 139.593414060410623, 35.777188224656868 ], [ 139.588760998721227, 35.778528504986582 ], [ 139.587937638811013, 35.776813505039286 ], [ 139.586683475761902, 35.775283775326045 ], [ 139.583984863910359, 35.774831838118871 ], [ 139.583999558832602, 35.773899359867642 ], [ 139.583605668366999, 35.773637134646094 ], [ 139.583774279559407, 35.772853801761585 ], [ 139.581863450437936, 35.772445747873007 ], [ 139.582242581230162, 35.771207135900681 ], [ 139.581002580704649, 35.771119918749321 ], [ 139.580900921340458, 35.771789919069533 ], [ 139.580652865837123, 35.771789919069533 ], [ 139.580682022757173, 35.771090748339418 ], [ 139.578165083851559, 35.770851305643305 ], [ 139.578070636150983, 35.769473251989041 ], [ 139.577385331168216, 35.769138250929586 ], [ 139.57688949445469, 35.768074360143657 ], [ 139.574336719364169, 35.768191027394039 ], [ 139.57459089475401, 35.766227972842728 ], [ 139.572388366030282, 35.766446026063306 ], [ 139.5724319714584, 35.765819918954151 ], [ 139.570711141206289, 35.765397135069804 ], [ 139.570346420251212, 35.765732414019737 ], [ 139.570040024827335, 35.765586587151347 ], [ 139.570215031998146, 35.764683252330258 ], [ 139.570871970565008, 35.764164640285969 ], [ 139.571075577076272, 35.763342694110122 ], [ 139.569733606021146, 35.763007414260812 ], [ 139.569310583816446, 35.763634080748261 ], [ 139.568238054142967, 35.763508252104202 ], [ 139.568369169901302, 35.762823251991563 ], [ 139.567669169996293, 35.763041864590434 ], [ 139.566793891325119, 35.762823251991563 ], [ 139.566779170322548, 35.761963558571438 ], [ 139.565612218129445, 35.761876054536344 ], [ 139.565028885474703, 35.761963559470757 ], [ 139.564737223643988, 35.762823251991563 ], [ 139.563584720858216, 35.762837694204279 ], [ 139.562678885921969, 35.761387441177533 ], [ 139.561805253010107, 35.761074387173267 ], [ 139.561834423420009, 35.759603000078471 ], [ 139.55986997312084, 35.759204107583571 ], [ 139.557784422812915, 35.759583000954763 ], [ 139.557200804173817, 35.758999947089933 ], [ 139.556150531821686, 35.758883278940232 ], [ 139.555771336278212, 35.757746613215659 ], [ 139.555392165915805, 35.757746613215659 ], [ 139.555246329154784, 35.755736053775934 ], [ 139.553561893566552, 35.755584667298592 ], [ 139.552044942320322, 35.755963558871201 ], [ 139.551505188113993, 35.755249387449339 ], [ 139.550002697966192, 35.755264108451911 ], [ 139.550061025296145, 35.754375224836792 ], [ 139.547158249353743, 35.753384108090188 ], [ 139.546924915752356, 35.753500775340569 ], [ 139.547172970356314, 35.754112720825447 ], [ 139.546779078991335, 35.755089107576282 ], [ 139.544831855205985, 35.75461661276654 ], [ 139.544350467000527, 35.755483277731116 ], [ 139.545123528727913, 35.757581891591087 ], [ 139.545827172685904, 35.758073279358427 ], [ 139.546979662881199, 35.760302721193682 ], [ 139.546688028929452, 35.762692441103354 ], [ 139.547139974230504, 35.762750774728545 ], [ 139.547125524823173, 35.764904080858685 ], [ 139.547636083438533, 35.766172134836211 ], [ 139.547023333060451, 35.768007973089539 ], [ 139.546947782813959, 35.769551027158229 ], [ 139.547648080394652, 35.771081026668071 ], [ 139.547662528902606, 35.774228251832426 ], [ 139.544073916478169, 35.773310467604063 ], [ 139.541667222764204, 35.771999080693092 ], [ 139.536607755643445, 35.770259639870517 ], [ 139.532786083011388, 35.769443532093362 ], [ 139.530301893817409, 35.768349107525353 ], [ 139.527268003016047, 35.76780994597226 ], [ 139.527049105332026, 35.768261613382776 ], [ 139.521378274587732, 35.767569945696494 ], [ 139.517702412636254, 35.765864946210343 ], [ 139.516374916169525, 35.765573278983709 ], [ 139.520554384077627, 35.770027720902647 ], [ 139.522815811200758, 35.771892693592974 ], [ 139.525951633860927, 35.772140467608551 ], [ 139.526345525225906, 35.771615748268232 ], [ 139.528446083420022, 35.773043801530264 ], [ 139.528081361565683, 35.773437414105445 ], [ 139.530746667025142, 35.773225747870015 ], [ 139.53337221795357, 35.773779359729701 ], [ 139.535954162554617, 35.775178251575085 ], [ 139.536479194858998, 35.775629918985601 ], [ 139.536202245037657, 35.775964919145736 ], [ 139.53682919571088, 35.776110747812822 ], [ 139.537493917010693, 35.776878532318449 ], [ 139.53987197091476, 35.777781865340842 ], [ 139.539769753971086, 35.778335468207331 ], [ 139.542978947820302, 35.779807413781157 ], [ 139.543738689688894, 35.782078225329883 ], [ 139.54379289092924, 35.788194332902208 ], [ 139.541400660112458, 35.789228775387699 ], [ 139.541269273658145, 35.789578504644339 ], [ 139.540744280024569, 35.789491279399101 ], [ 139.540773450434472, 35.789855440076565 ], [ 139.53757900097014, 35.790758774897597 ], [ 139.537330947265446, 35.791501837939506 ], [ 139.538659831386212, 35.792211838305718 ], [ 139.540235422027195, 35.794047946355704 ], [ 139.544786277564754, 35.796758199031729 ], [ 139.545019882761494, 35.79769069437009 ], [ 139.546222412134625, 35.799234027228636 ], [ 139.547199364559106, 35.802658197717676 ], [ 139.546673554341169, 35.803687639972679 ], [ 139.545258831729711, 35.804576251992501 ], [ 139.544291894155663, 35.806636251661757 ], [ 139.541695226753404, 35.807306802367066 ], [ 139.536859921947894, 35.803943467417128 ], [ 139.534088494688376, 35.800606532065842 ], [ 139.531766808491511, 35.796835171106295 ], [ 139.529263721843336, 35.794128775622539 ], [ 139.527688444166415, 35.792904891847343 ], [ 139.525938144929455, 35.792511558961337 ], [ 139.52551508405395, 35.791884891574512 ], [ 139.523108418218953, 35.791709891598259 ], [ 139.523020920479212, 35.791214613363763 ], [ 139.523720921283598, 35.790326000444622 ], [ 139.522558391956295, 35.789229612656527 ], [ 139.521175615961965, 35.788457945777623 ], [ 139.520282825691879, 35.788369612567635 ], [ 139.516840336912082, 35.788952667331785 ], [ 139.514039753631778, 35.788500721131413 ], [ 139.513538637897909, 35.787704080978585 ], [ 139.513145031618023, 35.786013801595743 ], [ 139.512561413878188, 35.785357972792269 ], [ 139.508462502742418, 35.784658532265496 ], [ 139.507767781857751, 35.783542414251087 ], [ 139.506703022326633, 35.78277019788635 ], [ 139.505098585931023, 35.782842972824994 ], [ 139.504500246289354, 35.783148801675907 ], [ 139.500387197811051, 35.782157972712298 ], [ 139.499380531786187, 35.782172694614189 ], [ 139.498549104957306, 35.781327694317667 ], [ 139.498031335577707, 35.781207694179784 ], [ 139.49692272420441, 35.778726333353632 ], [ 139.49635383915836, 35.779221027028825 ], [ 139.496054112207617, 35.781436026651363 ], [ 139.495762437786311, 35.781668252288057 ], [ 139.493494111963741, 35.781700198005808 ], [ 139.493419389992937, 35.7804571352886 ], [ 139.493751050970332, 35.779580504936405 ], [ 139.491473256185941, 35.780296054119674 ], [ 139.491055745926019, 35.780007720679805 ], [ 139.490809662635911, 35.780606054026237 ], [ 139.490071581838151, 35.780825225104081 ], [ 139.48973992176002, 35.780456333093355 ], [ 139.490082412373454, 35.77936077537953 ], [ 139.48957936399654, 35.779147171105137 ], [ 139.488958806603705, 35.779467720958621 ], [ 139.489611582208795, 35.779606891944582 ], [ 139.489697133815753, 35.78007689203497 ], [ 139.488578807066347, 35.77938772086668 ], [ 139.485487690604486, 35.780705224966198 ], [ 139.482771024862927, 35.78068938700568 ], [ 139.482519637371411, 35.781089945044982 ], [ 139.482230751747807, 35.780657441287929 ], [ 139.479499338923461, 35.779937441359891 ], [ 139.479403216685114, 35.779413838078199 ], [ 139.478420998730144, 35.778357170646984 ], [ 139.476928495553693, 35.777886891766684 ], [ 139.476412917822017, 35.777274108113659 ], [ 139.475348196961818, 35.776846613580403 ], [ 139.475637081686045, 35.776167720763738 ], [ 139.476311530053181, 35.776349387414371 ], [ 139.476944305635243, 35.775743558218664 ], [ 139.476714034225324, 35.775331891753467 ], [ 139.474510973102952, 35.775341613424757 ], [ 139.473970973381824, 35.775683837838869 ], [ 139.474072632745902, 35.774657721276867 ], [ 139.472258716366696, 35.774326332794089 ], [ 139.471155109720598, 35.773403837916817 ], [ 139.469846498117477, 35.774206613244644 ], [ 139.464669273767981, 35.773718838053981 ], [ 139.46332313885182, 35.772879386574459 ], [ 139.462504527362057, 35.77345661193317 ], [ 139.461338417833758, 35.77343494636574 ], [ 139.46079036288495, 35.772573585602572 ], [ 139.459639805332813, 35.772504134558233 ], [ 139.459195914360066, 35.772156640116918 ], [ 139.458662826828004, 35.769863865325192 ], [ 139.458058391581517, 35.769308026744113 ], [ 139.456753112865954, 35.769698026742617 ], [ 139.455043113149259, 35.769599693970747 ], [ 139.453796693262802, 35.769353865188805 ], [ 139.453191971132583, 35.768504135357603 ], [ 139.451020310738841, 35.769326080634187 ], [ 139.449977250050097, 35.76872746759858 ], [ 139.446502528668816, 35.768089135105527 ], [ 139.444968340116816, 35.766659972979426 ], [ 139.440883333399142, 35.766928586085442 ], [ 139.440000271995018, 35.767607468110214 ], [ 139.439629727929628, 35.769161081119023 ], [ 139.438655836797466, 35.769588586444172 ], [ 139.437955279312746, 35.769075532210081 ], [ 139.438479727957088, 35.768541081305898 ], [ 139.438269728165437, 35.767955531822395 ], [ 139.436408859980929, 35.767206359685815 ], [ 139.433220246217502, 35.767345531571095 ], [ 139.43251136190986, 35.766504413647851 ], [ 139.431805252910181, 35.766354693614289 ], [ 139.429169416435457, 35.766974973116589 ], [ 139.427622996204377, 35.766445802132125 ], [ 139.424949663396319, 35.767260251559435 ], [ 139.423352166169593, 35.767193585715461 ], [ 139.422212438253496, 35.767803026588467 ], [ 139.4204952268733, 35.766226080669128 ], [ 139.41956075212704, 35.76590497323599 ], [ 139.416031309697246, 35.766231919067877 ], [ 139.415442698022161, 35.766926918742342 ], [ 139.413682696899059, 35.767167197807964 ], [ 139.412861025016355, 35.768089973273675 ], [ 139.411983527717666, 35.76794025234085 ], [ 139.409509079080749, 35.768689413685536 ], [ 139.407344357855891, 35.768465531958782 ], [ 139.404590441295909, 35.76914358570798 ], [ 139.403097950709935, 35.768432748072939 ], [ 139.401506835971759, 35.768553027000621 ], [ 139.400474332424551, 35.768034414057013 ], [ 139.399987366623691, 35.766768027422586 ], [ 139.39898014301923, 35.765899134837241 ], [ 139.39883041489179, 35.76496608101985 ], [ 139.398241803216706, 35.764298026832535 ], [ 139.39591121912747, 35.76424441374877 ], [ 139.392152049377614, 35.763285251713057 ], [ 139.391014811684272, 35.763503865211248 ], [ 139.390458144827562, 35.763995531768444 ], [ 139.391816497933064, 35.766831360379058 ], [ 139.391661219189928, 35.767408585737712 ], [ 139.389601504605821, 35.767135801576046 ], [ 139.385068974553633, 35.765228585930572 ], [ 139.382074253723886, 35.765984973327932 ], [ 139.381303695709107, 35.765840532314769 ], [ 139.380110636196946, 35.766514135319142 ], [ 139.379693411022117, 35.767208586407207 ], [ 139.378954527129736, 35.770889134725849 ], [ 139.379185109705077, 35.77144246779568 ], [ 139.380014552629518, 35.77198774833596 ], [ 139.380341218772287, 35.773305252435478 ], [ 139.381479300029696, 35.774270802355716 ], [ 139.381544331805571, 35.77702802662219 ], [ 139.381336004752825, 35.777295252074282 ], [ 139.379880700234139, 35.777006639844615 ], [ 139.380190998715648, 35.778174693707228 ], [ 139.379934059709171, 35.778906919019164 ], [ 139.377564616813629, 35.779961332749338 ], [ 139.375520999194805, 35.780458559814747 ], [ 139.371039001149029, 35.778205802156094 ], [ 139.37026788555454, 35.778288026271468 ], [ 139.370442335145754, 35.778767748932523 ], [ 139.371460660880871, 35.778811360655823 ], [ 139.373008469665251, 35.779715531846364 ], [ 139.371729026673279, 35.780393027116588 ], [ 139.371448754756329, 35.781601359814942 ], [ 139.369910699119487, 35.781541640334467 ], [ 139.369895136351488, 35.78261469431277 ], [ 139.369421244894625, 35.783255251728519 ], [ 139.367672087796677, 35.784157467792966 ], [ 139.367193774373277, 35.785601892313537 ], [ 139.368153773677818, 35.786058279366159 ], [ 139.367827133615378, 35.78704105400152 ], [ 139.369868832980274, 35.7876074416302 ], [ 139.368714422732523, 35.790288801786801 ], [ 139.370258054165902, 35.790902973093807 ], [ 139.369920558387093, 35.791727413989008 ], [ 139.367504448771342, 35.791448251835391 ], [ 139.367273332898094, 35.791783802380621 ], [ 139.362730272683962, 35.791906864710086 ], [ 139.359842217744244, 35.79162158626724 ], [ 139.358893333160836, 35.79193102679551 ], [ 139.358574747426701, 35.792976306111711 ], [ 139.356654747918355, 35.793477135861167 ], [ 139.355223358171543, 35.793440467803407 ], [ 139.354917808110372, 35.793718252195617 ], [ 139.354004747121394, 35.793206585615508 ], [ 139.353550310698324, 35.793270747746874 ], [ 139.353486666576487, 35.792874081074046 ], [ 139.352712529259861, 35.793496865188217 ], [ 139.350657782530675, 35.793274918802524 ], [ 139.35026472123991, 35.793405747677184 ], [ 139.349708638043239, 35.794906864560176 ], [ 139.347868080147805, 35.795246026782763 ], [ 139.347608948594143, 35.796024360335991 ], [ 139.346858663096896, 35.796413252369746 ], [ 139.343351139843321, 35.794699080698081 ], [ 139.343359467565392, 35.794191586072884 ], [ 139.342879727817262, 35.794026305969282 ], [ 139.338499468275927, 35.794594081251887 ], [ 139.336665550974431, 35.793770467732941 ], [ 139.334879441633007, 35.793698801658422 ], [ 139.332783307203954, 35.791890197574617 ], [ 139.33036583691387, 35.793616865326101 ], [ 139.330360271909058, 35.794338531697917 ], [ 139.325729442359943, 35.795211865135514 ], [ 139.325167223988274, 35.795586305963297 ], [ 139.322253916984778, 35.799497134685055 ], [ 139.322619494094397, 35.800268801564016 ], [ 139.320768663243257, 35.803437694094384 ], [ 139.319711751196451, 35.806305999922017 ], [ 139.319091478888708, 35.806978774650759 ], [ 139.318018716290794, 35.8104198919645 ], [ 139.316789001311463, 35.811470170611926 ], [ 139.316752087738678, 35.812688775366723 ], [ 139.31502486420618, 35.814269054173565 ], [ 139.315049857265194, 35.816890720930076 ], [ 139.316496834961072, 35.819359054177085 ], [ 139.316500998822107, 35.820900171106075 ], [ 139.315949922151276, 35.822457947076657 ], [ 139.316159080177499, 35.823667668328255 ], [ 139.315246030879734, 35.824404053904004 ], [ 139.315241856226748, 35.824986559182435 ], [ 139.314921581565841, 35.82524489123881 ], [ 139.312142140447463, 35.825447108297453 ], [ 139.304766550336126, 35.822397667318569 ], [ 139.304864616908617, 35.823868225238471 ], [ 139.303618494697844, 35.824308775229838 ], [ 139.302439882794374, 35.824205999807077 ], [ 139.302691310755449, 35.826013774715989 ], [ 139.302052970168461, 35.827228224602948 ], [ 139.302052970168461, 35.828555170684638 ], [ 139.301172970056541, 35.829692946172599 ], [ 139.301756328791612, 35.831087387273158 ], [ 139.301231050072943, 35.832765170576238 ], [ 139.301387173279522, 35.833940170802293 ], [ 139.302077172723443, 35.834129053612969 ], [ 139.301168558881955, 35.834959892285269 ], [ 139.300049661962362, 35.835156558728272 ], [ 139.299745498655852, 35.834779053910268 ], [ 139.297924111608495, 35.835403775164139 ], [ 139.29661549910611, 35.835446278922689 ], [ 139.295961335846982, 35.834029333187232 ], [ 139.295604384135117, 35.833845441613903 ], [ 139.292403280586996, 35.837002385751532 ], [ 139.290910505815305, 35.837957107834313 ], [ 139.286563838650295, 35.837071279216218 ], [ 139.284940505699865, 35.836007667220144 ], [ 139.282884384806607, 35.837168504922602 ], [ 139.28167910530658, 35.839763504981818 ], [ 139.281169390255172, 35.840355440551207 ], [ 139.280264942073472, 35.840686559237383 ], [ 139.279920220242047, 35.839246000002959 ], [ 139.278408559707373, 35.839599892221315 ], [ 139.276297716866225, 35.839395999725639 ], [ 139.271522438210013, 35.839681838446154 ], [ 139.268240467623514, 35.838241838590022 ], [ 139.266639921695059, 35.838208775015005 ], [ 139.265548249052472, 35.837514332920193 ], [ 139.263115188115535, 35.837310721013012 ], [ 139.260426304230577, 35.835991558563649 ], [ 139.258885188200907, 35.836389333201225 ], [ 139.258804643119902, 35.837271558235898 ], [ 139.256694642943444, 35.837065440817469 ], [ 139.256416303669539, 35.837769332988387 ], [ 139.252255473311493, 35.838249053850802 ], [ 139.251134357764499, 35.83755571972074 ], [ 139.24837961113019, 35.837574892367456 ], [ 139.24681016915406, 35.836892947251783 ], [ 139.242779882585523, 35.836600440957625 ], [ 139.241711557242638, 35.838195440767038 ], [ 139.241234358079282, 35.840037666904834 ], [ 139.239037691136559, 35.840524891710459 ], [ 139.237023502932402, 35.840153225291147 ], [ 139.235360999110867, 35.838048774831123 ], [ 139.234897664795426, 35.837868504827668 ], [ 139.234231829235569, 35.838132666289596 ], [ 139.232810725934314, 35.836747386582658 ], [ 139.231272387011131, 35.836640441003624 ], [ 139.230048222647383, 35.836905170837042 ], [ 139.228039882734492, 35.838328775152888 ], [ 139.227654331682174, 35.839124613110471 ], [ 139.224547108362458, 35.840499054188058 ], [ 139.221981555704247, 35.840696279110034 ], [ 139.220180441174534, 35.841295170935439 ], [ 139.219332671865345, 35.84252099994427 ], [ 139.218218780572329, 35.842744612773686 ], [ 139.217547108412418, 35.843530999755899 ], [ 139.215838494550894, 35.844307108386374 ], [ 139.21492158176568, 35.84577961333855 ], [ 139.21368654999435, 35.84553127904536 ], [ 139.212877690752862, 35.845895721210638 ], [ 139.212649362777938, 35.846611278487785 ], [ 139.209868222840328, 35.84618322457618 ], [ 139.207605720127958, 35.846436837889826 ], [ 139.206326278035363, 35.845907387216187 ], [ 139.204942671067442, 35.844663224628164 ], [ 139.204802385821495, 35.843027945982953 ], [ 139.203697367239783, 35.841490721319758 ], [ 139.203137911585372, 35.841199054093124 ], [ 139.198245965678893, 35.841102108075859 ], [ 139.196815110129251, 35.840248225175515 ], [ 139.195809559263807, 35.840046000022937 ], [ 139.192441503772443, 35.840271531106339 ], [ 139.189277055691605, 35.841370972992081 ], [ 139.188839273813528, 35.841868198258794 ], [ 139.187477613001533, 35.842228748158277 ], [ 139.186762049429149, 35.842915694403814 ], [ 139.184158171262652, 35.842791531304158 ], [ 139.183628172002614, 35.843574586298189 ], [ 139.181831218635921, 35.843787080809193 ], [ 139.181072892300222, 35.844765134903128 ], [ 139.180258715367472, 35.844892639883483 ], [ 139.177532891829514, 35.846498197733695 ], [ 139.175443721750412, 35.847202080911359 ], [ 139.174357613213374, 35.8483120808379 ], [ 139.173209000894758, 35.848650135095738 ], [ 139.171112891646658, 35.848610386859946 ], [ 139.16909316541728, 35.849984559040195 ], [ 139.166166783170524, 35.849967613114927 ], [ 139.163247055906936, 35.850970387773202 ], [ 139.162153994711161, 35.852107891665923 ], [ 139.161143994000213, 35.854428720808869 ], [ 139.160002335239597, 35.855639837808326 ], [ 139.159400660911842, 35.857065108567951 ], [ 139.153299000948209, 35.859324801798209 ], [ 139.1476470559669, 35.862682306443332 ], [ 139.144360947599694, 35.862857306419585 ], [ 139.143073695794442, 35.863388107874925 ], [ 139.141759804271601, 35.863263108405761 ], [ 139.135360635984625, 35.865387000409783 ], [ 139.132483384600619, 35.864438107732553 ], [ 139.131237561864054, 35.864468360026819 ], [ 139.129196718653702, 35.865560865441637 ], [ 139.127415330753024, 35.865638081232532 ], [ 139.126083942919649, 35.865036693788454 ], [ 139.121822802180645, 35.864929197824267 ], [ 139.119875862581011, 35.86433750507183 ], [ 139.115771673324161, 35.864465000159669 ], [ 139.114446393686194, 35.865368891661092 ], [ 139.111734163401024, 35.864680278971775 ], [ 139.109668858631039, 35.865707225608048 ], [ 139.106982191574957, 35.865753028079837 ], [ 139.105348859062701, 35.866297197957351 ], [ 139.102677470588901, 35.866579135418817 ], [ 139.101372438287513, 35.865690531492874 ], [ 139.100281920374414, 35.867188748062347 ], [ 139.103622827131858, 35.869151747754984 ], [ 139.105430051655617, 35.871009224596094 ], [ 139.106067029769633, 35.871105640912674 ], [ 139.108115939898767, 35.872732694358433 ], [ 139.108389441719396, 35.873637387155725 ], [ 139.109076913169019, 35.874318468022921 ], [ 139.109155862852845, 35.875298613040627 ], [ 139.110380583896927, 35.87631110757161 ], [ 139.110975888326607, 35.877259171073945 ], [ 139.11099450069571, 35.878142504972686 ], [ 139.110435887706103, 35.879124721129017 ], [ 139.110858949480985, 35.88012472137882 ], [ 139.110656161352836, 35.882324440620494 ], [ 139.111806199996181, 35.883370837793962 ], [ 139.114424811755725, 35.884789440979944 ], [ 139.117319000971179, 35.888169441266768 ], [ 139.118426808350591, 35.889721666621654 ], [ 139.11901791204707, 35.892628892409505 ], [ 139.119832387554652, 35.893353611979649 ], [ 139.120804616739747, 35.895210306410547 ], [ 139.120559053257807, 35.897204748200636 ], [ 139.119556549295339, 35.89901750535364 ], [ 139.118496304360974, 35.90240444121207 ], [ 139.113745472875394, 35.905307774734069 ], [ 139.111963255799651, 35.907836386839847 ], [ 139.112755745581239, 35.909599171364732 ], [ 139.112729363969038, 35.911144721052096 ], [ 139.113613839107416, 35.91367138702492 ], [ 139.113876614714059, 35.915836666728865 ], [ 139.112781894269119, 35.917581386571783 ], [ 139.11267664121408, 35.919525838646564 ], [ 139.111409143916944, 35.920261666642659 ], [ 139.109966615167195, 35.920513027154527 ], [ 139.107959105328518, 35.922140801856585 ], [ 139.10614800292808, 35.922515802062662 ], [ 139.104528832939309, 35.923508305563928 ], [ 139.104163838590352, 35.924495252154202 ], [ 139.102970219699955, 35.925283586168632 ], [ 139.102753021734657, 35.927391080833786 ], [ 139.105325252758234, 35.928075251771531 ], [ 139.10776749667275, 35.929181080642422 ], [ 139.109943332618741, 35.929468306117485 ], [ 139.11297167280452, 35.930551640246051 ], [ 139.116973916712936, 35.930856108422745 ], [ 139.119339754226303, 35.932196946332056 ], [ 139.120122554712225, 35.932976946329063 ], [ 139.123531725408839, 35.934679999682317 ], [ 139.125667003729291, 35.935179720567703 ], [ 139.126708690253963, 35.936295279203819 ], [ 139.129543138405211, 35.936493053611571 ], [ 139.131519532600464, 35.937481108166651 ], [ 139.133907056365615, 35.937349171327241 ], [ 139.137001504815657, 35.938149720832996 ], [ 139.138037612845665, 35.938061667312127 ], [ 139.139572892275169, 35.938494171069181 ], [ 139.140657081659015, 35.939202225302495 ], [ 139.142186808674296, 35.939349440724186 ], [ 139.143119857095826, 35.940365000144709 ], [ 139.143807638811495, 35.94206833318708 ], [ 139.145556277899914, 35.943223053701047 ], [ 139.147093216578696, 35.943328054046503 ], [ 139.147998223239483, 35.944266386884294 ], [ 139.151415448264402, 35.943054721298381 ], [ 139.152518780617243, 35.943769170610778 ], [ 139.153879921621183, 35.94414027855106 ], [ 139.154918521672471, 35.943614999832448 ], [ 139.156444644205067, 35.945097224657218 ], [ 139.157279636845828, 35.945496386948776 ], [ 139.158837419111705, 35.945671386925028 ], [ 139.16036019526689, 35.945293332621247 ], [ 139.162551608370109, 35.945896945887398 ], [ 139.162592165995761, 35.947210838309616 ], [ 139.163550777646378, 35.948838333322499 ], [ 139.165376056959531, 35.948886667385864 ], [ 139.168057471075485, 35.949636108419725 ], [ 139.168678300962938, 35.95431525224717 ], [ 139.170072502843823, 35.95561469436268 ], [ 139.172333060322558, 35.959600531939031 ], [ 139.174289441904307, 35.959477198014326 ], [ 139.174773916583035, 35.960915802122599 ], [ 139.176371698894854, 35.96140053220887 ], [ 139.177260855903796, 35.962391918752076 ], [ 139.17779418895077, 35.963535252050292 ], [ 139.176653645349461, 35.964969414406994 ], [ 139.176616694005247, 35.965758864480051 ], [ 139.176966134579516, 35.966980224757606 ], [ 139.177481439816688, 35.96758633274311 ], [ 139.177346446181559, 35.968290775299067 ], [ 139.178614772653646, 35.969734667420994 ], [ 139.180786719031971, 35.968174387737861 ], [ 139.182662283037985, 35.968162720832936 ], [ 139.183838392128109, 35.968720504647649 ], [ 139.18611338462506, 35.967101359839944 ], [ 139.187471440054992, 35.967353865188784 ], [ 139.190564228356493, 35.966872198193471 ], [ 139.192770362462284, 35.967929135421286 ], [ 139.193475642287126, 35.967958586419684 ], [ 139.195930920975343, 35.966832198147472 ], [ 139.198391752077782, 35.966520801593788 ], [ 139.199297587913406, 35.966685250723799 ], [ 139.201166472654677, 35.966264135081815 ], [ 139.201819248259767, 35.964333865315666 ], [ 139.201719222064526, 35.962702468144414 ], [ 139.20782922234082, 35.960091387307727 ], [ 139.209369779891517, 35.958694170899321 ], [ 139.212927004177914, 35.956444170562065 ], [ 139.216579779633207, 35.95844750484855 ], [ 139.219287301967483, 35.95893944120229 ], [ 139.218640077877353, 35.961431108259092 ], [ 139.220108689664357, 35.963383612863481 ], [ 139.220476471911752, 35.966117197550659 ], [ 139.222077055611635, 35.966798306296823 ], [ 139.222801505385178, 35.968033305692529 ], [ 139.223895110670924, 35.968256639732203 ], [ 139.224591219209515, 35.969509414228128 ], [ 139.225373450424513, 35.96974441427335 ], [ 139.226555382624838, 35.971311919109837 ], [ 139.228169831172863, 35.97249053191257 ], [ 139.229577326832214, 35.973055531887326 ], [ 139.230590700000903, 35.974528305736783 ], [ 139.235090414690944, 35.97444386479259 ], [ 139.235491530309901, 35.974902748363206 ], [ 139.237744034359707, 35.975949972912986 ], [ 139.23850180311581, 35.976808865037128 ], [ 139.239905965887715, 35.976868865106098 ], [ 139.242005694007617, 35.977604694001457 ], [ 139.243069857288106, 35.978516639831128 ], [ 139.244119299566137, 35.978861639553088 ], [ 139.245459585291655, 35.978594135311141 ], [ 139.246268494895162, 35.979612747030728 ], [ 139.246010440729265, 35.980291639847337 ], [ 139.246808780600759, 35.981841640279526 ], [ 139.249429053408107, 35.982698305682334 ], [ 139.250785720284853, 35.982712198409274 ], [ 139.252106005088081, 35.986033586281053 ], [ 139.25558988246712, 35.984691359818441 ], [ 139.257453501677787, 35.985473865326696 ], [ 139.258669339218727, 35.985170802790378 ], [ 139.259494332297663, 35.985341918594713 ], [ 139.25985961083245, 35.986444973057132 ], [ 139.260894643273218, 35.986822199085282 ], [ 139.262149052736618, 35.986354135235217 ], [ 139.266253527978051, 35.986661359833931 ], [ 139.266729922248146, 35.985345801867311 ], [ 139.268074358345075, 35.985848864633454 ], [ 139.26904297045678, 35.985782467686761 ], [ 139.269271025037824, 35.984544135403553 ], [ 139.27013797688619, 35.984907467805442 ], [ 139.271944916324856, 35.984981359702033 ], [ 139.27435936399354, 35.986572747834089 ], [ 139.274787133719315, 35.987337468349551 ], [ 139.274678806781594, 35.988043026964192 ], [ 139.275712140403016, 35.987912198089532 ], [ 139.27674352789154, 35.988387198410521 ], [ 139.278675745589226, 35.988369694006224 ], [ 139.279329637252999, 35.98888663960679 ], [ 139.279837417862609, 35.989651918601226 ], [ 139.280050778420787, 35.993392198091499 ], [ 139.280400505878674, 35.993657748106614 ], [ 139.281762438285909, 35.993146639106158 ], [ 139.282602995931597, 35.991796360113995 ], [ 139.284489105387934, 35.992104692677458 ], [ 139.285826328921985, 35.991724973728594 ], [ 139.286800777633857, 35.990855802353451 ], [ 139.288613281178073, 35.991258587114146 ], [ 139.294414111622018, 35.987444973306935 ], [ 139.296830220338506, 35.987101080650405 ], [ 139.298527716780768, 35.985658864864774 ], [ 139.299941050838925, 35.985619134615433 ], [ 139.30162357986444, 35.985052468196898 ], [ 139.305895227382848, 35.981306918679422 ], [ 139.306241050883841, 35.980113306084263 ], [ 139.308311336099337, 35.979200801775619 ], [ 139.309173281421863, 35.976200532128928 ], [ 139.310449104642544, 35.974984693688725 ], [ 139.312385773084998, 35.974160251894148 ], [ 139.312866056923099, 35.972288027070817 ], [ 139.313899663039138, 35.971559134646384 ], [ 139.314637716857192, 35.971441080641398 ], [ 139.31594632935969, 35.970150252232429 ], [ 139.316967717286389, 35.970077198503986 ], [ 139.317028560020049, 35.969263586345505 ], [ 139.317602438102085, 35.968512504948194 ], [ 139.32006577201787, 35.96623638739942 ], [ 139.321178558943416, 35.965853612554213 ], [ 139.321745772149711, 35.96487527877116 ], [ 139.323276615223676, 35.96437861288274 ], [ 139.325128560334861, 35.964292504595448 ], [ 139.325992995880142, 35.962716946330033 ], [ 139.326580778380276, 35.962294441235542 ], [ 139.329948559578384, 35.962874692812875 ], [ 139.334552750309285, 35.961931919122833 ], [ 139.338706913992951, 35.962066640263288 ], [ 139.339445811375185, 35.962389414140205 ], [ 139.340186355415995, 35.964533864646171 ], [ 139.341744721341911, 35.965706918739386 ], [ 139.342755837212167, 35.967285253211912 ], [ 139.344908885236919, 35.967716918800818 ], [ 139.347622218090919, 35.966864134871969 ], [ 139.348203060522906, 35.966953306250161 ], [ 139.348822501857057, 35.968147721040566 ], [ 139.348859467590387, 35.970007440790823 ], [ 139.349284188614433, 35.970961613387772 ], [ 139.350141140900973, 35.971449107989997 ], [ 139.352605032396355, 35.971738278698638 ], [ 139.353695863273515, 35.97261633267766 ], [ 139.355090584063305, 35.971782332888381 ], [ 139.355736782926215, 35.972360080753162 ], [ 139.355141089090012, 35.973238170705088 ], [ 139.355306160550981, 35.973904667266652 ], [ 139.35864756283479, 35.976626333238755 ], [ 139.362310051867439, 35.976641054241327 ], [ 139.362536199885767, 35.976816585716904 ], [ 139.36240785943528, 35.977550748168539 ], [ 139.362887302407103, 35.977927135129221 ], [ 139.364165641930867, 35.977694920284421 ], [ 139.365477859815428, 35.976894639675947 ], [ 139.367267588028881, 35.976867414499623 ], [ 139.374022048778556, 35.979291305949062 ], [ 139.376657886152543, 35.979138531817853 ], [ 139.379441529802875, 35.981651278983406 ], [ 139.382096808720803, 35.98193155899429 ], [ 139.384722361447871, 35.982706279071579 ], [ 139.384742918151233, 35.984311279342137 ], [ 139.385194578367191, 35.984776837680954 ], [ 139.386704617424243, 35.984707107846816 ], [ 139.389809338829991, 35.983625441061292 ], [ 139.391100725717934, 35.98383905342962 ], [ 139.392094616873123, 35.98459322489748 ], [ 139.393194889732399, 35.984712639576685 ], [ 139.393959052668265, 35.983176558851142 ], [ 139.394776834982963, 35.984231801756323 ], [ 139.395437950001451, 35.984061251625519 ], [ 139.396960468051248, 35.984751801454536 ], [ 139.404881854014434, 35.985460135377025 ], [ 139.405730466887576, 35.985924585751093 ], [ 139.406972167131926, 35.988127054220229 ], [ 139.409253280414646, 35.988956505238605 ], [ 139.412074968984712, 35.990830945991434 ], [ 139.41401830140353, 35.991109558659275 ], [ 139.417518586014012, 35.993221747785469 ], [ 139.420068885270894, 35.994224802132976 ], [ 139.421616938670809, 35.993755919000535 ], [ 139.423508884727312, 35.99407369444549 ], [ 139.424528054026496, 35.995202865220108 ], [ 139.430194189410372, 35.998002559070869 ], [ 139.425612244309718, 35.997654224662767 ], [ 139.424211972004969, 35.998113946401531 ], [ 139.423612528895205, 35.999292837994119 ], [ 139.423882801250329, 36.000268386576806 ], [ 139.422911698915868, 36.001535053799728 ], [ 139.422772802223108, 36.002323107225664 ], [ 139.423145305011872, 36.003263945574702 ], [ 139.423970855670518, 36.003962279035989 ], [ 139.423958079901581, 36.005117279239073 ], [ 139.422152282601814, 36.00666922490484 ], [ 139.421542554845132, 36.007583107874154 ], [ 139.423678105660088, 36.006873666886293 ], [ 139.424364228126706, 36.007229224649052 ], [ 139.425418391845369, 36.006899505307956 ], [ 139.426005058286819, 36.007659224693498 ], [ 139.427135615816042, 36.007341999633638 ], [ 139.426411724521586, 36.00602199991539 ], [ 139.42998338472546, 36.004737802207842 ], [ 139.430262827467573, 36.005106134840275 ], [ 139.430710894891945, 36.005016413077044 ], [ 139.434538106448485, 36.003632532715244 ], [ 139.434868106378076, 36.004038639571604 ], [ 139.4353000516561, 36.003822802280581 ], [ 139.435782826616219, 36.004343359558447 ], [ 139.437995356700412, 36.003479467203704 ], [ 139.440715912909127, 36.003785838345834 ], [ 139.441935356731392, 36.004344170746947 ], [ 139.44220175120995, 36.00505500028811 ], [ 139.443755357024202, 36.005208054108436 ], [ 139.446210634813042, 36.003824440845335 ], [ 139.448420661184628, 36.004890559251976 ], [ 139.454638715004762, 36.004992197931642 ], [ 139.454868470203792, 36.00833746819967 ], [ 139.453788716276335, 36.008261360373524 ], [ 139.455313748830463, 36.010663558376564 ], [ 139.455885421774838, 36.010422441142794 ], [ 139.45634291679221, 36.01082855879099 ], [ 139.456814577930459, 36.010781332692375 ], [ 139.457081244903634, 36.011885505012117 ], [ 139.45835097341876, 36.011711613000614 ], [ 139.460137911935135, 36.012025505172971 ], [ 139.469884085282388, 36.017844892228027 ], [ 139.473412723718297, 36.019267386780541 ], [ 139.475289105208049, 36.019660440876692 ], [ 139.481528001716015, 36.019572918855147 ], [ 139.483142996152424, 36.019005666977989 ], [ 139.488540804414697, 36.018203171339337 ], [ 139.491656641440954, 36.01685980183845 ], [ 139.495075810800131, 36.016075360089872 ], [ 139.497309662910652, 36.013374532308887 ], [ 139.499639689420178, 36.013554504636716 ], [ 139.498359688848609, 36.01537171972916 ], [ 139.498625524848194, 36.01852061313582 ], [ 139.499961115213409, 36.019884505165805 ], [ 139.50142333282065, 36.020624774913472 ], [ 139.504162529277323, 36.023736171087478 ], [ 139.504860310554932, 36.025112837987137 ], [ 139.505015887873014, 36.027498108051304 ], [ 139.500971439680256, 36.0287858922552 ], [ 139.498201167150228, 36.03121258599208 ], [ 139.495944501037911, 36.03259535928845 ], [ 139.494296445724444, 36.035066748431746 ], [ 139.494798106447547, 36.035676747783725 ], [ 139.502676199946791, 36.033845612984692 ], [ 139.50513620007564, 36.033889224707991 ], [ 139.508112607111229, 36.034493386560598 ], [ 139.510972891885558, 36.034522557869821 ], [ 139.511555382774759, 36.033765890783286 ], [ 139.511402606844854, 36.033431171211646 ], [ 139.512137612860556, 36.033642278968046 ], [ 139.512945383023066, 36.033198666785097 ], [ 139.514471504656285, 36.033250332836644 ], [ 139.5139773280913, 36.031878386478411 ], [ 139.515076497482482, 36.031623666099335 ], [ 139.516393995286762, 36.030787278610092 ], [ 139.516954552610628, 36.030983667162559 ], [ 139.517434552262785, 36.031900332634279 ], [ 139.519804033829132, 36.033831999946869 ], [ 139.52061929984086, 36.033824774793572 ], [ 139.520568195865621, 36.034195891727052 ], [ 139.522722672013742, 36.036036467608938 ], [ 139.523254059827082, 36.035061440633058 ], [ 139.524003774254879, 36.034530891887186 ], [ 139.525145448303874, 36.03244033325484 ], [ 139.525356549764979, 36.032265612967706 ], [ 139.526062672254625, 36.032571171122697 ], [ 139.526470168563492, 36.032076440575338 ], [ 139.526772944216077, 36.03224589173459 ], [ 139.526009882949779, 36.033536468333409 ], [ 139.524616278218673, 36.035139532363587 ], [ 139.524864331923482, 36.035272864950798 ], [ 139.525189052832616, 36.034891466967679 ], [ 139.525570440923161, 36.035034532018074 ], [ 139.52543683494207, 36.035225360062384 ], [ 139.52612433157276, 36.035272864051478 ], [ 139.526133774454138, 36.035587865087962 ], [ 139.526668495155036, 36.035492305825301 ], [ 139.527288780053254, 36.034652865137673 ], [ 139.526601555917182, 36.03432841492446 ], [ 139.526133773554875, 36.034490640031038 ], [ 139.526830725657533, 36.033460360507263 ], [ 139.529026304420427, 36.03437646839933 ], [ 139.529809077926643, 36.03388036009062 ], [ 139.530209921950359, 36.033966197681934 ], [ 139.531469921599637, 36.034863135625244 ], [ 139.530505745843584, 36.036284252416351 ], [ 139.523342166407929, 36.043786747660306 ], [ 139.522941050788972, 36.0442734139869 ], [ 139.523512723733234, 36.04460869383621 ], [ 139.520581050774922, 36.0475795592493 ], [ 139.525931673408081, 36.05088427908629 ], [ 139.521815277652991, 36.054839558598815 ], [ 139.523446394235748, 36.055449837639969 ], [ 139.523365836564153, 36.054933170829202 ], [ 139.524307808059007, 36.055163999818774 ], [ 139.524296694237137, 36.055596251765678 ], [ 139.525652801735532, 36.056280413710169 ], [ 139.525099196171027, 36.057139027044514 ], [ 139.525290026013977, 36.057606532415605 ], [ 139.527962802141701, 36.056595135057478 ], [ 139.532955577338043, 36.051583748391351 ], [ 139.533937250303893, 36.05253791918966 ], [ 139.534491167933083, 36.052433197634002 ], [ 139.536600856044743, 36.050372359796597 ], [ 139.536715305566986, 36.050000413688167 ], [ 139.536230583574593, 36.050042919245357 ], [ 139.535886977801852, 36.049690108012101 ], [ 139.536574189347448, 36.049203440786243 ], [ 139.537108637553615, 36.048898198293273 ], [ 139.537614748122223, 36.049289306256526 ], [ 139.538750856267029, 36.048564306097887 ], [ 139.539141996605963, 36.049222640412552 ], [ 139.541728949531489, 36.048030134882879 ], [ 139.54256894869809, 36.047457639958168 ], [ 139.542158663591522, 36.046980694403601 ], [ 139.543005616316236, 36.046020135720767 ], [ 139.545964772556317, 36.044331531774844 ], [ 139.546365888175274, 36.044159864686037 ], [ 139.547415888032901, 36.045247359977736 ], [ 139.548456160823207, 36.044636803046103 ], [ 139.548943113134214, 36.045047080058737 ], [ 139.550346445831906, 36.044274306114403 ], [ 139.551100362791544, 36.044827640083554 ], [ 139.553006743866149, 36.043969306438385 ], [ 139.553474527127833, 36.044398505186905 ], [ 139.555898975257605, 36.043034613156919 ], [ 139.556834527391629, 36.042824613365269 ], [ 139.558476226296875, 36.04322544120123 ], [ 139.558606744006056, 36.041262386649862 ], [ 139.560143411089598, 36.039230441331881 ], [ 139.559790363334628, 36.039010999558059 ], [ 139.561250920793441, 36.038267108240518 ], [ 139.562520363324211, 36.036759892155374 ], [ 139.564308145404652, 36.035499054337947 ], [ 139.565155083740137, 36.036162387084573 ], [ 139.567361777224278, 36.037030440602393 ], [ 139.567183449756499, 36.037506837570561 ], [ 139.56761788615654, 36.038080197643069 ], [ 139.567422607367462, 36.038896026630368 ], [ 139.569455136345482, 36.040411865415308 ], [ 139.570357366799158, 36.040518802001145 ], [ 139.570272087686817, 36.039312973015342 ], [ 139.570819299970822, 36.038661585963496 ], [ 139.571308196616087, 36.038789640429627 ], [ 139.571669027104008, 36.037987134898401 ], [ 139.570609559183822, 36.037463531616766 ], [ 139.570318715736221, 36.036614360264593 ], [ 139.569783450046202, 36.036451585672182 ], [ 139.569667056189701, 36.036056026964104 ], [ 139.57015594024449, 36.035637135345553 ], [ 139.570504837628164, 36.035800197721017 ], [ 139.57036510906255, 36.035986307022483 ], [ 139.571075110328138, 36.036067693869029 ], [ 139.57077260717017, 36.035625748129803 ], [ 139.573010660913383, 36.034036027340846 ], [ 139.573220116615175, 36.033175198077004 ], [ 139.575640946772296, 36.033721865371831 ], [ 139.57871372156103, 36.031500467972251 ], [ 139.582275421773375, 36.030826053779435 ], [ 139.58339263336336, 36.030058279166326 ], [ 139.587022360993274, 36.028881613395811 ], [ 139.588927393084759, 36.029007172243269 ], [ 139.590351284284452, 36.030614946022979 ], [ 139.59244603105958, 36.031056891762205 ], [ 139.594222723599842, 36.033808306408275 ], [ 139.596329389989364, 36.033727198351585 ], [ 139.598074941705249, 36.034285531652017 ], [ 139.599297197707529, 36.034890531672772 ], [ 139.600763580075181, 36.036623587308782 ], [ 139.602905006161222, 36.037112467766235 ], [ 139.60424194640882, 36.03678691768215 ], [ 139.603980271572368, 36.038014414034024 ], [ 139.604581114926532, 36.038043586242566 ], [ 139.604658612205299, 36.037408027258721 ], [ 139.604888340424623, 36.037437468364544 ], [ 139.60471527938671, 36.039143865397136 ], [ 139.605553916979716, 36.039553054230112 ], [ 139.605835863434436, 36.039231107729506 ], [ 139.607258637676068, 36.039968891751016 ], [ 139.606936692974045, 36.041522774556427 ], [ 139.607715331397458, 36.042206946393492 ], [ 139.606426447322747, 36.045356945966319 ], [ 139.609741478786304, 36.047161666777527 ], [ 139.610533410988182, 36.046624999943845 ], [ 139.614149027355779, 36.049546107666799 ], [ 139.620166225690809, 36.044746386336726 ], [ 139.621220142995298, 36.045591693302072 ], [ 139.622350698725882, 36.044798639645535 ], [ 139.623824863826485, 36.046453640423238 ], [ 139.626095421766422, 36.043630864572776 ], [ 139.626824577692219, 36.043298360031315 ], [ 139.629851802718576, 36.042475026201544 ], [ 139.633962631670215, 36.042055306307418 ], [ 139.63511652390855, 36.041456972960987 ], [ 139.637835161863336, 36.041029467635894 ], [ 139.639134889963316, 36.040356414117298 ], [ 139.643181829278092, 36.040198666735137 ], [ 139.643858495373365, 36.039585613285453 ], [ 139.644421802824013, 36.036872838011107 ], [ 139.648586808734308, 36.034747838042335 ], [ 139.651851828898884, 36.034937836911695 ], [ 139.652073774385258, 36.0354289467885 ], [ 139.65145544731115, 36.03814283812153 ], [ 139.651796031361869, 36.03834866685753 ], [ 139.65438574610539, 36.039055054647122 ], [ 139.656747418858345, 36.038983667362402 ], [ 139.660689390203288, 36.040287000844444 ], [ 139.659904942159415, 36.041696440838109 ], [ 139.655819144038333, 36.045870892327855 ], [ 139.655921920360356, 36.046480612890036 ], [ 139.659326938887148, 36.048844505169825 ], [ 139.665596939347324, 36.046533946284626 ], [ 139.668632217802724, 36.044989775257989 ], [ 139.671711387670484, 36.044235333094207 ], [ 139.671237198537938, 36.041016720645189 ], [ 139.671760532022972, 36.041452280298529 ], [ 139.673440246170458, 36.04162644120737 ], [ 139.673662217737274, 36.042196721101845 ], [ 139.674407224214065, 36.042259775268462 ], [ 139.674629169700438, 36.042790333007531 ], [ 139.675474162802402, 36.042988945583431 ], [ 139.675902218512647, 36.043472000232669 ], [ 139.677614163462977, 36.043178973231079 ], [ 139.677821673031872, 36.043952865032736 ], [ 139.677361945897133, 36.044364251808815 ], [ 139.67819416323016, 36.044253413963929 ], [ 139.678320856122696, 36.044934531703348 ], [ 139.681231970579006, 36.044727586009344 ], [ 139.684468366222177, 36.043187306349182 ], [ 139.683713334103118, 36.042084802271859 ], [ 139.684027223577573, 36.042006467724377 ], [ 139.68753863819768, 36.043617026704453 ], [ 139.688122244246188, 36.04332980212871 ], [ 139.68898280191479, 36.045207027182585 ], [ 139.68653033720534, 36.047276198138093 ], [ 139.686870336696757, 36.048251467031605 ], [ 139.684585668393993, 36.05762005372253 ], [ 139.691439274003301, 36.056887558613994 ], [ 139.699287638613669, 36.055605891598645 ], [ 139.698782360817404, 36.057295054023598 ], [ 139.698939027214351, 36.057817559233001 ], [ 139.701932944050213, 36.060607559291498 ], [ 139.703504915819281, 36.063312000548422 ], [ 139.707397172641436, 36.066954504846592 ], [ 139.708625771562197, 36.06879172086127 ], [ 139.709227173395448, 36.068704504609229 ], [ 139.709436328723655, 36.069183387303553 ], [ 139.709654137328585, 36.071374775225763 ], [ 139.708529143904912, 36.074227558754899 ], [ 139.705085279162404, 36.077627559064638 ], [ 139.701366938633328, 36.078448945862192 ], [ 139.698215811310661, 36.077127000011103 ], [ 139.697980531576377, 36.077493667099134 ], [ 139.696671919973141, 36.076967837995369 ], [ 139.695633307331377, 36.077846439661528 ], [ 139.694068300811523, 36.0775558920908 ], [ 139.693895253263349, 36.078358386830132 ], [ 139.694296912972277, 36.078558946438307 ], [ 139.694179144052328, 36.079271440624552 ], [ 139.692535279579602, 36.080874775350651 ], [ 139.692756939081505, 36.080992558659716 ], [ 139.691676108665547, 36.082712557938237 ], [ 139.691184449302909, 36.084268946254895 ], [ 139.6913350066053, 36.084835054194457 ], [ 139.692124448584536, 36.085001170667567 ], [ 139.692222243561787, 36.086717559168051 ], [ 139.695243358594212, 36.086232803001508 ], [ 139.695079467943174, 36.086932802007254 ], [ 139.694193358736584, 36.087794197844005 ], [ 139.694490583773472, 36.088630586232625 ], [ 139.693081997236504, 36.090881413946136 ], [ 139.694124227850921, 36.091165586222871 ], [ 139.697487030402158, 36.09379697285209 ], [ 139.698239804323521, 36.093760305693593 ], [ 139.698482023226802, 36.095153919417896 ], [ 139.700200660931841, 36.098117531798721 ], [ 139.702419559115469, 36.097143081288209 ], [ 139.705118715956019, 36.097148360308609 ], [ 139.706939831408135, 36.097963638910869 ], [ 139.71087124471228, 36.100925027268261 ], [ 139.712879300439454, 36.101342505152559 ], [ 139.713684863665549, 36.101189999918631 ], [ 139.717822362012498, 36.098793332746141 ], [ 139.720161556210883, 36.101035838133498 ], [ 139.720324890181587, 36.101933053967343 ], [ 139.720509053350156, 36.10184361279255 ], [ 139.720619883101222, 36.103766386709424 ], [ 139.720351025379614, 36.105221945736275 ], [ 139.720931025146797, 36.107308333312972 ], [ 139.720578248987067, 36.108076386715936 ], [ 139.722775498690339, 36.109136666723828 ], [ 139.723449105292048, 36.109126107783709 ], [ 139.723438807155276, 36.108379171361719 ], [ 139.727060505637837, 36.107539441092399 ], [ 139.727313255602326, 36.103043053893884 ], [ 139.727397133570889, 36.101926107603845 ] ], [ [ 139.64741680873874, 36.034606441234303 ], [ 139.646992632703927, 36.034239505249047 ], [ 139.646821245304295, 36.034549224567115 ], [ 139.646119300165651, 36.034190612706652 ], [ 139.645066809186005, 36.034361721316429 ], [ 139.644822088368755, 36.033872838161017 ], [ 139.645327912053517, 36.03391366828123 ], [ 139.645834034313339, 36.03311450463076 ], [ 139.647727081139919, 36.033791170725976 ], [ 139.647563748068592, 36.034418946077551 ], [ 139.64741680873874, 36.034606441234303 ] ] ] } },
{ "type": "Feature", "properties": { "code": "110020", "name": "北部", "PrefCode": "11", "regioncode": "110020" }, "geometry": { "type": "MultiPolygon", "coordinates": [ [ [ [ 139.647563748068592, 36.034418946077551 ], [ 139.647727081139919, 36.033791170725976 ], [ 139.645834034313339, 36.03311450463076 ], [ 139.645327912053517, 36.03391366828123 ], [ 139.644822088368755, 36.033872838161017 ], [ 139.645066809186005, 36.034361721316429 ], [ 139.646119300165651, 36.034190612706652 ], [ 139.646821245304295, 36.034549224567115 ], [ 139.646992632703927, 36.034239505249047 ], [ 139.64741680873874, 36.034606441234303 ], [ 139.647563748068592, 36.034418946077551 ] ] ], [ [ [ 139.262719883016302, 36.24472586520659 ], [ 139.263671283902681, 36.244744748271557 ], [ 139.26358405955682, 36.243881414395787 ], [ 139.261723501638357, 36.244278920136082 ], [ 139.262234890328045, 36.245373359992641 ], [ 139.262890441240984, 36.245100585723492 ], [ 139.262719883016302, 36.24472586520659 ] ] ], [ [ [ 139.135725837177688, 36.278440053865438 ], [ 139.150303645197141, 36.278587279179646 ], [ 139.158480051912875, 36.27780089129817 ], [ 139.163903385632807, 36.278911721298925 ], [ 139.168495332093926, 36.275415053761776 ], [ 139.171902554859116, 36.273398946404313 ], [ 139.182466445769933, 36.268196999691838 ], [ 139.187755083530305, 36.266441720908745 ], [ 139.195390921254102, 36.263194224933613 ], [ 139.198001751179959, 36.26224755897772 ], [ 139.201505642071766, 36.262638666940973 ], [ 139.203605641787021, 36.262405891818503 ], [ 139.20451313867045, 36.26258117058461 ], [ 139.205242335065805, 36.263148107699067 ], [ 139.208253449637027, 36.262464505132868 ], [ 139.210101219195963, 36.261306720628681 ], [ 139.210854837580769, 36.261484773803318 ], [ 139.211567885749446, 36.260173386892347 ], [ 139.211973165229438, 36.260173386892347 ], [ 139.211634527311617, 36.256247559277483 ], [ 139.22400403385916, 36.258301693568342 ], [ 139.229905109932929, 36.253153639628806 ], [ 139.231181505122436, 36.252476135365384 ], [ 139.233486783188596, 36.248910586054762 ], [ 139.235295382775803, 36.247563639950101 ], [ 139.237473994929019, 36.24620474815066 ], [ 139.244066782755908, 36.244433919190044 ], [ 139.254217639332637, 36.245832532245629 ], [ 139.259179610950355, 36.244490865161367 ], [ 139.261692943574531, 36.242703360072085 ], [ 139.267010725664477, 36.242621973225539 ], [ 139.267363501824207, 36.244616693805426 ], [ 139.266972697831761, 36.250557802300762 ], [ 139.277688274694242, 36.247970585873873 ], [ 139.286841336158773, 36.245009747901577 ], [ 139.292577223859894, 36.243917441236988 ], [ 139.298482087878142, 36.243275026721165 ], [ 139.297025473047256, 36.24186989178213 ], [ 139.301442503169028, 36.239786748060055 ], [ 139.30837658910832, 36.237631135168783 ], [ 139.315148716140357, 36.236614027115706 ], [ 139.322266226005581, 36.236594775328683 ], [ 139.327973281441814, 36.237357639643392 ], [ 139.327979779943007, 36.240539171245814 ], [ 139.33307036270719, 36.242781359172454 ], [ 139.336574526992877, 36.243031639598541 ], [ 139.340248716205338, 36.24386413482199 ], [ 139.339481218583387, 36.245987748036214 ], [ 139.343434578043457, 36.246996917773572 ], [ 139.345196251905577, 36.248228863970951 ], [ 139.34586128347155, 36.248982467966584 ], [ 139.346859053402682, 36.251467197653085 ], [ 139.346289339181681, 36.251987468047275 ], [ 139.347401582017483, 36.25370691873934 ], [ 139.350995472563113, 36.254373586172107 ], [ 139.351834915948643, 36.253155252113231 ], [ 139.353841854717871, 36.251476081156284 ], [ 139.354615745620208, 36.252037440675394 ], [ 139.355000195003072, 36.251916332572762 ], [ 139.357978559862659, 36.253297441223992 ], [ 139.359289390093295, 36.253229108036976 ], [ 139.36238827489899, 36.251489386625963 ], [ 139.367817445218975, 36.246808838057461 ], [ 139.371923838714224, 36.245514945658272 ], [ 139.376672995662261, 36.244504946745963 ], [ 139.379338561025861, 36.241181891531141 ], [ 139.390201025057308, 36.230878559398036 ], [ 139.389867418846393, 36.230236053151373 ], [ 139.390074643330195, 36.229214415213164 ], [ 139.393273799846042, 36.228036359990085 ], [ 139.393431582301787, 36.227624135045858 ], [ 139.406752996054024, 36.222925775404235 ], [ 139.407693281319894, 36.222646892939792 ], [ 139.408699948244134, 36.223422999771685 ], [ 139.418924111258775, 36.216679973002385 ], [ 139.419357690605011, 36.21129386491998 ], [ 139.419830751987661, 36.210948304920407 ], [ 139.423970778328794, 36.210874973301429 ], [ 139.428853838933605, 36.20856080183961 ], [ 139.4426151884403, 36.197841640279535 ], [ 139.454348560437779, 36.191410278961257 ], [ 139.456638832416274, 36.190681387436143 ], [ 139.463654137028811, 36.189341946173954 ], [ 139.468660271654244, 36.189141945944129 ], [ 139.474425006009255, 36.189457504560266 ], [ 139.501549299960288, 36.193513919132101 ], [ 139.508224060092402, 36.193401171127221 ], [ 139.511716589848788, 36.192946721214241 ], [ 139.519166860562223, 36.191338136246031 ], [ 139.528216641185054, 36.19150177508692 ], [ 139.535218612449057, 36.192942891900998 ], [ 139.544675888481493, 36.196629026808182 ], [ 139.548472579745862, 36.198644332869719 ], [ 139.55422763919421, 36.200706305651522 ], [ 139.567536304157215, 36.202468531697434 ], [ 139.571929637143057, 36.203659612701017 ], [ 139.57539688695681, 36.205077946090398 ], [ 139.583004694611077, 36.209238747670099 ], [ 139.585558885234377, 36.210184559270033 ], [ 139.587771673424072, 36.210369279118993 ], [ 139.594359728119002, 36.208887892462315 ], [ 139.597730025620194, 36.207422054184519 ], [ 139.601064746840621, 36.205467332751255 ], [ 139.60663807938397, 36.200772865375484 ], [ 139.610447496954521, 36.196213693806953 ], [ 139.61513555216402, 36.192036746698534 ], [ 139.619651114707267, 36.189216747954617 ], [ 139.624888611620236, 36.186571748287633 ], [ 139.625898638411513, 36.192410892548708 ], [ 139.627005330631619, 36.193864505442605 ], [ 139.628719780193819, 36.195079225126165 ], [ 139.637587859092491, 36.197246972569758 ], [ 139.640944527368106, 36.19724669377996 ], [ 139.647949273939957, 36.196077531952596 ], [ 139.648998717117138, 36.196182532298053 ], [ 139.650984279900626, 36.197511413720804 ], [ 139.651504306578545, 36.19837417113115 ], [ 139.651513476066157, 36.199187775195696 ], [ 139.650024577372392, 36.202775559344616 ], [ 139.649699858261897, 36.20475222513511 ], [ 139.649785446741021, 36.207895558932933 ], [ 139.649002113856568, 36.209643612562729 ], [ 139.649140168783788, 36.210796946322091 ], [ 139.649398495444302, 36.211191108382991 ], [ 139.650409612213934, 36.211286387057157 ], [ 139.650681284813459, 36.212020559401367 ], [ 139.65225352817788, 36.2128141706375 ], [ 139.654703527845641, 36.213228053931573 ], [ 139.6588535537486, 36.214798585886058 ], [ 139.659974669295593, 36.214901360409499 ], [ 139.661157445060098, 36.214246081091801 ], [ 139.663936057003525, 36.211817199304335 ], [ 139.663636030578459, 36.210951081127519 ], [ 139.662624915607466, 36.210236081430082 ], [ 139.661196861446115, 36.208320801563787 ], [ 139.662621025140311, 36.207122468427201 ], [ 139.667658806908435, 36.206727747887328 ], [ 139.669064915813237, 36.20716664042817 ], [ 139.672162165651457, 36.209208026829003 ], [ 139.673710778429722, 36.209208026829003 ], [ 139.674488274714122, 36.208925801584542 ], [ 139.67491105140391, 36.208288026671141 ], [ 139.675551051240063, 36.204196918952675 ], [ 139.676912697662942, 36.201928864725403 ], [ 139.677849921636607, 36.201232748092878 ], [ 139.680284383717435, 36.200518865353388 ], [ 139.6812216076911, 36.200609972971904 ], [ 139.682581608354553, 36.20119830585719 ], [ 139.683501893597622, 36.202723027245952 ], [ 139.684921608345576, 36.203723279305962 ], [ 139.685826615006363, 36.203781333241977 ], [ 139.686572995647339, 36.203309108228837 ], [ 139.687943840336061, 36.199681333027172 ], [ 139.687716328945498, 36.197093864790077 ], [ 139.688371894247553, 36.195387747446659 ], [ 139.69364686141364, 36.191675224631979 ], [ 139.694246861203737, 36.190762170837559 ], [ 139.694167691186067, 36.189750251872681 ], [ 139.692521582005497, 36.186072747759169 ], [ 139.691358222603981, 36.179774972636949 ], [ 139.690887912247376, 36.175255251628585 ], [ 139.691202087706301, 36.172481081436786 ], [ 139.69183900106907, 36.170203026748311 ], [ 139.694175668172647, 36.165930532068444 ], [ 139.694733969097456, 36.160546081436564 ], [ 139.695746471722373, 36.157108612672403 ], [ 139.697995913580598, 36.154075251571669 ], [ 139.698564227557085, 36.151846945580132 ], [ 139.701367834358166, 36.147060837287881 ], [ 139.705431166515154, 36.142527747857343 ], [ 139.708133644552163, 36.138342748219316 ], [ 139.71013391664701, 36.135944694292277 ], [ 139.710745551865784, 36.13294580240688 ], [ 139.71254083069482, 36.128107775353612 ], [ 139.713584720558515, 36.126249170762662 ], [ 139.722046082860516, 36.118157748181602 ], [ 139.725804695030661, 36.113521919301206 ], [ 139.726664669039337, 36.111627467733513 ], [ 139.727060505637837, 36.107539441092399 ], [ 139.723438807155276, 36.108379171361719 ], [ 139.723449105292048, 36.109126107783709 ], [ 139.722775498690339, 36.109136666723828 ], [ 139.720578248987067, 36.108076386715936 ], [ 139.720931025146797, 36.107308333312972 ], [ 139.720351025379614, 36.105221945736275 ], [ 139.720619883101222, 36.103766386709424 ], [ 139.720509053350156, 36.10184361279255 ], [ 139.720324890181587, 36.101933053967343 ], [ 139.720161556210883, 36.101035838133498 ], [ 139.717822362012498, 36.098793332746141 ], [ 139.713684863665549, 36.101189999918631 ], [ 139.712879300439454, 36.101342505152559 ], [ 139.71087124471228, 36.100925027268261 ], [ 139.706939831408135, 36.097963638910869 ], [ 139.705118715956019, 36.097148360308609 ], [ 139.702419559115469, 36.097143081288209 ], [ 139.700200660931841, 36.098117531798721 ], [ 139.698482023226802, 36.095153919417896 ], [ 139.698239804323521, 36.093760305693593 ], [ 139.697487030402158, 36.09379697285209 ], [ 139.694124227850921, 36.091165586222871 ], [ 139.693081997236504, 36.090881413946136 ], [ 139.694490583773472, 36.088630586232625 ], [ 139.694193358736584, 36.087794197844005 ], [ 139.695079467943174, 36.086932802007254 ], [ 139.695243358594212, 36.086232803001508 ], [ 139.692222243561787, 36.086717559168051 ], [ 139.692124448584536, 36.085001170667567 ], [ 139.6913350066053, 36.084835054194457 ], [ 139.691184449302909, 36.084268946254895 ], [ 139.691676108665547, 36.082712557938237 ], [ 139.692756939081505, 36.080992558659716 ], [ 139.692535279579602, 36.080874775350651 ], [ 139.694179144052328, 36.079271440624552 ], [ 139.694296912972277, 36.078558946438307 ], [ 139.693895253263349, 36.078358386830132 ], [ 139.694068300811523, 36.0775558920908 ], [ 139.695633307331377, 36.077846439661528 ], [ 139.696671919973141, 36.076967837995369 ], [ 139.697980531576377, 36.077493667099134 ], [ 139.698215811310661, 36.077127000011103 ], [ 139.701366938633328, 36.078448945862192 ], [ 139.705085279162404, 36.077627559064638 ], [ 139.708529143904912, 36.074227558754899 ], [ 139.709654137328585, 36.071374775225763 ], [ 139.709436328723655, 36.069183387303553 ], [ 139.709227173395448, 36.068704504609229 ], [ 139.708625771562197, 36.06879172086127 ], [ 139.707397172641436, 36.066954504846592 ], [ 139.703504915819281, 36.063312000548422 ], [ 139.701932944050213, 36.060607559291498 ], [ 139.698939027214351, 36.057817559233001 ], [ 139.698782360817404, 36.057295054023598 ], [ 139.699287638613669, 36.055605891598645 ], [ 139.691439274003301, 36.056887558613994 ], [ 139.684585668393993, 36.05762005372253 ], [ 139.686870336696757, 36.048251467031605 ], [ 139.68653033720534, 36.047276198138093 ], [ 139.68898280191479, 36.045207027182585 ], [ 139.688122244246188, 36.04332980212871 ], [ 139.68753863819768, 36.043617026704453 ], [ 139.684027223577573, 36.042006467724377 ], [ 139.683713334103118, 36.042084802271859 ], [ 139.684468366222177, 36.043187306349182 ], [ 139.681231970579006, 36.044727586009344 ], [ 139.678320856122696, 36.044934531703348 ], [ 139.67819416323016, 36.044253413963929 ], [ 139.677361945897133, 36.044364251808815 ], [ 139.677821673031872, 36.043952865032736 ], [ 139.677614163462977, 36.043178973231079 ], [ 139.675902218512647, 36.043472000232669 ], [ 139.675474162802402, 36.042988945583431 ], [ 139.674629169700438, 36.042790333007531 ], [ 139.674407224214065, 36.042259775268462 ], [ 139.673662217737274, 36.042196721101845 ], [ 139.673440246170458, 36.04162644120737 ], [ 139.671760532022972, 36.041452280298529 ], [ 139.671237198537938, 36.041016720645189 ], [ 139.671711387670484, 36.044235333094207 ], [ 139.668632217802724, 36.044989775257989 ], [ 139.665596939347324, 36.046533946284626 ], [ 139.659326938887148, 36.048844505169825 ], [ 139.655921920360356, 36.046480612890036 ], [ 139.655819144038333, 36.045870892327855 ], [ 139.659904942159415, 36.041696440838109 ], [ 139.660689390203288, 36.040287000844444 ], [ 139.656747418858345, 36.038983667362402 ], [ 139.65438574610539, 36.039055054647122 ], [ 139.651796031361869, 36.03834866685753 ], [ 139.65145544731115, 36.03814283812153 ], [ 139.652073774385258, 36.0354289467885 ], [ 139.651851828898884, 36.034937836911695 ], [ 139.648586808734308, 36.034747838042335 ], [ 139.644421802824013, 36.036872838011107 ], [ 139.643858495373365, 36.039585613285453 ], [ 139.643181829278092, 36.040198666735137 ], [ 139.639134889963316, 36.040356414117298 ], [ 139.637835161863336, 36.041029467635894 ], [ 139.63511652390855, 36.041456972960987 ], [ 139.633962631670215, 36.042055306307418 ], [ 139.629851802718576, 36.042475026201544 ], [ 139.626824577692219, 36.043298360031315 ], [ 139.626095421766422, 36.043630864572776 ], [ 139.623824863826485, 36.046453640423238 ], [ 139.622350698725882, 36.044798639645535 ], [ 139.621220142995298, 36.045591693302072 ], [ 139.620166225690809, 36.044746386336726 ], [ 139.614149027355779, 36.049546107666799 ], [ 139.610533410988182, 36.046624999943845 ], [ 139.609741478786304, 36.047161666777527 ], [ 139.606426447322747, 36.045356945966319 ], [ 139.607715331397458, 36.042206946393492 ], [ 139.606936692974045, 36.041522774556427 ], [ 139.607258637676068, 36.039968891751016 ], [ 139.605835863434436, 36.039231107729506 ], [ 139.605553916979716, 36.039553054230112 ], [ 139.60471527938671, 36.039143865397136 ], [ 139.604888340424623, 36.037437468364544 ], [ 139.604658612205299, 36.037408027258721 ], [ 139.604581114926532, 36.038043586242566 ], [ 139.603980271572368, 36.038014414034024 ], [ 139.60424194640882, 36.03678691768215 ], [ 139.602905006161222, 36.037112467766235 ], [ 139.600763580075181, 36.036623587308782 ], [ 139.599297197707529, 36.034890531672772 ], [ 139.598074941705249, 36.034285531652017 ], [ 139.596329389989364, 36.033727198351585 ], [ 139.594222723599842, 36.033808306408275 ], [ 139.59244603105958, 36.031056891762205 ], [ 139.590351284284452, 36.030614946022979 ], [ 139.588927393084759, 36.029007172243269 ], [ 139.587022360993274, 36.028881613395811 ], [ 139.58339263336336, 36.030058279166326 ], [ 139.582275421773375, 36.030826053779435 ], [ 139.57871372156103, 36.031500467972251 ], [ 139.575640946772296, 36.033721865371831 ], [ 139.573220116615175, 36.033175198077004 ], [ 139.573010660913383, 36.034036027340846 ], [ 139.57077260717017, 36.035625748129803 ], [ 139.571075110328138, 36.036067693869029 ], [ 139.57036510906255, 36.035986307022483 ], [ 139.570504837628164, 36.035800197721017 ], [ 139.57015594024449, 36.035637135345553 ], [ 139.569667056189701, 36.036056026964104 ], [ 139.569783450046202, 36.036451585672182 ], [ 139.570318715736221, 36.036614360264593 ], [ 139.570609559183822, 36.037463531616766 ], [ 139.571669027104008, 36.037987134898401 ], [ 139.571308196616087, 36.038789640429627 ], [ 139.570819299970822, 36.038661585963496 ], [ 139.570272087686817, 36.039312973015342 ], [ 139.570357366799158, 36.040518802001145 ], [ 139.569455136345482, 36.040411865415308 ], [ 139.567422607367462, 36.038896026630368 ], [ 139.56761788615654, 36.038080197643069 ], [ 139.567183449756499, 36.037506837570561 ], [ 139.567361777224278, 36.037030440602393 ], [ 139.565155083740137, 36.036162387084573 ], [ 139.564308145404652, 36.035499054337947 ], [ 139.562520363324211, 36.036759892155374 ], [ 139.561250920793441, 36.038267108240518 ], [ 139.559790363334628, 36.039010999558059 ], [ 139.560143411089598, 36.039230441331881 ], [ 139.558606744006056, 36.041262386649862 ], [ 139.558476226296875, 36.04322544120123 ], [ 139.556834527391629, 36.042824613365269 ], [ 139.555898975257605, 36.043034613156919 ], [ 139.553474527127833, 36.044398505186905 ], [ 139.553006743866149, 36.043969306438385 ], [ 139.551100362791544, 36.044827640083554 ], [ 139.550346445831906, 36.044274306114403 ], [ 139.548943113134214, 36.045047080058737 ], [ 139.548456160823207, 36.044636803046103 ], [ 139.547415888032901, 36.045247359977736 ], [ 139.546365888175274, 36.044159864686037 ], [ 139.545964772556317, 36.044331531774844 ], [ 139.543005616316236, 36.046020135720767 ], [ 139.542158663591522, 36.046980694403601 ], [ 139.54256894869809, 36.047457639958168 ], [ 139.541728949531489, 36.048030134882879 ], [ 139.539141996605963, 36.049222640412552 ], [ 139.538750856267029, 36.048564306097887 ], [ 139.537614748122223, 36.049289306256526 ], [ 139.537108637553615, 36.048898198293273 ], [ 139.536574189347448, 36.049203440786243 ], [ 139.535886977801852, 36.049690108012101 ], [ 139.536230583574593, 36.050042919245357 ], [ 139.536715305566986, 36.050000413688167 ], [ 139.536600856044743, 36.050372359796597 ], [ 139.534491167933083, 36.052433197634002 ], [ 139.533937250303893, 36.05253791918966 ], [ 139.532955577338043, 36.051583748391351 ], [ 139.527962802141701, 36.056595135057478 ], [ 139.525290026013977, 36.057606532415605 ], [ 139.525099196171027, 36.057139027044514 ], [ 139.525652801735532, 36.056280413710169 ], [ 139.524296694237137, 36.055596251765678 ], [ 139.524307808059007, 36.055163999818774 ], [ 139.523365836564153, 36.054933170829202 ], [ 139.523446394235748, 36.055449837639969 ], [ 139.521815277652991, 36.054839558598815 ], [ 139.525931673408081, 36.05088427908629 ], [ 139.520581050774922, 36.0475795592493 ], [ 139.523512723733234, 36.04460869383621 ], [ 139.522941050788972, 36.0442734139869 ], [ 139.523342166407929, 36.043786747660306 ], [ 139.530505745843584, 36.036284252416351 ], [ 139.531469921599637, 36.034863135625244 ], [ 139.530209921950359, 36.033966197681934 ], [ 139.529809077926643, 36.03388036009062 ], [ 139.529026304420427, 36.03437646839933 ], [ 139.526830725657533, 36.033460360507263 ], [ 139.526133773554875, 36.034490640031038 ], [ 139.526601555917182, 36.03432841492446 ], [ 139.527288780053254, 36.034652865137673 ], [ 139.526668495155036, 36.035492305825301 ], [ 139.526133774454138, 36.035587865087962 ], [ 139.52612433157276, 36.035272864051478 ], [ 139.52543683494207, 36.035225360062384 ], [ 139.525570440923161, 36.035034532018074 ], [ 139.525189052832616, 36.034891466967679 ], [ 139.524864331923482, 36.035272864950798 ], [ 139.524616278218673, 36.035139532363587 ], [ 139.526009882949779, 36.033536468333409 ], [ 139.526772944216077, 36.03224589173459 ], [ 139.526470168563492, 36.032076440575338 ], [ 139.526062672254625, 36.032571171122697 ], [ 139.525356549764979, 36.032265612967706 ], [ 139.525145448303874, 36.03244033325484 ], [ 139.524003774254879, 36.034530891887186 ], [ 139.523254059827082, 36.035061440633058 ], [ 139.522722672013742, 36.036036467608938 ], [ 139.520568195865621, 36.034195891727052 ], [ 139.52061929984086, 36.033824774793572 ], [ 139.519804033829132, 36.033831999946869 ], [ 139.517434552262785, 36.031900332634279 ], [ 139.516954552610628, 36.030983667162559 ], [ 139.516393995286762, 36.030787278610092 ], [ 139.515076497482482, 36.031623666099335 ], [ 139.5139773280913, 36.031878386478411 ], [ 139.514471504656285, 36.033250332836644 ], [ 139.512945383023066, 36.033198666785097 ], [ 139.512137612860556, 36.033642278968046 ], [ 139.511402606844854, 36.033431171211646 ], [ 139.511555382774759, 36.033765890783286 ], [ 139.510972891885558, 36.034522557869821 ], [ 139.508112607111229, 36.034493386560598 ], [ 139.50513620007564, 36.033889224707991 ], [ 139.502676199946791, 36.033845612984692 ], [ 139.494798106447547, 36.035676747783725 ], [ 139.494296445724444, 36.035066748431746 ], [ 139.495944501037911, 36.03259535928845 ], [ 139.498201167150228, 36.03121258599208 ], [ 139.500971439680256, 36.0287858922552 ], [ 139.505015887873014, 36.027498108051304 ], [ 139.504860310554932, 36.025112837987137 ], [ 139.504162529277323, 36.023736171087478 ], [ 139.50142333282065, 36.020624774913472 ], [ 139.499961115213409, 36.019884505165805 ], [ 139.498625524848194, 36.01852061313582 ], [ 139.498359688848609, 36.01537171972916 ], [ 139.499639689420178, 36.013554504636716 ], [ 139.497309662910652, 36.013374532308887 ], [ 139.495075810800131, 36.016075360089872 ], [ 139.491656641440954, 36.01685980183845 ], [ 139.488540804414697, 36.018203171339337 ], [ 139.483142996152424, 36.019005666977989 ], [ 139.481528001716015, 36.019572918855147 ], [ 139.475289105208049, 36.019660440876692 ], [ 139.473412723718297, 36.019267386780541 ], [ 139.469884085282388, 36.017844892228027 ], [ 139.460137911935135, 36.012025505172971 ], [ 139.45835097341876, 36.011711613000614 ], [ 139.457081244903634, 36.011885505012117 ], [ 139.456814577930459, 36.010781332692375 ], [ 139.45634291679221, 36.01082855879099 ], [ 139.455885421774838, 36.010422441142794 ], [ 139.455313748830463, 36.010663558376564 ], [ 139.453788716276335, 36.008261360373524 ], [ 139.454868470203792, 36.00833746819967 ], [ 139.454638715004762, 36.004992197931642 ], [ 139.448420661184628, 36.004890559251976 ], [ 139.446210634813042, 36.003824440845335 ], [ 139.443755357024202, 36.005208054108436 ], [ 139.44220175120995, 36.00505500028811 ], [ 139.441935356731392, 36.004344170746947 ], [ 139.440715912909127, 36.003785838345834 ], [ 139.437995356700412, 36.003479467203704 ], [ 139.435782826616219, 36.004343359558447 ], [ 139.4353000516561, 36.003822802280581 ], [ 139.434868106378076, 36.004038639571604 ], [ 139.434538106448485, 36.003632532715244 ], [ 139.430710894891945, 36.005016413077044 ], [ 139.430262827467573, 36.005106134840275 ], [ 139.42998338472546, 36.004737802207842 ], [ 139.426411724521586, 36.00602199991539 ], [ 139.427135615816042, 36.007341999633638 ], [ 139.426005058286819, 36.007659224693498 ], [ 139.425418391845369, 36.006899505307956 ], [ 139.424364228126706, 36.007229224649052 ], [ 139.423678105660088, 36.006873666886293 ], [ 139.421542554845132, 36.007583107874154 ], [ 139.422152282601814, 36.00666922490484 ], [ 139.423958079901581, 36.005117279239073 ], [ 139.423970855670518, 36.003962279035989 ], [ 139.423145305011872, 36.003263945574702 ], [ 139.422772802223108, 36.002323107225664 ], [ 139.422911698915868, 36.001535053799728 ], [ 139.423882801250329, 36.000268386576806 ], [ 139.423612528895205, 35.999292837994119 ], [ 139.424211972004969, 35.998113946401531 ], [ 139.425612244309718, 35.997654224662767 ], [ 139.430194189410372, 35.998002559070869 ], [ 139.424528054026496, 35.995202865220108 ], [ 139.423508884727312, 35.99407369444549 ], [ 139.421616938670809, 35.993755919000535 ], [ 139.420068885270894, 35.994224802132976 ], [ 139.417518586014012, 35.993221747785469 ], [ 139.41401830140353, 35.991109558659275 ], [ 139.412074968984712, 35.990830945991434 ], [ 139.409253280414646, 35.988956505238605 ], [ 139.406972167131926, 35.988127054220229 ], [ 139.405730466887576, 35.985924585751093 ], [ 139.404881854014434, 35.985460135377025 ], [ 139.396960468051248, 35.984751801454536 ], [ 139.395437950001451, 35.984061251625519 ], [ 139.394776834982963, 35.984231801756323 ], [ 139.393959052668265, 35.983176558851142 ], [ 139.393194889732399, 35.984712639576685 ], [ 139.392094616873123, 35.98459322489748 ], [ 139.391100725717934, 35.98383905342962 ], [ 139.389809338829991, 35.983625441061292 ], [ 139.386704617424243, 35.984707107846816 ], [ 139.385194578367191, 35.984776837680954 ], [ 139.384742918151233, 35.984311279342137 ], [ 139.384722361447871, 35.982706279071579 ], [ 139.382096808720803, 35.98193155899429 ], [ 139.379441529802875, 35.981651278983406 ], [ 139.376657886152543, 35.979138531817853 ], [ 139.374022048778556, 35.979291305949062 ], [ 139.367267588028881, 35.976867414499623 ], [ 139.365477859815428, 35.976894639675947 ], [ 139.364165641930867, 35.977694920284421 ], [ 139.362887302407103, 35.977927135129221 ], [ 139.36240785943528, 35.977550748168539 ], [ 139.362536199885767, 35.976816585716904 ], [ 139.362310051867439, 35.976641054241327 ], [ 139.35864756283479, 35.976626333238755 ], [ 139.355306160550981, 35.973904667266652 ], [ 139.355141089090012, 35.973238170705088 ], [ 139.355736782926215, 35.972360080753162 ], [ 139.355090584063305, 35.971782332888381 ], [ 139.353695863273515, 35.97261633267766 ], [ 139.352605032396355, 35.971738278698638 ], [ 139.350141140900973, 35.971449107989997 ], [ 139.349284188614433, 35.970961613387772 ], [ 139.348859467590387, 35.970007440790823 ], [ 139.348822501857057, 35.968147721040566 ], [ 139.348203060522906, 35.966953306250161 ], [ 139.347622218090919, 35.966864134871969 ], [ 139.344908885236919, 35.967716918800818 ], [ 139.342975836565643, 35.967419135284899 ], [ 139.341744721341911, 35.965706918739386 ], [ 139.340186355415995, 35.964533864646171 ], [ 139.339390804342202, 35.962327747627512 ], [ 139.33696858563178, 35.961818585659273 ], [ 139.334429416384523, 35.961945801057936 ], [ 139.329948559578384, 35.962874692812875 ], [ 139.326580778380276, 35.962294441235542 ], [ 139.325992995880142, 35.962716946330033 ], [ 139.325128560334861, 35.964292504595448 ], [ 139.323276615223676, 35.96437861288274 ], [ 139.321745772149711, 35.96487527877116 ], [ 139.321178558943416, 35.965853612554213 ], [ 139.32006577201787, 35.96623638739942 ], [ 139.317602438102085, 35.968512504948194 ], [ 139.317028560020049, 35.969263586345505 ], [ 139.316967717286389, 35.970077198503986 ], [ 139.31594632935969, 35.970150252232429 ], [ 139.314637716857192, 35.971441080641398 ], [ 139.313899663039138, 35.971559134646384 ], [ 139.312866056923099, 35.972288027070817 ], [ 139.312385773084998, 35.974160251894148 ], [ 139.310449104642544, 35.974984693688725 ], [ 139.309173281421863, 35.976200532128928 ], [ 139.308311336099337, 35.979200801775619 ], [ 139.306241050883841, 35.980113306084263 ], [ 139.305895227382848, 35.981306918679422 ], [ 139.30162357986444, 35.985052468196898 ], [ 139.299941050838925, 35.985619134615433 ], [ 139.298527716780768, 35.985658864864774 ], [ 139.296830220338506, 35.987101080650405 ], [ 139.294414111622018, 35.987444973306935 ], [ 139.288613281178073, 35.991258587114146 ], [ 139.286800777633857, 35.990855802353451 ], [ 139.285826328921985, 35.991724973728594 ], [ 139.284489105387934, 35.992104692677458 ], [ 139.282602995931597, 35.991796360113995 ], [ 139.281762438285909, 35.993146639106158 ], [ 139.280292166350478, 35.993654134630674 ], [ 139.280050778420787, 35.993392198091499 ], [ 139.279837417862609, 35.989651918601226 ], [ 139.279329637252999, 35.98888663960679 ], [ 139.278675745589226, 35.988369694006224 ], [ 139.27674352789154, 35.988387198410521 ], [ 139.275712140403016, 35.987912198089532 ], [ 139.274678806781594, 35.988043026964192 ], [ 139.274787133719315, 35.987337468349551 ], [ 139.27435936399354, 35.986572747834089 ], [ 139.271944916324856, 35.984981359702033 ], [ 139.27013797688619, 35.984907467805442 ], [ 139.269271025037824, 35.984544135403553 ], [ 139.26904297045678, 35.985782467686761 ], [ 139.268074358345075, 35.985848864633454 ], [ 139.266729922248146, 35.985345801867311 ], [ 139.266253527978051, 35.986661359833931 ], [ 139.262149052736618, 35.986354135235217 ], [ 139.260894643273218, 35.986822199085282 ], [ 139.25985961083245, 35.986444973057132 ], [ 139.259494332297663, 35.985341918594713 ], [ 139.258669339218727, 35.985170802790378 ], [ 139.257453501677787, 35.985473865326696 ], [ 139.25558988246712, 35.984691359818441 ], [ 139.252106005088081, 35.986033586281053 ], [ 139.250785720284853, 35.982712198409274 ], [ 139.249429053408107, 35.982698305682334 ], [ 139.246808780600759, 35.981841640279526 ], [ 139.246010440729265, 35.980291639847337 ], [ 139.246268494895162, 35.979612747030728 ], [ 139.245459585291655, 35.978594135311141 ], [ 139.244119299566137, 35.978861639553088 ], [ 139.243069857288106, 35.978516639831128 ], [ 139.242005694007617, 35.977604694001457 ], [ 139.239905965887715, 35.976868865106098 ], [ 139.23850180311581, 35.976808865037128 ], [ 139.237744034359707, 35.975949972912986 ], [ 139.235491530309901, 35.974902748363206 ], [ 139.235090414690944, 35.97444386479259 ], [ 139.230590700000903, 35.974528305736783 ], [ 139.229577326832214, 35.973055531887326 ], [ 139.228169831172863, 35.97249053191257 ], [ 139.226555382624838, 35.971311919109837 ], [ 139.225373450424513, 35.96974441427335 ], [ 139.224591219209515, 35.969509414228128 ], [ 139.223895110670924, 35.968256639732203 ], [ 139.222801505385178, 35.968033305692529 ], [ 139.222077055611635, 35.966798306296823 ], [ 139.220476471911752, 35.966117197550659 ], [ 139.220108689664357, 35.963383612863481 ], [ 139.218640077877353, 35.961431108259092 ], [ 139.219287301967483, 35.95893944120229 ], [ 139.216579779633207, 35.95844750484855 ], [ 139.212927004177914, 35.956444170562065 ], [ 139.209369779891517, 35.958694170899321 ], [ 139.20782922234082, 35.960091387307727 ], [ 139.201719222064526, 35.962702468144414 ], [ 139.201819248259767, 35.964333865315666 ], [ 139.201166472654677, 35.966264135081815 ], [ 139.199297587913406, 35.966685250723799 ], [ 139.198391752077782, 35.966520801593788 ], [ 139.195930920975343, 35.966832198147472 ], [ 139.193475642287126, 35.967958586419684 ], [ 139.192770362462284, 35.967929135421286 ], [ 139.190564228356493, 35.966872198193471 ], [ 139.187471440054992, 35.967353865188784 ], [ 139.18611338462506, 35.967101359839944 ], [ 139.183838392128109, 35.968720504647649 ], [ 139.182662283037985, 35.968162720832936 ], [ 139.180786719031971, 35.968174387737861 ], [ 139.178614772653646, 35.969734667420994 ], [ 139.178393670731339, 35.970692171106862 ], [ 139.177845615782644, 35.971151331668693 ], [ 139.177894773624985, 35.971864667620366 ], [ 139.176828105732511, 35.97331772113597 ], [ 139.176103942842701, 35.975040774512195 ], [ 139.174230922119477, 35.976916027352843 ], [ 139.172302581399094, 35.977972693884794 ], [ 139.173266743665408, 35.980696585678913 ], [ 139.170938690268372, 35.983145748077845 ], [ 139.170160920590092, 35.98490099988129 ], [ 139.169310116968404, 35.985650440915151 ], [ 139.170825110390638, 35.986621000059131 ], [ 139.172212335331096, 35.988365441112251 ], [ 139.174608715619797, 35.989045720683521 ], [ 139.175039300223602, 35.990857666648026 ], [ 139.175486251589291, 35.99139822484824 ], [ 139.175423191127379, 35.99223627878132 ], [ 139.17588014295427, 35.992824054086896 ], [ 139.175054862991601, 35.994689586155516 ], [ 139.176011283893672, 35.996475414009183 ], [ 139.176195447062241, 35.997625413981723 ], [ 139.175696004966767, 35.998244305830099 ], [ 139.175548780551821, 35.999147081272838 ], [ 139.174912672082201, 36.000411531666884 ], [ 139.172830727156452, 36.002413196811631 ], [ 139.171432671680463, 36.002869865352068 ], [ 139.170196278335652, 36.003998748343633 ], [ 139.167367950970174, 36.005536775202074 ], [ 139.165728223378892, 36.007576505051702 ], [ 139.164508222876293, 36.008442613336001 ], [ 139.164532140346068, 36.00979344181394 ], [ 139.163788805708919, 36.011144559873571 ], [ 139.163298521409729, 36.01316594625149 ], [ 139.162567420250298, 36.0134790002557 ], [ 139.162292139570695, 36.014143440067755 ], [ 139.16030603089871, 36.015057892307937 ], [ 139.158966031157433, 36.017384252281488 ], [ 139.158251310249852, 36.01779730640061 ], [ 139.156590751661952, 36.020135639947853 ], [ 139.153296328163037, 36.023300081733453 ], [ 139.153629947863919, 36.026105640063292 ], [ 139.152744668731543, 36.026891197870555 ], [ 139.153463838585367, 36.027547026673972 ], [ 139.153783280474045, 36.028388694082992 ], [ 139.155887756115135, 36.030230892341876 ], [ 139.156862192236417, 36.031827838284187 ], [ 139.156385836637128, 36.034461440842847 ], [ 139.156881114871567, 36.036135332779452 ], [ 139.156512218364242, 36.038676440965048 ], [ 139.155936666643925, 36.039339774610937 ], [ 139.156090000153426, 36.040213108048533 ], [ 139.154461699347962, 36.04243505403457 ], [ 139.155581971331003, 36.043322558988962 ], [ 139.156120855892823, 36.044890892101023 ], [ 139.157585304718054, 36.045644225400736 ], [ 139.157120583648066, 36.047129197654385 ], [ 139.157498105553145, 36.048336693983288 ], [ 139.156997004208392, 36.051277531932612 ], [ 139.155940610171115, 36.053261413883206 ], [ 139.156364253807283, 36.054824199077586 ], [ 139.157920920913853, 36.055979468177952 ], [ 139.158412866260846, 36.056838080612977 ], [ 139.158583138501058, 36.058073639386976 ], [ 139.159390077689977, 36.058867801907581 ], [ 139.158872580804996, 36.060168918560805 ], [ 139.159221777662992, 36.061390865196302 ], [ 139.158935939841854, 36.062128919014469 ], [ 139.159119558920565, 36.063550305602178 ], [ 139.156937886374408, 36.066201134674657 ], [ 139.15741014286391, 36.068346415254894 ], [ 139.158204306283778, 36.069933919215032 ], [ 139.157915135575081, 36.071984171132669 ], [ 139.157497082124678, 36.073248332844344 ], [ 139.15663791211, 36.074493892079488 ], [ 139.156336005202547, 36.077531945842679 ], [ 139.155835447048275, 36.078848892362544 ], [ 139.155788248828685, 36.082740278640983 ], [ 139.155171310307765, 36.083137504692161 ], [ 139.154314643106318, 36.084421386737688 ], [ 139.153669636744439, 36.086646667409809 ], [ 139.151512698252532, 36.088383613513031 ], [ 139.149367691965494, 36.087926945871914 ], [ 139.147797419015774, 36.088119693968736 ], [ 139.146966304251578, 36.088540252031066 ], [ 139.146431581752154, 36.089252197630856 ], [ 139.144830751637983, 36.089689974113071 ], [ 139.144160752216976, 36.090415531851363 ], [ 139.142494086333045, 36.090004413972565 ], [ 139.142239636649947, 36.089393586345011 ], [ 139.139964643253734, 36.090253586433903 ], [ 139.138805187809226, 36.091390252158476 ], [ 139.138589637401878, 36.093591082062858 ], [ 139.137153554093288, 36.095666640003458 ], [ 139.138505772023791, 36.09753858603699 ], [ 139.139090778316813, 36.099007197823994 ], [ 139.138804942294314, 36.100091639917309 ], [ 139.139046912984668, 36.103786919131039 ], [ 139.13880053201899, 36.10538746775751 ], [ 139.139094968258291, 36.106160532182855 ], [ 139.139042501810081, 36.109064693081166 ], [ 139.139687522561189, 36.113347467911353 ], [ 139.138666693113464, 36.113964413626832 ], [ 139.137689754178837, 36.117739415042024 ], [ 139.14025422765053, 36.119388586414175 ], [ 139.144740337396684, 36.121160532332738 ], [ 139.145861166959321, 36.122154972973703 ], [ 139.145865058325853, 36.123034134917418 ], [ 139.144360636434271, 36.124280802117369 ], [ 139.146749532564968, 36.12617830598407 ], [ 139.146195914409986, 36.129151080657891 ], [ 139.147983722570757, 36.130429973264711 ], [ 139.148175383387297, 36.133149414314062 ], [ 139.148949830969968, 36.133375531755462 ], [ 139.151157612633824, 36.133033333421679 ], [ 139.155270414697952, 36.133796945972335 ], [ 139.156537911995088, 36.133683612508776 ], [ 139.157531529756398, 36.13321361331765 ], [ 139.158047886301006, 36.132584721008129 ], [ 139.158209000744819, 36.131783613922721 ], [ 139.15775622626893, 36.130618613258434 ], [ 139.160183449706551, 36.130570280094389 ], [ 139.160638716203835, 36.132105278935512 ], [ 139.160136523981464, 36.133701386709674 ], [ 139.160619857420556, 36.134972504677421 ], [ 139.157634864557394, 36.1380988916506 ], [ 139.157685135760516, 36.138732775197468 ], [ 139.158399299987764, 36.139446666930212 ], [ 139.155467638720665, 36.140252224760388 ], [ 139.153700726307534, 36.141622224985724 ], [ 139.150952632857752, 36.141374719867486 ], [ 139.148727639069307, 36.141893332811094 ], [ 139.147369857033368, 36.141771640149102 ], [ 139.145651245408658, 36.142933306127247 ], [ 139.143844305969992, 36.142840252375777 ], [ 139.139614577650718, 36.143542747899573 ], [ 139.136661529605931, 36.145659694439416 ], [ 139.134512917936831, 36.144961360078753 ], [ 139.132022088148915, 36.145238306302872 ], [ 139.131019585085824, 36.145965801180807 ], [ 139.129238171104817, 36.145999134552483 ], [ 139.128223722347002, 36.147303306202673 ], [ 139.126195110815729, 36.148388584665497 ], [ 139.1234476127172, 36.147830531953559 ], [ 139.121191219099501, 36.146555504632886 ], [ 139.119674811943128, 36.146961613287885 ], [ 139.117938689618882, 36.145622171126377 ], [ 139.116938975353492, 36.144128837875598 ], [ 139.115254253780904, 36.143125504738293 ], [ 139.114166718019646, 36.143158559320113 ], [ 139.111759779690146, 36.142038558932427 ], [ 139.111067834113328, 36.142598558676582 ], [ 139.108015058448245, 36.143212999780189 ], [ 139.106223942580982, 36.143948837668802 ], [ 139.104971413599969, 36.141741865394806 ], [ 139.103474474967129, 36.140865467967046 ], [ 139.10127722436448, 36.136495467891564 ], [ 139.100211114951094, 36.13639686532315 ], [ 139.099201946112998, 36.137690198344046 ], [ 139.096004162861846, 36.137942693800312 ], [ 139.092466083343083, 36.135757945572777 ], [ 139.090745524686326, 36.133730720796166 ], [ 139.088026886731541, 36.131482946280983 ], [ 139.086755227371896, 36.129046000272751 ], [ 139.087242996267378, 36.128297946892815 ], [ 139.087486860030594, 36.125843504574107 ], [ 139.088049364386734, 36.124628505201429 ], [ 139.087820194646383, 36.123846801888476 ], [ 139.084878521226869, 36.123054586400087 ], [ 139.083220194756223, 36.123137919379531 ], [ 139.082494332147803, 36.121601802681084 ], [ 139.078927107400204, 36.121987639717872 ], [ 139.076517665357983, 36.120507360126624 ], [ 139.07568319072675, 36.119434000378874 ], [ 139.071628754663379, 36.118712612796912 ], [ 139.071242917626591, 36.118910666893839 ], [ 139.071127912323391, 36.119692333334569 ], [ 139.068802088345819, 36.119608720665951 ], [ 139.067946523713204, 36.12080761318083 ], [ 139.063034837687724, 36.122021775284736 ], [ 139.062241776836572, 36.123032612365193 ], [ 139.059008171789742, 36.123334801659837 ], [ 139.057855668104708, 36.125894559086703 ], [ 139.056843721260748, 36.126196775360938 ], [ 139.056082607026724, 36.125802865110188 ], [ 139.055523722441876, 36.124931747602147 ], [ 139.053743163716149, 36.124998694034559 ], [ 139.053403995198323, 36.123915082015458 ], [ 139.051884254255015, 36.122113694091752 ], [ 139.051280920677982, 36.121882865102179 ], [ 139.049915356808356, 36.120447864577329 ], [ 139.049423695647079, 36.119055332737446 ], [ 139.046745616217322, 36.117694775393602 ], [ 139.045732282618815, 36.116540891249201 ], [ 139.044935331300508, 36.116190892195959 ], [ 139.044978391739505, 36.114116721009907 ], [ 139.044680026362244, 36.112988945983147 ], [ 139.044881140851999, 36.112214775391635 ], [ 139.044366692668746, 36.111204198215205 ], [ 139.044575304806585, 36.11015474784341 ], [ 139.043718637605139, 36.109596413643601 ], [ 139.043315576752548, 36.108706413969855 ], [ 139.043293359900758, 36.107455865296004 ], [ 139.041948911213353, 36.106729467590924 ], [ 139.040980272121942, 36.104362251416831 ], [ 139.038466667003149, 36.104193332656223 ], [ 139.03798221840475, 36.103791108173141 ], [ 139.037818340344188, 36.102555559291659 ], [ 139.036328586395257, 36.102049171731949 ], [ 139.034587197641144, 36.100646386721394 ], [ 139.033313021978415, 36.100341108255577 ], [ 139.032166083298193, 36.100274170816363 ], [ 139.029090532302234, 36.101047747855318 ], [ 139.027942995572857, 36.100891360248113 ], [ 139.02674355357226, 36.10028858604943 ], [ 139.022624941887671, 36.100428305621847 ], [ 139.018415745989955, 36.099192747747168 ], [ 139.017739364080398, 36.098223305561135 ], [ 139.013708520831642, 36.098573306413016 ], [ 139.009492944244016, 36.098483558569399 ], [ 139.007760725876892, 36.097460505098297 ], [ 139.006522387298446, 36.098258837775177 ], [ 139.005374890139137, 36.098437442234228 ], [ 139.003929611262606, 36.097536612924387 ], [ 138.996988470141901, 36.097096892107913 ], [ 138.995570143047757, 36.095949667443222 ], [ 138.993340116653144, 36.095343837348253 ], [ 138.992720660929876, 36.094724666710079 ], [ 138.991613722295483, 36.095879387223988 ], [ 138.989460660780878, 36.097091918857018 ], [ 138.989468444413205, 36.097546360676063 ], [ 138.990359559246372, 36.098387748395908 ], [ 138.990352606587635, 36.098791359633594 ], [ 138.988234552982249, 36.100448865023168 ], [ 138.986923721852349, 36.103919441429127 ], [ 138.985606783426419, 36.105948892027811 ], [ 138.98288204896744, 36.10814305435855 ], [ 138.980470659893058, 36.10909083817171 ], [ 138.977008716079467, 36.109758639649556 ], [ 138.976374837928461, 36.111319198122544 ], [ 138.976966498305273, 36.112643080214013 ], [ 138.976166225790735, 36.113991413972656 ], [ 138.976694553211132, 36.116625864592038 ], [ 138.976492891034127, 36.117210585799967 ], [ 138.978722048683608, 36.116002252202236 ], [ 138.981771802626668, 36.117077532901874 ], [ 138.984382632552524, 36.115629198129056 ], [ 138.985690700065788, 36.115571413989642 ], [ 138.987173747770271, 36.117468360276632 ], [ 138.989296004806874, 36.117916693900384 ], [ 138.991102115070589, 36.121820026772866 ], [ 138.993539079065272, 36.124878387227852 ], [ 138.996827418650469, 36.125665053899183 ], [ 139.0009588330837, 36.124983946052339 ], [ 139.00195800415861, 36.125329505152592 ], [ 139.006732191937203, 36.129550332881593 ], [ 139.006561633712522, 36.130232000106787 ], [ 139.004856641420929, 36.131140613948219 ], [ 139.003748585828589, 36.132134225414234 ], [ 139.004856641420929, 36.133412027143379 ], [ 139.006589974048097, 36.133227559104625 ], [ 139.010166109278543, 36.131996441182878 ], [ 139.015408611818089, 36.134112027048445 ], [ 139.016730271684764, 36.132294775083835 ], [ 139.019856135252553, 36.131045332576093 ], [ 139.021584747338238, 36.131643387132669 ], [ 139.023758638050822, 36.133900918392726 ], [ 139.024710310532441, 36.134099531867946 ], [ 139.026077834024932, 36.133568973229558 ], [ 139.026575330886885, 36.132972864805936 ], [ 139.025751414296451, 36.130828945799237 ], [ 139.02604975359327, 36.130147559162594 ], [ 139.028526693352319, 36.129955919030465 ], [ 139.031197833613192, 36.127726999701338 ], [ 139.033300610434935, 36.126846999589418 ], [ 139.036830610444326, 36.12619061320629 ], [ 139.040240336922125, 36.127198972654526 ], [ 139.042177029646268, 36.128218134759152 ], [ 139.043213968649752, 36.131199252443594 ], [ 139.041750635883204, 36.133087306234245 ], [ 139.041238418018679, 36.134406197987687 ], [ 139.041025084440207, 36.135982053928672 ], [ 139.041707055636152, 36.137898439961077 ], [ 139.041095667730929, 36.139559558826647 ], [ 139.04272208715463, 36.148027360274511 ], [ 139.04677124509692, 36.149007080812169 ], [ 139.047396550010831, 36.149972360036429 ], [ 139.047183217331735, 36.151562639304416 ], [ 139.048177665167145, 36.15228625180913 ], [ 139.056028520899531, 36.152589612920337 ], [ 139.060561309956597, 36.152263225567481 ], [ 139.061754642862525, 36.15251877512145 ], [ 139.062158559869658, 36.152936558775195 ], [ 139.0614196633868, 36.155477666960792 ], [ 139.06214411226108, 36.157252387287883 ], [ 139.063636056958558, 36.158572387006132 ], [ 139.063764669004286, 36.159079919402814 ], [ 139.062978859386931, 36.16128630621813 ], [ 139.062083864878559, 36.16250713499636 ], [ 139.058332724275829, 36.164735747656664 ], [ 139.058361336206758, 36.165176026952111 ], [ 139.059384136968447, 36.165649639619232 ], [ 139.059412477304022, 36.166458532135607 ], [ 139.058275810680129, 36.167154360085704 ], [ 139.058346641284515, 36.16867325206897 ], [ 139.057465810199005, 36.16982436000626 ], [ 139.057804967924994, 36.17340213470078 ], [ 139.056385836836967, 36.180519667049055 ], [ 139.056698612051377, 36.182414945993003 ], [ 139.057682776139245, 36.183722720327353 ], [ 139.05980002485137, 36.184775505385289 ], [ 139.063049467858718, 36.185810504551171 ], [ 139.064227808166834, 36.186620532012 ], [ 139.064528080106925, 36.187219973323181 ], [ 139.064577004125454, 36.189375251666604 ], [ 139.063322826687113, 36.195712197659873 ], [ 139.063837004174502, 36.196983865113339 ], [ 139.065315641603661, 36.198690000443207 ], [ 139.073582607351568, 36.205296386918747 ], [ 139.080741283683324, 36.213592801866355 ], [ 139.081912386247723, 36.215223919348432 ], [ 139.083458248899092, 36.218886413777 ], [ 139.085722697744359, 36.222171414179456 ], [ 139.088981919979688, 36.228432801832412 ], [ 139.090785524732269, 36.231143640866378 ], [ 139.096086977831874, 36.237652837608437 ], [ 139.103573138689512, 36.24793505365983 ], [ 139.107474279914186, 36.252617559153066 ], [ 139.108604864423, 36.25478755939838 ], [ 139.111195135846856, 36.258497000236446 ], [ 139.109904578133865, 36.258915053686849 ], [ 139.107904306038904, 36.260683387028735 ], [ 139.107680725585055, 36.261154504976503 ], [ 139.108027665144732, 36.261976170563855 ], [ 139.110999339048362, 36.264188667373162 ], [ 139.113330467227343, 36.266783386843883 ], [ 139.118263527439922, 36.269174224610822 ], [ 139.124532749087166, 36.276195891926932 ], [ 139.126919415798511, 36.27841033217112 ], [ 139.129439169582042, 36.283343665777579 ], [ 139.130237224368443, 36.283267000371836 ], [ 139.130941388134602, 36.28155617058087 ], [ 139.134204720271669, 36.278912839156249 ], [ 139.135664721050148, 36.278443107963142 ], [ 139.135725837177688, 36.278440053865438 ] ] ] ] } },
{ "type": "Feature", "properties": { "code": "110030", "name": "秩父地方", "PrefCode": "11", "regioncode": "110030" }, "geometry": { "type": "Polygon", "coordinates": [ [ [ 139.128547328096829, 36.146823586239577 ], [ 139.129238171104817, 36.145999134552483 ], [ 139.131019585085824, 36.145965801180807 ], [ 139.132022088148915, 36.145238306302872 ], [ 139.134752088138384, 36.144970802060925 ], [ 139.136661529605931, 36.145659694439416 ], [ 139.139614577650718, 36.143542747899573 ], [ 139.143844305969992, 36.142840252375777 ], [ 139.145651245408658, 36.142933306127247 ], [ 139.147369857033368, 36.141771640149102 ], [ 139.148727639069307, 36.141893332811094 ], [ 139.150952632857752, 36.141374719867486 ], [ 139.153700726307534, 36.141622224985724 ], [ 139.155467638720665, 36.140252224760388 ], [ 139.158399299987764, 36.139446666930212 ], [ 139.157685135760516, 36.138732775197468 ], [ 139.157634864557394, 36.1380988916506 ], [ 139.160619857420556, 36.134972504677421 ], [ 139.160136523981464, 36.133701386709674 ], [ 139.160638716203835, 36.132105278935512 ], [ 139.160183449706551, 36.130570280094389 ], [ 139.15775622626893, 36.130618613258434 ], [ 139.158209000744819, 36.131783613922721 ], [ 139.158047886301006, 36.132584721008129 ], [ 139.157531529756398, 36.13321361331765 ], [ 139.156537911995088, 36.133683612508776 ], [ 139.155270414697952, 36.133796945972335 ], [ 139.151157612633824, 36.133033333421679 ], [ 139.148949830969968, 36.133375531755462 ], [ 139.148175383387297, 36.133149414314062 ], [ 139.147983722570757, 36.130429973264711 ], [ 139.146195914409986, 36.129151080657891 ], [ 139.146749532564968, 36.12617830598407 ], [ 139.144360636434271, 36.124280802117369 ], [ 139.145865058325853, 36.123034134917418 ], [ 139.145861166959321, 36.122154972973703 ], [ 139.14419422768151, 36.120876082165523 ], [ 139.14025422765053, 36.119388586414175 ], [ 139.13778530534762, 36.117962197797226 ], [ 139.138666693113464, 36.113964413626832 ], [ 139.13966641996933, 36.113437748153615 ], [ 139.139687497380123, 36.113140532109924 ], [ 139.139042501810081, 36.109064693081166 ], [ 139.139094968258291, 36.106160532182855 ], [ 139.13880053201899, 36.10538746775751 ], [ 139.139046912984668, 36.103786919131039 ], [ 139.138804942294314, 36.100091639917309 ], [ 139.139090778316813, 36.099007197823994 ], [ 139.137157717055061, 36.095517467657032 ], [ 139.138589637401878, 36.093591082062858 ], [ 139.138805187809226, 36.091390252158476 ], [ 139.139964643253734, 36.090253586433903 ], [ 139.142336303877414, 36.089393586345011 ], [ 139.142494086333045, 36.090004413972565 ], [ 139.144252140423987, 36.090405532289537 ], [ 139.144830751637983, 36.089689974113071 ], [ 139.146431581752154, 36.089252197630856 ], [ 139.146966304251578, 36.088540252031066 ], [ 139.148061309781724, 36.088074135213219 ], [ 139.149367691965494, 36.087926945871914 ], [ 139.151512698252532, 36.088383613513031 ], [ 139.153669636744439, 36.086646667409809 ], [ 139.154314643106318, 36.084421386737688 ], [ 139.155171310307765, 36.083137504692161 ], [ 139.155788248828685, 36.082740278640983 ], [ 139.155835447048275, 36.078848892362544 ], [ 139.156336005202547, 36.077531945842679 ], [ 139.15663791211, 36.074493892079488 ], [ 139.157845966917876, 36.072274171016204 ], [ 139.158204306283778, 36.069933919215032 ], [ 139.15741014286391, 36.068346415254894 ], [ 139.156937886374408, 36.066201134674657 ], [ 139.159119558920565, 36.063550305602178 ], [ 139.158935939841854, 36.062128919014469 ], [ 139.159221777662992, 36.061390865196302 ], [ 139.158872580804996, 36.060168918560805 ], [ 139.159390077689977, 36.058867801907581 ], [ 139.158583138501058, 36.058073639386976 ], [ 139.158412866260846, 36.056838080612977 ], [ 139.157920920913853, 36.055979468177952 ], [ 139.156364253807283, 36.054824199077586 ], [ 139.155940610171115, 36.053261413883206 ], [ 139.156997004208392, 36.051277531932612 ], [ 139.157498105553145, 36.048336693983288 ], [ 139.157120583648066, 36.047129197654385 ], [ 139.157585304718054, 36.045644225400736 ], [ 139.156120855892823, 36.044890892101023 ], [ 139.155581971331003, 36.043322558988962 ], [ 139.154461699347962, 36.04243505403457 ], [ 139.156090000153426, 36.040213108048533 ], [ 139.155936666643925, 36.039339774610937 ], [ 139.156512218364242, 36.038676440965048 ], [ 139.156881114871567, 36.036135332779452 ], [ 139.156385836637128, 36.034461440842847 ], [ 139.156862192236417, 36.031827838284187 ], [ 139.155887756115135, 36.030230892341876 ], [ 139.153783280474045, 36.028388694082992 ], [ 139.153463838585367, 36.027547026673972 ], [ 139.152744668731543, 36.026891197870555 ], [ 139.153629947863919, 36.026105640063292 ], [ 139.153296328163037, 36.023300081733453 ], [ 139.156590751661952, 36.020135639947853 ], [ 139.158251310249852, 36.01779730640061 ], [ 139.158966031157433, 36.017384252281488 ], [ 139.16030603089871, 36.015057892307937 ], [ 139.162292139570695, 36.014143440067755 ], [ 139.162567420250298, 36.0134790002557 ], [ 139.163298521409729, 36.01316594625149 ], [ 139.163788805708919, 36.011144559873571 ], [ 139.164532140346068, 36.00979344181394 ], [ 139.164508222876293, 36.008442613336001 ], [ 139.165728223378892, 36.007576505051702 ], [ 139.167367950970174, 36.005536775202074 ], [ 139.170196278335652, 36.003998748343633 ], [ 139.171432671680463, 36.002869865352068 ], [ 139.172830727156452, 36.002413196811631 ], [ 139.174912672082201, 36.000411531666884 ], [ 139.175548780551821, 35.999147081272838 ], [ 139.175696004966767, 35.998244305830099 ], [ 139.176195447062241, 35.997625413981723 ], [ 139.176011283893672, 35.996475414009183 ], [ 139.175054862991601, 35.994689586155516 ], [ 139.17588014295427, 35.992824054086896 ], [ 139.175423191127379, 35.99223627878132 ], [ 139.175486251589291, 35.99139822484824 ], [ 139.175039300223602, 35.990857666648026 ], [ 139.174608715619797, 35.989045720683521 ], [ 139.172212335331096, 35.988365441112251 ], [ 139.170825110390638, 35.986621000059131 ], [ 139.169310116968404, 35.985650440915151 ], [ 139.170160920590092, 35.98490099988129 ], [ 139.170938690268372, 35.983145748077845 ], [ 139.173266743665408, 35.980696585678913 ], [ 139.172302581399094, 35.977972693884794 ], [ 139.174230922119477, 35.976916027352843 ], [ 139.176103942842701, 35.975040774512195 ], [ 139.176828105732511, 35.97331772113597 ], [ 139.177894773624985, 35.971864667620366 ], [ 139.177845615782644, 35.971151331668693 ], [ 139.178393670731339, 35.970692171106862 ], [ 139.178641440250317, 35.969640225116336 ], [ 139.177346446181559, 35.968290775299067 ], [ 139.177481439816688, 35.96758633274311 ], [ 139.176966134579516, 35.966980224757606 ], [ 139.176616694005247, 35.965758864480051 ], [ 139.176653645349461, 35.964969414406994 ], [ 139.17779418895077, 35.963535252050292 ], [ 139.177260855903796, 35.962391918752076 ], [ 139.176371698894854, 35.96140053220887 ], [ 139.174773916583035, 35.960915802122599 ], [ 139.174289441904307, 35.959477198014326 ], [ 139.172333060322558, 35.959600531939031 ], [ 139.170072502843823, 35.95561469436268 ], [ 139.168678300962938, 35.95431525224717 ], [ 139.168057471075485, 35.949636108419725 ], [ 139.165376056959531, 35.948886667385864 ], [ 139.163550777646378, 35.948838333322499 ], [ 139.162592165995761, 35.947210838309616 ], [ 139.162551608370109, 35.945896945887398 ], [ 139.16036019526689, 35.945293332621247 ], [ 139.158837419111705, 35.945671386925028 ], [ 139.157279636845828, 35.945496386948776 ], [ 139.156444644205067, 35.945097224657218 ], [ 139.154918521672471, 35.943614999832448 ], [ 139.153879921621183, 35.94414027855106 ], [ 139.152518780617243, 35.943769170610778 ], [ 139.151415448264402, 35.943054721298381 ], [ 139.147998223239483, 35.944266386884294 ], [ 139.147093216578696, 35.943328054046503 ], [ 139.145556277899914, 35.943223053701047 ], [ 139.143807638811495, 35.94206833318708 ], [ 139.143119857095826, 35.940365000144709 ], [ 139.142186808674296, 35.939349440724186 ], [ 139.140657081659015, 35.939202225302495 ], [ 139.139572892275169, 35.938494171069181 ], [ 139.138037612845665, 35.938061667312127 ], [ 139.137001504815657, 35.938149720832996 ], [ 139.133907056365615, 35.937349171327241 ], [ 139.131519532600464, 35.937481108166651 ], [ 139.129543138405211, 35.936493053611571 ], [ 139.126708690253963, 35.936295279203819 ], [ 139.125667003729291, 35.935179720567703 ], [ 139.123531725408839, 35.934679999682317 ], [ 139.120122554712225, 35.932976946329063 ], [ 139.119339754226303, 35.932196946332056 ], [ 139.116973916712936, 35.930856108422745 ], [ 139.11297167280452, 35.930551640246051 ], [ 139.109943332618741, 35.929468306117485 ], [ 139.10776749667275, 35.929181080642422 ], [ 139.105325252758234, 35.928075251771531 ], [ 139.102753021734657, 35.927391080833786 ], [ 139.102970219699955, 35.925283586168632 ], [ 139.104163838590352, 35.924495252154202 ], [ 139.104528832939309, 35.923508305563928 ], [ 139.10614800292808, 35.922515802062662 ], [ 139.107959105328518, 35.922140801856585 ], [ 139.109966615167195, 35.920513027154527 ], [ 139.111409143916944, 35.920261666642659 ], [ 139.11267664121408, 35.919525838646564 ], [ 139.112781894269119, 35.917581386571783 ], [ 139.113876614714059, 35.915836666728865 ], [ 139.113613839107416, 35.91367138702492 ], [ 139.112729363969038, 35.911144721052096 ], [ 139.112755745581239, 35.909599171364732 ], [ 139.111963255799651, 35.907836386839847 ], [ 139.113745472875394, 35.905307774734069 ], [ 139.118496304360974, 35.90240444121207 ], [ 139.119556549295339, 35.89901750535364 ], [ 139.120559053257807, 35.897204748200636 ], [ 139.1208090530954, 35.895363639920106 ], [ 139.119832387554652, 35.893353611979649 ], [ 139.11901791204707, 35.892628892409505 ], [ 139.118426808350591, 35.889721666621654 ], [ 139.117319000971179, 35.888169441266768 ], [ 139.114424811755725, 35.884789440979944 ], [ 139.111806199996181, 35.883370837793962 ], [ 139.110656161352836, 35.882324440620494 ], [ 139.110858949480985, 35.88012472137882 ], [ 139.110435887706103, 35.879124721129017 ], [ 139.11099450069571, 35.878142504972686 ], [ 139.110975888326607, 35.877259171073945 ], [ 139.110380583896927, 35.87631110757161 ], [ 139.109155862852845, 35.875298613040627 ], [ 139.109076913169019, 35.874318468022921 ], [ 139.108389441719396, 35.873637387155725 ], [ 139.108115939898767, 35.872732694358433 ], [ 139.106067029769633, 35.871105640912674 ], [ 139.105430051655617, 35.871009224596094 ], [ 139.104492529107006, 35.869803945096066 ], [ 139.102938781199896, 35.868703720800113 ], [ 139.100281920374414, 35.867188748062347 ], [ 139.099091361876958, 35.86867441369327 ], [ 139.096061479353807, 35.86937638671094 ], [ 139.094495551028899, 35.869506170573345 ], [ 139.091656718682657, 35.869033945560204 ], [ 139.089227716386063, 35.871033559351361 ], [ 139.085878560147535, 35.872805775066524 ], [ 139.083992995680319, 35.873429667145501 ], [ 139.08253938998098, 35.874872999889078 ], [ 139.079970776929827, 35.8753199188792 ], [ 139.077761854925711, 35.875340197692026 ], [ 139.076112697942676, 35.874829080597635 ], [ 139.075136861576993, 35.874292134974098 ], [ 139.072239610169959, 35.87159519766027 ], [ 139.070071828552159, 35.871577134776999 ], [ 139.066203774284872, 35.872804891932276 ], [ 139.065057912093039, 35.872727667148183 ], [ 139.061631802665602, 35.873629332827477 ], [ 139.059314863989812, 35.874898224973151 ], [ 139.05796902674922, 35.877440999602527 ], [ 139.055390143440377, 35.877476837586016 ], [ 139.051167640274457, 35.878247667196149 ], [ 139.049842088141872, 35.878832918104763 ], [ 139.048326523650189, 35.881208747985397 ], [ 139.047293747608478, 35.881496531939433 ], [ 139.045752918462426, 35.883433468379906 ], [ 139.044437639285661, 35.883823468378409 ], [ 139.042870972617379, 35.885601251796402 ], [ 139.040348754691308, 35.886307360796138 ], [ 139.039315966059007, 35.887016252298281 ], [ 139.037415446765522, 35.889217360093141 ], [ 139.029329583793356, 35.892908468251278 ], [ 139.025445965858694, 35.89552817088844 ], [ 139.024007394125988, 35.8972937208286 ], [ 139.020891802614642, 35.897157891723396 ], [ 139.018399300087708, 35.898423999567967 ], [ 139.013378755625126, 35.898255668064678 ], [ 139.010323449267844, 35.897172054246937 ], [ 139.007270116023051, 35.894214837844515 ], [ 139.006717302761331, 35.893413441177415 ], [ 139.006657030197857, 35.889624558726439 ], [ 139.004957834036873, 35.887380693564182 ], [ 139.002894500580851, 35.886220694029873 ], [ 139.000930856074206, 35.884008467916487 ], [ 138.995880856116628, 35.884447080768211 ], [ 138.995214188683917, 35.884142359882048 ], [ 138.994582244075332, 35.883256801959874 ], [ 138.993272802397996, 35.883090135101725 ], [ 138.988751387066941, 35.88114680178353 ], [ 138.98556360607563, 35.881165693841751 ], [ 138.984266394278734, 35.881812080663053 ], [ 138.983056939226458, 35.882992919287858 ], [ 138.978927782091546, 35.885010693988363 ], [ 138.975900245899652, 35.883237387395582 ], [ 138.973033580435413, 35.882119612829911 ], [ 138.967844111816362, 35.882152946201586 ], [ 138.966696328672697, 35.880639892617012 ], [ 138.966655226957187, 35.879366837509622 ], [ 138.96520408629965, 35.877785720534632 ], [ 138.962291309896045, 35.876774333069079 ], [ 138.960083255737686, 35.876782107708152 ], [ 138.956969973685432, 35.875974305170075 ], [ 138.954458494563937, 35.874910468343501 ], [ 138.954236057148364, 35.873869639772124 ], [ 138.952264163160635, 35.872162945963225 ], [ 138.949930998916557, 35.869486224509728 ], [ 138.949093695917441, 35.868967748263003 ], [ 138.946372088401176, 35.868677694420114 ], [ 138.945143722404964, 35.867928532176052 ], [ 138.945329274126721, 35.86704102722166 ], [ 138.945881777122395, 35.866367972803744 ], [ 138.946000947186008, 35.865321865211968 ], [ 138.946583722261039, 35.864472414170621 ], [ 138.94488983120084, 35.862750198063225 ], [ 138.943897886178547, 35.860862414069231 ], [ 138.942867587769001, 35.86016213537431 ], [ 138.943221971017238, 35.858191801710348 ], [ 138.943020077714436, 35.857203532217284 ], [ 138.943942580685643, 35.855071306195896 ], [ 138.942772865775169, 35.853758531631001 ], [ 138.937510052047287, 35.852334640431366 ], [ 138.935146719145791, 35.851015468089429 ], [ 138.932182801894896, 35.851274108613268 ], [ 138.930993916136345, 35.849910505265655 ], [ 138.926630026054909, 35.848918278755605 ], [ 138.922623333200363, 35.850686612996867 ], [ 138.921150271567853, 35.850527720777734 ], [ 138.920323060760666, 35.851221332798332 ], [ 138.917635551039893, 35.851416332797555 ], [ 138.914857495776914, 35.852540224551774 ], [ 138.913116393906535, 35.85235135972755 ], [ 138.912198612376073, 35.852906918619453 ], [ 138.910946083395061, 35.852727467898376 ], [ 138.910117470544947, 35.852143306068797 ], [ 138.909046083010367, 35.850678027169295 ], [ 138.906625252853246, 35.849743027219006 ], [ 138.904976057199292, 35.848585802093169 ], [ 138.902974112365428, 35.848450803062178 ], [ 138.901248833167188, 35.847268306087528 ], [ 138.898301023673412, 35.846212467831151 ], [ 138.896931310331752, 35.844889973393606 ], [ 138.896710467414209, 35.843453306424976 ], [ 138.894409052835613, 35.840793027276447 ], [ 138.893218690390313, 35.839967026956799 ], [ 138.892222672338562, 35.839778585713191 ], [ 138.890435162752624, 35.842226359558879 ], [ 138.8887760053085, 35.84313302726747 ], [ 138.885647950992166, 35.847133306157218 ], [ 138.881802917570667, 35.847447747815352 ], [ 138.879981803017813, 35.846868305627879 ], [ 138.877694033852663, 35.847870000200373 ], [ 138.87716236095423, 35.84910999982668 ], [ 138.875452335157206, 35.850149440744133 ], [ 138.874217056072325, 35.851438612601953 ], [ 138.872375383017584, 35.8548358376039 ], [ 138.871210388648592, 35.855265279169373 ], [ 138.869431505359785, 35.857249171012484 ], [ 138.86656593976636, 35.858179999907122 ], [ 138.865118444060954, 35.859247774864969 ], [ 138.862441751385745, 35.858710278856336 ], [ 138.860686744198006, 35.857666387194058 ], [ 138.858811166702026, 35.857574441407394 ], [ 138.858401725159524, 35.858303612621683 ], [ 138.857782282926109, 35.858410559100093 ], [ 138.856855887689107, 35.860050837975848 ], [ 138.857054812329807, 35.862614440903769 ], [ 138.856628417667366, 35.86461638663701 ], [ 138.855900635905641, 35.86509389156987 ], [ 138.85073394171809, 35.865807775208737 ], [ 138.849831439669288, 35.866631946307336 ], [ 138.846949441663469, 35.866903864421886 ], [ 138.845448689905197, 35.867390865296272 ], [ 138.844711503932785, 35.866373838182142 ], [ 138.841721194277739, 35.864913000134891 ], [ 138.838099339313089, 35.864304305699193 ], [ 138.834445668133185, 35.86227874826568 ], [ 138.832426692837657, 35.862250413325967 ], [ 138.83172494195253, 35.862907504777581 ], [ 138.83074855969835, 35.863022224995746 ], [ 138.83052717269095, 35.864731667132787 ], [ 138.829359662918137, 35.865480278991754 ], [ 138.827830776769019, 35.865795000339062 ], [ 138.826012412343061, 35.865290558912193 ], [ 138.82449547278793, 35.865620279152608 ], [ 138.821913255692266, 35.864590025709163 ], [ 138.819366614877481, 35.865202694248978 ], [ 138.815072438442371, 35.862972720914399 ], [ 138.814690116855445, 35.862259640370155 ], [ 138.813604863573687, 35.862367774852999 ], [ 138.812899299563128, 35.863542775079054 ], [ 138.811149805219429, 35.864860172159297 ], [ 138.810179922365592, 35.866207945640213 ], [ 138.809902891605248, 35.867343053738978 ], [ 138.808759221960599, 35.868970748401352 ], [ 138.808824085563174, 35.869717081378269 ], [ 138.808404889973758, 35.870019532375579 ], [ 138.805846226122526, 35.869641666929454 ], [ 138.801929533820953, 35.870427775121755 ], [ 138.799583942744789, 35.871519720258959 ], [ 138.796970336611821, 35.872130000199377 ], [ 138.79486586276937, 35.873420864581306 ], [ 138.79326002612936, 35.874987251560469 ], [ 138.792003645351997, 35.875451135361686 ], [ 138.791790855863383, 35.879775838384262 ], [ 138.792788105986347, 35.881932775077587 ], [ 138.791941414065036, 35.882640558614924 ], [ 138.791560311059584, 35.883997774977388 ], [ 138.791728663247227, 35.886796386943729 ], [ 138.791118663895304, 35.890807775158748 ], [ 138.79062005187393, 35.891878613207496 ], [ 138.788137250333875, 35.893875838399254 ], [ 138.781980558156306, 35.897091667446546 ], [ 138.781498339876521, 35.897814440883792 ], [ 138.781319169743938, 35.898882775219931 ], [ 138.779349999802662, 35.899908333303017 ], [ 138.777155252912621, 35.900419170708233 ], [ 138.775484423167654, 35.900173612622154 ], [ 138.771145745579815, 35.900550026562541 ], [ 138.765667108050707, 35.899108360262687 ], [ 138.759246783212575, 35.901684197567704 ], [ 138.757708443390015, 35.902604197725623 ], [ 138.753571750835704, 35.902866693643034 ], [ 138.74910697840437, 35.901607532161904 ], [ 138.746495278834118, 35.9029811350714 ], [ 138.743310830730366, 35.903867251472548 ], [ 138.740288858644021, 35.905470586198646 ], [ 138.738862166056151, 35.905887278974774 ], [ 138.737389390408111, 35.905696720727121 ], [ 138.736077445018168, 35.904313666842313 ], [ 138.734641582043423, 35.903968387431178 ], [ 138.732937691421398, 35.904727279440465 ], [ 138.729134890163095, 35.908997559090153 ], [ 138.728888780792659, 35.909727000101043 ], [ 138.729257108029174, 35.912697838534484 ], [ 138.73065267238303, 35.914883387158625 ], [ 138.730133774354272, 35.916340612629199 ], [ 138.72810627798242, 35.917832280335517 ], [ 138.729495719751753, 35.917886441106418 ], [ 138.73231939042762, 35.919467837770526 ], [ 138.733775253425279, 35.923171135339658 ], [ 138.735209170267012, 35.923778360283166 ], [ 138.736115278597254, 35.924907531957103 ], [ 138.736280026302211, 35.926377251708857 ], [ 138.737627250297464, 35.927294467565673 ], [ 138.737584227630009, 35.928044747667002 ], [ 138.738507003995096, 35.929019198177514 ], [ 138.738265083666761, 35.929842252318167 ], [ 138.738946472102043, 35.931293919079167 ], [ 138.739170661396997, 35.933259748039006 ], [ 138.7374595851918, 35.935792800997035 ], [ 138.737442087982004, 35.93627586463947 ], [ 138.737554033791639, 35.936887802030469 ], [ 138.738460169101586, 35.937586387301963 ], [ 138.739254331622192, 35.939108053693758 ], [ 138.736024358937129, 35.941422225155634 ], [ 138.734727418735474, 35.942978332883797 ], [ 138.731135498604431, 35.945145279031465 ], [ 138.731428859254493, 35.947386946250617 ], [ 138.730487198025799, 35.949201666623651 ], [ 138.730469441811351, 35.950301107610073 ], [ 138.729054449403407, 35.951301107859877 ], [ 138.728181971221034, 35.954262775007123 ], [ 138.727256692942092, 35.955343612617696 ], [ 138.72676477277605, 35.95670610800056 ], [ 138.725375616091924, 35.95775777520123 ], [ 138.724121439552846, 35.958158891719506 ], [ 138.723371166646075, 35.958038054312794 ], [ 138.722905057922162, 35.958477775129268 ], [ 138.721041193196584, 35.95909000030332 ], [ 138.720392580553266, 35.960550838350571 ], [ 138.719719534229171, 35.961188613263971 ], [ 138.719477886395453, 35.962887197885948 ], [ 138.717999558332963, 35.963822748221332 ], [ 138.716135668426432, 35.964296919367371 ], [ 138.714183748381402, 35.965515251627608 ], [ 138.713993747713403, 35.966368585941552 ], [ 138.712931829140643, 35.967734414211918 ], [ 138.711360467111945, 35.971872197643847 ], [ 138.711421024760512, 35.972769134687894 ], [ 138.712197717051026, 35.97375219800557 ], [ 138.71242050610158, 35.974852198370286 ], [ 138.711885810581748, 35.975611081386376 ], [ 138.711911388200065, 35.979168305672829 ], [ 138.712687781915633, 35.980422198026076 ], [ 138.712653358565717, 35.982077748289498 ], [ 138.713205886742344, 35.984022170686671 ], [ 138.712964228116675, 35.984962170867561 ], [ 138.712550051643689, 35.985333000017988 ], [ 138.714474527077869, 35.9867171708608 ], [ 138.714475939912745, 35.989096053939761 ], [ 138.715700973021512, 35.991596612593639 ], [ 138.716809026815213, 35.992904386927989 ], [ 138.719541555698356, 35.993780224977456 ], [ 138.722157664644556, 35.993849387339424 ], [ 138.722791556285415, 35.994460224859552 ], [ 138.724728781408203, 35.994683000420196 ], [ 138.725894330658889, 35.994454667049297 ], [ 138.726585473141085, 35.994768559221654 ], [ 138.727761309736707, 35.995714081239896 ], [ 138.727692697759835, 35.996502134665832 ], [ 138.728704112205037, 35.996953251691252 ], [ 138.729916886655019, 35.998097972643393 ], [ 138.732168029131344, 35.998332135419787 ], [ 138.735698340306271, 36.001621306877837 ], [ 138.735918910729197, 36.003172414375456 ], [ 138.737370856280108, 36.004297972573454 ], [ 138.736510893962645, 36.005941307345495 ], [ 138.736685887643716, 36.006466026685814 ], [ 138.74021535615384, 36.00785433261143 ], [ 138.740837588084332, 36.008631558199909 ], [ 138.742140116673113, 36.008942387281422 ], [ 138.74289483762675, 36.009860170610409 ], [ 138.743769830313454, 36.010099892096378 ], [ 138.744756809279352, 36.013679054444879 ], [ 138.747060725771917, 36.014772387235951 ], [ 138.749184916350828, 36.016721837742693 ], [ 138.748492724359835, 36.01863489178686 ], [ 138.748724111828324, 36.019336836925561 ], [ 138.749651051155183, 36.020333505187182 ], [ 138.749410803565752, 36.022090134751977 ], [ 138.750646938805289, 36.023808197790174 ], [ 138.750655280017213, 36.025052640067315 ], [ 138.752896135148603, 36.026586252153891 ], [ 138.7535847469386, 36.028376531651645 ], [ 138.75284975441275, 36.029094026967812 ], [ 138.7529461608367, 36.030503198064196 ], [ 138.754411193321971, 36.034525972595588 ], [ 138.759797885963735, 36.034852919326795 ], [ 138.761073747855221, 36.035824000976902 ], [ 138.764181284138999, 36.036672053572488 ], [ 138.765510169159029, 36.037637332796749 ], [ 138.769063255664832, 36.038795945576453 ], [ 138.770426030736758, 36.038257053820018 ], [ 138.773547716953658, 36.038793170268661 ], [ 138.774960220038224, 36.038230108332868 ], [ 138.776412165589022, 36.037144558274804 ], [ 138.780556913370901, 36.03689510792293 ], [ 138.781179144402017, 36.035288720897825 ], [ 138.78207525227117, 36.034080387300094 ], [ 138.783451089096502, 36.033527333020061 ], [ 138.784463021551232, 36.033652585198695 ], [ 138.7866749679755, 36.03314425240535 ], [ 138.787632191972193, 36.031835918692764 ], [ 138.787867470807214, 36.030515640184717 ], [ 138.790975525100521, 36.029399801859427 ], [ 138.791875006326563, 36.029943972636261 ], [ 138.794812529374781, 36.03030730593747 ], [ 138.795871412735551, 36.031110081265297 ], [ 138.797111970840888, 36.031018134579313 ], [ 138.799600051401285, 36.032098413710855 ], [ 138.800892826842528, 36.032219531706062 ], [ 138.802569805252347, 36.033538667175776 ], [ 138.804774280108973, 36.033489225147662 ], [ 138.806073164644886, 36.034116720810061 ], [ 138.808681802922933, 36.033051721160064 ], [ 138.810565966246372, 36.033522838208455 ], [ 138.813580726669215, 36.033486721435111 ], [ 138.815796861236208, 36.035425864811884 ], [ 138.818129636973254, 36.03561891867821 ], [ 138.82160466862058, 36.036740586408996 ], [ 138.823209688676229, 36.036392530790692 ], [ 138.824784423162669, 36.036839467767265 ], [ 138.825712750143339, 36.037457532239387 ], [ 138.828394720040365, 36.037302532286105 ], [ 138.828959168730762, 36.038703333392164 ], [ 138.829115005952872, 36.041617504644194 ], [ 138.831801140610196, 36.044781107362269 ], [ 138.832483646003539, 36.046720837996304 ], [ 138.8319991956065, 36.047163333221306 ], [ 138.83209058381351, 36.047642504597945 ], [ 138.833820609633449, 36.048421667326124 ], [ 138.834628949066769, 36.050175838144469 ], [ 138.836101439629829, 36.049593332866095 ], [ 138.837611440015962, 36.049950558871274 ], [ 138.838966445844903, 36.051198612825772 ], [ 138.840908145994263, 36.054505838173952 ], [ 138.842939247748177, 36.055957774731553 ], [ 138.843715358177292, 36.057636945688557 ], [ 138.843855357438883, 36.059486387986453 ], [ 138.845261192949806, 36.061118332844842 ], [ 138.844988443861666, 36.062305559354115 ], [ 138.84603705606537, 36.06662500044348 ], [ 138.848900947121024, 36.06739191800267 ], [ 138.850763995262241, 36.069264694110416 ], [ 138.853583994905534, 36.069132197892657 ], [ 138.854711777126909, 36.068514693698205 ], [ 138.859177367041866, 36.069919414049764 ], [ 138.861748196022518, 36.071690252902897 ], [ 138.862067367215332, 36.07321386632691 ], [ 138.86399180307933, 36.074889135125545 ], [ 138.864158754123309, 36.076828586070462 ], [ 138.86480625160732, 36.077346919324896 ], [ 138.867405694317426, 36.078003838106667 ], [ 138.867999856608208, 36.078790504777999 ], [ 138.871842672301568, 36.079389667299381 ], [ 138.872369611168665, 36.080155775468711 ], [ 138.873422387233404, 36.080826890948288 ], [ 138.877779338145956, 36.082581891840903 ], [ 138.881586278084342, 36.083534080533468 ], [ 138.884851828848923, 36.08354102689691 ], [ 138.885773774240306, 36.084081306307269 ], [ 138.886712944346982, 36.084177973534679 ], [ 138.891520168720831, 36.087558802097078 ], [ 138.892376278342681, 36.087832413635056 ], [ 138.894835446598677, 36.087518505274829 ], [ 138.897474890254102, 36.089709054129571 ], [ 138.897858781157879, 36.090654613020035 ], [ 138.899779883235055, 36.090877946160333 ], [ 138.90088905308744, 36.090687946391654 ], [ 138.902463501589409, 36.09162489157552 ], [ 138.907769078979868, 36.092049585619918 ], [ 138.910744915845271, 36.090751801854196 ], [ 138.913496031017075, 36.091845972813474 ], [ 138.914175188234367, 36.092706251692221 ], [ 138.916314086326111, 36.093749027295814 ], [ 138.919446588689198, 36.092456224874923 ], [ 138.920936589052417, 36.091430666791894 ], [ 138.922719637101636, 36.090898721398901 ], [ 138.924834916298437, 36.090758440649552 ], [ 138.925846303763933, 36.089325080488152 ], [ 138.928366328243555, 36.089200359808785 ], [ 138.929069947919857, 36.088687305574751 ], [ 138.931490506481737, 36.088103134751918 ], [ 138.934193553789555, 36.090449801417265 ], [ 138.937273554630906, 36.091831170871899 ], [ 138.938103865401104, 36.092893387120171 ], [ 138.94506858584657, 36.094596170676766 ], [ 138.946377755928779, 36.09655977471391 ], [ 138.946982218154858, 36.096824505446648 ], [ 138.948507497123387, 36.098448946361827 ], [ 138.950331115388735, 36.099395053838691 ], [ 138.950289170109158, 36.100837277718256 ], [ 138.95111833963972, 36.102676440765208 ], [ 138.9543658625945, 36.104622559283712 ], [ 138.954988637715473, 36.105602558611224 ], [ 138.956553359150234, 36.105702000247163 ], [ 138.956876134825848, 36.106735892347615 ], [ 138.957905032091617, 36.10764089181373 ], [ 138.958012528955123, 36.109894225937808 ], [ 138.956429467645876, 36.111445053746309 ], [ 138.956263916846297, 36.112148386538877 ], [ 138.95720033682619, 36.117867586420004 ], [ 138.958185616073365, 36.118744251845783 ], [ 138.958658663966276, 36.120592586178986 ], [ 138.958369494156841, 36.123800919377004 ], [ 138.958651167217681, 36.124164801264612 ], [ 138.959618145261288, 36.123992305900231 ], [ 138.960497300909765, 36.124297305576249 ], [ 138.962437859819488, 36.125515639635125 ], [ 138.964633695788507, 36.125871468093806 ], [ 138.966945383322809, 36.124305639593672 ], [ 138.969730389445999, 36.124445919443701 ], [ 138.971180661358517, 36.122838107892392 ], [ 138.973782606881855, 36.121306441039451 ], [ 138.974038715814117, 36.120897558875299 ], [ 138.973955941313761, 36.119772278567837 ], [ 138.975622048718606, 36.118420891610924 ], [ 138.976694553211132, 36.116625864592038 ], [ 138.976166225790735, 36.113991413972656 ], [ 138.976966498305273, 36.11282419827819 ], [ 138.976806498121505, 36.111940585589593 ], [ 138.976367886169101, 36.111467532300821 ], [ 138.977008716079467, 36.109758639649556 ], [ 138.980470659893058, 36.10909083817171 ], [ 138.98288204896744, 36.10814305435855 ], [ 138.985606783426419, 36.105948892027811 ], [ 138.986923721852349, 36.103919441429127 ], [ 138.988234552982249, 36.100448865023168 ], [ 138.990352606587635, 36.098791359633594 ], [ 138.990359559246372, 36.098387748395908 ], [ 138.989468444413205, 36.097546360676063 ], [ 138.989460660780878, 36.097091918857018 ], [ 138.991613722295483, 36.095879387223988 ], [ 138.992755382854739, 36.094724666710079 ], [ 138.993340116653144, 36.095343837348253 ], [ 138.995570143047757, 36.095949667443222 ], [ 138.996988470141901, 36.097096892107913 ], [ 139.003929611262606, 36.097536612924387 ], [ 139.005374890139137, 36.098437442234228 ], [ 139.006522387298446, 36.098258837775177 ], [ 139.007760725876892, 36.097460505098297 ], [ 139.009492944244016, 36.098483558569399 ], [ 139.013708520831642, 36.098573306413016 ], [ 139.017739364080398, 36.098223305561135 ], [ 139.018415745989955, 36.099192747747168 ], [ 139.022624941887671, 36.100428305621847 ], [ 139.02674355357226, 36.10028858604943 ], [ 139.027942995572857, 36.100891360248113 ], [ 139.029090532302234, 36.101047747855318 ], [ 139.032396913187085, 36.10025166708084 ], [ 139.034341361664588, 36.100542225443405 ], [ 139.036328586395257, 36.102049171731949 ], [ 139.037818340344188, 36.102555559291659 ], [ 139.03798221840475, 36.103791108173141 ], [ 139.038466667003149, 36.104193332656223 ], [ 139.041039999696295, 36.104436694597837 ], [ 139.041948911213353, 36.106729467590924 ], [ 139.043293359900758, 36.107455865296004 ], [ 139.043315576752548, 36.108706413969855 ], [ 139.043718637605139, 36.109596413643601 ], [ 139.044575304806585, 36.11015474784341 ], [ 139.044366692668746, 36.111204198215205 ], [ 139.044881140851999, 36.112214775391635 ], [ 139.044680026362244, 36.112988945983147 ], [ 139.044978391739505, 36.114116721009907 ], [ 139.044935331300508, 36.116190892195959 ], [ 139.045732282618815, 36.116540891249201 ], [ 139.046745616217322, 36.117694775393602 ], [ 139.049423695647079, 36.119055332737446 ], [ 139.049915356808356, 36.120447864577329 ], [ 139.051280920677982, 36.121882865102179 ], [ 139.051884254255015, 36.122113694091752 ], [ 139.053403995198323, 36.123915082015458 ], [ 139.053743163716149, 36.124998694034559 ], [ 139.055523722441876, 36.124931747602147 ], [ 139.056082607026724, 36.125802865110188 ], [ 139.056843721260748, 36.126196775360938 ], [ 139.058043450145192, 36.12578010776582 ], [ 139.059008171789742, 36.123334801659837 ], [ 139.062241776836572, 36.123032612365193 ], [ 139.063034837687724, 36.122021775284736 ], [ 139.067946523713204, 36.12080761318083 ], [ 139.068802088345819, 36.119608720665951 ], [ 139.071127912323391, 36.119692333334569 ], [ 139.071242917626591, 36.118910666893839 ], [ 139.071628754663379, 36.118712612796912 ], [ 139.07568319072675, 36.119434000378874 ], [ 139.076517665357983, 36.120507360126624 ], [ 139.078927107400204, 36.121987639717872 ], [ 139.082348223791541, 36.121570694232219 ], [ 139.083220194756223, 36.123137919379531 ], [ 139.084878521226869, 36.123054586400087 ], [ 139.087820194646383, 36.123846801888476 ], [ 139.088049364386734, 36.124628505201429 ], [ 139.087486860030594, 36.125843504574107 ], [ 139.087242996267378, 36.128297946892815 ], [ 139.086755227371896, 36.129046000272751 ], [ 139.088026886731541, 36.131482946280983 ], [ 139.090745524686326, 36.133730720796166 ], [ 139.092466083343083, 36.135757945572777 ], [ 139.095729441560593, 36.137909918907667 ], [ 139.099201946112998, 36.137690198344046 ], [ 139.100211114951094, 36.13639686532315 ], [ 139.10127722436448, 36.136495467891564 ], [ 139.103474474967129, 36.140865467967046 ], [ 139.104971413599969, 36.141741865394806 ], [ 139.106223942580982, 36.143948837668802 ], [ 139.108015058448245, 36.143212999780189 ], [ 139.111067834113328, 36.142598558676582 ], [ 139.111759779690146, 36.142038558932427 ], [ 139.114166718019646, 36.143158559320113 ], [ 139.115254253780904, 36.143125504738293 ], [ 139.116938975353492, 36.144128837875598 ], [ 139.117938689618882, 36.145622171126377 ], [ 139.119674811943128, 36.146961613287885 ], [ 139.121191219099501, 36.146555504632886 ], [ 139.1234476127172, 36.147830531953559 ], [ 139.12594566765847, 36.148390252008596 ], [ 139.126532334999297, 36.148348865207993 ], [ 139.128372891995468, 36.147082197985128 ], [ 139.128547328096829, 36.146823586239577 ] ] ] } }
]
}
