{
"type": "FeatureCollection",
"name": "11_saitama_region",
"crs": { "type": "name", "properties": { "name": "urn:ogc:def:crs:OGC:1.3:CRS84" } },
"features": [
{ "type": "Feature", "properties": { "regioncode": "1110000", "regionname": "埼玉県さいたま市", "name": "さいたま市", "namekana": "さいたまし", "PrefCode": "11" }, "geometry": { "type": "MultiPolygon", "coordinates": [ [ [ [ 139.547758392136188, 35.934202305891745 ], [ 139.543543139304461, 35.937769251849545 ], [ 139.540590610168579, 35.934936748032555 ], [ 139.541604772942037, 35.93419313460555 ], [ 139.542895888234739, 35.934105919252829 ], [ 139.54332367055099, 35.932934531603394 ], [ 139.544286446062756, 35.932392306060137 ], [ 139.546966718938961, 35.93409480183368 ], [ 139.547758392136188, 35.934202305891745 ] ] ], [ [ [ 139.547758392136188, 35.934202305891745 ], [ 139.550461726327626, 35.931334802259357 ], [ 139.550620337058945, 35.929617332773716 ], [ 139.551880050723867, 35.929016225918133 ], [ 139.550976718600737, 35.928873721145351 ], [ 139.550675888181786, 35.928533441065497 ], [ 139.550176693399749, 35.927132612979733 ], [ 139.550311414540261, 35.926119559070457 ], [ 139.548798081266455, 35.927322612748412 ], [ 139.547728910560863, 35.926412333362521 ], [ 139.546936693273892, 35.926665666986992 ], [ 139.546390025979008, 35.925913721341203 ], [ 139.547236692719252, 35.924247613036982 ], [ 139.546507808388697, 35.923369279368785 ], [ 139.546610830225745, 35.922910108015117 ], [ 139.546167224337978, 35.922609279394806 ], [ 139.54605639368765, 35.922071505495637 ], [ 139.547562502707365, 35.921149026806177 ], [ 139.548041388099591, 35.919868748344129 ], [ 139.549091673042312, 35.919117639967169 ], [ 139.549575550571262, 35.918107918945338 ], [ 139.550275837360118, 35.91762346764898 ], [ 139.549518029033834, 35.915127080950072 ], [ 139.549869415741, 35.914862360109908 ], [ 139.549198858740397, 35.914317639847241 ], [ 139.548556081797756, 35.911996837683944 ], [ 139.549968417608397, 35.910507413786149 ], [ 139.550833864891047, 35.910744054194822 ], [ 139.551890532322318, 35.910147107602995 ], [ 139.552108028862563, 35.909299054108089 ], [ 139.551820777307057, 35.907108775050006 ], [ 139.553998560285436, 35.906522667087472 ], [ 139.554244383671403, 35.905080999888298 ], [ 139.554918832937801, 35.90378377460155 ], [ 139.554315225967002, 35.902112666966048 ], [ 139.554417444709316, 35.901350468149644 ], [ 139.55363325567032, 35.900605198171434 ], [ 139.553224358217676, 35.899403251558851 ], [ 139.550976860693595, 35.897465198160432 ], [ 139.551031284066539, 35.896001584805333 ], [ 139.553317393083262, 35.893722135268376 ], [ 139.557298780814108, 35.89152769324852 ], [ 139.558388494733322, 35.890051332902715 ], [ 139.557794616628371, 35.888197721347808 ], [ 139.556407367406109, 35.887313080734145 ], [ 139.552722632743325, 35.888609108123887 ], [ 139.550142917561629, 35.888152721071265 ], [ 139.549458197138165, 35.887109946366991 ], [ 139.550190389175214, 35.884999108022441 ], [ 139.551449558750164, 35.88334438693397 ], [ 139.560109001229534, 35.88020246776972 ], [ 139.560355109700595, 35.87865219844025 ], [ 139.557723968586401, 35.875316360261877 ], [ 139.5578586897268, 35.874825252183712 ], [ 139.558625083880543, 35.874244972727354 ], [ 139.563476472161483, 35.871967197728054 ], [ 139.571421777393198, 35.872248865392862 ], [ 139.576472632605942, 35.871459972899459 ], [ 139.577490660665489, 35.869113306234169 ], [ 139.578456498368723, 35.864860838556922 ], [ 139.579128145347681, 35.863511108151158 ], [ 139.580154527209743, 35.862756108407723 ], [ 139.584451776628271, 35.860904720876192 ], [ 139.586728171168261, 35.859425278553829 ], [ 139.588813411210026, 35.857083892707521 ], [ 139.590955643088478, 35.852896694227127 ], [ 139.597173969403229, 35.848513919282027 ], [ 139.60013258065419, 35.845038080942743 ], [ 139.602002308959413, 35.844397802316792 ], [ 139.605050635678367, 35.84413835959765 ], [ 139.606281479306858, 35.843211693664784 ], [ 139.606502022750192, 35.841840865163874 ], [ 139.605422283211851, 35.839668945765311 ], [ 139.605412555245266, 35.839022558944009 ], [ 139.606355330734004, 35.836547279333502 ], [ 139.608770584195213, 35.83261950468642 ], [ 139.610022244431093, 35.831713945841955 ], [ 139.612773139269052, 35.834745332930822 ], [ 139.615527859822919, 35.835186170705242 ], [ 139.616793139391916, 35.833583107574384 ], [ 139.617081724641935, 35.830190891796292 ], [ 139.618703384853347, 35.829091440917296 ], [ 139.624345383332866, 35.834652558868527 ], [ 139.62562316527692, 35.833917278559625 ], [ 139.628705109553266, 35.830880613349677 ], [ 139.631372891745627, 35.829154774773087 ], [ 139.631669300198155, 35.8294306130324 ], [ 139.633210142833946, 35.829265612617974 ], [ 139.633629027257825, 35.830634225189385 ], [ 139.634559300371507, 35.830593386975295 ], [ 139.640861855390426, 35.832007278613048 ], [ 139.641301581602761, 35.831935892227705 ], [ 139.64135267208826, 35.830301720647924 ], [ 139.642466588562229, 35.830812279263341 ], [ 139.642998248870185, 35.830087559693197 ], [ 139.645896860951439, 35.829631440638536 ], [ 139.646316032259165, 35.829774503890292 ], [ 139.646244358090712, 35.830050333156407 ], [ 139.645118521102972, 35.831917278959281 ], [ 139.650002437862327, 35.832805333399449 ], [ 139.64971632934521, 35.833560891621914 ], [ 139.652261362172226, 35.834020612461359 ], [ 139.652026640916802, 35.835324224733256 ], [ 139.653753865348676, 35.835252838347856 ], [ 139.658134136581225, 35.829632560294499 ], [ 139.659493864750175, 35.830296440728205 ], [ 139.660222749979994, 35.82930700031784 ], [ 139.660212477024288, 35.828622865352997 ], [ 139.662686109076731, 35.828663693674571 ], [ 139.662727224282094, 35.829072306042121 ], [ 139.663289441754387, 35.829011198008459 ], [ 139.668019467424529, 35.832837864575822 ], [ 139.668326135342909, 35.833767305816536 ], [ 139.66816228336279, 35.835677026973258 ], [ 139.670758948966409, 35.835115639575179 ], [ 139.677104773066844, 35.832694802223386 ], [ 139.675615083869047, 35.839122026660277 ], [ 139.677789559140933, 35.839681747614634 ], [ 139.678924279631815, 35.840421467876467 ], [ 139.677379274034365, 35.84196841421101 ], [ 139.67663900068942, 35.84129286507374 ], [ 139.675369559057913, 35.842507305967445 ], [ 139.677728469992985, 35.843936108364744 ], [ 139.677156161227913, 35.844777468205621 ], [ 139.677186225563901, 35.845503135661261 ], [ 139.676108170455791, 35.845647865356739 ], [ 139.676630947260492, 35.846665918597296 ], [ 139.676365422426329, 35.847614802281328 ], [ 139.677669026604349, 35.847100080704195 ], [ 139.678079585104797, 35.847462027250799 ], [ 139.675696252180387, 35.848969225349549 ], [ 139.676259584812101, 35.849467864350515 ], [ 139.675229299892294, 35.850504774575711 ], [ 139.675261529795876, 35.850998107576629 ], [ 139.675913476226015, 35.851448387333278 ], [ 139.676710143358491, 35.851223108060026 ], [ 139.677200972646801, 35.851544774871513 ], [ 139.678223190647827, 35.85081313411888 ], [ 139.680022918422992, 35.85035480093336 ], [ 139.680964331438759, 35.849759803172446 ], [ 139.683378780906082, 35.84908425223648 ], [ 139.68451710677914, 35.849325080787878 ], [ 139.684710168739343, 35.848971197562776 ], [ 139.686942386781766, 35.847995080608541 ], [ 139.687320726170697, 35.848035081553803 ], [ 139.687288495367852, 35.848372865115664 ], [ 139.688367108055672, 35.847423973337754 ], [ 139.690720466576295, 35.847680639849727 ], [ 139.691390751981658, 35.848384532020589 ], [ 139.695714642916528, 35.848575387044548 ], [ 139.695691336086384, 35.850942891001694 ], [ 139.696528003264802, 35.851561774756135 ], [ 139.695441607844032, 35.852084279066275 ], [ 139.696592166295545, 35.853028441309561 ], [ 139.696133554320113, 35.853534837862526 ], [ 139.696455499022136, 35.853679278875688 ], [ 139.696696886951827, 35.85342233267454 ], [ 139.697727172770897, 35.854017054343615 ], [ 139.696119947577586, 35.854718171206684 ], [ 139.696033280811321, 35.854313171415754 ], [ 139.694999106323735, 35.853635945942187 ], [ 139.694797717540723, 35.853852865117688 ], [ 139.694435499398878, 35.853603693555669 ], [ 139.693904384080156, 35.854005640148216 ], [ 139.697181361630555, 35.856156775314957 ], [ 139.69756747116196, 35.857185918995015 ], [ 139.699605524675235, 35.858467333300837 ], [ 139.699766640917801, 35.858941505346252 ], [ 139.69909055758319, 35.860075359790073 ], [ 139.70044277641307, 35.860657865967767 ], [ 139.700386666811255, 35.861140080650273 ], [ 139.702297781917196, 35.861881467355886 ], [ 139.703343892206931, 35.861801225346312 ], [ 139.704108637903346, 35.862315667234327 ], [ 139.704784747318286, 35.861768999939443 ], [ 139.704229442035171, 35.861270386119486 ], [ 139.70671250257999, 35.858838999720092 ], [ 139.708201413864231, 35.859707054137289 ], [ 139.708507249909758, 35.859546225677832 ], [ 139.709088884644416, 35.857048170736562 ], [ 139.709775006211657, 35.857191504684238 ], [ 139.710030583644539, 35.858029278928143 ], [ 139.711430584354048, 35.857868440576112 ], [ 139.711900025965519, 35.858289837705911 ], [ 139.713034748255041, 35.858345946408349 ], [ 139.713736693393798, 35.860310385915625 ], [ 139.71162031072879, 35.860384278711535 ], [ 139.711045032402353, 35.859965945571957 ], [ 139.710436693198858, 35.859998721363979 ], [ 139.710430026524591, 35.860384278711535 ], [ 139.710992529081977, 35.860384278711535 ], [ 139.711031699053706, 35.860979001279929 ], [ 139.711568079903032, 35.861005107699611 ], [ 139.711537523637844, 35.861702891675179 ], [ 139.718248664044722, 35.862440666703435 ], [ 139.718538418413345, 35.863252613317513 ], [ 139.717289248400107, 35.865558171072792 ], [ 139.717321193218595, 35.86722261293329 ], [ 139.717739805147971, 35.867737053921928 ], [ 139.719699559187347, 35.868587026570083 ], [ 139.720230661016217, 35.869841468409106 ], [ 139.719707612616276, 35.870906198262503 ], [ 139.713544279844655, 35.876713693582133 ], [ 139.719012087737724, 35.879058108345077 ], [ 139.722332918029792, 35.876296748096479 ], [ 139.724441285037301, 35.877092864843917 ], [ 139.725149610865969, 35.876288693768231 ], [ 139.727897664745456, 35.878258945593927 ], [ 139.728629882862833, 35.877334224894639 ], [ 139.728903501595369, 35.876280919129158 ], [ 139.730606277957463, 35.875643693701534 ], [ 139.731209610635119, 35.875724252272448 ], [ 139.733209922300148, 35.877259775418338 ], [ 139.733642140072789, 35.876889504746885 ], [ 139.733209922300148, 35.875390891576444 ], [ 139.733615745869997, 35.874827027445406 ], [ 139.734305446739086, 35.871935359928955 ], [ 139.736632671860434, 35.870795640106735 ], [ 139.736716278233757, 35.869330360307913 ], [ 139.73745739334413, 35.870585360625967 ], [ 139.738613774006581, 35.869918414403344 ], [ 139.739322944298465, 35.870108972650996 ], [ 139.739865187828173, 35.870905639783473 ], [ 139.741331310291798, 35.871548973406448 ], [ 139.741379078681575, 35.87183477525474 ], [ 139.739161855035604, 35.871644252080614 ], [ 139.738994914783575, 35.872477586371588 ], [ 139.73951352772724, 35.872739531903903 ], [ 139.739554086252156, 35.87406089229637 ], [ 139.739422969594443, 35.874513387083198 ], [ 139.739112969687881, 35.874459774898753 ], [ 139.73917269816161, 35.874025055212201 ], [ 139.738260752331939, 35.873858386555355 ], [ 139.738076030684283, 35.874465613297446 ], [ 139.738972697931672, 35.874480891879728 ], [ 139.73856713426585, 35.875856171125463 ], [ 139.739622412244557, 35.875308386872632 ], [ 139.740814111981763, 35.87565366718303 ], [ 139.74080827538171, 35.876302838305378 ], [ 139.73933494215396, 35.878141441074717 ], [ 139.739632723871182, 35.878998946444256 ], [ 139.737491673701811, 35.881178412953432 ], [ 139.739303255440973, 35.882331946362285 ], [ 139.739971361789003, 35.88193561333793 ], [ 139.741679586244004, 35.883121170705522 ], [ 139.742855525362302, 35.881663640364764 ], [ 139.744506640169334, 35.882759467875189 ], [ 139.740940557560748, 35.886655305797774 ], [ 139.741256108083007, 35.887054198292674 ], [ 139.744442502319657, 35.885587252050072 ], [ 139.746839170391468, 35.884008639687011 ], [ 139.74812416309976, 35.88178780166578 ], [ 139.752288884824225, 35.880292801971279 ], [ 139.750071947162724, 35.882609198355851 ], [ 139.747420583892904, 35.887387801805687 ], [ 139.748380051698064, 35.891102504576963 ], [ 139.746766718309459, 35.892077224884076 ], [ 139.745238105554222, 35.893722504889752 ], [ 139.745628106452045, 35.893771107850398 ], [ 139.745766160480002, 35.894217505233712 ], [ 139.747797561708126, 35.894303891411539 ], [ 139.74956647151555, 35.895448613262943 ], [ 139.751669533422273, 35.895059721229188 ], [ 139.753215914083285, 35.895272467550399 ], [ 139.753467029979561, 35.895929135421341 ], [ 139.752549493964011, 35.897184386650167 ], [ 139.753900388991838, 35.898080802087406 ], [ 139.75333011719124, 35.898399413901871 ], [ 139.753059558851646, 35.898148306099472 ], [ 139.752614837804572, 35.898476639585283 ], [ 139.752972335405047, 35.898727748287001 ], [ 139.751996225645371, 35.899432467834174 ], [ 139.752556226288903, 35.901446081371603 ], [ 139.754822362262303, 35.901824413565862 ], [ 139.754172361065685, 35.904446919389898 ], [ 139.755392918248617, 35.904671918973918 ], [ 139.754706277772584, 35.907414387164295 ], [ 139.755189611211676, 35.907501332720358 ], [ 139.754509052850608, 35.910482170715682 ], [ 139.752812581635453, 35.910216467815815 ], [ 139.752386860565252, 35.911604440992221 ], [ 139.749427108074656, 35.911109946067199 ], [ 139.748584060206326, 35.914603558607382 ], [ 139.745122671274316, 35.917493000301761 ], [ 139.747330467327288, 35.921007999619519 ], [ 139.748592995870126, 35.922176054381453 ], [ 139.746867690591557, 35.922504108178089 ], [ 139.746101893587593, 35.924878278809558 ], [ 139.746510776651121, 35.924966334129067 ], [ 139.746470219924731, 35.925462721227632 ], [ 139.745357717185016, 35.92584689182064 ], [ 139.745502996366213, 35.926955504992634 ], [ 139.748238832955849, 35.927064108022194 ], [ 139.749095811322718, 35.927401890684735 ], [ 139.750770245550484, 35.929512693955701 ], [ 139.751157471140459, 35.929489360145908 ], [ 139.752671945653788, 35.931101585569763 ], [ 139.752739169976735, 35.931676306316547 ], [ 139.752418612029373, 35.931738251619095 ], [ 139.753465005605563, 35.933513532223799 ], [ 139.753053890424781, 35.933611305617319 ], [ 139.753171115254872, 35.933963251702778 ], [ 139.753636134899807, 35.933865468416684 ], [ 139.753753644814878, 35.934320467815382 ], [ 139.753362243672655, 35.934442693775338 ], [ 139.753538366002886, 35.934892693842812 ], [ 139.753988637665543, 35.934838801969192 ], [ 139.754275304661633, 35.935457693817568 ], [ 139.754798910641284, 35.935369640296699 ], [ 139.754960311069567, 35.935761027049807 ], [ 139.756307523373607, 35.935944918623136 ], [ 139.756571996000844, 35.936917973385789 ], [ 139.757046719330674, 35.937094081326848 ], [ 139.756850894653098, 35.937250747723908 ], [ 139.757345058627607, 35.937899360367226 ], [ 139.756781440011537, 35.938373251824146 ], [ 139.755379467988178, 35.937622972622137 ], [ 139.754836160560444, 35.938208531998214 ], [ 139.754219754438168, 35.937915747813577 ], [ 139.751945862711409, 35.940528531966208 ], [ 139.751125576684103, 35.940417973810497 ], [ 139.750671141160296, 35.940854919319122 ], [ 139.750278365854001, 35.940721306143416 ], [ 139.749296420393534, 35.941263251997555 ], [ 139.74991697778637, 35.94179713542951 ], [ 139.750741970865306, 35.941098251583071 ], [ 139.751504228137719, 35.941592973137233 ], [ 139.751567004413801, 35.941993532075912 ], [ 139.751276160966086, 35.942409640292738 ], [ 139.75040311261364, 35.942413802355134 ], [ 139.749838366247673, 35.942912134687333 ], [ 139.748446719340677, 35.946698803007394 ], [ 139.745761167444016, 35.952257134858939 ], [ 139.742128948692084, 35.951847134837465 ], [ 139.741653942975177, 35.951487693802108 ], [ 139.739255305388042, 35.951695467771685 ], [ 139.738938080328239, 35.952607134811501 ], [ 139.738550584042287, 35.952466864853989 ], [ 139.738269467661894, 35.953067414129919 ], [ 139.736876419611121, 35.952629639446343 ], [ 139.736526134573523, 35.953434081217949 ], [ 139.734733917036692, 35.95395074802866 ], [ 139.735081971755676, 35.954542135011593 ], [ 139.734475576886439, 35.954777973224964 ], [ 139.734808079629261, 35.955454053861558 ], [ 139.734392528992089, 35.955610999048417 ], [ 139.734690025624218, 35.956082667381224 ], [ 139.735498910946035, 35.955745721088192 ], [ 139.734995575685389, 35.957363506120942 ], [ 139.733928366401074, 35.957515171388081 ], [ 139.733602529433256, 35.957054614179128 ], [ 139.733220311268383, 35.957234332898224 ], [ 139.732428079592296, 35.956058224707363 ], [ 139.732810311246908, 35.955878505089004 ], [ 139.732203358798074, 35.954952386843217 ], [ 139.731666109203616, 35.955164053977967 ], [ 139.731435836894434, 35.954866559144421 ], [ 139.730767224228089, 35.955102107776099 ], [ 139.730581673405595, 35.954844332400057 ], [ 139.729671946203439, 35.955214892653203 ], [ 139.728803605801886, 35.953837973044074 ], [ 139.728365550529816, 35.95368074816804 ], [ 139.726871388104087, 35.954309359889123 ], [ 139.726225253093048, 35.953406026866674 ], [ 139.725604137221239, 35.953681026957895 ], [ 139.725862477371493, 35.954113251925094 ], [ 139.724834694365768, 35.954169613337058 ], [ 139.72441330712843, 35.953591305194607 ], [ 139.723913022368151, 35.953787692847811 ], [ 139.723705252895115, 35.953439639927467 ], [ 139.722598300770983, 35.953741865194957 ], [ 139.722379144082311, 35.953477972630367 ], [ 139.72314302193297, 35.952967135225151 ], [ 139.721996614752015, 35.952212693960689 ], [ 139.721100219999244, 35.952613252000049 ], [ 139.71937022025952, 35.952209360173867 ], [ 139.71910050638337, 35.953699892036468 ], [ 139.719504942299295, 35.954760720630816 ], [ 139.719392750075372, 35.95564989202893 ], [ 139.720629144319673, 35.957185170559228 ], [ 139.720568300686637, 35.958378505263852 ], [ 139.721034695394906, 35.958737665710771 ], [ 139.722339170116697, 35.958913774551093 ], [ 139.725193060711263, 35.960687386913435 ], [ 139.722443333193382, 35.960098224853255 ], [ 139.721263580050277, 35.959497386894952 ], [ 139.72089275000053, 35.959952108403115 ], [ 139.720286083535939, 35.959643505143674 ], [ 139.717822749620268, 35.960539053634477 ], [ 139.717333864666216, 35.961499053838338 ], [ 139.717249144032849, 35.963264055192042 ], [ 139.716743580252114, 35.962949612634588 ], [ 139.7162760829749, 35.963056559112943 ], [ 139.714463865415155, 35.964556279348869 ], [ 139.713334695539857, 35.964242108386657 ], [ 139.712345810910506, 35.965233225133261 ], [ 139.712604422656, 35.965525171149807 ], [ 139.711445252296585, 35.966211837706169 ], [ 139.711737470807748, 35.966688775166915 ], [ 139.713381088866186, 35.965575170757575 ], [ 139.713706913243527, 35.965850170848739 ], [ 139.714212749518879, 35.965468504867658 ], [ 139.714414968376104, 35.965659332911912 ], [ 139.713925810927549, 35.966206558685769 ], [ 139.714656394077338, 35.966554613404753 ], [ 139.7146961090383, 35.967729612731489 ], [ 139.713968884856172, 35.968208774215611 ], [ 139.713396394428173, 35.968171559370035 ], [ 139.713388611695109, 35.967817386563183 ], [ 139.714318339819556, 35.967278504699266 ], [ 139.713216913130054, 35.966487106694672 ], [ 139.713289974053168, 35.967106279131542 ], [ 139.712453021789543, 35.967235170866502 ], [ 139.712963890671062, 35.968426838228027 ], [ 139.711737470807748, 35.967823504651051 ], [ 139.712007198173751, 35.966768224873704 ], [ 139.711394967603724, 35.967037667154671 ], [ 139.711108300607634, 35.967295721320511 ], [ 139.711261361622633, 35.967668225008651 ], [ 139.713021115432184, 35.969106278731829 ], [ 139.710894720614874, 35.970688775266808 ], [ 139.71203194571774, 35.97040517136162 ], [ 139.71397722426957, 35.969027945982987 ], [ 139.714083891058749, 35.96860683843488 ], [ 139.715148054339352, 35.968270440728304 ], [ 139.715316667330399, 35.96784377537 ], [ 139.715990828813801, 35.968466838274026 ], [ 139.716918054125017, 35.968562386744793 ], [ 139.717413060764216, 35.968100720671771 ], [ 139.720550309749115, 35.968613505109204 ], [ 139.721642801673966, 35.969087385774287 ], [ 139.722944501087909, 35.971416279137998 ], [ 139.724647275651364, 35.972719892309215 ], [ 139.72409202342817, 35.975861000284965 ], [ 139.726570947091545, 35.981838468370654 ], [ 139.725848715945517, 35.982195413787395 ], [ 139.725673994759063, 35.983756251949501 ], [ 139.725202607014808, 35.984652081028742 ], [ 139.725885383104014, 35.985095972900865 ], [ 139.724486782639019, 35.985726251964991 ], [ 139.72176372181832, 35.987915973443478 ], [ 139.718713449865845, 35.989696251580824 ], [ 139.719094280376794, 35.990369865377033 ], [ 139.718304552413201, 35.990803747794757 ], [ 139.718855382669858, 35.991339586352865 ], [ 139.718055382649823, 35.991168198953289 ], [ 139.716373994864057, 35.99196569436134 ], [ 139.715917613207353, 35.991320973084498 ], [ 139.712840947052086, 35.992491251869808 ], [ 139.710641192736944, 35.993777919115701 ], [ 139.710378974710011, 35.993966532129832 ], [ 139.710698716072898, 35.994469585902721 ], [ 139.710265939821284, 35.994995414107109 ], [ 139.708267587779005, 35.994518467653222 ], [ 139.707857301773174, 35.995305414013671 ], [ 139.702785356559048, 35.99789927912849 ], [ 139.701748976034537, 35.998161224660862 ], [ 139.699519533299849, 35.998014279035829 ], [ 139.698159532636396, 35.999174837948487 ], [ 139.695626199989192, 36.002691504609288 ], [ 139.694744812223348, 36.001999837822325 ], [ 139.69401063628186, 36.002476775283014 ], [ 139.6925445273082, 36.001643440992041 ], [ 139.691925356669913, 36.002413721116397 ], [ 139.690782827365638, 36.00186094562622 ], [ 139.691375615492348, 36.000933170829228 ], [ 139.691978663984173, 36.001169000049345 ], [ 139.692849493709218, 35.999746504597567 ], [ 139.692943943208434, 35.999521225324315 ], [ 139.691968105943374, 35.99903372082963 ], [ 139.693076160636338, 35.997274279084763 ], [ 139.6926256155798, 35.997103441170907 ], [ 139.694394189040622, 35.994426774576027 ], [ 139.694568080152862, 35.993380666984251 ], [ 139.695622243871526, 35.991643441191911 ], [ 139.695601413774284, 35.991082613172125 ], [ 139.694604188832272, 35.98968566656032 ], [ 139.69467055789994, 35.988677360172062 ], [ 139.694035551099887, 35.987833748428784 ], [ 139.693207224234129, 35.988095972751012 ], [ 139.692403332847562, 35.986488747557701 ], [ 139.692623060605797, 35.986413198210585 ], [ 139.690843866151567, 35.98428346780787 ], [ 139.689768301266099, 35.983640973252363 ], [ 139.689605524875105, 35.982661251815387 ], [ 139.688098559700848, 35.981058468373647 ], [ 139.687186057190843, 35.978844027230139 ], [ 139.687386303834955, 35.977310972723274 ], [ 139.693125499242456, 35.975846252302745 ], [ 139.694278559607937, 35.975083747716837 ], [ 139.693937716552455, 35.974339865392551 ], [ 139.6854538001528, 35.975656802019842 ], [ 139.67606041465649, 35.974282892441579 ], [ 139.673545135899417, 35.976150667419404 ], [ 139.672059585381589, 35.974241225052538 ], [ 139.668725383070068, 35.974697333315305 ], [ 139.66770483780806, 35.975568720620004 ], [ 139.666949830870067, 35.975018170951898 ], [ 139.666079001145022, 35.975600106959405 ], [ 139.665190946704911, 35.974287612983005 ], [ 139.66523817100483, 35.973572332697074 ], [ 139.664467301824629, 35.972791505323755 ], [ 139.66358924874487, 35.972818720607506 ], [ 139.663185356918802, 35.973279838094129 ], [ 139.662325356829797, 35.972839558798626 ], [ 139.66154036289754, 35.973535386748779 ], [ 139.660716743982562, 35.973273441216406 ], [ 139.658422554557319, 35.971587892267451 ], [ 139.657289494214865, 35.971221225179477 ], [ 139.657466719113813, 35.970825386782224 ], [ 139.65679033720437, 35.970144000145524 ], [ 139.65679033720437, 35.969268719675711 ], [ 139.65463197058898, 35.969701504920579 ], [ 139.654096978292955, 35.969397332620872 ], [ 139.654076134705861, 35.968679278825732 ], [ 139.653535863389493, 35.968055946125048 ], [ 139.653971140655699, 35.967319279061542 ], [ 139.654424449328985, 35.965052053109787 ], [ 139.657529195915686, 35.965931775331228 ], [ 139.657879754347277, 35.963941504596789 ], [ 139.654359727819269, 35.963308171435017 ], [ 139.654303605626978, 35.962176774838326 ], [ 139.653716666690912, 35.961863999623915 ], [ 139.652956939211435, 35.962154279196682 ], [ 139.653021673311628, 35.963295946051119 ], [ 139.650786355306082, 35.96327927891565 ], [ 139.649631919877265, 35.963730946326166 ], [ 139.649263305757017, 35.963005107999379 ], [ 139.649408859231585, 35.96249705309657 ], [ 139.648870532249362, 35.962049559439663 ], [ 139.649816640625545, 35.961677892121088 ], [ 139.649833580255631, 35.960700945991903 ], [ 139.648658560244371, 35.956879559344259 ], [ 139.647562140080709, 35.954422892102855 ], [ 139.646595188117544, 35.954450945554754 ], [ 139.645611855003153, 35.95331705423871 ], [ 139.64560405878035, 35.952225666681215 ], [ 139.64508849543779, 35.951105667192849 ], [ 139.644093774208386, 35.951206224887414 ], [ 139.643462112886255, 35.950915667424169 ], [ 139.641441284088046, 35.951654278821934 ], [ 139.641615161710433, 35.953305107644667 ], [ 139.639349052716625, 35.953902611816147 ], [ 139.638527393424511, 35.953746225108262 ], [ 139.637694616713247, 35.954873973155372 ], [ 139.637089053716863, 35.955199802029313 ], [ 139.636273216635686, 35.954663693674547 ], [ 139.635775719773733, 35.954708414261972 ], [ 139.634079584904953, 35.953550081171386 ], [ 139.630946809147986, 35.953611467994904 ], [ 139.625700389161693, 35.952414251816322 ], [ 139.621774577734641, 35.959635919362256 ], [ 139.620976523847617, 35.960770639853195 ], [ 139.620522918398024, 35.960682838142532 ], [ 139.620225965855752, 35.961172278877598 ], [ 139.620375693983192, 35.961800892397321 ], [ 139.61864988328557, 35.964368946070067 ], [ 139.618884332046377, 35.964529775428844 ], [ 139.618701284037115, 35.96479672119176 ], [ 139.617980168949657, 35.964716441410701 ], [ 139.613616277968958, 35.966024224738248 ], [ 139.611109856634585, 35.964279225206155 ], [ 139.60015730211785, 35.959469224625082 ], [ 139.59916341096266, 35.961000892377342 ], [ 139.592352827121317, 35.961918919422658 ], [ 139.592074772932506, 35.961421694155888 ], [ 139.590874500857581, 35.961085306341886 ], [ 139.590495331394436, 35.96156419802935 ], [ 139.589455887779081, 35.961235027274768 ], [ 139.589576718890498, 35.961721413912187 ], [ 139.588898949327131, 35.961820027272495 ], [ 139.58829144019785, 35.961512801774461 ], [ 139.5883758883366, 35.961101971678715 ], [ 139.588042801933852, 35.960889747863632 ], [ 139.588221971167059, 35.960301134389908 ], [ 139.589384189328939, 35.959197251651915 ], [ 139.590681141221808, 35.957267278662016 ], [ 139.591116692781156, 35.957307559296453 ], [ 139.591420583593163, 35.956944225095981 ], [ 139.592075863810123, 35.957148944967912 ], [ 139.592423359150757, 35.956651720600462 ], [ 139.591965863234009, 35.956063108026058 ], [ 139.592244189018174, 35.95564005434511 ], [ 139.591570583315843, 35.955193945644112 ], [ 139.594417496969982, 35.950691169661809 ], [ 139.596717782000155, 35.94817925077183 ], [ 139.597579170642234, 35.945868135206354 ], [ 139.599004162612118, 35.944027305715622 ], [ 139.599419688967487, 35.941291468226723 ], [ 139.597364112164087, 35.938384252331446 ], [ 139.597305772243658, 35.936650080636753 ], [ 139.595838003121457, 35.937208973315535 ], [ 139.594124669617827, 35.939125080558085 ], [ 139.590911051104172, 35.940990640505731 ], [ 139.590030506003131, 35.942897586354604 ], [ 139.588234422280834, 35.945171171412483 ], [ 139.58609939037467, 35.945776441229839 ], [ 139.58396189432608, 35.945119224772441 ], [ 139.579866030992548, 35.942918667362676 ], [ 139.579277690912818, 35.943302559165829 ], [ 139.576496031166926, 35.943140333159874 ], [ 139.574748520727667, 35.944141441374484 ], [ 139.567629883112659, 35.940924224673267 ], [ 139.565860699911468, 35.939745053391562 ], [ 139.564894033932546, 35.938825919280816 ], [ 139.565127056368624, 35.935590639696329 ], [ 139.564829831331735, 35.934775639883924 ], [ 139.563793164822755, 35.934007865270814 ], [ 139.562037327560688, 35.93344563880521 ], [ 139.561373164739848, 35.932811197678689 ], [ 139.560755084079915, 35.931445360415125 ], [ 139.56130868964442, 35.929877306092862 ], [ 139.560539805267808, 35.929615386640819 ], [ 139.560935914361039, 35.928952332684048 ], [ 139.560400077601571, 35.928191775130358 ], [ 139.560877587930349, 35.927120946074865 ], [ 139.561314527143736, 35.926690386652069 ], [ 139.561541750751303, 35.926806775112652 ], [ 139.561238690013624, 35.927220108021629 ], [ 139.561500920631033, 35.927260667445921 ], [ 139.562211751071573, 35.926300386653566 ], [ 139.561784942721033, 35.925694945065686 ], [ 139.560854228040284, 35.925939837653459 ], [ 139.560702827173827, 35.926341224867713 ], [ 139.561011750591888, 35.926579838388875 ], [ 139.560307031044658, 35.927755387201387 ], [ 139.559491479048575, 35.928424559246082 ], [ 139.559590634700044, 35.928732890910226 ], [ 139.560528144658178, 35.92867483787353 ], [ 139.560603969197928, 35.92919261264899 ], [ 139.559707030355185, 35.929855919315287 ], [ 139.55936341109259, 35.929547333142978 ], [ 139.559351751382337, 35.930140918968277 ], [ 139.558862308848575, 35.930071198127337 ], [ 139.558361479099062, 35.930804532303398 ], [ 139.558052865947047, 35.930711467760091 ], [ 139.557866471560487, 35.931770360114058 ], [ 139.55874007839202, 35.932020639640882 ], [ 139.558809247948489, 35.932356747765766 ], [ 139.556808715949501, 35.935322026590313 ], [ 139.555166199560517, 35.935409533323366 ], [ 139.553912996088002, 35.934445333285566 ], [ 139.553215356903252, 35.934293134720463 ], [ 139.55284785974095, 35.934769251999455 ], [ 139.553273138344707, 35.935351197899536 ], [ 139.552742865690789, 35.935648135153372 ], [ 139.551822581347096, 35.935479252365667 ], [ 139.551511192887347, 35.935120919295059 ], [ 139.551260636369307, 35.932834251799306 ], [ 139.550975357027141, 35.933014531695335 ], [ 139.550806471541478, 35.934353134789376 ], [ 139.548039494127465, 35.934097026756433 ], [ 139.547758392136188, 35.934202305891745 ] ] ] ] } },
{ "type": "Feature", "properties": { "regioncode": "1120100", "regionname": "埼玉県川越市", "name": "川越市", "namekana": "かわごえし", "PrefCode": "11" }, "geometry": { "type": "Polygon", "coordinates": [ [ [ 139.467698301035853, 35.96007397283563 ], [ 139.466625810932442, 35.959955919729964 ], [ 139.465821361966391, 35.958890081012498 ], [ 139.46265802904486, 35.958062054520269 ], [ 139.462400804053914, 35.956646776127855 ], [ 139.459983280703909, 35.954064864801694 ], [ 139.457408275271746, 35.953701532399862 ], [ 139.457358274764601, 35.953401532954445 ], [ 139.455432723741296, 35.953001802291396 ], [ 139.455499390484533, 35.951510973652546 ], [ 139.454965747171514, 35.950794586301186 ], [ 139.453515188375263, 35.950402918959583 ], [ 139.452502412356466, 35.949512946265486 ], [ 139.450676588054193, 35.94899655914395 ], [ 139.450676588953456, 35.948338775214381 ], [ 139.434746251838078, 35.945118251705992 ], [ 139.433812918331569, 35.947500467672512 ], [ 139.43314516181988, 35.951811558556642 ], [ 139.437079882830403, 35.952411278657621 ], [ 139.440595473002759, 35.953804892381925 ], [ 139.442179365285597, 35.953938224969136 ], [ 139.44202907867907, 35.956278748365605 ], [ 139.443687977118543, 35.956470413678687 ], [ 139.443850751710897, 35.957901252141141 ], [ 139.443617419008774, 35.958509026570368 ], [ 139.441933528409663, 35.958858747733075 ], [ 139.440667691260956, 35.958401251816383 ], [ 139.439450466965582, 35.958417918951852 ], [ 139.439200194633372, 35.958517919066765 ], [ 139.439158520949036, 35.959434026958832 ], [ 139.437866589071859, 35.959767080986069 ], [ 139.436774643035392, 35.959583747891713 ], [ 139.436107691416851, 35.960341801732795 ], [ 139.437173800830351, 35.961223468288495 ], [ 139.439366303911811, 35.960982080358747 ], [ 139.441348248722761, 35.961165414352422 ], [ 139.441248248607849, 35.96150708118688 ], [ 139.438389921657631, 35.962265135028019 ], [ 139.436180753239228, 35.961473747815262 ], [ 139.435830467302253, 35.96066597315621 ], [ 139.434221024380804, 35.959908748490022 ], [ 139.433328780898592, 35.958576251792636 ], [ 139.431145719799247, 35.958892108084399 ], [ 139.425760440891736, 35.957359612955827 ], [ 139.424410169094131, 35.958400440627884 ], [ 139.421460415265983, 35.955771278921418 ], [ 139.422991244850095, 35.954645720723477 ], [ 139.420991245249866, 35.952730468736206 ], [ 139.423345693748843, 35.95098297268612 ], [ 139.424350699625165, 35.950962414184119 ], [ 139.424485382994135, 35.949461306294324 ], [ 139.424949300070239, 35.949553252980309 ], [ 139.42510538280726, 35.948875198331791 ], [ 139.425737366985913, 35.949021305788676 ], [ 139.425669559902303, 35.948577693605728 ], [ 139.426390117410051, 35.947837134276369 ], [ 139.426804280393299, 35.946711306281827 ], [ 139.426678716149922, 35.945605197721761 ], [ 139.427510389392978, 35.945100198715238 ], [ 139.426840946652419, 35.944127973127536 ], [ 139.427425667860348, 35.943105747931952 ], [ 139.427457055998389, 35.942344360304048 ], [ 139.427754280136014, 35.942406864984889 ], [ 139.428820661144641, 35.940242999914574 ], [ 139.424963412231705, 35.937981892050743 ], [ 139.423609533253398, 35.936849107800128 ], [ 139.423113410555516, 35.937115225287471 ], [ 139.420894500680674, 35.935497999633014 ], [ 139.420082283370789, 35.934852441087344 ], [ 139.420416446262038, 35.934341054196352 ], [ 139.418499222061541, 35.932428027131778 ], [ 139.418984773228772, 35.932109972896967 ], [ 139.417853191371705, 35.931102441724363 ], [ 139.417324773119844, 35.931396748461225 ], [ 139.416215304692628, 35.930264504703189 ], [ 139.418195083935984, 35.930099721025385 ], [ 139.418201633698459, 35.929760720680747 ], [ 139.417249300215076, 35.928854559290528 ], [ 139.419292218161445, 35.927574000239986 ], [ 139.418613943179025, 35.926915504946635 ], [ 139.41802752315175, 35.927296721266714 ], [ 139.417613359269126, 35.926861080674371 ], [ 139.420481699271022, 35.924667775397552 ], [ 139.417972437877779, 35.923840532214854 ], [ 139.417901634253099, 35.924041198842303 ], [ 139.417019389433335, 35.92320425197471 ], [ 139.416035746052899, 35.922835225065626 ], [ 139.415710751749884, 35.923512053038849 ], [ 139.416086782578986, 35.923631224901158 ], [ 139.415944162692995, 35.924101081100048 ], [ 139.415375524960609, 35.924503505232622 ], [ 139.413600246154488, 35.923025865151601 ], [ 139.413335745648169, 35.923300054054323 ], [ 139.41275863810074, 35.922961999796485 ], [ 139.411930830143774, 35.923999694230531 ], [ 139.404598858950294, 35.921211107906345 ], [ 139.403400803704244, 35.919864721179977 ], [ 139.401281051279511, 35.918566108239361 ], [ 139.395607716822724, 35.916263054196634 ], [ 139.391762411805871, 35.915363332851598 ], [ 139.388631854676419, 35.914151107887392 ], [ 139.388351581860093, 35.914773892001563 ], [ 139.387372971085824, 35.91457194653816 ], [ 139.384961309516939, 35.917287505214233 ], [ 139.385386031440248, 35.917601667183249 ], [ 139.385500414412604, 35.918289108055944 ], [ 139.384866913077644, 35.920379413978822 ], [ 139.384896303821392, 35.921498891860438 ], [ 139.383992412320026, 35.921760000123982 ], [ 139.383857691179514, 35.922347775429557 ], [ 139.381654642647732, 35.922118891673563 ], [ 139.380588806628225, 35.922333054426986 ], [ 139.377440168628937, 35.915686414296658 ], [ 139.377782386747867, 35.915548639957819 ], [ 139.3801851890953, 35.920102224937807 ], [ 139.382420752615758, 35.919435838093477 ], [ 139.381926030162276, 35.91820972130165 ], [ 139.382098807014358, 35.91793610796509 ], [ 139.383373527666208, 35.917608612647427 ], [ 139.385306860523315, 35.916541387175357 ], [ 139.384605472964267, 35.9161908368377 ], [ 139.384163255629801, 35.916421387037417 ], [ 139.383335746247781, 35.915968612561471 ], [ 139.383590725631507, 35.915217505083831 ], [ 139.382985160836597, 35.91485780234575 ], [ 139.383778222587011, 35.913775026696158 ], [ 139.384436834792155, 35.913688639619068 ], [ 139.384522943978709, 35.913343081418134 ], [ 139.384032387185016, 35.912779468197925 ], [ 139.38481654924442, 35.91037836017324 ], [ 139.38539822175062, 35.90994641399584 ], [ 139.383960999000919, 35.909570305825014 ], [ 139.384437664866368, 35.908515865115135 ], [ 139.381440972722771, 35.908741693874106 ], [ 139.381383476366409, 35.908463359996119 ], [ 139.389494059003709, 35.907948080839333 ], [ 139.392586834714734, 35.908246135051115 ], [ 139.39393350202954, 35.906087801710726 ], [ 139.394082671678007, 35.904928080966215 ], [ 139.393548781051436, 35.904788080805361 ], [ 139.39341933893138, 35.904360586272105 ], [ 139.39441041520854, 35.90137641359064 ], [ 139.395382086813925, 35.901453080795079 ], [ 139.39739791178431, 35.89850419841008 ], [ 139.398172891765626, 35.893461441592308 ], [ 139.398581505931816, 35.893471171357533 ], [ 139.399172918095815, 35.894148919337226 ], [ 139.406120725890901, 35.89862474803374 ], [ 139.409094332437576, 35.900111413710817 ], [ 139.411706005028122, 35.900910586354541 ], [ 139.41283267209019, 35.8983319728423 ], [ 139.413178780676276, 35.898293640139457 ], [ 139.413135446843512, 35.897656135022658 ], [ 139.416156277690106, 35.897980306446016 ], [ 139.415949883280518, 35.896747801769664 ], [ 139.418134617118994, 35.896449747557881 ], [ 139.417422672418411, 35.895232251667153 ], [ 139.417533217084383, 35.894939197685858 ], [ 139.417076835427679, 35.89459836002635 ], [ 139.417240169398383, 35.894392251601175 ], [ 139.417778222986612, 35.894756693766453 ], [ 139.418191829289526, 35.89416641384895 ], [ 139.418830999051465, 35.894924748278584 ], [ 139.422204331764533, 35.89248725278452 ], [ 139.423137665271156, 35.892343080668695 ], [ 139.423538223310402, 35.892986414291613 ], [ 139.426543502180948, 35.892160306053313 ], [ 139.427044617015554, 35.891481693825142 ], [ 139.42787739282744, 35.89142864011967 ], [ 139.429042387196432, 35.888460333277806 ], [ 139.430657664919408, 35.88880586539841 ], [ 139.431359610957315, 35.888445613174554 ], [ 139.431654889861306, 35.888155892080817 ], [ 139.431236550426547, 35.886497837205468 ], [ 139.432367638555775, 35.884804224935067 ], [ 139.432829026738204, 35.884616999574916 ], [ 139.432848196687019, 35.885164225348774 ], [ 139.433852918377511, 35.884761170791478 ], [ 139.433641803426553, 35.883376171673035 ], [ 139.433108196985813, 35.884101171831674 ], [ 139.433007366796573, 35.883548945827215 ], [ 139.432584034325828, 35.883577000178491 ], [ 139.432334306083476, 35.88269199983597 ], [ 139.432694864976156, 35.882427838374099 ], [ 139.432598755328399, 35.881869774870268 ], [ 139.434194578017468, 35.882878108238174 ], [ 139.434782088022985, 35.88363200001686 ], [ 139.436458755267381, 35.882892559444088 ], [ 139.437245135954299, 35.883400613447577 ], [ 139.437418470386206, 35.88319283767936 ], [ 139.437028470387645, 35.882673386567603 ], [ 139.437712360736896, 35.882369504748908 ], [ 139.441300725847896, 35.884886170260586 ], [ 139.447336809046533, 35.879344775341167 ], [ 139.457493280990207, 35.887056414222172 ], [ 139.457884111962244, 35.887183081034436 ], [ 139.458408274622229, 35.886770865083406 ], [ 139.459360778077553, 35.887786973090385 ], [ 139.460042438108076, 35.887528360445515 ], [ 139.46035577180146, 35.887824197828536 ], [ 139.460985497782531, 35.886771694258357 ], [ 139.459568520570883, 35.88429530578378 ], [ 139.457050441324895, 35.880284225136904 ], [ 139.455775447279166, 35.880902838195482 ], [ 139.455220168975643, 35.879542279052998 ], [ 139.453977638657193, 35.876156999745774 ], [ 139.455791244770239, 35.874803386966789 ], [ 139.45425732781348, 35.871327278830904 ], [ 139.454748715580877, 35.871042279177914 ], [ 139.462000726252541, 35.877861440752952 ], [ 139.4621857203947, 35.877650332996495 ], [ 139.462455720255321, 35.876422838443318 ], [ 139.461757950668925, 35.875713107873707 ], [ 139.461842917716581, 35.87379755911013 ], [ 139.462926809424744, 35.871774224800674 ], [ 139.464254578386203, 35.870238666581258 ], [ 139.463974578064381, 35.870032837845258 ], [ 139.464963191098491, 35.869462000371072 ], [ 139.465937055250947, 35.867467558581041 ], [ 139.465788999862525, 35.867076721313708 ], [ 139.463445382798227, 35.865663387255552 ], [ 139.46358817085752, 35.865093108260396 ], [ 139.460266471820319, 35.862494504617757 ], [ 139.460451751047572, 35.862218694237413 ], [ 139.458891439888134, 35.859764802303857 ], [ 139.458780610137069, 35.859044802375763 ], [ 139.459907562284229, 35.857585081286516 ], [ 139.460378105565155, 35.85780174775249 ], [ 139.460828664111659, 35.857359532216663 ], [ 139.466271414194466, 35.851470359569475 ], [ 139.464485032358425, 35.850274251355643 ], [ 139.46652111455785, 35.847147865281784 ], [ 139.468932776126735, 35.848077865001528 ], [ 139.472005550915469, 35.844017307252955 ], [ 139.472683890649137, 35.84426064041628 ], [ 139.47295389140902, 35.84396953166862 ], [ 139.477898858645517, 35.83758399980178 ], [ 139.481867496687642, 35.840086775284476 ], [ 139.483015837411017, 35.841426468356872 ], [ 139.48409833966673, 35.840276468384388 ], [ 139.487097522932459, 35.842033694199699 ], [ 139.483951141332227, 35.84689646789775 ], [ 139.484497808626998, 35.847210919448401 ], [ 139.483973671148078, 35.848028693669335 ], [ 139.485513942714306, 35.84873397349412 ], [ 139.48500727636474, 35.849547305963426 ], [ 139.492168690232916, 35.852723667363421 ], [ 139.489175357057093, 35.855298108920636 ], [ 139.477104500972018, 35.851034801714775 ], [ 139.474358393225316, 35.855290080672717 ], [ 139.471870610340488, 35.85525480206752 ], [ 139.469643112839435, 35.854182865047221 ], [ 139.468335057916647, 35.85424925210134 ], [ 139.471103112718538, 35.855748135068438 ], [ 139.47478255397175, 35.855785640395027 ], [ 139.477511193287, 35.856595360287713 ], [ 139.477757587742531, 35.856188972842858 ], [ 139.478294252777573, 35.856282306283447 ], [ 139.479783138880862, 35.856704775405092 ], [ 139.479566743110809, 35.857306170043785 ], [ 139.480312865646283, 35.857603666675914 ], [ 139.482864811561853, 35.8575261711959 ], [ 139.486175668372425, 35.859286999695314 ], [ 139.48828427909632, 35.859499225309037 ], [ 139.489097055784555, 35.860091999046574 ], [ 139.489914865079072, 35.862098667119824 ], [ 139.491787911882739, 35.863506721258204 ], [ 139.493031245295811, 35.86230200023715 ], [ 139.494995447382053, 35.863878667366635 ], [ 139.495577950861843, 35.864391973410875 ], [ 139.49414099880812, 35.865345306041092 ], [ 139.497455720005519, 35.867309196961912 ], [ 139.501970999262312, 35.864916693650571 ], [ 139.502103775169189, 35.865100864913018 ], [ 139.498227108094625, 35.867231694287341 ], [ 139.502301608032894, 35.871377532946838 ], [ 139.503781607934911, 35.872410585979821 ], [ 139.503644941560879, 35.872626414277647 ], [ 139.50554941697203, 35.874781108061768 ], [ 139.508490804407188, 35.877347505183252 ], [ 139.509654722287678, 35.878729999689767 ], [ 139.509350272097436, 35.879135279169873 ], [ 139.513326666792295, 35.880322225090652 ], [ 139.513099442285466, 35.880992774896697 ], [ 139.515273086583761, 35.881724135060836 ], [ 139.513720310843723, 35.883858026626683 ], [ 139.515108638353013, 35.8853830268053 ], [ 139.514586977606996, 35.886258864854767 ], [ 139.514422554557314, 35.888287197596128 ], [ 139.514711996861251, 35.888656918781805 ], [ 139.51502228275217, 35.88876635997957 ], [ 139.516356160808186, 35.888118305815226 ], [ 139.516687561881554, 35.889283586168631 ], [ 139.518658663566498, 35.890491918867042 ], [ 139.520652581051877, 35.890495505363333 ], [ 139.520905357096581, 35.890946054017206 ], [ 139.522223410681931, 35.890986613441498 ], [ 139.523241479210924, 35.892118000145615 ], [ 139.524185357268493, 35.892251333632203 ], [ 139.526492022988577, 35.8908141081846 ], [ 139.526040921251592, 35.890241892049744 ], [ 139.524702022280621, 35.889633559141487 ], [ 139.52407588819176, 35.887827748351981 ], [ 139.523313942984146, 35.886772747364432 ], [ 139.524180895731774, 35.884580532065968 ], [ 139.526745615617756, 35.881959693585031 ], [ 139.52805866357653, 35.881228864920217 ], [ 139.531926161163483, 35.879926080923951 ], [ 139.536671996915175, 35.879813305939365 ], [ 139.541648105875424, 35.878171919098861 ], [ 139.542273943187979, 35.877713306224166 ], [ 139.542929495000294, 35.878266639293997 ], [ 139.543000635870726, 35.880693865429578 ], [ 139.543685913873901, 35.881032197577895 ], [ 139.544252581191699, 35.880560802638968 ], [ 139.545974811688325, 35.881411081056569 ], [ 139.54727674402659, 35.881155532401976 ], [ 139.547318145216309, 35.881655252388043 ], [ 139.546614253944767, 35.882329413871389 ], [ 139.54360758831956, 35.88230136041949 ], [ 139.543227030303228, 35.883274134593705 ], [ 139.544967328179723, 35.883382171050414 ], [ 139.543837614214567, 35.884227171346936 ], [ 139.544878171190703, 35.885026333198766 ], [ 139.544138171239638, 35.885642441645416 ], [ 139.545877613860853, 35.886863000627045 ], [ 139.545825667220811, 35.887131333144566 ], [ 139.546989830616212, 35.887512721235169 ], [ 139.546974864098729, 35.888178000114692 ], [ 139.547733476418898, 35.88831855875452 ], [ 139.548362334554213, 35.88695438703536 ], [ 139.548853748401825, 35.887434108797152 ], [ 139.549466523960973, 35.887231053570304 ], [ 139.550452360787858, 35.88829938700718 ], [ 139.552189299696465, 35.888621891986759 ], [ 139.553444577904997, 35.888459387191006 ], [ 139.556407367406109, 35.887313080734145 ], [ 139.557794616628371, 35.888197721347808 ], [ 139.558388494733322, 35.890051332902715 ], [ 139.557298780814108, 35.89152769324852 ], [ 139.553317393083262, 35.893722135268376 ], [ 139.551031284066539, 35.896001584805333 ], [ 139.550976860693595, 35.897465198160432 ], [ 139.553224358217676, 35.899403251558851 ], [ 139.55363325567032, 35.900605198171434 ], [ 139.554417444709316, 35.901350468149644 ], [ 139.554315225967002, 35.902112666966048 ], [ 139.554918832937801, 35.90378377460155 ], [ 139.554244383671403, 35.905080999888298 ], [ 139.553998560285436, 35.906522667087472 ], [ 139.551820777307057, 35.907108775050006 ], [ 139.552108028862563, 35.909299054108089 ], [ 139.551890532322318, 35.910147107602995 ], [ 139.550833864891047, 35.910744054194822 ], [ 139.549968417608397, 35.910507413786149 ], [ 139.548556081797756, 35.911996837683944 ], [ 139.549198858740397, 35.914317639847241 ], [ 139.549869415741, 35.914862360109908 ], [ 139.549518029033834, 35.915127080950072 ], [ 139.550275837360118, 35.91762346764898 ], [ 139.549575550571262, 35.918107918945338 ], [ 139.549091673042312, 35.919117639967169 ], [ 139.548041388099591, 35.919868748344129 ], [ 139.547562502707365, 35.921149026806177 ], [ 139.54605639368765, 35.922071505495637 ], [ 139.546167224337978, 35.922609279394806 ], [ 139.546610830225745, 35.922910108015117 ], [ 139.546507808388697, 35.923369279368785 ], [ 139.547236692719252, 35.924247613036982 ], [ 139.546390025979008, 35.925913721341203 ], [ 139.546936693273892, 35.926665666986992 ], [ 139.547728910560863, 35.926412333362521 ], [ 139.548798081266455, 35.927322612748412 ], [ 139.550311414540261, 35.926119559070457 ], [ 139.550176693399749, 35.927132612979733 ], [ 139.550675888181786, 35.928533441065497 ], [ 139.550976718600737, 35.928873721145351 ], [ 139.551880050723867, 35.929016225918133 ], [ 139.550620337058945, 35.929617332773716 ], [ 139.550461726327626, 35.931334802259357 ], [ 139.547758392136188, 35.934202305891745 ], [ 139.546966718938961, 35.93409480183368 ], [ 139.544286446062756, 35.932392306060137 ], [ 139.54332367055099, 35.932934531603394 ], [ 139.542895888234739, 35.934105919252829 ], [ 139.541604772942037, 35.93419313460555 ], [ 139.540614500658762, 35.93481813464922 ], [ 139.544042308905546, 35.93836286465455 ], [ 139.545650363273694, 35.940839774735878 ], [ 139.545990947324412, 35.942833945829989 ], [ 139.544802606555095, 35.943008108537413 ], [ 139.544366783400392, 35.944495892071814 ], [ 139.53967730186605, 35.94510533294482 ], [ 139.538383138770882, 35.945779505220059 ], [ 139.537135642396038, 35.947068918995456 ], [ 139.536585109815064, 35.948133918645453 ], [ 139.535205914921107, 35.948810027161073 ], [ 139.535933165183451, 35.949235865143123 ], [ 139.534960116716093, 35.950937252052597 ], [ 139.533681218713355, 35.951175306195466 ], [ 139.533248715855621, 35.950154467754544 ], [ 139.531929532721847, 35.949857532299347 ], [ 139.531697587673648, 35.949306414259638 ], [ 139.526135083867075, 35.950671972733403 ], [ 139.525853139211108, 35.950026972666706 ], [ 139.526668145318695, 35.949688919308244 ], [ 139.526436200270496, 35.947972802402944 ], [ 139.526028689572399, 35.948179468407773 ], [ 139.525972309274721, 35.948736972533311 ], [ 139.525496200089606, 35.948912252198738 ], [ 139.523931725069133, 35.948367531936128 ], [ 139.521184227869867, 35.950046972689677 ], [ 139.516328949121771, 35.951358359600647 ], [ 139.516611167171732, 35.951978360313149 ], [ 139.513635331205592, 35.953051134602219 ], [ 139.513284772774114, 35.952481135296182 ], [ 139.504780337442639, 35.954833640360278 ], [ 139.504705057892124, 35.955416134846814 ], [ 139.502818105770984, 35.955522531839449 ], [ 139.501776161141038, 35.956773639891594 ], [ 139.500205614797324, 35.957382801974802 ], [ 139.499384227999826, 35.958153081199782 ], [ 139.498412529414736, 35.957025864651996 ], [ 139.498004188642426, 35.955042558267508 ], [ 139.495620855718016, 35.954872278832681 ], [ 139.495097808217338, 35.955569224640044 ], [ 139.493882529155485, 35.955086440686728 ], [ 139.491217249776355, 35.95480200041203 ], [ 139.489129195755822, 35.955788107934893 ], [ 139.489021698892316, 35.958530613896755 ], [ 139.486605576686088, 35.958430612882523 ], [ 139.486868638277087, 35.957338387156881 ], [ 139.486596393708624, 35.95673477479005 ], [ 139.485736667013612, 35.955921721110599 ], [ 139.485134448596, 35.955880613099851 ], [ 139.484480830326106, 35.955947558633 ], [ 139.483203891046855, 35.956789774628476 ], [ 139.482778053964125, 35.956389775068089 ], [ 139.481814163293052, 35.956877278663512 ], [ 139.479470000340257, 35.956375919213372 ], [ 139.478415550637237, 35.956996748201448 ], [ 139.477485279322195, 35.956583972872124 ], [ 139.476529442080164, 35.957250640304835 ], [ 139.47839167273753, 35.959258386665283 ], [ 139.476802503232989, 35.960190333417188 ], [ 139.474981387780872, 35.960673387167162 ], [ 139.472409441842387, 35.960447865076958 ], [ 139.470278339973447, 35.959388134554843 ], [ 139.468266913587286, 35.959608694185931 ], [ 139.467698301035853, 35.96007397283563 ] ], [ [ 139.53983143936955, 35.938119532390544 ], [ 139.538573113358552, 35.940273107418022 ], [ 139.539057302052925, 35.940831440718455 ], [ 139.539490363389632, 35.940825613111599 ], [ 139.540592282907596, 35.938979504600525 ], [ 139.540463113282158, 35.938018694107484 ], [ 139.54131756185609, 35.936208412788062 ], [ 139.541129222235895, 35.93589146831664 ], [ 139.540164773085849, 35.938100920021498 ], [ 139.53983143936955, 35.938119532390544 ] ] ] } },
{ "type": "Feature", "properties": { "regioncode": "1120200", "regionname": "埼玉県熊谷市", "name": "熊谷市", "namekana": "くまがやし", "PrefCode": "11" }, "geometry": { "type": "Polygon", "coordinates": [ [ [ 139.390201025057308, 36.230878559398036 ], [ 139.379180777670854, 36.241345505190964 ], [ 139.377496615476502, 36.243698279152341 ], [ 139.376452437829812, 36.244626892117424 ], [ 139.371923838714224, 36.245514945658272 ], [ 139.367817445218975, 36.246808838057461 ], [ 139.36238827489899, 36.251489386625963 ], [ 139.359289390093295, 36.253229108036976 ], [ 139.357978559862659, 36.253297441223992 ], [ 139.355000195003072, 36.251916332572762 ], [ 139.354615745620208, 36.252037440675394 ], [ 139.353841854717871, 36.251476081156284 ], [ 139.351834915948643, 36.253155252113231 ], [ 139.350995472563113, 36.254373586172107 ], [ 139.34730158190257, 36.253651360421998 ], [ 139.346289339181681, 36.251987468047275 ], [ 139.346859053402682, 36.251467197653085 ], [ 139.34586128347155, 36.248982467966584 ], [ 139.345196251905577, 36.248228863970951 ], [ 139.343434578043457, 36.246996917773572 ], [ 139.339481218583387, 36.245987748036214 ], [ 139.340248716205338, 36.24386413482199 ], [ 139.336574526992877, 36.243031639598541 ], [ 139.333379248353708, 36.242888305650865 ], [ 139.327979779943007, 36.240539171245814 ], [ 139.327880337407692, 36.239876387085644 ], [ 139.330350311018151, 36.236116945740491 ], [ 139.33281586266196, 36.235149721282653 ], [ 139.335039753881574, 36.233389170673718 ], [ 139.33514669316537, 36.232776108230837 ], [ 139.335503916472589, 36.232744720992116 ], [ 139.335772528679286, 36.230838332722954 ], [ 139.335042775603711, 36.228132774507969 ], [ 139.335787496995408, 36.227060278109377 ], [ 139.335288884974148, 36.226300000244862 ], [ 139.33353277611684, 36.224914440848806 ], [ 139.334166355692787, 36.221841945749247 ], [ 139.334908029282246, 36.220579721177216 ], [ 139.334459144374023, 36.219965558863521 ], [ 139.336450505986136, 36.217626387148073 ], [ 139.336059363848676, 36.211965306853472 ], [ 139.335342970201964, 36.212137251832758 ], [ 139.332995472563084, 36.209870305570178 ], [ 139.333094059843006, 36.206320864916052 ], [ 139.333705161763874, 36.20453613513456 ], [ 139.333199882168856, 36.204426693936853 ], [ 139.333676252157375, 36.203151973285003 ], [ 139.334162672069738, 36.203291413168245 ], [ 139.33445291836756, 36.202501413609411 ], [ 139.333569856963436, 36.201007531772234 ], [ 139.331592917778949, 36.199732532330529 ], [ 139.331283721866384, 36.199262533139461 ], [ 139.331871776861021, 36.198591973440898 ], [ 139.331845667743437, 36.198196135942965 ], [ 139.330928443792686, 36.197173080673167 ], [ 139.331071775941723, 36.196924467590179 ], [ 139.329660660511195, 36.196043640101948 ], [ 139.330328170608595, 36.19535058566106 ], [ 139.329731751019608, 36.194493081190785 ], [ 139.329924253601462, 36.194225585942092 ], [ 139.329607302834802, 36.193955586081472 ], [ 139.329780920553162, 36.193650305817016 ], [ 139.329460362605687, 36.192885586200873 ], [ 139.329920362235043, 36.192578081013664 ], [ 139.329109805073472, 36.190577801724203 ], [ 139.329434228307036, 36.189072838440779 ], [ 139.332288106311125, 36.185150612610755 ], [ 139.332710856021208, 36.183216170889636 ], [ 139.332571140945447, 36.181516999909661 ], [ 139.333030856388973, 36.1799486667976 ], [ 139.332265863379007, 36.180198946324367 ], [ 139.32764197030076, 36.18372144059208 ], [ 139.326404189301911, 36.182400054119228 ], [ 139.323392502761862, 36.180680892109535 ], [ 139.323493061355748, 36.180355612721428 ], [ 139.325091946236398, 36.179596171226365 ], [ 139.326391945931618, 36.178477000013572 ], [ 139.326693606424897, 36.177289775302938 ], [ 139.326075005956795, 36.176497279226112 ], [ 139.321620531662234, 36.175227000325833 ], [ 139.319951362065808, 36.175226720636715 ], [ 139.319290532132413, 36.175612000093793 ], [ 139.317857716960134, 36.174212279073458 ], [ 139.312514423801645, 36.177879774631947 ], [ 139.30870717269795, 36.176160892311373 ], [ 139.30740688701826, 36.176167837775552 ], [ 139.302822995784709, 36.175168666700642 ], [ 139.306347419098188, 36.172114505180332 ], [ 139.306436861172301, 36.171842837976669 ], [ 139.305791582315692, 36.171425612801841 ], [ 139.305824915687367, 36.17113644119388 ], [ 139.304319636741866, 36.170083387238606 ], [ 139.296066005241983, 36.166825612911737 ], [ 139.295747107443162, 36.166498387390732 ], [ 139.297040142788433, 36.165637026627508 ], [ 139.293277639251755, 36.161747865271821 ], [ 139.291570973321882, 36.16263508064452 ], [ 139.289611219282392, 36.160615640399556 ], [ 139.294286782908785, 36.157578414012676 ], [ 139.294528170838475, 36.157285639720556 ], [ 139.293986498378217, 36.156935081289021 ], [ 139.296387612698254, 36.154903413861518 ], [ 139.298913995384623, 36.155182585907653 ], [ 139.299920947393844, 36.156070359759326 ], [ 139.303531219090587, 36.153732585590433 ], [ 139.305241751205926, 36.151707865425692 ], [ 139.308788444431229, 36.152722864568602 ], [ 139.309820661094705, 36.152700081143905 ], [ 139.30984788537171, 36.151159801483686 ], [ 139.310446498407259, 36.151114532309862 ], [ 139.310464554095915, 36.150127027240558 ], [ 139.311326497619802, 36.150036198411897 ], [ 139.311164812106426, 36.149014802391264 ], [ 139.313514254079678, 36.148833973009516 ], [ 139.313378417779859, 36.147818972967286 ], [ 139.314412580576231, 36.147755640010814 ], [ 139.314349247619703, 36.146922026930042 ], [ 139.314811750961553, 36.146553134919316 ], [ 139.313169804742756, 36.145048972931818 ], [ 139.313723139611284, 36.144414531805239 ], [ 139.31382313882682, 36.143644532269377 ], [ 139.31136756156377, 36.14350230628645 ], [ 139.311394773250299, 36.14313091865705 ], [ 139.310705057992095, 36.143112585977121 ], [ 139.310677832815827, 36.142768413631416 ], [ 139.309798106097787, 36.142786468420809 ], [ 139.309816445972274, 36.141916467870772 ], [ 139.308546160776814, 36.141889251687644 ], [ 139.307685863012239, 36.139073693795979 ], [ 139.308620310778792, 36.138693134880327 ], [ 139.312116693230905, 36.138368413971193 ], [ 139.311889753809169, 36.134620946199732 ], [ 139.312511387690506, 36.131301505360227 ], [ 139.31235834016536, 36.127820108311425 ], [ 139.312883891378533, 36.127590945765576 ], [ 139.312186354716573, 36.126665108108284 ], [ 139.311669973890275, 36.124137891750365 ], [ 139.311125252728289, 36.123021504838619 ], [ 139.311000777563891, 36.120732053941197 ], [ 139.311334383774806, 36.116963441309792 ], [ 139.310312412188182, 36.115274278884897 ], [ 139.307672411852423, 36.11450455903821 ], [ 139.30721379987699, 36.11405594572534 ], [ 139.306071310142897, 36.111589838300461 ], [ 139.30025294381835, 36.111789837630965 ], [ 139.301224332137281, 36.110350666949785 ], [ 139.301944332065318, 36.110337613290255 ], [ 139.304183216782121, 36.108755107762079 ], [ 139.306213216866581, 36.107860386647587 ], [ 139.307029610628092, 36.107067612680225 ], [ 139.307177108436917, 36.106512613166615 ], [ 139.308310726358968, 36.105572612985725 ], [ 139.309232944245082, 36.105225945920722 ], [ 139.311682114737891, 36.105690387301593 ], [ 139.312181000153146, 36.10537317123493 ], [ 139.312135720187371, 36.104557612943552 ], [ 139.310979338625657, 36.104353721347195 ], [ 139.31057099875261, 36.10387817064111 ], [ 139.311050973223928, 36.101402053761831 ], [ 139.312060415455903, 36.100235386653821 ], [ 139.312729299717489, 36.098819279086513 ], [ 139.313659300336553, 36.098502332816452 ], [ 139.31460513621812, 36.097304279369041 ], [ 139.315376251812609, 36.097032333375523 ], [ 139.316476252177381, 36.095729865940598 ], [ 139.317678470385204, 36.094880413999931 ], [ 139.317757911998115, 36.094461251685459 ], [ 139.317306251782156, 36.093966252240818 ], [ 139.3184062260666, 36.0922220809843 ], [ 139.320084552560161, 36.091734865171929 ], [ 139.320912606931302, 36.090556801854973 ], [ 139.321842049071392, 36.091406251997 ], [ 139.323083475921749, 36.095403467795848 ], [ 139.325215162349878, 36.097329278723294 ], [ 139.325738780920119, 36.098616224759041 ], [ 139.32677072598824, 36.099159837956222 ], [ 139.327519337847207, 36.098865388227125 ], [ 139.328102112922238, 36.097372332866939 ], [ 139.32985988282735, 36.097145666839083 ], [ 139.331334059619167, 36.095865945956689 ], [ 139.330925965261144, 36.093455386956578 ], [ 139.33020041471741, 36.092073468016167 ], [ 139.330687912017538, 36.090804864552922 ], [ 139.331708469870023, 36.090589585740815 ], [ 139.333783475627001, 36.091654278722046 ], [ 139.334600142782392, 36.091745107550707 ], [ 139.334938470434167, 36.091390108266921 ], [ 139.335414577820529, 36.089305945612978 ], [ 139.335301245256346, 36.088671505385719 ], [ 139.339372087651782, 36.089237892115079 ], [ 139.340302113451799, 36.090155385862431 ], [ 139.342229610608115, 36.089985387016043 ], [ 139.342797108000241, 36.093076224688048 ], [ 139.342184332441093, 36.095081225418255 ], [ 139.342198807029376, 36.096788440833905 ], [ 139.342436861172246, 36.097354558665984 ], [ 139.343400751843319, 36.097886774754897 ], [ 139.343321581825649, 36.099744559164151 ], [ 139.344704642904958, 36.100208999645645 ], [ 139.345124941962581, 36.101804558833351 ], [ 139.343990752071591, 36.101510108204991 ], [ 139.343888832803486, 36.103617054283689 ], [ 139.344920777871721, 36.103469559172879 ], [ 139.345052437719914, 36.104025386962064 ], [ 139.347921335301407, 36.103504279299102 ], [ 139.349043839401702, 36.103753171171945 ], [ 139.351311892729768, 36.103334278654074 ], [ 139.358352749779669, 36.100483720947011 ], [ 139.370812775789091, 36.099416197799314 ], [ 139.375201388233563, 36.10062591905097 ], [ 139.375863060831648, 36.099253972692736 ], [ 139.377576939324399, 36.098324251762847 ], [ 139.379851672816471, 36.096496198041166 ], [ 139.381537496958003, 36.0957561980901 ], [ 139.381945305331669, 36.096829801554122 ], [ 139.383486419562701, 36.097828972629031 ], [ 139.385990894764063, 36.101264532132518 ], [ 139.387150051633625, 36.101768108411534 ], [ 139.38751116720664, 36.103153945698068 ], [ 139.388773139069144, 36.103537838400598 ], [ 139.389240636346358, 36.104806171167922 ], [ 139.390618145011445, 36.105093107960613 ], [ 139.391022866012577, 36.104724224943084 ], [ 139.391328145377656, 36.104951171559378 ], [ 139.391647588165711, 36.104312838167004 ], [ 139.392200921235599, 36.10440505375027 ], [ 139.394741479036043, 36.101300891722815 ], [ 139.395969532967683, 36.100605613258494 ], [ 139.396132580953918, 36.101087837833518 ], [ 139.397247029826644, 36.101137558651487 ], [ 139.397505914066755, 36.09979117012648 ], [ 139.398691478628848, 36.09969894554996 ], [ 139.39877674425145, 36.099152837633426 ], [ 139.399472022715713, 36.099131440963276 ], [ 139.399734811812209, 36.098266440643783 ], [ 139.403722308637725, 36.095703108411783 ], [ 139.404680637001888, 36.095752558533775 ], [ 139.404931478604908, 36.094926441302277 ], [ 139.408903969342759, 36.093890585981796 ], [ 139.411317327932352, 36.093855026788106 ], [ 139.410899805081954, 36.092092252155737 ], [ 139.411410636191931, 36.091985865055676 ], [ 139.411375356687472, 36.091049748147384 ], [ 139.412775357396868, 36.090116973119848 ], [ 139.410882826781062, 36.086508919151356 ], [ 139.41012450134474, 36.084187802225358 ], [ 139.408445331287112, 36.083566413858989 ], [ 139.406527807612292, 36.081210864589764 ], [ 139.406639754321304, 36.079955865171087 ], [ 139.405868884241727, 36.078076170578868 ], [ 139.405482775609698, 36.075196440663262 ], [ 139.408843358634158, 36.076115305876726 ], [ 139.41032557716369, 36.075560586052234 ], [ 139.418600583750049, 36.074228919429117 ], [ 139.423085578336782, 36.071689721403573 ], [ 139.421593359346161, 36.069643359953147 ], [ 139.421961414088059, 36.069632225446924 ], [ 139.423435577390023, 36.070203332717711 ], [ 139.425253941815981, 36.071808332988212 ], [ 139.425956718827592, 36.072042225068685 ], [ 139.425348663809814, 36.072443613182259 ], [ 139.425964499761903, 36.072611945584867 ], [ 139.426555616048859, 36.072177224998995 ], [ 139.427080052102838, 36.072277504803083 ], [ 139.427617004021613, 36.073016946275118 ], [ 139.427840052076817, 36.074209172115673 ], [ 139.428553968990514, 36.074632775282396 ], [ 139.428923671290477, 36.073961666997377 ], [ 139.430150921228119, 36.073505000255636 ], [ 139.432953410171763, 36.075113613102815 ], [ 139.432730363015935, 36.07542583793213 ], [ 139.434908171175266, 36.076509171161376 ], [ 139.436503164689384, 36.076341945824197 ], [ 139.44217569425291, 36.079556918716889 ], [ 139.443795965911136, 36.079725802403914 ], [ 139.445436549657074, 36.080541640384467 ], [ 139.44661988300129, 36.083588027265705 ], [ 139.445299339193184, 36.083070532179363 ], [ 139.443709052730696, 36.083323306425484 ], [ 139.442052387307854, 36.082953026760833 ], [ 139.437763476403347, 36.084719171152869 ], [ 139.435107367411092, 36.084419999983083 ], [ 139.433083476421416, 36.08585194641023 ], [ 139.433266251936061, 36.086915278717186 ], [ 139.434963773559389, 36.087948053859634 ], [ 139.434518494932604, 36.089555838431238 ], [ 139.432947665302549, 36.092625837912124 ], [ 139.432608274652239, 36.100584441418903 ], [ 139.431651894219613, 36.101970559293932 ], [ 139.430364111814356, 36.103033612811032 ], [ 139.431774668766025, 36.104207774868939 ], [ 139.432306886653578, 36.10396610814945 ], [ 139.437377471193372, 36.104172775053598 ], [ 139.438193579869903, 36.104791387212799 ], [ 139.437486083216186, 36.105794171763648 ], [ 139.437728028725587, 36.106189440890034 ], [ 139.437111361800021, 36.107391667191735 ], [ 139.435932476502671, 36.108255278957984 ], [ 139.434531089038614, 36.108658053826161 ], [ 139.432419143628636, 36.110570000804955 ], [ 139.430871361823961, 36.111192224641513 ], [ 139.429037755687887, 36.113135027359704 ], [ 139.429358339715691, 36.114234468346069 ], [ 139.432783645149129, 36.116627225266313 ], [ 139.434047522675087, 36.11849777465261 ], [ 139.4342447466978, 36.120010838129701 ], [ 139.433549468233423, 36.120989440810092 ], [ 139.432128638326049, 36.121333918925245 ], [ 139.431491971377454, 36.121152252274669 ], [ 139.430965862584571, 36.12085613430321 ], [ 139.430451971081652, 36.119750586020757 ], [ 139.429025304574225, 36.120867801208135 ], [ 139.429812802219089, 36.121233918810333 ], [ 139.430459753814603, 36.122049468108514 ], [ 139.429480311167481, 36.122665586447681 ], [ 139.42983085610922, 36.123179198261425 ], [ 139.430447523034786, 36.12320946764288 ], [ 139.430550609622969, 36.12366058556762 ], [ 139.431324773019924, 36.123799747560327 ], [ 139.431771996880229, 36.124312801794417 ], [ 139.431760052084769, 36.124971413999617 ], [ 139.432201166850405, 36.124977532087485 ], [ 139.432285615888532, 36.12572474819865 ], [ 139.433609494382722, 36.125791135252769 ], [ 139.433597588258181, 36.126860585647535 ], [ 139.431680894657575, 36.126860305958417 ], [ 139.431269780376169, 36.127113919272006 ], [ 139.431140078351973, 36.131613359668847 ], [ 139.429792023383243, 36.131601413974124 ], [ 139.429707301850613, 36.132942251883492 ], [ 139.429295914175214, 36.133227801921578 ], [ 139.429051480241696, 36.134141972673945 ], [ 139.426971751245333, 36.134153639578869 ], [ 139.426905356996713, 36.134727532050022 ], [ 139.4260264720441, 36.135268081256982 ], [ 139.425978146074613, 36.135721135422102 ], [ 139.425585083884584, 36.135751414696074 ], [ 139.424767860048746, 36.137046972639723 ], [ 139.424302308904544, 36.137149748062484 ], [ 139.424253696051323, 36.138273081337672 ], [ 139.423558417586946, 36.138285305822251 ], [ 139.423376472146515, 36.13872974807947 ], [ 139.422657029798188, 36.138802252322137 ], [ 139.4226206621139, 36.1403583600503 ], [ 139.423364553431497, 36.141065026629747 ], [ 139.42258428004061, 36.144343080668705 ], [ 139.422117638917939, 36.14841669477471 ], [ 139.422534864092768, 36.14841669387539 ], [ 139.423542087697228, 36.147236973107852 ], [ 139.424140699833515, 36.147388079896018 ], [ 139.424140699833515, 36.147883081139355 ], [ 139.424902360855299, 36.14792530520873 ], [ 139.425234863598121, 36.147098080911746 ], [ 139.426967912039572, 36.146656413962376 ], [ 139.428310169079055, 36.147091414237423 ], [ 139.428570169377849, 36.146789197963187 ], [ 139.429773217659886, 36.146837532026552 ], [ 139.429712671702532, 36.147079197846779 ], [ 139.430154059862048, 36.147139748300788 ], [ 139.431863216913939, 36.146963358871972 ], [ 139.432449883355503, 36.145815584721504 ], [ 139.432552672268116, 36.146893081350697 ], [ 139.432867106731692, 36.147062251921454 ], [ 139.432069052844554, 36.147364198399089 ], [ 139.433640999432669, 36.147394748368981 ], [ 139.432678275182298, 36.156703360172003 ], [ 139.43205438400264, 36.158633639830668 ], [ 139.433833306861743, 36.159607801658751 ], [ 139.437035524669795, 36.160353333339742 ], [ 139.438395837398048, 36.161532224932273 ], [ 139.437356393782579, 36.162188333424922 ], [ 139.437016109206184, 36.163576668128769 ], [ 139.435208884682311, 36.1633925049602 ], [ 139.434994188630981, 36.170414171376933 ], [ 139.423916083360609, 36.169638333442379 ], [ 139.423341635108386, 36.169832774962629 ], [ 139.422414137302667, 36.170813054878636 ], [ 139.422607782023533, 36.171296945897382 ], [ 139.422057781841204, 36.171815558841047 ], [ 139.421494163225134, 36.171469998841417 ], [ 139.421317781890139, 36.172767775412581 ], [ 139.422313890773466, 36.172988891724003 ], [ 139.422171387799381, 36.173852224700454 ], [ 139.421199441001477, 36.173869441321699 ], [ 139.421072218408199, 36.174976945629567 ], [ 139.422075005657007, 36.175077225433654 ], [ 139.421396135323448, 36.178888613418849 ], [ 139.420887807926078, 36.179026667446806 ], [ 139.420445058192968, 36.183066666693378 ], [ 139.42176616137931, 36.183184171212588 ], [ 139.421517834280735, 36.18482833336094 ], [ 139.422475888351642, 36.184983891793252 ], [ 139.422835913946301, 36.186440836675331 ], [ 139.421683411160529, 36.187390278838336 ], [ 139.419948975065267, 36.188176387030694 ], [ 139.4197253559405, 36.188751386567276 ], [ 139.416848392339489, 36.187896946087221 ], [ 139.416707276119951, 36.188272504772328 ], [ 139.41852175097813, 36.188928892054776 ], [ 139.418900636255444, 36.189441386910516 ], [ 139.420537301655258, 36.190214441443345 ], [ 139.421495110211254, 36.192555838081489 ], [ 139.420185383448711, 36.194203054327545 ], [ 139.420331505294826, 36.195221387257277 ], [ 139.420754837765571, 36.195941108395516 ], [ 139.423032360954721, 36.197588053945594 ], [ 139.423243475905792, 36.198314693568307 ], [ 139.425894034282351, 36.197836918838789 ], [ 139.427799026803655, 36.196498613420317 ], [ 139.433534616829206, 36.196020251433481 ], [ 139.44123241244597, 36.194178892242121 ], [ 139.441917977332878, 36.194315558616211 ], [ 139.444204643029934, 36.196789695188329 ], [ 139.428853838933605, 36.20856080183961 ], [ 139.423970778328794, 36.210874973301429 ], [ 139.420031024712102, 36.210833305013068 ], [ 139.419454916311452, 36.211209135293416 ], [ 139.41901133560475, 36.21660886540684 ], [ 139.408699948244134, 36.223422999771685 ], [ 139.407693281319894, 36.222646892939792 ], [ 139.406752996054024, 36.222925775404235 ], [ 139.393431582301787, 36.227624135045858 ], [ 139.393273799846042, 36.228036359990085 ], [ 139.390074643330195, 36.229214415213164 ], [ 139.389867418846393, 36.230236053151373 ], [ 139.390201025057308, 36.230878559398036 ] ], [ [ 139.420567664566079, 36.15392780232628 ], [ 139.420597392555692, 36.154325585957054 ], [ 139.422230999361204, 36.154473919236011 ], [ 139.423509338884969, 36.154201135074402 ], [ 139.423640168658949, 36.153536134984677 ], [ 139.424442387306385, 36.153468079688196 ], [ 139.424472114396622, 36.152565865422389 ], [ 139.424048223446789, 36.153290306202734 ], [ 139.42401294394233, 36.152441413640361 ], [ 139.423656549809948, 36.152358360350092 ], [ 139.422842672351521, 36.152951973155098 ], [ 139.423050440925181, 36.153438640381012 ], [ 139.42169600526654, 36.153420865280737 ], [ 139.422426834830617, 36.152904468266627 ], [ 139.422129883187608, 36.152684747703006 ], [ 139.421761555951093, 36.153005305650368 ], [ 139.42155350229234, 36.151966414218691 ], [ 139.421939610924369, 36.15238197294974 ], [ 139.4225521139889, 36.151494467995349 ], [ 139.423187664878924, 36.15146474720035 ], [ 139.423318494652904, 36.150141413695337 ], [ 139.42217819656662, 36.150081973004717 ], [ 139.422040998693205, 36.15131891943264 ], [ 139.421625447156771, 36.151390305817984 ], [ 139.421655135576088, 36.150796693912355 ], [ 139.421061283551467, 36.151508919201319 ], [ 139.420644890249605, 36.153257531310089 ], [ 139.421084617361316, 36.153346414005853 ], [ 139.421072671666479, 36.153773639641827 ], [ 139.420567664566079, 36.15392780232628 ] ], [ [ 139.425958690141556, 36.076858892324083 ], [ 139.425719805025096, 36.077252774695864 ], [ 139.427040920801915, 36.078329720040585 ], [ 139.427303696408558, 36.079009999611856 ], [ 139.429394837801624, 36.080634999905385 ], [ 139.43294455274895, 36.082595558838022 ], [ 139.433583995005392, 36.082213332579272 ], [ 139.429747885556594, 36.080241107641029 ], [ 139.428911749877443, 36.079573055252354 ], [ 139.428816199608036, 36.078952774850734 ], [ 139.427572308615254, 36.078150837691055 ], [ 139.427870921306067, 36.077840558994637 ], [ 139.425958690141556, 36.076858892324083 ] ] ] } },
{ "type": "Feature", "properties": { "regioncode": "1120300", "regionname": "埼玉県川口市", "name": "川口市", "namekana": "かわぐちし", "PrefCode": "11" }, "geometry": { "type": "Polygon", "coordinates": [ [ [ 139.752858054055991, 35.880003919045691 ], [ 139.74812416309976, 35.88178780166578 ], [ 139.746839170391468, 35.884008639687011 ], [ 139.744442502319657, 35.885587252050072 ], [ 139.741256108083007, 35.887054198292674 ], [ 139.740940557560748, 35.886655305797774 ], [ 139.744506640169334, 35.882759467875189 ], [ 139.742855525362302, 35.881663640364764 ], [ 139.741679586244004, 35.883121170705522 ], [ 139.739971361789003, 35.88193561333793 ], [ 139.739303255440973, 35.882331946362285 ], [ 139.737491673701811, 35.881178412953432 ], [ 139.739632723871182, 35.878998946444256 ], [ 139.73933494215396, 35.878141441074717 ], [ 139.74080827538171, 35.876302838305378 ], [ 139.740814111981763, 35.87565366718303 ], [ 139.739622412244557, 35.875308386872632 ], [ 139.73856713426585, 35.875856171125463 ], [ 139.738972697931672, 35.874480891879728 ], [ 139.738076030684283, 35.874465613297446 ], [ 139.738260752331939, 35.873858386555355 ], [ 139.73917269816161, 35.874025055212201 ], [ 139.739112969687881, 35.874459774898753 ], [ 139.739422969594443, 35.874513387083198 ], [ 139.739554086252156, 35.87406089229637 ], [ 139.73951352772724, 35.872739531903903 ], [ 139.738994914783575, 35.872477586371588 ], [ 139.739161855035604, 35.871644252080614 ], [ 139.741379078681575, 35.87183477525474 ], [ 139.741331310291798, 35.871548973406448 ], [ 139.739865187828173, 35.870905639783473 ], [ 139.739322944298465, 35.870108972650996 ], [ 139.738613774006581, 35.869918414403344 ], [ 139.73745739334413, 35.870585360625967 ], [ 139.736716278233757, 35.869330360307913 ], [ 139.736632671860434, 35.870795640106735 ], [ 139.734305446739086, 35.871935359928955 ], [ 139.733615745869997, 35.874827027445406 ], [ 139.733209922300148, 35.875390891576444 ], [ 139.733642140072789, 35.876889504746885 ], [ 139.733209922300148, 35.877259775418338 ], [ 139.731209610635119, 35.875724252272448 ], [ 139.730606277957463, 35.875643693701534 ], [ 139.728903501595369, 35.876280919129158 ], [ 139.728629882862833, 35.877334224894639 ], [ 139.727897664745456, 35.878258945593927 ], [ 139.725149610865969, 35.876288693768231 ], [ 139.724441285037301, 35.877092864843917 ], [ 139.722332918029792, 35.876296748096479 ], [ 139.719012087737724, 35.879058108345077 ], [ 139.713544279844655, 35.876713693582133 ], [ 139.719707612616276, 35.870906198262503 ], [ 139.720230661016217, 35.869841468409106 ], [ 139.719699559187347, 35.868587026570083 ], [ 139.717739805147971, 35.867737053921928 ], [ 139.717321193218595, 35.86722261293329 ], [ 139.717289248400107, 35.865558171072792 ], [ 139.718538418413345, 35.863252613317513 ], [ 139.718248664044722, 35.862440666703435 ], [ 139.711537523637844, 35.861702891675179 ], [ 139.711568079903032, 35.861005107699611 ], [ 139.711031699053706, 35.860979001279929 ], [ 139.710992529081977, 35.860384278711535 ], [ 139.710430026524591, 35.860384278711535 ], [ 139.710436693198858, 35.859998721363979 ], [ 139.711045032402353, 35.859965945571957 ], [ 139.71162031072879, 35.860384278711535 ], [ 139.713736693393798, 35.860310385915625 ], [ 139.713034748255041, 35.858345946408349 ], [ 139.711900025965519, 35.858289837705911 ], [ 139.711430584354048, 35.857868440576112 ], [ 139.710030583644539, 35.858029278928143 ], [ 139.709775006211657, 35.857191504684238 ], [ 139.709088884644416, 35.857048170736562 ], [ 139.708507249909758, 35.859546225677832 ], [ 139.708201413864231, 35.859707054137289 ], [ 139.70671250257999, 35.858838999720092 ], [ 139.704229442035171, 35.861270386119486 ], [ 139.704784747318286, 35.861768999939443 ], [ 139.704108637903346, 35.862315667234327 ], [ 139.703343892206931, 35.861801225346312 ], [ 139.702297781917196, 35.861881467355886 ], [ 139.700386666811255, 35.861140080650273 ], [ 139.70044277641307, 35.860657865967767 ], [ 139.69909055758319, 35.860075359790073 ], [ 139.699766640917801, 35.858941505346252 ], [ 139.699605524675235, 35.858467333300837 ], [ 139.69756747116196, 35.857185918995015 ], [ 139.697181361630555, 35.856156775314957 ], [ 139.693904384080156, 35.854005640148216 ], [ 139.694435499398878, 35.853603693555669 ], [ 139.694797717540723, 35.853852865117688 ], [ 139.694999106323735, 35.853635945942187 ], [ 139.696033280811321, 35.854313171415754 ], [ 139.696119947577586, 35.854718171206684 ], [ 139.697727172770897, 35.854017054343615 ], [ 139.696696886951827, 35.85342233267454 ], [ 139.696455499022136, 35.853679278875688 ], [ 139.696133554320113, 35.853534837862526 ], [ 139.696592166295545, 35.853028441309561 ], [ 139.695441607844032, 35.852084279066275 ], [ 139.696528003264802, 35.851561774756135 ], [ 139.695691336086384, 35.850942891001694 ], [ 139.695714642916528, 35.848575387044548 ], [ 139.691390751981658, 35.848384532020589 ], [ 139.690720466576295, 35.847680639849727 ], [ 139.688367108055672, 35.847423973337754 ], [ 139.687288495367852, 35.848372865115664 ], [ 139.687320726170697, 35.848035081553803 ], [ 139.686942386781766, 35.847995080608541 ], [ 139.684710168739343, 35.848971197562776 ], [ 139.68451710677914, 35.849325080787878 ], [ 139.683378780906082, 35.84908425223648 ], [ 139.680964331438759, 35.849759803172446 ], [ 139.680022918422992, 35.85035480093336 ], [ 139.678223190647827, 35.85081313411888 ], [ 139.677200972646801, 35.851544774871513 ], [ 139.676710143358491, 35.851223108060026 ], [ 139.675913476226015, 35.851448387333278 ], [ 139.675245422038643, 35.850941720983712 ], [ 139.675229299892294, 35.850504774575711 ], [ 139.676259584812101, 35.849467864350515 ], [ 139.675696252180387, 35.848969225349549 ], [ 139.678079585104797, 35.847462027250799 ], [ 139.677669026604349, 35.847100080704195 ], [ 139.676365422426329, 35.847614802281328 ], [ 139.676630947260492, 35.846665918597296 ], [ 139.676108170455791, 35.845647865356739 ], [ 139.677186225563901, 35.845503135661261 ], [ 139.677156161227913, 35.844777468205621 ], [ 139.677728469992985, 35.843936108364744 ], [ 139.675369559057913, 35.842507305967445 ], [ 139.67663900068942, 35.84129286507374 ], [ 139.677379274034365, 35.84196841421101 ], [ 139.678924279631815, 35.840421467876467 ], [ 139.677789559140933, 35.839681747614634 ], [ 139.675615083869047, 35.839122026660277 ], [ 139.677104773066844, 35.832694802223386 ], [ 139.681783410576031, 35.83160953185444 ], [ 139.683909532898724, 35.830537305252506 ], [ 139.688810363207722, 35.828948721206586 ], [ 139.690374162837429, 35.829195612987178 ], [ 139.698309830934022, 35.828242333416995 ], [ 139.709848755116013, 35.826309026640331 ], [ 139.709736251726667, 35.825022360293758 ], [ 139.708264033658338, 35.825094028166916 ], [ 139.708203190924564, 35.823596531954422 ], [ 139.707508170565688, 35.823616801774051 ], [ 139.707302892214784, 35.819258748292668 ], [ 139.70288092121757, 35.819319838339936 ], [ 139.701776743502023, 35.818983170836702 ], [ 139.702493138947261, 35.816965666832118 ], [ 139.700438689893645, 35.816036505280522 ], [ 139.700326160424083, 35.815474838193268 ], [ 139.699211725041096, 35.815250108405849 ], [ 139.698839779832042, 35.813783440953102 ], [ 139.698880856366486, 35.808312891926448 ], [ 139.698083359159796, 35.805792891728629 ], [ 139.696785278617767, 35.80580317097963 ], [ 139.695248884928105, 35.801439000309642 ], [ 139.698372217803694, 35.800769278779228 ], [ 139.697671921122378, 35.798444559169127 ], [ 139.705258029034894, 35.793407890761614 ], [ 139.707302191642839, 35.792530945646661 ], [ 139.709754967517824, 35.791953999977181 ], [ 139.718316082621186, 35.79187902709549 ], [ 139.72073635519871, 35.791427919063267 ], [ 139.722241089154977, 35.790726532403596 ], [ 139.723145498665872, 35.788389027131927 ], [ 139.723722166444873, 35.787600134638581 ], [ 139.724462166395938, 35.78727430576464 ], [ 139.726588832808488, 35.787491251919789 ], [ 139.733871633569152, 35.790047081107957 ], [ 139.735326355327061, 35.789570972822162 ], [ 139.738536913447888, 35.787403747884696 ], [ 139.737832970015575, 35.78052791912819 ], [ 139.738049078901895, 35.780220693630156 ], [ 139.742618275213317, 35.781696251780659 ], [ 139.745819662947156, 35.783282918471969 ], [ 139.746590246143001, 35.784932640229215 ], [ 139.746768301116276, 35.786849865329089 ], [ 139.748855811046951, 35.78599958601211 ], [ 139.750033306891623, 35.785936531845493 ], [ 139.751220804096874, 35.786430134643069 ], [ 139.751420532731458, 35.786115135405225 ], [ 139.753071116039223, 35.786377640315891 ], [ 139.753781387101412, 35.786948198100902 ], [ 139.755000830024301, 35.786895693881206 ], [ 139.75626221822688, 35.788639305759432 ], [ 139.755596134454095, 35.790029027217884 ], [ 139.759969780381084, 35.794337638671152 ], [ 139.760769248002475, 35.797410414359206 ], [ 139.760601192591025, 35.797882640271666 ], [ 139.759812580686116, 35.798933197708948 ], [ 139.756276471581941, 35.801745134930059 ], [ 139.755099000918221, 35.803372918625371 ], [ 139.750655668324498, 35.806668747764547 ], [ 139.750497885868754, 35.807519585560499 ], [ 139.750928716886847, 35.807887080924104 ], [ 139.750298196804351, 35.808622080644568 ], [ 139.75083403356382, 35.808905694442274 ], [ 139.750445136134203, 35.809294585576708 ], [ 139.750804578068937, 35.809593198267521 ], [ 139.750773190830159, 35.810170694322153 ], [ 139.751908469800128, 35.810937639760311 ], [ 139.752475966292877, 35.810570135403452 ], [ 139.753012088137439, 35.810937639760311 ], [ 139.753842632731335, 35.810465135057996 ], [ 139.754462633443836, 35.810874865282869 ], [ 139.754778196556572, 35.810570414193307 ], [ 139.755201244841601, 35.810731532234456 ], [ 139.755610725954284, 35.812710413055186 ], [ 139.757587950223751, 35.811972612845864 ], [ 139.7612743324446, 35.812888171252155 ], [ 139.765783800282179, 35.815744838053888 ], [ 139.765146589243727, 35.81643510819373 ], [ 139.76621883293285, 35.817474837793554 ], [ 139.767614942275827, 35.817684000316433 ], [ 139.767759948063258, 35.819153441278331 ], [ 139.771466056913027, 35.818464279103239 ], [ 139.772174969099638, 35.820003720595309 ], [ 139.773857756230541, 35.820645946253478 ], [ 139.776086355401048, 35.820734801969593 ], [ 139.779556108927295, 35.822623971818871 ], [ 139.779805551185291, 35.822090359982155 ], [ 139.782254163199127, 35.823223973407721 ], [ 139.781526108942785, 35.823573413981933 ], [ 139.781913644798919, 35.823866467963171 ], [ 139.784035577180248, 35.824267586280143 ], [ 139.783903358852967, 35.824626199039926 ], [ 139.786210310557408, 35.82441869396763 ], [ 139.786390025679225, 35.824975919303313 ], [ 139.786853086600786, 35.824805918658285 ], [ 139.787080026022409, 35.824182306268483 ], [ 139.788287249856808, 35.824673694035823 ], [ 139.788163085857832, 35.825353972707717 ], [ 139.78720282664915, 35.82647758567208 ], [ 139.788036160940123, 35.827635333304045 ], [ 139.787837561854076, 35.82808866715834 ], [ 139.785445887717628, 35.827824252087623 ], [ 139.785389222334857, 35.829089775372893 ], [ 139.78353255488355, 35.830107027317524 ], [ 139.782880051773077, 35.831249802136711 ], [ 139.782538392133119, 35.831240918633512 ], [ 139.782376744391286, 35.831889251587768 ], [ 139.782757302407617, 35.832062279350737 ], [ 139.782766744389846, 35.83275144062651 ], [ 139.779074253973704, 35.833064802198919 ], [ 139.778251751117523, 35.833801468363106 ], [ 139.780740635671918, 35.835156720606221 ], [ 139.780598690277429, 35.835411720674415 ], [ 139.780069247697725, 35.835270054069781 ], [ 139.779776200011725, 35.835695332673538 ], [ 139.778320363094394, 35.83515674758587 ], [ 139.778310921112165, 35.836157864793677 ], [ 139.77864175111597, 35.836375053765778 ], [ 139.778265383041003, 35.837501171342012 ], [ 139.776973450264563, 35.838027279235575 ], [ 139.777274279784251, 35.838921171175173 ], [ 139.779193165032552, 35.838747558852788 ], [ 139.779496225770231, 35.840221721255489 ], [ 139.779024578121835, 35.841421999625652 ], [ 139.778410143313522, 35.842561721246511 ], [ 139.776229027447698, 35.844750054171698 ], [ 139.775614864234626, 35.844359504687418 ], [ 139.771337083339745, 35.848484224567358 ], [ 139.772846277933468, 35.850388108224649 ], [ 139.774624915707363, 35.851695054283368 ], [ 139.766624357927867, 35.856127559039692 ], [ 139.765066860747083, 35.857933386916329 ], [ 139.763605771789003, 35.863375612694426 ], [ 139.766157716805196, 35.864426694436474 ], [ 139.766636913362959, 35.865374748046236 ], [ 139.769823865179319, 35.866278081068629 ], [ 139.769803580071198, 35.866517801655277 ], [ 139.768393579799977, 35.867348640327521 ], [ 139.76768858595949, 35.868296414248164 ], [ 139.765007780684641, 35.86987113524475 ], [ 139.762504137356132, 35.870033640040504 ], [ 139.761244967781067, 35.870787801615791 ], [ 139.758811673020318, 35.873845305916177 ], [ 139.758377781609397, 35.875208640366509 ], [ 139.75693972788622, 35.877299747585312 ], [ 139.756008612107848, 35.878076413795498 ], [ 139.753852217705798, 35.878703639661296 ], [ 139.752858054055991, 35.880003919045691 ] ] ] } },
{ "type": "Feature", "properties": { "regioncode": "1120600", "regionname": "埼玉県行田市", "name": "行田市", "namekana": "ぎょうだし", "PrefCode": "11" }, "geometry": { "type": "MultiPolygon", "coordinates": [ [ [ [ 139.420567664566079, 36.15392780232628 ], [ 139.421072671666479, 36.153773639641827 ], [ 139.421084617361316, 36.153346414005853 ], [ 139.420644890249605, 36.153257531310089 ], [ 139.421061283551467, 36.151508919201319 ], [ 139.421655135576088, 36.150796693912355 ], [ 139.421625447156771, 36.151390305817984 ], [ 139.422040998693205, 36.15131891943264 ], [ 139.42217819656662, 36.150081973004717 ], [ 139.423318494652904, 36.150141413695337 ], [ 139.423187664878924, 36.15146474720035 ], [ 139.4225521139889, 36.151494467995349 ], [ 139.421939610924369, 36.15238197294974 ], [ 139.42155350229234, 36.151966414218691 ], [ 139.421761555951093, 36.153005305650368 ], [ 139.422129883187608, 36.152684747703006 ], [ 139.422426834830617, 36.152904468266627 ], [ 139.42169600526654, 36.153420865280737 ], [ 139.423050440925181, 36.153438640381012 ], [ 139.422842672351521, 36.152951973155098 ], [ 139.423656549809948, 36.152358360350092 ], [ 139.42401294394233, 36.152441413640361 ], [ 139.424048223446789, 36.153290306202734 ], [ 139.424472114396622, 36.152565865422389 ], [ 139.424442387306385, 36.153468079688196 ], [ 139.423640168658949, 36.153536134984677 ], [ 139.423509338884969, 36.154201135074402 ], [ 139.422230999361204, 36.154473919236011 ], [ 139.420597392555692, 36.154325585957054 ], [ 139.420567664566079, 36.15392780232628 ] ] ], [ [ [ 139.444204643029934, 36.196789695188329 ], [ 139.441917977332878, 36.194315558616211 ], [ 139.44123241244597, 36.194178892242121 ], [ 139.433534616829206, 36.196020251433481 ], [ 139.427799026803655, 36.196498613420317 ], [ 139.425894034282351, 36.197836918838789 ], [ 139.423243475905792, 36.198314693568307 ], [ 139.423032360954721, 36.197588053945594 ], [ 139.420754837765571, 36.195941108395516 ], [ 139.420331505294826, 36.195221387257277 ], [ 139.420185383448711, 36.194203054327545 ], [ 139.421495110211254, 36.192555838081489 ], [ 139.420537301655258, 36.190214441443345 ], [ 139.418900636255444, 36.189441386910516 ], [ 139.41852175097813, 36.188928892054776 ], [ 139.416707276119951, 36.188272504772328 ], [ 139.416848392339489, 36.187896946087221 ], [ 139.4197253559405, 36.188751386567276 ], [ 139.419948975065267, 36.188176387030694 ], [ 139.421683411160529, 36.187390278838336 ], [ 139.422835913946301, 36.186440836675331 ], [ 139.422475888351642, 36.184983891793252 ], [ 139.421517834280735, 36.18482833336094 ], [ 139.42176616137931, 36.183184171212588 ], [ 139.420445058192968, 36.183066666693378 ], [ 139.420887807926078, 36.179026667446806 ], [ 139.421396135323448, 36.178888613418849 ], [ 139.422075005657007, 36.175077225433654 ], [ 139.421072218408199, 36.174976945629567 ], [ 139.421199441001477, 36.173869441321699 ], [ 139.422171387799381, 36.173852224700454 ], [ 139.422313890773466, 36.172988891724003 ], [ 139.421317781890139, 36.172767775412581 ], [ 139.421494163225134, 36.171469998841417 ], [ 139.422057781841204, 36.171815558841047 ], [ 139.422607782023533, 36.171296945897382 ], [ 139.422414137302667, 36.170813054878636 ], [ 139.423341635108386, 36.169832774962629 ], [ 139.423916083360609, 36.169638333442379 ], [ 139.434994188630981, 36.170414171376933 ], [ 139.435208884682311, 36.1633925049602 ], [ 139.437016109206184, 36.163576668128769 ], [ 139.437356393782579, 36.162188333424922 ], [ 139.438395837398048, 36.161532224932273 ], [ 139.437035524669795, 36.160353333339742 ], [ 139.433833306861743, 36.159607801658751 ], [ 139.43205438400264, 36.158633639830668 ], [ 139.432678275182298, 36.156703360172003 ], [ 139.433640999432669, 36.147394748368981 ], [ 139.432069052844554, 36.147364198399089 ], [ 139.432867106731692, 36.147062251921454 ], [ 139.432552672268116, 36.146893081350697 ], [ 139.432449883355503, 36.145815584721504 ], [ 139.431863216913939, 36.146963358871972 ], [ 139.430154059862048, 36.147139748300788 ], [ 139.429712671702532, 36.147079197846779 ], [ 139.429773217659886, 36.146837532026552 ], [ 139.428570169377849, 36.146789197963187 ], [ 139.428310169079055, 36.147091414237423 ], [ 139.426967912039572, 36.146656413962376 ], [ 139.425234863598121, 36.147098080911746 ], [ 139.424902360855299, 36.14792530520873 ], [ 139.424140699833515, 36.147883081139355 ], [ 139.424140699833515, 36.147388079896018 ], [ 139.423542087697228, 36.147236973107852 ], [ 139.422534864092768, 36.14841669387539 ], [ 139.422117638917939, 36.14841669477471 ], [ 139.42258428004061, 36.144343080668705 ], [ 139.423364553431497, 36.141065026629747 ], [ 139.4226206621139, 36.1403583600503 ], [ 139.422681192782875, 36.13872974807947 ], [ 139.424253696051323, 36.138273081337672 ], [ 139.424302308904544, 36.137149748062484 ], [ 139.424767860048746, 36.137046972639723 ], [ 139.425585083884584, 36.135751414696074 ], [ 139.425978146074613, 36.135721135422102 ], [ 139.4260264720441, 36.135268081256982 ], [ 139.426905356996713, 36.134727532050022 ], [ 139.426971751245333, 36.134153639578869 ], [ 139.429051480241696, 36.134141972673945 ], [ 139.429295914175214, 36.133227801921578 ], [ 139.429707301850613, 36.132942251883492 ], [ 139.429792023383243, 36.131601413974124 ], [ 139.431140078351973, 36.131613359668847 ], [ 139.431269780376169, 36.127113919272006 ], [ 139.431680894657575, 36.126860305958417 ], [ 139.433597588258181, 36.126860585647535 ], [ 139.433609494382722, 36.125791135252769 ], [ 139.432285615888532, 36.12572474819865 ], [ 139.432201166850405, 36.124977532087485 ], [ 139.431760052084769, 36.124971413999617 ], [ 139.431771996880229, 36.124312801794417 ], [ 139.431324773019924, 36.123799747560327 ], [ 139.430550609622969, 36.12366058556762 ], [ 139.430447523034786, 36.12320946764288 ], [ 139.42983085610922, 36.123179198261425 ], [ 139.429480311167481, 36.122665586447681 ], [ 139.430459753814603, 36.122049468108514 ], [ 139.429812802219089, 36.121233918810333 ], [ 139.429025304574225, 36.120867801208135 ], [ 139.430451971081652, 36.119750586020757 ], [ 139.430965862584571, 36.12085613430321 ], [ 139.431491971377454, 36.121152252274669 ], [ 139.432128638326049, 36.121333918925245 ], [ 139.433549468233423, 36.120989440810092 ], [ 139.4342447466978, 36.120010838129701 ], [ 139.434047522675087, 36.11849777465261 ], [ 139.432783645149129, 36.116627225266313 ], [ 139.429358339715691, 36.114234468346069 ], [ 139.429037755687887, 36.113135027359704 ], [ 139.43073219173732, 36.111295027943243 ], [ 139.431778301127792, 36.110690838211667 ], [ 139.434764721214947, 36.112728333246025 ], [ 139.43606527938914, 36.112909721106803 ], [ 139.435932219296546, 36.113169439917783 ], [ 139.436440856960076, 36.114073612906964 ], [ 139.438280856376537, 36.115791945741762 ], [ 139.437573359722819, 36.116233054212159 ], [ 139.437936419630091, 36.116720000227872 ], [ 139.44121228292056, 36.117422224156371 ], [ 139.441448664324412, 36.116445558615681 ], [ 139.443371166646102, 36.116852224850334 ], [ 139.443417275786715, 36.117283892237879 ], [ 139.444635331055792, 36.117995279358695 ], [ 139.445210051802519, 36.117652504559487 ], [ 139.445702580809552, 36.118037775023367 ], [ 139.446972023340322, 36.117351945735777 ], [ 139.447332308839009, 36.117609170726723 ], [ 139.452740077992303, 36.114847225019446 ], [ 139.455652023422203, 36.11290555904435 ], [ 139.4585203634241, 36.111619441284233 ], [ 139.459739000554464, 36.115840000115952 ], [ 139.460742334591146, 36.115840000115952 ], [ 139.461411218852732, 36.114494721354333 ], [ 139.461917327622587, 36.114554721423303 ], [ 139.463223722396947, 36.112735278710204 ], [ 139.466127328413563, 36.112751640076169 ], [ 139.467004279823755, 36.109911640409905 ], [ 139.469776497587304, 36.107851918631184 ], [ 139.471123164002847, 36.107491919116853 ], [ 139.474169273892926, 36.105611080586925 ], [ 139.475312892276179, 36.104091080638909 ], [ 139.477268171289097, 36.104648027184737 ], [ 139.477671218651835, 36.103816639926038 ], [ 139.478876224757983, 36.104132197642855 ], [ 139.479185109505238, 36.103498305102733 ], [ 139.484455421780353, 36.105016359817228 ], [ 139.481718715546322, 36.100086919375883 ], [ 139.481730661241045, 36.099603864726646 ], [ 139.480478145749885, 36.097801892243581 ], [ 139.482632606609627, 36.097405224671434 ], [ 139.483138975283509, 36.096417440812274 ], [ 139.485127587668103, 36.094194386861489 ], [ 139.485408974744473, 36.092885224873271 ], [ 139.487702866494146, 36.09152161343178 ], [ 139.489849247844631, 36.090799107992495 ], [ 139.491280078213094, 36.090814945053751 ], [ 139.492927056138797, 36.090169945886373 ], [ 139.494229273562155, 36.0903229997067 ], [ 139.493489001116586, 36.09191633307239 ], [ 139.495958196813376, 36.094233000152883 ], [ 139.496014306415191, 36.095539108043454 ], [ 139.49711627719455, 36.09679383766553 ], [ 139.497643773641357, 36.098490774729498 ], [ 139.499082969503547, 36.100582441326651 ], [ 139.501719663032077, 36.103511640250076 ], [ 139.502697173036154, 36.10371274844465 ], [ 139.497565771842915, 36.106906640329214 ], [ 139.496832139991284, 36.106129973219765 ], [ 139.495548248952559, 36.107027467843409 ], [ 139.497347172733953, 36.108967747963277 ], [ 139.494648559983148, 36.110293306391043 ], [ 139.49678108907608, 36.111685802258023 ], [ 139.501939689365258, 36.112518586163844 ], [ 139.506113360243489, 36.115275000141196 ], [ 139.506707523433533, 36.116875278971008 ], [ 139.506380856391502, 36.117344439993985 ], [ 139.50679810584802, 36.119003892415776 ], [ 139.507175616061886, 36.118991388242023 ], [ 139.507867275654348, 36.121201107944842 ], [ 139.506945057768235, 36.123432774702849 ], [ 139.50766869005804, 36.123733332627239 ], [ 139.508464527116303, 36.124867505431098 ], [ 139.510701479189947, 36.124603612866508 ], [ 139.51492983154651, 36.122586666441578 ], [ 139.516859273936461, 36.122297775422055 ], [ 139.518449001020599, 36.120907776073068 ], [ 139.520061776829607, 36.121073333167828 ], [ 139.521437056075342, 36.11997110788036 ], [ 139.526301219225957, 36.11809333334071 ], [ 139.527376809292377, 36.117907504627681 ], [ 139.529607638781613, 36.118510000036508 ], [ 139.529795135737004, 36.118868081296966 ], [ 139.530499584588256, 36.118631413908702 ], [ 139.530557081843881, 36.118010558840297 ], [ 139.530941245242389, 36.117671386725192 ], [ 139.531012387012083, 36.120118360174217 ], [ 139.531390998895517, 36.121163919179594 ], [ 139.533658249128962, 36.123711694039514 ], [ 139.535539663224995, 36.126620305682593 ], [ 139.533232725010294, 36.129534467941369 ], [ 139.529509103662235, 36.131838918631217 ], [ 139.528717173258997, 36.132067531691291 ], [ 139.526332698195574, 36.131768359622129 ], [ 139.525320752250991, 36.132335865108132 ], [ 139.523844085236419, 36.1351458651896 ], [ 139.523804942244396, 36.136701170722517 ], [ 139.524425226243238, 36.138216171339309 ], [ 139.524212723638357, 36.138535053849694 ], [ 139.52233771721194, 36.138993947312883 ], [ 139.519431050802382, 36.138763666010448 ], [ 139.518354085672627, 36.138000306169261 ], [ 139.51632297042886, 36.138119468138996 ], [ 139.514180218742126, 36.143638388101181 ], [ 139.514125771986869, 36.144578386483374 ], [ 139.515174136877022, 36.147428667199279 ], [ 139.514234967669722, 36.152543666556994 ], [ 139.513665525043962, 36.153121999880454 ], [ 139.513077470049211, 36.153057837749088 ], [ 139.512167197857934, 36.153517000109503 ], [ 139.511989973858249, 36.153666721042384 ], [ 139.512247197949932, 36.153951171209656 ], [ 139.511815525166412, 36.154208387207348 ], [ 139.509370532024491, 36.154690332992516 ], [ 139.507861920191544, 36.154332278711763 ], [ 139.503842724062565, 36.155536170557866 ], [ 139.498558560429274, 36.155526413812993 ], [ 139.497982166044153, 36.156009197766309 ], [ 139.497593838784724, 36.157188081264962 ], [ 139.497948561077351, 36.15833783842055 ], [ 139.498633839080526, 36.158560613081875 ], [ 139.498662439320128, 36.158937559420906 ], [ 139.498003553721105, 36.159996171186378 ], [ 139.498088029738824, 36.160975333245062 ], [ 139.49764302180813, 36.162272278842636 ], [ 139.498127471305793, 36.162975892223699 ], [ 139.497924694868857, 36.164388387214331 ], [ 139.497389689082979, 36.164352279434183 ], [ 139.497708028402826, 36.16380644131425 ], [ 139.497641634154206, 36.163127559289478 ], [ 139.496863021811123, 36.163110892154009 ], [ 139.495600804433593, 36.164947838372086 ], [ 139.495052476990281, 36.166481972964732 ], [ 139.493698028741051, 36.167016693665516 ], [ 139.491110246640687, 36.17041753214346 ], [ 139.488037470952577, 36.172938359717591 ], [ 139.488594162990239, 36.176438360142242 ], [ 139.495585577112706, 36.17687117056812 ], [ 139.49565197136144, 36.176495891572188 ], [ 139.497926693162412, 36.176725612597011 ], [ 139.497447003776301, 36.179489224747954 ], [ 139.499745887662698, 36.179761721126567 ], [ 139.499364526551744, 36.181892000115738 ], [ 139.501725356640009, 36.182528945854244 ], [ 139.496495357374897, 36.187470305909926 ], [ 139.495542335010782, 36.189735306039609 ], [ 139.495516782573532, 36.192578640392014 ], [ 139.474425006009255, 36.189457504560266 ], [ 139.468660271654244, 36.189141945944129 ], [ 139.463654137028811, 36.189341946173954 ], [ 139.454858002994456, 36.191192224841359 ], [ 139.444204643029934, 36.196789695188329 ] ] ] ] } },
{ "type": "Feature", "properties": { "regioncode": "1120700", "regionname": "埼玉県秩父市", "name": "秩父市", "namekana": "ちちぶし", "PrefCode": "11" }, "geometry": { "type": "Polygon", "coordinates": [ [ [ 138.976694553211132, 36.116625864592038 ], [ 138.975622048718606, 36.118420891610924 ], [ 138.973955941313761, 36.119772278567837 ], [ 138.974038715814117, 36.120897558875299 ], [ 138.973782606881855, 36.121306441039451 ], [ 138.971180661358517, 36.122838107892392 ], [ 138.969730389445999, 36.124445919443701 ], [ 138.966945383322809, 36.124305639593672 ], [ 138.965138975383525, 36.125664802088977 ], [ 138.964244525864274, 36.125904802364801 ], [ 138.962189247635706, 36.125416197999186 ], [ 138.959892865663278, 36.124065640217168 ], [ 138.95845228304654, 36.124090359882246 ], [ 138.958260894724617, 36.123276747723764 ], [ 138.958616718686699, 36.12244925093222 ], [ 138.958658663966276, 36.120592586178986 ], [ 138.958185616073365, 36.118744251845783 ], [ 138.95720033682619, 36.117867586420004 ], [ 138.956263916846297, 36.112148386538877 ], [ 138.956429467645876, 36.111445053746309 ], [ 138.958012528955123, 36.109894225937808 ], [ 138.957905032091617, 36.10764089181373 ], [ 138.956876134825848, 36.106735892347615 ], [ 138.956553359150234, 36.105702000247163 ], [ 138.954988637715473, 36.105602558611224 ], [ 138.9543658625945, 36.104622559283712 ], [ 138.95111833963972, 36.102676440765208 ], [ 138.950289170109158, 36.100837277718256 ], [ 138.950331115388735, 36.099395053838691 ], [ 138.948507497123387, 36.098448946361827 ], [ 138.946982218154858, 36.096824505446648 ], [ 138.946377755928779, 36.09655977471391 ], [ 138.94506858584657, 36.094596170676766 ], [ 138.938103865401104, 36.092893387120171 ], [ 138.937273554630906, 36.091831170871899 ], [ 138.934359104589021, 36.090548973256546 ], [ 138.931697444981182, 36.088227305945452 ], [ 138.931076329109374, 36.088119532090786 ], [ 138.931846057049938, 36.085302027166847 ], [ 138.931548832912426, 36.083161720736882 ], [ 138.932240194829205, 36.081051441770683 ], [ 138.933089363483418, 36.080465054119031 ], [ 138.93341019482466, 36.078825054033075 ], [ 138.934848521042454, 36.078302278127694 ], [ 138.935413799807066, 36.0766969999666 ], [ 138.937176031248896, 36.075638640910597 ], [ 138.937979636650994, 36.075538639896365 ], [ 138.939034916428341, 36.074620306182226 ], [ 138.940255227196985, 36.074571413639887 ], [ 138.940423528123347, 36.072373919320967 ], [ 138.943444111656504, 36.071466414343604 ], [ 138.943785472721402, 36.069182774865226 ], [ 138.944708249086489, 36.067375000855634 ], [ 138.945573528195837, 36.066329171154393 ], [ 138.946829921563676, 36.066159441205286 ], [ 138.947283527912532, 36.065040278985748 ], [ 138.948222140439498, 36.064643332623746 ], [ 138.949310466704787, 36.062657467668032 ], [ 138.950322970228967, 36.061938027118288 ], [ 138.951559636967772, 36.061922467947568 ], [ 138.954937444707411, 36.059724134561236 ], [ 138.959467444966663, 36.059387171181072 ], [ 138.961454383712862, 36.057698279452097 ], [ 138.961814670111039, 36.056946585616458 ], [ 138.963399948249048, 36.056156585158305 ], [ 138.965207716862665, 36.056254918829495 ], [ 138.965058559804788, 36.055526027304381 ], [ 138.967522437810317, 36.055081585946482 ], [ 138.96823577196335, 36.055275720797908 ], [ 138.969893554344139, 36.054163225252694 ], [ 138.972359973833818, 36.053535171111321 ], [ 138.972504695435418, 36.053163224103571 ], [ 138.971985227236473, 36.051237387095796 ], [ 138.972239390035838, 36.050149053635948 ], [ 138.971319104792883, 36.047751279398085 ], [ 138.969917444834323, 36.046529332762532 ], [ 138.969768520700768, 36.045541837585802 ], [ 138.968938807080349, 36.044036279850502 ], [ 138.969062411700975, 36.043645170987929 ], [ 138.969901855086619, 36.042885171013893 ], [ 138.973803527810674, 36.040966251591271 ], [ 138.975396588681633, 36.039552919331811 ], [ 138.977504668805523, 36.039531504675267 ], [ 138.979728274940044, 36.038311505071931 ], [ 138.981819662747284, 36.038289558916063 ], [ 138.983203281406418, 36.037874801480939 ], [ 138.983671336263228, 36.037257863859395 ], [ 138.984052724353774, 36.03434397319586 ], [ 138.986737172782341, 36.033419251597252 ], [ 138.990120777551851, 36.032912559167301 ], [ 138.992091050961335, 36.031642279367759 ], [ 138.992862165656447, 36.03155530683199 ], [ 138.993819947232851, 36.030735585578839 ], [ 138.995646911875497, 36.030585027377185 ], [ 138.996728859249515, 36.030941134625721 ], [ 138.997853580178685, 36.029298333151587 ], [ 138.999284695632241, 36.028549170907581 ], [ 139.001255810807038, 36.028697225396684 ], [ 139.002663864945475, 36.027590802073917 ], [ 139.00530775574839, 36.027817747790891 ], [ 139.007011388265028, 36.028353865138797 ], [ 139.007843605597941, 36.027821891866893 ], [ 139.009414448717848, 36.027849385940442 ], [ 139.01108778127616, 36.026499107847599 ], [ 139.013709441737433, 36.02515297293138 ], [ 139.014090271349005, 36.024009946302044 ], [ 139.015944449476819, 36.023540251981103 ], [ 139.016549143728071, 36.021954170748415 ], [ 139.017778586212899, 36.021535558819039 ], [ 139.019378585353479, 36.01965113469214 ], [ 139.020144695321505, 36.018181441020715 ], [ 139.020856354936882, 36.018137558601495 ], [ 139.0210146958716, 36.018567557746621 ], [ 139.02167330717748, 36.018637837965912 ], [ 139.022209416431451, 36.017386999710311 ], [ 139.023678585798166, 36.016803134656982 ], [ 139.024138586326785, 36.015993135075178 ], [ 139.025427756385966, 36.016081504258068 ], [ 139.026466354638615, 36.017131774811617 ], [ 139.027386354796477, 36.017182332898415 ], [ 139.02859691331696, 36.018125108387096 ], [ 139.029577472022766, 36.01801844069854 ], [ 139.03145302253904, 36.018676251607758 ], [ 139.032327471136, 36.0185087483801 ], [ 139.033049973877269, 36.019416532147318 ], [ 139.034720246042639, 36.019276558966055 ], [ 139.037053606338873, 36.019974919407048 ], [ 139.03805999986912, 36.02051825201579 ], [ 139.039212776048885, 36.021888531930244 ], [ 139.038876938619865, 36.023307413906082 ], [ 139.039321388071698, 36.023907413696236 ], [ 139.040477223744915, 36.023616865226188 ], [ 139.042000856054756, 36.024207414040973 ], [ 139.043104450110377, 36.023582440976895 ], [ 139.045795005834862, 36.023018027360138 ], [ 139.04605555112289, 36.021905531814866 ], [ 139.047076108975261, 36.022139414002822 ], [ 139.04792388997555, 36.021872505112071 ], [ 139.049208885381859, 36.020438332862796 ], [ 139.049870271995474, 36.020698918620269 ], [ 139.050270558439593, 36.019220306372119 ], [ 139.052047782479235, 36.018775332615576 ], [ 139.052108340127916, 36.018263387245554 ], [ 139.051295836833447, 36.018163918629966 ], [ 139.049414967726648, 36.017000864997954 ], [ 139.048246641369474, 36.015175865373919 ], [ 139.049698858515626, 36.013068386896578 ], [ 139.048866912777839, 36.012303386691997 ], [ 139.04871661537959, 36.011170054754302 ], [ 139.049980505496023, 36.010012864701991 ], [ 139.050924383553479, 36.009671197867533 ], [ 139.050990506206972, 36.009316748069523 ], [ 139.050158275384206, 36.008191748350555 ], [ 139.047910751779796, 36.006384801717275 ], [ 139.047479636575986, 36.005596468602221 ], [ 139.046530466907598, 36.005163972939044 ], [ 139.046349921711567, 36.004565919281788 ], [ 139.044208520806706, 36.003328972853865 ], [ 139.042709079360634, 36.003179504630509 ], [ 139.040782672182672, 36.001718946272376 ], [ 139.040979882715533, 36.000821440856839 ], [ 139.042524060037408, 36.000067026572083 ], [ 139.043501829046249, 35.99896066710113 ], [ 139.046864034447708, 35.996596532903709 ], [ 139.050489857221237, 35.991997972828244 ], [ 139.047520116859914, 35.988827413854096 ], [ 139.047829831681497, 35.988622693982165 ], [ 139.046933995407585, 35.987364946235346 ], [ 139.045272309069901, 35.983767999793429 ], [ 139.044573139239105, 35.983177720775245 ], [ 139.04501313884532, 35.982978000234596 ], [ 139.043872284078702, 35.981398557797263 ], [ 139.043551996827205, 35.979238558912414 ], [ 139.042049494088928, 35.977867721418249 ], [ 139.042006446240521, 35.977108558713041 ], [ 139.040675863300521, 35.975898278982413 ], [ 139.038536420219657, 35.975261891722994 ], [ 139.037517250021097, 35.973975774862197 ], [ 139.036367807628267, 35.973911333041656 ], [ 139.035735005965762, 35.973516613401046 ], [ 139.0347730614277, 35.97366189168298 ], [ 139.033758611770622, 35.972903280262244 ], [ 139.032448340018959, 35.972558803046354 ], [ 139.031194448564975, 35.971087999611541 ], [ 139.02896719747821, 35.969596305824894 ], [ 139.028789689292807, 35.96890717062945 ], [ 139.027809974151069, 35.96836855856219 ], [ 139.026731633957752, 35.968589360110911 ], [ 139.025784423012738, 35.968081864586452 ], [ 139.025158029019849, 35.968295467961525 ], [ 139.023653580148675, 35.967861305854626 ], [ 139.020466328858106, 35.968554080606395 ], [ 139.018743554271623, 35.967289360415691 ], [ 139.01718189412918, 35.9670096397831 ], [ 139.014790219992733, 35.967961839267502 ], [ 139.012775226895315, 35.966615171053377 ], [ 139.011905772233717, 35.967387667107175 ], [ 139.011950506310882, 35.967871837815096 ], [ 139.012582995908588, 35.968577667125714 ], [ 139.012398002665805, 35.970475693498486 ], [ 139.012772475869156, 35.971973748189953 ], [ 139.010376640569575, 35.975144279285132 ], [ 139.009313022278207, 35.975914838199287 ], [ 139.008543061413206, 35.978178694391261 ], [ 139.00840472140078, 35.979683135168614 ], [ 139.0059138907136, 35.980177026648505 ], [ 139.004784449242948, 35.979919801657559 ], [ 139.003640829960432, 35.980106748227911 ], [ 139.000339689425232, 35.979234802444239 ], [ 138.997538832751047, 35.977249531940402 ], [ 138.995927444595964, 35.976863694004351 ], [ 138.995434941669259, 35.976436224652105 ], [ 138.99315438416761, 35.976141225437232 ], [ 138.992430777958134, 35.976876774643472 ], [ 138.991866886847447, 35.978835918942536 ], [ 138.987884942436153, 35.978972304728131 ], [ 138.987182996398246, 35.979305640243183 ], [ 138.986305226604941, 35.978908135402207 ], [ 138.985616057235347, 35.979079253005182 ], [ 138.985149390032348, 35.97974174758366 ], [ 138.984348833332092, 35.980126748250882 ], [ 138.984498833054772, 35.981029252098381 ], [ 138.983873839306284, 35.981756198389917 ], [ 138.983077444668425, 35.981974250711176 ], [ 138.98144688656464, 35.983239532078812 ], [ 138.979845772264639, 35.982165918722217 ], [ 138.977303255740708, 35.981562891814065 ], [ 138.976241855177591, 35.980408440197436 ], [ 138.973922697874286, 35.979100666762406 ], [ 138.972235188403261, 35.980412613051726 ], [ 138.971040725948797, 35.980297080745743 ], [ 138.969981025104289, 35.980907359786897 ], [ 138.967834890168092, 35.979475693948189 ], [ 138.96462457756229, 35.978367945923992 ], [ 138.962908197155684, 35.978230999860784 ], [ 138.961238755064528, 35.978577387236669 ], [ 138.960652361117582, 35.979069332583663 ], [ 138.957771530431842, 35.979599332743078 ], [ 138.954304553112706, 35.977046586430845 ], [ 138.953055383099468, 35.97562827912185 ], [ 138.952528144758162, 35.974424666964865 ], [ 138.951282866111455, 35.973560774610121 ], [ 138.951021749753977, 35.971897466794701 ], [ 138.951317029557345, 35.971140531710205 ], [ 138.951008663718881, 35.969998586065969 ], [ 138.946237834008912, 35.969366666638393 ], [ 138.943878366393506, 35.968157252055562 ], [ 138.943581141356617, 35.966883919057693 ], [ 138.943141698430736, 35.966650865145368 ], [ 138.93954250278432, 35.966858360325148 ], [ 138.938473086563704, 35.968306694198645 ], [ 138.936788638384996, 35.969182251659618 ], [ 138.934817249816319, 35.969187531579394 ], [ 138.932100025595787, 35.97029197279636 ], [ 138.930425836882932, 35.970115053666859 ], [ 138.929147223965288, 35.970468107717068 ], [ 138.926652217725746, 35.969931720572504 ], [ 138.925379442307531, 35.96866755886083 ], [ 138.924276640554581, 35.966965359863536 ], [ 138.922682477114677, 35.966710919173636 ], [ 138.921754136644154, 35.967251197684675 ], [ 138.918689143689107, 35.967802586420305 ], [ 138.91832858569569, 35.96810397262027 ], [ 138.917905523920808, 35.969904251679907 ], [ 138.91698136170055, 35.970315080876333 ], [ 138.913131088828777, 35.970236748127491 ], [ 138.912186913095638, 35.971003693565649 ], [ 138.910373580376472, 35.971195359778108 ], [ 138.90933941578146, 35.972107305607722 ], [ 138.905399416649857, 35.972451468060854 ], [ 138.904423865369154, 35.972897585755049 ], [ 138.903354423068208, 35.974157586303591 ], [ 138.901286354681588, 35.974647026139394 ], [ 138.900350531851586, 35.975402305572004 ], [ 138.898695524778759, 35.975421468326147 ], [ 138.897273864797057, 35.974353414578445 ], [ 138.896318003273336, 35.973104802144974 ], [ 138.893999662554393, 35.973210360070141 ], [ 138.89216272443025, 35.973781747929365 ], [ 138.891477173033195, 35.974310080745681 ], [ 138.886252165904807, 35.974493694428531 ], [ 138.883835497810082, 35.973155108421565 ], [ 138.878796329287184, 35.975056775250039 ], [ 138.877640777799684, 35.975768720849828 ], [ 138.875822438554792, 35.977134532033062 ], [ 138.874523554018879, 35.979064252313435 ], [ 138.868160532182856, 35.981444801836176 ], [ 138.866752995154684, 35.981255640235645 ], [ 138.866024941797718, 35.98047369410574 ], [ 138.862408301102278, 35.983958414149527 ], [ 138.860714422632554, 35.984958134710212 ], [ 138.859148859432366, 35.985307306387142 ], [ 138.856869416190648, 35.986775640283611 ], [ 138.855884449008158, 35.988143134997756 ], [ 138.854656394177368, 35.989159251098613 ], [ 138.854360272608574, 35.990287305814547 ], [ 138.853278339623785, 35.990719531681123 ], [ 138.852654720938631, 35.991832279036487 ], [ 138.850231970728942, 35.993705612723886 ], [ 138.849768909807381, 35.995115333306046 ], [ 138.847756978002167, 35.995390333397211 ], [ 138.847366692918627, 35.996323387214602 ], [ 138.845844772917985, 35.997427838324143 ], [ 138.845427002754036, 35.998303667380412 ], [ 138.842471725290011, 35.999571170972843 ], [ 138.841452826686691, 36.000429224928837 ], [ 138.839521166568602, 36.000800612558294 ], [ 138.840382866376217, 36.003175053885684 ], [ 138.840416225828221, 36.005266721382156 ], [ 138.840923163773027, 36.00614200005333 ], [ 138.840725668155073, 36.006589775197995 ], [ 138.839143450410006, 36.007417837663127 ], [ 138.840640998783101, 36.011226972846544 ], [ 138.838622141298856, 36.013649748237356 ], [ 138.838830506123031, 36.016259468399824 ], [ 138.838204968284685, 36.01844780222433 ], [ 138.839267496597699, 36.021905000315542 ], [ 138.83987861200842, 36.022611108415958 ], [ 138.841205279300311, 36.023220559181539 ], [ 138.841529468710064, 36.025816108726474 ], [ 138.842207249964645, 36.027058052687039 ], [ 138.841549196238475, 36.028354170908301 ], [ 138.841969754300749, 36.0293930542461 ], [ 138.841718080824876, 36.030624720754304 ], [ 138.840297807597835, 36.031481387056431 ], [ 138.838783086670219, 36.033704441007217 ], [ 138.837989754223827, 36.033653891913616 ], [ 138.836570311071114, 36.034328612775312 ], [ 138.83473724992416, 36.034089170978518 ], [ 138.834306693199437, 36.034465000359546 ], [ 138.831582775324932, 36.035072774788773 ], [ 138.830246109370478, 36.036551666726098 ], [ 138.828911387750395, 36.037145278631783 ], [ 138.825712750143339, 36.037457532239387 ], [ 138.824784423162669, 36.036839467767265 ], [ 138.823209688676229, 36.036392530790692 ], [ 138.82160466862058, 36.036740586408996 ], [ 138.818129636973254, 36.03561891867821 ], [ 138.815796861236208, 36.035425864811884 ], [ 138.813580726669215, 36.033486721435111 ], [ 138.810565966246372, 36.033522838208455 ], [ 138.808681802922933, 36.033051721160064 ], [ 138.806073164644886, 36.034116720810061 ], [ 138.804774280108973, 36.033489225147662 ], [ 138.802449806013783, 36.033510891614412 ], [ 138.800892826842528, 36.032219531706062 ], [ 138.799600051401285, 36.032098413710855 ], [ 138.797111970840888, 36.031018134579313 ], [ 138.795871412735551, 36.031110081265297 ], [ 138.794812529374781, 36.03030730593747 ], [ 138.791875006326563, 36.029943972636261 ], [ 138.790975525100521, 36.029399801859427 ], [ 138.787867470807214, 36.030515640184717 ], [ 138.787632191972193, 36.031835918692764 ], [ 138.7866749679755, 36.03314425240535 ], [ 138.784463021551232, 36.033652585198695 ], [ 138.783451089096502, 36.033527333020061 ], [ 138.78207525227117, 36.034080387300094 ], [ 138.780467756381881, 36.036934278793979 ], [ 138.776412165589022, 36.037144558274804 ], [ 138.774960220038224, 36.038230108332868 ], [ 138.773547716953658, 36.038793170268661 ], [ 138.770426030736758, 36.038257053820018 ], [ 138.769063255664832, 36.038795945576453 ], [ 138.765510169159029, 36.037637332796749 ], [ 138.764181284138999, 36.036672053572488 ], [ 138.761073747855221, 36.035824000976902 ], [ 138.759797885963735, 36.034852919326795 ], [ 138.754307859420237, 36.034437080007308 ], [ 138.7529461608367, 36.030503198064196 ], [ 138.75284975441275, 36.029094026967812 ], [ 138.7535847469386, 36.028376531651645 ], [ 138.752896135148603, 36.026586252153891 ], [ 138.750655280017213, 36.025052640067315 ], [ 138.750646938805289, 36.023808197790174 ], [ 138.749410803565752, 36.022090134751977 ], [ 138.749651051155183, 36.020333505187182 ], [ 138.748724111828324, 36.019336836925561 ], [ 138.748492724359835, 36.01863489178686 ], [ 138.749184916350828, 36.016721837742693 ], [ 138.747060725771917, 36.014772387235951 ], [ 138.744756809279352, 36.013679054444879 ], [ 138.743769830313454, 36.010099892096378 ], [ 138.74289483762675, 36.009860170610409 ], [ 138.742140116673113, 36.008942387281422 ], [ 138.740837588084332, 36.008631558199909 ], [ 138.74021535615384, 36.00785433261143 ], [ 138.736685887643716, 36.006466026685814 ], [ 138.736510893962645, 36.005941307345495 ], [ 138.737370856280108, 36.004297972573454 ], [ 138.735918910729197, 36.003172414375456 ], [ 138.735698340306271, 36.001621306877837 ], [ 138.732168029131344, 35.998332135419787 ], [ 138.729916886655019, 35.998097972643393 ], [ 138.728704112205037, 35.996953251691252 ], [ 138.727692697759835, 35.996502134665832 ], [ 138.727761309736707, 35.995714081239896 ], [ 138.726585473141085, 35.994768559221654 ], [ 138.725894330658889, 35.994454667049297 ], [ 138.724728781408203, 35.994683000420196 ], [ 138.722791556285415, 35.994460224859552 ], [ 138.722157664644556, 35.993849387339424 ], [ 138.719541555698356, 35.993780224977456 ], [ 138.716809026815213, 35.992904386927989 ], [ 138.715700973021512, 35.991596612593639 ], [ 138.714475939912745, 35.989096053939761 ], [ 138.714474527077869, 35.9867171708608 ], [ 138.712550051643689, 35.985333000017988 ], [ 138.712964228116675, 35.984962170867561 ], [ 138.713205886742344, 35.984022170686671 ], [ 138.712653358565717, 35.982077748289498 ], [ 138.712687781915633, 35.980422198026076 ], [ 138.711911388200065, 35.979168305672829 ], [ 138.711885810581748, 35.975611081386376 ], [ 138.71242050610158, 35.974852198370286 ], [ 138.712197717051026, 35.97375219800557 ], [ 138.711421024760512, 35.972769134687894 ], [ 138.711360467111945, 35.971872197643847 ], [ 138.712931829140643, 35.967734414211918 ], [ 138.713993747713403, 35.966368585941552 ], [ 138.714183748381402, 35.965515251627608 ], [ 138.716135668426432, 35.964296919367371 ], [ 138.717999558332963, 35.963822748221332 ], [ 138.719477886395453, 35.962887197885948 ], [ 138.719719534229171, 35.961188613263971 ], [ 138.720392580553266, 35.960550838350571 ], [ 138.721041193196584, 35.95909000030332 ], [ 138.722905057922162, 35.958477775129268 ], [ 138.723371166646075, 35.958038054312794 ], [ 138.724121439552846, 35.958158891719506 ], [ 138.725375616091924, 35.95775777520123 ], [ 138.72676477277605, 35.95670610800056 ], [ 138.727256692942092, 35.955343612617696 ], [ 138.728181971221034, 35.954262775007123 ], [ 138.729054449403407, 35.951301107859877 ], [ 138.730469441811351, 35.950301107610073 ], [ 138.730487198025799, 35.949201666623651 ], [ 138.731428859254493, 35.947386946250617 ], [ 138.731135498604431, 35.945145279031465 ], [ 138.734727418735474, 35.942978332883797 ], [ 138.736024358937129, 35.941422225155634 ], [ 138.739254331622192, 35.939108053693758 ], [ 138.738460169101586, 35.937586387301963 ], [ 138.737554033791639, 35.936887802030469 ], [ 138.737442087982004, 35.93627586463947 ], [ 138.7374595851918, 35.935792800997035 ], [ 138.739170661396997, 35.933259748039006 ], [ 138.738946472102043, 35.931293919079167 ], [ 138.738265083666761, 35.929842252318167 ], [ 138.738507003995096, 35.929019198177514 ], [ 138.737584227630009, 35.928044747667002 ], [ 138.737627250297464, 35.927294467565673 ], [ 138.736280026302211, 35.926377251708857 ], [ 138.736115278597254, 35.924907531957103 ], [ 138.735209170267012, 35.923778360283166 ], [ 138.733775253425279, 35.923171135339658 ], [ 138.73231939042762, 35.919467837770526 ], [ 138.729495719751753, 35.917886441106418 ], [ 138.72810627798242, 35.917832280335517 ], [ 138.730133774354272, 35.916340612629199 ], [ 138.730632672360002, 35.914986999850214 ], [ 138.730271829281605, 35.913960054113261 ], [ 138.729257108029174, 35.912697838534484 ], [ 138.728888780792659, 35.909727000101043 ], [ 138.729450999164328, 35.908514505340179 ], [ 138.730660725811958, 35.907078386958062 ], [ 138.732937691421398, 35.904727279440465 ], [ 138.734402970320843, 35.904011721263998 ], [ 138.736077445018168, 35.904313666842313 ], [ 138.737389390408111, 35.905696720727121 ], [ 138.739184385051431, 35.90584394604133 ], [ 138.743310830730366, 35.903867251472548 ], [ 138.746495278834118, 35.9029811350714 ], [ 138.74910697840437, 35.901607532161904 ], [ 138.753571750835704, 35.902866693643034 ], [ 138.757708443390015, 35.902604197725623 ], [ 138.759246783212575, 35.901684197567704 ], [ 138.765667108050707, 35.899108360262687 ], [ 138.771145745579815, 35.900550026562541 ], [ 138.775484423167654, 35.900173612622154 ], [ 138.777155252912621, 35.900419170708233 ], [ 138.779349999802662, 35.899908333303017 ], [ 138.781319169743938, 35.898882775219931 ], [ 138.781498339876521, 35.897814440883792 ], [ 138.781980558156306, 35.897091667446546 ], [ 138.788137250333875, 35.893875838399254 ], [ 138.79062005187393, 35.891878613207496 ], [ 138.791118663895304, 35.890807775158748 ], [ 138.791728663247227, 35.886796386943729 ], [ 138.791560311059584, 35.883997774977388 ], [ 138.791941414065036, 35.882640558614924 ], [ 138.792788105986347, 35.881932775077587 ], [ 138.791790855863383, 35.879775838384262 ], [ 138.792003645351997, 35.875451135361686 ], [ 138.79326002612936, 35.874987251560469 ], [ 138.79486586276937, 35.873420864581306 ], [ 138.796970336611821, 35.872130000199377 ], [ 138.799583942744789, 35.871519720258959 ], [ 138.801929533820953, 35.870427775121755 ], [ 138.805846226122526, 35.869641666929454 ], [ 138.808404889973758, 35.870019532375579 ], [ 138.808824085563174, 35.869717081378269 ], [ 138.808759221960599, 35.868970748401352 ], [ 138.809902891605248, 35.867343053738978 ], [ 138.810179922365592, 35.866207945640213 ], [ 138.811149805219429, 35.864860172159297 ], [ 138.812899299563128, 35.863542775079054 ], [ 138.813604863573687, 35.862367774852999 ], [ 138.814690116855445, 35.862259640370155 ], [ 138.815072438442371, 35.862972720914399 ], [ 138.819366614877481, 35.865202694248978 ], [ 138.821913255692266, 35.864590025709163 ], [ 138.82449547278793, 35.865620279152608 ], [ 138.826012412343061, 35.865290558912193 ], [ 138.827830776769019, 35.865795000339062 ], [ 138.829359662918137, 35.865480278991754 ], [ 138.83052717269095, 35.864731667132787 ], [ 138.83074855969835, 35.863022224995746 ], [ 138.83172494195253, 35.862907504777581 ], [ 138.832426692837657, 35.862250413325967 ], [ 138.834445668133185, 35.86227874826568 ], [ 138.838099339313089, 35.864304305699193 ], [ 138.841721194277739, 35.864913000134891 ], [ 138.844711503932785, 35.866373838182142 ], [ 138.845448689905197, 35.867390865296272 ], [ 138.846949441663469, 35.866903864421886 ], [ 138.849831439669288, 35.866631946307336 ], [ 138.85073394171809, 35.865807775208737 ], [ 138.855900635905641, 35.86509389156987 ], [ 138.856628417667366, 35.86461638663701 ], [ 138.857054812329807, 35.862614440903769 ], [ 138.856855887689107, 35.860050837975848 ], [ 138.857782282926109, 35.858410559100093 ], [ 138.858401725159524, 35.858303612621683 ], [ 138.858811166702026, 35.857574441407394 ], [ 138.860686744198006, 35.857666387194058 ], [ 138.862441751385745, 35.858710278856336 ], [ 138.865118444060954, 35.859247774864969 ], [ 138.86656593976636, 35.858179999907122 ], [ 138.869431505359785, 35.857249171012484 ], [ 138.871210388648592, 35.855265279169373 ], [ 138.872375383017584, 35.8548358376039 ], [ 138.874217056072325, 35.851438612601953 ], [ 138.875452335157206, 35.850149440744133 ], [ 138.87716236095423, 35.84910999982668 ], [ 138.877694033852663, 35.847870000200373 ], [ 138.879981803017813, 35.846868305627879 ], [ 138.881802917570667, 35.847447747815352 ], [ 138.885647950992166, 35.847133306157218 ], [ 138.8887760053085, 35.84313302726747 ], [ 138.890435162752624, 35.842226359558879 ], [ 138.892222672338562, 35.839778585713191 ], [ 138.893218690390313, 35.839967026956799 ], [ 138.894409052835613, 35.840793027276447 ], [ 138.896710467414209, 35.843453306424976 ], [ 138.896931310331752, 35.844889973393606 ], [ 138.898301023673412, 35.846212467831151 ], [ 138.901248833167188, 35.847268306087528 ], [ 138.902974112365428, 35.848450803062178 ], [ 138.904976057199292, 35.848585802093169 ], [ 138.906625252853246, 35.849743027219006 ], [ 138.909046083010367, 35.850678027169295 ], [ 138.910117470544947, 35.852143306068797 ], [ 138.910946083395061, 35.852727467898376 ], [ 138.912198612376073, 35.852906918619453 ], [ 138.913116393906535, 35.85235135972755 ], [ 138.914857495776914, 35.852540224551774 ], [ 138.917635551039893, 35.851416332797555 ], [ 138.920323060760666, 35.851221332798332 ], [ 138.921150271567853, 35.850527720777734 ], [ 138.922623333200363, 35.850686612996867 ], [ 138.926630026054909, 35.848918278755605 ], [ 138.930993916136345, 35.849910505265655 ], [ 138.932182801894896, 35.851274108613268 ], [ 138.935146719145791, 35.851015468089429 ], [ 138.937510052047287, 35.852334640431366 ], [ 138.942772865775169, 35.853758531631001 ], [ 138.943942580685643, 35.855071306195896 ], [ 138.943020077714436, 35.857203532217284 ], [ 138.943221971017238, 35.858191801710348 ], [ 138.942867587769001, 35.86016213537431 ], [ 138.943897886178547, 35.860862414069231 ], [ 138.94488983120084, 35.862750198063225 ], [ 138.946583722261039, 35.864472414170621 ], [ 138.946000947186008, 35.865321865211968 ], [ 138.945881777122395, 35.866367972803744 ], [ 138.945329274126721, 35.86704102722166 ], [ 138.945143722404964, 35.867928532176052 ], [ 138.946372088401176, 35.868677694420114 ], [ 138.949093695917441, 35.868967748263003 ], [ 138.949930998916557, 35.869486224509728 ], [ 138.952264163160635, 35.872162945963225 ], [ 138.954236057148364, 35.873869639772124 ], [ 138.954458494563937, 35.874910468343501 ], [ 138.956969973685432, 35.875974305170075 ], [ 138.960083255737686, 35.876782107708152 ], [ 138.962291309896045, 35.876774333069079 ], [ 138.96520408629965, 35.877785720534632 ], [ 138.966655226957187, 35.879366837509622 ], [ 138.966696328672697, 35.880639892617012 ], [ 138.967844111816362, 35.882152946201586 ], [ 138.973033580435413, 35.882119612829911 ], [ 138.975900245899652, 35.883237387395582 ], [ 138.978927782091546, 35.885010693988363 ], [ 138.983056939226458, 35.882992919287858 ], [ 138.984266394278734, 35.881812080663053 ], [ 138.98556360607563, 35.881165693841751 ], [ 138.988751387066941, 35.88114680178353 ], [ 138.993272802397996, 35.883090135101725 ], [ 138.994582244075332, 35.883256801959874 ], [ 138.995214188683917, 35.884142359882048 ], [ 138.995880856116628, 35.884447080768211 ], [ 139.000930856074206, 35.884008467916487 ], [ 139.002894500580851, 35.886220694029873 ], [ 139.004957834036873, 35.887380693564182 ], [ 139.006657030197857, 35.889624558726439 ], [ 139.006717302761331, 35.893413441177415 ], [ 139.007270116023051, 35.894214837844515 ], [ 139.010323449267844, 35.897172054246937 ], [ 139.013378755625126, 35.898255668064678 ], [ 139.018399300087708, 35.898423999567967 ], [ 139.020891802614642, 35.897157891723396 ], [ 139.024007394125988, 35.8972937208286 ], [ 139.025445965858694, 35.89552817088844 ], [ 139.029329583793356, 35.892908468251278 ], [ 139.037415446765522, 35.889217360093141 ], [ 139.039315966059007, 35.887016252298281 ], [ 139.040348754691308, 35.886307360796138 ], [ 139.042870972617379, 35.885601251796402 ], [ 139.044437639285661, 35.883823468378409 ], [ 139.045752918462426, 35.883433468379906 ], [ 139.047293747608478, 35.881496531939433 ], [ 139.048326523650189, 35.881208747985397 ], [ 139.049842088141872, 35.878832918104763 ], [ 139.051167640274457, 35.878247667196149 ], [ 139.055390143440377, 35.877476837586016 ], [ 139.05796902674922, 35.877440999602527 ], [ 139.059314863989812, 35.874898224973151 ], [ 139.061631802665602, 35.873629332827477 ], [ 139.065057912093039, 35.872727667148183 ], [ 139.066203774284872, 35.872804891932276 ], [ 139.070071828552159, 35.871577134776999 ], [ 139.072054616927062, 35.871579919078044 ], [ 139.072552943863343, 35.871723801612234 ], [ 139.075136861576993, 35.874292134974098 ], [ 139.076554642782639, 35.87502186466736 ], [ 139.078671025447534, 35.875386585622493 ], [ 139.082272166327471, 35.87493994632149 ], [ 139.083992995680319, 35.873429667145501 ], [ 139.085878560147535, 35.872805775066524 ], [ 139.089227716386063, 35.871033559351361 ], [ 139.091656718682657, 35.869033945560204 ], [ 139.094495551028899, 35.869506170573345 ], [ 139.096061479353807, 35.86937638671094 ], [ 139.099091361876958, 35.86867441369327 ], [ 139.100281920374414, 35.867188748062347 ], [ 139.103622827131858, 35.869151747754984 ], [ 139.105430051655617, 35.871009224596094 ], [ 139.106067029769633, 35.871105640912674 ], [ 139.10796658858726, 35.872594946099923 ], [ 139.108389441719396, 35.873637387155725 ], [ 139.109076913169019, 35.874318468022921 ], [ 139.109155862852845, 35.875298613040627 ], [ 139.110380583896927, 35.87631110757161 ], [ 139.110975888326607, 35.877259171073945 ], [ 139.11099450069571, 35.878142504972686 ], [ 139.110435887706103, 35.879124721129017 ], [ 139.110858949480985, 35.88012472137882 ], [ 139.110582827035955, 35.882189440690183 ], [ 139.111210920747453, 35.882976946428983 ], [ 139.114424811755725, 35.884789440979944 ], [ 139.118383191231374, 35.889620838231167 ], [ 139.118912917996795, 35.892396945562666 ], [ 139.119832387554652, 35.893353611979649 ], [ 139.120760726226649, 35.895052532048794 ], [ 139.120620440980588, 35.896994466921171 ], [ 139.119556549295339, 35.89901750535364 ], [ 139.118496304360974, 35.90240444121207 ], [ 139.113745472875394, 35.905307774734069 ], [ 139.111963255799651, 35.907836386839847 ], [ 139.112755745581239, 35.909599171364732 ], [ 139.112729363969038, 35.911144721052096 ], [ 139.113613839107416, 35.91367138702492 ], [ 139.113876614714059, 35.915836666728865 ], [ 139.112781894269119, 35.917581386571783 ], [ 139.112589144373601, 35.91967444082286 ], [ 139.109966615167195, 35.920513027154527 ], [ 139.107959105328518, 35.922140801856585 ], [ 139.10614800292808, 35.922515802062662 ], [ 139.104528832939309, 35.923508305563928 ], [ 139.104163838590352, 35.924495252154202 ], [ 139.102970219699955, 35.925283586168632 ], [ 139.102761633642558, 35.927224693664755 ], [ 139.100868300831507, 35.928114973027618 ], [ 139.099271088689875, 35.929634972975691 ], [ 139.098100532013973, 35.934302747573781 ], [ 139.095947198004865, 35.935112441386138 ], [ 139.095490803757684, 35.935731612923632 ], [ 139.097619999963058, 35.940999107622758 ], [ 139.096137223853816, 35.944074108233565 ], [ 139.097727860152645, 35.947901864779283 ], [ 139.097623113416034, 35.951493558281129 ], [ 139.097865888100273, 35.952267441988909 ], [ 139.094097276368302, 35.954512441196243 ], [ 139.09298033727282, 35.955619666714313 ], [ 139.093244773027891, 35.958589945769461 ], [ 139.093010610251554, 35.959516892290821 ], [ 139.091232555238321, 35.961472999579314 ], [ 139.090254527224715, 35.963671054175848 ], [ 139.089201478665359, 35.964584386760066 ], [ 139.088547030321251, 35.965653278675916 ], [ 139.087810635752248, 35.968471891564604 ], [ 139.087211192642485, 35.968829666156239 ], [ 139.086762308633752, 35.971022694441842 ], [ 139.087621777223262, 35.971965225314932 ], [ 139.087183996244448, 35.973303531632723 ], [ 139.087103165178974, 35.975504359738466 ], [ 139.087715110663908, 35.977220748239006 ], [ 139.088315965709285, 35.977907693585223 ], [ 139.088884578260718, 35.980874919442044 ], [ 139.089375966028115, 35.981352413583068 ], [ 139.090248222977152, 35.983525748514523 ], [ 139.090170169018165, 35.984944892193084 ], [ 139.090959882592529, 35.985789333111313 ], [ 139.09101241289261, 35.987875171202234 ], [ 139.092176861373105, 35.988689613434985 ], [ 139.091824357707992, 35.98891599977361 ], [ 139.090441024134066, 35.988683775036236 ], [ 139.090051581715215, 35.989125720775462 ], [ 139.093157976759244, 35.99051044110405 ], [ 139.09307241256181, 35.991029305857808 ], [ 139.091502969686417, 35.991689586305426 ], [ 139.091736589272273, 35.992007359951742 ], [ 139.093171309208628, 35.992116531352906 ], [ 139.092858831669787, 35.993175694402851 ], [ 139.093532438271495, 35.994580694443528 ], [ 139.093021335566277, 35.995108198084949 ], [ 139.094190506386781, 35.996510108055077 ], [ 139.094531633628094, 35.997597332650855 ], [ 139.095570803849569, 35.999030666731926 ], [ 139.097218029088822, 35.999993441344316 ], [ 139.097408858931772, 36.000889559105929 ], [ 139.098718054194933, 36.002422893301912 ], [ 139.099885551377156, 36.003180666554556 ], [ 139.100190558247732, 36.004300639063274 ], [ 139.100796393738619, 36.004972305827323 ], [ 139.101156135147562, 36.006850639745267 ], [ 139.102695576639576, 36.00634508136045 ], [ 139.105007249784762, 36.00747758592189 ], [ 139.105377523154289, 36.008195360027912 ], [ 139.106372283054498, 36.008906197662952 ], [ 139.106818392654759, 36.008753695126984 ], [ 139.106843644718538, 36.007338135246812 ], [ 139.107539468172035, 36.006718972702458 ], [ 139.108591996923224, 36.008351467945943 ], [ 139.110073670463635, 36.007619251627204 ], [ 139.110039494427156, 36.007166198361404 ], [ 139.11100616130534, 36.006365944732636 ], [ 139.111049195663895, 36.005197891769342 ], [ 139.112566135219026, 36.003180666554556 ], [ 139.112642529029586, 36.002157053705105 ], [ 139.114361699133156, 36.00057427927959 ], [ 139.115168910816692, 35.998933747694366 ], [ 139.117191970832891, 35.998032919283844 ], [ 139.119358079711674, 35.997572918755225 ], [ 139.121069753966026, 35.998310414094362 ], [ 139.122507276189936, 35.999755693870213 ], [ 139.126020337468617, 36.001135413068937 ], [ 139.131015887972922, 35.999613467887286 ], [ 139.135901750865173, 35.998832639614704 ], [ 139.137215913983255, 35.998885134841146 ], [ 139.138973695579693, 35.997908468401135 ], [ 139.142081479177023, 35.997734586282206 ], [ 139.142688144742124, 35.998338197749661 ], [ 139.143523695861973, 35.998527360249511 ], [ 139.145529532961632, 35.998002360320697 ], [ 139.147619533115062, 35.996936532395125 ], [ 139.150106226021535, 35.997106801937434 ], [ 139.151388715916596, 35.996487640292401 ], [ 139.15288678229922, 35.996414027185665 ], [ 139.154771776596249, 35.995459865380553 ], [ 139.158229829942798, 35.994813748355853 ], [ 139.160233166027865, 35.994897639814269 ], [ 139.161021505438157, 35.995317640296889 ], [ 139.163798469823632, 35.995658746853735 ], [ 139.164986497628774, 35.99456736019556 ], [ 139.166700388712002, 35.99363822382503 ], [ 139.169348470355658, 35.992787667516893 ], [ 139.171899274132215, 35.990271838374667 ], [ 139.174608715619797, 35.989045720683521 ], [ 139.175039300223602, 35.990857666648026 ], [ 139.175486251589291, 35.99139822484824 ], [ 139.175423191127379, 35.99223627878132 ], [ 139.17588014295427, 35.992824054086896 ], [ 139.175065421931777, 35.994848467582756 ], [ 139.176011283893672, 35.996475414009183 ], [ 139.176200726082698, 35.997730414327236 ], [ 139.175696004966767, 35.998244305830099 ], [ 139.174912672082201, 36.000411531666884 ], [ 139.172830727156452, 36.002413196811631 ], [ 139.171432671680463, 36.002869865352068 ], [ 139.170196278335652, 36.003998748343633 ], [ 139.167367950970174, 36.005536775202074 ], [ 139.165728223378892, 36.007576505051702 ], [ 139.164508222876293, 36.008442613336001 ], [ 139.164532140346068, 36.00979344181394 ], [ 139.163788805708919, 36.011144559873571 ], [ 139.163298521409729, 36.01316594625149 ], [ 139.162567420250298, 36.0134790002557 ], [ 139.162292139570695, 36.014143440067755 ], [ 139.16030603089871, 36.015057892307937 ], [ 139.158966031157433, 36.017384252281488 ], [ 139.158251310249852, 36.01779730640061 ], [ 139.156590751661952, 36.020135639947853 ], [ 139.153410220105684, 36.023050641274153 ], [ 139.153629947863919, 36.026105640063292 ], [ 139.15318855970429, 36.0266698018699 ], [ 139.151789104883392, 36.027362027135894 ], [ 139.150352166319522, 36.027385919424717 ], [ 139.14995494296636, 36.028219224937345 ], [ 139.1492649417238, 36.028560613881268 ], [ 139.146122438000134, 36.028521441211581 ], [ 139.14419355408927, 36.027902838944897 ], [ 139.143610219636003, 36.028397279011244 ], [ 139.143274384005736, 36.029278666777088 ], [ 139.138856057061503, 36.031089503877581 ], [ 139.13718632898599, 36.031426172280078 ], [ 139.136590219662935, 36.032361999606621 ], [ 139.135432437856821, 36.032364505117869 ], [ 139.132566615057272, 36.033154748392974 ], [ 139.130884086031756, 36.032663919104607 ], [ 139.129746860929004, 36.032720026907782 ], [ 139.127597134100483, 36.033293081210786 ], [ 139.126384642936955, 36.03414141439481 ], [ 139.12395102531957, 36.034586414231683 ], [ 139.124472971150794, 36.035352532293587 ], [ 139.124323280794783, 36.037412774779796 ], [ 139.124001336992137, 36.038082224714969 ], [ 139.124308558892949, 36.03901472095265 ], [ 139.124163280611015, 36.039821667336128 ], [ 139.121162438096121, 36.042558612789776 ], [ 139.118542996262363, 36.042651386852071 ], [ 139.118695499697651, 36.043896919107567 ], [ 139.119286886680584, 36.044816081097338 ], [ 139.118901089213978, 36.046613585748446 ], [ 139.119258300829983, 36.047440802850815 ], [ 139.11824108935491, 36.047952197835741 ], [ 139.11714442277696, 36.049522198290845 ], [ 139.116412192069106, 36.05256163970796 ], [ 139.115344448587507, 36.053438000263554 ], [ 139.115293332921055, 36.055729107712182 ], [ 139.112773332723236, 36.057730774655568 ], [ 139.111773605867256, 36.057750225192763 ], [ 139.107847496764634, 36.059870466848622 ], [ 139.105392218076418, 36.060013801695618 ], [ 139.100757471080442, 36.059051026183965 ], [ 139.096030244999838, 36.05750933278955 ], [ 139.091802192117484, 36.063188467873545 ], [ 139.087815252871678, 36.064648197956046 ], [ 139.086974136747131, 36.066081505057468 ], [ 139.086258611845551, 36.068443170615865 ], [ 139.085053579659075, 36.066668720984751 ], [ 139.084103022336649, 36.065939000284686 ], [ 139.080289974202969, 36.065518972822417 ], [ 139.07958413679853, 36.064961748386054 ], [ 139.075198275380217, 36.063768135790895 ], [ 139.073938559916655, 36.062797865329287 ], [ 139.071801607957923, 36.062291440897354 ], [ 139.070471893762942, 36.062319224552596 ], [ 139.070074941105759, 36.063500612663177 ], [ 139.069391050756508, 36.063716440961059 ], [ 139.06648907880799, 36.062225865031678 ], [ 139.06557408607523, 36.062184748027732 ], [ 139.064288807382582, 36.06110086531271 ], [ 139.06062686064115, 36.060234441366447 ], [ 139.058169339043843, 36.058983333314245 ], [ 139.057614332335675, 36.05994944081408 ], [ 139.05652211380459, 36.060058333425388 ], [ 139.055962114060435, 36.060610531550822 ], [ 139.05491766481839, 36.060540801716684 ], [ 139.054470726043292, 36.061681919085345 ], [ 139.054518495332331, 36.062229973134777 ], [ 139.055993799874045, 36.063891666667132 ], [ 139.056208521106441, 36.065744171156609 ], [ 139.055437133916712, 36.06675944099544 ], [ 139.055526304395471, 36.068240000275864 ], [ 139.055048806657169, 36.069873613376615 ], [ 139.055392166015736, 36.071006108045481 ], [ 139.055110778039989, 36.071792504920211 ], [ 139.055286056806153, 36.072722504639955 ], [ 139.053124669368117, 36.072491919366655 ], [ 139.050916886804998, 36.073830251764775 ], [ 139.048380466785147, 36.073724693839608 ], [ 139.046726589260743, 36.074733027207515 ], [ 139.045105745633691, 36.07466827871815 ], [ 139.04412880759844, 36.074423279111102 ], [ 139.041700194708255, 36.072496333239258 ], [ 139.040866861316658, 36.072164666865945 ], [ 139.040221854954666, 36.070672693390122 ], [ 139.035202943661034, 36.070017413173105 ], [ 139.034390998845538, 36.070724918820019 ], [ 139.033463501939082, 36.070882694081092 ], [ 139.030815447275131, 36.072486838197051 ], [ 139.030418780602304, 36.073573224624681 ], [ 139.028415162130045, 36.07386350509671 ], [ 139.025269883098645, 36.075343225309666 ], [ 139.023128780768729, 36.075739332604144 ], [ 139.021467393005878, 36.076877108092106 ], [ 139.02123128409653, 36.077514891998703 ], [ 139.020085447085762, 36.07778377490132 ], [ 139.018835720392303, 36.08044350456413 ], [ 139.018193216843542, 36.081018505000031 ], [ 139.018310168279754, 36.082169639917026 ], [ 139.016206278097343, 36.082854640029666 ], [ 139.015443501916138, 36.08436880067967 ], [ 139.014580441434305, 36.085009919272409 ], [ 139.011774305739664, 36.08518602721341 ], [ 139.0107379117253, 36.085668802173529 ], [ 139.007781529893805, 36.085942694299945 ], [ 139.004788755196955, 36.085220467650515 ], [ 139.004277082321551, 36.085900197736009 ], [ 139.003900143177134, 36.087936865394056 ], [ 139.004630972741211, 36.090048801810781 ], [ 139.004355422265007, 36.090942441040852 ], [ 139.005794863642109, 36.092742441310691 ], [ 139.006779882985256, 36.095234387157291 ], [ 139.007427950639453, 36.095777720665353 ], [ 139.007760725876892, 36.097460505098297 ], [ 139.006522387298446, 36.098258837775177 ], [ 139.005374890139137, 36.098437442234228 ], [ 139.003929611262606, 36.097536612924387 ], [ 138.996988470141901, 36.097096892107913 ], [ 138.995570143047757, 36.095949667443222 ], [ 138.993340116653144, 36.095343837348253 ], [ 138.992720660929876, 36.094724666710079 ], [ 138.991613722295483, 36.095879387223988 ], [ 138.989460660780878, 36.097091918857018 ], [ 138.989468444413205, 36.097546360676063 ], [ 138.990359559246372, 36.098387748395908 ], [ 138.990352606587635, 36.098791359633594 ], [ 138.988234552982249, 36.100448865023168 ], [ 138.986923721852349, 36.103919441429127 ], [ 138.985606783426419, 36.105948892027811 ], [ 138.98288204896744, 36.10814305435855 ], [ 138.980470659893058, 36.10909083817171 ], [ 138.977008716079467, 36.109758639649556 ], [ 138.976367886169101, 36.111467532300821 ], [ 138.976806498121505, 36.111940585589593 ], [ 138.976966498305273, 36.11282419827819 ], [ 138.976166225790735, 36.113991413972656 ], [ 138.976694553211132, 36.116625864592038 ] ] ] } },
{ "type": "Feature", "properties": { "regioncode": "1120800", "regionname": "埼玉県所沢市", "name": "所沢市", "namekana": "ところざわし", "PrefCode": "11" }, "geometry": { "type": "Polygon", "coordinates": [ [ [ 139.476054135989671, 35.839925667135901 ], [ 139.474852477160198, 35.839297612994471 ], [ 139.478308833485926, 35.834946224388773 ], [ 139.473986329305717, 35.832784837850056 ], [ 139.471299974314434, 35.837844558579548 ], [ 139.466305499399368, 35.837824838245751 ], [ 139.465954669372536, 35.836604837743096 ], [ 139.463373306632889, 35.843601225116515 ], [ 139.458908002702174, 35.839817054213711 ], [ 139.453527133170724, 35.835957892442821 ], [ 139.454055745676214, 35.834328442303843 ], [ 139.449539882759495, 35.832445108155241 ], [ 139.448977107707378, 35.834614558914836 ], [ 139.44877185633618, 35.837845667443673 ], [ 139.448383800671877, 35.838494279187671 ], [ 139.448651284229413, 35.834618999767088 ], [ 139.449794033867647, 35.830570694382118 ], [ 139.444644577885015, 35.827980135175153 ], [ 139.437810078372536, 35.823994865071029 ], [ 139.441171751375236, 35.820268468415122 ], [ 139.440937834113811, 35.820097081914867 ], [ 139.43845202344221, 35.82100458599291 ], [ 139.432761166594673, 35.821589585990637 ], [ 139.432523384946307, 35.819035414252994 ], [ 139.431297562232771, 35.819056532133288 ], [ 139.431254747308799, 35.817968775138922 ], [ 139.429179755041673, 35.818102080746485 ], [ 139.429143358579154, 35.817706837700428 ], [ 139.428784189139037, 35.817706837700428 ], [ 139.428573916852883, 35.818926251845085 ], [ 139.424551970597008, 35.819027081134948 ], [ 139.424652555271223, 35.820694864876145 ], [ 139.418447496654721, 35.817029053747888 ], [ 139.417826666767269, 35.816065720656525 ], [ 139.418630558153836, 35.815523225316667 ], [ 139.418236939283361, 35.814956837687987 ], [ 139.417565837293637, 35.814820171313897 ], [ 139.416894449319443, 35.815089054216514 ], [ 139.414825524778166, 35.813454612840189 ], [ 139.414530245874175, 35.813727945588255 ], [ 139.414111362349558, 35.813390440816249 ], [ 139.413739416241128, 35.813937107211757 ], [ 139.410156912911248, 35.812162386884722 ], [ 139.409742192348403, 35.812495440911903 ], [ 139.409025525307811, 35.811903775139172 ], [ 139.408636355383578, 35.812237107956207 ], [ 139.40834136156468, 35.81202766664353 ], [ 139.408576641298964, 35.811737108280965 ], [ 139.406259104574133, 35.810823505000826 ], [ 139.403772996226849, 35.810823505000826 ], [ 139.401081607730021, 35.809206280245689 ], [ 139.400210220425379, 35.809336279046079 ], [ 139.400197717150945, 35.80888655866778 ], [ 139.399820507310665, 35.808759613065718 ], [ 139.399652165015482, 35.809356558758225 ], [ 139.398095227213048, 35.8093521080134 ], [ 139.39825522739693, 35.809079054055132 ], [ 139.397629104999282, 35.808817945791645 ], [ 139.39655994778343, 35.809225999680166 ], [ 139.39420963706516, 35.80775989160577 ], [ 139.392211855193068, 35.807657946257279 ], [ 139.39179130972127, 35.806867667009271 ], [ 139.390463528169334, 35.806979891608762 ], [ 139.389356588635678, 35.806395441096754 ], [ 139.388011582368676, 35.807751278798548 ], [ 139.386435473718166, 35.806817108023154 ], [ 139.386427134304881, 35.807266838294026 ], [ 139.387273256056005, 35.807838774739707 ], [ 139.387176303743445, 35.808036559040033 ], [ 139.3858379767413, 35.807452107628706 ], [ 139.384704086324632, 35.806001838414147 ], [ 139.385234358079174, 35.805556279198981 ], [ 139.385941309743657, 35.805850441144969 ], [ 139.386878222552014, 35.804729893070146 ], [ 139.386722387128543, 35.804359892195293 ], [ 139.38766596571179, 35.801625440561679 ], [ 139.388314035164626, 35.801373224794531 ], [ 139.389254034446253, 35.799776559440716 ], [ 139.389923192101719, 35.799515999763628 ], [ 139.388757328088332, 35.798281585826601 ], [ 139.388147030161349, 35.796486585787363 ], [ 139.387893671355869, 35.793721585982439 ], [ 139.388735615756104, 35.793684080655851 ], [ 139.38864367086876, 35.792116585711938 ], [ 139.386781166817514, 35.791834359568099 ], [ 139.386685031988691, 35.790107973304373 ], [ 139.385863333126395, 35.788273558677815 ], [ 139.385922503121037, 35.786617440942223 ], [ 139.387699689389251, 35.784756332638665 ], [ 139.387741919753807, 35.784112999915067 ], [ 139.388412476754411, 35.78335355931938 ], [ 139.391062191566903, 35.783539387133089 ], [ 139.392853580828159, 35.783223000241321 ], [ 139.394095253193427, 35.782529667010579 ], [ 139.395124422953813, 35.782468280187061 ], [ 139.395461088658408, 35.781892170887033 ], [ 139.395689104568532, 35.778286892226333 ], [ 139.394446031059601, 35.775959414395516 ], [ 139.392718781446661, 35.774565801570532 ], [ 139.391075187669799, 35.775492197706797 ], [ 139.387983216852035, 35.774494413386549 ], [ 139.386943501641326, 35.774582467806681 ], [ 139.386166836330517, 35.775306081210715 ], [ 139.383845421728893, 35.774042747774615 ], [ 139.381479300029696, 35.774270802355716 ], [ 139.380341218772287, 35.773305252435478 ], [ 139.380014552629518, 35.77198774833596 ], [ 139.379185109705077, 35.77144246779568 ], [ 139.378954527129736, 35.770889134725849 ], [ 139.379693411022117, 35.767208586407207 ], [ 139.380110636196946, 35.766514135319142 ], [ 139.381303695709107, 35.765840532314769 ], [ 139.382074253723886, 35.765984973327932 ], [ 139.385068974553633, 35.765228585930572 ], [ 139.389601504605821, 35.767135801576046 ], [ 139.391661219189928, 35.767408585737712 ], [ 139.391816497933064, 35.766831360379058 ], [ 139.390458144827562, 35.763995531768444 ], [ 139.391014811684272, 35.763503865211248 ], [ 139.392152049377614, 35.763285251713057 ], [ 139.39591121912747, 35.76424441374877 ], [ 139.398241803216706, 35.764298026832535 ], [ 139.39883041489179, 35.76496608101985 ], [ 139.39898014301923, 35.765899134837241 ], [ 139.399987366623691, 35.766768027422586 ], [ 139.400474332424551, 35.768034414057013 ], [ 139.401506835971759, 35.768553027000621 ], [ 139.403097950709935, 35.768432748072939 ], [ 139.404590441295909, 35.76914358570798 ], [ 139.407344357855891, 35.768465531958782 ], [ 139.409509079080749, 35.768689413685536 ], [ 139.411983527717666, 35.76794025234085 ], [ 139.412861025016355, 35.768089973273675 ], [ 139.413682696899059, 35.767167197807964 ], [ 139.415442698022161, 35.766926918742342 ], [ 139.416031309697246, 35.766231919067877 ], [ 139.41956075212704, 35.76590497323599 ], [ 139.4204952268733, 35.766226080669128 ], [ 139.422212438253496, 35.767803026588467 ], [ 139.423352166169593, 35.767193585715461 ], [ 139.424949663396319, 35.767260251559435 ], [ 139.427622996204377, 35.766445802132125 ], [ 139.429169416435457, 35.766974973116589 ], [ 139.431805252910181, 35.766354693614289 ], [ 139.43251136190986, 35.766504413647851 ], [ 139.433220246217502, 35.767345531571095 ], [ 139.436408859980929, 35.767206359685815 ], [ 139.438269728165437, 35.767955531822395 ], [ 139.438479727957088, 35.768541081305898 ], [ 139.437955279312746, 35.769075532210081 ], [ 139.438655836797466, 35.769588586444172 ], [ 139.439629727929628, 35.769161081119023 ], [ 139.440000271995018, 35.767607468110214 ], [ 139.440883333399142, 35.766928586085442 ], [ 139.444968340116816, 35.766659972979426 ], [ 139.446502528668816, 35.768089135105527 ], [ 139.449977250050097, 35.76872746759858 ], [ 139.451020310738841, 35.769326080634187 ], [ 139.453191971132583, 35.768504135357603 ], [ 139.453796693262802, 35.769353865188805 ], [ 139.455043113149259, 35.769599693970747 ], [ 139.456753112865954, 35.769698026742617 ], [ 139.458058391581517, 35.769308026744113 ], [ 139.458662826828004, 35.769863865325192 ], [ 139.459195914360066, 35.772156640116918 ], [ 139.459639805332813, 35.772504134558233 ], [ 139.46079036288495, 35.772573585602572 ], [ 139.461338417833758, 35.77343494636574 ], [ 139.462504527362057, 35.77345661193317 ], [ 139.46332313885182, 35.772879386574459 ], [ 139.464669273767981, 35.773718838053981 ], [ 139.469846498117477, 35.774206613244644 ], [ 139.471155109720598, 35.773403837916817 ], [ 139.472258716366696, 35.774326332794089 ], [ 139.474072632745902, 35.774657721276867 ], [ 139.473970973381824, 35.775683837838869 ], [ 139.474510973102952, 35.775341613424757 ], [ 139.476714034225324, 35.775331891753467 ], [ 139.476944305635243, 35.775743558218664 ], [ 139.476311530053181, 35.776349387414371 ], [ 139.475637081686045, 35.776167720763738 ], [ 139.475348196961818, 35.776846613580403 ], [ 139.476412917822017, 35.777274108113659 ], [ 139.476928495553693, 35.777886891766684 ], [ 139.478420998730144, 35.778357170646984 ], [ 139.479403216685114, 35.779413838078199 ], [ 139.479499338923461, 35.779937441359891 ], [ 139.482230751747807, 35.780657441287929 ], [ 139.482519637371411, 35.781089945044982 ], [ 139.482771024862927, 35.78068938700568 ], [ 139.485487690604486, 35.780705224966198 ], [ 139.488578807066347, 35.77938772086668 ], [ 139.489697133815753, 35.78007689203497 ], [ 139.489611582208795, 35.779606891944582 ], [ 139.488958806603705, 35.779467720958621 ], [ 139.48957936399654, 35.779147171105137 ], [ 139.490082412373454, 35.77936077537953 ], [ 139.48973992176002, 35.780456333093355 ], [ 139.490071581838151, 35.780825225104081 ], [ 139.490809662635911, 35.780606054026237 ], [ 139.491055745926019, 35.780007720679805 ], [ 139.491473256185941, 35.780296054119674 ], [ 139.493751050970332, 35.779580504936405 ], [ 139.493419389992937, 35.7804571352886 ], [ 139.493494111963741, 35.781700198005808 ], [ 139.495762437786311, 35.781668252288057 ], [ 139.496054112207617, 35.781436026651363 ], [ 139.49635383915836, 35.779221027028825 ], [ 139.49692272420441, 35.778726333353632 ], [ 139.498031335577707, 35.781207694179784 ], [ 139.498549104957306, 35.781327694317667 ], [ 139.499380531786187, 35.782172694614189 ], [ 139.500387197811051, 35.782157972712298 ], [ 139.504500246289354, 35.783148801675907 ], [ 139.505098585931023, 35.782842972824994 ], [ 139.506703022326633, 35.78277019788635 ], [ 139.507767781857751, 35.783542414251087 ], [ 139.508462502742418, 35.784658532265496 ], [ 139.512561413878188, 35.785357972792269 ], [ 139.513145031618023, 35.786013801595743 ], [ 139.513538637897909, 35.787704080978585 ], [ 139.514039753631778, 35.788500721131413 ], [ 139.516840336912082, 35.788952667331785 ], [ 139.520282825691879, 35.788369612567635 ], [ 139.521175615961965, 35.788457945777623 ], [ 139.522558391956295, 35.789229612656527 ], [ 139.523720921283598, 35.790326000444622 ], [ 139.523020920479212, 35.791214613363763 ], [ 139.523108418218953, 35.791709891598259 ], [ 139.52551508405395, 35.791884891574512 ], [ 139.525938144929455, 35.792511558961337 ], [ 139.527688444166415, 35.792904891847343 ], [ 139.529263721843336, 35.794128775622539 ], [ 139.531766808491511, 35.796835171106295 ], [ 139.534088494688376, 35.800606532065842 ], [ 139.536859921947894, 35.803943467417128 ], [ 139.541695226753404, 35.807306802367066 ], [ 139.54292632938666, 35.809110972793235 ], [ 139.544753306619896, 35.810478170731074 ], [ 139.545552476565604, 35.81224122505256 ], [ 139.545541361844471, 35.812568440681048 ], [ 139.544241673314673, 35.813378171365571 ], [ 139.543931388323017, 35.814748170691587 ], [ 139.543180271852179, 35.814724279302084 ], [ 139.542023606104635, 35.815272053662397 ], [ 139.541315279376704, 35.816555666810643 ], [ 139.541374720966701, 35.817425107982388 ], [ 139.542018884663889, 35.817889559255832 ], [ 139.542010557841081, 35.818439000059868 ], [ 139.541100558144308, 35.818580666664502 ], [ 139.540027223577567, 35.819771504851133 ], [ 139.537421089012128, 35.81581538717046 ], [ 139.536681634050183, 35.81682789159396 ], [ 139.536133022421154, 35.816863440895133 ], [ 139.535572776262711, 35.818209278135726 ], [ 139.534809417320844, 35.817423440639345 ], [ 139.534308585772692, 35.817447332928111 ], [ 139.534105811134395, 35.817971224892176 ], [ 139.53448749690051, 35.81832844100478 ], [ 139.534544720762369, 35.819179559389227 ], [ 139.53395999955444, 35.820135107948943 ], [ 139.533375550841015, 35.82004289236562 ], [ 139.532850025708171, 35.82359955997174 ], [ 139.532266420558926, 35.825012613441402 ], [ 139.52903722398878, 35.824134559462379 ], [ 139.522239974395347, 35.821212612672014 ], [ 139.520606083404118, 35.822079559124404 ], [ 139.517006328379466, 35.819503999709866 ], [ 139.515520506266398, 35.817721225054527 ], [ 139.515146614924447, 35.817811775093389 ], [ 139.513014915905728, 35.816702053956703 ], [ 139.507924358322498, 35.815150973438733 ], [ 139.503163217008932, 35.814309306029713 ], [ 139.50230849504112, 35.815874585943448 ], [ 139.497262697615497, 35.822092612783877 ], [ 139.489526886756494, 35.830844838318683 ], [ 139.489786328576315, 35.830951225418744 ], [ 139.487848028763551, 35.832660946345641 ], [ 139.487681634400019, 35.833830946341152 ], [ 139.482446667279987, 35.838729837711867 ], [ 139.479958859214094, 35.835061774681208 ], [ 139.476054135989671, 35.839925667135901 ] ] ] } },
{ "type": "Feature", "properties": { "regioncode": "1120900", "regionname": "埼玉県飯能市", "name": "飯能市", "namekana": "はんのうし", "PrefCode": "11" }, "geometry": { "type": "Polygon", "coordinates": [ [ [ 139.212927004177914, 35.956444170562065 ], [ 139.209369779891517, 35.958694170899321 ], [ 139.20782922234082, 35.960091387307727 ], [ 139.201719222064526, 35.962702468144414 ], [ 139.201819248259767, 35.964333865315666 ], [ 139.201166472654677, 35.966264135081815 ], [ 139.199297587913406, 35.966685250723799 ], [ 139.198391752077782, 35.966520801593788 ], [ 139.195930920975343, 35.966832198147472 ], [ 139.193475642287126, 35.967958586419684 ], [ 139.192770362462284, 35.967929135421286 ], [ 139.190564228356493, 35.966872198193471 ], [ 139.187471440054992, 35.967353865188784 ], [ 139.18611338462506, 35.967101359839944 ], [ 139.183838392128109, 35.968720504647649 ], [ 139.182662283037985, 35.968162720832936 ], [ 139.180786719031971, 35.968174387737861 ], [ 139.178614772653646, 35.969734667420994 ], [ 139.177346446181559, 35.968290775299067 ], [ 139.177481439816688, 35.96758633274311 ], [ 139.176966134579516, 35.966980224757606 ], [ 139.176616694005247, 35.965758864480051 ], [ 139.176653645349461, 35.964969414406994 ], [ 139.17779418895077, 35.963535252050292 ], [ 139.177260855903796, 35.962391918752076 ], [ 139.176371698894854, 35.96140053220887 ], [ 139.174773916583035, 35.960915802122599 ], [ 139.174289441904307, 35.959477198014326 ], [ 139.172333060322558, 35.959600531939031 ], [ 139.170072502843823, 35.95561469436268 ], [ 139.168678300962938, 35.95431525224717 ], [ 139.168057471075485, 35.949636108419725 ], [ 139.165376056959531, 35.948886667385864 ], [ 139.163550777646378, 35.948838333322499 ], [ 139.162592165995761, 35.947210838309616 ], [ 139.162551608370109, 35.945896945887398 ], [ 139.16036019526689, 35.945293332621247 ], [ 139.158837419111705, 35.945671386925028 ], [ 139.157279636845828, 35.945496386948776 ], [ 139.156444644205067, 35.945097224657218 ], [ 139.154918521672471, 35.943614999832448 ], [ 139.153879921621183, 35.94414027855106 ], [ 139.152518780617243, 35.943769170610778 ], [ 139.151415448264402, 35.943054721298381 ], [ 139.147998223239483, 35.944266386884294 ], [ 139.147093216578696, 35.943328054046503 ], [ 139.145556277899914, 35.943223053701047 ], [ 139.143807638811495, 35.94206833318708 ], [ 139.143119857095826, 35.940365000144709 ], [ 139.142186808674296, 35.939349440724186 ], [ 139.140657081659015, 35.939202225302495 ], [ 139.139572892275169, 35.938494171069181 ], [ 139.138037612845665, 35.938061667312127 ], [ 139.137001504815657, 35.938149720832996 ], [ 139.133907056365615, 35.937349171327241 ], [ 139.131519532600464, 35.937481108166651 ], [ 139.129543138405211, 35.936493053611571 ], [ 139.126708690253963, 35.936295279203819 ], [ 139.125667003729291, 35.935179720567703 ], [ 139.123531725408839, 35.934679999682317 ], [ 139.120122554712225, 35.932976946329063 ], [ 139.119339754226303, 35.932196946332056 ], [ 139.116973916712936, 35.930856108422745 ], [ 139.11297167280452, 35.930551640246051 ], [ 139.109943332618741, 35.929468306117485 ], [ 139.10776749667275, 35.929181080642422 ], [ 139.105325252758234, 35.928075251771531 ], [ 139.102753021734657, 35.927391080833786 ], [ 139.102970219699955, 35.925283586168632 ], [ 139.104163838590352, 35.924495252154202 ], [ 139.104528832939309, 35.923508305563928 ], [ 139.10614800292808, 35.922515802062662 ], [ 139.107959105328518, 35.922140801856585 ], [ 139.109966615167195, 35.920513027154527 ], [ 139.111409143916944, 35.920261666642659 ], [ 139.11267664121408, 35.919525838646564 ], [ 139.112781894269119, 35.917581386571783 ], [ 139.113876614714059, 35.915836666728865 ], [ 139.113613839107416, 35.91367138702492 ], [ 139.112729363969038, 35.911144721052096 ], [ 139.112755745581239, 35.909599171364732 ], [ 139.111963255799651, 35.907836386839847 ], [ 139.113745472875394, 35.905307774734069 ], [ 139.118496304360974, 35.90240444121207 ], [ 139.119556549295339, 35.89901750535364 ], [ 139.120559053257807, 35.897204748200636 ], [ 139.1208090530954, 35.895363639920106 ], [ 139.119832387554652, 35.893353611979649 ], [ 139.11901791204707, 35.892628892409505 ], [ 139.118426808350591, 35.889721666621654 ], [ 139.117319000971179, 35.888169441266768 ], [ 139.114424811755725, 35.884789440979944 ], [ 139.111806199996181, 35.883370837793962 ], [ 139.110656161352836, 35.882324440620494 ], [ 139.110858949480985, 35.88012472137882 ], [ 139.110435887706103, 35.879124721129017 ], [ 139.11099450069571, 35.878142504972686 ], [ 139.110975888326607, 35.877259171073945 ], [ 139.110380583896927, 35.87631110757161 ], [ 139.109155862852845, 35.875298613040627 ], [ 139.109076913169019, 35.874318468022921 ], [ 139.108389441719396, 35.873637387155725 ], [ 139.108115939898767, 35.872732694358433 ], [ 139.106067029769633, 35.871105640912674 ], [ 139.105430051655617, 35.871009224596094 ], [ 139.103622827131858, 35.869151747754984 ], [ 139.100281920374414, 35.867188748062347 ], [ 139.10125438428247, 35.865772748413633 ], [ 139.102677470588901, 35.866579135418817 ], [ 139.105348859062701, 35.866297197957351 ], [ 139.106982191574957, 35.865753028079837 ], [ 139.109668858631039, 35.865707225608048 ], [ 139.111734163401024, 35.864680278971775 ], [ 139.114446393686194, 35.865368891661092 ], [ 139.115771673324161, 35.864465000159669 ], [ 139.117353605984249, 35.864588612874229 ], [ 139.119269753696244, 35.864291108148166 ], [ 139.121822802180645, 35.864929197824267 ], [ 139.126083942919649, 35.865036693788454 ], [ 139.127415330753024, 35.865638081232532 ], [ 139.129196718653702, 35.865560865441637 ], [ 139.131237561864054, 35.864468360026819 ], [ 139.131887833756537, 35.864429225128674 ], [ 139.135360635984625, 35.865387000409783 ], [ 139.141759804271601, 35.863263108405761 ], [ 139.143073695794442, 35.863388107874925 ], [ 139.144360947599694, 35.862857306419585 ], [ 139.1476470559669, 35.862682306443332 ], [ 139.153299000948209, 35.859324801798209 ], [ 139.159400660911842, 35.857065108567951 ], [ 139.160002335239597, 35.855639837808326 ], [ 139.161143994000213, 35.854428720808869 ], [ 139.162153994711161, 35.852107891665923 ], [ 139.163247055906936, 35.850970387773202 ], [ 139.166166783170524, 35.849967613114927 ], [ 139.16909316541728, 35.849984559040195 ], [ 139.171112891646658, 35.848610386859946 ], [ 139.173209000894758, 35.848650135095738 ], [ 139.174357613213374, 35.8483120808379 ], [ 139.175443721750412, 35.847202080911359 ], [ 139.177532891829514, 35.846498197733695 ], [ 139.180258715367472, 35.844892639883483 ], [ 139.181072892300222, 35.844765134903128 ], [ 139.181831218635921, 35.843787080809193 ], [ 139.183628172002614, 35.843574586298189 ], [ 139.184158171262652, 35.842791531304158 ], [ 139.186762049429149, 35.842915694403814 ], [ 139.187477613001533, 35.842228748158277 ], [ 139.188839273813528, 35.841868198258794 ], [ 139.189277055691605, 35.841370972992081 ], [ 139.192441503772443, 35.840271531106339 ], [ 139.195809559263807, 35.840046000022937 ], [ 139.196815110129251, 35.840248225175515 ], [ 139.198245965678893, 35.841102108075859 ], [ 139.203137911585372, 35.841199054093124 ], [ 139.203697367239783, 35.841490721319758 ], [ 139.204802385821495, 35.843027945982953 ], [ 139.204942671067442, 35.844663224628164 ], [ 139.206326278035363, 35.845907387216187 ], [ 139.207605720127958, 35.846436837889826 ], [ 139.209868222840328, 35.84618322457618 ], [ 139.212649362777938, 35.846611278487785 ], [ 139.212877690752862, 35.845895721210638 ], [ 139.21368654999435, 35.84553127904536 ], [ 139.21492158176568, 35.84577961333855 ], [ 139.215838494550894, 35.844307108386374 ], [ 139.217547108412418, 35.843530999755899 ], [ 139.218218780572329, 35.842744612773686 ], [ 139.219332671865345, 35.84252099994427 ], [ 139.220180441174534, 35.841295170935439 ], [ 139.221981555704247, 35.840696279110034 ], [ 139.224547108362458, 35.840499054188058 ], [ 139.227654331682174, 35.839124613110471 ], [ 139.228039882734492, 35.838328775152888 ], [ 139.230048222647383, 35.836905170837042 ], [ 139.231272387011131, 35.836640441003624 ], [ 139.232810725934314, 35.836747386582658 ], [ 139.234231829235569, 35.838132666289596 ], [ 139.234897664795426, 35.837868504827668 ], [ 139.235360999110867, 35.838048774831123 ], [ 139.237023502932402, 35.840153225291147 ], [ 139.239037691136559, 35.840524891710459 ], [ 139.241234358079282, 35.840037666904834 ], [ 139.241711557242638, 35.838195440767038 ], [ 139.242779882585523, 35.836600440957625 ], [ 139.24681016915406, 35.836892947251783 ], [ 139.24837961113019, 35.837574892367456 ], [ 139.251134357764499, 35.83755571972074 ], [ 139.252255473311493, 35.838249053850802 ], [ 139.256416303669539, 35.837769332988387 ], [ 139.256694642943444, 35.837065440817469 ], [ 139.258804643119902, 35.837271558235898 ], [ 139.258885188200907, 35.836389333201225 ], [ 139.260426304230577, 35.835991558563649 ], [ 139.263115188115535, 35.837310721013012 ], [ 139.265548249052472, 35.837514332920193 ], [ 139.266639921695059, 35.838208775015005 ], [ 139.268240467623514, 35.838241838590022 ], [ 139.271522438210013, 35.839681838446154 ], [ 139.276297716866225, 35.839395999725639 ], [ 139.278408559707373, 35.839599892221315 ], [ 139.279920220242047, 35.839246000002959 ], [ 139.280328832609598, 35.840680171352858 ], [ 139.281169390255172, 35.840355440551207 ], [ 139.28167910530658, 35.839763504981818 ], [ 139.282884384806607, 35.837168504922602 ], [ 139.284940505699865, 35.836007667220144 ], [ 139.286563838650295, 35.837071279216218 ], [ 139.290910505815305, 35.837957107834313 ], [ 139.292403280586996, 35.837002385751532 ], [ 139.295604384135117, 35.833845441613903 ], [ 139.295961335846982, 35.834029333187232 ], [ 139.29661549910611, 35.835446278922689 ], [ 139.297924111608495, 35.835403775164139 ], [ 139.299745498655852, 35.834779053910268 ], [ 139.300152165789882, 35.835168775118916 ], [ 139.301378002892534, 35.834853224596714 ], [ 139.302077172723443, 35.834022108033935 ], [ 139.301387173279522, 35.833940170802293 ], [ 139.301231050072943, 35.832765170576238 ], [ 139.301756328791612, 35.831087387273158 ], [ 139.301172970056541, 35.829692946172599 ], [ 139.302052970168461, 35.828555170684638 ], [ 139.302052970168461, 35.827228224602948 ], [ 139.302691310755449, 35.826013774715989 ], [ 139.302439882794374, 35.824205999807077 ], [ 139.303618494697844, 35.824308775229838 ], [ 139.304864616908617, 35.823868225238471 ], [ 139.304766550336126, 35.822397667318569 ], [ 139.307007392876926, 35.823123775441957 ], [ 139.311604085959857, 35.825332108390114 ], [ 139.314921581565841, 35.82524489123881 ], [ 139.315241856226748, 35.824986559182435 ], [ 139.315147420217386, 35.824531279195241 ], [ 139.316192140155181, 35.823588224916705 ], [ 139.315949922151276, 35.822457947076657 ], [ 139.316500998822107, 35.820900171106075 ], [ 139.316496834961072, 35.819359054177085 ], [ 139.316106004888297, 35.818765999851053 ], [ 139.317174889609532, 35.819042667285316 ], [ 139.318988780807672, 35.820411000167553 ], [ 139.319547133893138, 35.821333224348905 ], [ 139.320759921832973, 35.822003224669118 ], [ 139.321425188122021, 35.82279322512727 ], [ 139.32375717335492, 35.823671252126644 ], [ 139.326339105365491, 35.826430694121314 ], [ 139.329197197592634, 35.825850694354131 ], [ 139.330140531560346, 35.826511802178004 ], [ 139.3317580288101, 35.82626208113021 ], [ 139.3328130217036, 35.825766532199737 ], [ 139.334906056169643, 35.822762080705502 ], [ 139.336311361979824, 35.822842080797443 ], [ 139.337713554337142, 35.82200346748607 ], [ 139.338352750179297, 35.822389864800471 ], [ 139.339283579973312, 35.82489069325095 ], [ 139.338153022444089, 35.826456532542977 ], [ 139.338446667279982, 35.828342359612236 ], [ 139.339371673064306, 35.828404305814104 ], [ 139.340916938565897, 35.827736251626789 ], [ 139.342434163206121, 35.827979306000202 ], [ 139.344719999728227, 35.827245972723517 ], [ 139.345410271666765, 35.827386802059323 ], [ 139.345347522370275, 35.828572640015352 ], [ 139.345878637688998, 35.829067080081757 ], [ 139.345569753841119, 35.829726251665249 ], [ 139.346118912258021, 35.832399587171267 ], [ 139.345241996820732, 35.833984278951391 ], [ 139.344697004063505, 35.839111775288245 ], [ 139.345385913529185, 35.841287053654639 ], [ 139.34549955905743, 35.845726775470382 ], [ 139.345131776810149, 35.846323720263513 ], [ 139.345285382814268, 35.847165386773213 ], [ 139.344723450426955, 35.849988999892503 ], [ 139.346730700361604, 35.851151504938059 ], [ 139.346677366067638, 35.852088441128728 ], [ 139.35176014361582, 35.852583721161864 ], [ 139.350196004941722, 35.859208720905769 ], [ 139.352781829218088, 35.859655108396566 ], [ 139.353508495820506, 35.860682585632901 ], [ 139.358012412143125, 35.861961197651226 ], [ 139.358432697710896, 35.861209802390533 ], [ 139.359744643100839, 35.861607586021307 ], [ 139.360888806473326, 35.859379532739297 ], [ 139.364687977168501, 35.860626747626327 ], [ 139.365101310077421, 35.859210640059018 ], [ 139.373656057081462, 35.865625640011331 ], [ 139.373761362297046, 35.865916747859671 ], [ 139.372901088814274, 35.866825359902464 ], [ 139.374715253406293, 35.868361197811055 ], [ 139.373713864603246, 35.870265918737232 ], [ 139.372608858612011, 35.871203971885848 ], [ 139.371308586422174, 35.870518414193498 ], [ 139.370044695406477, 35.870605359749618 ], [ 139.368189974088068, 35.871130081787896 ], [ 139.364528716227369, 35.872993027406324 ], [ 139.370071750610919, 35.878408667426129 ], [ 139.367828884595383, 35.881127837779559 ], [ 139.36837613465093, 35.88155283759346 ], [ 139.367822244001445, 35.881723108035033 ], [ 139.367641698805414, 35.882235333094172 ], [ 139.367857250112024, 35.882514774936965 ], [ 139.366631969689706, 35.884088387069482 ], [ 139.365286692726727, 35.884495892371604 ], [ 139.362563605825812, 35.880269801809959 ], [ 139.360221114712772, 35.879396198575762 ], [ 139.358039973665882, 35.877973414441556 ], [ 139.355160532432706, 35.877262864589568 ], [ 139.354128028885498, 35.877280639689843 ], [ 139.349792192255904, 35.880282027193857 ], [ 139.346182749734226, 35.880591197925469 ], [ 139.3441305318986, 35.879919800958078 ], [ 139.342177197219939, 35.879881747944353 ], [ 139.340020506041583, 35.879368414021144 ], [ 139.338171607833488, 35.877860359767851 ], [ 139.33822411205324, 35.879140639129218 ], [ 139.336313838712726, 35.878942864721466 ], [ 139.335437444882245, 35.878290919190647 ], [ 139.334924941932627, 35.878308413702371 ], [ 139.33100771723241, 35.880895360332659 ], [ 139.330447173398397, 35.881601198636474 ], [ 139.327597172371725, 35.882545640568935 ], [ 139.327363281190514, 35.882098693699788 ], [ 139.326344384385948, 35.881737865010507 ], [ 139.325107716747766, 35.880040640163486 ], [ 139.323842411997816, 35.879125919025967 ], [ 139.32030491613898, 35.878840080305508 ], [ 139.318398806659616, 35.878085666920072 ], [ 139.317628248644837, 35.876691504609312 ], [ 139.316608223190997, 35.875782054398371 ], [ 139.316025447216703, 35.874190386577141 ], [ 139.316357393279191, 35.873521225324339 ], [ 139.315850440945155, 35.872803999804773 ], [ 139.313635720112416, 35.872897333245362 ], [ 139.312236005387376, 35.871953721387172 ], [ 139.31107488979444, 35.873053720852567 ], [ 139.31020128386217, 35.873123721382683 ], [ 139.309747082162176, 35.872594000013123 ], [ 139.308970998712653, 35.873526775040659 ], [ 139.308190441136048, 35.873678171410518 ], [ 139.307584306170838, 35.873357332874662 ], [ 139.306896808640886, 35.871713721111405 ], [ 139.305334034238399, 35.871648999601689 ], [ 139.304254864870131, 35.870938170959846 ], [ 139.302942632596455, 35.871007613010988 ], [ 139.302045966248443, 35.870533171168972 ], [ 139.300273191154929, 35.870958440779475 ], [ 139.297610661003318, 35.869652892267197 ], [ 139.296069830958004, 35.868490666910816 ], [ 139.295109000679872, 35.869020107691881 ], [ 139.291004838402614, 35.868211531736847 ], [ 139.288964837857066, 35.871887891912706 ], [ 139.282348443725709, 35.869927920237387 ], [ 139.280817055662624, 35.871526252034982 ], [ 139.281419559165442, 35.87315874817773 ], [ 139.280661505324247, 35.873199586391877 ], [ 139.278743450150159, 35.872482639662167 ], [ 139.277572606590638, 35.872679027315314 ], [ 139.275405940132146, 35.874548467837599 ], [ 139.276509559368719, 35.875902639994877 ], [ 139.276178170885942, 35.877412892191273 ], [ 139.276733747764297, 35.878234278988828 ], [ 139.283038495330402, 35.882406775352479 ], [ 139.282199338828491, 35.882832892124327 ], [ 139.281026523955006, 35.882115667504081 ], [ 139.279449856825522, 35.882406504656501 ], [ 139.279097081565169, 35.882746774843838 ], [ 139.279368222665425, 35.884548170861422 ], [ 139.279063501779206, 35.887526774940739 ], [ 139.280491829334551, 35.888394838351189 ], [ 139.279225473277052, 35.890637612635771 ], [ 139.279502698290912, 35.896849278571381 ], [ 139.279136328878508, 35.89785289229718 ], [ 139.278012994704, 35.898373721170344 ], [ 139.277268002616324, 35.899748720726905 ], [ 139.277189390178251, 35.900558721208085 ], [ 139.276502724521151, 35.901063441424753 ], [ 139.276827445430285, 35.902037026787411 ], [ 139.27596105116163, 35.902037026787411 ], [ 139.273854383872731, 35.901190666715934 ], [ 139.270488002919024, 35.901888440798928 ], [ 139.269901608072814, 35.904517026039969 ], [ 139.270488275413641, 35.90584897325158 ], [ 139.270503553995923, 35.90758453170082 ], [ 139.271835524589847, 35.909973694030782 ], [ 139.272025811242315, 35.911138693795749 ], [ 139.273462749806072, 35.912646197663946 ], [ 139.270373306083229, 35.914297585864972 ], [ 139.269445810975412, 35.91502730566566 ], [ 139.269087198215743, 35.915941197628229 ], [ 139.267534694970209, 35.916885919249808 ], [ 139.267002503163098, 35.917995359798056 ], [ 139.267892502836844, 35.919760360252496 ], [ 139.267188339969948, 35.920463694843704 ], [ 139.267027223727496, 35.921371748407523 ], [ 139.26475972797914, 35.92220564027815 ], [ 139.26321416300334, 35.924234532397804 ], [ 139.262408884862225, 35.924068693815229 ], [ 139.262008885301839, 35.923259251813079 ], [ 139.260483332939543, 35.923167306026414 ], [ 139.257652217675741, 35.924033414310657 ], [ 139.257201946013083, 35.924433135081188 ], [ 139.255150272267315, 35.924583693282898 ], [ 139.254641114795731, 35.925009251575773 ], [ 139.254720558207282, 35.923824251787835 ], [ 139.255093332591287, 35.92323564011275 ], [ 139.253845837115705, 35.92270230616657 ], [ 139.253359728368878, 35.922103134651991 ], [ 139.250723605909798, 35.92278869414298 ], [ 139.247657470815739, 35.922983972932059 ], [ 139.247479727907148, 35.923855081446902 ], [ 139.248079727697359, 35.925458694063536 ], [ 139.245311672895468, 35.926690359672421 ], [ 139.242381946070054, 35.92877980224614 ], [ 139.241355005729019, 35.928942278263605 ], [ 139.238801945553405, 35.930117559078155 ], [ 139.236866666563515, 35.93024255944664 ], [ 139.237092218331327, 35.932207278643034 ], [ 139.236635005701032, 35.934462558900009 ], [ 139.235360558443062, 35.934956170690782 ], [ 139.233813646282783, 35.936970054024812 ], [ 139.235040855750981, 35.939979774646929 ], [ 139.231785032053608, 35.941045613364395 ], [ 139.231368366257129, 35.942425332563118 ], [ 139.229840025996509, 35.942873080728134 ], [ 139.228728638415987, 35.943722252080306 ], [ 139.228122802025723, 35.94565280153563 ], [ 139.223626977802837, 35.946165585973063 ], [ 139.221994746960036, 35.945993079816844 ], [ 139.22221780760583, 35.946778640322066 ], [ 139.220564189086076, 35.948778918712208 ], [ 139.219435031801368, 35.949160585592608 ], [ 139.218138910882089, 35.949160585592608 ], [ 139.216931167239636, 35.951941972843827 ], [ 139.214809493863072, 35.952733639745702 ], [ 139.214336445970275, 35.953667504751593 ], [ 139.212935331000836, 35.954597775167258 ], [ 139.212509493918105, 35.955373333412638 ], [ 139.212927004177914, 35.956444170562065 ] ] ] } },
{ "type": "Feature", "properties": { "regioncode": "1121000", "regionname": "埼玉県加須市", "name": "加須市", "namekana": "かぞし", "PrefCode": "11" }, "geometry": { "type": "Polygon", "coordinates": [ [ [ 139.667658806908435, 36.206727747887328 ], [ 139.662621025140311, 36.207122468427201 ], [ 139.661854916071547, 36.208025251963875 ], [ 139.661220751936185, 36.208254134820493 ], [ 139.662624915607466, 36.210236081430082 ], [ 139.663636030578459, 36.210951081127519 ], [ 139.663936057003525, 36.211817199304335 ], [ 139.661157445060098, 36.214246081091801 ], [ 139.659974669295593, 36.214901360409499 ], [ 139.6588535537486, 36.214798585886058 ], [ 139.654703527845641, 36.213228053931573 ], [ 139.65225352817788, 36.2128141706375 ], [ 139.650781581704678, 36.21209194578671 ], [ 139.650409612213934, 36.211286387057157 ], [ 139.649398495444302, 36.211191108382991 ], [ 139.648930440587378, 36.210229999315061 ], [ 139.649785446741021, 36.207895558932933 ], [ 139.649699858261897, 36.20475222513511 ], [ 139.650024577372392, 36.202775559344616 ], [ 139.651513476066157, 36.199187775195696 ], [ 139.651165667761461, 36.197668640395477 ], [ 139.648807886374925, 36.196130305069573 ], [ 139.646724552895876, 36.196201413564438 ], [ 139.640944527368106, 36.19724669377996 ], [ 139.637587859092491, 36.197246972569758 ], [ 139.628719780193819, 36.195079225126165 ], [ 139.627005330631619, 36.193864505442605 ], [ 139.625898638411513, 36.192410892548708 ], [ 139.624888611620236, 36.186571748287633 ], [ 139.619651114707267, 36.189216747954617 ], [ 139.61513555216402, 36.192036746698534 ], [ 139.609883605843834, 36.19680813488759 ], [ 139.606623060705715, 36.194388170777529 ], [ 139.605405811229275, 36.194206505026216 ], [ 139.604649974216954, 36.1928748384031 ], [ 139.60341386505786, 36.193008439887649 ], [ 139.603253579788884, 36.192852612558056 ], [ 139.60374330740774, 36.192198720894282 ], [ 139.603336355188731, 36.191874278775003 ], [ 139.603761051031711, 36.188570388112964 ], [ 139.603622437625404, 36.187385387425763 ], [ 139.603036614748021, 36.186171225321857 ], [ 139.605253281713658, 36.184917892346903 ], [ 139.604910220030661, 36.183577054437592 ], [ 139.606962166271046, 36.182480107271203 ], [ 139.607287173164536, 36.181696504590093 ], [ 139.606618806912479, 36.18029066817985 ], [ 139.608419363862595, 36.178897891724375 ], [ 139.61059630417617, 36.17547177510238 ], [ 139.610605187679312, 36.174948170921425 ], [ 139.612456861195255, 36.173533172218185 ], [ 139.613103257009811, 36.171464837632186 ], [ 139.612791310070975, 36.170214000275962 ], [ 139.611922386908645, 36.168749000166258 ], [ 139.608922943738889, 36.166515387275354 ], [ 139.609185135685493, 36.16507261301075 ], [ 139.607881803102828, 36.16117038720364 ], [ 139.607950946578967, 36.160323720463396 ], [ 139.608471218771797, 36.159540107889711 ], [ 139.607098715733173, 36.159272332951844 ], [ 139.600877614110686, 36.16146899989451 ], [ 139.596359248380622, 36.162242891696167 ], [ 139.595630363150804, 36.162959838425877 ], [ 139.595314552724517, 36.16449427878797 ], [ 139.594793449558097, 36.164809558614309 ], [ 139.590867587769026, 36.164864305743151 ], [ 139.589298974967733, 36.165333467665448 ], [ 139.589614812373725, 36.164115693884241 ], [ 139.586303890812019, 36.150455108016899 ], [ 139.583246719260728, 36.150747467721487 ], [ 139.583214812213896, 36.150525945815787 ], [ 139.572624034271826, 36.150160441551179 ], [ 139.572481919804773, 36.149642531877419 ], [ 139.572869611243618, 36.149528080556536 ], [ 139.572614189393335, 36.148841387919788 ], [ 139.573966524235743, 36.148051305623312 ], [ 139.573868470253728, 36.147737468309572 ], [ 139.574507030275299, 36.147645170887984 ], [ 139.574299493726699, 36.146984332860711 ], [ 139.573587977103557, 36.147117225679494 ], [ 139.573236744180463, 36.146013333048927 ], [ 139.573492166030746, 36.14608717098622 ], [ 139.572816860609692, 36.142992891608685 ], [ 139.572947418788431, 36.142134000383862 ], [ 139.571467392805971, 36.14218817104728 ], [ 139.570944890294527, 36.143340946327669 ], [ 139.569593217353145, 36.143242054177506 ], [ 139.569518222887723, 36.140607027092699 ], [ 139.57117238729586, 36.139563135430421 ], [ 139.572198494864665, 36.138342865131165 ], [ 139.572514332270657, 36.138897584955657 ], [ 139.574059882857341, 36.138527864669243 ], [ 139.573504332059315, 36.137055640305618 ], [ 139.569767911559893, 36.136783413723606 ], [ 139.566422360703427, 36.137142305273244 ], [ 139.564354553120211, 36.136707305897517 ], [ 139.558745914092697, 36.137295359992947 ], [ 139.554717029567314, 36.137316197284747 ], [ 139.552736161244866, 36.136978973101179 ], [ 139.54988089468759, 36.138002306261455 ], [ 139.547486446142671, 36.137121467981387 ], [ 139.544958911424715, 36.136728386905588 ], [ 139.542778079744608, 36.136783667332452 ], [ 139.540982244235238, 36.137295054223443 ], [ 139.538757781946174, 36.137285613140591 ], [ 139.532985279247328, 36.139223386849892 ], [ 139.529847782049615, 36.140955892100806 ], [ 139.527289727938637, 36.143142558582269 ], [ 139.526088612299645, 36.144814506184559 ], [ 139.52564722414013, 36.146150891550462 ], [ 139.525391946181458, 36.14598144218985 ], [ 139.524790531757731, 36.144293667418879 ], [ 139.525886354771501, 36.141835332834376 ], [ 139.523804942244396, 36.136701170722517 ], [ 139.52402019497606, 36.134643639692285 ], [ 139.525634357539616, 36.132029466986353 ], [ 139.527013255657266, 36.131708640141653 ], [ 139.528717173258997, 36.132067531691291 ], [ 139.529509103662235, 36.131838918631217 ], [ 139.533232725010294, 36.129534467941369 ], [ 139.535565772342579, 36.12648974840323 ], [ 139.531110440994098, 36.120583360034118 ], [ 139.530941245242389, 36.117671386725192 ], [ 139.532629299702535, 36.115955838191439 ], [ 139.532704864338029, 36.115385278607789 ], [ 139.530747613111885, 36.113050000057513 ], [ 139.530697055924406, 36.11195666726644 ], [ 139.53757900097014, 36.106083332579772 ], [ 139.539320362744661, 36.102879135363878 ], [ 139.541865641985851, 36.100133026717856 ], [ 139.543167056314701, 36.101424972984148 ], [ 139.543615382743837, 36.101065252259616 ], [ 139.544564279917608, 36.102283332709703 ], [ 139.545875382642862, 36.100850837696044 ], [ 139.546840946952216, 36.100406107655772 ], [ 139.548520143090172, 36.101664440861327 ], [ 139.551252087414014, 36.10066666733286 ], [ 139.552060700241213, 36.102136666773788 ], [ 139.553966808821201, 36.101322774926189 ], [ 139.551758444396796, 36.097356639697239 ], [ 139.552110948061909, 36.097129972770063 ], [ 139.551372048881035, 36.096137469268854 ], [ 139.551632334264923, 36.095785251588154 ], [ 139.55109483825629, 36.095119414229657 ], [ 139.551380078028274, 36.093441360230656 ], [ 139.549572581009897, 36.09356553142419 ], [ 139.548732866029013, 36.09403525182546 ], [ 139.547851193178076, 36.093154413545392 ], [ 139.54740396931777, 36.093321639781891 ], [ 139.545000660652022, 36.090855802153612 ], [ 139.544689468244428, 36.090906225342053 ], [ 139.541231921216308, 36.087199504953219 ], [ 139.543033605916207, 36.086153278650954 ], [ 139.540009999761764, 36.081870973266859 ], [ 139.547230583624582, 36.07869872086934 ], [ 139.548936252206317, 36.081033973339231 ], [ 139.552248170216899, 36.079438747799998 ], [ 139.551877250234952, 36.078936837964761 ], [ 139.552667717441295, 36.078563198432903 ], [ 139.553038196755438, 36.079201000325952 ], [ 139.559822970054142, 36.071581693940061 ], [ 139.560251802778566, 36.07216666695814 ], [ 139.562255836737563, 36.071336332805572 ], [ 139.563916977186864, 36.071104667446491 ], [ 139.564496420273599, 36.071838278613711 ], [ 139.565481698621511, 36.071413559388304 ], [ 139.566253916784945, 36.072436611960143 ], [ 139.567470609581051, 36.071896053759929 ], [ 139.568186692961604, 36.072872441410084 ], [ 139.570877327826452, 36.071587467587619 ], [ 139.573516472007668, 36.07197330642299 ], [ 139.576165356745832, 36.07135719797634 ], [ 139.580688755082065, 36.075770252195412 ], [ 139.581620700035387, 36.074926359863696 ], [ 139.580877056031341, 36.074239972996395 ], [ 139.581410116583697, 36.073873585597539 ], [ 139.580624837566234, 36.073382748215295 ], [ 139.581845109664187, 36.072399693890816 ], [ 139.5813123350963, 36.072063027286958 ], [ 139.581831218735829, 36.071404414182439 ], [ 139.582675110168225, 36.071994694099885 ], [ 139.582282334861929, 36.072373305983319 ], [ 139.583124306241757, 36.07300386473662 ], [ 139.584288469637272, 36.072639694166583 ], [ 139.584428755782483, 36.072947747940248 ], [ 139.583783190941517, 36.073512198429285 ], [ 139.584610700323651, 36.074367198287632 ], [ 139.584175966247926, 36.075109972647169 ], [ 139.583121530934022, 36.07452163976194 ], [ 139.581822632908256, 36.075285252312597 ], [ 139.584462114335224, 36.077881107627093 ], [ 139.585351556429259, 36.078075279350742 ], [ 139.586365720101981, 36.077575559364618 ], [ 139.586276004633987, 36.076236946378003 ], [ 139.587222672388521, 36.075771666829041 ], [ 139.588833216979424, 36.075946945595092 ], [ 139.589906833933355, 36.075034169691207 ], [ 139.589980725829946, 36.074701386359948 ], [ 139.589259339147247, 36.074008054028525 ], [ 139.58935350176273, 36.073551944866438 ], [ 139.590031828905808, 36.073345000071754 ], [ 139.590909338794972, 36.073576107851125 ], [ 139.591834617973291, 36.072962225226547 ], [ 139.592496834661233, 36.073400838078271 ], [ 139.593254891200331, 36.072802775427817 ], [ 139.594355745921007, 36.073703891621335 ], [ 139.598006887308088, 36.078316667280433 ], [ 139.599761919676894, 36.079162504845783 ], [ 139.600332476562585, 36.080198081376409 ], [ 139.600222750279727, 36.080944748001798 ], [ 139.601361114823703, 36.081413640127437 ], [ 139.602261673437511, 36.083299468995335 ], [ 139.601964720895239, 36.084011134906007 ], [ 139.602894475100015, 36.085196972862036 ], [ 139.602122801925816, 36.085938080777851 ], [ 139.603632528918183, 36.087132532440478 ], [ 139.6053008954201, 36.087598080886778 ], [ 139.612197003888696, 36.084899747825148 ], [ 139.614528663567057, 36.082782802184624 ], [ 139.614437859919349, 36.083268360546469 ], [ 139.616357587832454, 36.082663919004688 ], [ 139.617190920324788, 36.08286225189147 ], [ 139.621227886158067, 36.082188918683698 ], [ 139.624112048832103, 36.081405612778838 ], [ 139.628089273601177, 36.079820613430627 ], [ 139.632663192252608, 36.079228945859199 ], [ 139.63361374777628, 36.080399224644566 ], [ 139.633406277777567, 36.081909225030756 ], [ 139.630857638669113, 36.08223922496029 ], [ 139.630513217211274, 36.083629774694373 ], [ 139.631367393290589, 36.083629774694373 ], [ 139.631505162233566, 36.084166721217287 ], [ 139.631918495142486, 36.084111721378918 ], [ 139.632138781379695, 36.084882279393753 ], [ 139.633870194853671, 36.086354504656697 ], [ 139.633896589056349, 36.086786171144922 ], [ 139.635849921936369, 36.087961720856811 ], [ 139.637458833358551, 36.088134504903508 ], [ 139.639652724993311, 36.087112000018863 ], [ 139.641132166416355, 36.088921441371497 ], [ 139.643892192071121, 36.092852279109422 ], [ 139.643131633618054, 36.094844774766614 ], [ 139.645749999862687, 36.097654505051423 ], [ 139.646651672736539, 36.097738386617323 ], [ 139.644296109078255, 36.101222279284798 ], [ 139.644316939175496, 36.101897838314642 ], [ 139.645639754671038, 36.103722838837996 ], [ 139.649443917502822, 36.102291171200648 ], [ 139.649506977964734, 36.103184775357136 ], [ 139.648783916744378, 36.103692838353879 ], [ 139.653693917440364, 36.10390227876718 ], [ 139.655468366172272, 36.103546170619325 ], [ 139.657037561734114, 36.105135612618483 ], [ 139.656497562012987, 36.105145891869483 ], [ 139.656544772823054, 36.105538385688021 ], [ 139.657163384982255, 36.105313666692439 ], [ 139.657309780222249, 36.106322838228436 ], [ 139.658339780056849, 36.105987559278503 ], [ 139.660620895138209, 36.106971720668412 ], [ 139.66327786028512, 36.107498666730123 ], [ 139.665025357234526, 36.106873666686397 ], [ 139.668340362617755, 36.107027000195956 ], [ 139.66934396914894, 36.108266171546632 ], [ 139.666823695557127, 36.109563109050271 ], [ 139.665134254342433, 36.111698667059898 ], [ 139.664751192613494, 36.111680332581329 ], [ 139.663976226122031, 36.11403255885557 ], [ 139.664255381980411, 36.116630891802288 ], [ 139.66472788578335, 36.116892559444125 ], [ 139.665762607058696, 36.118476171138411 ], [ 139.666824307096135, 36.119198386996004 ], [ 139.667381529733916, 36.120292279165426 ], [ 139.667841802757039, 36.120117531898643 ], [ 139.670070415417399, 36.120512531228371 ], [ 139.674212113598173, 36.121961973066675 ], [ 139.676258223238506, 36.121840864963985 ], [ 139.678779339495009, 36.12435753227436 ], [ 139.6828674191961, 36.123119198192512 ], [ 139.685249363567323, 36.123829468355325 ], [ 139.685451024844951, 36.12645058562606 ], [ 139.683049389817597, 36.133899197989649 ], [ 139.683291607821502, 36.13543697303794 ], [ 139.685926356116511, 36.137741667444061 ], [ 139.686210245106736, 36.137549721542484 ], [ 139.687201361853454, 36.138031107949303 ], [ 139.695883359329628, 36.142584720808259 ], [ 139.703030894859921, 36.145101080550489 ], [ 139.700727562027396, 36.148100279104654 ], [ 139.698564227557085, 36.151846945580132 ], [ 139.697995913580598, 36.154075251571669 ], [ 139.695746471722373, 36.157108612672403 ], [ 139.694733969097456, 36.160546081436564 ], [ 139.694175668172647, 36.165930532068444 ], [ 139.691968171593885, 36.169839973136277 ], [ 139.691202087706301, 36.172481081436786 ], [ 139.690887912247376, 36.175255251628585 ], [ 139.691634889138868, 36.1815916400422 ], [ 139.692521582005497, 36.186072747759169 ], [ 139.694167691186067, 36.189750251872681 ], [ 139.694246861203737, 36.190762170837559 ], [ 139.69364686141364, 36.191675224631979 ], [ 139.688371894247553, 36.195387747446659 ], [ 139.687716328945498, 36.197093864790077 ], [ 139.687943840336061, 36.199681333027172 ], [ 139.686266057032981, 36.203615775247897 ], [ 139.685494942337755, 36.20383938717805 ], [ 139.684581607954897, 36.203549107605284 ], [ 139.683501893597622, 36.202723027245952 ], [ 139.682971335858497, 36.201579693947792 ], [ 139.682316057440175, 36.20098302704514 ], [ 139.680284383717435, 36.200518865353388 ], [ 139.677849921636607, 36.201232748092878 ], [ 139.676912697662942, 36.201928864725403 ], [ 139.675551051240063, 36.204196918952675 ], [ 139.67491105140391, 36.208288026671141 ], [ 139.674172995787217, 36.209074973031647 ], [ 139.672162165651457, 36.209208026829003 ], [ 139.669064915813237, 36.20716664042817 ], [ 139.667658806908435, 36.206727747887328 ] ] ] } },
{ "type": "Feature", "properties": { "regioncode": "1121100", "regionname": "埼玉県本庄市", "name": "本庄市", "namekana": "ほんじょうし", "PrefCode": "11" }, "geometry": { "type": "Polygon", "coordinates": [ [ [ 139.243748715930565, 36.244511134980939 ], [ 139.237473994929019, 36.24620474815066 ], [ 139.235295382775803, 36.247563639950101 ], [ 139.233486783188596, 36.248910586054762 ], [ 139.231181505122436, 36.252476135365384 ], [ 139.229905109932929, 36.253153639628806 ], [ 139.22400403385916, 36.258301693568342 ], [ 139.211634527311617, 36.256247559277483 ], [ 139.211973165229438, 36.260173386892347 ], [ 139.211567885749446, 36.260173386892347 ], [ 139.210765668001272, 36.26152533322761 ], [ 139.210101219195963, 36.261306720628681 ], [ 139.208253449637027, 36.262464505132868 ], [ 139.205242335065805, 36.263148107699067 ], [ 139.20451313867045, 36.26258117058461 ], [ 139.203605641787021, 36.262405891818503 ], [ 139.201505642071766, 36.262638666940973 ], [ 139.198001751179959, 36.26224755897772 ], [ 139.187755083530305, 36.266441720908745 ], [ 139.182466445769933, 36.268196999691838 ], [ 139.169470052401039, 36.274752837973153 ], [ 139.16878836718945, 36.269563387340497 ], [ 139.16886613516408, 36.267834504558778 ], [ 139.168157249957176, 36.267786720880508 ], [ 139.168109195582929, 36.267001720652956 ], [ 139.16901002579209, 36.266319774637964 ], [ 139.168233917161615, 36.265855333257093 ], [ 139.167658911329795, 36.265979775146548 ], [ 139.167489468264421, 36.266655891756045 ], [ 139.164498081221495, 36.266042278928069 ], [ 139.162024163184697, 36.26415838809919 ], [ 139.163878885402255, 36.262640333384752 ], [ 139.162488054180471, 36.261595332858349 ], [ 139.164569169931269, 36.260914504700679 ], [ 139.164310558185775, 36.260555613151098 ], [ 139.165838611562776, 36.259718107804474 ], [ 139.163779727952146, 36.257699504828338 ], [ 139.163198339631776, 36.25810310887141 ], [ 139.162470245805252, 36.257476170788721 ], [ 139.161319144163258, 36.255343388086942 ], [ 139.160935810839078, 36.255214224756742 ], [ 139.161472476773497, 36.255027558774884 ], [ 139.161601088819225, 36.254603945715587 ], [ 139.160973579667029, 36.253857279090198 ], [ 139.157917716629413, 36.252201441043724 ], [ 139.155585771865958, 36.250008667266229 ], [ 139.155996328567767, 36.249621721365429 ], [ 139.15661299639271, 36.249749774932241 ], [ 139.156242996417177, 36.248911720099841 ], [ 139.156933840324541, 36.248191999860978 ], [ 139.157665499063569, 36.247859224623596 ], [ 139.157956615005787, 36.248095892011861 ], [ 139.158751336005366, 36.247815333211122 ], [ 139.159481607989846, 36.248036999907697 ], [ 139.159594668958903, 36.247312559127352 ], [ 139.160460505647848, 36.247289225317559 ], [ 139.160114942050996, 36.24689477457423 ], [ 139.160381608124794, 36.246313108363324 ], [ 139.159383280613952, 36.244920054017314 ], [ 139.160895498728337, 36.244231999806971 ], [ 139.15937213981249, 36.242240613013905 ], [ 139.163113528166832, 36.240546694074737 ], [ 139.162652139984289, 36.239276693964314 ], [ 139.163367134285863, 36.238919746748991 ], [ 139.166806031173451, 36.239070305849964 ], [ 139.170886329040968, 36.239888080070898 ], [ 139.17168050595069, 36.238721693551383 ], [ 139.170711607854514, 36.238404197795546 ], [ 139.170012723108698, 36.238959746794933 ], [ 139.169894669103769, 36.238298360181204 ], [ 139.170645227095633, 36.237822531584641 ], [ 139.168901581942464, 36.237129198353898 ], [ 139.168836588837621, 36.236636973317729 ], [ 139.168127691040127, 36.236723640083994 ], [ 139.1675160306404, 36.235966413619167 ], [ 139.166801583126585, 36.23577197299818 ], [ 139.166527976984639, 36.235266134924245 ], [ 139.165743256446149, 36.235066134694421 ], [ 139.165369636699438, 36.234546973164356 ], [ 139.163092671989261, 36.233933918815353 ], [ 139.161425720120974, 36.234793360425272 ], [ 139.159718780797107, 36.234664748379487 ], [ 139.157138495445224, 36.232833919349957 ], [ 139.157014059851008, 36.232319467569425 ], [ 139.14925955928129, 36.226817532203427 ], [ 139.148989000941697, 36.226931133664948 ], [ 139.148106783101639, 36.226249747927568 ], [ 139.147998444472705, 36.226579747857102 ], [ 139.147132336188406, 36.226536414024338 ], [ 139.146808443554846, 36.2256333597918 ], [ 139.145857327753561, 36.226205864609028 ], [ 139.145105109613155, 36.225356694156176 ], [ 139.145689559225843, 36.224989197893194 ], [ 139.144200117341597, 36.223329467580925 ], [ 139.1434909470496, 36.223761973136618 ], [ 139.142771478620944, 36.223059197923703 ], [ 139.141674812042993, 36.223702251857503 ], [ 139.141149533324324, 36.223675306370353 ], [ 139.137995913980262, 36.220101135259256 ], [ 139.13594369614475, 36.221254748707736 ], [ 139.131702282934043, 36.216465026939488 ], [ 139.129661997303401, 36.21753725174284 ], [ 139.127811141271195, 36.215370305595172 ], [ 139.12947335910826, 36.214024197658659 ], [ 139.130163917031155, 36.211729467740781 ], [ 139.128383333124361, 36.208851135371674 ], [ 139.128021114083253, 36.208820586301044 ], [ 139.128193890935336, 36.208028639709994 ], [ 139.127524163109683, 36.207810865279271 ], [ 139.127851672816519, 36.206822252245217 ], [ 139.127046393776141, 36.206526693652052 ], [ 139.126408885062006, 36.205707252088075 ], [ 139.128658340410198, 36.204231134559279 ], [ 139.129574720796768, 36.204263919344442 ], [ 139.129678339783595, 36.202055865186082 ], [ 139.129214162803464, 36.201567532415766 ], [ 139.129152218400236, 36.200533612436345 ], [ 139.128790557837988, 36.200562504955712 ], [ 139.128835836904386, 36.201165837633368 ], [ 139.127751115121896, 36.200796387143612 ], [ 139.12744693922491, 36.201091945736778 ], [ 139.12447442265659, 36.198458891764517 ], [ 139.123841919569031, 36.198384999867926 ], [ 139.123315810776148, 36.198639721146264 ], [ 139.122645811355142, 36.199869440622251 ], [ 139.120845525101004, 36.200819721852724 ], [ 139.119449415758027, 36.202036667358357 ], [ 139.121037197608644, 36.2035872253702 ], [ 139.119275810630256, 36.204796693912328 ], [ 139.118713579667997, 36.20434169361431 ], [ 139.117206640574068, 36.20493613469489 ], [ 139.113408585937577, 36.20739141428237 ], [ 139.107523281274439, 36.2073691983299 ], [ 139.10952522700768, 36.206508081283005 ], [ 139.109896614637137, 36.202631108438936 ], [ 139.109391050856402, 36.201586946080738 ], [ 139.111349390262262, 36.201626946126737 ], [ 139.111674112070659, 36.200184721347853 ], [ 139.112330778142905, 36.199971386870061 ], [ 139.110374669055773, 36.199226107898596 ], [ 139.108173527985969, 36.197621667006388 ], [ 139.107838805716369, 36.196684171437425 ], [ 139.107103799700667, 36.196018612868727 ], [ 139.106406305306791, 36.195968332672464 ], [ 139.105960194807153, 36.194880278901792 ], [ 139.103780998994011, 36.194948612988128 ], [ 139.103944332065339, 36.194424441334945 ], [ 139.103412114177786, 36.194036386570019 ], [ 139.103088494938106, 36.194146108356279 ], [ 139.102514617755446, 36.193278332728937 ], [ 139.097994033397981, 36.19102917055983 ], [ 139.097274577559801, 36.191656945911404 ], [ 139.098791555785738, 36.192279170647282 ], [ 139.100279053335726, 36.193495838262379 ], [ 139.100071828851924, 36.19366222543141 ], [ 139.097857950683988, 36.192934440971726 ], [ 139.096503774029998, 36.193577774594701 ], [ 139.096268470913287, 36.193103892130978 ], [ 139.095292361153611, 36.192599721400086 ], [ 139.095361530710193, 36.192317224560327 ], [ 139.094035965987132, 36.192197774807539 ], [ 139.093296252020423, 36.189989720649123 ], [ 139.092702632920236, 36.18928330587994 ], [ 139.089569831982203, 36.188003585896809 ], [ 139.08548538284424, 36.188724693789652 ], [ 139.085212335181154, 36.187331080964668 ], [ 139.084931217901499, 36.188838306043067 ], [ 139.083722048833579, 36.189534413682281 ], [ 139.083084526629705, 36.187441360330581 ], [ 139.083613969209409, 36.18720358587683 ], [ 139.082881478597415, 36.186982748355206 ], [ 139.082198144928498, 36.187524972099823 ], [ 139.081531479294426, 36.186484135434569 ], [ 139.082538417813794, 36.186438305983074 ], [ 139.082698144603796, 36.184440802001461 ], [ 139.08159591392041, 36.184423865069391 ], [ 139.079182022932059, 36.183531639573573 ], [ 139.079925084175329, 36.181988865194 ], [ 139.079037276149393, 36.181670801965993 ], [ 139.078734501396184, 36.180791640022221 ], [ 139.076994501195372, 36.179584388308911 ], [ 139.076619493794624, 36.17783133264993 ], [ 139.07541533035328, 36.17686077530459 ], [ 139.077960337099967, 36.175720505097274 ], [ 139.075539754256283, 36.174597439820047 ], [ 139.075623644815437, 36.171713000154909 ], [ 139.076112802264106, 36.170736332815579 ], [ 139.078421699202067, 36.168359108086406 ], [ 139.076658366090783, 36.167062720967863 ], [ 139.076282775929485, 36.165165748600486 ], [ 139.076780830371035, 36.163158801737382 ], [ 139.0763219459011, 36.161626865087783 ], [ 139.073755836562668, 36.161314080880175 ], [ 139.069739974220511, 36.162408532427889 ], [ 139.069166355143238, 36.162908801899732 ], [ 139.067596083092781, 36.162071306445682 ], [ 139.067742192348419, 36.160289081276119 ], [ 139.06699108936732, 36.159642973244672 ], [ 139.067796640902316, 36.158275748327185 ], [ 139.069319689552117, 36.157494080987078 ], [ 139.06960136171358, 36.157056585992677 ], [ 139.069631919777294, 36.156307973234448 ], [ 139.068745252991107, 36.154963504762009 ], [ 139.06864105214288, 36.153056279223961 ], [ 139.069289389593678, 36.151870441267874 ], [ 139.06982133588599, 36.151505440623623 ], [ 139.069738002906547, 36.150577947314446 ], [ 139.070311607594704, 36.149723224447314 ], [ 139.073685498786858, 36.148717107908283 ], [ 139.075458585945057, 36.148831838018964 ], [ 139.075625525297824, 36.148102108325702 ], [ 139.074895498828255, 36.146642945715428 ], [ 139.073685772180738, 36.145465440877445 ], [ 139.073423554153806, 36.144259612790961 ], [ 139.072369948014739, 36.143405171411587 ], [ 139.072318003173336, 36.142446279172475 ], [ 139.071973838921622, 36.142289891565269 ], [ 139.069397133770735, 36.142925721245092 ], [ 139.068798521634562, 36.143727108019675 ], [ 139.06688963684735, 36.143112360247301 ], [ 139.064799921779013, 36.141169865097254 ], [ 139.064528780678756, 36.140283747796786 ], [ 139.062783502356865, 36.138004306353707 ], [ 139.061185136385006, 36.133535945627443 ], [ 139.059933191064033, 36.133327332590397 ], [ 139.05840014195303, 36.133598441315087 ], [ 139.058045422358418, 36.133358720728438 ], [ 139.058221244315064, 36.131552053784333 ], [ 139.05907680894768, 36.130572053557501 ], [ 139.058294577732681, 36.129873999785332 ], [ 139.056843721260748, 36.126196775360938 ], [ 139.058043450145192, 36.12578010776582 ], [ 139.059008171789742, 36.123334801659837 ], [ 139.062241776836572, 36.123032612365193 ], [ 139.063034837687724, 36.122021775284736 ], [ 139.067946523713204, 36.12080761318083 ], [ 139.068802088345819, 36.119608720665951 ], [ 139.071127912323391, 36.119692333334569 ], [ 139.071242917626591, 36.118910666893839 ], [ 139.071628754663379, 36.118712612796912 ], [ 139.07568319072675, 36.119434000378874 ], [ 139.076517665357983, 36.120507360126624 ], [ 139.078927107400204, 36.121987639717872 ], [ 139.082348223791541, 36.121570694232219 ], [ 139.083220194756223, 36.123137919379531 ], [ 139.084878521226869, 36.123054586400087 ], [ 139.087820194646383, 36.123846801888476 ], [ 139.088049364386734, 36.124628505201429 ], [ 139.087486860030594, 36.125843504574107 ], [ 139.087242996267378, 36.128297946892815 ], [ 139.086755227371896, 36.129046000272751 ], [ 139.088026886731541, 36.131482946280983 ], [ 139.090745524686326, 36.133730720796166 ], [ 139.092466083343083, 36.135757945572777 ], [ 139.095729441560593, 36.137909918907667 ], [ 139.099201946112998, 36.137690198344046 ], [ 139.100211114951094, 36.13639686532315 ], [ 139.10127722436448, 36.136495467891564 ], [ 139.103474474967129, 36.140865467967046 ], [ 139.104971413599969, 36.141741865394806 ], [ 139.106223942580982, 36.143948837668802 ], [ 139.108015058448245, 36.143212999780189 ], [ 139.111067834113328, 36.142598558676582 ], [ 139.111759779690146, 36.142038558932427 ], [ 139.114166718019646, 36.143158559320113 ], [ 139.115254253780904, 36.143125504738293 ], [ 139.116938975353492, 36.144128837875598 ], [ 139.117938689618882, 36.145622171126377 ], [ 139.119674811943128, 36.146961613287885 ], [ 139.121191219099501, 36.146555504632886 ], [ 139.1234476127172, 36.147830531953559 ], [ 139.12594566765847, 36.148390252008596 ], [ 139.126532334999297, 36.148348865207993 ], [ 139.128223722347002, 36.147303306202673 ], [ 139.129238171104817, 36.145999134552483 ], [ 139.131019585085824, 36.145965801180807 ], [ 139.132022088148915, 36.145238306302872 ], [ 139.134752088138384, 36.144970802060925 ], [ 139.136661529605931, 36.145659694439416 ], [ 139.137105422377431, 36.14675636101731 ], [ 139.136784864430069, 36.147763305831973 ], [ 139.138741556277864, 36.14829080227878 ], [ 139.141084616661828, 36.150260251909174 ], [ 139.141670726422944, 36.151567467764494 ], [ 139.142484890765218, 36.151947198404514 ], [ 139.144823217117846, 36.152108052944357 ], [ 139.146501556201883, 36.152973332053705 ], [ 139.146150194675783, 36.153813054229147 ], [ 139.146351310064915, 36.155480559180489 ], [ 139.144939078575703, 36.157666945972835 ], [ 139.144676589852793, 36.159311386911043 ], [ 139.143613255747255, 36.159499440546824 ], [ 139.142631581882029, 36.16046277543677 ], [ 139.143482697568516, 36.161095278524328 ], [ 139.142901025062315, 36.164469999790697 ], [ 139.143363799999406, 36.164990837657058 ], [ 139.144656588930502, 36.164946108975812 ], [ 139.145739389761047, 36.16582805432131 ], [ 139.145939104905779, 36.166462505340405 ], [ 139.149076328709612, 36.168598891625606 ], [ 139.1505771730981, 36.170755559421593 ], [ 139.15080719809373, 36.171801667912689 ], [ 139.15168775578536, 36.172347774030584 ], [ 139.152057198181183, 36.173179720667633 ], [ 139.152972191813319, 36.173852224700454 ], [ 139.152894422939312, 36.174638892271105 ], [ 139.154484968406678, 36.176280279111666 ], [ 139.152753306719774, 36.177550279222032 ], [ 139.150783865183257, 36.180783892362797 ], [ 139.15136500619019, 36.180806945584095 ], [ 139.151411115330802, 36.181163333421125 ], [ 139.15047333287805, 36.181232225087172 ], [ 139.149915278367416, 36.182036666858721 ], [ 139.149906938954132, 36.182706945968846 ], [ 139.152494721054609, 36.182377775214206 ], [ 139.152701673043794, 36.183360558842764 ], [ 139.155005279270313, 36.187301693818142 ], [ 139.155702243963447, 36.19045058542622 ], [ 139.156386976977501, 36.191707252187996 ], [ 139.160091413987629, 36.192672251723081 ], [ 139.160649779663686, 36.195102531956309 ], [ 139.161322825987668, 36.196050585566127 ], [ 139.159516160842259, 36.195791972921256 ], [ 139.157037275849689, 36.195994467870435 ], [ 139.156887562111365, 36.196500305944426 ], [ 139.156128392211599, 36.196586693920835 ], [ 139.155428392306476, 36.198998639675551 ], [ 139.156365887875495, 36.198791694880867 ], [ 139.15684922221385, 36.197510026966199 ], [ 139.157390337094398, 36.198044467977866 ], [ 139.157344227953786, 36.199435586083496 ], [ 139.15777588814683, 36.199372252227704 ], [ 139.158443670738848, 36.197979748266846 ], [ 139.159148392084717, 36.199298918810086 ], [ 139.159712283195404, 36.199379197691883 ], [ 139.160109222362735, 36.198844747687019 ], [ 139.160523671330452, 36.199063080596716 ], [ 139.161323112871401, 36.200080586150193 ], [ 139.163006200375889, 36.205221135247257 ], [ 139.166247328251643, 36.208104467846965 ], [ 139.168178170885994, 36.208665586347763 ], [ 139.169242606660987, 36.209504748245593 ], [ 139.172082048747598, 36.21079697330174 ], [ 139.173301776755693, 36.210475304691613 ], [ 139.174239856883901, 36.210786134672446 ], [ 139.180194035226577, 36.211192252320643 ], [ 139.181339585353612, 36.210862801876885 ], [ 139.181523476027678, 36.210528360195724 ], [ 139.181171244857183, 36.210053919253028 ], [ 139.182199026963644, 36.209230026944226 ], [ 139.189668755408775, 36.209233640420223 ], [ 139.190380415024151, 36.209469198045099 ], [ 139.191096808670864, 36.208814468213177 ], [ 139.191575421568473, 36.20767697331371 ], [ 139.191109025960827, 36.207248360023868 ], [ 139.191137367195779, 36.206621973225538 ], [ 139.193060142911349, 36.207398920024218 ], [ 139.194097664675496, 36.208243081253272 ], [ 139.193372945105352, 36.208352531444234 ], [ 139.19344655011821, 36.208623359580429 ], [ 139.194042943626982, 36.208627251846224 ], [ 139.193706005427885, 36.208990864836608 ], [ 139.193547107812833, 36.210215306191458 ], [ 139.195792115114045, 36.210423081060412 ], [ 139.195737950745865, 36.211529197714356 ], [ 139.196276005233472, 36.21155225183503 ], [ 139.196295161692433, 36.211868919315236 ], [ 139.195381555714334, 36.212081694414735 ], [ 139.194942671267313, 36.2132086402666 ], [ 139.196845473939561, 36.216211973004192 ], [ 139.19764019493914, 36.216903639791212 ], [ 139.204013281088123, 36.220843081343162 ], [ 139.206706328834116, 36.221133360016609 ], [ 139.211309416096697, 36.222714198201743 ], [ 139.211427197607122, 36.223768639810942 ], [ 139.213142748838891, 36.223262000441025 ], [ 139.214410803715737, 36.222219224837431 ], [ 139.216791362231675, 36.222157559224058 ], [ 139.217722192025576, 36.223936721302721 ], [ 139.217470532938819, 36.22557946791818 ], [ 139.218787781630908, 36.227503919070671 ], [ 139.218838053733293, 36.228223359620415 ], [ 139.222534720600947, 36.22857335957292 ], [ 139.223568054222369, 36.229169198199997 ], [ 139.224268885101083, 36.229087803259574 ], [ 139.224228636842213, 36.231509747676739 ], [ 139.223820583852898, 36.231708079664202 ], [ 139.223854474804284, 36.232410026601485 ], [ 139.224868637577629, 36.231775865164082 ], [ 139.225191699237598, 36.232200585288808 ], [ 139.225429754279844, 36.232019198327407 ], [ 139.22492530475904, 36.231453081394648 ], [ 139.224705862085898, 36.230493359980642 ], [ 139.225034449180498, 36.228468639815901 ], [ 139.22552167308686, 36.228457251700831 ], [ 139.225566978233473, 36.228774197970893 ], [ 139.225923917354976, 36.228774197970893 ], [ 139.225957808306248, 36.229278080918732 ], [ 139.226303645297094, 36.229249747777715 ], [ 139.226433916591986, 36.228683639838152 ], [ 139.228789752745001, 36.228615865130109 ], [ 139.22957197136941, 36.22747253183195 ], [ 139.229475550556231, 36.226143081138332 ], [ 139.229158339885544, 36.225854468009345 ], [ 139.228676666594993, 36.225746972944478 ], [ 139.226896938842742, 36.226561973656203 ], [ 139.226341945624313, 36.226375304976386 ], [ 139.225993060831115, 36.225721972690963 ], [ 139.227239728031122, 36.224912531588132 ], [ 139.228299169870866, 36.224895585662807 ], [ 139.228466109223632, 36.223918081054649 ], [ 139.230504721215993, 36.224338360327124 ], [ 139.230788054425261, 36.224117531798697 ], [ 139.230567224098195, 36.223721134922471 ], [ 139.232051946340334, 36.2232739191561 ], [ 139.233408638398032, 36.225711134960989 ], [ 139.234910583556598, 36.225139468311852 ], [ 139.234876420110709, 36.224545027231272 ], [ 139.23570391600299, 36.224760306043322 ], [ 139.238693917190631, 36.223895305723829 ], [ 139.238994475114964, 36.22445030613676 ], [ 139.241635032131057, 36.224196135243517 ], [ 139.243233670597533, 36.226249747927568 ], [ 139.242710610506379, 36.226379746727957 ], [ 139.242728391901778, 36.228036973327733 ], [ 139.244770895260672, 36.228782531988315 ], [ 139.244957563041112, 36.230016414426018 ], [ 139.245847275831125, 36.23032197258101 ], [ 139.245224811875687, 36.231905864863847 ], [ 139.247604811912652, 36.232510586094747 ], [ 139.246797860133256, 36.234879198016642 ], [ 139.246261193299461, 36.23484030593545 ], [ 139.245873695214982, 36.237530027089122 ], [ 139.242819805289855, 36.238144468192729 ], [ 139.243498418417289, 36.239376694079226 ], [ 139.243748715930565, 36.244511134980939 ] ], [ [ 139.151682802319556, 36.198640586294061 ], [ 139.153475032446863, 36.19818502661775 ], [ 139.153994474565366, 36.196712803153389 ], [ 139.154718664434881, 36.198152251725105 ], [ 139.15510418940687, 36.196390026578513 ], [ 139.152550310848255, 36.196340865138893 ], [ 139.151682802319556, 36.198640586294061 ] ], [ [ 139.150660026738933, 36.198581972979696 ], [ 139.151483358770065, 36.196268639686025 ], [ 139.152021699242141, 36.196021972735878 ], [ 139.149628079872059, 36.195458918894019 ], [ 139.149285576668149, 36.198044198181265 ], [ 139.149817808045441, 36.198499747965059 ], [ 139.150660026738933, 36.198581972979696 ] ], [ [ 139.148302528638851, 36.196453918913278 ], [ 139.149206692634834, 36.195336972623238 ], [ 139.1455319449434, 36.194403640016048 ], [ 139.145293890800531, 36.195088079851075 ], [ 139.144271115219908, 36.194888359310369 ], [ 139.143732218067498, 36.195622251965403 ], [ 139.145421413767281, 36.196073359997627 ], [ 139.145483359069885, 36.195379747977029 ], [ 139.145840025696657, 36.19507086412915 ], [ 139.148302528638851, 36.196453918913278 ] ] ] } },
{ "type": "Feature", "properties": { "regioncode": "1121200", "regionname": "埼玉県東松山市", "name": "東松山市", "namekana": "ひがしまつやまし", "PrefCode": "11" }, "geometry": { "type": "Polygon", "coordinates": [ [ [ 139.418503061267302, 36.065576972799136 ], [ 139.423085578336782, 36.071689721403573 ], [ 139.418600583750049, 36.074228919429117 ], [ 139.41032557716369, 36.075560586052234 ], [ 139.408843358634158, 36.076115305876726 ], [ 139.405482775609698, 36.075196440663262 ], [ 139.405868884241727, 36.078076170578868 ], [ 139.406639754321304, 36.079955865171087 ], [ 139.406527807612292, 36.081210864589764 ], [ 139.408445331287112, 36.083566413858989 ], [ 139.41012450134474, 36.084187802225358 ], [ 139.410882826781062, 36.086508919151356 ], [ 139.412775357396868, 36.090116973119848 ], [ 139.411375356687472, 36.091049748147384 ], [ 139.411410636191931, 36.091985865055676 ], [ 139.410899805081954, 36.092092252155737 ], [ 139.4112603891557, 36.093940305900446 ], [ 139.408903969342759, 36.093890585981796 ], [ 139.404931478604908, 36.094926441302277 ], [ 139.404680637001888, 36.095752558533775 ], [ 139.403722308637725, 36.095703108411783 ], [ 139.399734811812209, 36.098266440643783 ], [ 139.399472022715713, 36.099131440963276 ], [ 139.39877674425145, 36.099152837633426 ], [ 139.398691478628848, 36.09969894554996 ], [ 139.397505914066755, 36.09979117012648 ], [ 139.397247029826644, 36.101137558651487 ], [ 139.396132580953918, 36.101087837833518 ], [ 139.395969532967683, 36.100605613258494 ], [ 139.394741479036043, 36.101300891722815 ], [ 139.392200921235599, 36.10440505375027 ], [ 139.391647588165711, 36.104312838167004 ], [ 139.391505641871959, 36.104880054071316 ], [ 139.391022866012577, 36.104724224943084 ], [ 139.390618145011445, 36.105093107960613 ], [ 139.389240636346358, 36.104806171167922 ], [ 139.388773139069144, 36.103537838400598 ], [ 139.387439222342323, 36.103037279347006 ], [ 139.386550584242173, 36.09788397336672 ], [ 139.38439557659467, 36.095178134563298 ], [ 139.384108340327657, 36.094030640102005 ], [ 139.384339170216549, 36.093700080794122 ], [ 139.382050829981836, 36.091145080780905 ], [ 139.380423307090041, 36.087298414190514 ], [ 139.377653280974187, 36.084994801668813 ], [ 139.376999662704293, 36.084763972679241 ], [ 139.376532166326456, 36.083840359944702 ], [ 139.376782437759402, 36.081018972647541 ], [ 139.379013528051928, 36.076732026761704 ], [ 139.377947418638541, 36.073957864663782 ], [ 139.377022386773774, 36.072531198156298 ], [ 139.37798988282691, 36.071444801836208 ], [ 139.378773774190336, 36.069376198352927 ], [ 139.37804544743949, 36.066859531941873 ], [ 139.378480440519979, 36.065783973351756 ], [ 139.378144332395095, 36.064878134818116 ], [ 139.381005693657926, 36.061341468134287 ], [ 139.382040700018365, 36.056836468128552 ], [ 139.382355966354794, 36.056543135357458 ], [ 139.381996808605891, 36.055300080734185 ], [ 139.382627638954432, 36.054767863745951 ], [ 139.383758469877534, 36.054550639700324 ], [ 139.385817329206475, 36.051098973338981 ], [ 139.384838443239573, 36.05146841393622 ], [ 139.384240388683111, 36.051196747631877 ], [ 139.383411776732146, 36.049097026706477 ], [ 139.383107328340543, 36.049053414083858 ], [ 139.382725667755381, 36.0497364680636 ], [ 139.382073164644908, 36.049693135130155 ], [ 139.382214553359063, 36.048443413832558 ], [ 139.382551776643254, 36.048269531713572 ], [ 139.3853281447781, 36.042772585786281 ], [ 139.385121478773272, 36.042696468067618 ], [ 139.385751479047599, 36.040954531626369 ], [ 139.382323969375761, 36.041041774858058 ], [ 139.37450977900312, 36.042143170970633 ], [ 139.372226420113293, 36.039145108260186 ], [ 139.37064697767596, 36.039755387301341 ], [ 139.368555304783513, 36.036664839211028 ], [ 139.367947523159728, 36.036593720823589 ], [ 139.357242503438897, 36.041090694380102 ], [ 139.355113605808356, 36.037520413736161 ], [ 139.346330531728768, 36.039770413174097 ], [ 139.343246355335054, 36.040270413748658 ], [ 139.339816913020172, 36.04077377508969 ], [ 139.334831607592719, 36.040759054087118 ], [ 139.331147717393264, 36.041267108090608 ], [ 139.330177716728258, 36.037760720680751 ], [ 139.331869920660324, 36.031045170897983 ], [ 139.332835745773082, 36.030798505746475 ], [ 139.332644643435628, 36.030467387060298 ], [ 139.333606861367571, 36.029486838247067 ], [ 139.33280936416088, 36.029167106776583 ], [ 139.332663503118283, 36.028550170953679 ], [ 139.33321377399659, 36.028353776105916 ], [ 139.333803256215333, 36.028718504255608 ], [ 139.33398852105347, 36.029239891607745 ], [ 139.334667690861352, 36.029341000586783 ], [ 139.338923799893564, 36.025986559032503 ], [ 139.339221581610786, 36.025459333281674 ], [ 139.33787961055566, 36.025212386642409 ], [ 139.337542943951803, 36.024797387289652 ], [ 139.337857392804494, 36.024690721399736 ], [ 139.33768182895335, 36.024093225322133 ], [ 139.336935162327904, 36.023117108367899 ], [ 139.337192387318851, 36.022484613374274 ], [ 139.336827392070518, 36.019972386916152 ], [ 139.336159338782522, 36.019316306302528 ], [ 139.33667571960882, 36.018907134556684 ], [ 139.336799299048494, 36.016978801930236 ], [ 139.33754153021755, 36.01610546759332 ], [ 139.336675421033874, 36.014402693929242 ], [ 139.337742087127708, 36.014296305929804 ], [ 139.342420142775381, 36.009103802098821 ], [ 139.343820415080131, 36.009056864682634 ], [ 139.344898470188355, 36.008153801456842 ], [ 139.345224033762179, 36.007402414290027 ], [ 139.346006252386701, 36.006820468389947 ], [ 139.346157912257922, 36.006085748358657 ], [ 139.347230143356455, 36.005182694126063 ], [ 139.347613475781372, 36.003945468009022 ], [ 139.34920791171578, 36.004181306222335 ], [ 139.351464306232856, 36.003001586354173 ], [ 139.352372918275591, 36.003701305670745 ], [ 139.353152088198385, 36.003777134707036 ], [ 139.357248197046715, 36.002740720907582 ], [ 139.358002918000352, 36.001900441152486 ], [ 139.360530700031859, 36.000360998761153 ], [ 139.361687082492949, 36.00041100016756 ], [ 139.362099856023633, 35.999323225186743 ], [ 139.363854305631776, 35.999176838040682 ], [ 139.365682632747394, 35.998111559600829 ], [ 139.365954306246294, 35.997617107843325 ], [ 139.36779849560412, 35.997290171004636 ], [ 139.369048780776666, 35.996241279111814 ], [ 139.369037911570445, 35.995506837870323 ], [ 139.369971803555927, 35.995531838123895 ], [ 139.368689300171127, 35.994630170645905 ], [ 139.368705966407333, 35.993630171295422 ], [ 139.369994306392186, 35.9937787752703 ], [ 139.370570414792837, 35.992666278825766 ], [ 139.371888196782947, 35.992330441396803 ], [ 139.372152633437395, 35.991716558772225 ], [ 139.374314305960525, 35.990116000253238 ], [ 139.374360972680847, 35.98970433378804 ], [ 139.375659857216647, 35.989300171265938 ], [ 139.375885421575049, 35.988787386828506 ], [ 139.376367638955458, 35.988663224628169 ], [ 139.377910972713266, 35.986776559390762 ], [ 139.37788763890353, 35.986271558585599 ], [ 139.375507912260446, 35.986279333224672 ], [ 139.3741859664093, 35.985595720765957 ], [ 139.375048755295893, 35.984834333137997 ], [ 139.375655109695572, 35.983265170850984 ], [ 139.377031775695968, 35.981920721264316 ], [ 139.378820414830329, 35.982449331971168 ], [ 139.379364864397076, 35.982107387246174 ], [ 139.379362360684468, 35.981605441438035 ], [ 139.382096808720803, 35.98193155899429 ], [ 139.382967911839728, 35.982392386899164 ], [ 139.384577638946894, 35.982617945861591 ], [ 139.384742918151233, 35.984311279342137 ], [ 139.385194578367191, 35.984776837680954 ], [ 139.386704617424243, 35.984707107846816 ], [ 139.389809338829991, 35.983625441061292 ], [ 139.391100725717934, 35.98383905342962 ], [ 139.392094616873123, 35.98459322489748 ], [ 139.393194889732399, 35.984712639576685 ], [ 139.393959052668265, 35.983176558851142 ], [ 139.394776834982963, 35.984231801756323 ], [ 139.395437950001451, 35.984061251625519 ], [ 139.396960468051248, 35.984751801454536 ], [ 139.404881854014434, 35.985460135377025 ], [ 139.405730466887576, 35.985924585751093 ], [ 139.406972167131926, 35.988127054220229 ], [ 139.409253280414646, 35.988956505238605 ], [ 139.412074968984712, 35.990830945991434 ], [ 139.41401830140353, 35.991109558659275 ], [ 139.417518586014012, 35.993221747785469 ], [ 139.420068885270894, 35.994224802132976 ], [ 139.421616938670809, 35.993755919000535 ], [ 139.423508884727312, 35.99407369444549 ], [ 139.424528054026496, 35.995202865220108 ], [ 139.430194189410372, 35.998002559070869 ], [ 139.425612244309718, 35.997654224662767 ], [ 139.424211972004969, 35.998113946401531 ], [ 139.423612528895205, 35.999292837994119 ], [ 139.423882801250329, 36.000268386576806 ], [ 139.422911698915868, 36.001535053799728 ], [ 139.422772802223108, 36.002323107225664 ], [ 139.423145305011872, 36.003263945574702 ], [ 139.423970855670518, 36.003962279035989 ], [ 139.423958079901581, 36.005117279239073 ], [ 139.422152282601814, 36.00666922490484 ], [ 139.421542554845132, 36.007583107874154 ], [ 139.423678105660088, 36.006873666886293 ], [ 139.424364228126706, 36.007229224649052 ], [ 139.425418391845369, 36.006899505307956 ], [ 139.426005058286819, 36.007659224693498 ], [ 139.427135615816042, 36.007341999633638 ], [ 139.426411724521586, 36.00602199991539 ], [ 139.42998338472546, 36.004737802207842 ], [ 139.430262827467573, 36.005106134840275 ], [ 139.430710894891945, 36.005016413077044 ], [ 139.434538106448485, 36.003632532715244 ], [ 139.434868106378076, 36.004038639571604 ], [ 139.4353000516561, 36.003822802280581 ], [ 139.435782826616219, 36.004343359558447 ], [ 139.437995356700412, 36.003479467203704 ], [ 139.440715912909127, 36.003785838345834 ], [ 139.441935356731392, 36.004344170746947 ], [ 139.44220175120995, 36.00505500028811 ], [ 139.443755357024202, 36.005208054108436 ], [ 139.446210634813042, 36.003824440845335 ], [ 139.448420661184628, 36.004890559251976 ], [ 139.454638715004762, 36.004992197931642 ], [ 139.454868470203792, 36.00833746819967 ], [ 139.453788716276335, 36.008261360373524 ], [ 139.455313748830463, 36.010663558376564 ], [ 139.455885421774838, 36.010422441142794 ], [ 139.45634291679221, 36.01082855879099 ], [ 139.456814577930459, 36.010781332692375 ], [ 139.457081244903634, 36.011885505012117 ], [ 139.455491530409859, 36.012253000375722 ], [ 139.454818469696647, 36.011402441369626 ], [ 139.453724305932042, 36.013294667115247 ], [ 139.449718755216395, 36.013894972674905 ], [ 139.449744034259879, 36.014593027346393 ], [ 139.451014034370246, 36.014656639092664 ], [ 139.45109152985026, 36.014938865236502 ], [ 139.450850415314449, 36.015916081162288 ], [ 139.450012087987488, 36.015992198880951 ], [ 139.449935965772283, 36.016347747650514 ], [ 139.449551529879272, 36.01637163993928 ], [ 139.448280972189195, 36.016016081277201 ], [ 139.448573190700245, 36.015698865210538 ], [ 139.44675513564107, 36.01497386595122 ], [ 139.445700700327166, 36.014935532349 ], [ 139.445484863935349, 36.0147580268615 ], [ 139.445878755300328, 36.014415252062292 ], [ 139.444567056324672, 36.013384693748662 ], [ 139.441936226375788, 36.013129440970999 ], [ 139.442025109970928, 36.012088892088741 ], [ 139.4400181712017, 36.012913892362292 ], [ 139.439711219097603, 36.013373613201736 ], [ 139.439901777345199, 36.014236667388332 ], [ 139.439025110120838, 36.014579170592299 ], [ 139.438415109869538, 36.015433612870993 ], [ 139.438923449857384, 36.015547774610184 ], [ 139.437613191595574, 36.019170278885326 ], [ 139.436584306021018, 36.019716108012005 ], [ 139.436990414675961, 36.020074999561643 ], [ 139.435463475559004, 36.021600559118554 ], [ 139.435971802956374, 36.022222505064633 ], [ 139.435895420837028, 36.022742774559447 ], [ 139.433836251242042, 36.023596667352365 ], [ 139.432159299811929, 36.023748891997798 ], [ 139.432311803247217, 36.024738891786455 ], [ 139.426678755720104, 36.030078081338445 ], [ 139.424466252615503, 36.031236694118206 ], [ 139.424058197827662, 36.032813360348371 ], [ 139.422836278171758, 36.034213081368648 ], [ 139.420039027779012, 36.035230864812604 ], [ 139.419010143103719, 36.034926134933244 ], [ 139.417994034197363, 36.03544669400975 ], [ 139.419722944858108, 36.03796197276688 ], [ 139.420750998559811, 36.038460305998399 ], [ 139.420877952255751, 36.039044198031377 ], [ 139.42053488967349, 36.039551973245011 ], [ 139.419468222680393, 36.039628081071157 ], [ 139.41918795076333, 36.041103918910778 ], [ 139.419150194525969, 36.0444864139169 ], [ 139.420167691086135, 36.045886413727089 ], [ 139.42010435812972, 36.047920027287489 ], [ 139.416902166401883, 36.052593358796514 ], [ 139.417869389960401, 36.053005865228556 ], [ 139.419374112225569, 36.053080305711603 ], [ 139.419834111854811, 36.053527531370548 ], [ 139.417058832798944, 36.053291694056497 ], [ 139.41623771669731, 36.054671135364686 ], [ 139.414383281363371, 36.0541139190222 ], [ 139.413798560155442, 36.054821973255514 ], [ 139.416078274992515, 36.05554474759208 ], [ 139.416115498831232, 36.055805586059023 ], [ 139.418702165772402, 36.056041694068995 ], [ 139.418540531520421, 36.056874468082299 ], [ 139.417283579673494, 36.057886135237027 ], [ 139.417334136860973, 36.063738081347424 ], [ 139.416314136588198, 36.063874747721457 ], [ 139.418503061267302, 36.065576972799136 ] ] ] } },
{ "type": "Feature", "properties": { "regioncode": "1121400", "regionname": "埼玉県春日部市", "name": "春日部市", "namekana": "かすかべし", "PrefCode": "11" }, "geometry": { "type": "Polygon", "coordinates": [ [ [ 139.83333141421349, 35.968967027706242 ], [ 139.83159058393835, 35.969985919114947 ], [ 139.827234448710897, 35.971360944751837 ], [ 139.825763890790995, 35.972582332908416 ], [ 139.825105304666181, 35.974869000404112 ], [ 139.826589779594769, 35.979929802118704 ], [ 139.826645330717497, 35.983431198291214 ], [ 139.826030636005157, 35.984532586309854 ], [ 139.822043969253855, 35.988577612766676 ], [ 139.817552308892004, 35.994080387200142 ], [ 139.815412581625424, 35.99557122483219 ], [ 139.814259247866062, 35.997061225195466 ], [ 139.814447302401163, 35.9988551082767 ], [ 139.816620116625131, 36.001492333304611 ], [ 139.816965667631507, 36.003195919056452 ], [ 139.813421854934745, 36.023425054222912 ], [ 139.813987977263423, 36.025016721144823 ], [ 139.817272438072678, 36.029729198343887 ], [ 139.817595226338653, 36.03137444057802 ], [ 139.815503280951702, 36.036549171107424 ], [ 139.81467243778286, 36.037705558964433 ], [ 139.806949105017225, 36.043167774872984 ], [ 139.805808249351344, 36.041419169958772 ], [ 139.8046588069584, 36.0379758645945 ], [ 139.80554464277111, 36.036606694443435 ], [ 139.805833255900097, 36.034941972893762 ], [ 139.804648807396575, 36.035272532201645 ], [ 139.803573503314624, 36.034644747856873 ], [ 139.803284890185637, 36.033917531768736 ], [ 139.801198781398739, 36.033069775050137 ], [ 139.800430998691695, 36.033585332996779 ], [ 139.799094331837978, 36.035433640350277 ], [ 139.798761829994532, 36.036825027353188 ], [ 139.787592308638182, 36.030734802269365 ], [ 139.778079753977522, 36.026052305769326 ], [ 139.780078612338116, 36.019755946179998 ], [ 139.780621945846178, 36.019096774596505 ], [ 139.783367522992876, 36.0176890001473 ], [ 139.78375224397098, 36.01715399975734 ], [ 139.783506134600543, 36.015640946172766 ], [ 139.783698612001444, 36.015124279362055 ], [ 139.783217497189753, 36.014727612689228 ], [ 139.782964163565339, 36.013852333118734 ], [ 139.783463605660927, 36.012569559037956 ], [ 139.780129415939882, 36.011992332779982 ], [ 139.779243021648199, 36.011329027013062 ], [ 139.779507470893122, 36.010709865368028 ], [ 139.78078469525758, 36.009889305946785 ], [ 139.780983839332748, 36.004720413816074 ], [ 139.779873281826553, 36.004642359857087 ], [ 139.779203554000901, 36.004262360319728 ], [ 139.777155499127048, 36.006588197787153 ], [ 139.776256329066427, 36.006099865016836 ], [ 139.775419364212325, 36.007058747363374 ], [ 139.776318832847892, 36.00756791922413 ], [ 139.775503839330781, 36.00844264031565 ], [ 139.774652970058582, 36.007929864871414 ], [ 139.773934916263443, 36.008732079921629 ], [ 139.773325187607384, 36.007139585623406 ], [ 139.771854915671838, 36.008384305791139 ], [ 139.770666304206657, 36.007551802473756 ], [ 139.77038380017234, 36.007884027326043 ], [ 139.769490440631444, 36.007286802843737 ], [ 139.769623774117917, 36.006311531252209 ], [ 139.769050441025115, 36.006365972611604 ], [ 139.768820441210437, 36.004969305688974 ], [ 139.765092632618916, 36.005338468395678 ], [ 139.764806251607297, 36.004569585817762 ], [ 139.760014279735287, 36.004835135832877 ], [ 139.757530920615523, 35.999599306263008 ], [ 139.752325058254883, 36.000592918628342 ], [ 139.747520026428106, 36.000295693591454 ], [ 139.747561414127972, 36.001085694049607 ], [ 139.746359468414767, 36.001362919063524 ], [ 139.745707781888655, 36.001331531824803 ], [ 139.744968340416676, 36.000580972933619 ], [ 139.74378805397555, 36.000544865153472 ], [ 139.745055836357778, 35.9973920812796 ], [ 139.744276938929602, 35.996958197962499 ], [ 139.742897471541141, 35.997812640241193 ], [ 139.74257775625847, 35.998658198117425 ], [ 139.738712749793649, 35.998037360136095 ], [ 139.733584668897379, 35.997842639826047 ], [ 139.7302018546319, 35.998856252214296 ], [ 139.729842140202663, 35.998765134703262 ], [ 139.730002140386546, 35.998325973265082 ], [ 139.729307977081589, 35.998275972757995 ], [ 139.727953527033719, 35.999196251705712 ], [ 139.726407977346298, 35.999655693755301 ], [ 139.724908222936165, 35.998746532226733 ], [ 139.724618493748608, 35.998077918661068 ], [ 139.722974060004958, 35.998348198210806 ], [ 139.721476277808051, 35.999081531487548 ], [ 139.721755719650787, 35.999520135346017 ], [ 139.720505719563334, 35.999477081202372 ], [ 139.717952386893216, 36.001045134625315 ], [ 139.716692387243938, 36.002934026584114 ], [ 139.715929882657974, 36.003454305971502 ], [ 139.716072387430813, 36.00381874813678 ], [ 139.71377406022475, 36.004847918796486 ], [ 139.707857301773174, 35.995305414013671 ], [ 139.708472309449576, 35.994492080645045 ], [ 139.710265939821284, 35.994995414107109 ], [ 139.710698716072898, 35.994469585902721 ], [ 139.710378974710011, 35.993966532129832 ], [ 139.710641192736944, 35.993777919115701 ], [ 139.712840947052086, 35.992491251869808 ], [ 139.715917613207353, 35.991320973084498 ], [ 139.716373994864057, 35.99196569436134 ], [ 139.718055382649823, 35.991168198953289 ], [ 139.718855382669858, 35.991339586352865 ], [ 139.718304552413201, 35.990803747794757 ], [ 139.719094280376794, 35.990369865377033 ], [ 139.718713449865845, 35.989696251580824 ], [ 139.72176372181832, 35.987915973443478 ], [ 139.724486782639019, 35.985726251964991 ], [ 139.725885383104014, 35.985095972900865 ], [ 139.725202607014808, 35.984652081028742 ], [ 139.725673994759063, 35.983756251949501 ], [ 139.725848715945517, 35.982195413787395 ], [ 139.726570947091545, 35.981838468370654 ], [ 139.72409202342817, 35.975861000284965 ], [ 139.724647275651364, 35.972719892309215 ], [ 139.722944501087909, 35.971416279137998 ], [ 139.721642801673966, 35.969087385774287 ], [ 139.720550309749115, 35.968613505109204 ], [ 139.717413060764216, 35.968100720671771 ], [ 139.716918054125017, 35.968562386744793 ], [ 139.715990828813801, 35.968466838274026 ], [ 139.715316667330399, 35.96784377537 ], [ 139.715148054339352, 35.968270440728304 ], [ 139.714083891058749, 35.96860683843488 ], [ 139.71397722426957, 35.969027945982987 ], [ 139.71203194571774, 35.97040517136162 ], [ 139.710894720614874, 35.970688775266808 ], [ 139.713021115432184, 35.969106278731829 ], [ 139.711261361622633, 35.967668225008651 ], [ 139.711108300607634, 35.967295721320511 ], [ 139.711394967603724, 35.967037667154671 ], [ 139.712007198173751, 35.966768224873704 ], [ 139.711737470807748, 35.967823504651051 ], [ 139.712963890671062, 35.968426838228027 ], [ 139.712453021789543, 35.967235170866502 ], [ 139.713289974053168, 35.967106279131542 ], [ 139.713216913130054, 35.966487106694672 ], [ 139.714318339819556, 35.967278504699266 ], [ 139.713388611695109, 35.967817386563183 ], [ 139.713396394428173, 35.968171559370035 ], [ 139.713968884856172, 35.968208774215611 ], [ 139.7146961090383, 35.967729612731489 ], [ 139.714656394077338, 35.966554613404753 ], [ 139.713925810927549, 35.966206558685769 ], [ 139.714414968376104, 35.965659332911912 ], [ 139.714212749518879, 35.965468504867658 ], [ 139.713706913243527, 35.965850170848739 ], [ 139.713381088866186, 35.965575170757575 ], [ 139.711737470807748, 35.966688775166915 ], [ 139.711445252296585, 35.966211837706169 ], [ 139.712604422656, 35.965525171149807 ], [ 139.712345810910506, 35.965233225133261 ], [ 139.713334695539857, 35.964242108386657 ], [ 139.714463865415155, 35.964556279348869 ], [ 139.7162760829749, 35.963056559112943 ], [ 139.716743580252114, 35.962949612634588 ], [ 139.717249144032849, 35.963264055192042 ], [ 139.717333864666216, 35.961499053838338 ], [ 139.717822749620268, 35.960539053634477 ], [ 139.720286083535939, 35.959643505143674 ], [ 139.72089275000053, 35.959952108403115 ], [ 139.721263580050277, 35.959497386894952 ], [ 139.722443333193382, 35.960098224853255 ], [ 139.725193060711263, 35.960687386913435 ], [ 139.722339170116697, 35.958913774551093 ], [ 139.721034695394906, 35.958737665710771 ], [ 139.720568300686637, 35.958378505263852 ], [ 139.720629144319673, 35.957185170559228 ], [ 139.719392750075372, 35.95564989202893 ], [ 139.719504942299295, 35.954760720630816 ], [ 139.71910050638337, 35.953699892036468 ], [ 139.71937022025952, 35.952209360173867 ], [ 139.721100219999244, 35.952613252000049 ], [ 139.721996614752015, 35.952212693960689 ], [ 139.72314302193297, 35.952967135225151 ], [ 139.722379144082311, 35.953477972630367 ], [ 139.722598300770983, 35.953741865194957 ], [ 139.723705252895115, 35.953439639927467 ], [ 139.723913022368151, 35.953787692847811 ], [ 139.72441330712843, 35.953591305194607 ], [ 139.724834694365768, 35.954169613337058 ], [ 139.725862477371493, 35.954113251925094 ], [ 139.725604137221239, 35.953681026957895 ], [ 139.726225253093048, 35.953406026866674 ], [ 139.726871388104087, 35.954309359889123 ], [ 139.728365550529816, 35.95368074816804 ], [ 139.728803605801886, 35.953837973044074 ], [ 139.729671946203439, 35.955214892653203 ], [ 139.730581673405595, 35.954844332400057 ], [ 139.730767224228089, 35.955102107776099 ], [ 139.731435836894434, 35.954866559144421 ], [ 139.731666109203616, 35.955164053977967 ], [ 139.732203358798074, 35.954952386843217 ], [ 139.732810311246908, 35.955878505089004 ], [ 139.732428079592296, 35.956058224707363 ], [ 139.733220311268383, 35.957234332898224 ], [ 139.733602529433256, 35.957054614179128 ], [ 139.733928366401074, 35.957515171388081 ], [ 139.734995575685389, 35.957363506120942 ], [ 139.735498910946035, 35.955745721088192 ], [ 139.734690025624218, 35.956082667381224 ], [ 139.734392528992089, 35.955610999048417 ], [ 139.734808079629261, 35.955454053861558 ], [ 139.734475576886439, 35.954777973224964 ], [ 139.735081971755676, 35.954542135011593 ], [ 139.734733917036692, 35.95395074802866 ], [ 139.736526134573523, 35.953434081217949 ], [ 139.736876419611121, 35.952629639446343 ], [ 139.738269467661894, 35.953067414129919 ], [ 139.738550584042287, 35.952466864853989 ], [ 139.738938080328239, 35.952607134811501 ], [ 139.739255305388042, 35.951695467771685 ], [ 139.741653942975177, 35.951487693802108 ], [ 139.742128948692084, 35.951847134837465 ], [ 139.745761167444016, 35.952257134858939 ], [ 139.748446719340677, 35.946698803007394 ], [ 139.749838366247673, 35.942912134687333 ], [ 139.75040311261364, 35.942413802355134 ], [ 139.751276160966086, 35.942409640292738 ], [ 139.751567004413801, 35.941993532075912 ], [ 139.751504228137719, 35.941592973137233 ], [ 139.750741970865306, 35.941098251583071 ], [ 139.74991697778637, 35.94179713542951 ], [ 139.749280584231656, 35.941436027051054 ], [ 139.749736419999863, 35.940917693796564 ], [ 139.75001919562942, 35.94106686614299 ], [ 139.750278365854001, 35.940721306143416 ], [ 139.750671141160296, 35.940854919319122 ], [ 139.751125576684103, 35.940417973810497 ], [ 139.751488910884632, 35.940651864991651 ], [ 139.75170836614825, 35.940437413555856 ], [ 139.75303199732889, 35.941361585668687 ], [ 139.752895057560977, 35.942013532098883 ], [ 139.753470051701584, 35.942479081444503 ], [ 139.754183384955354, 35.942361585918491 ], [ 139.754860337034984, 35.942731585894023 ], [ 139.755606718575223, 35.942134918991371 ], [ 139.758562580598664, 35.944454640169567 ], [ 139.759383410715941, 35.9444257476502 ], [ 139.760901776595801, 35.943472693809838 ], [ 139.759914526933926, 35.94266574832568 ], [ 139.760135083867112, 35.942490467760933 ], [ 139.759881192662988, 35.941945198012547 ], [ 139.760155913064978, 35.941663250658564 ], [ 139.759877301296456, 35.941389918809762 ], [ 139.760166200409913, 35.941121864182719 ], [ 139.759774254278454, 35.940833251953052 ], [ 139.764708003371766, 35.936343386638043 ], [ 139.76511097339278, 35.936317108447838 ], [ 139.7655858109365, 35.935522026820138 ], [ 139.767829638327157, 35.936204171585302 ], [ 139.768202310188485, 35.936590918735988 ], [ 139.768898586001001, 35.936507387006372 ], [ 139.769756252349225, 35.937818891728512 ], [ 139.776996251675769, 35.937752666552399 ], [ 139.7773931908431, 35.937868504627829 ], [ 139.777207951186028, 35.939003774604544 ], [ 139.779209053355203, 35.938107666735505 ], [ 139.779656278114771, 35.939029053647971 ], [ 139.780007393226697, 35.938932667009055 ], [ 139.780489053027395, 35.939750720919108 ], [ 139.781280168644912, 35.939627108204547 ], [ 139.781798520785173, 35.940505720662543 ], [ 139.782245746444119, 35.940361278750061 ], [ 139.782748248932648, 35.941103775219119 ], [ 139.783037418741969, 35.941874055343419 ], [ 139.779062411701034, 35.943094614325048 ], [ 139.777269921669586, 35.94412961259161 ], [ 139.776313256151866, 35.945298224933197 ], [ 139.776154086042311, 35.947970170087331 ], [ 139.779109974146081, 35.953726839322201 ], [ 139.779048028843476, 35.955170720652291 ], [ 139.778311089285353, 35.956707946214806 ], [ 139.777306355004384, 35.957916558602335 ], [ 139.777905253125027, 35.958569891787135 ], [ 139.787298054062035, 35.954907667155169 ], [ 139.790198365862011, 35.953288468388166 ], [ 139.794168080392637, 35.950229587225749 ], [ 139.796736977629507, 35.948899304659221 ], [ 139.799017250046063, 35.946680973947821 ], [ 139.800098054381806, 35.942682080913357 ], [ 139.801105837364616, 35.941805973067233 ], [ 139.80243416210692, 35.941427919662829 ], [ 139.80432863795636, 35.943990694315119 ], [ 139.803931698788915, 35.945693467979197 ], [ 139.805989221725213, 35.946931532264443 ], [ 139.805988105666643, 35.947706532030907 ], [ 139.805300337440713, 35.948655134227124 ], [ 139.805189780184264, 35.949384026651558 ], [ 139.80636785968909, 35.951865972936332 ], [ 139.804990921194076, 35.954393468084163 ], [ 139.805594553346054, 35.954903198423892 ], [ 139.807642334825914, 35.953394585691626 ], [ 139.809417326748303, 35.952909026430461 ], [ 139.820680506200461, 35.965967332726279 ], [ 139.822100777628862, 35.965085387380782 ], [ 139.822845499020673, 35.964006225207186 ], [ 139.823690531692705, 35.964536505055719 ], [ 139.824407471227914, 35.964080666589552 ], [ 139.825296640827332, 35.964243441181907 ], [ 139.827413306778794, 35.965323440624331 ], [ 139.829319728322844, 35.964993720383916 ], [ 139.828622502826306, 35.966232612944793 ], [ 139.83101221823938, 35.966732612620035 ], [ 139.83075611020638, 35.967430386703029 ], [ 139.83333141421349, 35.968967027706242 ] ] ] } },
{ "type": "Feature", "properties": { "regioncode": "1121500", "regionname": "埼玉県狭山市", "name": "狭山市", "namekana": "さやまし", "PrefCode": "11" }, "geometry": { "type": "Polygon", "coordinates": [ [ [ 139.476054135989671, 35.839925667135901 ], [ 139.472683890649137, 35.84426064041628 ], [ 139.472005550915469, 35.844017307252955 ], [ 139.471656938616889, 35.844376197903273 ], [ 139.468932776126735, 35.848077865001528 ], [ 139.46652111455785, 35.847147865281784 ], [ 139.464485032358425, 35.850274251355643 ], [ 139.466271414194466, 35.851470359569475 ], [ 139.460828664111659, 35.857359532216663 ], [ 139.460378105565155, 35.85780174775249 ], [ 139.459907562284229, 35.857585081286516 ], [ 139.458780610137069, 35.859044802375763 ], [ 139.458891439888134, 35.859764802303857 ], [ 139.460451751047572, 35.862218694237413 ], [ 139.460266471820319, 35.862494504617757 ], [ 139.46358817085752, 35.865093108260396 ], [ 139.463445382798227, 35.865663387255552 ], [ 139.465788999862525, 35.867076721313708 ], [ 139.465937055250947, 35.867467558581041 ], [ 139.464963191098491, 35.869462000371072 ], [ 139.463974578064381, 35.870032837845258 ], [ 139.464254578386203, 35.870238666581258 ], [ 139.462926809424744, 35.871774224800674 ], [ 139.461842917716581, 35.87379755911013 ], [ 139.461757950668925, 35.875713107873707 ], [ 139.462455720255321, 35.876422838443318 ], [ 139.4621857203947, 35.877650332996495 ], [ 139.462000726252541, 35.877861440752952 ], [ 139.454748715580877, 35.871042279177914 ], [ 139.45425732781348, 35.871327278830904 ], [ 139.455791244770239, 35.874803386966789 ], [ 139.453977638657193, 35.876156999745774 ], [ 139.455220168975643, 35.879542279052998 ], [ 139.455775447279166, 35.880902838195482 ], [ 139.457050441324895, 35.880284225136904 ], [ 139.459568520570883, 35.88429530578378 ], [ 139.460985497782531, 35.886771694258357 ], [ 139.46035577180146, 35.887824197828536 ], [ 139.460042438108076, 35.887528360445515 ], [ 139.459360778077553, 35.887786973090385 ], [ 139.458408274622229, 35.886770865083406 ], [ 139.457884111962244, 35.887183081034436 ], [ 139.457493280990207, 35.887056414222172 ], [ 139.447336809046533, 35.879344775341167 ], [ 139.441300725847896, 35.884886170260586 ], [ 139.437712360736896, 35.882369504748908 ], [ 139.437028470387645, 35.882673386567603 ], [ 139.437418470386206, 35.88319283767936 ], [ 139.437245135954299, 35.883400613447577 ], [ 139.436458755267381, 35.882892559444088 ], [ 139.434782088022985, 35.88363200001686 ], [ 139.434194578017468, 35.882878108238174 ], [ 139.432598755328399, 35.881869774870268 ], [ 139.432694864976156, 35.882427838374099 ], [ 139.432334306083476, 35.88269199983597 ], [ 139.432584034325828, 35.883577000178491 ], [ 139.433007366796573, 35.883548945827215 ], [ 139.433108196985813, 35.884101171831674 ], [ 139.433641803426553, 35.883376171673035 ], [ 139.433852918377511, 35.884761170791478 ], [ 139.432848196687019, 35.885164225348774 ], [ 139.432829026738204, 35.884616999574916 ], [ 139.432367638555775, 35.884804224935067 ], [ 139.431236550426547, 35.886497837205468 ], [ 139.431654889861306, 35.888155892080817 ], [ 139.431359610957315, 35.888445613174554 ], [ 139.430657664919408, 35.88880586539841 ], [ 139.429042387196432, 35.888460333277806 ], [ 139.42787739282744, 35.89142864011967 ], [ 139.427044617015554, 35.891481693825142 ], [ 139.426543502180948, 35.892160306053313 ], [ 139.423538223310402, 35.892986414291613 ], [ 139.423137665271156, 35.892343080668695 ], [ 139.422204331764533, 35.89248725278452 ], [ 139.418830999051465, 35.894924748278584 ], [ 139.418191829289526, 35.89416641384895 ], [ 139.417778222986612, 35.894756693766453 ], [ 139.417240169398383, 35.894392251601175 ], [ 139.417076835427679, 35.89459836002635 ], [ 139.417533217084383, 35.894939197685858 ], [ 139.417422672418411, 35.895232251667153 ], [ 139.418134617118994, 35.896449747557881 ], [ 139.415949883280518, 35.896747801769664 ], [ 139.416156277690106, 35.897980306446016 ], [ 139.413135446843512, 35.897656135022658 ], [ 139.413178780676276, 35.898293640139457 ], [ 139.41283267209019, 35.8983319728423 ], [ 139.411552113939024, 35.90094919784724 ], [ 139.408160726436449, 35.899702251857491 ], [ 139.401550972899145, 35.895669747560873 ], [ 139.401961245415237, 35.895198081026649 ], [ 139.400486252038945, 35.893587801735691 ], [ 139.401279558405008, 35.892294504687698 ], [ 139.401186225863739, 35.891959506326202 ], [ 139.400971777125847, 35.89185699980078 ], [ 139.400090946939713, 35.893120612925998 ], [ 139.399515667714013, 35.891938386647269 ], [ 139.396549559714458, 35.889221442115911 ], [ 139.388070610270461, 35.882423945208984 ], [ 139.389642826655177, 35.881247279438469 ], [ 139.387266718884007, 35.880366720847519 ], [ 139.387316419916942, 35.879540053230926 ], [ 139.38781613540641, 35.878709505039694 ], [ 139.387773359153243, 35.878155892280631 ], [ 139.389453359285199, 35.875701720657958 ], [ 139.380575005632068, 35.871103972670255 ], [ 139.379091115262781, 35.870750360141074 ], [ 139.378696082658166, 35.869887027164623 ], [ 139.375131920102149, 35.86877786540623 ], [ 139.372901088814274, 35.866825359902464 ], [ 139.373761362297046, 35.865916747859671 ], [ 139.373656057081462, 35.865625640011331 ], [ 139.365101310077421, 35.859210640059018 ], [ 139.364687977168501, 35.860626747626327 ], [ 139.360888806473326, 35.859379532739297 ], [ 139.362232113920982, 35.85553927921444 ], [ 139.36150461724435, 35.853622054114567 ], [ 139.362506835222348, 35.851601505005476 ], [ 139.362475421903241, 35.848429559276781 ], [ 139.36329875483375, 35.845261774711162 ], [ 139.364127885693392, 35.843511774948524 ], [ 139.36405121938833, 35.842232054066073 ], [ 139.367967328029863, 35.841400666807374 ], [ 139.37162732773902, 35.841769279128982 ], [ 139.372911529943167, 35.842644000220503 ], [ 139.372850143119649, 35.844918441432981 ], [ 139.37132374809255, 35.846107332587394 ], [ 139.370835694112088, 35.847694557757677 ], [ 139.372349882641061, 35.848997613349241 ], [ 139.389923256852853, 35.852585641214432 ], [ 139.389450752150537, 35.85169705437562 ], [ 139.389316588589736, 35.849772053737354 ], [ 139.39194488964506, 35.847119837010894 ], [ 139.392526834645764, 35.845043720591264 ], [ 139.394512386637416, 35.844936224627133 ], [ 139.392416834969026, 35.844472892110332 ], [ 139.391815446625628, 35.844040667143133 ], [ 139.392896524355137, 35.842476505086665 ], [ 139.39401014315365, 35.841670108189021 ], [ 139.393475135569133, 35.839814838284212 ], [ 139.39752958422298, 35.838936775311993 ], [ 139.397747081662601, 35.839575386594845 ], [ 139.401952361012718, 35.838762054125539 ], [ 139.40743457784356, 35.840299559377229 ], [ 139.41092483771115, 35.83551622459413 ], [ 139.411757328438057, 35.832442640415593 ], [ 139.411415382813743, 35.832134027263578 ], [ 139.412612866090967, 35.830514305990505 ], [ 139.413155642019319, 35.827722359799111 ], [ 139.415204500887057, 35.82575930614712 ], [ 139.419463359146789, 35.817828468309244 ], [ 139.424652555271223, 35.820694864876145 ], [ 139.424551970597008, 35.819027081134948 ], [ 139.428573916852883, 35.818926251845085 ], [ 139.428784189139037, 35.817706837700428 ], [ 139.429143358579154, 35.817706837700428 ], [ 139.429179755041673, 35.818102080746485 ], [ 139.431254747308799, 35.817968775138922 ], [ 139.431297562232771, 35.819056532133288 ], [ 139.432523384946307, 35.819035414252994 ], [ 139.432644501142931, 35.821527081309796 ], [ 139.433035057821712, 35.821625972560639 ], [ 139.43845202344221, 35.82100458599291 ], [ 139.441147029911576, 35.820209586203475 ], [ 139.437810078372536, 35.823994865071029 ], [ 139.444644577885015, 35.827980135175153 ], [ 139.449794033867647, 35.830570694382118 ], [ 139.448651284229413, 35.834618999767088 ], [ 139.448383800671877, 35.838494279187671 ], [ 139.44877185633618, 35.837845667443673 ], [ 139.448977107707378, 35.834614558914836 ], [ 139.449539882759495, 35.832445108155241 ], [ 139.454055745676214, 35.834328442303843 ], [ 139.453527133170724, 35.835957892442821 ], [ 139.458908002702174, 35.839817054213711 ], [ 139.463373306632889, 35.843601225116515 ], [ 139.465954669372536, 35.836604837743096 ], [ 139.466305499399368, 35.837824838245751 ], [ 139.471299974314434, 35.837844558579548 ], [ 139.473986329305717, 35.832784837850056 ], [ 139.478308833485926, 35.834946224388773 ], [ 139.474852477160198, 35.839297612994471 ], [ 139.476054135989671, 35.839925667135901 ] ] ] } },
{ "type": "Feature", "properties": { "regioncode": "1121600", "regionname": "埼玉県羽生市", "name": "羽生市", "namekana": "はにゅうし", "PrefCode": "11" }, "geometry": { "type": "Polygon", "coordinates": [ [ [ 139.524425226243238, 36.138216171339309 ], [ 139.525886354771501, 36.141835332834376 ], [ 139.524790531757731, 36.144293667418879 ], [ 139.525611673040316, 36.14615894677803 ], [ 139.526958885344357, 36.143522280229092 ], [ 139.529847782049615, 36.140955892100806 ], [ 139.532985279247328, 36.139223386849892 ], [ 139.538757781946174, 36.137285613140591 ], [ 139.540982244235238, 36.137295054223443 ], [ 139.542778079744608, 36.136783667332452 ], [ 139.544958911424715, 36.136728386905588 ], [ 139.547486446142671, 36.137121467981387 ], [ 139.54988089468759, 36.138002306261455 ], [ 139.552736161244866, 36.136978973101179 ], [ 139.554717029567314, 36.137316197284747 ], [ 139.558745914092697, 36.137295359992947 ], [ 139.564354553120211, 36.136707305897517 ], [ 139.566422360703427, 36.137142305273244 ], [ 139.569767911559893, 36.136783413723606 ], [ 139.573504332059315, 36.137055640305618 ], [ 139.574059882857341, 36.138527864669243 ], [ 139.572514332270657, 36.138897584955657 ], [ 139.572198494864665, 36.138342865131165 ], [ 139.57117238729586, 36.139563135430421 ], [ 139.569518222887723, 36.140607027092699 ], [ 139.569593217353145, 36.143242054177506 ], [ 139.570944890294527, 36.143340946327669 ], [ 139.571467392805971, 36.14218817104728 ], [ 139.572947418788431, 36.142134000383862 ], [ 139.572816860609692, 36.142992891608685 ], [ 139.573492166030746, 36.14608717098622 ], [ 139.573236744180463, 36.146013333048927 ], [ 139.573587977103557, 36.147117225679494 ], [ 139.574299493726699, 36.146984332860711 ], [ 139.574507030275299, 36.147645170887984 ], [ 139.573868470253728, 36.147737468309572 ], [ 139.573966524235743, 36.148051305623312 ], [ 139.572614189393335, 36.148841387919788 ], [ 139.572869611243618, 36.149528080556536 ], [ 139.572481919804773, 36.149642531877419 ], [ 139.572624034271826, 36.150160441551179 ], [ 139.583214812213896, 36.150525945815787 ], [ 139.583246719260728, 36.150747467721487 ], [ 139.586303890812019, 36.150455108016899 ], [ 139.589614812373725, 36.164115693884241 ], [ 139.589298974967733, 36.165333467665448 ], [ 139.590867587769026, 36.164864305743151 ], [ 139.594793449558097, 36.164809558614309 ], [ 139.595314552724517, 36.16449427878797 ], [ 139.595630363150804, 36.162959838425877 ], [ 139.596359248380622, 36.162242891696167 ], [ 139.600877614110686, 36.16146899989451 ], [ 139.607098715733173, 36.159272332951844 ], [ 139.608471218771797, 36.159540107889711 ], [ 139.607950946578967, 36.160323720463396 ], [ 139.607881803102828, 36.16117038720364 ], [ 139.609185135685493, 36.16507261301075 ], [ 139.608922943738889, 36.166515387275354 ], [ 139.611922386908645, 36.168749000166258 ], [ 139.612791310070975, 36.170214000275962 ], [ 139.613103257009811, 36.171464837632186 ], [ 139.612456861195255, 36.173533172218185 ], [ 139.610605187679312, 36.174948170921425 ], [ 139.61059630417617, 36.17547177510238 ], [ 139.608419363862595, 36.178897891724375 ], [ 139.606618806912479, 36.18029066817985 ], [ 139.607287173164536, 36.181696504590093 ], [ 139.606962166271046, 36.182480107271203 ], [ 139.604910220030661, 36.183577054437592 ], [ 139.605253281713658, 36.184917892346903 ], [ 139.603036614748021, 36.186171225321857 ], [ 139.603622437625404, 36.187385387425763 ], [ 139.603761051031711, 36.188570388112964 ], [ 139.603336355188731, 36.191874278775003 ], [ 139.60374330740774, 36.192198720894282 ], [ 139.603253579788884, 36.192852612558056 ], [ 139.604649974216954, 36.1928748384031 ], [ 139.605405811229275, 36.194206505026216 ], [ 139.606623060705715, 36.194388170777529 ], [ 139.609883605843834, 36.19680813488759 ], [ 139.607887807876068, 36.199457864988517 ], [ 139.603786420007395, 36.203415360430597 ], [ 139.598138080408148, 36.207208171120271 ], [ 139.594359728119002, 36.208887892462315 ], [ 139.591610829776073, 36.209704279029324 ], [ 139.586649440919018, 36.210353720847593 ], [ 139.583004694611077, 36.209238747670099 ], [ 139.57539688695681, 36.205077946090398 ], [ 139.571929637143057, 36.203659612701017 ], [ 139.567536304157215, 36.202468531697434 ], [ 139.55422763919421, 36.200706305651522 ], [ 139.548472579745862, 36.198644332869719 ], [ 139.544675888481493, 36.196629026808182 ], [ 139.536050272202374, 36.193238467581239 ], [ 139.53107192033292, 36.192003441205884 ], [ 139.526379973756889, 36.19135372059776 ], [ 139.520069662984611, 36.191272027082448 ], [ 139.511716589848788, 36.192946721214241 ], [ 139.505077950986674, 36.193580053476751 ], [ 139.500172088071508, 36.193392251651119 ], [ 139.495516782573532, 36.192578640392014 ], [ 139.495542335010782, 36.189735306039609 ], [ 139.496495357374897, 36.187470305909926 ], [ 139.501725356640009, 36.182528945854244 ], [ 139.499364526551744, 36.181892000115738 ], [ 139.499745887662698, 36.179761721126567 ], [ 139.497447003776301, 36.179489224747954 ], [ 139.497926693162412, 36.176725612597011 ], [ 139.49565197136144, 36.176495891572188 ], [ 139.495585577112706, 36.17687117056812 ], [ 139.488594162990239, 36.176438360142242 ], [ 139.488037470952577, 36.172938359717591 ], [ 139.491110246640687, 36.17041753214346 ], [ 139.493698028741051, 36.167016693665516 ], [ 139.495052476990281, 36.166481972964732 ], [ 139.495600804433593, 36.164947838372086 ], [ 139.496863021811123, 36.163110892154009 ], [ 139.497641634154206, 36.163127559289478 ], [ 139.497708028402826, 36.16380644131425 ], [ 139.497389689082979, 36.164352279434183 ], [ 139.497924694868857, 36.164388387214331 ], [ 139.498127471305793, 36.162975892223699 ], [ 139.49764302180813, 36.162272278842636 ], [ 139.498088029738824, 36.160975333245062 ], [ 139.498003553721105, 36.159996171186378 ], [ 139.498559389604225, 36.159320053677561 ], [ 139.498662438420865, 36.158652000389566 ], [ 139.497948561077351, 36.15833783842055 ], [ 139.497559390253741, 36.156942532172195 ], [ 139.49824022021005, 36.155614468233182 ], [ 139.503346614854422, 36.155609774671404 ], [ 139.507861920191544, 36.154332278711763 ], [ 139.509370532024491, 36.154690332992516 ], [ 139.511815525166412, 36.154208387207348 ], [ 139.512247197949932, 36.153951171209656 ], [ 139.511989973858249, 36.153666721042384 ], [ 139.512167197857934, 36.153517000109503 ], [ 139.513077470049211, 36.153057837749088 ], [ 139.513583022138846, 36.15315894582875 ], [ 139.514198301410602, 36.152662838419303 ], [ 139.515183281183567, 36.146941721183566 ], [ 139.514125771986869, 36.144578386483374 ], [ 139.514180218742126, 36.143638388101181 ], [ 139.51632297042886, 36.138119468138996 ], [ 139.518354085672627, 36.138000306169261 ], [ 139.519431050802382, 36.138763666010448 ], [ 139.52233771721194, 36.138993947312883 ], [ 139.524010778174897, 36.13862672084656 ], [ 139.524425226243238, 36.138216171339309 ] ] ] } },
{ "type": "Feature", "properties": { "regioncode": "1121700", "regionname": "埼玉県鴻巣市", "name": "鴻巣市", "namekana": "こうのすし", "PrefCode": "11" }, "geometry": { "type": "Polygon", "coordinates": [ [ [ 139.532629299702535, 36.115955838191439 ], [ 139.530557081843881, 36.118010558840297 ], [ 139.530499584588256, 36.118631413908702 ], [ 139.529795135737004, 36.118868081296966 ], [ 139.529607638781613, 36.118510000036508 ], [ 139.527376809292377, 36.117907504627681 ], [ 139.526301219225957, 36.11809333334071 ], [ 139.521437056075342, 36.11997110788036 ], [ 139.520061776829607, 36.121073333167828 ], [ 139.518449001020599, 36.120907776073068 ], [ 139.516859273936461, 36.122297775422055 ], [ 139.51492983154651, 36.122586666441578 ], [ 139.510701479189947, 36.124603612866508 ], [ 139.508464527116303, 36.124867505431098 ], [ 139.50766869005804, 36.123733332627239 ], [ 139.506945057768235, 36.123432774702849 ], [ 139.507867275654348, 36.121201107944842 ], [ 139.507175616061886, 36.118991388242023 ], [ 139.50679810584802, 36.119003892415776 ], [ 139.506380856391502, 36.117344439993985 ], [ 139.506707523433533, 36.116875278971008 ], [ 139.506113360243489, 36.115275000141196 ], [ 139.501939689365258, 36.112518586163844 ], [ 139.49678108907608, 36.111685802258023 ], [ 139.494648559983148, 36.110293306391043 ], [ 139.497347172733953, 36.108967747963277 ], [ 139.495548248952559, 36.107027467843409 ], [ 139.496832139991284, 36.106129973219765 ], [ 139.497565771842915, 36.106906640329214 ], [ 139.502697173036154, 36.10371274844465 ], [ 139.501719663032077, 36.103511640250076 ], [ 139.499016031164956, 36.100496333039416 ], [ 139.497585447210668, 36.098393000436658 ], [ 139.49711627719455, 36.09679383766553 ], [ 139.496014306415191, 36.095539108043454 ], [ 139.495958196813376, 36.094233000152883 ], [ 139.493489001116586, 36.09191633307239 ], [ 139.494229273562155, 36.0903229997067 ], [ 139.49320844411443, 36.090121892411446 ], [ 139.491280078213094, 36.090814945053751 ], [ 139.48878814495697, 36.091096054239586 ], [ 139.485569805002569, 36.092748559398558 ], [ 139.485127587668103, 36.094194386861489 ], [ 139.483138975283509, 36.096417440812274 ], [ 139.482632606609627, 36.097405224671434 ], [ 139.480478145749885, 36.097801892243581 ], [ 139.481730661241045, 36.099603864726646 ], [ 139.481718715546322, 36.100086919375883 ], [ 139.484455421780353, 36.105016359817228 ], [ 139.479185109505238, 36.103498305102733 ], [ 139.478876224757983, 36.104132197642855 ], [ 139.477671218651835, 36.103816639926038 ], [ 139.477268171289097, 36.104648027184737 ], [ 139.475312892276179, 36.104091080638909 ], [ 139.474169273892926, 36.105611080586925 ], [ 139.471123164002847, 36.107491919116853 ], [ 139.469776497587304, 36.107851918631184 ], [ 139.467004279823755, 36.109911640409905 ], [ 139.466127328413563, 36.112751640076169 ], [ 139.463223722396947, 36.112735278710204 ], [ 139.461917327622587, 36.114554721423303 ], [ 139.461411218852732, 36.114494721354333 ], [ 139.460742334591146, 36.115840000115952 ], [ 139.459739000554464, 36.115840000115952 ], [ 139.459360661165647, 36.113821666936417 ], [ 139.458417302016983, 36.111619440384914 ], [ 139.447332308839009, 36.117609170726723 ], [ 139.446972023340322, 36.117351945735777 ], [ 139.445702580809552, 36.118037775023367 ], [ 139.445210051802519, 36.117652504559487 ], [ 139.444635331055792, 36.117995279358695 ], [ 139.443417275786715, 36.117283892237879 ], [ 139.443371166646102, 36.116852224850334 ], [ 139.441448664324412, 36.116445558615681 ], [ 139.44121228292056, 36.117422224156371 ], [ 139.438099753600795, 36.116792505369858 ], [ 139.437573359722819, 36.116233054212159 ], [ 139.438280856376537, 36.115791945741762 ], [ 139.436440856960076, 36.114073612906964 ], [ 139.435932219296546, 36.113169439917783 ], [ 139.43606527938914, 36.112909721106803 ], [ 139.434764721214947, 36.112728333246025 ], [ 139.431778301127792, 36.110690838211667 ], [ 139.432600532388733, 36.110449170592801 ], [ 139.434531089038614, 36.108658053826161 ], [ 139.435932476502671, 36.108255278957984 ], [ 139.437111361800021, 36.107391667191735 ], [ 139.438103022636483, 36.104553053380755 ], [ 139.437377471193372, 36.104172775053598 ], [ 139.432306886653578, 36.10396610814945 ], [ 139.431774668766025, 36.104207774868939 ], [ 139.430364111814356, 36.103033612811032 ], [ 139.431651894219613, 36.101970559293932 ], [ 139.432608274652239, 36.100584441418903 ], [ 139.432947665302549, 36.092625837912124 ], [ 139.434518494932604, 36.089555838431238 ], [ 139.434963773559389, 36.087948053859634 ], [ 139.433266251936061, 36.086915278717186 ], [ 139.433083476421416, 36.08585194641023 ], [ 139.435107367411092, 36.084419999983083 ], [ 139.437763476403347, 36.084719171152869 ], [ 139.442052387307854, 36.082953026760833 ], [ 139.443709052730696, 36.083323306425484 ], [ 139.445299339193184, 36.083070532179363 ], [ 139.449069078675052, 36.084050532406195 ], [ 139.450946861308694, 36.083611080487003 ], [ 139.452902411916853, 36.081488026651186 ], [ 139.456253527778131, 36.079675226330664 ], [ 139.457884059801586, 36.076156054158616 ], [ 139.459254331622219, 36.07448966706454 ], [ 139.462010725814366, 36.073304946066457 ], [ 139.466244060415079, 36.070236864839501 ], [ 139.46674822305215, 36.069384359700507 ], [ 139.46699405992797, 36.067508532193074 ], [ 139.469750142954808, 36.064752414092709 ], [ 139.471213190636263, 36.061866864664125 ], [ 139.472314306160342, 36.060725749094104 ], [ 139.47452513562655, 36.0598087742556 ], [ 139.477437912030041, 36.059923775062202 ], [ 139.483039611888671, 36.059058225256933 ], [ 139.482265136426918, 36.054723504686024 ], [ 139.482433190939105, 36.054116277943933 ], [ 139.483197082279617, 36.052923468443339 ], [ 139.485515137013977, 36.050670973386786 ], [ 139.488902088160899, 36.049766532399588 ], [ 139.490753475692372, 36.047786252233777 ], [ 139.491216783028221, 36.046846774559071 ], [ 139.491188171097292, 36.045545387209927 ], [ 139.489384254280026, 36.042964278978332 ], [ 139.489427029633816, 36.041433999779315 ], [ 139.489958144952539, 36.040471225166982 ], [ 139.491718145176378, 36.039341774703189 ], [ 139.491905886747304, 36.037121774850107 ], [ 139.494296445724444, 36.035066748431746 ], [ 139.494798106447547, 36.035676747783725 ], [ 139.502676199946791, 36.033845612984692 ], [ 139.50513620007564, 36.033889224707991 ], [ 139.508112607111229, 36.034493386560598 ], [ 139.510972891885558, 36.034522557869821 ], [ 139.511555382774759, 36.033765890783286 ], [ 139.511402606844854, 36.033431171211646 ], [ 139.512137612860556, 36.033642278968046 ], [ 139.512945383023066, 36.033198666785097 ], [ 139.514471504656285, 36.033250332836644 ], [ 139.5139773280913, 36.031878386478411 ], [ 139.515076497482482, 36.031623666099335 ], [ 139.516393995286762, 36.030787278610092 ], [ 139.516954552610628, 36.030983667162559 ], [ 139.517434552262785, 36.031900332634279 ], [ 139.519804033829132, 36.033831999946869 ], [ 139.52061929984086, 36.033824774793572 ], [ 139.520568195865621, 36.034195891727052 ], [ 139.522722672013742, 36.036036467608938 ], [ 139.523254059827082, 36.035061440633058 ], [ 139.524003774254879, 36.034530891887186 ], [ 139.525145448303874, 36.03244033325484 ], [ 139.525356549764979, 36.032265612967706 ], [ 139.526062672254625, 36.032571171122697 ], [ 139.526470168563492, 36.032076440575338 ], [ 139.526772944216077, 36.03224589173459 ], [ 139.526009882949779, 36.033536468333409 ], [ 139.524616278218673, 36.035139532363587 ], [ 139.524864331923482, 36.035272864950798 ], [ 139.525189052832616, 36.034891466967679 ], [ 139.525570440923161, 36.035034532018074 ], [ 139.52543683494207, 36.035225360062384 ], [ 139.52612433157276, 36.035272864051478 ], [ 139.526133774454138, 36.035587865087962 ], [ 139.526668495155036, 36.035492305825301 ], [ 139.527288780053254, 36.034652865137673 ], [ 139.526601555917182, 36.03432841492446 ], [ 139.526133773554875, 36.034490640031038 ], [ 139.526830725657533, 36.033460360507263 ], [ 139.529026304420427, 36.03437646839933 ], [ 139.529809077926643, 36.03388036009062 ], [ 139.530209921950359, 36.033966197681934 ], [ 139.531469921599637, 36.034863135625244 ], [ 139.530505745843584, 36.036284252416351 ], [ 139.523342166407929, 36.043786747660306 ], [ 139.522941050788972, 36.0442734139869 ], [ 139.523512723733234, 36.04460869383621 ], [ 139.520581050774922, 36.0475795592493 ], [ 139.525931673408081, 36.05088427908629 ], [ 139.521815277652991, 36.054839558598815 ], [ 139.523446394235748, 36.055449837639969 ], [ 139.523365836564153, 36.054933170829202 ], [ 139.524307808059007, 36.055163999818774 ], [ 139.524296694237137, 36.055596251765678 ], [ 139.525652801735532, 36.056280413710169 ], [ 139.525099196171027, 36.057139027044514 ], [ 139.525290026013977, 36.057606532415605 ], [ 139.527962802141701, 36.056595135057478 ], [ 139.532955577338043, 36.051583748391351 ], [ 139.533937250303893, 36.05253791918966 ], [ 139.534491167933083, 36.052433197634002 ], [ 139.536600856044743, 36.050372359796597 ], [ 139.536715305566986, 36.050000413688167 ], [ 139.536230583574593, 36.050042919245357 ], [ 139.535886977801852, 36.049690108012101 ], [ 139.536574189347448, 36.049203440786243 ], [ 139.537108637553615, 36.048898198293273 ], [ 139.537614748122223, 36.049289306256526 ], [ 139.538750856267029, 36.048564306097887 ], [ 139.539141996605963, 36.049222640412552 ], [ 139.541728949531489, 36.048030134882879 ], [ 139.54256894869809, 36.047457639958168 ], [ 139.542158663591522, 36.046980694403601 ], [ 139.543005616316236, 36.046020135720767 ], [ 139.545964772556317, 36.044331531774844 ], [ 139.546365888175274, 36.044159864686037 ], [ 139.547415888032901, 36.045247359977736 ], [ 139.548456160823207, 36.044636803046103 ], [ 139.548943113134214, 36.045047080058737 ], [ 139.550346445831906, 36.044274306114403 ], [ 139.551100362791544, 36.044827640083554 ], [ 139.553006743866149, 36.043969306438385 ], [ 139.553474527127833, 36.044398505186905 ], [ 139.555898975257605, 36.043034613156919 ], [ 139.556834527391629, 36.042824613365269 ], [ 139.558476226296875, 36.04322544120123 ], [ 139.558606744006056, 36.041262386649862 ], [ 139.560143411089598, 36.039230441331881 ], [ 139.559790363334628, 36.039010999558059 ], [ 139.561250920793441, 36.038267108240518 ], [ 139.562520363324211, 36.036759892155374 ], [ 139.564308145404652, 36.035499054337947 ], [ 139.565155083740137, 36.036162387084573 ], [ 139.567361777224278, 36.037030440602393 ], [ 139.567183449756499, 36.037506837570561 ], [ 139.56761788615654, 36.038080197643069 ], [ 139.567422607367462, 36.038896026630368 ], [ 139.569455136345482, 36.040411865415308 ], [ 139.570357366799158, 36.040518802001145 ], [ 139.570469856698537, 36.04115074750905 ], [ 139.570280972089222, 36.041695197975059 ], [ 139.568825966145482, 36.042869919411316 ], [ 139.56748294378292, 36.04569963982658 ], [ 139.567030725987252, 36.045572413636023 ], [ 139.56717014248818, 36.044159360166418 ], [ 139.566588755067073, 36.044250748373372 ], [ 139.565856524359219, 36.044901864729297 ], [ 139.566055719695782, 36.046406864884943 ], [ 139.565416278338603, 36.04654241430103 ], [ 139.564892917873976, 36.045606026696817 ], [ 139.56459542214111, 36.045599360022493 ], [ 139.563697638835038, 36.046309918867735 ], [ 139.563916252333229, 36.047320747854258 ], [ 139.562904033894142, 36.04734019839151 ], [ 139.562368469629178, 36.047685440930422 ], [ 139.561525446941914, 36.05028269379136 ], [ 139.561525446941914, 36.051411585776123 ], [ 139.562287664644032, 36.052562693713412 ], [ 139.562166005257041, 36.053243801560257 ], [ 139.561508780705708, 36.053569918217192 ], [ 139.560696004916736, 36.052669641091143 ], [ 139.560014617380716, 36.052650197748505 ], [ 139.559678781750449, 36.053321585722642 ], [ 139.560496549676145, 36.05441602737784 ], [ 139.558496005086681, 36.053987945587266 ], [ 139.558305720232852, 36.055474080664339 ], [ 139.557502387325371, 36.056360468660728 ], [ 139.558330751962671, 36.057707135076271 ], [ 139.558882969873252, 36.057506305671495 ], [ 139.559569363935111, 36.058083531929526 ], [ 139.561255473161623, 36.056067694368664 ], [ 139.562084086011851, 36.055649360329767 ], [ 139.565197717900446, 36.057294080957149 ], [ 139.564260505617881, 36.05839797268834 ], [ 139.565147717393302, 36.058857973216959 ], [ 139.563808560316829, 36.060388532105151 ], [ 139.564478029137831, 36.06049713513471 ], [ 139.563825252633364, 36.061392135039057 ], [ 139.564570245620416, 36.061986026633861 ], [ 139.562166641077738, 36.065145198392258 ], [ 139.563505279245305, 36.066299387406843 ], [ 139.561158054100929, 36.068897721252881 ], [ 139.561358885304344, 36.069851331773577 ], [ 139.553038196755438, 36.079201000325952 ], [ 139.552667717441295, 36.078563198432903 ], [ 139.551877250234952, 36.078936837964761 ], [ 139.552248170216899, 36.079438747799998 ], [ 139.548936252206317, 36.081033973339231 ], [ 139.547230583624582, 36.07869872086934 ], [ 139.540009999761764, 36.081870973266859 ], [ 139.543033605916207, 36.086153278650954 ], [ 139.541231921216308, 36.087199504953219 ], [ 139.544689468244428, 36.090906225342053 ], [ 139.545000660652022, 36.090855802153612 ], [ 139.54740396931777, 36.093321639781891 ], [ 139.547851193178076, 36.093154413545392 ], [ 139.548732866029013, 36.09403525182546 ], [ 139.549572581009897, 36.09356553142419 ], [ 139.551380078028274, 36.093441360230656 ], [ 139.55109483825629, 36.095119414229657 ], [ 139.551632334264923, 36.095785251588154 ], [ 139.551372048881035, 36.096137469268854 ], [ 139.552110948061909, 36.097129972770063 ], [ 139.551758444396796, 36.097356639697239 ], [ 139.553966808821201, 36.101322774926189 ], [ 139.552060700241213, 36.102136666773788 ], [ 139.551252087414014, 36.10066666733286 ], [ 139.548520143090172, 36.101664440861327 ], [ 139.546840946952216, 36.100406107655772 ], [ 139.545875382642862, 36.100850837696044 ], [ 139.544564279917608, 36.102283332709703 ], [ 139.543615382743837, 36.101065252259616 ], [ 139.543167056314701, 36.101424972984148 ], [ 139.541865641985851, 36.100133026717856 ], [ 139.539320362744661, 36.102879135363878 ], [ 139.53757900097014, 36.106083332579772 ], [ 139.530697055924406, 36.11195666726644 ], [ 139.530747613111885, 36.113050000057513 ], [ 139.532704864338029, 36.115385278607789 ], [ 139.532629299702535, 36.115955838191439 ] ] ] } },
{ "type": "Feature", "properties": { "regioncode": "1121800", "regionname": "埼玉県深谷市", "name": "深谷市", "namekana": "ふかやし", "PrefCode": "11" }, "geometry": { "type": "MultiPolygon", "coordinates": [ [ [ [ 139.261723501638357, 36.244278920136082 ], [ 139.26358405955682, 36.243881414395787 ], [ 139.263671283902681, 36.244744748271557 ], [ 139.262719883016302, 36.24472586520659 ], [ 139.262890441240984, 36.245100585723492 ], [ 139.262234890328045, 36.245373359992641 ], [ 139.261723501638357, 36.244278920136082 ] ] ], [ [ [ 139.327880337407692, 36.239876387085644 ], [ 139.327973281441814, 36.237357639643392 ], [ 139.325005304651199, 36.236871801592429 ], [ 139.318219468353846, 36.236475000021301 ], [ 139.310997612849633, 36.237118026975395 ], [ 139.303884163423504, 36.238883746887439 ], [ 139.297025473047256, 36.24186989178213 ], [ 139.298482087878142, 36.243275026721165 ], [ 139.292577223859894, 36.243917441236988 ], [ 139.286841336158773, 36.245009747901577 ], [ 139.277688274694242, 36.247970585873873 ], [ 139.266921309670806, 36.250552251685122 ], [ 139.267363501824207, 36.244616693805426 ], [ 139.267010725664477, 36.242621973225539 ], [ 139.261692943574531, 36.242703360072085 ], [ 139.259179610950355, 36.244490865161367 ], [ 139.254217639332637, 36.245832532245629 ], [ 139.243748715930565, 36.244511134980939 ], [ 139.243498418417289, 36.239376694079226 ], [ 139.242819805289855, 36.238144468192729 ], [ 139.245873695214982, 36.237530027089122 ], [ 139.246261193299461, 36.23484030593545 ], [ 139.246797860133256, 36.234879198016642 ], [ 139.247604811912652, 36.232510586094747 ], [ 139.245224811875687, 36.231905864863847 ], [ 139.245847275831125, 36.23032197258101 ], [ 139.244957563041112, 36.230016414426018 ], [ 139.244770895260672, 36.228782531988315 ], [ 139.242728391901778, 36.228036973327733 ], [ 139.242710610506379, 36.226379746727957 ], [ 139.243233670597533, 36.226249747927568 ], [ 139.241635032131057, 36.224196135243517 ], [ 139.238994475114964, 36.22445030613676 ], [ 139.238693917190631, 36.223895305723829 ], [ 139.23570391600299, 36.224760306043322 ], [ 139.234876420110709, 36.224545027231272 ], [ 139.234910583556598, 36.225139468311852 ], [ 139.233408638398032, 36.225711134960989 ], [ 139.232051946340334, 36.2232739191561 ], [ 139.230567224098195, 36.223721134922471 ], [ 139.230788054425261, 36.224117531798697 ], [ 139.230504721215993, 36.224338360327124 ], [ 139.228466109223632, 36.223918081054649 ], [ 139.228299169870866, 36.224895585662807 ], [ 139.227239728031122, 36.224912531588132 ], [ 139.225993060831115, 36.225721972690963 ], [ 139.226341945624313, 36.226375304976386 ], [ 139.226896938842742, 36.226561973656203 ], [ 139.228676666594993, 36.225746972944478 ], [ 139.229158339885544, 36.225854468009345 ], [ 139.229475550556231, 36.226143081138332 ], [ 139.22957197136941, 36.22747253183195 ], [ 139.228789752745001, 36.228615865130109 ], [ 139.226433916591986, 36.228683639838152 ], [ 139.226303645297094, 36.229249747777715 ], [ 139.225957808306248, 36.229278080918732 ], [ 139.225923917354976, 36.228774197970893 ], [ 139.225566978233473, 36.228774197970893 ], [ 139.22552167308686, 36.228457251700831 ], [ 139.225034449180498, 36.228468639815901 ], [ 139.224705862085898, 36.230493359980642 ], [ 139.22492530475904, 36.231453081394648 ], [ 139.225429754279844, 36.232019198327407 ], [ 139.225191699237598, 36.232200585288808 ], [ 139.224868637577629, 36.231775865164082 ], [ 139.223854474804284, 36.232410026601485 ], [ 139.223820583852898, 36.231708079664202 ], [ 139.224228636842213, 36.231509747676739 ], [ 139.224268885101083, 36.229087803259574 ], [ 139.223568054222369, 36.229169198199997 ], [ 139.222534720600947, 36.22857335957292 ], [ 139.218838053733293, 36.228223359620415 ], [ 139.218787781630908, 36.227503919070671 ], [ 139.217470532938819, 36.22557946791818 ], [ 139.217722192025576, 36.223936721302721 ], [ 139.216791362231675, 36.222157559224058 ], [ 139.214410803715737, 36.222219224837431 ], [ 139.213142748838891, 36.223262000441025 ], [ 139.211427197607122, 36.223768639810942 ], [ 139.211309416096697, 36.222714198201743 ], [ 139.206706328834116, 36.221133360016609 ], [ 139.204013281088123, 36.220843081343162 ], [ 139.19764019493914, 36.216903639791212 ], [ 139.196845473939561, 36.216211973004192 ], [ 139.194942671267313, 36.2132086402666 ], [ 139.195381555714334, 36.212081694414735 ], [ 139.196295161692433, 36.211868919315236 ], [ 139.196276005233472, 36.21155225183503 ], [ 139.195737950745865, 36.211529197714356 ], [ 139.195792115114045, 36.210423081060412 ], [ 139.193547107812833, 36.210215306191458 ], [ 139.193706005427885, 36.208990864836608 ], [ 139.194042943626982, 36.208627251846224 ], [ 139.19344655011821, 36.208623359580429 ], [ 139.193372945105352, 36.208352531444234 ], [ 139.194316549769042, 36.20828169364529 ], [ 139.195754060301738, 36.208827801561824 ], [ 139.196944891293811, 36.208658639984321 ], [ 139.196911530043167, 36.200558359980391 ], [ 139.197156524254297, 36.199362251766559 ], [ 139.196916226302847, 36.197356134977724 ], [ 139.197368715693756, 36.196503638831928 ], [ 139.199780947432828, 36.196781414230941 ], [ 139.201606524421663, 36.199042531987288 ], [ 139.203228197223552, 36.198830586062741 ], [ 139.204918755396307, 36.199470864688692 ], [ 139.205207911715775, 36.1992264136681 ], [ 139.206951803283118, 36.199250027167068 ], [ 139.208165693791784, 36.198365586202897 ], [ 139.208764305928071, 36.195409198076106 ], [ 139.208094864086775, 36.194698080751891 ], [ 139.207811503897801, 36.192664198294153 ], [ 139.207283722366014, 36.19218864129283 ], [ 139.207533164623896, 36.191553639888639 ], [ 139.206693164557919, 36.189278918087666 ], [ 139.207032606469625, 36.188196135243516 ], [ 139.207872334940362, 36.187137532471183 ], [ 139.205470362667143, 36.186026973166349 ], [ 139.203900920691012, 36.184200027409418 ], [ 139.201164811606873, 36.18283086535223 ], [ 139.198205888291227, 36.181778359983355 ], [ 139.19710978019225, 36.182252252339651 ], [ 139.195261724648958, 36.181042252298141 ], [ 139.193222555076886, 36.180479197556963 ], [ 139.192476719425144, 36.177378080633957 ], [ 139.190243359243709, 36.176668359956921 ], [ 139.193984189119078, 36.173830864902527 ], [ 139.198041699065243, 36.172640306405071 ], [ 139.1988266929975, 36.172269468261391 ], [ 139.198855304928429, 36.171741972713903 ], [ 139.199159754219295, 36.171618359999343 ], [ 139.201542802058725, 36.171083080819585 ], [ 139.204520855753003, 36.168554198017887 ], [ 139.207225576699102, 36.16690030610431 ], [ 139.210090026233843, 36.165793387255064 ], [ 139.215861413773268, 36.162180333055971 ], [ 139.216290583743557, 36.161850892504731 ], [ 139.216681115241386, 36.160773108092542 ], [ 139.217896939292359, 36.160009224845908 ], [ 139.218276419920926, 36.160399505432906 ], [ 139.22046805335799, 36.159033667269966 ], [ 139.22155946789519, 36.160067278781924 ], [ 139.2236961086885, 36.158611440965274 ], [ 139.226295031590553, 36.161245891584656 ], [ 139.232702244313145, 36.157019774942739 ], [ 139.227940558010459, 36.152490891641378 ], [ 139.22732472205837, 36.15069338699027 ], [ 139.226179144052367, 36.150722000719782 ], [ 139.226162776391106, 36.151359504937261 ], [ 139.224196640762443, 36.15115061311036 ], [ 139.223987471045007, 36.151430892221924 ], [ 139.221201362353099, 36.150885892270139 ], [ 139.213021608360577, 36.14739533292834 ], [ 139.211856328906492, 36.145206439725484 ], [ 139.205433799830075, 36.142100613052889 ], [ 139.197950752425299, 36.140551693605801 ], [ 139.195782139833909, 36.139626414427539 ], [ 139.190663500919868, 36.138539748310791 ], [ 139.189618494997603, 36.139092252205728 ], [ 139.188986834574848, 36.139070027260004 ], [ 139.188050440675397, 36.138278080668954 ], [ 139.187041556922395, 36.138228081061129 ], [ 139.185848223117091, 36.137407802228324 ], [ 139.183390999195353, 36.137655585237098 ], [ 139.180745447344634, 36.136511413770791 ], [ 139.180762386974607, 36.134667252291933 ], [ 139.182915161605479, 36.134922532049245 ], [ 139.183519052762108, 36.13418613478234 ], [ 139.186687950688452, 36.133186972700685 ], [ 139.188761556200916, 36.134089748143424 ], [ 139.189437950700949, 36.133641134830555 ], [ 139.190543216596211, 36.13353169363279 ], [ 139.191246835373249, 36.134523081974692 ], [ 139.192344060430059, 36.134622802400486 ], [ 139.193334616899165, 36.135775585774695 ], [ 139.195634059264535, 36.136801413654382 ], [ 139.200088249373266, 36.137039467797251 ], [ 139.200917418903828, 36.136876694104217 ], [ 139.201541284902419, 36.136337802347725 ], [ 139.202436031197976, 36.136515027246787 ], [ 139.202647108377391, 36.135898640909602 ], [ 139.204320195420792, 36.136279225006263 ], [ 139.204639882824381, 36.135583387163649 ], [ 139.207520441015618, 36.134738666556245 ], [ 139.207867108080677, 36.134546720654669 ], [ 139.207730999286241, 36.134082558962973 ], [ 139.208870441217982, 36.134144505164841 ], [ 139.210766277741641, 36.133091441316992 ], [ 139.211244889739987, 36.133221441016758 ], [ 139.212319052582302, 36.132171999638103 ], [ 139.214616278118797, 36.132786440741711 ], [ 139.216538495355394, 36.127679225016266 ], [ 139.216179299834835, 36.124920891885722 ], [ 139.216769300962483, 36.122299225129211 ], [ 139.217085421654929, 36.121500891552955 ], [ 139.217877912335894, 36.121278107898434 ], [ 139.216799001073127, 36.119107559066663 ], [ 139.224102049170256, 36.116773667270991 ], [ 139.226988755126968, 36.117213945667118 ], [ 139.229904306838307, 36.118139251825085 ], [ 139.234769300063249, 36.118356467776835 ], [ 139.237540142763464, 36.118116748089506 ], [ 139.244685421894815, 36.118217305784071 ], [ 139.246429299972306, 36.117362027135869 ], [ 139.247302360915342, 36.117364802443717 ], [ 139.253447664977784, 36.119169250760365 ], [ 139.254305136173116, 36.116852026999481 ], [ 139.254337638571201, 36.115779532399529 ], [ 139.256672917121477, 36.116196467992665 ], [ 139.257092633418324, 36.115745359960442 ], [ 139.26582961094789, 36.118394802278374 ], [ 139.273043527237064, 36.119250386696024 ], [ 139.274361555641349, 36.117043440502414 ], [ 139.275443217030897, 36.116503170984629 ], [ 139.273691556220456, 36.115414558734926 ], [ 139.273908781165346, 36.114667053941446 ], [ 139.2736261611185, 36.114142504572953 ], [ 139.273879778928745, 36.114117026779411 ], [ 139.275013190906066, 36.111733999624448 ], [ 139.273463191373253, 36.110863440595381 ], [ 139.270339585103784, 36.110025107872502 ], [ 139.267644307039177, 36.109770386594107 ], [ 139.265158470287247, 36.108520945885004 ], [ 139.265481218983155, 36.107520945635201 ], [ 139.262930660721509, 36.1078837213567 ], [ 139.262290660885355, 36.107363720759167 ], [ 139.262557056263176, 36.106387891587985 ], [ 139.263420660834868, 36.106323441673567 ], [ 139.263428716062435, 36.106637892324898 ], [ 139.265002892069901, 36.107017053694108 ], [ 139.272823190637837, 36.106540946307689 ], [ 139.272901505400228, 36.105960667750651 ], [ 139.275007911885723, 36.106855666755678 ], [ 139.275686250720014, 36.106218721017228 ], [ 139.278002632715356, 36.106839278410007 ], [ 139.284512113643245, 36.110273441266372 ], [ 139.283459584891943, 36.106694558607046 ], [ 139.283575966157969, 36.104474000274934 ], [ 139.284004033559313, 36.10441761278264 ], [ 139.284625135941383, 36.105191775280275 ], [ 139.289205421792872, 36.10718844109374 ], [ 139.291605965942608, 36.107283720667226 ], [ 139.292410998568812, 36.107929558902072 ], [ 139.296220998900026, 36.109379559219349 ], [ 139.298508779756389, 36.109306775287507 ], [ 139.299971284247476, 36.110201505395196 ], [ 139.301224332137281, 36.110350666949785 ], [ 139.300367664935834, 36.111370107844266 ], [ 139.300415188710076, 36.111856505273579 ], [ 139.306071310142897, 36.111589838300461 ], [ 139.30721379987699, 36.11405594572534 ], [ 139.307672411852423, 36.11450455903821 ], [ 139.310312412188182, 36.115274278884897 ], [ 139.311334383774806, 36.116963441309792 ], [ 139.311000777563891, 36.120732053941197 ], [ 139.311125252728289, 36.123021504838619 ], [ 139.311669973890275, 36.124137891750365 ], [ 139.312186354716573, 36.126665108108284 ], [ 139.312883891378533, 36.127590945765576 ], [ 139.31235834016536, 36.127820108311425 ], [ 139.312511387690506, 36.131301505360227 ], [ 139.311889753809169, 36.134620946199732 ], [ 139.312116693230905, 36.138368413971193 ], [ 139.308620310778792, 36.138693134880327 ], [ 139.307685863012239, 36.139073693795979 ], [ 139.307776420245659, 36.13959035970737 ], [ 139.308057834301621, 36.140432865284538 ], [ 139.308275615926959, 36.140369251739628 ], [ 139.308546160776814, 36.141889251687644 ], [ 139.309816445972274, 36.141916467870772 ], [ 139.309798106097787, 36.142786468420809 ], [ 139.310677832815827, 36.142768413631416 ], [ 139.310705057992095, 36.143112585977121 ], [ 139.311394773250299, 36.14313091865705 ], [ 139.31136756156377, 36.14350230628645 ], [ 139.31382313882682, 36.143644532269377 ], [ 139.313723139611284, 36.144414531805239 ], [ 139.313169804742756, 36.145048972931818 ], [ 139.314811750961553, 36.146553134919316 ], [ 139.314349247619703, 36.146922026930042 ], [ 139.314412580576231, 36.147755640010814 ], [ 139.313378417779859, 36.147818972967286 ], [ 139.313514254079678, 36.148833973009516 ], [ 139.311164812106426, 36.149014802391264 ], [ 139.311326497619802, 36.150036198411897 ], [ 139.310464554095915, 36.150127027240558 ], [ 139.310446498407259, 36.151114532309862 ], [ 139.30984788537171, 36.151159801483686 ], [ 139.309820661094705, 36.152700081143905 ], [ 139.308788444431229, 36.152722864568602 ], [ 139.305241751205926, 36.151707865425692 ], [ 139.303531219090587, 36.153732585590433 ], [ 139.299920947393844, 36.156070359759326 ], [ 139.298913995384623, 36.155182585907653 ], [ 139.296387612698254, 36.154903413861518 ], [ 139.293986498378217, 36.156935081289021 ], [ 139.294528170838475, 36.157285639720556 ], [ 139.294286782908785, 36.157578414012676 ], [ 139.289611219282392, 36.160615640399556 ], [ 139.291570973321882, 36.16263508064452 ], [ 139.293277639251755, 36.161747865271821 ], [ 139.297040142788433, 36.165637026627508 ], [ 139.295747107443162, 36.166498387390732 ], [ 139.296066005241983, 36.166825612911737 ], [ 139.304319636741866, 36.170083387238606 ], [ 139.305824915687367, 36.17113644119388 ], [ 139.305791582315692, 36.171425612801841 ], [ 139.306436861172301, 36.171842837976669 ], [ 139.306347419098188, 36.172114505180332 ], [ 139.302822995784709, 36.175168666700642 ], [ 139.30740688701826, 36.176167837775552 ], [ 139.30870717269795, 36.176160892311373 ], [ 139.312514423801645, 36.177879774631947 ], [ 139.317857716960134, 36.174212279073458 ], [ 139.319290532132413, 36.175612000093793 ], [ 139.319951362065808, 36.175226720636715 ], [ 139.321620531662234, 36.175227000325833 ], [ 139.326075005956795, 36.176497279226112 ], [ 139.326693606424897, 36.177289775302938 ], [ 139.326391945931618, 36.178477000013572 ], [ 139.325091946236398, 36.179596171226365 ], [ 139.323493061355748, 36.180355612721428 ], [ 139.323392502761862, 36.180680892109535 ], [ 139.326404189301911, 36.182400054119228 ], [ 139.32764197030076, 36.18372144059208 ], [ 139.332265863379007, 36.180198946324367 ], [ 139.333030856388973, 36.1799486667976 ], [ 139.332571140945447, 36.181516999909661 ], [ 139.332710856021208, 36.183216170889636 ], [ 139.332288106311125, 36.185150612610755 ], [ 139.329434228307036, 36.189072838440779 ], [ 139.329109805073472, 36.190577801724203 ], [ 139.329920362235043, 36.192578081013664 ], [ 139.329460362605687, 36.192885586200873 ], [ 139.329780920553162, 36.193650305817016 ], [ 139.329607302834802, 36.193955586081472 ], [ 139.329924253601462, 36.194225585942092 ], [ 139.329731751019608, 36.194493081190785 ], [ 139.330328170608595, 36.19535058566106 ], [ 139.329660660511195, 36.196043640101948 ], [ 139.331071775941723, 36.196924467590179 ], [ 139.330928443792686, 36.197173080673167 ], [ 139.331845667743437, 36.198196135942965 ], [ 139.331871776861021, 36.198591973440898 ], [ 139.331283721866384, 36.199262533139461 ], [ 139.331592917778949, 36.199732532330529 ], [ 139.333569856963436, 36.201007531772234 ], [ 139.33445291836756, 36.202501413609411 ], [ 139.334162672069738, 36.203291413168245 ], [ 139.333676252157375, 36.203151973285003 ], [ 139.333199882168856, 36.204426693936853 ], [ 139.333705161763874, 36.20453613513456 ], [ 139.333094059843006, 36.206320864916052 ], [ 139.332995472563084, 36.209870305570178 ], [ 139.335342970201964, 36.212137251832758 ], [ 139.336059363848676, 36.211965306853472 ], [ 139.336450505986136, 36.217626387148073 ], [ 139.334459144374023, 36.219965558863521 ], [ 139.334908029282246, 36.220579721177216 ], [ 139.334166355692787, 36.221841945749247 ], [ 139.33353277611684, 36.224914440848806 ], [ 139.335288884974148, 36.226300000244862 ], [ 139.335787496995408, 36.227060278109377 ], [ 139.335042775603711, 36.228132774507969 ], [ 139.335772528679286, 36.230838332722954 ], [ 139.335503916472589, 36.232744720992116 ], [ 139.33514669316537, 36.232776108230837 ], [ 139.335039753881574, 36.233389170673718 ], [ 139.33281586266196, 36.235149721282653 ], [ 139.330350311018151, 36.236116945740491 ], [ 139.327880337407692, 36.239876387085644 ] ] ] ] } },
{ "type": "Feature", "properties": { "regioncode": "1121900", "regionname": "埼玉県上尾市", "name": "上尾市", "namekana": "あげおし", "PrefCode": "11" }, "geometry": { "type": "MultiPolygon", "coordinates": [ [ [ [ 139.53983143936955, 35.938119532390544 ], [ 139.540164773085849, 35.938100920021498 ], [ 139.541129222235895, 35.93589146831664 ], [ 139.54131756185609, 35.936208412788062 ], [ 139.540463113282158, 35.938018694107484 ], [ 139.540592282907596, 35.938979504600525 ], [ 139.539490363389632, 35.940825613111599 ], [ 139.539057302052925, 35.940831440718455 ], [ 139.538573113358552, 35.940273107418022 ], [ 139.53983143936955, 35.938119532390544 ] ] ], [ [ [ 139.590808364714348, 36.008662198102002 ], [ 139.590669754006058, 36.007608865356929 ], [ 139.589711413950681, 36.007503865011415 ], [ 139.589049196363362, 36.006510775152208 ], [ 139.587323358686149, 36.00719189199225 ], [ 139.586304189386851, 36.008264945970552 ], [ 139.585083358810039, 36.008702440964953 ], [ 139.584284747343304, 36.009675775416781 ], [ 139.582146665836035, 36.009644107589565 ], [ 139.57728552530682, 36.008733802123345 ], [ 139.573121362061329, 36.009754359975773 ], [ 139.572427756335969, 36.009664640011181 ], [ 139.572575810825128, 36.00914019766202 ], [ 139.573616082716057, 36.008622413893363 ], [ 139.573799689204407, 36.007976027072061 ], [ 139.572891893745918, 36.007551585737133 ], [ 139.573491050871326, 36.006832135294871 ], [ 139.573218559888687, 36.006664640161091 ], [ 139.573639105360485, 36.006045467724221 ], [ 139.572342166058206, 36.005371864719848 ], [ 139.57187077741446, 36.005348531809375 ], [ 139.571679662486531, 36.005683252280335 ], [ 139.570581335760153, 36.005578251934821 ], [ 139.570439662860167, 36.005146585446596 ], [ 139.569683799767631, 36.005127134909401 ], [ 139.569052970318353, 36.004710468213602 ], [ 139.56925185538887, 36.004324918959867 ], [ 139.569796860736574, 36.004367973103513 ], [ 139.573366590096157, 35.999877414411174 ], [ 139.572996589221248, 35.99901133310658 ], [ 139.57385574484681, 35.997720504697611 ], [ 139.57254878080164, 35.996998838325794 ], [ 139.573155719760734, 35.996338000298522 ], [ 139.571450725670502, 35.995757999632019 ], [ 139.571707107097382, 35.995278559358098 ], [ 139.570682943862835, 35.994626891717758 ], [ 139.571697665115266, 35.993658838984288 ], [ 139.570805694127557, 35.993158279031377 ], [ 139.573513191280767, 35.990739386913219 ], [ 139.576131529646432, 35.98911855857466 ], [ 139.576222917853443, 35.988597720708299 ], [ 139.576703190899593, 35.988275775107013 ], [ 139.576296252170323, 35.987764387316702 ], [ 139.576017367007921, 35.988024667304614 ], [ 139.575720415364913, 35.987864945910587 ], [ 139.575862088264785, 35.987472170604235 ], [ 139.574492088039506, 35.986534945731194 ], [ 139.572121218819234, 35.987810504551192 ], [ 139.57023316502864, 35.988322171131358 ], [ 139.568808443754733, 35.988353278680904 ], [ 139.567853450076768, 35.987567721773019 ], [ 139.56738260732152, 35.987974387108352 ], [ 139.566424279856733, 35.988042440606193 ], [ 139.565441750736227, 35.987211054246814 ], [ 139.564018974695955, 35.987862720987835 ], [ 139.564096784039407, 35.98937910835923 ], [ 139.564948443815638, 35.989889666974591 ], [ 139.564733721683979, 35.990099639786592 ], [ 139.565195383260402, 35.990396586033683 ], [ 139.564793165072615, 35.990857973316849 ], [ 139.565254838340138, 35.99118186505109 ], [ 139.565039831123386, 35.991496865188253 ], [ 139.565546498372214, 35.992359919374849 ], [ 139.564919830985446, 35.993320747854284 ], [ 139.561759000877259, 35.995140467558599 ], [ 139.561289559265788, 35.994969640436636 ], [ 139.561102334805014, 35.994407973349325 ], [ 139.560101219395847, 35.994024360336027 ], [ 139.559662334948825, 35.994001585904527 ], [ 139.559762891744072, 35.994695748310164 ], [ 139.559241776886552, 35.994339640162309 ], [ 139.559461504644787, 35.993340746977935 ], [ 139.55868007832305, 35.992811027407015 ], [ 139.559128144848046, 35.992482135442231 ], [ 139.558999247717225, 35.992141865254951 ], [ 139.559826472014151, 35.992009360043994 ], [ 139.558962580558727, 35.990854081051054 ], [ 139.556468690377869, 35.991331025706302 ], [ 139.556333695843477, 35.991582414097195 ], [ 139.55606868991822, 35.991348800806577 ], [ 139.553131440263769, 35.991229333067338 ], [ 139.546275887622187, 35.992135169802282 ], [ 139.541055031764358, 35.991908224984627 ], [ 139.539035033040363, 35.992512359857585 ], [ 139.53743635500382, 35.986370721431683 ], [ 139.538202750056939, 35.983878504889162 ], [ 139.541084968396603, 35.982975197947098 ], [ 139.541294137214777, 35.981435197976054 ], [ 139.540903022056909, 35.981399639681683 ], [ 139.541152750299261, 35.979066864844015 ], [ 139.542171633614089, 35.978973532302746 ], [ 139.542544694881826, 35.978374081098991 ], [ 139.541701634422907, 35.976953252090937 ], [ 139.538852995869092, 35.974385224498576 ], [ 139.538129363579287, 35.972414945693231 ], [ 139.536709922225214, 35.971655225408369 ], [ 139.535966030907616, 35.970825504593392 ], [ 139.53496019495708, 35.970722170691658 ], [ 139.534484085771965, 35.970331333424326 ], [ 139.535009053325211, 35.968443278734355 ], [ 139.53494655044301, 35.967689136044839 ], [ 139.534350168625451, 35.967267198422519 ], [ 139.534724059967402, 35.966333586126154 ], [ 139.534038495080495, 35.964364972865269 ], [ 139.534617393178223, 35.963596360084011 ], [ 139.53484319136021, 35.960714170522579 ], [ 139.536576277573204, 35.961963864840527 ], [ 139.53919238741878, 35.962182748135376 ], [ 139.539474617159954, 35.961919693738935 ], [ 139.540483774306836, 35.960679721092333 ], [ 139.540723773683226, 35.959866386824331 ], [ 139.540372917576178, 35.957868891835915 ], [ 139.540780414784422, 35.956403612037093 ], [ 139.54244791164183, 35.955251108352002 ], [ 139.545271802651655, 35.952591413762775 ], [ 139.545454034076442, 35.951658081155585 ], [ 139.54533486401283, 35.951107251798305 ], [ 139.537860947424861, 35.949590866225549 ], [ 139.536892335313041, 35.94868474800279 ], [ 139.536693695757549, 35.947773080962975 ], [ 139.538228690102073, 35.945887837553698 ], [ 139.539455357278939, 35.94518450476113 ], [ 139.544366783400392, 35.944495892071814 ], [ 139.544802606555095, 35.943008108537413 ], [ 139.545935382711832, 35.9429289457143 ], [ 139.545650363273694, 35.940839774735878 ], [ 139.543543139304461, 35.937769251849545 ], [ 139.547758392136188, 35.934202305891745 ], [ 139.550806471541478, 35.934353134789376 ], [ 139.550975357027141, 35.933014531695335 ], [ 139.551260636369307, 35.932834251799306 ], [ 139.551511192887347, 35.935120919295059 ], [ 139.551822581347096, 35.935479252365667 ], [ 139.552742865690789, 35.935648135153372 ], [ 139.553273138344707, 35.935351197899536 ], [ 139.55284785974095, 35.934769251999455 ], [ 139.553215356903252, 35.934293134720463 ], [ 139.553912996088002, 35.934445333285566 ], [ 139.555166199560517, 35.935409533323366 ], [ 139.556954280215905, 35.935193973023502 ], [ 139.558809247948489, 35.932356747765766 ], [ 139.55874007839202, 35.932020639640882 ], [ 139.557866471560487, 35.931770360114058 ], [ 139.558052865947047, 35.930711467760091 ], [ 139.558361479099062, 35.930804532303398 ], [ 139.558862308848575, 35.930071198127337 ], [ 139.559351751382337, 35.930140918968277 ], [ 139.559316744372268, 35.929576506250839 ], [ 139.559707030355185, 35.929855919315287 ], [ 139.560667859734053, 35.929070386689034 ], [ 139.560452309326706, 35.928639838058132 ], [ 139.559479804949092, 35.928523440604351 ], [ 139.561011750591888, 35.926579838388875 ], [ 139.560697004063513, 35.926282892141785 ], [ 139.560988391601086, 35.925794278782973 ], [ 139.561530052370131, 35.925939837653459 ], [ 139.561784942721033, 35.925694945065686 ], [ 139.562211751071573, 35.926300386653566 ], [ 139.561500920631033, 35.927260667445921 ], [ 139.561238690013624, 35.927220108021629 ], [ 139.561541750751303, 35.926806775112652 ], [ 139.561314527143736, 35.926690386652069 ], [ 139.560498975147652, 35.927772891605741 ], [ 139.560400077601571, 35.928191775130358 ], [ 139.560935914361039, 35.928952332684048 ], [ 139.560539805267808, 35.929615386640819 ], [ 139.56130868964442, 35.929877306092862 ], [ 139.560755084079915, 35.931445360415125 ], [ 139.561373164739848, 35.932811197678689 ], [ 139.562037327560688, 35.93344563880521 ], [ 139.563793164822755, 35.934007865270814 ], [ 139.564829831331735, 35.934775639883924 ], [ 139.565127056368624, 35.935590639696329 ], [ 139.565004863683612, 35.938983135163596 ], [ 139.567629883112659, 35.940924224673267 ], [ 139.574748520727667, 35.944141441374484 ], [ 139.576496031166926, 35.943140333159874 ], [ 139.579277690912818, 35.943302559165829 ], [ 139.579866030992548, 35.942918667362676 ], [ 139.584829662758807, 35.945479774671924 ], [ 139.58609939037467, 35.945776441229839 ], [ 139.587124423253613, 35.945631171041782 ], [ 139.588618859073108, 35.944763972779185 ], [ 139.590030506003131, 35.942897586354604 ], [ 139.590911051104172, 35.940990640505731 ], [ 139.594124669617827, 35.939125080558085 ], [ 139.595838003121457, 35.937208973315535 ], [ 139.597305772243658, 35.936650080636753 ], [ 139.597364112164087, 35.938384252331446 ], [ 139.599419688967487, 35.941291468226723 ], [ 139.599004162612118, 35.944027305715622 ], [ 139.597579170642234, 35.945868135206354 ], [ 139.596717782000155, 35.94817925077183 ], [ 139.594417496969982, 35.950691169661809 ], [ 139.591570583315843, 35.955193945644112 ], [ 139.592244189018174, 35.95564005434511 ], [ 139.591965863234009, 35.956063108026058 ], [ 139.592423359150757, 35.956651720600462 ], [ 139.592075863810123, 35.957148944967912 ], [ 139.591420583593163, 35.956944225095981 ], [ 139.591116692781156, 35.957307559296453 ], [ 139.590681141221808, 35.957267278662016 ], [ 139.589384189328939, 35.959197251651915 ], [ 139.588221971167059, 35.960301134389908 ], [ 139.588042801933852, 35.960889747863632 ], [ 139.5883758883366, 35.961101971678715 ], [ 139.58829144019785, 35.961512801774461 ], [ 139.588898949327131, 35.961820027272495 ], [ 139.589576718890498, 35.961721413912187 ], [ 139.589455887779081, 35.961235027274768 ], [ 139.590495331394436, 35.96156419802935 ], [ 139.590874500857581, 35.961085306341886 ], [ 139.592074772932506, 35.961421694155888 ], [ 139.592352827121317, 35.961918919422658 ], [ 139.59916341096266, 35.961000892377342 ], [ 139.60015730211785, 35.959469224625082 ], [ 139.611109856634585, 35.964279225206155 ], [ 139.613616277968958, 35.966024224738248 ], [ 139.617980168949657, 35.964716441410701 ], [ 139.618701284037115, 35.96479672119176 ], [ 139.618884332046377, 35.964529775428844 ], [ 139.61864988328557, 35.964368946070067 ], [ 139.620375693983192, 35.961800892397321 ], [ 139.620225965855752, 35.961172278877598 ], [ 139.620522918398024, 35.960682838142532 ], [ 139.620976523847617, 35.960770639853195 ], [ 139.621774577734641, 35.959635919362256 ], [ 139.625700389161693, 35.952414251816322 ], [ 139.630946809147986, 35.953611467994904 ], [ 139.634079584904953, 35.953550081171386 ], [ 139.635775719773733, 35.954708414261972 ], [ 139.636273216635686, 35.954663693674547 ], [ 139.637089053716863, 35.955199802029313 ], [ 139.637694616713247, 35.954873973155372 ], [ 139.638527393424511, 35.953746225108262 ], [ 139.639349052716625, 35.953902611816147 ], [ 139.641615161710433, 35.953305107644667 ], [ 139.641441284088046, 35.951654278821934 ], [ 139.643462112886255, 35.950915667424169 ], [ 139.644093774208386, 35.951206224887414 ], [ 139.64508849543779, 35.951105667192849 ], [ 139.64560405878035, 35.952225666681215 ], [ 139.645611855003153, 35.95331705423871 ], [ 139.646595188117544, 35.954450945554754 ], [ 139.647562140080709, 35.954422892102855 ], [ 139.648658560244371, 35.956879559344259 ], [ 139.649123281314473, 35.959062332660551 ], [ 139.649799974389339, 35.960499837797329 ], [ 139.649816640625545, 35.961677892121088 ], [ 139.647053864843997, 35.962814000265951 ], [ 139.647766355433077, 35.96289427914769 ], [ 139.64817914425214, 35.9636548376007 ], [ 139.646676913109104, 35.964085639840448 ], [ 139.646398586425676, 35.963785640395031 ], [ 139.645169143940848, 35.963683694147221 ], [ 139.645624694624075, 35.964497864784676 ], [ 139.645486354611648, 35.965769802034799 ], [ 139.644310246420787, 35.96592036023651 ], [ 139.642905810255002, 35.966691467737121 ], [ 139.642545253160961, 35.967380081325757 ], [ 139.64285610922218, 35.968986197654942 ], [ 139.641826938562417, 35.970142027032978 ], [ 139.640578053634385, 35.970928974292804 ], [ 139.637878885102509, 35.971616198428876 ], [ 139.635645253325833, 35.970698972679486 ], [ 139.633924968062843, 35.970682585233192 ], [ 139.6315305321084, 35.973155891731096 ], [ 139.62733247701226, 35.973460892306377 ], [ 139.624535525194347, 35.975048945752292 ], [ 139.623263307355842, 35.976159505057183 ], [ 139.620730246303879, 35.977180613294706 ], [ 139.619574968210259, 35.978268945855234 ], [ 139.618650531696744, 35.980132252101782 ], [ 139.617447198329614, 35.981198359716586 ], [ 139.616763021995894, 35.982347802109416 ], [ 139.614998301230685, 35.983668360306638 ], [ 139.613588612124772, 35.985579747907082 ], [ 139.613633332712197, 35.987511972799382 ], [ 139.612640000035981, 35.989090306372589 ], [ 139.608956939011591, 35.991460558657934 ], [ 139.608022502936251, 35.993003892415743 ], [ 139.60671500559306, 35.993459170604297 ], [ 139.605055837357099, 35.994634721215448 ], [ 139.604273086333933, 35.996852224550594 ], [ 139.603274747131991, 35.997763612800554 ], [ 139.603994474565411, 35.998981386581761 ], [ 139.604400336806179, 36.00137833344337 ], [ 139.605008664318461, 36.002593613404599 ], [ 139.603659494190424, 36.003631946357302 ], [ 139.597281996866741, 36.006073306238136 ], [ 139.596495887775063, 36.006760801969506 ], [ 139.59546116739898, 36.006073306238136 ], [ 139.59459922297583, 36.00674413483398 ], [ 139.594075032436876, 36.006488864969185 ], [ 139.591972529009126, 36.00837413535811 ], [ 139.590808364714348, 36.008662198102002 ] ] ] ] } },
{ "type": "Feature", "properties": { "regioncode": "1122100", "regionname": "埼玉県草加市", "name": "草加市", "namekana": "そうかし", "PrefCode": "11" }, "geometry": { "type": "Polygon", "coordinates": [ [ [ 139.839927173400383, 35.870003531637735 ], [ 139.839343281367405, 35.87004769374613 ], [ 139.839276328639698, 35.869039918857197 ], [ 139.837703838861103, 35.869395467626759 ], [ 139.837540505789775, 35.869143532448106 ], [ 139.835967717436233, 35.869343531778611 ], [ 139.833990219772886, 35.871489639735159 ], [ 139.832157717105019, 35.871571026581648 ], [ 139.82822824903451, 35.870977694365138 ], [ 139.826188249388224, 35.871037135055815 ], [ 139.825738520916047, 35.870665197940582 ], [ 139.822422412064725, 35.870398531866783 ], [ 139.82242988273299, 35.869842694185024 ], [ 139.81937600539834, 35.869587414427713 ], [ 139.818426549745595, 35.869069081173222 ], [ 139.822081245253344, 35.864619946153653 ], [ 139.821137912185009, 35.864239387238001 ], [ 139.821330972346573, 35.863779946087675 ], [ 139.819980660978786, 35.863275775356783 ], [ 139.820118443411502, 35.86281494565327 ], [ 139.813716201241732, 35.860631053580335 ], [ 139.813993696052307, 35.860021612707328 ], [ 139.81342980494162, 35.859828864610449 ], [ 139.814023410552068, 35.859065531748968 ], [ 139.813777859660604, 35.858784413569879 ], [ 139.813310363282653, 35.859318027205234 ], [ 139.812620895338114, 35.858740251461484 ], [ 139.811811997425821, 35.85927358630704 ], [ 139.811693411022134, 35.85977746835556 ], [ 139.812346200117076, 35.860355801678963 ], [ 139.811217587821488, 35.861019414114708 ], [ 139.810109248043432, 35.860350531651761 ], [ 139.809582554691247, 35.859564694155381 ], [ 139.807584501223801, 35.859242467965601 ], [ 139.808690609783866, 35.857727197552151 ], [ 139.807845058202929, 35.857430801690214 ], [ 139.808067522598208, 35.8568674690585 ], [ 139.806900856389461, 35.855732198182466 ], [ 139.805795577004346, 35.856065531898821 ], [ 139.805925862688468, 35.856681919135326 ], [ 139.805651141387102, 35.856750252322342 ], [ 139.804697807857565, 35.856658586224853 ], [ 139.80455085593735, 35.855772198228408 ], [ 139.804031971398445, 35.85554358696703 ], [ 139.803861414073026, 35.856524134880999 ], [ 139.803022244081376, 35.856683865268224 ], [ 139.802266979037881, 35.856150802017964 ], [ 139.801290584193225, 35.85631080220179 ], [ 139.800555551197817, 35.854722225350486 ], [ 139.799792503421372, 35.855156666247183 ], [ 139.798945836681128, 35.85703886455201 ], [ 139.798081698811416, 35.857744971753107 ], [ 139.79489583697341, 35.858881107776938 ], [ 139.792385837236679, 35.859117224780164 ], [ 139.78765666772108, 35.86098944061024 ], [ 139.781310531555846, 35.859765865302506 ], [ 139.779559689128405, 35.858729467690807 ], [ 139.777858858899322, 35.858820864891072 ], [ 139.777202750406673, 35.859438081302471 ], [ 139.775798833149679, 35.859560026673932 ], [ 139.773972749842642, 35.860669198324899 ], [ 139.771375810845029, 35.865808640356533 ], [ 139.770460532127913, 35.866532531651046 ], [ 139.766636913362959, 35.865374748046236 ], [ 139.766157716805196, 35.864426694436474 ], [ 139.763605771789003, 35.863375612694426 ], [ 139.765066860747083, 35.857933386916329 ], [ 139.765731025366563, 35.85690005419417 ], [ 139.767645473359948, 35.855529775179036 ], [ 139.774624915707363, 35.851695054283368 ], [ 139.772846277933468, 35.850388108224649 ], [ 139.771337083339745, 35.848484224567358 ], [ 139.775614864234626, 35.844359504687418 ], [ 139.776229027447698, 35.844750054171698 ], [ 139.778410143313522, 35.842561721246511 ], [ 139.779024578121835, 35.841421999625652 ], [ 139.779496225770231, 35.840221721255489 ], [ 139.779193165032552, 35.838747558852788 ], [ 139.777274279784251, 35.838921171175173 ], [ 139.776973450264563, 35.838027279235575 ], [ 139.778265383041003, 35.837501171342012 ], [ 139.77864175111597, 35.836375053765778 ], [ 139.778310921112165, 35.836157864793677 ], [ 139.778320363094394, 35.83515674758587 ], [ 139.779776200011725, 35.835695332673538 ], [ 139.780069247697725, 35.835270054069781 ], [ 139.780598690277429, 35.835411720674415 ], [ 139.780740635671918, 35.835156720606221 ], [ 139.778251751117523, 35.833801468363106 ], [ 139.779074253973704, 35.833064802198919 ], [ 139.782766744389846, 35.83275144062651 ], [ 139.782757302407617, 35.832062279350737 ], [ 139.782376744391286, 35.831889251587768 ], [ 139.782538392133119, 35.831240918633512 ], [ 139.782880051773077, 35.831249802136711 ], [ 139.78353255488355, 35.830107027317524 ], [ 139.785389222334857, 35.829089775372893 ], [ 139.785445887717628, 35.827824252087623 ], [ 139.787837561854076, 35.82808866715834 ], [ 139.788036160940123, 35.827635333304045 ], [ 139.78720282664915, 35.82647758567208 ], [ 139.788218911273816, 35.825174252190038 ], [ 139.788287249856808, 35.824673694035823 ], [ 139.787713359184295, 35.824390359927236 ], [ 139.787080026022409, 35.824182306268483 ], [ 139.786853086600786, 35.824805918658285 ], [ 139.786390025679225, 35.824975919303313 ], [ 139.786210310557408, 35.82441869396763 ], [ 139.783903358852967, 35.824626199039926 ], [ 139.784035577180248, 35.824267586280143 ], [ 139.781913644798919, 35.823866467963171 ], [ 139.781526108942785, 35.823573413981933 ], [ 139.782254163199127, 35.823223973407721 ], [ 139.779805551185291, 35.822090359982155 ], [ 139.779556108927295, 35.822623971818871 ], [ 139.776086355401048, 35.820734801969593 ], [ 139.773857756230541, 35.820645946253478 ], [ 139.772174969099638, 35.820003720595309 ], [ 139.771466056913027, 35.818464279103239 ], [ 139.767759948063258, 35.819153441278331 ], [ 139.767614942275827, 35.817684000316433 ], [ 139.770865227048603, 35.817380387395019 ], [ 139.771755226722348, 35.8168748380034 ], [ 139.777454915811745, 35.810661225035574 ], [ 139.778505745743587, 35.808944000165525 ], [ 139.781137108091116, 35.807229838386377 ], [ 139.78723046731227, 35.806878440887374 ], [ 139.792431025471501, 35.805290919840104 ], [ 139.795353256447697, 35.805343414167282 ], [ 139.798841025193269, 35.806193973173379 ], [ 139.800366329342637, 35.807056198185023 ], [ 139.800798833099748, 35.807712864257326 ], [ 139.80293438301544, 35.808658135364681 ], [ 139.813297755686904, 35.808320892295399 ], [ 139.815274138190944, 35.808950612880551 ], [ 139.817929728274407, 35.810424775283195 ], [ 139.818127782371334, 35.81141838764853 ], [ 139.818603604672717, 35.811766721157312 ], [ 139.818607782023605, 35.8110619998115 ], [ 139.819653644999789, 35.811779775716104 ], [ 139.820526108792933, 35.811233387211075 ], [ 139.821098080312254, 35.811438386772181 ], [ 139.820109754161876, 35.812803667355411 ], [ 139.821055616123886, 35.81507699970382 ], [ 139.81848697789178, 35.814179225391001 ], [ 139.813296692688255, 35.815467559080616 ], [ 139.81194114097093, 35.816199504703434 ], [ 139.812151699241554, 35.817023108329863 ], [ 139.813653942975179, 35.818048107933862 ], [ 139.813956161048054, 35.818972279147431 ], [ 139.81554452655871, 35.820810026661434 ], [ 139.817092865943096, 35.821404748330508 ], [ 139.820727302423165, 35.821331693702746 ], [ 139.821093723096851, 35.822695306043613 ], [ 139.820769001288454, 35.823544196807291 ], [ 139.819514279760256, 35.824816134956734 ], [ 139.814399559192339, 35.827824746714725 ], [ 139.815352087828614, 35.828236693768474 ], [ 139.814216252178312, 35.829124197823546 ], [ 139.81218124466875, 35.831830306423569 ], [ 139.811576550417499, 35.833184748377505 ], [ 139.811467393405565, 35.834353919198065 ], [ 139.811742113807554, 35.834875587138697 ], [ 139.813134331783999, 35.835589198282946 ], [ 139.813436549856988, 35.835085864820883 ], [ 139.812987664948878, 35.834408919036434 ], [ 139.814141828782454, 35.834481972764877 ], [ 139.81435267213817, 35.835323891984103 ], [ 139.816111309889152, 35.835058332975734 ], [ 139.815800441237457, 35.832105026825559 ], [ 139.81605652408939, 35.830635864653459 ], [ 139.816908469850091, 35.829528640034766 ], [ 139.818534890173055, 35.830656693851381 ], [ 139.818443190800735, 35.830016134636935 ], [ 139.8180034762795, 35.82960419837508 ], [ 139.818269298789119, 35.829457803135142 ], [ 139.819359339162247, 35.830391134843069 ], [ 139.820302943825823, 35.830647531558384 ], [ 139.820889338672146, 35.830564999874923 ], [ 139.820926004931266, 35.830208081437888 ], [ 139.821511828708026, 35.83028138697648 ], [ 139.821841283648382, 35.829543082247483 ], [ 139.820751245074007, 35.829241134870529 ], [ 139.820998754688844, 35.828069748120413 ], [ 139.823468222880251, 35.828609468152479 ], [ 139.825212386942212, 35.828623892378801 ], [ 139.826398780679256, 35.829141386565766 ], [ 139.826072969791767, 35.832043053644043 ], [ 139.826924915552468, 35.832390837667049 ], [ 139.827905188273917, 35.832152775430302 ], [ 139.827731309752153, 35.833132225272038 ], [ 139.829126589020916, 35.833300838263142 ], [ 139.828778560382375, 35.835323053815955 ], [ 139.830583281193526, 35.835542775278896 ], [ 139.829915810666193, 35.838775802061662 ], [ 139.830654422963335, 35.838820802338205 ], [ 139.829825278613725, 35.842551360157188 ], [ 139.831160271829162, 35.842762467913587 ], [ 139.83005557700335, 35.845048864713362 ], [ 139.831350311167967, 35.845523025966941 ], [ 139.829299221981614, 35.851197721098004 ], [ 139.829585888078327, 35.851371053731214 ], [ 139.829463671111625, 35.851728838215365 ], [ 139.830549249048659, 35.852195505418308 ], [ 139.82937119292626, 35.852848000434903 ], [ 139.829122309147351, 35.853992721387044 ], [ 139.829590078019805, 35.854090775369059 ], [ 139.8295209210537, 35.854547171414879 ], [ 139.829023139106653, 35.854464108232037 ], [ 139.829362581018358, 35.855285504922165 ], [ 139.828962865643803, 35.855202440840003 ], [ 139.829121193088667, 35.855722441437592 ], [ 139.828827031142623, 35.855677171364391 ], [ 139.828696472064621, 35.856162721632359 ], [ 139.829224553070731, 35.856237720594379 ], [ 139.829375382867738, 35.856561613227939 ], [ 139.828809830709133, 35.856682170945476 ], [ 139.828749273959943, 35.85722466718471 ], [ 139.831002048705614, 35.857203278608495 ], [ 139.838360415001262, 35.858085224853312 ], [ 139.838882088337755, 35.857350774618624 ], [ 139.838807056100791, 35.855881892135642 ], [ 139.840857911463559, 35.855851891651525 ], [ 139.838662140245674, 35.863616864826497 ], [ 139.838646860764129, 35.864584081190458 ], [ 139.839927173400383, 35.870003531637735 ] ] ] } },
{ "type": "Feature", "properties": { "regioncode": "1122200", "regionname": "埼玉県越谷市", "name": "越谷市", "namekana": "こしがやし", "PrefCode": "11" }, "geometry": { "type": "Polygon", "coordinates": [ [ [ 139.837277445098039, 35.906136802171716 ], [ 139.836199104904836, 35.907250973153964 ], [ 139.833732165606989, 35.907885414280486 ], [ 139.828223255998523, 35.90715125182885 ], [ 139.82513710829096, 35.907610415088641 ], [ 139.823229052678698, 35.908642360156875 ], [ 139.822309054319476, 35.909775972683065 ], [ 139.821127418895344, 35.912994306342227 ], [ 139.819873799935976, 35.914513467222775 ], [ 139.817517133708861, 35.915377080787721 ], [ 139.807977108356909, 35.916528748103303 ], [ 139.80620655009227, 35.917352919201903 ], [ 139.805145719699226, 35.918516532212266 ], [ 139.8045604409117, 35.920010693738561 ], [ 139.805076031233966, 35.923634585667628 ], [ 139.809079662796307, 35.926640693713068 ], [ 139.813635253264351, 35.92753486534184 ], [ 139.816158612430058, 35.928614279325586 ], [ 139.818074189072604, 35.930494559376484 ], [ 139.818262801187416, 35.931567332766235 ], [ 139.818056135182587, 35.932182891727109 ], [ 139.816363916861292, 35.933811224908141 ], [ 139.81428364467456, 35.936665414077652 ], [ 139.810628911395156, 35.939706252141889 ], [ 139.800865006115259, 35.941984585620162 ], [ 139.799939727836204, 35.942895134802654 ], [ 139.799017250046063, 35.946680973947821 ], [ 139.797721140818112, 35.948101532259955 ], [ 139.796142801848873, 35.949287640012642 ], [ 139.794168080392637, 35.950229587225749 ], [ 139.789943644583559, 35.953460414266772 ], [ 139.786953890709583, 35.955072946359451 ], [ 139.777905253125027, 35.958569891787135 ], [ 139.777306355004384, 35.957916558602335 ], [ 139.778311089285353, 35.956707946214806 ], [ 139.779048028843476, 35.955170720652291 ], [ 139.779109974146081, 35.953726839322201 ], [ 139.776154086042311, 35.947970170087331 ], [ 139.776313256151866, 35.945298224933197 ], [ 139.777269921669586, 35.94412961259161 ], [ 139.779062411701034, 35.943094614325048 ], [ 139.783037418741969, 35.941874055343419 ], [ 139.782245746444119, 35.940361278750061 ], [ 139.781798520785173, 35.940505720662543 ], [ 139.781280168644912, 35.939627108204547 ], [ 139.780489053027395, 35.939750720919108 ], [ 139.780007393226697, 35.938932667009055 ], [ 139.779656278114771, 35.939029053647971 ], [ 139.779209053355203, 35.938107666735505 ], [ 139.777207951186028, 35.939003774604544 ], [ 139.7773931908431, 35.937868504627829 ], [ 139.776996251675769, 35.937752666552399 ], [ 139.769756252349225, 35.937818891728512 ], [ 139.768898586001001, 35.936507387006372 ], [ 139.768202310188485, 35.936590918735988 ], [ 139.767829638327157, 35.936204171585302 ], [ 139.7655858109365, 35.935522026820138 ], [ 139.76511097339278, 35.936317108447838 ], [ 139.764708003371766, 35.936343386638043 ], [ 139.759774254278454, 35.940833251953052 ], [ 139.760166200409913, 35.941121864182719 ], [ 139.759877301296456, 35.941389918809762 ], [ 139.760155913064978, 35.941663250658564 ], [ 139.759881192662988, 35.941945198012547 ], [ 139.760135083867112, 35.942490467760933 ], [ 139.759914526933926, 35.94266574832568 ], [ 139.760901776595801, 35.943472693809838 ], [ 139.760064552736935, 35.944185748273696 ], [ 139.758562580598664, 35.944454640169567 ], [ 139.755606718575223, 35.942134918991371 ], [ 139.754860337034984, 35.942731585894023 ], [ 139.754183384955354, 35.942361585918491 ], [ 139.753470051701584, 35.942479081444503 ], [ 139.752895057560977, 35.942013532098883 ], [ 139.75303199732889, 35.941361585668687 ], [ 139.751945862711409, 35.940528531966208 ], [ 139.754219754438168, 35.937915747813577 ], [ 139.754836160560444, 35.938208531998214 ], [ 139.755379467988178, 35.937622972622137 ], [ 139.756781440011537, 35.938373251824146 ], [ 139.757345058627607, 35.937899360367226 ], [ 139.756850894653098, 35.937250747723908 ], [ 139.757046719330674, 35.937094081326848 ], [ 139.756571996000844, 35.936917973385789 ], [ 139.756307523373607, 35.935944918623136 ], [ 139.754960311069567, 35.935761027049807 ], [ 139.754798910641284, 35.935369640296699 ], [ 139.754275304661633, 35.935457693817568 ], [ 139.753988637665543, 35.934838801969192 ], [ 139.753538366002886, 35.934892693842812 ], [ 139.753362243672655, 35.934442693775338 ], [ 139.753753644814878, 35.934320467815382 ], [ 139.753636134899807, 35.933865468416684 ], [ 139.753171115254872, 35.933963251702778 ], [ 139.753053890424781, 35.933611305617319 ], [ 139.753465005605563, 35.933513532223799 ], [ 139.752418612029373, 35.931738251619095 ], [ 139.752739169976735, 35.931676306316547 ], [ 139.752671945653788, 35.931101585569763 ], [ 139.751157471140459, 35.929489360145908 ], [ 139.750770245550484, 35.929512693955701 ], [ 139.749095811322718, 35.927401890684735 ], [ 139.748238832955849, 35.927064108022194 ], [ 139.745502996366213, 35.926955504992634 ], [ 139.745369390385122, 35.925742171164302 ], [ 139.746470219924731, 35.925462721227632 ], [ 139.746510776651121, 35.924966334129067 ], [ 139.746101893587593, 35.924878278809558 ], [ 139.746867690591557, 35.922504108178089 ], [ 139.748592995870126, 35.922176054381453 ], [ 139.747330467327288, 35.921007999619519 ], [ 139.745122671274316, 35.917493000301761 ], [ 139.748584060206326, 35.914603558607382 ], [ 139.749427108074656, 35.911109946067199 ], [ 139.752386860565252, 35.911604440992221 ], [ 139.752812581635453, 35.910216467815815 ], [ 139.754509052850608, 35.910482170715682 ], [ 139.755189611211676, 35.907501332720358 ], [ 139.754706277772584, 35.907414387164295 ], [ 139.755392918248617, 35.904671918973918 ], [ 139.754172361065685, 35.904446919389898 ], [ 139.754822362262303, 35.901824413565862 ], [ 139.752556226288903, 35.901446081371603 ], [ 139.751996225645371, 35.899432467834174 ], [ 139.752972335405047, 35.898727748287001 ], [ 139.752614837804572, 35.898476639585283 ], [ 139.753059558851646, 35.898148306099472 ], [ 139.75333011719124, 35.898399413901871 ], [ 139.753900388991838, 35.898080802087406 ], [ 139.752549493964011, 35.897184386650167 ], [ 139.753467029979561, 35.895929135421341 ], [ 139.753215914083285, 35.895272467550399 ], [ 139.751669533422273, 35.895059721229188 ], [ 139.74956647151555, 35.895448613262943 ], [ 139.747797561708126, 35.894303891411539 ], [ 139.745766160480002, 35.894217505233712 ], [ 139.745628106452045, 35.893771107850398 ], [ 139.745238105554222, 35.893722504889752 ], [ 139.746766718309459, 35.892077224884076 ], [ 139.748380051698064, 35.891102504576963 ], [ 139.747420583892904, 35.887387801805687 ], [ 139.750921673396533, 35.881471693563867 ], [ 139.752858054055991, 35.880003919045691 ], [ 139.753852217705798, 35.878703639661296 ], [ 139.756008612107848, 35.878076413795498 ], [ 139.756740830225226, 35.877507532346783 ], [ 139.758377781609397, 35.875208640366509 ], [ 139.758811673020318, 35.873845305916177 ], [ 139.761244967781067, 35.870787801615791 ], [ 139.762504137356132, 35.870033640040504 ], [ 139.765007780684641, 35.86987113524475 ], [ 139.76768858595949, 35.868296414248164 ], [ 139.768393579799977, 35.867348640327521 ], [ 139.769532476742484, 35.866797801977043 ], [ 139.769851088556948, 35.86631419784203 ], [ 139.770460532127913, 35.866532531651046 ], [ 139.771375810845029, 35.865808640356533 ], [ 139.773972749842642, 35.860669198324899 ], [ 139.775798833149679, 35.859560026673932 ], [ 139.777202750406673, 35.859438081302471 ], [ 139.777858858899322, 35.858820864891072 ], [ 139.779807756322953, 35.858767251807251 ], [ 139.781310531555846, 35.859765865302506 ], [ 139.784471672829454, 35.860208892026776 ], [ 139.787405005936307, 35.861027506214498 ], [ 139.792385837236679, 35.859117224780164 ], [ 139.79489583697341, 35.858881107776938 ], [ 139.798081698811416, 35.857744971753107 ], [ 139.798945836681128, 35.85703886455201 ], [ 139.799792503421372, 35.855156666247183 ], [ 139.800555551197817, 35.854722225350486 ], [ 139.801290584193225, 35.85631080220179 ], [ 139.802266979037881, 35.856150802017964 ], [ 139.803022244081376, 35.856683865268224 ], [ 139.803861414073026, 35.856524134880999 ], [ 139.804031971398445, 35.85554358696703 ], [ 139.80455085593735, 35.855772198228408 ], [ 139.804697807857565, 35.856658586224853 ], [ 139.805651141387102, 35.856750252322342 ], [ 139.805925862688468, 35.856681919135326 ], [ 139.805795577004346, 35.856065531898821 ], [ 139.806900856389461, 35.855732198182466 ], [ 139.808067522598208, 35.8568674690585 ], [ 139.807845058202929, 35.857430801690214 ], [ 139.808690609783866, 35.857727197552151 ], [ 139.807881166882453, 35.858538585687256 ], [ 139.807621439977538, 35.859272198653116 ], [ 139.809582554691247, 35.859564694155381 ], [ 139.810109248043432, 35.860350531651761 ], [ 139.811217587821488, 35.861019414114708 ], [ 139.812346200117076, 35.860355801678963 ], [ 139.811693411022134, 35.85977746835556 ], [ 139.811811997425821, 35.85927358630704 ], [ 139.812620895338114, 35.858740251461484 ], [ 139.813310363282653, 35.859318027205234 ], [ 139.813777859660604, 35.858784413569879 ], [ 139.814023410552068, 35.859065531748968 ], [ 139.81342980494162, 35.859828864610449 ], [ 139.813993696052307, 35.860021612707328 ], [ 139.813716201241732, 35.860631053580335 ], [ 139.820118443411502, 35.86281494565327 ], [ 139.819980660978786, 35.863275775356783 ], [ 139.821330972346573, 35.863779946087675 ], [ 139.821137912185009, 35.864239387238001 ], [ 139.822081245253344, 35.864619946153653 ], [ 139.818426549745595, 35.869069081173222 ], [ 139.81937600539834, 35.869587414427713 ], [ 139.82242988273299, 35.869842694185024 ], [ 139.822422412064725, 35.870398531866783 ], [ 139.825738520916047, 35.870665197940582 ], [ 139.826188249388224, 35.871037135055815 ], [ 139.83375272410899, 35.871556305579077 ], [ 139.835967717436233, 35.869343531778611 ], [ 139.837540505789775, 35.869143532448106 ], [ 139.837703838861103, 35.869395467626759 ], [ 139.839276328639698, 35.869039918857197 ], [ 139.839343281367405, 35.87004769374613 ], [ 139.839927173400383, 35.870003531637735 ], [ 139.840172217973532, 35.877082108052889 ], [ 139.839747807215645, 35.879266278915679 ], [ 139.838063385117152, 35.8841296128914 ], [ 139.837959492736445, 35.885329892160826 ], [ 139.837989221625321, 35.886093504711539 ], [ 139.839740661202654, 35.89000236032075 ], [ 139.83998566800426, 35.891484586044839 ], [ 139.839815109779579, 35.892764585717089 ], [ 139.838635422286984, 35.893898468039936 ], [ 139.829870661102177, 35.897190413906515 ], [ 139.828616783138045, 35.898049865409007 ], [ 139.828310973172961, 35.89901874821669 ], [ 139.828683747556965, 35.900779027230385 ], [ 139.829722113784555, 35.90204625203296 ], [ 139.830924889572088, 35.902880134910333 ], [ 139.832255162246042, 35.903458747922912 ], [ 139.836257133659842, 35.903431252050666 ], [ 139.837785188835483, 35.90431319829554 ], [ 139.837277445098039, 35.906136802171716 ] ] ] } },
{ "type": "Feature", "properties": { "regioncode": "1122300", "regionname": "埼玉県蕨市", "name": "蕨市", "namekana": "わらびし", "PrefCode": "11" }, "geometry": { "type": "Polygon", "coordinates": [ [ [ 139.699518392060213, 35.815321775379687 ], [ 139.700326160424083, 35.815474838193268 ], [ 139.700438689893645, 35.816036505280522 ], [ 139.702493138947261, 35.816965666832118 ], [ 139.701776743502023, 35.818983170836702 ], [ 139.70288092121757, 35.819319838339936 ], [ 139.707302892214784, 35.819258748292668 ], [ 139.707508170565688, 35.823616801774051 ], [ 139.708203190924564, 35.823596531954422 ], [ 139.708264033658338, 35.825094028166916 ], [ 139.709736251726667, 35.825022360293758 ], [ 139.709848755116013, 35.826309026640331 ], [ 139.698309830934022, 35.828242333416995 ], [ 139.690374162837429, 35.829195612987178 ], [ 139.688810363207722, 35.828948721206586 ], [ 139.683909532898724, 35.830537305252506 ], [ 139.681783410576031, 35.83160953185444 ], [ 139.675919221994604, 35.832998693934655 ], [ 139.671382555060973, 35.834900919242102 ], [ 139.66855089480805, 35.835677026973258 ], [ 139.66816228336279, 35.835677026973258 ], [ 139.668326135342909, 35.833767305816536 ], [ 139.668019467424529, 35.832837864575822 ], [ 139.662989728293383, 35.828760360002661 ], [ 139.665661945942134, 35.826868693635333 ], [ 139.665550271727739, 35.824529252123341 ], [ 139.669036393814622, 35.822837864775693 ], [ 139.669274721351371, 35.822424252177541 ], [ 139.670691945876683, 35.822060918876332 ], [ 139.67481335894945, 35.822083694207151 ], [ 139.676820026123323, 35.821545081240572 ], [ 139.677572529348822, 35.820617864922554 ], [ 139.678951699061713, 35.819941748313113 ], [ 139.679008366243124, 35.819582306378379 ], [ 139.680297250317949, 35.818569251569784 ], [ 139.681541413805235, 35.818955918680729 ], [ 139.684283358590164, 35.818850081066444 ], [ 139.684801996714896, 35.819444532039597 ], [ 139.68562975430973, 35.8185928920484 ], [ 139.684576134680924, 35.816513135173125 ], [ 139.684714188708881, 35.816049531960402 ], [ 139.686403645212067, 35.815388999702634 ], [ 139.688096420213697, 35.815225946320425 ], [ 139.688196977908319, 35.814249000191239 ], [ 139.690045305046851, 35.813699278798708 ], [ 139.690206420390041, 35.814237053597196 ], [ 139.691731414273363, 35.81373733271181 ], [ 139.691783359114766, 35.81423650501074 ], [ 139.692222243561787, 35.81424899929192 ], [ 139.692498106102789, 35.814887613272788 ], [ 139.6929497798086, 35.81480038712823 ], [ 139.693488948556251, 35.816052891827553 ], [ 139.695615330782971, 35.815127612649235 ], [ 139.696179494388275, 35.816368170754515 ], [ 139.699518392060213, 35.815321775379687 ] ] ] } },
{ "type": "Feature", "properties": { "regioncode": "1122400", "regionname": "埼玉県戸田市", "name": "戸田市", "namekana": "とだし", "PrefCode": "11" }, "geometry": { "type": "Polygon", "coordinates": [ [ [ 139.663289441754387, 35.829011198008459 ], [ 139.662727224282094, 35.829072306042121 ], [ 139.662686109076731, 35.828663693674571 ], [ 139.660212477024288, 35.828622865352997 ], [ 139.660222749979994, 35.82930700031784 ], [ 139.659493864750175, 35.830296440728205 ], [ 139.658134136581225, 35.829632560294499 ], [ 139.653753865348676, 35.835252838347856 ], [ 139.652026640916802, 35.835324224733256 ], [ 139.652261362172226, 35.834020612461359 ], [ 139.64971632934521, 35.833560891621914 ], [ 139.650002437862327, 35.832805333399449 ], [ 139.645118521102972, 35.831917278959281 ], [ 139.646244358090712, 35.830050333156407 ], [ 139.646316032259165, 35.829774503890292 ], [ 139.645896860951439, 35.829631440638536 ], [ 139.642998248870185, 35.830087559693197 ], [ 139.642466588562229, 35.830812279263341 ], [ 139.64135267208826, 35.830301720647924 ], [ 139.641301581602761, 35.831935892227705 ], [ 139.640861855390426, 35.832007278613048 ], [ 139.634559300371507, 35.830593386975295 ], [ 139.633629027257825, 35.830634225189385 ], [ 139.633210142833946, 35.829265612617974 ], [ 139.631669300198155, 35.8294306130324 ], [ 139.631372891745627, 35.829154774773087 ], [ 139.628705109553266, 35.830880613349677 ], [ 139.62562316527692, 35.833917278559625 ], [ 139.624345383332866, 35.834652558868527 ], [ 139.618703384853347, 35.829091440917296 ], [ 139.620873671982395, 35.827010612949493 ], [ 139.622601439604864, 35.82358700004005 ], [ 139.622978080174335, 35.820585081036711 ], [ 139.622049999607839, 35.813873973005514 ], [ 139.622288586149352, 35.811310639874193 ], [ 139.622696083357596, 35.81054758580251 ], [ 139.62406302229067, 35.809432585645368 ], [ 139.625593060471374, 35.810835639553147 ], [ 139.628941115040448, 35.810873134987219 ], [ 139.629120830162265, 35.809787864618329 ], [ 139.628243061268336, 35.807783693962335 ], [ 139.628832503017634, 35.807445360015379 ], [ 139.628769974055103, 35.806167586165202 ], [ 139.630964449349904, 35.805490919170609 ], [ 139.634588611974891, 35.805202866319291 ], [ 139.63493972798608, 35.80557869390168 ], [ 139.635065303920669, 35.808147027263544 ], [ 139.634391970712954, 35.810599251854057 ], [ 139.634354227065955, 35.812127585819496 ], [ 139.634542283399696, 35.812591198025416 ], [ 139.635959221940652, 35.813205360339168 ], [ 139.637727561577776, 35.811802026742214 ], [ 139.638504772777083, 35.810749532165232 ], [ 139.63874671918586, 35.809500359454091 ], [ 139.638495888374564, 35.808773973440168 ], [ 139.64002557671904, 35.804780080636249 ], [ 139.640514746758186, 35.804529802008801 ], [ 139.640514746758186, 35.802850918834906 ], [ 139.64398616133235, 35.801894252417867 ], [ 139.646243113429023, 35.798887585893453 ], [ 139.646301698864363, 35.797869252064402 ], [ 139.647609222287883, 35.797480360030647 ], [ 139.653362308623741, 35.800225919190893 ], [ 139.657776523867597, 35.800501747557632 ], [ 139.667371283757802, 35.80045453225091 ], [ 139.6710582487392, 35.800003694015345 ], [ 139.673834642954489, 35.799169802144718 ], [ 139.678381894009249, 35.798822585593882 ], [ 139.681893280750387, 35.799298694778997 ], [ 139.686615810571311, 35.800628414369896 ], [ 139.689813580332498, 35.80085372062274 ], [ 139.693833864641192, 35.800226775345436 ], [ 139.697671921122378, 35.798444559169127 ], [ 139.698372217803694, 35.800769278779228 ], [ 139.695248884928105, 35.801439000309642 ], [ 139.696785278617767, 35.80580317097963 ], [ 139.697878911782368, 35.805680946818313 ], [ 139.698369753661268, 35.806579278710785 ], [ 139.698993358856455, 35.809476774733412 ], [ 139.698839779832042, 35.813783440953102 ], [ 139.699211725041096, 35.815250108405849 ], [ 139.699518392060213, 35.815321775379687 ], [ 139.696179494388275, 35.816368170754515 ], [ 139.695615330782971, 35.815127612649235 ], [ 139.693488948556251, 35.816052891827553 ], [ 139.6929497798086, 35.81480038712823 ], [ 139.692498106102789, 35.814887613272788 ], [ 139.692222243561787, 35.81424899929192 ], [ 139.691783359114766, 35.81423650501074 ], [ 139.691731414273363, 35.81373733271181 ], [ 139.690206420390041, 35.814237053597196 ], [ 139.690045305046851, 35.813699278798708 ], [ 139.688196977908319, 35.814249000191239 ], [ 139.688096420213697, 35.815225946320425 ], [ 139.686403645212067, 35.815388999702634 ], [ 139.684714188708881, 35.816049531960402 ], [ 139.684576134680924, 35.816513135173125 ], [ 139.68562975430973, 35.8185928920484 ], [ 139.684801996714896, 35.819444532039597 ], [ 139.684283358590164, 35.818850081066444 ], [ 139.681541413805235, 35.818955918680729 ], [ 139.680297250317949, 35.818569251569784 ], [ 139.679008366243124, 35.819582306378379 ], [ 139.678951699061713, 35.819941748313113 ], [ 139.677572529348822, 35.820617864922554 ], [ 139.676820026123323, 35.821545081240572 ], [ 139.67481335894945, 35.822083694207151 ], [ 139.670691945876683, 35.822060918876332 ], [ 139.669274721351371, 35.822424252177541 ], [ 139.669036393814622, 35.822837864775693 ], [ 139.667042503308949, 35.823602026812125 ], [ 139.666879442732125, 35.823965360113334 ], [ 139.665424720974102, 35.824667028260819 ], [ 139.665661945942134, 35.826868693635333 ], [ 139.662989728293383, 35.828760360002661 ], [ 139.663289441754387, 35.829011198008459 ] ] ] } },
{ "type": "Feature", "properties": { "regioncode": "1122500", "regionname": "埼玉県入間市", "name": "入間市", "namekana": "いるまし", "PrefCode": "11" }, "geometry": { "type": "Polygon", "coordinates": [ [ [ 139.360888806473326, 35.859379532739297 ], [ 139.359744643100839, 35.861607586021307 ], [ 139.358432697710896, 35.861209802390533 ], [ 139.358012412143125, 35.861961197651226 ], [ 139.353508495820506, 35.860682585632901 ], [ 139.352781829218088, 35.859655108396566 ], [ 139.350196004941722, 35.859208720905769 ], [ 139.35176014361582, 35.852583721161864 ], [ 139.346677366067638, 35.852088441128728 ], [ 139.346730700361604, 35.851151504938059 ], [ 139.344723450426955, 35.849988999892503 ], [ 139.345285382814268, 35.847165386773213 ], [ 139.345131776810149, 35.846323720263513 ], [ 139.34549955905743, 35.845726775470382 ], [ 139.345385913529185, 35.841287053654639 ], [ 139.344697004063505, 35.839111775288245 ], [ 139.345241996820732, 35.833984278951391 ], [ 139.346118912258021, 35.832399587171267 ], [ 139.345569753841119, 35.829726251665249 ], [ 139.345878637688998, 35.829067080081757 ], [ 139.345347522370275, 35.828572640015352 ], [ 139.345410271666765, 35.827386802059323 ], [ 139.344719999728227, 35.827245972723517 ], [ 139.342434163206121, 35.827979306000202 ], [ 139.340916938565897, 35.827736251626789 ], [ 139.339371673064306, 35.828404305814104 ], [ 139.338446667279982, 35.828342359612236 ], [ 139.338153022444089, 35.826456532542977 ], [ 139.339283579973312, 35.82489069325095 ], [ 139.338352750179297, 35.822389864800471 ], [ 139.337713554337142, 35.82200346748607 ], [ 139.336311361979824, 35.822842080797443 ], [ 139.334906056169643, 35.822762080705502 ], [ 139.3328130217036, 35.825766532199737 ], [ 139.3317580288101, 35.82626208113021 ], [ 139.330140531560346, 35.826511802178004 ], [ 139.329197197592634, 35.825850694354131 ], [ 139.326339105365491, 35.826430694121314 ], [ 139.32375717335492, 35.823671252126644 ], [ 139.321425188122021, 35.82279322512727 ], [ 139.320759921832973, 35.822003224669118 ], [ 139.319547133893138, 35.821333224348905 ], [ 139.318988780807672, 35.820411000167553 ], [ 139.317174889609532, 35.819042667285316 ], [ 139.316106004888297, 35.818765999851053 ], [ 139.315029299662569, 35.816808774705237 ], [ 139.31502486420618, 35.814269054173565 ], [ 139.316752087738678, 35.812688775366723 ], [ 139.316789001311463, 35.811470170611926 ], [ 139.318339000844276, 35.809829333257198 ], [ 139.319091478888708, 35.806978774650759 ], [ 139.319711751196451, 35.806305999922017 ], [ 139.320768663243257, 35.803437694094384 ], [ 139.322619494094397, 35.800268801564016 ], [ 139.322253916984778, 35.799497134685055 ], [ 139.323968910636836, 35.796867413600296 ], [ 139.325729442359943, 35.795211865135514 ], [ 139.330360271909058, 35.794338531697917 ], [ 139.33036583691387, 35.793616865326101 ], [ 139.332783307203954, 35.791890197574617 ], [ 139.334879441633007, 35.793698801658422 ], [ 139.336665550974431, 35.793770467732941 ], [ 139.338499468275927, 35.794594081251887 ], [ 139.342879727817262, 35.794026305969282 ], [ 139.343359467565392, 35.794191586072884 ], [ 139.343351139843321, 35.794699080698081 ], [ 139.346858663096896, 35.796413252369746 ], [ 139.347608948594143, 35.796024360335991 ], [ 139.347868080147805, 35.795246026782763 ], [ 139.349708638043239, 35.794906864560176 ], [ 139.35026472123991, 35.793405747677184 ], [ 139.350657782530675, 35.793274918802524 ], [ 139.352712529259861, 35.793496865188217 ], [ 139.353486666576487, 35.792874081074046 ], [ 139.353550310698324, 35.793270747746874 ], [ 139.354004747121394, 35.793206585615508 ], [ 139.354917808110372, 35.793718252195617 ], [ 139.355223358171543, 35.793440467803407 ], [ 139.356654747918355, 35.793477135861167 ], [ 139.358574747426701, 35.792976306111711 ], [ 139.358893333160836, 35.79193102679551 ], [ 139.359842217744244, 35.79162158626724 ], [ 139.362730272683962, 35.791906864710086 ], [ 139.367273332898094, 35.791783802380621 ], [ 139.367504448771342, 35.791448251835391 ], [ 139.369920558387093, 35.791727413989008 ], [ 139.370258054165902, 35.790902973093807 ], [ 139.368714422732523, 35.790288801786801 ], [ 139.369868832980274, 35.7876074416302 ], [ 139.367827133615378, 35.78704105400152 ], [ 139.368153773677818, 35.786058279366159 ], [ 139.367193774373277, 35.785601892313537 ], [ 139.367672087796677, 35.784157467792966 ], [ 139.369421244894625, 35.783255251728519 ], [ 139.369895136351488, 35.78261469431277 ], [ 139.369910699119487, 35.781541640334467 ], [ 139.371448754756329, 35.781601359814942 ], [ 139.371729026673279, 35.780393027116588 ], [ 139.373008469665251, 35.779715531846364 ], [ 139.371460660880871, 35.778811360655823 ], [ 139.370442335145754, 35.778767748932523 ], [ 139.37026788555454, 35.778288026271468 ], [ 139.371039001149029, 35.778205802156094 ], [ 139.374404578108852, 35.780094972005429 ], [ 139.376018781141852, 35.780389107871088 ], [ 139.380137392826441, 35.778746640045426 ], [ 139.379880700234139, 35.777006639844615 ], [ 139.381522944128619, 35.777166918818295 ], [ 139.381479300029696, 35.774270802355716 ], [ 139.383845421728893, 35.774042747774615 ], [ 139.386166836330517, 35.775306081210715 ], [ 139.386943501641326, 35.774582467806681 ], [ 139.387983216852035, 35.774494413386549 ], [ 139.391075187669799, 35.775492197706797 ], [ 139.392718781446661, 35.774565801570532 ], [ 139.394446031059601, 35.775959414395516 ], [ 139.395689104568532, 35.778286892226333 ], [ 139.395461088658408, 35.781892170887033 ], [ 139.395124422953813, 35.782468280187061 ], [ 139.394095253193427, 35.782529667010579 ], [ 139.392853580828159, 35.783223000241321 ], [ 139.391062191566903, 35.783539387133089 ], [ 139.388412476754411, 35.78335355931938 ], [ 139.387741919753807, 35.784112999915067 ], [ 139.387699689389251, 35.784756332638665 ], [ 139.385922503121037, 35.786617440942223 ], [ 139.385863333126395, 35.788273558677815 ], [ 139.386685031988691, 35.790107973304373 ], [ 139.386781166817514, 35.791834359568099 ], [ 139.38864367086876, 35.792116585711938 ], [ 139.388735615756104, 35.793684080655851 ], [ 139.387893671355869, 35.793721585982439 ], [ 139.388147030161349, 35.796486585787363 ], [ 139.388757328088332, 35.798281585826601 ], [ 139.389923192101719, 35.799515999763628 ], [ 139.389254034446253, 35.799776559440716 ], [ 139.388314035164626, 35.801373224794531 ], [ 139.38766596571179, 35.801625440561679 ], [ 139.386722387128543, 35.804359892195293 ], [ 139.386878222552014, 35.804729893070146 ], [ 139.385941309743657, 35.805850441144969 ], [ 139.385234358079174, 35.805556279198981 ], [ 139.384704086324632, 35.806001838414147 ], [ 139.3858379767413, 35.807452107628706 ], [ 139.387176303743445, 35.808036559040033 ], [ 139.387273256056005, 35.807838774739707 ], [ 139.386427134304881, 35.807266838294026 ], [ 139.386435473718166, 35.806817108023154 ], [ 139.388011582368676, 35.807751278798548 ], [ 139.389356588635678, 35.806395441096754 ], [ 139.390463528169334, 35.806979891608762 ], [ 139.39179130972127, 35.806867667009271 ], [ 139.392211855193068, 35.807657946257279 ], [ 139.39420963706516, 35.80775989160577 ], [ 139.39655994778343, 35.809225999680166 ], [ 139.397629104999282, 35.808817945791645 ], [ 139.39825522739693, 35.809079054055132 ], [ 139.398095227213048, 35.8093521080134 ], [ 139.399652165015482, 35.809356558758225 ], [ 139.399820507310665, 35.808759613065718 ], [ 139.400197717150945, 35.80888655866778 ], [ 139.400210220425379, 35.809336279046079 ], [ 139.401081607730021, 35.809206280245689 ], [ 139.403772996226849, 35.810823505000826 ], [ 139.406259104574133, 35.810823505000826 ], [ 139.408576641298964, 35.811737108280965 ], [ 139.40834136156468, 35.81202766664353 ], [ 139.408636355383578, 35.812237107956207 ], [ 139.409025525307811, 35.811903775139172 ], [ 139.409742192348403, 35.812495440911903 ], [ 139.410156912911248, 35.812162386884722 ], [ 139.413739416241128, 35.813937107211757 ], [ 139.414111362349558, 35.813390440816249 ], [ 139.414530245874175, 35.813727945588255 ], [ 139.414825524778166, 35.813454612840189 ], [ 139.416894449319443, 35.815089054216514 ], [ 139.417565837293637, 35.814820171313897 ], [ 139.418339728195974, 35.815050720614295 ], [ 139.418630558153836, 35.815523225316667 ], [ 139.417826666767269, 35.816065720656525 ], [ 139.418447496654721, 35.817029053747888 ], [ 139.419463359146789, 35.817828468309244 ], [ 139.415204500887057, 35.82575930614712 ], [ 139.413155642019319, 35.827722359799111 ], [ 139.412612866090967, 35.830514305990505 ], [ 139.411415382813743, 35.832134027263578 ], [ 139.411757328438057, 35.832442640415593 ], [ 139.41092483771115, 35.83551622459413 ], [ 139.40743457784356, 35.840299559377229 ], [ 139.401952361012718, 35.838762054125539 ], [ 139.397747081662601, 35.839575386594845 ], [ 139.39752958422298, 35.838936775311993 ], [ 139.393475135569133, 35.839814838284212 ], [ 139.39401014315365, 35.841670108189021 ], [ 139.392896524355137, 35.842476505086665 ], [ 139.391815446625628, 35.844040667143133 ], [ 139.392416834969026, 35.844472892110332 ], [ 139.394512386637416, 35.844936224627133 ], [ 139.392526834645764, 35.845043720591264 ], [ 139.39194488964506, 35.847119837010894 ], [ 139.389316588589736, 35.849772053737354 ], [ 139.389450752150537, 35.85169705437562 ], [ 139.389923256852853, 35.852585641214432 ], [ 139.372349882641061, 35.848997613349241 ], [ 139.370835694112088, 35.847694557757677 ], [ 139.37132374809255, 35.846107332587394 ], [ 139.372850143119649, 35.844918441432981 ], [ 139.372911529943167, 35.842644000220503 ], [ 139.37162732773902, 35.841769279128982 ], [ 139.367967328029863, 35.841400666807374 ], [ 139.36405121938833, 35.842232054066073 ], [ 139.364127885693392, 35.843511774948524 ], [ 139.36329875483375, 35.845261774711162 ], [ 139.362475421903241, 35.848429559276781 ], [ 139.362506835222348, 35.851601505005476 ], [ 139.36150461724435, 35.853622054114567 ], [ 139.362232113920982, 35.85553927921444 ], [ 139.360888806473326, 35.859379532739297 ] ] ] } },
{ "type": "Feature", "properties": { "regioncode": "1122700", "regionname": "埼玉県朝霞市", "name": "朝霞市", "namekana": "あさかし", "PrefCode": "11" }, "geometry": { "type": "Polygon", "coordinates": [ [ [ 139.620873671982395, 35.827010612949493 ], [ 139.617081724641935, 35.830190891796292 ], [ 139.61669786071775, 35.833880891989622 ], [ 139.615289248100339, 35.835245891984357 ], [ 139.612773139269052, 35.834745332930822 ], [ 139.610022244431093, 35.831713945841955 ], [ 139.608770584195213, 35.83261950468642 ], [ 139.607399222396225, 35.834763386820896 ], [ 139.605562528887617, 35.834155892080787 ], [ 139.605002529143462, 35.832071440744471 ], [ 139.602884721053101, 35.831008108437516 ], [ 139.599688885733599, 35.830067279081732 ], [ 139.598097755706931, 35.829086721275246 ], [ 139.597792749735731, 35.829281170889374 ], [ 139.597924137089308, 35.829721999670596 ], [ 139.595175253135494, 35.829896441167875 ], [ 139.595067756271987, 35.829443947280367 ], [ 139.596474967745621, 35.829300891223227 ], [ 139.596176912634519, 35.828526721531034 ], [ 139.59673719836303, 35.828038108172223 ], [ 139.596415252761744, 35.827359504937249 ], [ 139.595652166314494, 35.827037838125761 ], [ 139.594364383009975, 35.827466440623766 ], [ 139.594316614620084, 35.827990613176325 ], [ 139.592265771847906, 35.82789533270352 ], [ 139.592289389843586, 35.829217559143103 ], [ 139.593231633832943, 35.829979775046638 ], [ 139.592504137156311, 35.830646721269204 ], [ 139.59200328132647, 35.828943667016688 ], [ 139.591347445328438, 35.828431441058228 ], [ 139.590471051497843, 35.828587558868776 ], [ 139.590709389826543, 35.829195334197379 ], [ 139.586547716803807, 35.831434225209364 ], [ 139.584086861419564, 35.829313107613871 ], [ 139.581531855111052, 35.829356721135809 ], [ 139.581007133072831, 35.829118387303765 ], [ 139.580852412808667, 35.828332306091113 ], [ 139.58109075203663, 35.828844505069924 ], [ 139.581317133878656, 35.827975080985254 ], [ 139.581865746407175, 35.827546198798075 ], [ 139.581686861359572, 35.827022027144892 ], [ 139.582056588840601, 35.826843413692643 ], [ 139.582987108368457, 35.824644531719798 ], [ 139.582566277811566, 35.824029252448099 ], [ 139.581222386703871, 35.824072865070718 ], [ 139.581317665378037, 35.822858134595265 ], [ 139.578646809302882, 35.823310640173929 ], [ 139.577946524312665, 35.822927865328779 ], [ 139.575132334289833, 35.817525919285799 ], [ 139.574947588360601, 35.815124000072615 ], [ 139.574122308397932, 35.814996225295602 ], [ 139.574335641976404, 35.81410510776459 ], [ 139.575758144622796, 35.813167333405772 ], [ 139.57560172463991, 35.811746224708543 ], [ 139.573353942930225, 35.810879280054792 ], [ 139.57311228340518, 35.808889559705449 ], [ 139.574493944240203, 35.808482333193183 ], [ 139.575717522245895, 35.807203441485683 ], [ 139.575817249866304, 35.806350667449408 ], [ 139.575219753788701, 35.80462205356497 ], [ 139.575444747077427, 35.804169000299169 ], [ 139.575272529603581, 35.803430109212229 ], [ 139.574451673406088, 35.801324864650837 ], [ 139.572778586362688, 35.799713197705955 ], [ 139.57610469477595, 35.798142639671141 ], [ 139.576080245806793, 35.797704586197767 ], [ 139.577313307163422, 35.796896252160366 ], [ 139.577266082863503, 35.795937359921254 ], [ 139.578857470995558, 35.795226801975389 ], [ 139.578546912610022, 35.794267918729531 ], [ 139.578754137093824, 35.793779026580864 ], [ 139.579807754923991, 35.793741532046113 ], [ 139.579177471363323, 35.793280694248665 ], [ 139.580212750218266, 35.792387919267128 ], [ 139.580064112069181, 35.79203319787382 ], [ 139.578972437627954, 35.792070972997067 ], [ 139.578972437627954, 35.791789027441723 ], [ 139.579800777983564, 35.791544586313648 ], [ 139.579753553683645, 35.791243747800763 ], [ 139.579141894183181, 35.791130694026378 ], [ 139.579716057350197, 35.790895693981156 ], [ 139.579330221212786, 35.790707640345374 ], [ 139.579198558666576, 35.789927640348367 ], [ 139.578831335797531, 35.789645693893704 ], [ 139.579734943113181, 35.788902918634847 ], [ 139.579412969632926, 35.788247359627974 ], [ 139.57855686001119, 35.788172107956484 ], [ 139.578001581707667, 35.787720999924261 ], [ 139.58010936505525, 35.786687107823809 ], [ 139.580485745720694, 35.786207666650569 ], [ 139.581567976381052, 35.785972666605346 ], [ 139.581505472599588, 35.784697107785348 ], [ 139.581034915828809, 35.784001278935932 ], [ 139.581674888685257, 35.781343774195875 ], [ 139.582691283575969, 35.781353225171245 ], [ 139.583899637858053, 35.78311794593651 ], [ 139.584690194996597, 35.783155441370582 ], [ 139.586393256443671, 35.785119891669694 ], [ 139.586921608145758, 35.78653850474825 ], [ 139.590367976600874, 35.782450999713944 ], [ 139.589541283803214, 35.780309613198142 ], [ 139.593041855297429, 35.778956000419157 ], [ 139.597200752113054, 35.778366000190829 ], [ 139.598155226882227, 35.783037107676421 ], [ 139.599478560387297, 35.783490440631397 ], [ 139.601372191773294, 35.784912359617749 ], [ 139.601560803888106, 35.785922918807728 ], [ 139.601267782282434, 35.786612359772619 ], [ 139.600795279378758, 35.786763468359425 ], [ 139.600921387711992, 35.787819026926627 ], [ 139.602887808425635, 35.789386801559715 ], [ 139.604145862841392, 35.791444026820443 ], [ 139.60446756202839, 35.792784864729754 ], [ 139.605847561815608, 35.793493468448844 ], [ 139.608362282093708, 35.793172081326531 ], [ 139.609440078197167, 35.793956252379189 ], [ 139.610031192685483, 35.795123999572979 ], [ 139.612470661292036, 35.795945387269853 ], [ 139.614436783430847, 35.797088440878895 ], [ 139.614035422296979, 35.798230387422507 ], [ 139.614196251655699, 35.801035387273373 ], [ 139.613884305616239, 35.801384837740102 ], [ 139.614195719257054, 35.803754000047093 ], [ 139.614592944408969, 35.804556776274239 ], [ 139.614271283892663, 35.805114278601138 ], [ 139.614432139331825, 35.805822332834452 ], [ 139.617344384236048, 35.807982586227411 ], [ 139.617788832788506, 35.807925919045999 ], [ 139.618129104774425, 35.80911619785428 ], [ 139.619206614893415, 35.809257865358234 ], [ 139.622129104874375, 35.807786748060039 ], [ 139.622446471127773, 35.808987972516945 ], [ 139.623370531724731, 35.809841198012919 ], [ 139.622288586149352, 35.811310639874193 ], [ 139.622025279043442, 35.813465359738586 ], [ 139.622978080174335, 35.820585081036711 ], [ 139.622500895400094, 35.824025333202599 ], [ 139.620873671982395, 35.827010612949493 ] ] ] } },
{ "type": "Feature", "properties": { "regioncode": "1122800", "regionname": "埼玉県志木市", "name": "志木市", "namekana": "しきし", "PrefCode": "11" }, "geometry": { "type": "Polygon", "coordinates": [ [ [ 139.607399222396225, 35.834763386820896 ], [ 139.605412555245266, 35.839022558944009 ], [ 139.605422283211851, 35.839668945765311 ], [ 139.606502022750192, 35.841840865163874 ], [ 139.606281479306858, 35.843211693664784 ], [ 139.605050635678367, 35.84413835959765 ], [ 139.602002308959413, 35.844397802316792 ], [ 139.60013258065419, 35.845038080942743 ], [ 139.597173969403229, 35.848513919282027 ], [ 139.590955643088478, 35.852896694227127 ], [ 139.588077612891539, 35.858079170617259 ], [ 139.585139000764343, 35.860501946008071 ], [ 139.583296199959705, 35.860168332602541 ], [ 139.583090363129827, 35.858075837729757 ], [ 139.584572554679767, 35.853728080586507 ], [ 139.587003942877686, 35.852611413985642 ], [ 139.586505615941519, 35.851421693656278 ], [ 139.58491394272437, 35.85212280242547 ], [ 139.583247275941062, 35.853667252241962 ], [ 139.582478949144274, 35.855156107768209 ], [ 139.581424226946524, 35.85603917097103 ], [ 139.580933385067738, 35.85706499974998 ], [ 139.580749221899168, 35.856966388188312 ], [ 139.578080026871817, 35.850637251907699 ], [ 139.578253891004351, 35.847103919010692 ], [ 139.577733606221045, 35.845863639695267 ], [ 139.576715837166262, 35.844752802499897 ], [ 139.577162192281435, 35.843742252303173 ], [ 139.574613580152686, 35.843317251589951 ], [ 139.573313021978493, 35.84250089200259 ], [ 139.571470220274477, 35.842154775322683 ], [ 139.572634694835415, 35.841638946680121 ], [ 139.573487198175712, 35.841962279036011 ], [ 139.574295811002912, 35.841808108257624 ], [ 139.576359689448168, 35.840539224205884 ], [ 139.577958859413911, 35.841723386724993 ], [ 139.5799274708761, 35.840088666558756 ], [ 139.580462476661978, 35.839095332983277 ], [ 139.581708029601941, 35.839283945997352 ], [ 139.581444423021821, 35.838767279186641 ], [ 139.580652749824594, 35.838468386806653 ], [ 139.580821361916378, 35.837306171342789 ], [ 139.579030778447759, 35.836321170885356 ], [ 139.579646056820138, 35.835700332904082 ], [ 139.577969389575742, 35.836825053833195 ], [ 139.578268559846265, 35.837511170903838 ], [ 139.577189105393018, 35.838287838013343 ], [ 139.576761335667129, 35.838263387245604 ], [ 139.576614112151674, 35.837836999777778 ], [ 139.57616299602546, 35.838449504641005 ], [ 139.575671335763559, 35.838395054288355 ], [ 139.576078559577923, 35.837880613299717 ], [ 139.575896886632108, 35.837517837578218 ], [ 139.575288833412969, 35.837993387384984 ], [ 139.574812438243498, 35.837591170995779 ], [ 139.574233553635622, 35.837713666752393 ], [ 139.574090219687946, 35.838267558301254 ], [ 139.573462166445893, 35.837845891374855 ], [ 139.573251335680652, 35.838321170485699 ], [ 139.572422723729801, 35.838140054220162 ], [ 139.57169077810704, 35.837569504529085 ], [ 139.571902970445763, 35.83711089165439 ], [ 139.571519363727703, 35.836400892187498 ], [ 139.571905188174014, 35.835938108257153 ], [ 139.56908352838218, 35.834707838396071 ], [ 139.566432113851079, 35.832343667326427 ], [ 139.5625648626783, 35.832003945725546 ], [ 139.560733190984024, 35.831323694033301 ], [ 139.559514864119706, 35.83079119825527 ], [ 139.559514864119706, 35.830524801978072 ], [ 139.557268443983617, 35.828914802376289 ], [ 139.555732606974289, 35.828597865099425 ], [ 139.554915668223543, 35.827564802173924 ], [ 139.555312022831686, 35.825625918701235 ], [ 139.556563695658042, 35.825205641227399 ], [ 139.556444811578899, 35.824743135187589 ], [ 139.557406471931245, 35.824518134704192 ], [ 139.557691192794323, 35.825098972639523 ], [ 139.560375913717508, 35.822268972535085 ], [ 139.560423411411421, 35.821628693909133 ], [ 139.561076199606987, 35.820585359826566 ], [ 139.56181175061181, 35.820277027263046 ], [ 139.561764501130938, 35.818391747880924 ], [ 139.566470077831923, 35.820240360104606 ], [ 139.56816732786001, 35.820595918766685 ], [ 139.572982632642493, 35.822683414308187 ], [ 139.575142360831364, 35.822878134618293 ], [ 139.575303191089461, 35.823133694064779 ], [ 139.576061244930543, 35.822547026723953 ], [ 139.576411803362134, 35.823313413683138 ], [ 139.577946524312665, 35.822927865328779 ], [ 139.578646809302882, 35.823310640173929 ], [ 139.581317665378037, 35.822858134595265 ], [ 139.581222386703871, 35.824072865070718 ], [ 139.582566277811566, 35.824029252448099 ], [ 139.582987108368457, 35.824644531719798 ], [ 139.582056588840601, 35.826843413692643 ], [ 139.581686861359572, 35.827022027144892 ], [ 139.581865746407175, 35.827546198798075 ], [ 139.581317133878656, 35.827975080985254 ], [ 139.58109075203663, 35.828844505069924 ], [ 139.580852412808667, 35.828332306091113 ], [ 139.58089992219368, 35.828975333045264 ], [ 139.581531855111052, 35.829356721135809 ], [ 139.584086861419564, 35.829313107613871 ], [ 139.586547716803807, 35.831434225209364 ], [ 139.590446886714517, 35.829373667061134 ], [ 139.590709389826543, 35.829195334197379 ], [ 139.590471051497843, 35.828587558868776 ], [ 139.590918002863646, 35.828478945946642 ], [ 139.591717172809354, 35.828586171214909 ], [ 139.59200328132647, 35.828943667016688 ], [ 139.592504137156311, 35.830646721269204 ], [ 139.593231633832943, 35.829979775046638 ], [ 139.592289389843586, 35.829217559143103 ], [ 139.592265771847906, 35.82789533270352 ], [ 139.594316614620084, 35.827990613176325 ], [ 139.594364383009975, 35.827466440623766 ], [ 139.595652166314494, 35.827037838125761 ], [ 139.596415252761744, 35.827359504937249 ], [ 139.59673719836303, 35.828038108172223 ], [ 139.596176912634519, 35.828526721531034 ], [ 139.596474967745621, 35.829300891223227 ], [ 139.595067756271987, 35.829443947280367 ], [ 139.595175253135494, 35.829896441167875 ], [ 139.597924137089308, 35.829721999670596 ], [ 139.597792749735731, 35.829281170889374 ], [ 139.598097755706931, 35.829086721275246 ], [ 139.599688885733599, 35.830067279081732 ], [ 139.602884721053101, 35.831008108437516 ], [ 139.605002529143462, 35.832071440744471 ], [ 139.605562528887617, 35.834155892080787 ], [ 139.607399222396225, 35.834763386820896 ] ] ] } },
{ "type": "Feature", "properties": { "regioncode": "1122900", "regionname": "埼玉県和光市", "name": "和光市", "namekana": "わこうし", "PrefCode": "11" }, "geometry": { "type": "Polygon", "coordinates": [ [ [ 139.646301698864363, 35.797869252064402 ], [ 139.646243113429023, 35.798887585893453 ], [ 139.64398616133235, 35.801894252417867 ], [ 139.640514746758186, 35.802850918834906 ], [ 139.640514746758186, 35.804529802008801 ], [ 139.64002557671904, 35.804780080636249 ], [ 139.638495888374564, 35.808773973440168 ], [ 139.63874671918586, 35.809500359454091 ], [ 139.638504772777083, 35.810749532165232 ], [ 139.637727561577776, 35.811802026742214 ], [ 139.635959221940652, 35.813205360339168 ], [ 139.634542283399696, 35.812591198025416 ], [ 139.634354227065955, 35.812127585819496 ], [ 139.634391970712954, 35.810599251854057 ], [ 139.635065303920669, 35.808147027263544 ], [ 139.63493972798608, 35.80557869390168 ], [ 139.634588611974891, 35.805202866319291 ], [ 139.630964449349904, 35.805490919170609 ], [ 139.628769974055103, 35.806167586165202 ], [ 139.628832503017634, 35.807445360015379 ], [ 139.628243061268336, 35.807783693962335 ], [ 139.629120830162265, 35.809787864618329 ], [ 139.628941115040448, 35.810873134987219 ], [ 139.625078884782738, 35.81062258566385 ], [ 139.624150804216356, 35.809470081079439 ], [ 139.623370531724731, 35.809841198012919 ], [ 139.622793579760014, 35.80934008137973 ], [ 139.622342192038559, 35.80881397258679 ], [ 139.622129104874375, 35.807786748060039 ], [ 139.619206614893415, 35.809257865358234 ], [ 139.618129104774425, 35.80911619785428 ], [ 139.617788832788506, 35.807925919045999 ], [ 139.617344384236048, 35.807982586227411 ], [ 139.614252388237219, 35.805520107566963 ], [ 139.614592944408969, 35.804556776274239 ], [ 139.614195719257054, 35.803754000047093 ], [ 139.613884305616239, 35.801384837740102 ], [ 139.614196251655699, 35.801035387273373 ], [ 139.614035422296979, 35.798230387422507 ], [ 139.614436783430847, 35.797088440878895 ], [ 139.612470661292036, 35.795945387269853 ], [ 139.610031192685483, 35.795123999572979 ], [ 139.609440078197167, 35.793956252379189 ], [ 139.608362282093708, 35.793172081326531 ], [ 139.605847561815608, 35.793493468448844 ], [ 139.60446756202839, 35.792784864729754 ], [ 139.604145862841392, 35.791444026820443 ], [ 139.602887808425635, 35.789386801559715 ], [ 139.600921387711992, 35.787819026926627 ], [ 139.600795279378758, 35.786763468359425 ], [ 139.601267782282434, 35.786612359772619 ], [ 139.601560803888106, 35.785922918807728 ], [ 139.601372191773294, 35.784912359617749 ], [ 139.599478560387297, 35.783490440631397 ], [ 139.598155226882227, 35.783037107676421 ], [ 139.596909363676218, 35.777475719928589 ], [ 139.597142672096652, 35.777169891976996 ], [ 139.596938495415316, 35.776412107932515 ], [ 139.603998248120774, 35.775115720813915 ], [ 139.604471310402687, 35.774652945876824 ], [ 139.603975160725099, 35.774215720679024 ], [ 139.602677108062153, 35.774361559238628 ], [ 139.601991555765721, 35.774084613913828 ], [ 139.598440142898312, 35.772141586365194 ], [ 139.597390143040684, 35.770976027221934 ], [ 139.598352917653074, 35.770174359858856 ], [ 139.597681803072874, 35.769926864633135 ], [ 139.597886226168498, 35.769373251874129 ], [ 139.59864428000958, 35.76909630565001 ], [ 139.602860142581562, 35.770961586807857 ], [ 139.604289300211121, 35.769970747951731 ], [ 139.606356835299721, 35.770949640213757 ], [ 139.607144577560234, 35.769376027181977 ], [ 139.608749027445697, 35.768837135425485 ], [ 139.609901283817294, 35.770323251616844 ], [ 139.61127238751078, 35.771066559274345 ], [ 139.611432944374997, 35.770337693829561 ], [ 139.611739338899383, 35.770192134959132 ], [ 139.611316277124502, 35.769711585821085 ], [ 139.611710170288234, 35.769376305971775 ], [ 139.612483216727128, 35.770425171784325 ], [ 139.615424357747997, 35.770873505408019 ], [ 139.617232969925681, 35.770348224890711 ], [ 139.61681766480342, 35.768436586379437 ], [ 139.617583217191736, 35.767726027534195 ], [ 139.617729053053381, 35.766647972426028 ], [ 139.622992114094814, 35.766871864944676 ], [ 139.624083281318462, 35.771253225256203 ], [ 139.625024695233606, 35.772514054080375 ], [ 139.625263021870978, 35.772276000836825 ], [ 139.62560163370847, 35.773015441409541 ], [ 139.625263021870978, 35.773692108404134 ], [ 139.624209415732025, 35.774330720586363 ], [ 139.624576108900328, 35.777132107860552 ], [ 139.624438053973108, 35.778184586249722 ], [ 139.624726419788544, 35.77872346811364 ], [ 139.6245266929526, 35.780811252337458 ], [ 139.625818391905341, 35.782039306269041 ], [ 139.627172581149807, 35.782565414162605 ], [ 139.627737029840091, 35.783129027382756 ], [ 139.627874812272808, 35.78465764013805 ], [ 139.629066497620784, 35.785737919269593 ], [ 139.630345668118139, 35.785362080895368 ], [ 139.631692360614011, 35.786335945947201 ], [ 139.632130972566415, 35.787438171234669 ], [ 139.631567082354991, 35.788202612960276 ], [ 139.632294061022208, 35.78895427891689 ], [ 139.63371683526384, 35.789495945981173 ], [ 139.634231025341592, 35.790335386668801 ], [ 139.634857976914191, 35.79057344081167 ], [ 139.636111854878209, 35.790448170646584 ], [ 139.63791771692911, 35.791200108198495 ], [ 139.63765438374287, 35.791545946088604 ], [ 139.639410220105674, 35.792848721091673 ], [ 139.640405278580829, 35.797165919271833 ], [ 139.64085666630217, 35.797942865171137 ], [ 139.643690855448654, 35.798218413848758 ], [ 139.646301698864363, 35.797869252064402 ] ] ] } },
{ "type": "Feature", "properties": { "regioncode": "1123000", "regionname": "埼玉県新座市", "name": "新座市", "namekana": "にいざし", "PrefCode": "11" }, "geometry": { "type": "Polygon", "coordinates": [ [ [ 139.594143528401219, 35.778703505862154 ], [ 139.591536550271599, 35.77935072095903 ], [ 139.589541283803214, 35.780309613198142 ], [ 139.590367976600874, 35.782450999713944 ], [ 139.586921608145758, 35.78653850474825 ], [ 139.586393256443671, 35.785119891669694 ], [ 139.584690194996597, 35.783155441370582 ], [ 139.583899637858053, 35.78311794593651 ], [ 139.582691283575969, 35.781353225171245 ], [ 139.581674888685257, 35.781343774195875 ], [ 139.581034915828809, 35.784001278935932 ], [ 139.581505472599588, 35.784697107785348 ], [ 139.581567976381052, 35.785972666605346 ], [ 139.580485745720694, 35.786207666650569 ], [ 139.58010936505525, 35.786687107823809 ], [ 139.578001581707667, 35.787720999924261 ], [ 139.57855686001119, 35.788172107956484 ], [ 139.579412969632926, 35.788247359627974 ], [ 139.579734943113181, 35.788902918634847 ], [ 139.578831335797531, 35.789645693893704 ], [ 139.579198558666576, 35.789927640348367 ], [ 139.579330221212786, 35.790707640345374 ], [ 139.579716057350197, 35.790895693981156 ], [ 139.579141894183181, 35.791130694026378 ], [ 139.579753553683645, 35.791243747800763 ], [ 139.579800777983564, 35.791544586313648 ], [ 139.578972437627954, 35.791789027441723 ], [ 139.578972437627954, 35.792070972997067 ], [ 139.580064112069181, 35.79203319787382 ], [ 139.580212750218266, 35.792387919267128 ], [ 139.579177471363323, 35.793280694248665 ], [ 139.579807754923991, 35.793741532046113 ], [ 139.578754137093824, 35.793779026580864 ], [ 139.578546912610022, 35.794267918729531 ], [ 139.578857470995558, 35.795226801975389 ], [ 139.577266082863503, 35.795937359921254 ], [ 139.577313307163422, 35.796896252160366 ], [ 139.576080245806793, 35.797704586197767 ], [ 139.57610469477595, 35.798142639671141 ], [ 139.572778586362688, 35.799713197705955 ], [ 139.574451673406088, 35.801324864650837 ], [ 139.575272529603581, 35.803430109212229 ], [ 139.575444747077427, 35.804169000299169 ], [ 139.575219753788701, 35.80462205356497 ], [ 139.575817249866304, 35.806350667449408 ], [ 139.575717522245895, 35.807203441485683 ], [ 139.574493944240203, 35.808482333193183 ], [ 139.57311228340518, 35.808889559705449 ], [ 139.573353942930225, 35.810879280054792 ], [ 139.57560172463991, 35.811746224708543 ], [ 139.575758144622796, 35.813167333405772 ], [ 139.574335641976404, 35.81410510776459 ], [ 139.574122308397932, 35.814996225295602 ], [ 139.574947588360601, 35.815124000072615 ], [ 139.575132334289833, 35.817525919285799 ], [ 139.577946524312665, 35.822927865328779 ], [ 139.576411803362134, 35.823313413683138 ], [ 139.576061244930543, 35.822547026723953 ], [ 139.575303191089461, 35.823133694064779 ], [ 139.575142360831364, 35.822878134618293 ], [ 139.572982632642493, 35.822683414308187 ], [ 139.56816732786001, 35.820595918766685 ], [ 139.566470077831923, 35.820240360104606 ], [ 139.561764501130938, 35.818391747880924 ], [ 139.56181175061181, 35.820277027263046 ], [ 139.561076199606987, 35.820585359826566 ], [ 139.560423411411421, 35.821628693909133 ], [ 139.560375913717508, 35.822268972535085 ], [ 139.558094812125887, 35.82470786467627 ], [ 139.557691192794323, 35.825098972639523 ], [ 139.557406471931245, 35.824518134704192 ], [ 139.556444811578899, 35.824743135187589 ], [ 139.556563695658042, 35.825205641227399 ], [ 139.554700078246128, 35.825815081201085 ], [ 139.553989247805589, 35.824242864816426 ], [ 139.553060893845213, 35.82055369379799 ], [ 139.552463942756845, 35.819970387223634 ], [ 139.550115888437517, 35.820667892409347 ], [ 139.54931613483177, 35.819158999987906 ], [ 139.54781863772007, 35.819932333310589 ], [ 139.543812529424713, 35.820385945954683 ], [ 139.543380024768339, 35.821202612210811 ], [ 139.542351698572134, 35.82074594636839 ], [ 139.542821413577485, 35.821430666791912 ], [ 139.541729754424637, 35.821380107805794 ], [ 139.539948638119199, 35.82088205426345 ], [ 139.538882528705813, 35.821059279162455 ], [ 139.535214721082525, 35.820095946071092 ], [ 139.535293332621222, 35.819814279305604 ], [ 139.534544720762369, 35.819179559389227 ], [ 139.53448749690051, 35.81832844100478 ], [ 139.534105811134395, 35.817971224892176 ], [ 139.534559144089258, 35.817375666853593 ], [ 139.535691946326324, 35.8181381714395 ], [ 139.536133022421154, 35.816863440895133 ], [ 139.536681634050183, 35.81682789159396 ], [ 139.537421089012128, 35.81581538717046 ], [ 139.540027223577567, 35.819771504851133 ], [ 139.541100558144308, 35.818580666664502 ], [ 139.542010557841081, 35.818439000059868 ], [ 139.542018884663889, 35.817889559255832 ], [ 139.541374720966701, 35.817425107982388 ], [ 139.541315279376704, 35.816555666810643 ], [ 139.542023606104635, 35.815272053662397 ], [ 139.543180271852179, 35.814724279302084 ], [ 139.543931388323017, 35.814748170691587 ], [ 139.544241673314673, 35.813378171365571 ], [ 139.545541361844471, 35.812568440681048 ], [ 139.544753306619896, 35.810478170731074 ], [ 139.54292632938666, 35.809110972793235 ], [ 139.541662165876346, 35.807467360130602 ], [ 139.544291894155663, 35.806636251661757 ], [ 139.545258831729711, 35.804576251992501 ], [ 139.546994383883771, 35.803279586983422 ], [ 139.547082698207987, 35.801652919346793 ], [ 139.546222412134625, 35.799234027228636 ], [ 139.545019882761494, 35.79769069437009 ], [ 139.544786277564754, 35.796758199031729 ], [ 139.540235422027195, 35.794047946355704 ], [ 139.538659831386212, 35.792211838305718 ], [ 139.537330947265446, 35.791501837939506 ], [ 139.53757900097014, 35.790758774897597 ], [ 139.540773450434472, 35.789855440076565 ], [ 139.540744280024569, 35.789491279399101 ], [ 139.541269273658145, 35.789578504644339 ], [ 139.541400660112458, 35.789228775387699 ], [ 139.54379289092924, 35.788194332902208 ], [ 139.543738689688894, 35.782078225329883 ], [ 139.542978947820302, 35.779807413781157 ], [ 139.539769753971086, 35.778335468207331 ], [ 139.53987197091476, 35.777781865340842 ], [ 139.537493917010693, 35.776878532318449 ], [ 139.53682919571088, 35.776110747812822 ], [ 139.536202245037657, 35.775964919145736 ], [ 139.536479194858998, 35.775629918985601 ], [ 139.535954162554617, 35.775178251575085 ], [ 139.53337221795357, 35.773779359729701 ], [ 139.530746667025142, 35.773225747870015 ], [ 139.528081361565683, 35.773437414105445 ], [ 139.528446083420022, 35.773043801530264 ], [ 139.526345525225906, 35.771615748268232 ], [ 139.525951633860927, 35.772140467608551 ], [ 139.522815811200758, 35.771892693592974 ], [ 139.520554384077627, 35.770027720902647 ], [ 139.516374916169525, 35.765573278983709 ], [ 139.517702412636254, 35.765864946210343 ], [ 139.521378274587732, 35.767569945696494 ], [ 139.527049105332026, 35.768261613382776 ], [ 139.527268003016047, 35.76780994597226 ], [ 139.530301893817409, 35.768349107525353 ], [ 139.532786083011388, 35.769443532093362 ], [ 139.536607755643445, 35.770259639870517 ], [ 139.541667222764204, 35.771999080693092 ], [ 139.544073916478169, 35.773310467604063 ], [ 139.547662528902606, 35.774228251832426 ], [ 139.547648080394652, 35.771081026668071 ], [ 139.546947782813959, 35.769551027158229 ], [ 139.547023333060451, 35.768007973089539 ], [ 139.547636083438533, 35.766172134836211 ], [ 139.547125524823173, 35.764904080858685 ], [ 139.547139974230504, 35.762750774728545 ], [ 139.546688028929452, 35.762692441103354 ], [ 139.546979662881199, 35.760302721193682 ], [ 139.545827172685904, 35.758073279358427 ], [ 139.545123528727913, 35.757581891591087 ], [ 139.544350467000527, 35.755483277731116 ], [ 139.544831855205985, 35.75461661276654 ], [ 139.546779078991335, 35.755089107576282 ], [ 139.547172970356314, 35.754112720825447 ], [ 139.546924915752356, 35.753500775340569 ], [ 139.547158249353743, 35.753384108090188 ], [ 139.550061025296145, 35.754375224836792 ], [ 139.550002697966192, 35.755264108451911 ], [ 139.551505188113993, 35.755249387449339 ], [ 139.552044942320322, 35.755963558871201 ], [ 139.553561893566552, 35.755584667298592 ], [ 139.555246329154784, 35.755736053775934 ], [ 139.555392165915805, 35.757746613215659 ], [ 139.555771336278212, 35.757746613215659 ], [ 139.556150531821686, 35.758883278940232 ], [ 139.557200804173817, 35.758999947089933 ], [ 139.557784422812915, 35.759583000954763 ], [ 139.55986997312084, 35.759204107583571 ], [ 139.561834423420009, 35.759603000078471 ], [ 139.561805253010107, 35.761074387173267 ], [ 139.562678885921969, 35.761387441177533 ], [ 139.563584720858216, 35.762837694204279 ], [ 139.564737223643988, 35.762823251991563 ], [ 139.565028885474703, 35.761963559470757 ], [ 139.565612218129445, 35.761876054536344 ], [ 139.566779170322548, 35.761963558571438 ], [ 139.566793891325119, 35.762823251991563 ], [ 139.567669169996293, 35.763041864590434 ], [ 139.568369169901302, 35.762823251991563 ], [ 139.568238054142967, 35.763508252104202 ], [ 139.569310583816446, 35.763634080748261 ], [ 139.569733606021146, 35.763007414260812 ], [ 139.571075577076272, 35.763342694110122 ], [ 139.570871970565008, 35.764164640285969 ], [ 139.570215031998146, 35.764683252330258 ], [ 139.570040024827335, 35.765586587151347 ], [ 139.570346420251212, 35.765732414019737 ], [ 139.570711141206289, 35.765397135069804 ], [ 139.5724319714584, 35.765819918954151 ], [ 139.572388366030282, 35.766446026063306 ], [ 139.57459089475401, 35.766227972842728 ], [ 139.574336719364169, 35.768191027394039 ], [ 139.57688949445469, 35.768074360143657 ], [ 139.577385331168216, 35.769138250929586 ], [ 139.578070636150983, 35.769473251989041 ], [ 139.578165083851559, 35.770851305643305 ], [ 139.580682022757173, 35.771090748339418 ], [ 139.580652865837123, 35.771789919069533 ], [ 139.580900921340458, 35.771789919069533 ], [ 139.581002580704649, 35.771119918749321 ], [ 139.582242581230162, 35.771207135900681 ], [ 139.581863450437936, 35.772445747873007 ], [ 139.583774279559407, 35.772853801761585 ], [ 139.583605668366999, 35.773637134646094 ], [ 139.583999558832602, 35.773899359867642 ], [ 139.583984863910359, 35.774831838118871 ], [ 139.586683475761902, 35.775283775326045 ], [ 139.587937638811013, 35.776813505039286 ], [ 139.588760998721227, 35.778528504986582 ], [ 139.593414060410623, 35.777188224656868 ], [ 139.593822386793818, 35.777421278569193 ], [ 139.594143528401219, 35.778703505862154 ] ] ] } },
{ "type": "Feature", "properties": { "regioncode": "1123100", "regionname": "埼玉県桶川市", "name": "桶川市", "namekana": "おけがわし", "PrefCode": "11" }, "geometry": { "type": "Polygon", "coordinates": [ [ [ 139.588190973334804, 36.028894667055283 ], [ 139.587022360993274, 36.028881613395811 ], [ 139.58339263336336, 36.030058279166326 ], [ 139.582275421773375, 36.030826053779435 ], [ 139.57871372156103, 36.031500467972251 ], [ 139.575640946772296, 36.033721865371831 ], [ 139.573220116615175, 36.033175198077004 ], [ 139.573010660913383, 36.034036027340846 ], [ 139.57077260717017, 36.035625748129803 ], [ 139.571075110328138, 36.036067693869029 ], [ 139.57036510906255, 36.035986307022483 ], [ 139.570504837628164, 36.035800197721017 ], [ 139.57015594024449, 36.035637135345553 ], [ 139.569667056189701, 36.036056026964104 ], [ 139.569783450046202, 36.036451585672182 ], [ 139.570318715736221, 36.036614360264593 ], [ 139.570609559183822, 36.037463531616766 ], [ 139.571669027104008, 36.037987134898401 ], [ 139.571308196616087, 36.038789640429627 ], [ 139.570819299970822, 36.038661585963496 ], [ 139.570272087686817, 36.039312973015342 ], [ 139.570357366799158, 36.040518802001145 ], [ 139.569733747214741, 36.040531307074218 ], [ 139.567422607367462, 36.038896026630368 ], [ 139.56761788615654, 36.038080197643069 ], [ 139.567183449756499, 36.037506837570561 ], [ 139.567361777224278, 36.037030440602393 ], [ 139.565155083740137, 36.036162387084573 ], [ 139.564308145404652, 36.035499054337947 ], [ 139.565053969365295, 36.034768505362308 ], [ 139.56482481221542, 36.034615721338525 ], [ 139.564367030314315, 36.035045170997876 ], [ 139.562333942857208, 36.03400517070213 ], [ 139.563345331222081, 36.031934890882553 ], [ 139.562716446107174, 36.03174961255462 ], [ 139.5610970036239, 36.032047108287486 ], [ 139.558176420205655, 36.030644585878974 ], [ 139.556435278765207, 36.029186532132826 ], [ 139.557619169689019, 36.027917918777007 ], [ 139.558554720923667, 36.026286802194193 ], [ 139.557829170379932, 36.025084584885747 ], [ 139.557878587227037, 36.023244586368605 ], [ 139.558209973911175, 36.022800692697842 ], [ 139.559713306723779, 36.022427386814513 ], [ 139.559922749835096, 36.021963774608537 ], [ 139.559177173188004, 36.018421559107708 ], [ 139.554731023917725, 36.015480694178734 ], [ 139.552846303913839, 36.014583467553052 ], [ 139.55527710755257, 36.011594864811229 ], [ 139.556017665083232, 36.010107081276828 ], [ 139.551655421660485, 36.005190693595694 ], [ 139.548158755022541, 36.00943486502706 ], [ 139.545241803066801, 36.011325668045174 ], [ 139.541055940079673, 36.012375945793337 ], [ 139.540951219423278, 36.012727333399766 ], [ 139.538742335190705, 36.013094279277595 ], [ 139.533673695884431, 36.012277586941138 ], [ 139.532985641674145, 36.012561467837543 ], [ 139.531452309276688, 36.012396748011554 ], [ 139.529368392137599, 36.012673946045823 ], [ 139.523752802250101, 36.011965891812508 ], [ 139.522735577285175, 36.011510053346342 ], [ 139.521344746962541, 36.010463387275536 ], [ 139.521389468449229, 36.00990255925575 ], [ 139.519729170664732, 36.009035891593157 ], [ 139.51919083019277, 36.008213666627455 ], [ 139.519054448903717, 36.007214224856625 ], [ 139.518852503440371, 36.00702727918565 ], [ 139.518321673206742, 36.007363666999709 ], [ 139.518134721240472, 36.006713387013235 ], [ 139.518680830056383, 36.006616171199369 ], [ 139.518246912565019, 36.005278387387705 ], [ 139.518433865430666, 36.004658133965734 ], [ 139.516945812099607, 36.004262026671256 ], [ 139.516269974279908, 36.003554801612836 ], [ 139.516397197772562, 36.003187585938406 ], [ 139.51550747059332, 36.003104252059643 ], [ 139.513909389706669, 36.002259802148217 ], [ 139.512213839397191, 36.000858694373278 ], [ 139.510372996416663, 36.001965918992028 ], [ 139.508583839272774, 36.001373694740266 ], [ 139.506836886413225, 36.001512586037052 ], [ 139.506725499082563, 36.00099091899574 ], [ 139.506150752255508, 36.000527585579675 ], [ 139.506861310201316, 35.998958999758088 ], [ 139.507914086266169, 35.997612891821575 ], [ 139.507774642785648, 35.996016774154839 ], [ 139.508721854629925, 35.99556344119992 ], [ 139.510030752217517, 35.993171224772254 ], [ 139.511578807416072, 35.991674305924505 ], [ 139.511467134101053, 35.99011680244854 ], [ 139.512016860889503, 35.988813747756296 ], [ 139.514661025086298, 35.98721625232821 ], [ 139.513899921644111, 35.986871532295424 ], [ 139.514420726235585, 35.98541322494043 ], [ 139.512820998690245, 35.985007386981351 ], [ 139.51236961096879, 35.984186838351945 ], [ 139.513850726030228, 35.982392946277514 ], [ 139.514364890027764, 35.980457694267216 ], [ 139.518340726243537, 35.975919081200686 ], [ 139.52149072581642, 35.978502972834008 ], [ 139.52214905293647, 35.978083252040506 ], [ 139.52331627762419, 35.977153252320818 ], [ 139.520662387259449, 35.974889082265406 ], [ 139.5227123882662, 35.974695199224129 ], [ 139.523389339446567, 35.974337973218951 ], [ 139.524469338888935, 35.972111613360312 ], [ 139.526891284205476, 35.972103279342946 ], [ 139.527833773709744, 35.9716127207505 ], [ 139.528090998700691, 35.970798837896098 ], [ 139.527890169295915, 35.969953279120602 ], [ 139.52338041457449, 35.96840161314401 ], [ 139.522897638715108, 35.967856612292849 ], [ 139.523299026828681, 35.966745251692089 ], [ 139.524464863862477, 35.965893585620506 ], [ 139.52826124575995, 35.964229972934959 ], [ 139.529747638942467, 35.962315532136131 ], [ 139.531901245446193, 35.963113026644919 ], [ 139.533060973385318, 35.963006359855683 ], [ 139.534272361080639, 35.960993053886398 ], [ 139.53484319136021, 35.960714170522579 ], [ 139.534617393178223, 35.963596360084011 ], [ 139.534038495080495, 35.964364972865269 ], [ 139.534724059967402, 35.966333586126154 ], [ 139.534350168625451, 35.967267198422519 ], [ 139.53494655044301, 35.967689136044839 ], [ 139.535009053325211, 35.968443278734355 ], [ 139.534484085771965, 35.970331333424326 ], [ 139.53496019495708, 35.970722170691658 ], [ 139.535966030907616, 35.970825504593392 ], [ 139.536709922225214, 35.971655225408369 ], [ 139.538129363579287, 35.972414945693231 ], [ 139.538852995869092, 35.974385224498576 ], [ 139.541701634422907, 35.976953252090937 ], [ 139.542544694881826, 35.978374081098991 ], [ 139.542171633614089, 35.978973532302746 ], [ 139.541152750299261, 35.979066864844015 ], [ 139.540903022056909, 35.981399639681683 ], [ 139.541294137214777, 35.981435197976054 ], [ 139.541084968396603, 35.982975197947098 ], [ 139.538202750056939, 35.983878504889162 ], [ 139.53743635500382, 35.986370721431683 ], [ 139.539035033040363, 35.992512359857585 ], [ 139.541055031764358, 35.991908224984627 ], [ 139.546275887622187, 35.992135169802282 ], [ 139.553131440263769, 35.991229333067338 ], [ 139.55606868991822, 35.991348800806577 ], [ 139.556333695843477, 35.991582414097195 ], [ 139.556468690377869, 35.991331025706302 ], [ 139.558962580558727, 35.990854081051054 ], [ 139.559826472014151, 35.992009360043994 ], [ 139.558999247717225, 35.992141865254951 ], [ 139.559128144848046, 35.992482135442231 ], [ 139.55868007832305, 35.992811027407015 ], [ 139.559461504644787, 35.993340746977935 ], [ 139.559241776886552, 35.994339640162309 ], [ 139.559762891744072, 35.994695748310164 ], [ 139.559662334948825, 35.994001585904527 ], [ 139.560101219395847, 35.994024360336027 ], [ 139.561102334805014, 35.994407973349325 ], [ 139.561289559265788, 35.994969640436636 ], [ 139.561759000877259, 35.995140467558599 ], [ 139.564919830985446, 35.993320747854284 ], [ 139.565546498372214, 35.992359919374849 ], [ 139.565039831123386, 35.991496865188253 ], [ 139.565254838340138, 35.99118186505109 ], [ 139.564793165072615, 35.990857973316849 ], [ 139.565195383260402, 35.990396586033683 ], [ 139.564733721683979, 35.990099639786592 ], [ 139.564948443815638, 35.989889666974591 ], [ 139.564096784039407, 35.98937910835923 ], [ 139.564018974695955, 35.987862720987835 ], [ 139.565441750736227, 35.987211054246814 ], [ 139.566424279856733, 35.988042440606193 ], [ 139.56738260732152, 35.987974387108352 ], [ 139.567853450076768, 35.987567721773019 ], [ 139.568808443754733, 35.988353278680904 ], [ 139.57023316502864, 35.988322171131358 ], [ 139.572121218819234, 35.987810504551192 ], [ 139.574492088039506, 35.986534945731194 ], [ 139.575862088264785, 35.987472170604235 ], [ 139.575903190879671, 35.987997171432369 ], [ 139.576296252170323, 35.987764387316702 ], [ 139.576757911948107, 35.988157170716931 ], [ 139.576222917853443, 35.988597720708299 ], [ 139.576131529646432, 35.98911855857466 ], [ 139.573513191280767, 35.990739386913219 ], [ 139.570805694127557, 35.993158279031377 ], [ 139.571697665115266, 35.993658838984288 ], [ 139.570682943862835, 35.994626891717758 ], [ 139.571707107097382, 35.995278559358098 ], [ 139.571450725670502, 35.995757999632019 ], [ 139.573155719760734, 35.996338000298522 ], [ 139.57254878080164, 35.996998838325794 ], [ 139.573874085620673, 35.997798000177625 ], [ 139.572996589221248, 35.99901133310658 ], [ 139.573229364343774, 36.000110197627578 ], [ 139.569796860736574, 36.004367973103513 ], [ 139.56925185538887, 36.004324918959867 ], [ 139.569052970318353, 36.004710468213602 ], [ 139.569683799767631, 36.005127134909401 ], [ 139.570439662860167, 36.005146585446596 ], [ 139.570581335760153, 36.005578251934821 ], [ 139.571679662486531, 36.005683252280335 ], [ 139.57187077741446, 36.005348531809375 ], [ 139.572342166058206, 36.005371864719848 ], [ 139.573639105360485, 36.006045467724221 ], [ 139.573218559888687, 36.006664640161091 ], [ 139.573491050871326, 36.006832135294871 ], [ 139.572891893745918, 36.007551585737133 ], [ 139.573799689204407, 36.007976027072061 ], [ 139.573616082716057, 36.008622413893363 ], [ 139.572381088716384, 36.009385467965046 ], [ 139.572634423240061, 36.009836027410813 ], [ 139.57728552530682, 36.008733802123345 ], [ 139.582146665836035, 36.009644107589565 ], [ 139.584284747343304, 36.009675775416781 ], [ 139.585083358810039, 36.008702440964953 ], [ 139.586304189386851, 36.008264945970552 ], [ 139.587323358686149, 36.00719189199225 ], [ 139.589049196363362, 36.006510775152208 ], [ 139.589711413950681, 36.007503865011415 ], [ 139.590669754006058, 36.007608865356929 ], [ 139.59092503196473, 36.008935531749444 ], [ 139.592473113243614, 36.011414973422347 ], [ 139.592110609117412, 36.012478026939448 ], [ 139.592152864663035, 36.014373027093598 ], [ 139.592565356705904, 36.015681081117066 ], [ 139.592249805284382, 36.016961918957463 ], [ 139.593337327555673, 36.018304694006474 ], [ 139.593605939762369, 36.019519694278529 ], [ 139.594507327551241, 36.020111081261462 ], [ 139.595138196570588, 36.021061359793975 ], [ 139.59607041491779, 36.023221080788289 ], [ 139.594387366983483, 36.023883026780311 ], [ 139.594656251684683, 36.024443864692671 ], [ 139.59413736714589, 36.02476941387738 ], [ 139.595617108043143, 36.027236360369784 ], [ 139.594109611369504, 36.027135252290122 ], [ 139.594274332094869, 36.02746413526171 ], [ 139.591806005143098, 36.028297170977737 ], [ 139.588317911742251, 36.028220504672618 ], [ 139.588190973334804, 36.028894667055283 ] ] ] } },
{ "type": "Feature", "properties": { "regioncode": "1123200", "regionname": "埼玉県久喜市", "name": "久喜市", "namekana": "くきし", "PrefCode": "11" }, "geometry": { "type": "MultiPolygon", "coordinates": [ [ [ [ 139.647563748068592, 36.034418946077551 ], [ 139.645066809186005, 36.034361721316429 ], [ 139.644822088368755, 36.033872838161017 ], [ 139.645327912053517, 36.03391366828123 ], [ 139.645834034313339, 36.03311450463076 ], [ 139.647727081139919, 36.033791170725976 ], [ 139.647563748068592, 36.034418946077551 ] ] ], [ [ [ 139.71013391664701, 36.135944694292277 ], [ 139.708133644552163, 36.138342748219316 ], [ 139.705431166515154, 36.142527747857343 ], [ 139.703030894859921, 36.145101080550489 ], [ 139.695883359329628, 36.142584720808259 ], [ 139.68490136280775, 36.137096973146868 ], [ 139.683085499396384, 36.135176414260172 ], [ 139.683049389817597, 36.133899197989649 ], [ 139.685451024844951, 36.12645058562606 ], [ 139.685249363567323, 36.123829468355325 ], [ 139.6828674191961, 36.123119198192512 ], [ 139.678779339495009, 36.12435753227436 ], [ 139.676258223238506, 36.121840864963985 ], [ 139.674212113598173, 36.121961973066675 ], [ 139.670070415417399, 36.120512531228371 ], [ 139.667841802757039, 36.120117531898643 ], [ 139.667381529733916, 36.120292279165426 ], [ 139.666824307096135, 36.119198386996004 ], [ 139.665762607058696, 36.118476171138411 ], [ 139.66472788578335, 36.116892559444125 ], [ 139.664255381980411, 36.116630891802288 ], [ 139.663976226122031, 36.11403255885557 ], [ 139.664751192613494, 36.111680332581329 ], [ 139.665134254342433, 36.111698667059898 ], [ 139.666823695557127, 36.109563109050271 ], [ 139.66934396914894, 36.108266171546632 ], [ 139.668340362617755, 36.107027000195956 ], [ 139.665025357234526, 36.106873666686397 ], [ 139.66327786028512, 36.107498666730123 ], [ 139.660620895138209, 36.106971720668412 ], [ 139.658339780056849, 36.105987559278503 ], [ 139.657309780222249, 36.106322838228436 ], [ 139.657163384982255, 36.105313666692439 ], [ 139.656544772823054, 36.105538385688021 ], [ 139.656497562012987, 36.105145891869483 ], [ 139.657037561734114, 36.105135612618483 ], [ 139.655468366172272, 36.103546170619325 ], [ 139.653693917440364, 36.10390227876718 ], [ 139.648783916744378, 36.103692838353879 ], [ 139.649506977964734, 36.103184775357136 ], [ 139.649443917502822, 36.102291171200648 ], [ 139.645639754671038, 36.103722838837996 ], [ 139.644316939175496, 36.101897838314642 ], [ 139.644296109078255, 36.101222279284798 ], [ 139.646651672736539, 36.097738386617323 ], [ 139.645749999862687, 36.097654505051423 ], [ 139.643131633618054, 36.094844774766614 ], [ 139.643892192071121, 36.092852279109422 ], [ 139.641132166416355, 36.088921441371497 ], [ 139.639652724993311, 36.087112000018863 ], [ 139.637458833358551, 36.088134504903508 ], [ 139.635849921936369, 36.087961720856811 ], [ 139.633896589056349, 36.086786171144922 ], [ 139.633870194853671, 36.086354504656697 ], [ 139.632138781379695, 36.084882279393753 ], [ 139.631918495142486, 36.084111721378918 ], [ 139.631505162233566, 36.084166721217287 ], [ 139.631367393290589, 36.083629774694373 ], [ 139.630513217211274, 36.083629774694373 ], [ 139.630857638669113, 36.08223922496029 ], [ 139.633406277777567, 36.081909225030756 ], [ 139.63361374777628, 36.080399224644566 ], [ 139.632980143019267, 36.079352838262935 ], [ 139.628089273601177, 36.079820613430627 ], [ 139.624112048832103, 36.081405612778838 ], [ 139.621227886158067, 36.082188918683698 ], [ 139.617190920324788, 36.08286225189147 ], [ 139.616357587832454, 36.082663919004688 ], [ 139.614437859919349, 36.083268360546469 ], [ 139.614528663567057, 36.082782802184624 ], [ 139.612197003888696, 36.084899747825148 ], [ 139.6053008954201, 36.087598080886778 ], [ 139.603632528918183, 36.087132532440478 ], [ 139.602122801925816, 36.085938080777851 ], [ 139.602894475100015, 36.085196972862036 ], [ 139.601964720895239, 36.084011134906007 ], [ 139.602261673437511, 36.083299468995335 ], [ 139.601361114823703, 36.081413640127437 ], [ 139.600222750279727, 36.080944748001798 ], [ 139.600332476562585, 36.080198081376409 ], [ 139.599761919676894, 36.079162504845783 ], [ 139.598006887308088, 36.078316667280433 ], [ 139.594355745921007, 36.073703891621335 ], [ 139.593254891200331, 36.072802775427817 ], [ 139.592496834661233, 36.073400838078271 ], [ 139.591834617973291, 36.072962225226547 ], [ 139.590909338794972, 36.073576107851125 ], [ 139.590031828905808, 36.073345000071754 ], [ 139.58935350176273, 36.073551944866438 ], [ 139.589259339147247, 36.074008054028525 ], [ 139.589980725829946, 36.074701386359948 ], [ 139.589906833933355, 36.075034169691207 ], [ 139.588833216979424, 36.075946945595092 ], [ 139.587222672388521, 36.075771666829041 ], [ 139.586276004633987, 36.076236946378003 ], [ 139.586365720101981, 36.077575559364618 ], [ 139.585351556429259, 36.078075279350742 ], [ 139.584462114335224, 36.077881107627093 ], [ 139.581822632908256, 36.075285252312597 ], [ 139.583121530934022, 36.07452163976194 ], [ 139.584175966247926, 36.075109972647169 ], [ 139.584610700323651, 36.074367198287632 ], [ 139.583783190941517, 36.073512198429285 ], [ 139.584428755782483, 36.072947747940248 ], [ 139.584288469637272, 36.072639694166583 ], [ 139.583124306241757, 36.07300386473662 ], [ 139.582282334861929, 36.072373305983319 ], [ 139.582675110168225, 36.071994694099885 ], [ 139.581831218735829, 36.071404414182439 ], [ 139.5813123350963, 36.072063027286958 ], [ 139.581845109664187, 36.072399693890816 ], [ 139.580624837566234, 36.073382748215295 ], [ 139.581410116583697, 36.073873585597539 ], [ 139.580877056031341, 36.074239972996395 ], [ 139.581620700035387, 36.074926359863696 ], [ 139.580688755082065, 36.075770252195412 ], [ 139.576165356745832, 36.07135719797634 ], [ 139.573516472007668, 36.07197330642299 ], [ 139.570877327826452, 36.071587467587619 ], [ 139.568186692961604, 36.072872441410084 ], [ 139.567470609581051, 36.071896053759929 ], [ 139.566253916784945, 36.072436611960143 ], [ 139.565481698621511, 36.071413559388304 ], [ 139.564496420273599, 36.071838278613711 ], [ 139.563916977186864, 36.071104667446491 ], [ 139.562255836737563, 36.071336332805572 ], [ 139.560251802778566, 36.07216666695814 ], [ 139.559822970054142, 36.071581693940061 ], [ 139.559570894581157, 36.071772973444013 ], [ 139.561358885304344, 36.069851331773577 ], [ 139.561158054100929, 36.068897721252881 ], [ 139.563505279245305, 36.066299387406843 ], [ 139.562166641077738, 36.065145198392258 ], [ 139.564570245620416, 36.061986026633861 ], [ 139.563825252633364, 36.061392135039057 ], [ 139.564478029137831, 36.06049713513471 ], [ 139.563808560316829, 36.060388532105151 ], [ 139.565147717393302, 36.058857973216959 ], [ 139.564260505617881, 36.05839797268834 ], [ 139.565197717900446, 36.057294080957149 ], [ 139.562084086011851, 36.055649360329767 ], [ 139.561255473161623, 36.056067694368664 ], [ 139.559569363935111, 36.058083531929526 ], [ 139.558882969873252, 36.057506305671495 ], [ 139.558330751962671, 36.057707135076271 ], [ 139.557502387325371, 36.056360468660728 ], [ 139.558305720232852, 36.055474080664339 ], [ 139.558496005086681, 36.053987945587266 ], [ 139.560496549676145, 36.05441602737784 ], [ 139.559678781750449, 36.053321585722642 ], [ 139.560014617380716, 36.052650197748505 ], [ 139.560696004916736, 36.052669641091143 ], [ 139.561508780705708, 36.053569918217192 ], [ 139.562166005257041, 36.053243801560257 ], [ 139.562287664644032, 36.052562693713412 ], [ 139.561525446941914, 36.051411585776123 ], [ 139.561525446941914, 36.05028269379136 ], [ 139.562368469629178, 36.047685440930422 ], [ 139.562904033894142, 36.04734019839151 ], [ 139.563916252333229, 36.047320747854258 ], [ 139.563697638835038, 36.046309918867735 ], [ 139.56459542214111, 36.045599360022493 ], [ 139.564892917873976, 36.045606026696817 ], [ 139.565416278338603, 36.04654241430103 ], [ 139.566055719695782, 36.046406864884943 ], [ 139.565856524359219, 36.044901864729297 ], [ 139.566588755067073, 36.044250748373372 ], [ 139.56717014248818, 36.044159360166418 ], [ 139.567030725987252, 36.045572413636023 ], [ 139.56748294378292, 36.04569963982658 ], [ 139.568825966145482, 36.042869919411316 ], [ 139.570280972089222, 36.041695197975059 ], [ 139.570272087686817, 36.039312973015342 ], [ 139.570819299970822, 36.038661585963496 ], [ 139.571308196616087, 36.038789640429627 ], [ 139.571669027104008, 36.037987134898401 ], [ 139.570609559183822, 36.037463531616766 ], [ 139.570318715736221, 36.036614360264593 ], [ 139.569667056189701, 36.036311865200446 ], [ 139.569771776846096, 36.03589325237175 ], [ 139.57015594024449, 36.035637135345553 ], [ 139.570504837628164, 36.035800197721017 ], [ 139.57036510906255, 36.035986307022483 ], [ 139.571075110328138, 36.036067693869029 ], [ 139.57077260717017, 36.035625748129803 ], [ 139.573010660913383, 36.034036027340846 ], [ 139.573220116615175, 36.033175198077004 ], [ 139.575268443983532, 36.033826586028169 ], [ 139.57871372156103, 36.031500467972251 ], [ 139.582275421773375, 36.030826053779435 ], [ 139.58339263336336, 36.030058279166326 ], [ 139.587022360993274, 36.028881613395811 ], [ 139.588927393084759, 36.029007172243269 ], [ 139.590351284284452, 36.030614946022979 ], [ 139.592155187611866, 36.030905775081521 ], [ 139.59266713388115, 36.031254694048926 ], [ 139.593536030963151, 36.033110532325281 ], [ 139.594222723599842, 36.033808306408275 ], [ 139.596329389989364, 36.033727198351585 ], [ 139.598074941705249, 36.034285531652017 ], [ 139.599297197707529, 36.034890531672772 ], [ 139.600763580075181, 36.036623587308782 ], [ 139.602905006161222, 36.037112467766235 ], [ 139.60424194640882, 36.03678691768215 ], [ 139.603980271572368, 36.038014414034024 ], [ 139.604581114926532, 36.038043586242566 ], [ 139.604658612205299, 36.037408027258721 ], [ 139.604888340424623, 36.037437468364544 ], [ 139.60471527938671, 36.039143865397136 ], [ 139.605553916979716, 36.039553054230112 ], [ 139.605835863434436, 36.039231107729506 ], [ 139.607258637676068, 36.039968891751016 ], [ 139.606936692974045, 36.041522774556427 ], [ 139.607715331397458, 36.042206946393492 ], [ 139.606426447322747, 36.045356945966319 ], [ 139.609741478786304, 36.047161666777527 ], [ 139.610533410988182, 36.046624999943845 ], [ 139.614149027355779, 36.049546107666799 ], [ 139.620166225690809, 36.044746386336726 ], [ 139.621220142995298, 36.045591693302072 ], [ 139.622350698725882, 36.044798639645535 ], [ 139.623824863826485, 36.046453640423238 ], [ 139.626095421766422, 36.043630864572776 ], [ 139.626824577692219, 36.043298360031315 ], [ 139.629851802718576, 36.042475026201544 ], [ 139.633962631670215, 36.042055306307418 ], [ 139.63511652390855, 36.041456972960987 ], [ 139.637835161863336, 36.041029467635894 ], [ 139.639134889963316, 36.040356414117298 ], [ 139.643181829278092, 36.040198666735137 ], [ 139.643858495373365, 36.039585613285453 ], [ 139.644421802824013, 36.036872838011107 ], [ 139.648586808734308, 36.034747838042335 ], [ 139.651851828898884, 36.034937836911695 ], [ 139.652073774385258, 36.0354289467885 ], [ 139.65145544731115, 36.03814283812153 ], [ 139.651796031361869, 36.03834866685753 ], [ 139.65438574610539, 36.039055054647122 ], [ 139.656747418858345, 36.038983667362402 ], [ 139.660689390203288, 36.040287000844444 ], [ 139.659904942159415, 36.041696440838109 ], [ 139.655819144038333, 36.045870892327855 ], [ 139.655921920360356, 36.046480612890036 ], [ 139.659326938887148, 36.048844505169825 ], [ 139.665596939347324, 36.046533946284626 ], [ 139.668632217802724, 36.044989775257989 ], [ 139.671711387670484, 36.044235333094207 ], [ 139.671237198537938, 36.041016720645189 ], [ 139.671760532022972, 36.041452280298529 ], [ 139.673440246170458, 36.04162644120737 ], [ 139.673662217737274, 36.042196721101845 ], [ 139.674407224214065, 36.042259775268462 ], [ 139.674629169700438, 36.042790333007531 ], [ 139.675474162802402, 36.042988945583431 ], [ 139.675902218512647, 36.043472000232669 ], [ 139.677614163462977, 36.043178973231079 ], [ 139.677821673031872, 36.043952865032736 ], [ 139.677361945897133, 36.044364251808815 ], [ 139.67819416323016, 36.044253413963929 ], [ 139.678320856122696, 36.044934531703348 ], [ 139.681231970579006, 36.044727586009344 ], [ 139.684468366222177, 36.043187306349182 ], [ 139.683713334103118, 36.042084802271859 ], [ 139.684027223577573, 36.042006467724377 ], [ 139.68753863819768, 36.043617026704453 ], [ 139.688122244246188, 36.04332980212871 ], [ 139.68898280191479, 36.045207027182585 ], [ 139.68653033720534, 36.047276198138093 ], [ 139.686870336696757, 36.048251467031605 ], [ 139.684585668393993, 36.05762005372253 ], [ 139.691439274003301, 36.056887558613994 ], [ 139.699287638613669, 36.055605891598645 ], [ 139.698773476414885, 36.057573666691439 ], [ 139.701932944050213, 36.060607559291498 ], [ 139.703504915819281, 36.063312000548422 ], [ 139.707397172641436, 36.066954504846592 ], [ 139.708625771562197, 36.06879172086127 ], [ 139.709227173395448, 36.068704504609229 ], [ 139.709654137328585, 36.070991720691381 ], [ 139.709384136568701, 36.07241977485279 ], [ 139.709044137077285, 36.072515333216131 ], [ 139.708337496578224, 36.074515054026563 ], [ 139.705085279162404, 36.077627559064638 ], [ 139.701366938633328, 36.078448945862192 ], [ 139.698215811310661, 36.077127000011103 ], [ 139.697980531576377, 36.077493667099134 ], [ 139.696671919973141, 36.076967837995369 ], [ 139.695633307331377, 36.077846439661528 ], [ 139.694068300811523, 36.0775558920908 ], [ 139.693895253263349, 36.078358386830132 ], [ 139.694296912972277, 36.078558946438307 ], [ 139.694179144052328, 36.079271440624552 ], [ 139.692535279579602, 36.080874775350651 ], [ 139.692756939081505, 36.080992558659716 ], [ 139.691676108665547, 36.082712557938237 ], [ 139.691184449302909, 36.084268946254895 ], [ 139.6913350066053, 36.084835054194457 ], [ 139.692124448584536, 36.085001170667567 ], [ 139.692222243561787, 36.086717559168051 ], [ 139.695243358594212, 36.086232803001508 ], [ 139.695079467943174, 36.086932802007254 ], [ 139.694193358736584, 36.087794197844005 ], [ 139.694490583773472, 36.088630586232625 ], [ 139.693081997236504, 36.090881413946136 ], [ 139.694124227850921, 36.091165586222871 ], [ 139.697487030402158, 36.09379697285209 ], [ 139.698239804323521, 36.093760305693593 ], [ 139.698482023226802, 36.095153919417896 ], [ 139.700200660931841, 36.098117531798721 ], [ 139.702419559115469, 36.097143081288209 ], [ 139.705118715956019, 36.097148360308609 ], [ 139.706939831408135, 36.097963638910869 ], [ 139.71087124471228, 36.100925027268261 ], [ 139.712879300439454, 36.101342505152559 ], [ 139.713684863665549, 36.101189999918631 ], [ 139.717822362012498, 36.098793332746141 ], [ 139.720161556210883, 36.101035838133498 ], [ 139.720324890181587, 36.101933053967343 ], [ 139.720509053350156, 36.10184361279255 ], [ 139.720619883101222, 36.103766386709424 ], [ 139.720351025379614, 36.105221945736275 ], [ 139.720931025146797, 36.107308333312972 ], [ 139.720578248987067, 36.108076386715936 ], [ 139.722775498690339, 36.109136666723828 ], [ 139.723449105292048, 36.109126107783709 ], [ 139.723438807155276, 36.108379171361719 ], [ 139.727060505637837, 36.107539441092399 ], [ 139.726664669039337, 36.111627467733513 ], [ 139.725399688944549, 36.114157748081652 ], [ 139.722046082860516, 36.118157748181602 ], [ 139.714783060889658, 36.125006919234011 ], [ 139.712986939395819, 36.127157504914976 ], [ 139.710745551865784, 36.13294580240688 ], [ 139.71013391664701, 36.135944694292277 ] ] ] ] } },
{ "type": "Feature", "properties": { "regioncode": "1123300", "regionname": "埼玉県北本市", "name": "北本市", "namekana": "きたもとし", "PrefCode": "11" }, "geometry": { "type": "Polygon", "coordinates": [ [ [ 139.565053969365295, 36.034768505362308 ], [ 139.562520363324211, 36.036759892155374 ], [ 139.561250920793441, 36.038267108240518 ], [ 139.559790363334628, 36.039010999558059 ], [ 139.560143411089598, 36.039230441331881 ], [ 139.558606744006056, 36.041262386649862 ], [ 139.558476226296875, 36.04322544120123 ], [ 139.556834527391629, 36.042824613365269 ], [ 139.555898975257605, 36.043034613156919 ], [ 139.553474527127833, 36.044398505186905 ], [ 139.553006743866149, 36.043969306438385 ], [ 139.551100362791544, 36.044827640083554 ], [ 139.550346445831906, 36.044274306114403 ], [ 139.548943113134214, 36.045047080058737 ], [ 139.548456160823207, 36.044636803046103 ], [ 139.547415888032901, 36.045247359977736 ], [ 139.546365888175274, 36.044159864686037 ], [ 139.545964772556317, 36.044331531774844 ], [ 139.543005616316236, 36.046020135720767 ], [ 139.542158663591522, 36.046980694403601 ], [ 139.54256894869809, 36.047457639958168 ], [ 139.541728949531489, 36.048030134882879 ], [ 139.539141996605963, 36.049222640412552 ], [ 139.538750856267029, 36.048564306097887 ], [ 139.537614748122223, 36.049289306256526 ], [ 139.537108637553615, 36.048898198293273 ], [ 139.536574189347448, 36.049203440786243 ], [ 139.535886977801852, 36.049690108012101 ], [ 139.536230583574593, 36.050042919245357 ], [ 139.536715305566986, 36.050000413688167 ], [ 139.536600856044743, 36.050372359796597 ], [ 139.534491167933083, 36.052433197634002 ], [ 139.533937250303893, 36.05253791918966 ], [ 139.532955577338043, 36.051583748391351 ], [ 139.527962802141701, 36.056595135057478 ], [ 139.525156420032772, 36.057558468148841 ], [ 139.525099196171027, 36.057139027044514 ], [ 139.525652801735532, 36.056280413710169 ], [ 139.524296694237137, 36.055596251765678 ], [ 139.524307808059007, 36.055163999818774 ], [ 139.523365836564153, 36.054933170829202 ], [ 139.523446394235748, 36.055449837639969 ], [ 139.521815277652991, 36.054839558598815 ], [ 139.525931673408081, 36.05088427908629 ], [ 139.520581050774922, 36.0475795592493 ], [ 139.523512723733234, 36.04460869383621 ], [ 139.522941050788972, 36.0442734139869 ], [ 139.523342166407929, 36.043786747660306 ], [ 139.530505745843584, 36.036284252416351 ], [ 139.531469921599637, 36.034863135625244 ], [ 139.530209921950359, 36.033966197681934 ], [ 139.529809077926643, 36.03388036009062 ], [ 139.529026304420427, 36.03437646839933 ], [ 139.526830725657533, 36.033460360507263 ], [ 139.526133773554875, 36.034490640031038 ], [ 139.526601555917182, 36.03432841492446 ], [ 139.527288780053254, 36.034652865137673 ], [ 139.526668495155036, 36.035492305825301 ], [ 139.526133774454138, 36.035587865087962 ], [ 139.52612433157276, 36.035272864051478 ], [ 139.52543683494207, 36.035225360062384 ], [ 139.525570440923161, 36.035034532018074 ], [ 139.525189052832616, 36.034891466967679 ], [ 139.524864331923482, 36.035272864950798 ], [ 139.524616278218673, 36.035139532363587 ], [ 139.526009882949779, 36.033536468333409 ], [ 139.526772944216077, 36.03224589173459 ], [ 139.526470168563492, 36.032076440575338 ], [ 139.526062672254625, 36.032571171122697 ], [ 139.525356549764979, 36.032265612967706 ], [ 139.525145448303874, 36.03244033325484 ], [ 139.524003774254879, 36.034530891887186 ], [ 139.523254059827082, 36.035061440633058 ], [ 139.522722672013742, 36.036036467608938 ], [ 139.520568195865621, 36.034195891727052 ], [ 139.52061929984086, 36.033824774793572 ], [ 139.519804033829132, 36.033831999946869 ], [ 139.517434552262785, 36.031900332634279 ], [ 139.516954552610628, 36.030983667162559 ], [ 139.516393995286762, 36.030787278610092 ], [ 139.515076497482482, 36.031623666099335 ], [ 139.5139773280913, 36.031878386478411 ], [ 139.514471504656285, 36.033250332836644 ], [ 139.512945383023066, 36.033198666785097 ], [ 139.512137612860556, 36.033642278968046 ], [ 139.511402606844854, 36.033431171211646 ], [ 139.511555382774759, 36.033765890783286 ], [ 139.510972891885558, 36.034522557869821 ], [ 139.508112607111229, 36.034493386560598 ], [ 139.50513620007564, 36.033889224707991 ], [ 139.502676199946791, 36.033845612984692 ], [ 139.494798106447547, 36.035676747783725 ], [ 139.494296445724444, 36.035066748431746 ], [ 139.495543942998665, 36.032952586192948 ], [ 139.498937834213734, 36.030642028207069 ], [ 139.500203942957683, 36.029232000056822 ], [ 139.502372554649696, 36.028173945870947 ], [ 139.505015887873014, 36.027498108051304 ], [ 139.504860310554932, 36.025112837987137 ], [ 139.504162529277323, 36.023736171087478 ], [ 139.50142333282065, 36.020624774913472 ], [ 139.499961115213409, 36.019884505165805 ], [ 139.498835550720173, 36.018887559013706 ], [ 139.498411362094771, 36.017705053945122 ], [ 139.498359688848609, 36.01537171972916 ], [ 139.498951634310515, 36.014185054396819 ], [ 139.50002024563787, 36.01333450528324 ], [ 139.50451330804276, 36.012038108272122 ], [ 139.504354423018299, 36.010068666735606 ], [ 139.503406887418009, 36.008481721254498 ], [ 139.504030219219317, 36.00662202578593 ], [ 139.503842438078095, 36.005351468095853 ], [ 139.501349922061308, 36.003187585938406 ], [ 139.500342411573115, 36.001713440622837 ], [ 139.500592412310084, 36.000912053848253 ], [ 139.502531025086796, 35.999211774903529 ], [ 139.501780752180025, 35.997971223992863 ], [ 139.501360725617019, 35.996369559307766 ], [ 139.50250880733563, 35.995869558733204 ], [ 139.505184916350913, 35.996367613174868 ], [ 139.507774642785648, 35.996016774154839 ], [ 139.507914086266169, 35.997612891821575 ], [ 139.506861310201316, 35.998958999758088 ], [ 139.506150752255508, 36.000527585579675 ], [ 139.506725499082563, 36.00099091899574 ], [ 139.506836886413225, 36.001512586037052 ], [ 139.508583839272774, 36.001373694740266 ], [ 139.510372996416663, 36.001965918992028 ], [ 139.512213839397191, 36.000858694373278 ], [ 139.513909389706669, 36.002259802148217 ], [ 139.51550747059332, 36.003104252059643 ], [ 139.516397197772562, 36.003187585938406 ], [ 139.516269974279908, 36.003554801612836 ], [ 139.516945812099607, 36.004262026671256 ], [ 139.518583580068253, 36.004852278709734 ], [ 139.518246912565019, 36.005278387387705 ], [ 139.518680830056383, 36.006451999959893 ], [ 139.518134721240472, 36.006713387013235 ], [ 139.518321673206742, 36.007363666999709 ], [ 139.518852503440371, 36.00702727918565 ], [ 139.519729170664732, 36.009035891593157 ], [ 139.521389468449229, 36.00990255925575 ], [ 139.521344746962541, 36.010463387275536 ], [ 139.523752802250101, 36.011965891812508 ], [ 139.529368392137599, 36.012673946045823 ], [ 139.531452309276688, 36.012396748011554 ], [ 139.532985641674145, 36.012561467837543 ], [ 139.533673695884431, 36.012277586941138 ], [ 139.538742335190705, 36.013094279277595 ], [ 139.540951219423278, 36.012727333399766 ], [ 139.541055940079673, 36.012375945793337 ], [ 139.545997366685242, 36.011041774558294 ], [ 139.548629856782554, 36.008979026560894 ], [ 139.551655421660485, 36.005190693595694 ], [ 139.556017665083232, 36.010107081276828 ], [ 139.55527710755257, 36.011594864811229 ], [ 139.552846303913839, 36.014583467553052 ], [ 139.554731023917725, 36.015480694178734 ], [ 139.559177173188004, 36.018421559107708 ], [ 139.559922749835096, 36.021963774608537 ], [ 139.559713306723779, 36.022427386814513 ], [ 139.558209973911175, 36.022800692697842 ], [ 139.557878587227037, 36.023244586368605 ], [ 139.557829170379932, 36.025084584885747 ], [ 139.558554720923667, 36.026286802194193 ], [ 139.557619169689019, 36.027917918777007 ], [ 139.556435278765207, 36.029186532132826 ], [ 139.558176420205655, 36.030644585878974 ], [ 139.5610970036239, 36.032047108287486 ], [ 139.562716446107174, 36.03174961255462 ], [ 139.563345331222081, 36.031934890882553 ], [ 139.562333942857208, 36.03400517070213 ], [ 139.564367030314315, 36.035045170997876 ], [ 139.56482481221542, 36.034615721338525 ], [ 139.565053969365295, 36.034768505362308 ] ] ] } },
{ "type": "Feature", "properties": { "regioncode": "1123400", "regionname": "埼玉県八潮市", "name": "八潮市", "namekana": "やしおし", "PrefCode": "11" }, "geometry": { "type": "Polygon", "coordinates": [ [ [ 139.840857911463559, 35.855851891651525 ], [ 139.838807056100791, 35.855881892135642 ], [ 139.838882088337755, 35.857350774618624 ], [ 139.838360415001262, 35.858085224853312 ], [ 139.831002048705614, 35.857203278608495 ], [ 139.828749273959943, 35.85722466718471 ], [ 139.828809830709133, 35.856682170945476 ], [ 139.829375382867738, 35.856561613227939 ], [ 139.829224553070731, 35.856237720594379 ], [ 139.828696472064621, 35.856162721632359 ], [ 139.828827031142623, 35.855677171364391 ], [ 139.829121193088667, 35.855722441437592 ], [ 139.828962865643803, 35.855202440840003 ], [ 139.829362581018358, 35.855285504922165 ], [ 139.829023139106653, 35.854464108232037 ], [ 139.8295209210537, 35.854547171414879 ], [ 139.829590078019805, 35.854090775369059 ], [ 139.829122309147351, 35.853992721387044 ], [ 139.82937119292626, 35.852848000434903 ], [ 139.830549249048659, 35.852195505418308 ], [ 139.829463671111625, 35.851728838215365 ], [ 139.829585888078327, 35.851371053731214 ], [ 139.829299221981614, 35.851197721098004 ], [ 139.831350311167967, 35.845523025966941 ], [ 139.83005557700335, 35.845048864713362 ], [ 139.831160271829162, 35.842762467913587 ], [ 139.829825278613725, 35.842551360157188 ], [ 139.830654422963335, 35.838820802338205 ], [ 139.829915810666193, 35.838775802061662 ], [ 139.830583281193526, 35.835542775278896 ], [ 139.828778560382375, 35.835323053815955 ], [ 139.829126589020916, 35.833300838263142 ], [ 139.827731309752153, 35.833132225272038 ], [ 139.827905188273917, 35.832152775430302 ], [ 139.826924915552468, 35.832390837667049 ], [ 139.826072969791767, 35.832043053644043 ], [ 139.826398780679256, 35.829141386565766 ], [ 139.825212386942212, 35.828623892378801 ], [ 139.823468222880251, 35.828609468152479 ], [ 139.820998754688844, 35.828069748120413 ], [ 139.820751245074007, 35.829241134870529 ], [ 139.821841283648382, 35.829543082247483 ], [ 139.821511828708026, 35.83028138697648 ], [ 139.820926004931266, 35.830208081437888 ], [ 139.820889338672146, 35.830564999874923 ], [ 139.819359339162247, 35.830391134843069 ], [ 139.818269298789119, 35.829457803135142 ], [ 139.8180034762795, 35.82960419837508 ], [ 139.818443190800735, 35.830016134636935 ], [ 139.818534890173055, 35.830656693851381 ], [ 139.816908469850091, 35.829528640034766 ], [ 139.815891529970145, 35.830956134817825 ], [ 139.816111309889152, 35.835058332975734 ], [ 139.81435267213817, 35.835323891984103 ], [ 139.814141828782454, 35.834481972764877 ], [ 139.812987664948878, 35.834408919036434 ], [ 139.813436549856988, 35.835085864820883 ], [ 139.813134331783999, 35.835589198282946 ], [ 139.81161377425633, 35.834747531773246 ], [ 139.811449052631701, 35.833777252318384 ], [ 139.811924578156777, 35.832251413971619 ], [ 139.814216252178312, 35.829124197823546 ], [ 139.815352087828614, 35.828236693768474 ], [ 139.814399559192339, 35.827824746714725 ], [ 139.819514279760256, 35.824816134956734 ], [ 139.820769001288454, 35.823544196807291 ], [ 139.821093723096851, 35.822695306043613 ], [ 139.820727302423165, 35.821331693702746 ], [ 139.817092865943096, 35.821404748330508 ], [ 139.81554452655871, 35.820810026661434 ], [ 139.813956161048054, 35.818972279147431 ], [ 139.813653942975179, 35.818048107933862 ], [ 139.812151699241554, 35.817023108329863 ], [ 139.811895306123574, 35.816345891849494 ], [ 139.813296692688255, 35.815467559080616 ], [ 139.817973917362451, 35.814252558808619 ], [ 139.81848697789178, 35.814179225391001 ], [ 139.8204656158955, 35.8149847751273 ], [ 139.821688949285658, 35.814887278724996 ], [ 139.823391997242993, 35.814152000214676 ], [ 139.824685031688887, 35.812324504971969 ], [ 139.824855304828475, 35.811003107707279 ], [ 139.822921114917563, 35.809406722042638 ], [ 139.82075191956551, 35.80553533308921 ], [ 139.820224384447897, 35.802597837919961 ], [ 139.820319104642977, 35.80102258632337 ], [ 139.81962408608274, 35.799335081349 ], [ 139.820107691117073, 35.798106468039123 ], [ 139.821214358156112, 35.7967525863628 ], [ 139.82277044070338, 35.795460918886363 ], [ 139.82444182892732, 35.79494619820855 ], [ 139.825472113847013, 35.793665080678977 ], [ 139.826050169279938, 35.793360359792814 ], [ 139.826975161574524, 35.793507586006342 ], [ 139.831756588895473, 35.795091441416957 ], [ 139.833028275234824, 35.795910613184276 ], [ 139.836904137416127, 35.800459774399144 ], [ 139.838680558361148, 35.800785305597401 ], [ 139.843386666561514, 35.799798081116592 ], [ 139.845856912666477, 35.797540027350408 ], [ 139.847207197054558, 35.795830586112686 ], [ 139.848521361971393, 35.795284468303635 ], [ 139.853562750020956, 35.791558080640982 ], [ 139.855286913160626, 35.790854468159239 ], [ 139.85616968858028, 35.790854468159239 ], [ 139.857736082754059, 35.792219747843149 ], [ 139.858799170445423, 35.794438919420656 ], [ 139.858194719910443, 35.796369747665779 ], [ 139.855663917056177, 35.801700559133565 ], [ 139.855791996703374, 35.804378613382369 ], [ 139.86530652357726, 35.809976667389321 ], [ 139.867053476436809, 35.811485252242676 ], [ 139.867841284347833, 35.812702197748251 ], [ 139.868904060873774, 35.815537747569067 ], [ 139.869297691435349, 35.817249134939686 ], [ 139.869252165954777, 35.819186639751649 ], [ 139.86788744474984, 35.821520532446641 ], [ 139.865539105345533, 35.822937468289581 ], [ 139.864421607771078, 35.823248586053467 ], [ 139.857069921639663, 35.823356639597307 ], [ 139.854470466338967, 35.823908306223416 ], [ 139.851080751575523, 35.825390801744163 ], [ 139.847438560241471, 35.828324973019164 ], [ 139.845850803571807, 35.831462748107413 ], [ 139.844769170061227, 35.835671079756594 ], [ 139.844004773301663, 35.84305300019588 ], [ 139.841491750943646, 35.848954387435072 ], [ 139.840857911463559, 35.855851891651525 ] ] ] } },
{ "type": "Feature", "properties": { "regioncode": "1123500", "regionname": "埼玉県富士見市", "name": "富士見市", "namekana": "ふじみし", "PrefCode": "11" }, "geometry": { "type": "Polygon", "coordinates": [ [ [ 139.549466523960973, 35.887231053570304 ], [ 139.548853748401825, 35.887434108797152 ], [ 139.548362334554213, 35.88695438703536 ], [ 139.547733476418898, 35.88831855875452 ], [ 139.546974864098729, 35.888178000114692 ], [ 139.546989830616212, 35.887512721235169 ], [ 139.545825667220811, 35.887131333144566 ], [ 139.545877613860853, 35.886863000627045 ], [ 139.544138171239638, 35.885642441645416 ], [ 139.544878171190703, 35.885026333198766 ], [ 139.543837614214567, 35.884227171346936 ], [ 139.544967328179723, 35.883382171050414 ], [ 139.543227030303228, 35.883274134593705 ], [ 139.54360758831956, 35.88230136041949 ], [ 139.546614253944767, 35.882329413871389 ], [ 139.547318145216309, 35.881655252388043 ], [ 139.547110078067703, 35.881090532102405 ], [ 139.549153410601434, 35.879516080902476 ], [ 139.549275913552606, 35.878306080861023 ], [ 139.549943696144737, 35.877418585799148 ], [ 139.549174254188529, 35.875849413619619 ], [ 139.549195330700059, 35.875268585576805 ], [ 139.550327834362179, 35.87382441376576 ], [ 139.551077003800742, 35.871932748297752 ], [ 139.549676135245477, 35.869438332912807 ], [ 139.541919195714399, 35.868907775173739 ], [ 139.541801673208738, 35.868302224767888 ], [ 139.540738884991583, 35.867802225092646 ], [ 139.532656938566902, 35.86785333266522 ], [ 139.522333280856287, 35.864504467807024 ], [ 139.518617418858867, 35.863690585851884 ], [ 139.517867690941216, 35.862773639791669 ], [ 139.518196304116259, 35.861445027266257 ], [ 139.517480752234974, 35.860798081965982 ], [ 139.518486860680127, 35.860288640308568 ], [ 139.517148223411823, 35.859110864774664 ], [ 139.51751988263652, 35.858560586701742 ], [ 139.518525745566762, 35.85899197260153 ], [ 139.518692139930408, 35.858712802353978 ], [ 139.518136004572966, 35.858138360397049 ], [ 139.514723774382787, 35.856752801900313 ], [ 139.514232944195101, 35.856213107948633 ], [ 139.513301284326872, 35.856375892433562 ], [ 139.511652361167648, 35.855947000353808 ], [ 139.511528469663176, 35.855101721267488 ], [ 139.51155319112695, 35.854851721429839 ], [ 139.513384033646275, 35.85482366707862 ], [ 139.516307393271632, 35.855855613046174 ], [ 139.519039882584593, 35.85759197279134 ], [ 139.525403256055483, 35.859723640333812 ], [ 139.530725227187531, 35.863067252251938 ], [ 139.533532477142217, 35.863711666860013 ], [ 139.534539974140557, 35.863424441384893 ], [ 139.534989974207974, 35.863088333260009 ], [ 139.534954423108161, 35.862761387428122 ], [ 139.533498003430168, 35.86037836027316 ], [ 139.533267716731757, 35.858891414007587 ], [ 139.531874383596005, 35.858318640293078 ], [ 139.531357418210291, 35.857586414081823 ], [ 139.530652697763799, 35.85738808119504 ], [ 139.527489078857911, 35.855001413584432 ], [ 139.527507107566976, 35.853711972829331 ], [ 139.527872114506522, 35.853344748161646 ], [ 139.527999882988297, 35.850053108064515 ], [ 139.527380143079199, 35.848932559090372 ], [ 139.528177081806916, 35.848592837489491 ], [ 139.528658755097581, 35.848738107677605 ], [ 139.529726548941198, 35.849946720964454 ], [ 139.530740168524062, 35.848882558583284 ], [ 139.530757393239128, 35.84849200010575 ], [ 139.529276807878432, 35.847431720097859 ], [ 139.529283747946693, 35.845345333420426 ], [ 139.529963747828788, 35.84543366663047 ], [ 139.530914306050477, 35.844076170578887 ], [ 139.52869177730372, 35.842557837973914 ], [ 139.529085109290463, 35.842197000291378 ], [ 139.530372335015272, 35.843266721382122 ], [ 139.53123649806605, 35.842937000242443 ], [ 139.531896524005447, 35.84341922481741 ], [ 139.531595421991142, 35.843695054083526 ], [ 139.531928469723198, 35.843939225414999 ], [ 139.533274306064413, 35.842945053671315 ], [ 139.533315136184683, 35.842489774583498 ], [ 139.533764863757483, 35.842503946100294 ], [ 139.535278715040704, 35.841171441309029 ], [ 139.536658196818394, 35.841964774654684 ], [ 139.537458755317402, 35.840995333367971 ], [ 139.536365551129393, 35.840489918874709 ], [ 139.536091829874067, 35.839722666767727 ], [ 139.536406783246548, 35.83925005414676 ], [ 139.536243721770461, 35.838800892247434 ], [ 139.536823138776867, 35.83869419757923 ], [ 139.537759831251265, 35.83966394643403 ], [ 139.539532633324484, 35.839515612255752 ], [ 139.53828983141068, 35.83901672144458 ], [ 139.538753722406454, 35.837932279351264 ], [ 139.539225382645327, 35.837228946558696 ], [ 139.539781505412179, 35.837423387179626 ], [ 139.540483994640681, 35.835509252150302 ], [ 139.542298715913034, 35.835293693649078 ], [ 139.542349559084983, 35.834812026653765 ], [ 139.543492048819076, 35.835002306111562 ], [ 139.543209662595928, 35.836276224568167 ], [ 139.544062891689123, 35.836422278965074 ], [ 139.544976782752428, 35.835572837816244 ], [ 139.545255940409334, 35.834672585871203 ], [ 139.546296783369939, 35.834558693928614 ], [ 139.546975109613641, 35.833755360121813 ], [ 139.546086497593819, 35.832145080830855 ], [ 139.546911505061985, 35.83208174787444 ], [ 139.547127327963835, 35.832627025716704 ], [ 139.548916782783408, 35.832690359572496 ], [ 139.548094812325758, 35.830310640123969 ], [ 139.548793138592487, 35.828561197940985 ], [ 139.551851750857736, 35.82834564033908 ], [ 139.552704254198034, 35.827312306717658 ], [ 139.5538598308666, 35.828143972766156 ], [ 139.555286783358383, 35.82824313471292 ], [ 139.556189557901803, 35.828762585824734 ], [ 139.557268443983617, 35.828914802376289 ], [ 139.559514864119706, 35.830524801978072 ], [ 139.559514864119706, 35.83079119825527 ], [ 139.56213347587925, 35.831852026849617 ], [ 139.566432113851079, 35.832343667326427 ], [ 139.56908352838218, 35.834707838396071 ], [ 139.571905188174014, 35.835938108257153 ], [ 139.571519363727703, 35.836400892187498 ], [ 139.571902970445763, 35.83711089165439 ], [ 139.57169077810704, 35.837569504529085 ], [ 139.572422723729801, 35.838140054220162 ], [ 139.573251335680652, 35.838321170485699 ], [ 139.573462166445893, 35.837845891374855 ], [ 139.574090219687946, 35.838267558301254 ], [ 139.574233553635622, 35.837713666752393 ], [ 139.574812438243498, 35.837591170995779 ], [ 139.575288833412969, 35.837993387384984 ], [ 139.575896886632108, 35.837517837578218 ], [ 139.576078559577923, 35.837880613299717 ], [ 139.575671335763559, 35.838395054288355 ], [ 139.57616299602546, 35.838449504641005 ], [ 139.576614112151674, 35.837836999777778 ], [ 139.576761335667129, 35.838263387245604 ], [ 139.577189105393018, 35.838287838013343 ], [ 139.578268559846265, 35.837511170903838 ], [ 139.577969389575742, 35.836825053833195 ], [ 139.579646056820138, 35.835700332904082 ], [ 139.579030778447759, 35.836321170885356 ], [ 139.580821361916378, 35.837306171342789 ], [ 139.580652749824594, 35.838468386806653 ], [ 139.581444423021821, 35.838767279186641 ], [ 139.581708029601941, 35.839283945997352 ], [ 139.580462476661978, 35.839095332983277 ], [ 139.5799274708761, 35.840088666558756 ], [ 139.577958859413911, 35.841723386724993 ], [ 139.576359689448168, 35.840539224205884 ], [ 139.574295811002912, 35.841808108257624 ], [ 139.573487198175712, 35.841962279036011 ], [ 139.572634694835415, 35.841638946680121 ], [ 139.571489947802888, 35.842230613352172 ], [ 139.573313021978493, 35.84250089200259 ], [ 139.574613580152686, 35.843317251589951 ], [ 139.577162192281435, 35.843742252303173 ], [ 139.576715837166262, 35.844752802499897 ], [ 139.577733606221045, 35.845863639695267 ], [ 139.578253891004351, 35.847103919010692 ], [ 139.578080026871817, 35.850637251907699 ], [ 139.580749221899168, 35.856966388188312 ], [ 139.580933385067738, 35.85706499974998 ], [ 139.581424226946524, 35.85603917097103 ], [ 139.582478949144274, 35.855156107768209 ], [ 139.583151724772392, 35.853772532276594 ], [ 139.58491394272437, 35.85212280242547 ], [ 139.586505615941519, 35.851421693656278 ], [ 139.587003942877686, 35.852611413985642 ], [ 139.584572554679767, 35.853728080586507 ], [ 139.583090363129827, 35.858075837729757 ], [ 139.583296199959705, 35.860168332602541 ], [ 139.585139000764343, 35.860501946008071 ], [ 139.580154527209743, 35.862756108407723 ], [ 139.579128145347681, 35.863511108151158 ], [ 139.578456498368723, 35.864860838556922 ], [ 139.577490660665489, 35.869113306234169 ], [ 139.576472632605942, 35.871459972899459 ], [ 139.571421777393198, 35.872248865392862 ], [ 139.563476472161483, 35.871967197728054 ], [ 139.558625083880543, 35.874244972727354 ], [ 139.5578586897268, 35.874825252183712 ], [ 139.557723968586401, 35.875316360261877 ], [ 139.560355109700595, 35.87865219844025 ], [ 139.560109001229534, 35.88020246776972 ], [ 139.551449558750164, 35.88334438693397 ], [ 139.549812890652447, 35.885691053599317 ], [ 139.549466523960973, 35.887231053570304 ] ] ] } },
{ "type": "Feature", "properties": { "regioncode": "1123700", "regionname": "埼玉県三郷市", "name": "三郷市", "namekana": "みさとし", "PrefCode": "11" }, "geometry": { "type": "Polygon", "coordinates": [ [ [ 139.899209273988845, 35.866856505223609 ], [ 139.895043968604341, 35.866162081115192 ], [ 139.894837587684606, 35.865654585590732 ], [ 139.893863138972733, 35.86602430587709 ], [ 139.894307886100137, 35.866885973309081 ], [ 139.893665940131086, 35.867387080949072 ], [ 139.893340116653121, 35.867267640189482 ], [ 139.893463968587298, 35.866916802068829 ], [ 139.893078690029597, 35.866763747349125 ], [ 139.89335396891056, 35.866625973010287 ], [ 139.892587860741287, 35.86542680170561 ], [ 139.891780635567898, 35.865755135191364 ], [ 139.891605083407967, 35.865470972807202 ], [ 139.891095914245057, 35.865616531677631 ], [ 139.889750919669268, 35.866169585957664 ], [ 139.889938975103632, 35.866475414808576 ], [ 139.889020078413978, 35.866830971672073 ], [ 139.887348975275017, 35.866518747742077 ], [ 139.886733696003375, 35.867340693018605 ], [ 139.878263943026582, 35.865712081047775 ], [ 139.877729779905508, 35.866134305553828 ], [ 139.87544005201687, 35.866630721430681 ], [ 139.873608663609048, 35.868060720825667 ], [ 139.872403358927954, 35.867623776216362 ], [ 139.86807891131275, 35.867053505315084 ], [ 139.865383358954887, 35.867137946259277 ], [ 139.863228054531191, 35.866832945683939 ], [ 139.8633980542769, 35.866027946332736 ], [ 139.86238111529633, 35.865824613215352 ], [ 139.863709170242032, 35.864622386913652 ], [ 139.839780999393724, 35.859430467642028 ], [ 139.840854033586879, 35.85639799956806 ], [ 139.841491750943646, 35.848954387435072 ], [ 139.844004773301663, 35.84305300019588 ], [ 139.844769170061227, 35.835671079756594 ], [ 139.845511920139074, 35.832533305567665 ], [ 139.846208002597336, 35.830492748341726 ], [ 139.847438560241471, 35.828324973019164 ], [ 139.851080751575523, 35.825390801744163 ], [ 139.854470466338967, 35.823908306223416 ], [ 139.857069921639663, 35.823356639597307 ], [ 139.864421607771078, 35.823248586053467 ], [ 139.865539105345533, 35.822937468289581 ], [ 139.86788744474984, 35.821520532446641 ], [ 139.869252165954777, 35.819186639751649 ], [ 139.869297691435349, 35.817249134939686 ], [ 139.868904060873774, 35.815537747569067 ], [ 139.867841284347833, 35.812702197748251 ], [ 139.867053476436809, 35.811485252242676 ], [ 139.86530652357726, 35.809976667389321 ], [ 139.855791996703374, 35.804378613382369 ], [ 139.855663917056177, 35.801700559133565 ], [ 139.858194719910443, 35.796369747665779 ], [ 139.858799170445423, 35.794438919420656 ], [ 139.859274721151564, 35.795102252167283 ], [ 139.859895006049783, 35.795333359946653 ], [ 139.863848611923913, 35.794827774582188 ], [ 139.867715577112222, 35.796683333169369 ], [ 139.870770610075624, 35.797316667230461 ], [ 139.873391167068803, 35.797170279185082 ], [ 139.874748106440052, 35.796540278910811 ], [ 139.876264501005949, 35.794793612934939 ], [ 139.876576692560434, 35.793195837817734 ], [ 139.87595863798083, 35.792186668080319 ], [ 139.873258339900531, 35.790395000029264 ], [ 139.871554694793417, 35.787978892212152 ], [ 139.871193865204759, 35.786634467806493 ], [ 139.871595524913573, 35.785008640136709 ], [ 139.871758301304681, 35.784750585970812 ], [ 139.872035252924661, 35.78503946799708 ], [ 139.873361607252491, 35.78292474727931 ], [ 139.874542437783361, 35.781775865164093 ], [ 139.876299105119642, 35.781236413129989 ], [ 139.877249389947451, 35.781166107729746 ], [ 139.881358586629517, 35.782067505411078 ], [ 139.887239728330883, 35.784019170948056 ], [ 139.893778054114023, 35.782746387435907 ], [ 139.892849442048146, 35.784452504779324 ], [ 139.890826134718395, 35.790180802202315 ], [ 139.888281996716842, 35.79458302678529 ], [ 139.888523410726862, 35.796450801763115 ], [ 139.889925914249602, 35.797764972975187 ], [ 139.890800661421508, 35.799782198189973 ], [ 139.890684837735193, 35.801553585629506 ], [ 139.888819338941403, 35.807106918149827 ], [ 139.890373528415694, 35.810856054163594 ], [ 139.891660803603259, 35.818328837605804 ], [ 139.891171944729535, 35.819869108272769 ], [ 139.888281946354823, 35.822642135426236 ], [ 139.887992244146858, 35.82433269359899 ], [ 139.888898106062811, 35.827394081171974 ], [ 139.888523409827599, 35.832166586318976 ], [ 139.889842892435581, 35.836371864769774 ], [ 139.889471283572902, 35.841094613125961 ], [ 139.889745163108842, 35.843048775180876 ], [ 139.890486030905663, 35.844922946137103 ], [ 139.893203864866564, 35.849708775639556 ], [ 139.895911388100103, 35.852495414032205 ], [ 139.897825615759643, 35.858945973178152 ], [ 139.899968417808282, 35.862418198041439 ], [ 139.900338691177694, 35.864174865377777 ], [ 139.899209273988845, 35.866856505223609 ] ] ] } },
{ "type": "Feature", "properties": { "regioncode": "1123800", "regionname": "埼玉県蓮田市", "name": "蓮田市", "namekana": "はすだし", "PrefCode": "11" }, "geometry": { "type": "Polygon", "coordinates": [ [ [ 139.691968105943374, 35.99903372082963 ], [ 139.691249222074021, 35.998834557868577 ], [ 139.688707834199249, 36.002786505392976 ], [ 139.687039493777661, 36.004119278182202 ], [ 139.685946160986646, 36.003279557805399 ], [ 139.685729222025998, 36.003423999717882 ], [ 139.685160336980061, 36.002936225426538 ], [ 139.684861440103418, 36.003092890924222 ], [ 139.681729754324806, 36.000357891603471 ], [ 139.681084747063437, 36.000684558645503 ], [ 139.680145031967754, 36.00013761256082 ], [ 139.678620583972815, 36.001230108083064 ], [ 139.676358054280854, 35.999409837993653 ], [ 139.676552217910626, 35.999161775295761 ], [ 139.675768053153206, 35.999064000103601 ], [ 139.67351888468886, 36.001632026796642 ], [ 139.672762723920641, 36.001105559174277 ], [ 139.669162801622065, 36.004570639823214 ], [ 139.668063332756674, 36.004317864677773 ], [ 139.668271414294395, 36.005037864605811 ], [ 139.667716939085494, 36.004918413953703 ], [ 139.666575279425615, 36.005711467610183 ], [ 139.665650856401953, 36.00689564002181 ], [ 139.66477002621582, 36.00689564002181 ], [ 139.664441413940153, 36.008988134894537 ], [ 139.663071697900591, 36.009618135168864 ], [ 139.663516693240808, 36.010175640193665 ], [ 139.663027249807783, 36.010795079729178 ], [ 139.662298912265101, 36.010708135072434 ], [ 139.662038080093339, 36.012000918607555 ], [ 139.659769468286413, 36.011562026966033 ], [ 139.655518053715241, 36.009801999762544 ], [ 139.653771387739425, 36.011933946094814 ], [ 139.650466109423519, 36.010402279241873 ], [ 139.6494214137673, 36.014385891895472 ], [ 139.650313670739365, 36.020455892125767 ], [ 139.648951479327366, 36.026467558730928 ], [ 139.6507373278655, 36.028634504878539 ], [ 139.650269273907952, 36.030568387221365 ], [ 139.649595135806976, 36.031318107944401 ], [ 139.645142049166338, 36.030763666909763 ], [ 139.643141504576874, 36.031122278770226 ], [ 139.640817613242348, 36.032405864938767 ], [ 139.637240362852481, 36.032134197735104 ], [ 139.634493695727542, 36.031109748516144 ], [ 139.631536446050177, 36.031109747616824 ], [ 139.627166134809386, 36.028074196666921 ], [ 139.625888080370714, 36.027664468240687 ], [ 139.623626419423772, 36.028913640052508 ], [ 139.621478366233646, 36.03072000032779 ], [ 139.617838366547403, 36.031818891828436 ], [ 139.61583639383457, 36.031737504981947 ], [ 139.614404720801303, 36.03250527869568 ], [ 139.611553061424729, 36.033168332652508 ], [ 139.609737496588309, 36.03409861296069 ], [ 139.609120558966652, 36.034808332738407 ], [ 139.607639442106688, 36.03516277534186 ], [ 139.606882775919416, 36.036837775243157 ], [ 139.60555888483475, 36.036542467560878 ], [ 139.602905006161222, 36.037112467766235 ], [ 139.600763580075181, 36.036623587308782 ], [ 139.599297197707529, 36.034890531672772 ], [ 139.598074941705249, 36.034285531652017 ], [ 139.596329389989364, 36.033727198351585 ], [ 139.594222723599842, 36.033808306408275 ], [ 139.59244603105958, 36.031056891762205 ], [ 139.590351284284452, 36.030614946022979 ], [ 139.589258779768898, 36.029232170928026 ], [ 139.588190973334804, 36.028894667055283 ], [ 139.588317911742251, 36.028220504672618 ], [ 139.591806005143098, 36.028297170977737 ], [ 139.594274332094869, 36.02746413526171 ], [ 139.594109611369504, 36.027135252290122 ], [ 139.596338494725842, 36.027034693696237 ], [ 139.602675188009584, 36.024105802340955 ], [ 139.611008249431279, 36.021556108327786 ], [ 139.616367976800802, 36.017195279538555 ], [ 139.617355746270732, 36.015536387394434 ], [ 139.618451555794763, 36.012141666105038 ], [ 139.621075162388934, 36.009938640056248 ], [ 139.623052113264521, 36.009033919379931 ], [ 139.628506031128495, 36.008489468014602 ], [ 139.63460547336399, 36.006741972863836 ], [ 139.635076861108359, 36.006215332571571 ], [ 139.636126549800451, 36.003192559189301 ], [ 139.637026808940163, 35.998346171138962 ], [ 139.638229585626959, 35.997109775096078 ], [ 139.644809026615349, 35.993678946026591 ], [ 139.645509027419735, 35.992412838181963 ], [ 139.645772088111471, 35.990679775351396 ], [ 139.645295667760934, 35.988748667417099 ], [ 139.644615940373455, 35.988996441432676 ], [ 139.643136200375466, 35.98563894578075 ], [ 139.643066743935151, 35.984441467899501 ], [ 139.644194228480956, 35.980402585610875 ], [ 139.644408391234379, 35.976885080781926 ], [ 139.643475576636661, 35.975378135392702 ], [ 139.643200558558988, 35.972574532188958 ], [ 139.6422394422965, 35.969697865364253 ], [ 139.642909727701863, 35.96880953213423 ], [ 139.642545253160961, 35.967380081325757 ], [ 139.642905810255002, 35.966691467737121 ], [ 139.644310246420787, 35.96592036023651 ], [ 139.645486354611648, 35.965769802034799 ], [ 139.645624694624075, 35.964497864784676 ], [ 139.645169143940848, 35.963683694147221 ], [ 139.646398586425676, 35.963785640395031 ], [ 139.646676913109104, 35.964085639840448 ], [ 139.64817914425214, 35.9636548376007 ], [ 139.647766355433077, 35.96289427914769 ], [ 139.647053864843997, 35.962814000265951 ], [ 139.648484695212574, 35.962177053628182 ], [ 139.64936413684552, 35.962418999137526 ], [ 139.649263305757017, 35.963005107999379 ], [ 139.649676641363953, 35.963758999778065 ], [ 139.650786355306082, 35.96327927891565 ], [ 139.653021673311628, 35.963295946051119 ], [ 139.652956939211435, 35.962154279196682 ], [ 139.653716666690912, 35.961863999623915 ], [ 139.654303605626978, 35.962176774838326 ], [ 139.654359727819269, 35.963308171435017 ], [ 139.657879754347277, 35.963941504596789 ], [ 139.657529195915686, 35.965931775331228 ], [ 139.654424449328985, 35.965052053109787 ], [ 139.653971140655699, 35.967319279061542 ], [ 139.653535863389493, 35.968055946125048 ], [ 139.654076134705861, 35.968679278825732 ], [ 139.654096978292955, 35.969397332620872 ], [ 139.654705304905974, 35.969706774947781 ], [ 139.65679033720437, 35.969268719675711 ], [ 139.65679033720437, 35.970144000145524 ], [ 139.657466719113813, 35.970825386782224 ], [ 139.657289494214865, 35.971221225179477 ], [ 139.658422554557319, 35.971587892267451 ], [ 139.661199248246817, 35.973462054230481 ], [ 139.661612022676763, 35.973515946104101 ], [ 139.662325356829797, 35.972839558798626 ], [ 139.663185356918802, 35.973279838094129 ], [ 139.66358924874487, 35.972818720607506 ], [ 139.664697860118167, 35.972906774128376 ], [ 139.666079001145022, 35.975600106959405 ], [ 139.666949830870067, 35.975018170951898 ], [ 139.66770483780806, 35.975568720620004 ], [ 139.668725383070068, 35.974697333315305 ], [ 139.671697637935722, 35.974204558793417 ], [ 139.672195965771266, 35.974330387437476 ], [ 139.673545135899417, 35.976150667419404 ], [ 139.67606041465649, 35.974282892441579 ], [ 139.6854538001528, 35.975656802019842 ], [ 139.693937716552455, 35.974339865392551 ], [ 139.694278559607937, 35.975083747716837 ], [ 139.693125499242456, 35.975846252302745 ], [ 139.6887607521071, 35.976897081335267 ], [ 139.687386303834955, 35.977310972723274 ], [ 139.687260466197586, 35.977604305494367 ], [ 139.687233280591499, 35.979079865443509 ], [ 139.688098559700848, 35.981058468373647 ], [ 139.689605524875105, 35.982661251815387 ], [ 139.689768301266099, 35.983640973252363 ], [ 139.690843866151567, 35.98428346780787 ], [ 139.692623060605797, 35.986413198210585 ], [ 139.692403332847562, 35.986488747557701 ], [ 139.693207224234129, 35.988095972751012 ], [ 139.694035551099887, 35.987833748428784 ], [ 139.69467055789994, 35.988677360172062 ], [ 139.694604188832272, 35.98968566656032 ], [ 139.695601413774284, 35.991082613172125 ], [ 139.695622243871526, 35.991643441191911 ], [ 139.694568080152862, 35.993380666984251 ], [ 139.694394189040622, 35.994426774576027 ], [ 139.6926256155798, 35.997103441170907 ], [ 139.693076160636338, 35.997274279084763 ], [ 139.691968105943374, 35.99903372082963 ] ] ] } },
{ "type": "Feature", "properties": { "regioncode": "1123900", "regionname": "埼玉県坂戸市", "name": "坂戸市", "namekana": "さかどし", "PrefCode": "11" }, "geometry": { "type": "Polygon", "coordinates": [ [ [ 139.467698301035853, 35.96007397283563 ], [ 139.468291387737395, 35.960540360349398 ], [ 139.465345812159512, 35.961721747560659 ], [ 139.464134422665552, 35.960833134641518 ], [ 139.462462750255781, 35.961425359792599 ], [ 139.462343021713195, 35.961797027111174 ], [ 139.464098028900935, 35.963012865551377 ], [ 139.464223890819994, 35.963384801767234 ], [ 139.463172775803059, 35.966586170615358 ], [ 139.460863890556197, 35.967726721411111 ], [ 139.460296939052569, 35.968487838343094 ], [ 139.460265550914528, 35.96947089176831 ], [ 139.46144500638195, 35.971178386873135 ], [ 139.461344162702972, 35.972224505256747 ], [ 139.460410271616752, 35.972810613219281 ], [ 139.460252776044854, 35.973585612086367 ], [ 139.459003606031615, 35.974253945962914 ], [ 139.458493060906108, 35.974217559392912 ], [ 139.458732776096781, 35.972906441379223 ], [ 139.458291115442648, 35.97242117080043 ], [ 139.457698053922059, 35.972471721692671 ], [ 139.456398885200429, 35.973788667313215 ], [ 139.455850000177406, 35.97468394600736 ], [ 139.456756938581862, 35.975496441207838 ], [ 139.456410272416178, 35.9761897753379 ], [ 139.455861389191796, 35.976158108410004 ], [ 139.4556530612399, 35.976504774575744 ], [ 139.454738339203004, 35.976258945793745 ], [ 139.454258885439231, 35.977746440645774 ], [ 139.454789195864805, 35.978980612665168 ], [ 139.454221414286849, 35.980058360205192 ], [ 139.452791699077693, 35.980701720807815 ], [ 139.451801140810062, 35.980373945801034 ], [ 139.450467781662837, 35.979255333067215 ], [ 139.448348339504378, 35.979413108328345 ], [ 139.444799170445435, 35.980931440933318 ], [ 139.442933332607254, 35.98275672114579 ], [ 139.44067500634651, 35.983676721303709 ], [ 139.440158885424239, 35.984249225221618 ], [ 139.441546667045145, 35.985572558726631 ], [ 139.44176725005866, 35.986814224796717 ], [ 139.440896692828233, 35.987205053970115 ], [ 139.437169170221068, 35.987342559411616 ], [ 139.436462502742415, 35.989265054538691 ], [ 139.434971699284574, 35.991488945758306 ], [ 139.434390310964091, 35.994488108339567 ], [ 139.433317249791344, 35.99671838744365 ], [ 139.432194474995072, 35.997884225376765 ], [ 139.430194189410372, 35.998002559070869 ], [ 139.424528054026496, 35.995202865220108 ], [ 139.423508884727312, 35.99407369444549 ], [ 139.421616938670809, 35.993755919000535 ], [ 139.420068885270894, 35.994224802132976 ], [ 139.417518586014012, 35.993221747785469 ], [ 139.41401830140353, 35.991109558659275 ], [ 139.412074968984712, 35.990830945991434 ], [ 139.409253280414646, 35.988956505238605 ], [ 139.406972167131926, 35.988127054220229 ], [ 139.405965745722597, 35.986243747051333 ], [ 139.405167419340955, 35.985553747607412 ], [ 139.396960468051248, 35.984751801454536 ], [ 139.395437950001451, 35.984061251625519 ], [ 139.394776834982963, 35.984231801756323 ], [ 139.393959052668265, 35.983176558851142 ], [ 139.393194889732399, 35.984712639576685 ], [ 139.392094616873123, 35.98459322489748 ], [ 139.391100725717934, 35.98383905342962 ], [ 139.389809338829991, 35.983625441061292 ], [ 139.386704617424243, 35.984707107846816 ], [ 139.385194578367191, 35.984776837680954 ], [ 139.384742918151233, 35.984311279342137 ], [ 139.384722361447871, 35.982706279071579 ], [ 139.382096808720803, 35.98193155899429 ], [ 139.379441529802875, 35.981651278983406 ], [ 139.376657886152543, 35.979138531817853 ], [ 139.374022048778556, 35.979291305949062 ], [ 139.367973695229921, 35.977017136331824 ], [ 139.366664812031559, 35.97678463999921 ], [ 139.365477859815428, 35.976894639675947 ], [ 139.364165641930867, 35.977694920284421 ], [ 139.362887302407103, 35.977927135129221 ], [ 139.36240785943528, 35.977550748168539 ], [ 139.362536199885767, 35.976816585716904 ], [ 139.362310051867439, 35.976641054241327 ], [ 139.358577833899972, 35.976597440719388 ], [ 139.355306160550981, 35.973904667266652 ], [ 139.355141089090012, 35.973238170705088 ], [ 139.355736782926215, 35.972360080753162 ], [ 139.355090584063305, 35.971782332888381 ], [ 139.353695863273515, 35.97261633267766 ], [ 139.352605032396355, 35.971738278698638 ], [ 139.349658910930088, 35.97126050486844 ], [ 139.348923359025889, 35.970309107579283 ], [ 139.348884448958188, 35.968838000173605 ], [ 139.350407250294438, 35.969106613279621 ], [ 139.350888053940594, 35.967585224778361 ], [ 139.350340272385779, 35.966986893230569 ], [ 139.35047472103156, 35.966366918598453 ], [ 139.349687224286072, 35.963549134884715 ], [ 139.352675279340701, 35.964958027191244 ], [ 139.353135550565298, 35.964776639330466 ], [ 139.352754720953726, 35.963717747875819 ], [ 139.353255279107884, 35.96122719867634 ], [ 139.353892502736926, 35.960828585870615 ], [ 139.354171387899328, 35.95933941468229 ], [ 139.354813061373761, 35.959373586222057 ], [ 139.355583060909566, 35.957222197446526 ], [ 139.356537781193765, 35.957398026597673 ], [ 139.356893061065989, 35.956969693896326 ], [ 139.358739442071624, 35.958246639470872 ], [ 139.360398053627364, 35.955527747007977 ], [ 139.361266939917414, 35.954808864937206 ], [ 139.358990531887571, 35.952823026961198 ], [ 139.355888859183551, 35.951703585951805 ], [ 139.356884137093289, 35.94953719828311 ], [ 139.358013021883494, 35.95026302671738 ], [ 139.360101920367356, 35.947393585945292 ], [ 139.358898858595467, 35.94657136008027 ], [ 139.357417197645646, 35.946964972655394 ], [ 139.356141608248663, 35.946863306096759 ], [ 139.355993281265, 35.945952197535917 ], [ 139.355665771558165, 35.945719134630394 ], [ 139.355396615261611, 35.946436918628933 ], [ 139.354779664150215, 35.946604694351208 ], [ 139.35250717266797, 35.945101946097964 ], [ 139.351751335655649, 35.944051666551218 ], [ 139.350379390196736, 35.943676666345141 ], [ 139.347488248783748, 35.941048054124451 ], [ 139.348294086303099, 35.940119441159311 ], [ 139.349477691242555, 35.940327225021463 ], [ 139.34982158210039, 35.939792224631503 ], [ 139.3521346428995, 35.939228053831698 ], [ 139.353851025104746, 35.936894722313639 ], [ 139.351151582279726, 35.936291666627142 ], [ 139.34868822318299, 35.935087504984438 ], [ 139.348490169086062, 35.933754721403318 ], [ 139.349203773935074, 35.931595558887977 ], [ 139.349225720090999, 35.930603053588129 ], [ 139.348984332161308, 35.930242504587966 ], [ 139.347266834796642, 35.92997308119277 ], [ 139.34565182866902, 35.930183080984477 ], [ 139.343359338962387, 35.931234748185148 ], [ 139.343098495099525, 35.932683919327474 ], [ 139.342587949974018, 35.932877802368751 ], [ 139.341993501698767, 35.933716135091629 ], [ 139.337915161655474, 35.934497252046583 ], [ 139.335452086744453, 35.934346693844873 ], [ 139.335779299674982, 35.93448363990808 ], [ 139.33402652370512, 35.935944198266213 ], [ 139.33306958479352, 35.935675306370342 ], [ 139.33108041482933, 35.936065864847819 ], [ 139.328593476407832, 35.935141693634307 ], [ 139.327237082025817, 35.935010864759647 ], [ 139.327834864087777, 35.93350863991185 ], [ 139.327832361274545, 35.932327532389763 ], [ 139.327110972793207, 35.932183360273882 ], [ 139.323653995935274, 35.928243639932077 ], [ 139.324748443885596, 35.927520864696191 ], [ 139.32752619967448, 35.923097532125439 ], [ 139.330880920018558, 35.920458081275456 ], [ 139.333271478995584, 35.919690864242057 ], [ 139.336398169939685, 35.920200865277764 ], [ 139.341299831222273, 35.920375865254016 ], [ 139.34357066075745, 35.921233359831717 ], [ 139.345322360238811, 35.922513080714168 ], [ 139.345772917885938, 35.923338080987719 ], [ 139.345902633399874, 35.925273359977609 ], [ 139.347243748300457, 35.925391413982595 ], [ 139.350613501711791, 35.926964197839538 ], [ 139.356307691446887, 35.931341945574388 ], [ 139.35714630385894, 35.931633333111904 ], [ 139.361402697976246, 35.934743613227226 ], [ 139.36596299549592, 35.938604721131014 ], [ 139.372159143629688, 35.944963865090358 ], [ 139.372940803775123, 35.943756080978403 ], [ 139.374504448721382, 35.944171639709452 ], [ 139.375259728153992, 35.943471081325413 ], [ 139.377509726692551, 35.9423516394167 ], [ 139.381905576880968, 35.949250224618197 ], [ 139.380726693382258, 35.950038557733308 ], [ 139.380159753569842, 35.950887441302427 ], [ 139.382903086907959, 35.952026892227366 ], [ 139.383423645085259, 35.95115966698512 ], [ 139.38524058408575, 35.951551054637491 ], [ 139.388300610085139, 35.951361332759348 ], [ 139.388890052733814, 35.952575225965973 ], [ 139.391293113186634, 35.95324550507604 ], [ 139.395388948641084, 35.952883839117931 ], [ 139.39734758842053, 35.953562999932558 ], [ 139.39816036331024, 35.953400774825923 ], [ 139.398449804714801, 35.952208280088087 ], [ 139.397801166890417, 35.949344108443881 ], [ 139.399279494053417, 35.948074108333458 ], [ 139.401981724776874, 35.949166053470663 ], [ 139.402176719380122, 35.94851883837373 ], [ 139.403768145283721, 35.949360774680088 ], [ 139.405004812022526, 35.948852171190822 ], [ 139.405470363166842, 35.9492166133561 ], [ 139.407370362652159, 35.948946305927336 ], [ 139.408349804400018, 35.949481306317296 ], [ 139.408991192789358, 35.948984640428876 ], [ 139.409953695806507, 35.949462414259074 ], [ 139.412624836966756, 35.95196853162247 ], [ 139.41030177660582, 35.953682134922644 ], [ 139.414665693666848, 35.957611837716172 ], [ 139.415445693663855, 35.957071559205133 ], [ 139.417200699952446, 35.958674332754299 ], [ 139.421460415265983, 35.955771278921418 ], [ 139.424410169094131, 35.958400440627884 ], [ 139.425760440891736, 35.957359612955827 ], [ 139.431145719799247, 35.958892108084399 ], [ 139.433112114432561, 35.958526252184868 ], [ 139.433562138781781, 35.958725972725517 ], [ 139.434221024380804, 35.959908748490022 ], [ 139.435830467302253, 35.96066597315621 ], [ 139.436180753239228, 35.961473747815262 ], [ 139.43670603105852, 35.961782081278102 ], [ 139.437706303802997, 35.961815413750401 ], [ 139.438389921657631, 35.962265135028019 ], [ 139.441248248607849, 35.96150708118688 ], [ 139.441231309877139, 35.961074027044788 ], [ 139.437407134431737, 35.961290135031732 ], [ 139.436107691416851, 35.960341801732795 ], [ 139.436849364106934, 35.959550694209213 ], [ 139.437866589071859, 35.959767080986069 ], [ 139.439158520949036, 35.959434026958832 ], [ 139.439275188199417, 35.958459586340894 ], [ 139.440667691260956, 35.958401251816383 ], [ 139.441933528409663, 35.958858747733075 ], [ 139.443617419008774, 35.958509026570368 ], [ 139.443850751710897, 35.9574012524659 ], [ 139.443612970062532, 35.956412080952816 ], [ 139.44202907867907, 35.956278748365605 ], [ 139.442179365285597, 35.953938224969136 ], [ 139.440595473002759, 35.953804892381925 ], [ 139.437079882830403, 35.952411278657621 ], [ 139.43314516181988, 35.951811558556642 ], [ 139.434212917891955, 35.946034640186554 ], [ 139.434746251838078, 35.945118251705992 ], [ 139.435199299707961, 35.945149918633888 ], [ 139.450676588953456, 35.948338775214381 ], [ 139.450676588054193, 35.94899655914395 ], [ 139.452502412356466, 35.949512946265486 ], [ 139.453515188375263, 35.950402918959583 ], [ 139.454965747171514, 35.950794586301186 ], [ 139.455499390484533, 35.951510973652546 ], [ 139.455432723741296, 35.953001802291396 ], [ 139.457358274764601, 35.953401532954445 ], [ 139.457408275271746, 35.953701532399862 ], [ 139.459983280703909, 35.954064864801694 ], [ 139.462400804053914, 35.956646776127855 ], [ 139.46265802904486, 35.958062054520269 ], [ 139.465821361966391, 35.958890081012498 ], [ 139.466625810932442, 35.959955919729964 ], [ 139.467698301035853, 35.96007397283563 ] ] ] } },
{ "type": "Feature", "properties": { "regioncode": "1124000", "regionname": "埼玉県幸手市", "name": "幸手市", "namekana": "さってし", "PrefCode": "11" }, "geometry": { "type": "Polygon", "coordinates": [ [ [ 139.727060505637837, 36.107539441092399 ], [ 139.723438807155276, 36.108379171361719 ], [ 139.723449105292048, 36.109126107783709 ], [ 139.722775498690339, 36.109136666723828 ], [ 139.720578248987067, 36.108076386715936 ], [ 139.720931025146797, 36.107308333312972 ], [ 139.720351025379614, 36.105221945736275 ], [ 139.720619883101222, 36.103766386709424 ], [ 139.720509053350156, 36.10184361279255 ], [ 139.720324890181587, 36.101933053967343 ], [ 139.720161556210883, 36.101035838133498 ], [ 139.717822362012498, 36.098793332746141 ], [ 139.713684863665549, 36.101189999918631 ], [ 139.712879300439454, 36.101342505152559 ], [ 139.71087124471228, 36.100925027268261 ], [ 139.706939831408135, 36.097963638910869 ], [ 139.705118715956019, 36.097148360308609 ], [ 139.702419559115469, 36.097143081288209 ], [ 139.700200660931841, 36.098117531798721 ], [ 139.698482023226802, 36.095153919417896 ], [ 139.698239804323521, 36.093760305693593 ], [ 139.697487030402158, 36.09379697285209 ], [ 139.694124227850921, 36.091165586222871 ], [ 139.693081997236504, 36.090881413946136 ], [ 139.694490583773472, 36.088630586232625 ], [ 139.694193358736584, 36.087794197844005 ], [ 139.695079467943174, 36.086932802007254 ], [ 139.695243358594212, 36.086232803001508 ], [ 139.692222243561787, 36.086717559168051 ], [ 139.692124448584536, 36.085001170667567 ], [ 139.6913350066053, 36.084835054194457 ], [ 139.691184449302909, 36.084268946254895 ], [ 139.691676108665547, 36.082712557938237 ], [ 139.692756939081505, 36.080992558659716 ], [ 139.692535279579602, 36.080874775350651 ], [ 139.694179144052328, 36.079271440624552 ], [ 139.694296912972277, 36.078558946438307 ], [ 139.693895253263349, 36.078358386830132 ], [ 139.694068300811523, 36.0775558920908 ], [ 139.695633307331377, 36.077846439661528 ], [ 139.696671919973141, 36.076967837995369 ], [ 139.697980531576377, 36.077493667099134 ], [ 139.698215811310661, 36.077127000011103 ], [ 139.701366938633328, 36.078448945862192 ], [ 139.704048053275073, 36.078010612699643 ], [ 139.705085279162404, 36.077627559064638 ], [ 139.707010830185709, 36.075973386562566 ], [ 139.708339170216618, 36.074512559307209 ], [ 139.709044137077285, 36.072515333216131 ], [ 139.709384136568701, 36.07241977485279 ], [ 139.709654137328585, 36.070991720691381 ], [ 139.709227173395448, 36.068704504609229 ], [ 139.708625771562197, 36.06879172086127 ], [ 139.707397172641436, 36.066954504846592 ], [ 139.705903528225349, 36.06580838724733 ], [ 139.702934331953884, 36.062356721785306 ], [ 139.70614238726148, 36.060952279324283 ], [ 139.706062672254575, 36.060554504686706 ], [ 139.707551829053727, 36.060403387106703 ], [ 139.709632387224929, 36.059175612864294 ], [ 139.708995161797361, 36.058379774906712 ], [ 139.712502113981486, 36.055710053776011 ], [ 139.716560142836443, 36.05170033290409 ], [ 139.718037665106181, 36.052702559875286 ], [ 139.718611284183453, 36.052519775367387 ], [ 139.719614332235665, 36.053458386995032 ], [ 139.721190999365149, 36.053386999710312 ], [ 139.722297950590018, 36.052193387115153 ], [ 139.724484358066775, 36.05357977478684 ], [ 139.726029363664225, 36.05225089156545 ], [ 139.724953773597804, 36.051109505299507 ], [ 139.726069339428591, 36.050446170754242 ], [ 139.725233217239293, 36.049555359891997 ], [ 139.726101284246965, 36.049038134602256 ], [ 139.725400440777776, 36.048258414294423 ], [ 139.726841829187151, 36.047184532040546 ], [ 139.727704059594771, 36.047197585700076 ], [ 139.727576809122525, 36.04519591875669 ], [ 139.730169026679278, 36.044831748186709 ], [ 139.731395447441969, 36.046160359812802 ], [ 139.73472600480136, 36.044287865192871 ], [ 139.7336196111562, 36.043042585646845 ], [ 139.73984155724213, 36.040546748433769 ], [ 139.740504332409046, 36.041889531576658 ], [ 139.739796004781851, 36.042040640163464 ], [ 139.741239363605814, 36.044872027022507 ], [ 139.744955227401874, 36.044855332907332 ], [ 139.746989974108033, 36.048391720801305 ], [ 139.747669973990128, 36.050293946108752 ], [ 139.746818859203017, 36.050630054233693 ], [ 139.747031634302516, 36.051514774886982 ], [ 139.746389973418559, 36.051604225054973 ], [ 139.746471634558361, 36.05214310871753 ], [ 139.745417198345081, 36.052330891657391 ], [ 139.745351634170675, 36.052894504877543 ], [ 139.748815837081224, 36.05255338662954 ], [ 139.745654163408972, 36.053874506003694 ], [ 139.744828585770733, 36.053245612794854 ], [ 139.744632476907327, 36.053425333312532 ], [ 139.746365006439987, 36.055230332913595 ], [ 139.748457496816059, 36.054779775266468 ], [ 139.749090558382591, 36.054329505402393 ], [ 139.752308079953991, 36.054659224743489 ], [ 139.752544473948433, 36.055638640410962 ], [ 139.752905576930857, 36.055595865057171 ], [ 139.753088911823852, 36.054992838149019 ], [ 139.754272529353784, 36.053938107857448 ], [ 139.75469530514431, 36.05426391874488 ], [ 139.756383358705079, 36.052530333408185 ], [ 139.756651140837562, 36.052732000081789 ], [ 139.757458080026481, 36.052193387115153 ], [ 139.759138392223122, 36.053606694193661 ], [ 139.761277275026259, 36.050973640221343 ], [ 139.760804228032725, 36.050595333208094 ], [ 139.759258949041282, 36.052062801956822 ], [ 139.758960026084424, 36.051798919284749 ], [ 139.759592529171982, 36.051194504722673 ], [ 139.7587494678138, 36.05059894578477 ], [ 139.760377249710359, 36.0493258915767 ], [ 139.760547807935041, 36.049438386872112 ], [ 139.76007447495715, 36.049903386731955 ], [ 139.760780584856207, 36.050403387306517 ], [ 139.762988366519949, 36.047934503674469 ], [ 139.765040310961695, 36.04471089099485 ], [ 139.766743087323675, 36.04321310789868 ], [ 139.766599468290906, 36.042914505100384 ], [ 139.767305862375679, 36.042274775060889 ], [ 139.768498947968169, 36.043143387057739 ], [ 139.769589222164882, 36.042189774738347 ], [ 139.770635330656091, 36.042802559290749 ], [ 139.771030894760088, 36.042445891764544 ], [ 139.77197561638161, 36.042817837872974 ], [ 139.774650051758499, 36.039366720997407 ], [ 139.774934227632571, 36.03790172088776 ], [ 139.776220609793427, 36.03848477475259 ], [ 139.776430052005367, 36.039000613287726 ], [ 139.776115888237769, 36.04015117083992 ], [ 139.776432309303686, 36.040864773890235 ], [ 139.777628975097173, 36.041328386995531 ], [ 139.777928145367696, 36.042292559154362 ], [ 139.779197301913996, 36.041769775155046 ], [ 139.779982866016553, 36.042218107879421 ], [ 139.779674279844244, 36.042969468066531 ], [ 139.780220388660041, 36.043933640225362 ], [ 139.780220388660041, 36.04486613466446 ], [ 139.779001505115389, 36.045882532253131 ], [ 139.77888204906742, 36.046360864562303 ], [ 139.779195940340401, 36.05033169335303 ], [ 139.78063902666986, 36.050810026561521 ], [ 139.781014890225038, 36.056493613289661 ], [ 139.782144330796314, 36.056523612874514 ], [ 139.782705162413436, 36.055798612715876 ], [ 139.785278781090938, 36.055460278768919 ], [ 139.786931025446506, 36.056289720794041 ], [ 139.787016303659584, 36.057272224733424 ], [ 139.788638519652068, 36.057652198190453 ], [ 139.788000466848075, 36.058556360387797 ], [ 139.788483527792664, 36.060596360034026 ], [ 139.786836588537767, 36.059271360085233 ], [ 139.7853318545815, 36.059763026642429 ], [ 139.785281309984498, 36.05873386497592 ], [ 139.784895746341704, 36.058510558815271 ], [ 139.784247977262453, 36.060463027446815 ], [ 139.786393256043993, 36.06001997284352 ], [ 139.787262698115114, 36.060438305983098 ], [ 139.787788806008621, 36.061163305242417 ], [ 139.789511607574696, 36.061828864710378 ], [ 139.787603281266456, 36.064891918727142 ], [ 139.782760778287297, 36.070218306429751 ], [ 139.782427444570999, 36.071288279330702 ], [ 139.782193580369494, 36.075232170728157 ], [ 139.780223580354004, 36.078570505424523 ], [ 139.779867223993278, 36.08275717060701 ], [ 139.778987223881359, 36.084962721052761 ], [ 139.777255837387088, 36.087604667521418 ], [ 139.77621722474521, 36.090767414084951 ], [ 139.773489727568972, 36.08917966730786 ], [ 139.772451088846765, 36.087979666828232 ], [ 139.772087756444876, 36.086518837774179 ], [ 139.772567197618173, 36.083760775339556 ], [ 139.771860219873361, 36.082238000083692 ], [ 139.770328002635324, 36.081219134755315 ], [ 139.767595498933247, 36.080457467438237 ], [ 139.765761024951416, 36.080427748441878 ], [ 139.757792411990295, 36.082098586280779 ], [ 139.750346278158304, 36.085722469216648 ], [ 139.746758494908704, 36.087079440963464 ], [ 139.742285720309837, 36.087158333090656 ], [ 139.734729585002356, 36.086339441012456 ], [ 139.731382606921784, 36.086637775812733 ], [ 139.730280388828987, 36.087253054185169 ], [ 139.72830542185784, 36.090139440882524 ], [ 139.728064890082692, 36.096451107832422 ], [ 139.727169921654649, 36.103858613084583 ], [ 139.727060505637837, 36.107539441092399 ] ] ] } },
{ "type": "Feature", "properties": { "regioncode": "1124100", "regionname": "埼玉県鶴ヶ島市", "name": "鶴ヶ島市", "namekana": "つるがしまし", "PrefCode": "11" }, "geometry": { "type": "Polygon", "coordinates": [ [ [ 139.422991244850095, 35.954645720723477 ], [ 139.417389584561761, 35.958724612950562 ], [ 139.415445693663855, 35.957071559205133 ], [ 139.414665693666848, 35.957611837716172 ], [ 139.41030177660582, 35.953682134922644 ], [ 139.412624836966756, 35.95196853162247 ], [ 139.409953695806507, 35.949462414259074 ], [ 139.408991192789358, 35.948984640428876 ], [ 139.408349804400018, 35.949481306317296 ], [ 139.407370362652159, 35.948946305927336 ], [ 139.405470363166842, 35.9492166133561 ], [ 139.405004812022526, 35.948852171190822 ], [ 139.403768145283721, 35.949360774680088 ], [ 139.402176719380122, 35.94851883837373 ], [ 139.401981724776874, 35.949166053470663 ], [ 139.399279494053417, 35.948074108333458 ], [ 139.397801166890417, 35.949344108443881 ], [ 139.398449804714801, 35.952208280088087 ], [ 139.39816036331024, 35.953400774825923 ], [ 139.39734758842053, 35.953562999932558 ], [ 139.395388948641084, 35.952883839117931 ], [ 139.391293113186634, 35.95324550507604 ], [ 139.388890052733814, 35.952575225965973 ], [ 139.388300610085139, 35.951361332759348 ], [ 139.38524058408575, 35.951551054637491 ], [ 139.383423645085259, 35.95115966698512 ], [ 139.382903086907959, 35.952026892227366 ], [ 139.380159753569842, 35.950887441302427 ], [ 139.380726693382258, 35.950038557733308 ], [ 139.381905576880968, 35.949250224618197 ], [ 139.377509726692551, 35.9423516394167 ], [ 139.375259728153992, 35.943471081325413 ], [ 139.374504448721382, 35.944171639709452 ], [ 139.372940803775123, 35.943756080978403 ], [ 139.372159143629688, 35.944963865090358 ], [ 139.371982192124506, 35.944838864721874 ], [ 139.363582437879245, 35.936481946084996 ], [ 139.35714630385894, 35.931633333111904 ], [ 139.356307691446887, 35.931341945574388 ], [ 139.35239627816577, 35.928188053735767 ], [ 139.353337392606704, 35.926997252421302 ], [ 139.352533476039184, 35.924704748325553 ], [ 139.356209339789302, 35.924496972557279 ], [ 139.356625447106808, 35.92379891968443 ], [ 139.35729905280914, 35.923823919038682 ], [ 139.357473773995594, 35.923246135201055 ], [ 139.359148495106979, 35.923219467604383 ], [ 139.359099053078921, 35.924306414309626 ], [ 139.360309339104788, 35.924505837174706 ], [ 139.360521555725313, 35.923940586289064 ], [ 139.364229921873516, 35.926896387158592 ], [ 139.365040752428854, 35.9264183327399 ], [ 139.366474643190259, 35.927770837554135 ], [ 139.367772411667488, 35.926815279101902 ], [ 139.36875824939375, 35.92738417134251 ], [ 139.369201855281517, 35.926409441142823 ], [ 139.369909079440504, 35.926870558629446 ], [ 139.371664358223597, 35.925694721134505 ], [ 139.371233255610377, 35.925114170982283 ], [ 139.371476861268206, 35.924442505117554 ], [ 139.379481855403355, 35.919925559417095 ], [ 139.380588806628225, 35.922333054426986 ], [ 139.381654642647732, 35.922118891673563 ], [ 139.383857691179514, 35.922347775429557 ], [ 139.383992412320026, 35.921760000123982 ], [ 139.384951309954999, 35.921353892368302 ], [ 139.384866913077644, 35.920379413978822 ], [ 139.385500414412604, 35.918289108055944 ], [ 139.385386031440248, 35.917601667183249 ], [ 139.384961309516939, 35.917287505214233 ], [ 139.387372971085824, 35.91457194653816 ], [ 139.388351581860093, 35.914773892001563 ], [ 139.388631854676419, 35.914151107887392 ], [ 139.391762411805871, 35.915363332851598 ], [ 139.395607716822724, 35.916263054196634 ], [ 139.401281051279511, 35.918566108239361 ], [ 139.403400803704244, 35.919864721179977 ], [ 139.404598858950294, 35.921211107906345 ], [ 139.411930830143774, 35.923999694230531 ], [ 139.41275863810074, 35.922961999796485 ], [ 139.413335745648169, 35.923300054054323 ], [ 139.413600246154488, 35.923025865151601 ], [ 139.415375524960609, 35.924503505232622 ], [ 139.415944162692995, 35.924101081100048 ], [ 139.416086782578986, 35.923631224901158 ], [ 139.415710751749884, 35.923512053038849 ], [ 139.416035746052899, 35.922835225065626 ], [ 139.417019389433335, 35.92320425197471 ], [ 139.417901634253099, 35.924041198842303 ], [ 139.417972437877779, 35.923840532214854 ], [ 139.420481699271022, 35.924667775397552 ], [ 139.417613359269126, 35.926861080674371 ], [ 139.41802752315175, 35.927296721266714 ], [ 139.418613943179025, 35.926915504946635 ], [ 139.419292218161445, 35.927574000239986 ], [ 139.417249300215076, 35.928854559290528 ], [ 139.418201633698459, 35.929760720680747 ], [ 139.418195083935984, 35.930099721025385 ], [ 139.416215304692628, 35.930264504703189 ], [ 139.417324773119844, 35.931396748461225 ], [ 139.417853191371705, 35.931102441724363 ], [ 139.418984773228772, 35.932109972896967 ], [ 139.418499222061541, 35.932428027131778 ], [ 139.420416446262038, 35.934341054196352 ], [ 139.420082283370789, 35.934852441087344 ], [ 139.420894500680674, 35.935497999633014 ], [ 139.423113410555516, 35.937115225287471 ], [ 139.423609533253398, 35.936849107800128 ], [ 139.424963412231705, 35.937981892050743 ], [ 139.428820661144641, 35.940242999914574 ], [ 139.427754280136014, 35.942406864984889 ], [ 139.427457055998389, 35.942344360304048 ], [ 139.427425667860348, 35.943105747931952 ], [ 139.426840946652419, 35.944127973127536 ], [ 139.427510389392978, 35.945100198715238 ], [ 139.426678716149922, 35.945605197721761 ], [ 139.426804280393299, 35.946711306281827 ], [ 139.426390117410051, 35.947837134276369 ], [ 139.425669559902303, 35.948577693605728 ], [ 139.425737366985913, 35.949021305788676 ], [ 139.42510538280726, 35.948875198331791 ], [ 139.424949300070239, 35.949553252980309 ], [ 139.424485382994135, 35.949461306294324 ], [ 139.424350699625165, 35.950962414184119 ], [ 139.423345693748843, 35.95098297268612 ], [ 139.420991245249866, 35.952730468736206 ], [ 139.422991244850095, 35.954645720723477 ] ] ] } },
{ "type": "Feature", "properties": { "regioncode": "1124200", "regionname": "埼玉県日高市", "name": "日高市", "namekana": "ひだかし", "PrefCode": "11" }, "geometry": { "type": "Polygon", "coordinates": [ [ [ 139.379481855403355, 35.919925559417095 ], [ 139.371476861268206, 35.924442505117554 ], [ 139.371233255610377, 35.925114170982283 ], [ 139.371664358223597, 35.925694721134505 ], [ 139.369909079440504, 35.926870558629446 ], [ 139.369201855281517, 35.926409441142823 ], [ 139.36875824939375, 35.92738417134251 ], [ 139.367772411667488, 35.926815279101902 ], [ 139.366474643190259, 35.927770837554135 ], [ 139.365040752428854, 35.9264183327399 ], [ 139.364229921873516, 35.926896387158592 ], [ 139.360521555725313, 35.923940586289064 ], [ 139.360309339104788, 35.924505837174706 ], [ 139.359099053078921, 35.924306414309626 ], [ 139.359148495106979, 35.923219467604383 ], [ 139.357473773995594, 35.923246135201055 ], [ 139.35729905280914, 35.923823919038682 ], [ 139.356625447106808, 35.92379891968443 ], [ 139.356209339789302, 35.924496972557279 ], [ 139.352533476039184, 35.924704748325553 ], [ 139.353337392606704, 35.926997252421302 ], [ 139.35239627816577, 35.928188053735767 ], [ 139.348774577884569, 35.926033919329939 ], [ 139.347243748300457, 35.925391413982595 ], [ 139.345902633399874, 35.925273359977609 ], [ 139.345772917885938, 35.923338080987719 ], [ 139.345322360238811, 35.922513080714168 ], [ 139.34357066075745, 35.921233359831717 ], [ 139.341299831222273, 35.920375865254016 ], [ 139.336398169939685, 35.920200865277764 ], [ 139.333271478995584, 35.919690864242057 ], [ 139.330700363131314, 35.920543918866827 ], [ 139.32752619967448, 35.923097532125439 ], [ 139.326118974710994, 35.923188080365662 ], [ 139.325279248038896, 35.922673667255992 ], [ 139.32440591370198, 35.922915611866074 ], [ 139.324003411328476, 35.922533107716788 ], [ 139.323642309245201, 35.922733946114761 ], [ 139.322953695656565, 35.922383667372401 ], [ 139.321355641749506, 35.922521171015262 ], [ 139.32129786030805, 35.922205613298445 ], [ 139.322108144975005, 35.921782000239148 ], [ 139.321876199926805, 35.92100366668592 ], [ 139.322259804846226, 35.919704774955449 ], [ 139.319030610074606, 35.919739504974245 ], [ 139.318578975039713, 35.920118946032574 ], [ 139.318040610285948, 35.920084504696206 ], [ 139.317997003958681, 35.919159505207062 ], [ 139.31650505746245, 35.918966170752242 ], [ 139.316736719224309, 35.917922838468257 ], [ 139.315231996959142, 35.91766227879117 ], [ 139.314281439636829, 35.917949506064929 ], [ 139.314590610368441, 35.91725810817519 ], [ 139.31376172502371, 35.91654589187948 ], [ 139.311248663994661, 35.916375332755479 ], [ 139.309789754093913, 35.915420053992364 ], [ 139.3091655769299, 35.915757000285396 ], [ 139.30861783404589, 35.917166720867499 ], [ 139.308225616319191, 35.917011999704073 ], [ 139.308375303977186, 35.915224775203285 ], [ 139.309364188606537, 35.915031440748464 ], [ 139.309021413807272, 35.914267838090325 ], [ 139.30915391632027, 35.913345891799509 ], [ 139.308567249878706, 35.91198505386717 ], [ 139.308965030811578, 35.910299225229096 ], [ 139.308616666725811, 35.908716440911064 ], [ 139.306360272208849, 35.909026198000674 ], [ 139.305318611764619, 35.907850359606471 ], [ 139.304337497277743, 35.907380918894319 ], [ 139.302595279348679, 35.90731091926358 ], [ 139.301581673255669, 35.906917026999224 ], [ 139.300941114940542, 35.905874801780726 ], [ 139.298837223858868, 35.90627425185528 ], [ 139.29797805384419, 35.906862865329003 ], [ 139.296216083205763, 35.905741747983313 ], [ 139.295692192141018, 35.904072027102416 ], [ 139.293614967756639, 35.903277306102837 ], [ 139.29252080399192, 35.903757305755107 ], [ 139.289853021799559, 35.902511748318602 ], [ 139.28882552477819, 35.902800919027243 ], [ 139.287833307261394, 35.903602305801826 ], [ 139.284434941019754, 35.9012659192868 ], [ 139.283774111985736, 35.901496467687878 ], [ 139.280819390302668, 35.900910640313839 ], [ 139.279728832819387, 35.900310639624365 ], [ 139.278157717204977, 35.900700081143896 ], [ 139.277189390178251, 35.900558721208085 ], [ 139.277904668665542, 35.898535946276979 ], [ 139.278357977338828, 35.89804900026121 ], [ 139.279136328878508, 35.89785289229718 ], [ 139.279502698290912, 35.896849278571381 ], [ 139.279225473277052, 35.890637612635771 ], [ 139.280491829334551, 35.888394838351189 ], [ 139.279063501779206, 35.887526774940739 ], [ 139.279368222665425, 35.884548170861422 ], [ 139.279097081565169, 35.882746774843838 ], [ 139.279449856825522, 35.882406504656501 ], [ 139.281026523955006, 35.882115667504081 ], [ 139.282199338828491, 35.882832892124327 ], [ 139.283038495330402, 35.882406775352479 ], [ 139.276733747764297, 35.878234278988828 ], [ 139.276178170885942, 35.877412892191273 ], [ 139.276509559368719, 35.875902639994877 ], [ 139.275405940132146, 35.874548467837599 ], [ 139.277572606590638, 35.872679027315314 ], [ 139.278743450150159, 35.872482639662167 ], [ 139.280661505324247, 35.873199586391877 ], [ 139.281419559165442, 35.87315874817773 ], [ 139.280817055662624, 35.871526252034982 ], [ 139.282348443725709, 35.869927920237387 ], [ 139.288964837857066, 35.871887891912706 ], [ 139.291004838402614, 35.868211531736847 ], [ 139.295109000679872, 35.869020107691881 ], [ 139.296069830958004, 35.868490666910816 ], [ 139.297610661003318, 35.869652892267197 ], [ 139.300273191154929, 35.870958440779475 ], [ 139.302045966248443, 35.870533171168972 ], [ 139.302942632596455, 35.871007613010988 ], [ 139.304254864870131, 35.870938170959846 ], [ 139.305334034238399, 35.871648999601689 ], [ 139.306896808640886, 35.871713721111405 ], [ 139.307584306170838, 35.873357332874662 ], [ 139.308190441136048, 35.873678171410518 ], [ 139.308970998712653, 35.873526775040659 ], [ 139.309747082162176, 35.872594000013123 ], [ 139.31020128386217, 35.873123721382683 ], [ 139.31107488979444, 35.873053720852567 ], [ 139.312236005387376, 35.871953721387172 ], [ 139.313635720112416, 35.872897333245362 ], [ 139.315850440945155, 35.872803999804773 ], [ 139.316357393279191, 35.873521225324339 ], [ 139.316025447216703, 35.874190386577141 ], [ 139.316608223190997, 35.875782054398371 ], [ 139.317628248644837, 35.876691504609312 ], [ 139.318398806659616, 35.878085666920072 ], [ 139.32030491613898, 35.878840080305508 ], [ 139.323842411997816, 35.879125919025967 ], [ 139.325107716747766, 35.880040640163486 ], [ 139.326344384385948, 35.881737865010507 ], [ 139.327363281190514, 35.882098693699788 ], [ 139.327597172371725, 35.882545640568935 ], [ 139.330447173398397, 35.881601198636474 ], [ 139.33100771723241, 35.880895360332659 ], [ 139.334924941932627, 35.878308413702371 ], [ 139.335437444882245, 35.878290919190647 ], [ 139.336313838712726, 35.878942864721466 ], [ 139.33822411205324, 35.879140639129218 ], [ 139.338171607833488, 35.877860359767851 ], [ 139.340020506041583, 35.879368414021144 ], [ 139.342177197219939, 35.879881747944353 ], [ 139.3441305318986, 35.879919800958078 ], [ 139.346182749734226, 35.880591197925469 ], [ 139.349792192255904, 35.880282027193857 ], [ 139.354128028885498, 35.877280639689843 ], [ 139.355160532432706, 35.877262864589568 ], [ 139.358039973665882, 35.877973414441556 ], [ 139.360221114712772, 35.879396198575762 ], [ 139.362563605825812, 35.880269801809959 ], [ 139.365286692726727, 35.884495892371604 ], [ 139.366544474647867, 35.884146720694673 ], [ 139.366971140905548, 35.88334894559739 ], [ 139.367454474344527, 35.883145332790946 ], [ 139.367857250112024, 35.882514774936965 ], [ 139.367641698805414, 35.882235333094172 ], [ 139.367822244001445, 35.881723108035033 ], [ 139.36837613465093, 35.88155283759346 ], [ 139.367828884595383, 35.881127837779559 ], [ 139.370071750610919, 35.878408667426129 ], [ 139.364528716227369, 35.872993027406324 ], [ 139.368189974088068, 35.871130081787896 ], [ 139.370044695406477, 35.870605359749618 ], [ 139.371308586422174, 35.870518414193498 ], [ 139.372608858612011, 35.871203971885848 ], [ 139.373713864603246, 35.870265918737232 ], [ 139.374715253406293, 35.868361197811055 ], [ 139.375309974176048, 35.868868694234891 ], [ 139.378696082658166, 35.869887027164623 ], [ 139.379091115262781, 35.870750360141074 ], [ 139.380575005632068, 35.871103972670255 ], [ 139.389453359285199, 35.875701720657958 ], [ 139.387773359153243, 35.878155892280631 ], [ 139.38781613540641, 35.878709505039694 ], [ 139.387316419916942, 35.879540053230926 ], [ 139.387266718884007, 35.880366720847519 ], [ 139.389642826655177, 35.881247279438469 ], [ 139.388070610270461, 35.882423945208984 ], [ 139.396549559714458, 35.889221442115911 ], [ 139.399515667714013, 35.891938386647269 ], [ 139.400090946939713, 35.893120612925998 ], [ 139.401027885828285, 35.891810333080457 ], [ 139.401279558405008, 35.892294504687698 ], [ 139.400486252038945, 35.893587801735691 ], [ 139.401961245415237, 35.895198081026649 ], [ 139.401550972899145, 35.895669747560873 ], [ 139.398581505931816, 35.893471171357533 ], [ 139.398172891765626, 35.893461441592308 ], [ 139.39739791178431, 35.89850419841008 ], [ 139.395382086813925, 35.901453080795079 ], [ 139.39441041520854, 35.90137641359064 ], [ 139.39341933893138, 35.904360586272105 ], [ 139.393548781051436, 35.904788080805361 ], [ 139.394082671678007, 35.904928080966215 ], [ 139.39393350202954, 35.906087801710726 ], [ 139.392586834714734, 35.908246135051115 ], [ 139.389494059003709, 35.907948080839333 ], [ 139.381383476366409, 35.908463359996119 ], [ 139.381440972722771, 35.908741693874106 ], [ 139.384437664866368, 35.908515865115135 ], [ 139.383960999000919, 35.909570305825014 ], [ 139.38539822175062, 35.90994641399584 ], [ 139.38481654924442, 35.91037836017324 ], [ 139.384032387185016, 35.912779468197925 ], [ 139.384522943978709, 35.913343081418134 ], [ 139.384436834792155, 35.913688639619068 ], [ 139.383778222587011, 35.913775026696158 ], [ 139.382985160836597, 35.91485780234575 ], [ 139.383590725631507, 35.915217505083831 ], [ 139.383335746247781, 35.915968612561471 ], [ 139.384163255629801, 35.916421387037417 ], [ 139.384605472964267, 35.9161908368377 ], [ 139.385306860523315, 35.916541387175357 ], [ 139.383373527666208, 35.917608612647427 ], [ 139.382098807014358, 35.91793610796509 ], [ 139.381926030162276, 35.91820972130165 ], [ 139.382420752615758, 35.919435838093477 ], [ 139.3801851890953, 35.920102224937807 ], [ 139.377782386747867, 35.915548639957819 ], [ 139.377440168628937, 35.915686414296658 ], [ 139.379481855403355, 35.919925559417095 ] ] ] } },
{ "type": "Feature", "properties": { "regioncode": "1124300", "regionname": "埼玉県吉川市", "name": "吉川市", "namekana": "よしかわし", "PrefCode": "11" }, "geometry": { "type": "Polygon", "coordinates": [ [ [ 139.84929102516071, 35.9383484143479 ], [ 139.845103216939947, 35.935925945625968 ], [ 139.842986550089336, 35.936261224575901 ], [ 139.841890726176189, 35.937692892213249 ], [ 139.839773774240371, 35.93889094566066 ], [ 139.83855739350895, 35.93908594565994 ], [ 139.837187912192462, 35.938637891725364 ], [ 139.835020143165139, 35.938747332923128 ], [ 139.831651530094064, 35.940149838244508 ], [ 139.830721802868993, 35.940130946186287 ], [ 139.830252917937855, 35.93960789239037 ], [ 139.835790660710472, 35.934494558577057 ], [ 139.839666808876245, 35.933305946212499 ], [ 139.840151803363142, 35.934330387337582 ], [ 139.841375421838279, 35.933846224723538 ], [ 139.839497301959, 35.928861504754707 ], [ 139.839643968794235, 35.927774279259609 ], [ 139.838847587646114, 35.927618720827354 ], [ 139.838556200108656, 35.92794733310302 ], [ 139.83714396861933, 35.927033171343851 ], [ 139.836853385075756, 35.924495108262704 ], [ 139.837922283286844, 35.923370667022709 ], [ 139.836569780271248, 35.922585666795158 ], [ 139.836073358998419, 35.918751775074441 ], [ 139.836111945310108, 35.915347054223218 ], [ 139.840795031765424, 35.917989278582411 ], [ 139.843163917081142, 35.915325668344963 ], [ 139.842559728248943, 35.914861774651229 ], [ 139.843127223842316, 35.914199558862606 ], [ 139.842213332779124, 35.913639837908249 ], [ 139.842686108177418, 35.913178440732509 ], [ 139.842973606147098, 35.91334789189176 ], [ 139.843372503138539, 35.912930387027814 ], [ 139.845185279177372, 35.913335108028889 ], [ 139.84568639491124, 35.912672612551091 ], [ 139.846990856143179, 35.912716774659486 ], [ 139.847617496550242, 35.911973440921599 ], [ 139.848221698872408, 35.91231900002191 ], [ 139.848631413808789, 35.911890946110304 ], [ 139.842285524957106, 35.908121224614888 ], [ 139.837277445098039, 35.906136802171716 ], [ 139.837785188835483, 35.90431319829554 ], [ 139.836449921326903, 35.903512639796531 ], [ 139.832255162246042, 35.903458747922912 ], [ 139.830924889572088, 35.902880134910333 ], [ 139.829484576751838, 35.901809027964305 ], [ 139.828340700263198, 35.899937639510483 ], [ 139.828468443563906, 35.89827958643383 ], [ 139.82944011696793, 35.89744930624056 ], [ 139.831955383134527, 35.896234305968505 ], [ 139.838635422286984, 35.893898468039936 ], [ 139.839815109779579, 35.892764585717089 ], [ 139.83998566800426, 35.891484586044839 ], [ 139.839740661202654, 35.89000236032075 ], [ 139.837989221625321, 35.886093504711539 ], [ 139.837959492736445, 35.885329892160826 ], [ 139.838063385117152, 35.8841296128914 ], [ 139.839747807215645, 35.879266278915679 ], [ 139.840172217973532, 35.877082108052889 ], [ 139.839927173400383, 35.870003531637735 ], [ 139.838637691276517, 35.864276585895766 ], [ 139.839780999393724, 35.859430467642028 ], [ 139.863709170242032, 35.864622386913652 ], [ 139.86238111529633, 35.865824613215352 ], [ 139.8633980542769, 35.866027946332736 ], [ 139.863228054531191, 35.866832945683939 ], [ 139.865383358954887, 35.867137946259277 ], [ 139.86807891131275, 35.867053505315084 ], [ 139.872403358927954, 35.867623776216362 ], [ 139.873608663609048, 35.868060720825667 ], [ 139.87544005201687, 35.866630721430681 ], [ 139.877729779905508, 35.866134305553828 ], [ 139.878263943026582, 35.865712081047775 ], [ 139.886733696003375, 35.867340693018605 ], [ 139.887348975275017, 35.866518747742077 ], [ 139.889020078413978, 35.866830971672073 ], [ 139.889938975103632, 35.866475414808576 ], [ 139.889750919669268, 35.866169585957664 ], [ 139.891095914245057, 35.865616531677631 ], [ 139.891605083407967, 35.865470972807202 ], [ 139.891780635567898, 35.865755135191364 ], [ 139.892587860741287, 35.86542680170561 ], [ 139.89335396891056, 35.866625973010287 ], [ 139.893078690029597, 35.866763747349125 ], [ 139.893463968587298, 35.866916802068829 ], [ 139.893340116653121, 35.867267640189482 ], [ 139.893665940131086, 35.867387080949072 ], [ 139.894307886100137, 35.866885973309081 ], [ 139.893863138972733, 35.86602430587709 ], [ 139.894837587684606, 35.865654585590732 ], [ 139.895043968604341, 35.866162081115192 ], [ 139.899209273988845, 35.866856505223609 ], [ 139.897004059889468, 35.872795666686727 ], [ 139.89446269809514, 35.877545107820538 ], [ 139.893051919910249, 35.885424838085839 ], [ 139.889919727813208, 35.892560946830258 ], [ 139.885285058158956, 35.899230667161589 ], [ 139.883133385197652, 35.901851775439127 ], [ 139.880230362841075, 35.904605108339126 ], [ 139.876502048830503, 35.911035358994695 ], [ 139.871754864095806, 35.915947866101192 ], [ 139.870591529875242, 35.918025360282229 ], [ 139.869260440616927, 35.922103414341166 ], [ 139.866378520852095, 35.927080640259419 ], [ 139.863176031448802, 35.930644532119516 ], [ 139.860919663012055, 35.932493693828974 ], [ 139.84929102516071, 35.9383484143479 ] ] ] } },
{ "type": "Feature", "properties": { "regioncode": "1124500", "regionname": "埼玉県ふじみ野市", "name": "ふじみ野市", "namekana": "ふじみのし", "PrefCode": "11" }, "geometry": { "type": "Polygon", "coordinates": [ [ [ 139.547110078067703, 35.881090532102405 ], [ 139.545974811688325, 35.881411081056569 ], [ 139.544252581191699, 35.880560802638968 ], [ 139.543685913873901, 35.881032197577895 ], [ 139.543000635870726, 35.880693865429578 ], [ 139.542929495000294, 35.878266639293997 ], [ 139.542273943187979, 35.877713306224166 ], [ 139.53726894890292, 35.879680531831127 ], [ 139.532504228287621, 35.879795802434387 ], [ 139.527594500985515, 35.881437198268145 ], [ 139.525987003297587, 35.882623584810631 ], [ 139.524180895731774, 35.884580532065968 ], [ 139.523313942984146, 35.886772747364432 ], [ 139.52407588819176, 35.887827748351981 ], [ 139.524702022280621, 35.889633559141487 ], [ 139.526225914494376, 35.8903696668267 ], [ 139.526468690078104, 35.890933837626562 ], [ 139.524185357268493, 35.892251333632203 ], [ 139.523241479210924, 35.892118000145615 ], [ 139.522223410681931, 35.890986613441498 ], [ 139.520905357096581, 35.890946054017206 ], [ 139.520652581051877, 35.890495505363333 ], [ 139.518658663566498, 35.890491918867042 ], [ 139.516687561881554, 35.889283586168631 ], [ 139.516356160808186, 35.888118305815226 ], [ 139.51502228275217, 35.88876635997957 ], [ 139.514576445646526, 35.888555531912345 ], [ 139.514586977606996, 35.886258864854767 ], [ 139.515108638353013, 35.8853830268053 ], [ 139.513720310843723, 35.883858026626683 ], [ 139.515273086583761, 35.881724135060836 ], [ 139.513099442285466, 35.880992774896697 ], [ 139.513326666792295, 35.880322225090652 ], [ 139.509350272097436, 35.879135279169873 ], [ 139.509654722287678, 35.878729999689767 ], [ 139.508490804407188, 35.877347505183252 ], [ 139.50554941697203, 35.874781108061768 ], [ 139.503644941560879, 35.872626414277647 ], [ 139.503781607934911, 35.872410585979821 ], [ 139.502301608032894, 35.871377532946838 ], [ 139.498227108094625, 35.867231694287341 ], [ 139.502103775169189, 35.865100864913018 ], [ 139.501898223424291, 35.864865306388822 ], [ 139.497455720005519, 35.867309196961912 ], [ 139.49414099880812, 35.865345306041092 ], [ 139.495577950861843, 35.864391973410875 ], [ 139.494995447382053, 35.863878667366635 ], [ 139.493031245295811, 35.86230200023715 ], [ 139.491787911882739, 35.863506721258204 ], [ 139.489914865079072, 35.862098667119824 ], [ 139.489097055784555, 35.860091999046574 ], [ 139.48828427909632, 35.859499225309037 ], [ 139.486175668372425, 35.859286999695314 ], [ 139.482864811561853, 35.8575261711959 ], [ 139.480312865646283, 35.857603666675914 ], [ 139.479566743110809, 35.857306170043785 ], [ 139.479783138880862, 35.856704775405092 ], [ 139.478294252777573, 35.856282306283447 ], [ 139.477757587742531, 35.856188972842858 ], [ 139.477511193287, 35.856595360287713 ], [ 139.47478255397175, 35.855785640395027 ], [ 139.471103112718538, 35.855748135068438 ], [ 139.468335057916647, 35.85424925210134 ], [ 139.469643112839435, 35.854182865047221 ], [ 139.471870610340488, 35.85525480206752 ], [ 139.474358393225316, 35.855290080672717 ], [ 139.477104500972018, 35.851034801714775 ], [ 139.489238690013622, 35.855270333359272 ], [ 139.492168690232916, 35.852723667363421 ], [ 139.48500727636474, 35.849547305963426 ], [ 139.485513942714306, 35.84873397349412 ], [ 139.483973671148078, 35.848028693669335 ], [ 139.484497808626998, 35.847210919448401 ], [ 139.483951141332227, 35.84689646789775 ], [ 139.487097522932459, 35.842033694199699 ], [ 139.489096134878764, 35.84300980216068 ], [ 139.48913228312847, 35.846021747705549 ], [ 139.490796718693673, 35.849157585654098 ], [ 139.493467301374949, 35.849745082169875 ], [ 139.501597587258857, 35.849007278363274 ], [ 139.503125083955524, 35.849218108229138 ], [ 139.503414812243818, 35.849780332896103 ], [ 139.503948145290792, 35.848560052704329 ], [ 139.511033450433501, 35.851603387286559 ], [ 139.511443722050217, 35.851060613156847 ], [ 139.509642606621014, 35.849975612584501 ], [ 139.510457887021971, 35.848690332093213 ], [ 139.510140920966819, 35.846198666835051 ], [ 139.510510363362641, 35.844330918836874 ], [ 139.513533164623936, 35.846459224713499 ], [ 139.514030660586627, 35.846474505993683 ], [ 139.516203165443812, 35.846023387169623 ], [ 139.517633994913012, 35.845178386873101 ], [ 139.518243995164312, 35.844415332801418 ], [ 139.519630659827158, 35.843869224884884 ], [ 139.521230389171137, 35.843336721012918 ], [ 139.522438999760084, 35.843530332458954 ], [ 139.523736225946095, 35.844318946162502 ], [ 139.524558468898249, 35.846879774681895 ], [ 139.525769584998443, 35.848287000544701 ], [ 139.527886524343671, 35.849527000170951 ], [ 139.527609636575562, 35.85527753243224 ], [ 139.530652697763799, 35.85738808119504 ], [ 139.531357418210291, 35.857586414081823 ], [ 139.531874383596005, 35.858318640293078 ], [ 139.533267716731757, 35.858891414007587 ], [ 139.533498003430168, 35.86037836027316 ], [ 139.534989974207974, 35.863088333260009 ], [ 139.533532477142217, 35.863711666860013 ], [ 139.530725227187531, 35.863067252251938 ], [ 139.525155187062296, 35.859603359607434 ], [ 139.51914267239647, 35.857634467556693 ], [ 139.516307393271632, 35.855855613046174 ], [ 139.51349374823792, 35.854852000219694 ], [ 139.51155319112695, 35.854851721429839 ], [ 139.511652361167648, 35.855947000353808 ], [ 139.513301284326872, 35.856375892433562 ], [ 139.514232944195101, 35.856213107948633 ], [ 139.514723774382787, 35.856752801900313 ], [ 139.518136004572966, 35.858138360397049 ], [ 139.518692139930408, 35.858712802353978 ], [ 139.518525745566762, 35.85899197260153 ], [ 139.51751988263652, 35.858560586701742 ], [ 139.517148223411823, 35.859110864774664 ], [ 139.518486860680127, 35.860288640308568 ], [ 139.517480752234974, 35.860798081965982 ], [ 139.518196304116259, 35.861445027266257 ], [ 139.517867690941216, 35.862773639791669 ], [ 139.518617418858867, 35.863690585851884 ], [ 139.522333280856287, 35.864504467807024 ], [ 139.532656938566902, 35.86785333266522 ], [ 139.540738884991583, 35.867802225092646 ], [ 139.541801673208738, 35.868302224767888 ], [ 139.541919195714399, 35.868907775173739 ], [ 139.549676135245477, 35.869438332912807 ], [ 139.551077003800742, 35.871799973290194 ], [ 139.550538949313136, 35.873444414228402 ], [ 139.549195330700059, 35.875268585576805 ], [ 139.549174254188529, 35.875849413619619 ], [ 139.549943696144737, 35.877418585799148 ], [ 139.549275913552606, 35.878306080861023 ], [ 139.549153410601434, 35.879516080902476 ], [ 139.547110078067703, 35.881090532102405 ] ] ] } },
{ "type": "Feature", "properties": { "regioncode": "1124600", "regionname": "埼玉県白岡市", "name": "白岡市", "namekana": "しらおかし", "PrefCode": "11" }, "geometry": { "type": "Polygon", "coordinates": [ [ [ 139.682511114996032, 36.040672026692732 ], [ 139.684468366222177, 36.043187306349182 ], [ 139.681231970579006, 36.044727586009344 ], [ 139.678320856122696, 36.044934531703348 ], [ 139.67819416323016, 36.044253413963929 ], [ 139.677361945897133, 36.044364251808815 ], [ 139.677821673031872, 36.043952865032736 ], [ 139.677614163462977, 36.043178973231079 ], [ 139.675902218512647, 36.043472000232669 ], [ 139.675474162802402, 36.042988945583431 ], [ 139.674629169700438, 36.042790333007531 ], [ 139.674407224214065, 36.042259775268462 ], [ 139.673662217737274, 36.042196721101845 ], [ 139.673440246170458, 36.04162644120737 ], [ 139.671760532022972, 36.041452280298529 ], [ 139.671237198537938, 36.041016720645189 ], [ 139.671711387670484, 36.044235333094207 ], [ 139.668632217802724, 36.044989775257989 ], [ 139.665596939347324, 36.046533946284626 ], [ 139.659326938887148, 36.048844505169825 ], [ 139.655921920360356, 36.046480612890036 ], [ 139.655819144038333, 36.045870892327855 ], [ 139.659904942159415, 36.041696440838109 ], [ 139.660689390203288, 36.040287000844444 ], [ 139.656747418858345, 36.038983667362402 ], [ 139.65438574610539, 36.039055054647122 ], [ 139.651796031361869, 36.03834866685753 ], [ 139.65145544731115, 36.03814283812153 ], [ 139.652073774385258, 36.0354289467885 ], [ 139.651851828898884, 36.034937836911695 ], [ 139.648586808734308, 36.034747838042335 ], [ 139.644421802824013, 36.036872838011107 ], [ 139.643858495373365, 36.039585613285453 ], [ 139.643181829278092, 36.040198666735137 ], [ 139.639134889963316, 36.040356414117298 ], [ 139.637835161863336, 36.041029467635894 ], [ 139.63511652390855, 36.041456972960987 ], [ 139.633962631670215, 36.042055306307418 ], [ 139.629851802718576, 36.042475026201544 ], [ 139.626824577692219, 36.043298360031315 ], [ 139.626095421766422, 36.043630864572776 ], [ 139.623824863826485, 36.046453640423238 ], [ 139.622350698725882, 36.044798639645535 ], [ 139.621220142995298, 36.045591693302072 ], [ 139.620166225690809, 36.044746386336726 ], [ 139.614149027355779, 36.049546107666799 ], [ 139.610533410988182, 36.046624999943845 ], [ 139.609741478786304, 36.047161666777527 ], [ 139.606426447322747, 36.045356945966319 ], [ 139.607715331397458, 36.042206946393492 ], [ 139.606936692974045, 36.041522774556427 ], [ 139.607258637676068, 36.039968891751016 ], [ 139.605835863434436, 36.039231107729506 ], [ 139.605553916979716, 36.039553054230112 ], [ 139.60471527938671, 36.039143865397136 ], [ 139.604888340424623, 36.037437468364544 ], [ 139.604658612205299, 36.037408027258721 ], [ 139.604581114926532, 36.038043586242566 ], [ 139.603980271572368, 36.038014414034024 ], [ 139.60396666662848, 36.037504693586811 ], [ 139.604268884701355, 36.037310252066504 ], [ 139.60424194640882, 36.03678691768215 ], [ 139.604871945783771, 36.036635532104185 ], [ 139.606882775919416, 36.036837775243157 ], [ 139.607278611618653, 36.036396108293843 ], [ 139.607429728299394, 36.035395558558207 ], [ 139.607930272064436, 36.034942224703968 ], [ 139.609120558966652, 36.034808332738407 ], [ 139.609737496588309, 36.03409861296069 ], [ 139.612088612199727, 36.032947225334226 ], [ 139.614404720801303, 36.03250527869568 ], [ 139.61583639383457, 36.031737504981947 ], [ 139.617838366547403, 36.031818891828436 ], [ 139.621478366233646, 36.03072000032779 ], [ 139.623626419423772, 36.028913640052508 ], [ 139.625888080370714, 36.027664468240687 ], [ 139.627166134809386, 36.028074196666921 ], [ 139.631536446050177, 36.031109747616824 ], [ 139.634493695727542, 36.031109748516144 ], [ 139.637240362852481, 36.032134197735104 ], [ 139.640817613242348, 36.032405864938767 ], [ 139.643141504576874, 36.031122278770226 ], [ 139.645142049166338, 36.030763666909763 ], [ 139.649595135806976, 36.031318107944401 ], [ 139.650269273907952, 36.030568387221365 ], [ 139.6507373278655, 36.028634504878539 ], [ 139.648951479327366, 36.026467558730928 ], [ 139.650313670739365, 36.020455892125767 ], [ 139.6494214137673, 36.014385891895472 ], [ 139.650466109423519, 36.010402279241873 ], [ 139.653771387739425, 36.011933946094814 ], [ 139.655518053715241, 36.009801999762544 ], [ 139.659769468286413, 36.011562026966033 ], [ 139.662038080093339, 36.012000918607555 ], [ 139.662298912265101, 36.010708135072434 ], [ 139.663027249807783, 36.010795079729178 ], [ 139.663516693240808, 36.010175640193665 ], [ 139.663071697900591, 36.009618135168864 ], [ 139.664441413940153, 36.008988134894537 ], [ 139.66477002621582, 36.00689564002181 ], [ 139.665650856401953, 36.00689564002181 ], [ 139.666575279425615, 36.005711467610183 ], [ 139.667716939085494, 36.004918413953703 ], [ 139.668271414294395, 36.005037864605811 ], [ 139.668063332756674, 36.004317864677773 ], [ 139.669162801622065, 36.004570639823214 ], [ 139.672762723920641, 36.001105559174277 ], [ 139.67351888468886, 36.001632026796642 ], [ 139.675768053153206, 35.999064000103601 ], [ 139.676552217910626, 35.999161775295761 ], [ 139.676358054280854, 35.999409837993653 ], [ 139.678620583972815, 36.001230108083064 ], [ 139.680145031967754, 36.00013761256082 ], [ 139.681084747063437, 36.000684558645503 ], [ 139.681729754324806, 36.000357891603471 ], [ 139.684861440103418, 36.003092890924222 ], [ 139.685160336980061, 36.002936225426538 ], [ 139.685729222025998, 36.003423999717882 ], [ 139.685946160986646, 36.003279557805399 ], [ 139.687039493777661, 36.004119278182202 ], [ 139.688707834199249, 36.002786505392976 ], [ 139.691249222074021, 35.998834557868577 ], [ 139.692943943208434, 35.999521225324315 ], [ 139.691978663984173, 36.001169000049345 ], [ 139.691375615492348, 36.000933170829228 ], [ 139.690782827365638, 36.00186094562622 ], [ 139.691925356669913, 36.002413721116397 ], [ 139.6925445273082, 36.001643440992041 ], [ 139.69401063628186, 36.002476775283014 ], [ 139.694744812223348, 36.001999837822325 ], [ 139.695626199989192, 36.002691504609288 ], [ 139.698159532636396, 35.999174837948487 ], [ 139.699335914221138, 35.998124559301004 ], [ 139.702418145381216, 35.998035108233694 ], [ 139.707857301773174, 35.995305414013671 ], [ 139.71377406022475, 36.004847918796486 ], [ 139.711269856618628, 36.005465387018035 ], [ 139.71060988283989, 36.007261774711196 ], [ 139.708216277859037, 36.009827053975414 ], [ 139.709069882868903, 36.010379279080496 ], [ 139.707556277999856, 36.011290108851483 ], [ 139.706922112965231, 36.010585107816553 ], [ 139.70538905306239, 36.011957332964585 ], [ 139.704715162274965, 36.013810108150039 ], [ 139.703803774025005, 36.014498999629154 ], [ 139.704398223199519, 36.015344838093881 ], [ 139.70541238687224, 36.014901504700731 ], [ 139.705816588964467, 36.015487332974089 ], [ 139.708249637310928, 36.015788441283576 ], [ 139.708742697817343, 36.017938999984892 ], [ 139.708370195028579, 36.019079279185462 ], [ 139.70970966327036, 36.01945150498301 ], [ 139.707887445249412, 36.021919838230019 ], [ 139.707023553793988, 36.021919838230019 ], [ 139.706286055756891, 36.023119837810327 ], [ 139.705945227090638, 36.0231431707208 ], [ 139.704491051221112, 36.025839839137291 ], [ 139.702557471050568, 36.026980360255493 ], [ 139.701352723949071, 36.026980080566318 ], [ 139.700591893900878, 36.027391747930892 ], [ 139.700298832725025, 36.027201749061533 ], [ 139.698463838935027, 36.027863134775885 ], [ 139.696422165650461, 36.027625640011308 ], [ 139.693394669028862, 36.028353973057449 ], [ 139.690711894238575, 36.02867091932751 ], [ 139.689919390067871, 36.028409532274168 ], [ 139.688999948388982, 36.028995640236644 ], [ 139.689673554091314, 36.02917786536625 ], [ 139.688429389704652, 36.02986646816305 ], [ 139.688405499214468, 36.030713973071443 ], [ 139.687730505858212, 36.031558413989671 ], [ 139.687952437854733, 36.03237397318037 ], [ 139.687730531938541, 36.033134251944205 ], [ 139.684836355313564, 36.034834531788249 ], [ 139.685826912681932, 36.035127585769544 ], [ 139.685058029204697, 36.035848414872476 ], [ 139.68620635463958, 36.037024532056535 ], [ 139.685358301144788, 36.037000918557624 ], [ 139.685619974182487, 36.037380918994245 ], [ 139.685398028696113, 36.037800639787747 ], [ 139.685762775731632, 36.038180640224425 ], [ 139.682511114996032, 36.040672026692732 ] ], [ [ 139.647563748068592, 36.034418946077551 ], [ 139.647727081139919, 36.033791170725976 ], [ 139.645834034313339, 36.03311450463076 ], [ 139.645327912053517, 36.03391366828123 ], [ 139.644822088368755, 36.033872838161017 ], [ 139.645066809186005, 36.034361721316429 ], [ 139.647563748068592, 36.034418946077551 ] ] ] } },
{ "type": "Feature", "properties": { "regioncode": "1130100", "regionname": "埼玉県伊奈町", "name": "伊奈町", "namekana": "いなまち", "PrefCode": "11" }, "geometry": { "type": "Polygon", "coordinates": [ [ [ 139.6422394422965, 35.969697865364253 ], [ 139.643200558558988, 35.972574532188958 ], [ 139.643475576636661, 35.975378135392702 ], [ 139.644408391234379, 35.976885080781926 ], [ 139.644194228480956, 35.980402585610875 ], [ 139.643066743935151, 35.984441467899501 ], [ 139.643136200375466, 35.98563894578075 ], [ 139.644615940373455, 35.988996441432676 ], [ 139.645295667760934, 35.988748667417099 ], [ 139.645772088111471, 35.990679775351396 ], [ 139.645509027419735, 35.992412838181963 ], [ 139.644809026615349, 35.993678946026591 ], [ 139.638229585626959, 35.997109775096078 ], [ 139.637026808940163, 35.998346171138962 ], [ 139.63648933901186, 36.001763386271307 ], [ 139.635076861108359, 36.006215332571571 ], [ 139.633597691280443, 36.007212802129175 ], [ 139.628506031128495, 36.008489468014602 ], [ 139.62228516243033, 36.00928336073855 ], [ 139.618852943908337, 36.011604170995724 ], [ 139.618097107795393, 36.012893055070492 ], [ 139.617285745740674, 36.015703892420731 ], [ 139.616367976800802, 36.017195279538555 ], [ 139.611646860714131, 36.021197775257178 ], [ 139.609940752363855, 36.02202583772231 ], [ 139.602675188009584, 36.024105802340955 ], [ 139.595617108043143, 36.027236360369784 ], [ 139.59413736714589, 36.02476941387738 ], [ 139.594656251684683, 36.024443864692671 ], [ 139.594387366983483, 36.023883026780311 ], [ 139.59607041491779, 36.023221080788289 ], [ 139.595138196570588, 36.021061359793975 ], [ 139.594507327551241, 36.020111081261462 ], [ 139.593605939762369, 36.019519694278529 ], [ 139.593337327555673, 36.018304694006474 ], [ 139.592390116610659, 36.017363027381862 ], [ 139.592207029930591, 36.016736081205238 ], [ 139.592565356705904, 36.015681081117066 ], [ 139.59209063607409, 36.013473586337 ], [ 139.592473113243614, 36.011414973422347 ], [ 139.590808364714348, 36.008662198102002 ], [ 139.591972529009126, 36.00837413535811 ], [ 139.594075032436876, 36.006488864969185 ], [ 139.59459922297583, 36.00674413483398 ], [ 139.59546116739898, 36.006073306238136 ], [ 139.596495887775063, 36.006760801969506 ], [ 139.597281996866741, 36.006073306238136 ], [ 139.603659494190424, 36.003631946357302 ], [ 139.605008664318461, 36.002593613404599 ], [ 139.604400336806179, 36.00137833344337 ], [ 139.603994474565411, 35.998981386581761 ], [ 139.603274747131991, 35.997763612800554 ], [ 139.604273086333933, 35.996852224550594 ], [ 139.605055837357099, 35.994634721215448 ], [ 139.60671500559306, 35.993459170604297 ], [ 139.608022502936251, 35.993003892415743 ], [ 139.608956939011591, 35.991460558657934 ], [ 139.612640000035981, 35.989090306372589 ], [ 139.613633332712197, 35.987511972799382 ], [ 139.613588612124772, 35.985579747907082 ], [ 139.614998301230685, 35.983668360306638 ], [ 139.616763021995894, 35.982347802109416 ], [ 139.617447198329614, 35.981198359716586 ], [ 139.618650531696744, 35.980132252101782 ], [ 139.619574968210259, 35.978268945855234 ], [ 139.620730246303879, 35.977180613294706 ], [ 139.623263307355842, 35.976159505057183 ], [ 139.624535525194347, 35.975048945752292 ], [ 139.62733247701226, 35.973460892306377 ], [ 139.6315305321084, 35.973155891731096 ], [ 139.633924968062843, 35.970682585233192 ], [ 139.635645253325833, 35.970698972679486 ], [ 139.638114720617978, 35.971589531731581 ], [ 139.64110861227266, 35.970698972679486 ], [ 139.6422394422965, 35.969697865364253 ] ] ] } },
{ "type": "Feature", "properties": { "regioncode": "1132400", "regionname": "埼玉県三芳町", "name": "三芳町", "namekana": "みよしまち", "PrefCode": "11" }, "geometry": { "type": "Polygon", "coordinates": [ [ [ 139.527805135698486, 35.849353666638478 ], [ 139.526087366738693, 35.848512278918577 ], [ 139.524995135617132, 35.847426441077459 ], [ 139.524127886093083, 35.845922279089962 ], [ 139.523541218752257, 35.84405810769556 ], [ 139.521557055313906, 35.843300053854477 ], [ 139.518243995164312, 35.844415332801418 ], [ 139.517633994913012, 35.845178386873101 ], [ 139.516069831057962, 35.846079774661916 ], [ 139.514030660586627, 35.846474505993683 ], [ 139.513533164623936, 35.846459224713499 ], [ 139.510510363362641, 35.844330918836874 ], [ 139.510140920966819, 35.846198666835051 ], [ 139.510457887021971, 35.848690332093213 ], [ 139.509642606621014, 35.849975612584501 ], [ 139.511443722050217, 35.851060613156847 ], [ 139.511033450433501, 35.851603387286559 ], [ 139.503948145290792, 35.848560052704329 ], [ 139.503414812243818, 35.849780332896103 ], [ 139.503125083955524, 35.849218108229138 ], [ 139.501597587258857, 35.849007278363274 ], [ 139.493467301374949, 35.849745082169875 ], [ 139.490796718693673, 35.849157585654098 ], [ 139.48913228312847, 35.846021747705549 ], [ 139.489096134878764, 35.84300980216068 ], [ 139.485857497225766, 35.841473693556168 ], [ 139.485014449357436, 35.840631197871517 ], [ 139.48409833966673, 35.840276468384388 ], [ 139.483015837411017, 35.841426468356872 ], [ 139.481867496687642, 35.840086775284476 ], [ 139.477898858645517, 35.83758399980178 ], [ 139.479958859214094, 35.835061774681208 ], [ 139.482446667279987, 35.838729837711867 ], [ 139.487681634400019, 35.833830946341152 ], [ 139.487848028763551, 35.832660946345641 ], [ 139.489786328576315, 35.830951225418744 ], [ 139.489526886756494, 35.830844838318683 ], [ 139.497262697615497, 35.822092612783877 ], [ 139.50230849504112, 35.815874585943448 ], [ 139.503163217008932, 35.814309306029713 ], [ 139.507924358322498, 35.815150973438733 ], [ 139.513014915905728, 35.816702053956703 ], [ 139.515146614924447, 35.817811775093389 ], [ 139.515520506266398, 35.817721225054527 ], [ 139.517006328379466, 35.819503999709866 ], [ 139.520606083404118, 35.822079559124404 ], [ 139.522239974395347, 35.821212612672014 ], [ 139.52903722398878, 35.824134559462379 ], [ 139.532266420558926, 35.825012613441402 ], [ 139.532850025708171, 35.82359955997174 ], [ 139.533375550841015, 35.82004289236562 ], [ 139.53395999955444, 35.820135107948943 ], [ 139.534544720762369, 35.819179559389227 ], [ 139.535293332621222, 35.819814279305604 ], [ 139.535214721082525, 35.820095946071092 ], [ 139.536902503048168, 35.820653720892551 ], [ 139.538882528705813, 35.821059279162455 ], [ 139.539948638119199, 35.82088205426345 ], [ 139.541729754424637, 35.821380107805794 ], [ 139.542821413577485, 35.821430666791912 ], [ 139.542351698572134, 35.82074594636839 ], [ 139.543380024768339, 35.821202612210811 ], [ 139.543812529424713, 35.820385945954683 ], [ 139.54781863772007, 35.819932333310589 ], [ 139.54931613483177, 35.819158999987906 ], [ 139.550115888437517, 35.820667892409347 ], [ 139.552463942756845, 35.819970387223634 ], [ 139.552717833960969, 35.820122612768444 ], [ 139.553467004298909, 35.821656467671914 ], [ 139.554217859966343, 35.82490230619652 ], [ 139.554700078246128, 35.825815081201085 ], [ 139.555312022831686, 35.825625918701235 ], [ 139.554915668223543, 35.827564802173924 ], [ 139.555286783358383, 35.82824313471292 ], [ 139.5538598308666, 35.828143972766156 ], [ 139.552704254198034, 35.827312306717658 ], [ 139.551851750857736, 35.82834564033908 ], [ 139.548793138592487, 35.828561197940985 ], [ 139.548094812325758, 35.830310640123969 ], [ 139.548916782783408, 35.832690359572496 ], [ 139.547127327963835, 35.832627025716704 ], [ 139.546911505061985, 35.83208174787444 ], [ 139.546086497593819, 35.832145080830855 ], [ 139.546975109613641, 35.833755360121813 ], [ 139.546296783369939, 35.834558693928614 ], [ 139.545255940409334, 35.834672585871203 ], [ 139.544976782752428, 35.835572837816244 ], [ 139.544062891689123, 35.836422278965074 ], [ 139.543209662595928, 35.836276224568167 ], [ 139.543542606905817, 35.835116467850753 ], [ 139.542895382815686, 35.834710639784248 ], [ 139.542349559084983, 35.834812026653765 ], [ 139.542298715913034, 35.835293693649078 ], [ 139.540483994640681, 35.835509252150302 ], [ 139.539781505412179, 35.837423387179626 ], [ 139.539225382645327, 35.837228946558696 ], [ 139.538293165197501, 35.838850333376229 ], [ 139.539532633324484, 35.839515612255752 ], [ 139.537759831251265, 35.83966394643403 ], [ 139.536823138776867, 35.83869419757923 ], [ 139.536243721770461, 35.838800892247434 ], [ 139.536406783246548, 35.83925005414676 ], [ 139.536091829874067, 35.839722666767727 ], [ 139.536365551129393, 35.840489918874709 ], [ 139.537458755317402, 35.840995333367971 ], [ 139.536658196818394, 35.841964774654684 ], [ 139.535278715040704, 35.841171441309029 ], [ 139.533764863757483, 35.842503946100294 ], [ 139.533315136184683, 35.842489774583498 ], [ 139.533274306064413, 35.842945053671315 ], [ 139.531928469723198, 35.843939225414999 ], [ 139.531595421991142, 35.843695054083526 ], [ 139.531896524005447, 35.84341922481741 ], [ 139.531388716416245, 35.843018387088932 ], [ 139.530372335015272, 35.843266721382122 ], [ 139.529053165371351, 35.842207838021352 ], [ 139.52869177730372, 35.842557837973914 ], [ 139.530914306050477, 35.844076170578887 ], [ 139.529963747828788, 35.84543366663047 ], [ 139.529283747946693, 35.845345333420426 ], [ 139.529276807878432, 35.847431720097859 ], [ 139.530757393239128, 35.84849200010575 ], [ 139.530740168524062, 35.848882558583284 ], [ 139.529726548941198, 35.849946720964454 ], [ 139.528658755097581, 35.848738107677605 ], [ 139.528177081806916, 35.848592837489491 ], [ 139.527380143079199, 35.848932559090372 ], [ 139.527805135698486, 35.849353666638478 ] ] ] } },
{ "type": "Feature", "properties": { "regioncode": "1132600", "regionname": "埼玉県毛呂山町", "name": "毛呂山町", "namekana": "もろやままち", "PrefCode": "11" }, "geometry": { "type": "Polygon", "coordinates": [ [ [ 139.32752619967448, 35.923097532125439 ], [ 139.324748443885596, 35.927520864696191 ], [ 139.323653995935274, 35.928243639932077 ], [ 139.327110972793207, 35.932183360273882 ], [ 139.327832361274545, 35.932327532389763 ], [ 139.327834864087777, 35.93350863991185 ], [ 139.327237082025817, 35.935010864759647 ], [ 139.328593476407832, 35.935141693634307 ], [ 139.33108041482933, 35.936065864847819 ], [ 139.33306958479352, 35.935675306370342 ], [ 139.33402652370512, 35.935944198266213 ], [ 139.335779299674982, 35.93448363990808 ], [ 139.335452086744453, 35.934346693844873 ], [ 139.337915161655474, 35.934497252046583 ], [ 139.341993501698767, 35.933716135091629 ], [ 139.342587949974018, 35.932877802368751 ], [ 139.343098495099525, 35.932683919327474 ], [ 139.34331766527805, 35.931268080657446 ], [ 139.345649339345641, 35.930183920051945 ], [ 139.347266834796642, 35.92997308119277 ], [ 139.348984332161308, 35.930242504587966 ], [ 139.349264616668734, 35.931274170866345 ], [ 139.348490169086062, 35.933754721403318 ], [ 139.348627107954712, 35.935015559220744 ], [ 139.351151582279726, 35.936291666627142 ], [ 139.353851025104746, 35.936894722313639 ], [ 139.3521346428995, 35.939228053831698 ], [ 139.34982158210039, 35.939792224631503 ], [ 139.349477691242555, 35.940327225021463 ], [ 139.348294086303099, 35.940119441159311 ], [ 139.347488248783748, 35.941048054124451 ], [ 139.350379390196736, 35.943676666345141 ], [ 139.351751335655649, 35.944051666551218 ], [ 139.35235717294529, 35.94497166670908 ], [ 139.354385499391356, 35.946405251701037 ], [ 139.355057173349905, 35.946668585786654 ], [ 139.355665771558165, 35.945719134630394 ], [ 139.355993281265, 35.945952197535917 ], [ 139.356141608248663, 35.946863306096759 ], [ 139.357417197645646, 35.946964972655394 ], [ 139.358898858595467, 35.94657136008027 ], [ 139.360135252839655, 35.947454693979012 ], [ 139.358013021883494, 35.95026302671738 ], [ 139.356884137093289, 35.94953719828311 ], [ 139.355888859183551, 35.951703585951805 ], [ 139.358990531887571, 35.952823026961198 ], [ 139.361266939917414, 35.954808864937206 ], [ 139.360398053627364, 35.955527747007977 ], [ 139.358739442071624, 35.958246639470872 ], [ 139.356893061065989, 35.956969693896326 ], [ 139.356537781193765, 35.957398026597673 ], [ 139.355583060909566, 35.957222197446526 ], [ 139.354813061373761, 35.959373586222057 ], [ 139.354171387899328, 35.95933941468229 ], [ 139.353892502736926, 35.960828585870615 ], [ 139.353255279107884, 35.96122719867634 ], [ 139.352754720953726, 35.963717747875819 ], [ 139.353135550565298, 35.964776639330466 ], [ 139.352675279340701, 35.964958027191244 ], [ 139.349687224286072, 35.963549134884715 ], [ 139.35047472103156, 35.966366918598453 ], [ 139.350340272385779, 35.966986893230569 ], [ 139.350872217778715, 35.967422441192753 ], [ 139.350407250294438, 35.969106613279621 ], [ 139.348884448958188, 35.968838000173605 ], [ 139.348632776381578, 35.967626359768758 ], [ 139.34799666701258, 35.966846919150044 ], [ 139.344908885236919, 35.967716918800818 ], [ 139.342883060704708, 35.967374413798211 ], [ 139.341744721341911, 35.965706918739386 ], [ 139.340186355415995, 35.964533864646171 ], [ 139.339390804342202, 35.962327747627512 ], [ 139.337917197720571, 35.96191830608501 ], [ 139.334429416384523, 35.961945801057936 ], [ 139.329948559578384, 35.962874692812875 ], [ 139.326580778380276, 35.962294441235542 ], [ 139.325992995880142, 35.962716946330033 ], [ 139.325128560334861, 35.964292504595448 ], [ 139.322138834339853, 35.964731945722747 ], [ 139.321646058019269, 35.964961108268596 ], [ 139.321372995967067, 35.965580278007451 ], [ 139.318521335691116, 35.964363891880168 ], [ 139.318160505203195, 35.963955278613241 ], [ 139.317412724317819, 35.96437250468739 ], [ 139.316105473388916, 35.963928890705802 ], [ 139.315378520802142, 35.962931946352285 ], [ 139.31684852024307, 35.959851666721079 ], [ 139.316073799266519, 35.959706386640505 ], [ 139.315862697805301, 35.959306387080176 ], [ 139.317448520932544, 35.957001946282844 ], [ 139.313528223249023, 35.956464170585036 ], [ 139.313444331790492, 35.9550905586824 ], [ 139.31232627843508, 35.95381333341868 ], [ 139.311894059763063, 35.952338054057975 ], [ 139.310409027254877, 35.95015725205559 ], [ 139.308385966339301, 35.950253639593825 ], [ 139.305392360668975, 35.949275865189065 ], [ 139.305124306041989, 35.948726413593192 ], [ 139.303825694000693, 35.947725864756933 ], [ 139.304057082368558, 35.946848639952805 ], [ 139.303546497672755, 35.945534198044868 ], [ 139.302749831439655, 35.946457252300434 ], [ 139.301577056136352, 35.946355027262769 ], [ 139.300254280210879, 35.944916972640215 ], [ 139.299421219313899, 35.944635305874726 ], [ 139.298797613219335, 35.945352252604437 ], [ 139.289588443052253, 35.94715308114985 ], [ 139.289088715871571, 35.947468639765987 ], [ 139.288429558677308, 35.948861972901796 ], [ 139.286496225820201, 35.948991693811649 ], [ 139.282815383423326, 35.95066613523403 ], [ 139.27818177676761, 35.950666694612323 ], [ 139.27568455279993, 35.951293639889627 ], [ 139.274137587579617, 35.948535865238057 ], [ 139.274987859702037, 35.94692030602738 ], [ 139.274404812132389, 35.94516391927948 ], [ 139.273178975029737, 35.945249198391821 ], [ 139.272011751241394, 35.944162532275072 ], [ 139.270901192835822, 35.943872278782692 ], [ 139.269762827392583, 35.941443387102709 ], [ 139.269156446013199, 35.940867559290496 ], [ 139.265185616323151, 35.94014422467626 ], [ 139.263927562806884, 35.937864505342702 ], [ 139.263022282752218, 35.937309774726373 ], [ 139.262790584118193, 35.935165054423749 ], [ 139.261217808355241, 35.933633667259983 ], [ 139.261293917080707, 35.932226721086352 ], [ 139.262101698934316, 35.930871440964268 ], [ 139.262582528660801, 35.93056589180253 ], [ 139.263808365763566, 35.930536171007532 ], [ 139.264407807974067, 35.929429504867812 ], [ 139.265479753987506, 35.929391171265593 ], [ 139.265077249815249, 35.926732278871611 ], [ 139.263585005643563, 35.92580425226447 ], [ 139.26326917003621, 35.924201198126866 ], [ 139.264598611736574, 35.92233036005814 ], [ 139.267224721143975, 35.921102027336758 ], [ 139.267188339969948, 35.920463694843704 ], [ 139.267892502836844, 35.919760360252496 ], [ 139.267002503163098, 35.917995359798056 ], [ 139.267534694970209, 35.916885919249808 ], [ 139.269087198215743, 35.915941197628229 ], [ 139.269445810975412, 35.91502730566566 ], [ 139.270373306083229, 35.914297585864972 ], [ 139.273462749806072, 35.912646197663946 ], [ 139.272025811242315, 35.911138693795749 ], [ 139.271835524589847, 35.909973694030782 ], [ 139.270503553995923, 35.90758453170082 ], [ 139.270488275413641, 35.90584897325158 ], [ 139.269901608072814, 35.904517026039969 ], [ 139.270488002919024, 35.901888440798928 ], [ 139.273854383872731, 35.901190666715934 ], [ 139.27596105116163, 35.902037026787411 ], [ 139.276793553579751, 35.902064251963736 ], [ 139.276475499344883, 35.901158170613144 ], [ 139.277189390178251, 35.900558721208085 ], [ 139.278157717204977, 35.900700081143896 ], [ 139.279728832819387, 35.900310639624365 ], [ 139.280819390302668, 35.900910640313839 ], [ 139.283774111985736, 35.901496467687878 ], [ 139.284434941019754, 35.9012659192868 ], [ 139.287833307261394, 35.903602305801826 ], [ 139.28882552477819, 35.902800919027243 ], [ 139.289853021799559, 35.902511748318602 ], [ 139.29252080399192, 35.903757305755107 ], [ 139.293614967756639, 35.903277306102837 ], [ 139.295692192141018, 35.904072027102416 ], [ 139.296216083205763, 35.905741747983313 ], [ 139.29797805384419, 35.906862865329003 ], [ 139.298837223858868, 35.90627425185528 ], [ 139.300941114940542, 35.905874801780726 ], [ 139.301581673255669, 35.906917026999224 ], [ 139.302595279348679, 35.90731091926358 ], [ 139.304337497277743, 35.907380918894319 ], [ 139.305318611764619, 35.907850359606471 ], [ 139.306360272208849, 35.909026198000674 ], [ 139.308616666725811, 35.908716440911064 ], [ 139.308965030811578, 35.910299225229096 ], [ 139.308567249878706, 35.91198505386717 ], [ 139.30915391632027, 35.913345891799509 ], [ 139.309021413807272, 35.914267838090325 ], [ 139.309364188606537, 35.915031440748464 ], [ 139.308375303977186, 35.915224775203285 ], [ 139.308225616319191, 35.917011999704073 ], [ 139.30861783404589, 35.917166720867499 ], [ 139.3091655769299, 35.915757000285396 ], [ 139.309789754093913, 35.915420053992364 ], [ 139.311248663994661, 35.916375332755479 ], [ 139.31376172502371, 35.91654589187948 ], [ 139.314590610368441, 35.91725810817519 ], [ 139.314281439636829, 35.917949506064929 ], [ 139.315231996959142, 35.91766227879117 ], [ 139.316736719224309, 35.917922838468257 ], [ 139.31650505746245, 35.918966170752242 ], [ 139.317997003958681, 35.919159505207062 ], [ 139.318040610285948, 35.920084504696206 ], [ 139.318578975039713, 35.920118946032574 ], [ 139.319030610074606, 35.919739504974245 ], [ 139.322259804846226, 35.919704774955449 ], [ 139.321876199926805, 35.92100366668592 ], [ 139.322108144975005, 35.921782000239148 ], [ 139.32129786030805, 35.922205613298445 ], [ 139.321355641749506, 35.922521171015262 ], [ 139.322953695656565, 35.922383667372401 ], [ 139.323642309245201, 35.922733946114761 ], [ 139.324003411328476, 35.922533107716788 ], [ 139.32440591370198, 35.922915611866074 ], [ 139.325392023023483, 35.922690053802967 ], [ 139.326118974710994, 35.923188080365662 ], [ 139.32752619967448, 35.923097532125439 ] ] ] } },
{ "type": "Feature", "properties": { "regioncode": "1132700", "regionname": "埼玉県越生町", "name": "越生町", "namekana": "おごせまち", "PrefCode": "11" }, "geometry": { "type": "Polygon", "coordinates": [ [ [ 139.288788833338003, 35.991173307102486 ], [ 139.286800777633857, 35.990855802353451 ], [ 139.285826328921985, 35.991724973728594 ], [ 139.284489105387934, 35.992104692677458 ], [ 139.282602995931597, 35.991796360113995 ], [ 139.281762438285909, 35.993146639106158 ], [ 139.280292166350478, 35.993654134630674 ], [ 139.280050778420787, 35.993392198091499 ], [ 139.279837417862609, 35.989651918601226 ], [ 139.279112969887706, 35.988666640253314 ], [ 139.278675745589226, 35.988369694006224 ], [ 139.27674352789154, 35.988387198410521 ], [ 139.275712140403016, 35.987912198089532 ], [ 139.274678806781594, 35.988043026964192 ], [ 139.274591309941115, 35.986886917896982 ], [ 139.272931024747095, 35.985477468010799 ], [ 139.271714086435964, 35.984918586123911 ], [ 139.27013797688619, 35.984907467805442 ], [ 139.269271025037824, 35.984544135403553 ], [ 139.26904297045678, 35.985782467686761 ], [ 139.268074358345075, 35.985848864633454 ], [ 139.266729922248146, 35.985345801867311 ], [ 139.266253527978051, 35.986661359833931 ], [ 139.262149052736618, 35.986354135235217 ], [ 139.260894643273218, 35.986822199085282 ], [ 139.25985961083245, 35.986444973057132 ], [ 139.259494332297663, 35.985341918594713 ], [ 139.258669339218727, 35.985170802790378 ], [ 139.257453501677787, 35.985473865326696 ], [ 139.25558988246712, 35.984691359818441 ], [ 139.252011555588865, 35.986009134613937 ], [ 139.250785720284853, 35.982712198409274 ], [ 139.249429053408107, 35.982698305682334 ], [ 139.246808780600759, 35.981841640279526 ], [ 139.246010440729265, 35.980291639847337 ], [ 139.246268494895162, 35.979612747030728 ], [ 139.245459585291655, 35.978594135311141 ], [ 139.244119299566137, 35.978861639553088 ], [ 139.243069857288106, 35.978516639831128 ], [ 139.242005694007617, 35.977604694001457 ], [ 139.239905965887715, 35.976868865106098 ], [ 139.23850180311581, 35.976808865037128 ], [ 139.237744034359707, 35.975949972912986 ], [ 139.235491530309901, 35.974902748363206 ], [ 139.235090414690944, 35.97444386479259 ], [ 139.230590700000903, 35.974528305736783 ], [ 139.229577326832214, 35.973055531887326 ], [ 139.228169831172863, 35.97249053191257 ], [ 139.226555382624838, 35.971311919109837 ], [ 139.225373450424513, 35.96974441427335 ], [ 139.224591219209515, 35.969509414228128 ], [ 139.223895110670924, 35.968256639732203 ], [ 139.222801505385178, 35.968033305692529 ], [ 139.222077055611635, 35.966798306296823 ], [ 139.220476471911752, 35.966117197550659 ], [ 139.220108689664357, 35.963383612863481 ], [ 139.218640077877353, 35.961431108259092 ], [ 139.219287301967483, 35.95893944120229 ], [ 139.216744501257836, 35.958506108270342 ], [ 139.214770609875814, 35.957227775041815 ], [ 139.21367477337219, 35.957067505061389 ], [ 139.212671996915219, 35.956286945686031 ], [ 139.212534772961476, 35.955202505391355 ], [ 139.213039494077407, 35.954484171007721 ], [ 139.214336445970275, 35.953667504751593 ], [ 139.214809493863072, 35.952733639745702 ], [ 139.216931167239636, 35.951941972843827 ], [ 139.218138910882089, 35.949160585592608 ], [ 139.219435031801368, 35.949160585592608 ], [ 139.220564189086076, 35.948778918712208 ], [ 139.22221780760583, 35.946778640322066 ], [ 139.221994746960036, 35.945993079816844 ], [ 139.223626977802837, 35.946165585973063 ], [ 139.228122802025723, 35.94565280153563 ], [ 139.228728638415987, 35.943722252080306 ], [ 139.229840025996509, 35.942873080728134 ], [ 139.231368366257129, 35.942425332563118 ], [ 139.231785032053608, 35.941045613364395 ], [ 139.235040855750981, 35.939979774646929 ], [ 139.233813646282783, 35.936970054024812 ], [ 139.235360558443062, 35.934956170690782 ], [ 139.236635005701032, 35.934462558900009 ], [ 139.237092218331327, 35.932207278643034 ], [ 139.236866666563515, 35.93024255944664 ], [ 139.238801945553405, 35.930117559078155 ], [ 139.241355005729019, 35.928942278263605 ], [ 139.242381946070054, 35.92877980224614 ], [ 139.245311672895468, 35.926690359672421 ], [ 139.248079727697359, 35.925458694063536 ], [ 139.247479727907148, 35.923855081446902 ], [ 139.247657470815739, 35.922983972932059 ], [ 139.250723605909798, 35.92278869414298 ], [ 139.253359728368878, 35.922103134651991 ], [ 139.253845837115705, 35.92270230616657 ], [ 139.255093332591287, 35.92323564011275 ], [ 139.254720558207282, 35.923824251787835 ], [ 139.254610000051571, 35.925009251575773 ], [ 139.255150272267315, 35.924583693282898 ], [ 139.257201946013083, 35.924433135081188 ], [ 139.260125006164117, 35.923218694187426 ], [ 139.262008885301839, 35.923259251813079 ], [ 139.262408884862225, 35.924068693815229 ], [ 139.263423061125422, 35.924406468383836 ], [ 139.263585005643563, 35.92580425226447 ], [ 139.265077249815249, 35.926732278871611 ], [ 139.265479753987506, 35.929391171265593 ], [ 139.264407807974067, 35.929429504867812 ], [ 139.263808365763566, 35.930536171007532 ], [ 139.262582528660801, 35.93056589180253 ], [ 139.262101698934316, 35.930871440964268 ], [ 139.261293917080707, 35.932226721086352 ], [ 139.261239196032079, 35.933753108019573 ], [ 139.262790584118193, 35.935165054423749 ], [ 139.263022282752218, 35.937309774726373 ], [ 139.263927562806884, 35.937864505342702 ], [ 139.265185616323151, 35.94014422467626 ], [ 139.269156446013199, 35.940867559290496 ], [ 139.269762827392583, 35.941443387102709 ], [ 139.270901192835822, 35.943872278782692 ], [ 139.272011751241394, 35.944162532275072 ], [ 139.273178975029737, 35.945249198391821 ], [ 139.274404812132389, 35.94516391927948 ], [ 139.274987859702037, 35.94692030602738 ], [ 139.274137587579617, 35.948535865238057 ], [ 139.275616225908152, 35.951259468349861 ], [ 139.27818177676761, 35.950666694612323 ], [ 139.282815383423326, 35.95066613523403 ], [ 139.286496225820201, 35.948991693811649 ], [ 139.288429558677308, 35.948861972901796 ], [ 139.289088715871571, 35.947468639765987 ], [ 139.289588443052253, 35.94715308114985 ], [ 139.298797613219335, 35.945352252604437 ], [ 139.299421219313899, 35.944635305874726 ], [ 139.300254280210879, 35.944916972640215 ], [ 139.301577056136352, 35.946355027262769 ], [ 139.302749831439655, 35.946457252300434 ], [ 139.303546497672755, 35.945534198044868 ], [ 139.304057082368558, 35.946848639952805 ], [ 139.303825694000693, 35.947725864756933 ], [ 139.305124306041989, 35.948726413593192 ], [ 139.305392360668975, 35.949275865189065 ], [ 139.308385966339301, 35.950253639593825 ], [ 139.310409027254877, 35.95015725205559 ], [ 139.311894059763063, 35.952338054057975 ], [ 139.31232627843508, 35.95381333341868 ], [ 139.313444331790492, 35.9550905586824 ], [ 139.313528223249023, 35.956464170585036 ], [ 139.317448520932544, 35.957001946282844 ], [ 139.315862697805301, 35.959306387080176 ], [ 139.316073799266519, 35.959706386640505 ], [ 139.31684852024307, 35.959851666721079 ], [ 139.315378520802142, 35.962931946352285 ], [ 139.315954916086525, 35.963802505381352 ], [ 139.317412724317819, 35.96437250468739 ], [ 139.318160505203195, 35.963955278613241 ], [ 139.318521335691116, 35.964363891880168 ], [ 139.321372995967067, 35.965580278007451 ], [ 139.32006577201787, 35.96623638739942 ], [ 139.317602438102085, 35.968512504948194 ], [ 139.317028560020049, 35.969263586345505 ], [ 139.316967717286389, 35.970077198503986 ], [ 139.31594632935969, 35.970150252232429 ], [ 139.314637716857192, 35.971441080641398 ], [ 139.313899663039138, 35.971559134646384 ], [ 139.312866056923099, 35.972288027070817 ], [ 139.312385773084998, 35.974160251894148 ], [ 139.310449104642544, 35.974984693688725 ], [ 139.309173281421863, 35.976200532128928 ], [ 139.308311336099337, 35.979200801775619 ], [ 139.306241050883841, 35.980113306084263 ], [ 139.305895227382848, 35.981306918679422 ], [ 139.30162357986444, 35.985052468196898 ], [ 139.299941050838925, 35.985619134615433 ], [ 139.298527716780768, 35.985658864864774 ], [ 139.296830220338506, 35.987101080650405 ], [ 139.294414111622018, 35.987444973306935 ], [ 139.291914669026824, 35.989311919109809 ], [ 139.288788833338003, 35.991173307102486 ] ] ] } },
{ "type": "Feature", "properties": { "regioncode": "1134100", "regionname": "埼玉県滑川町", "name": "滑川町", "namekana": "なめがわまち", "PrefCode": "11" }, "geometry": { "type": "Polygon", "coordinates": [ [ [ 139.387150051633625, 36.101768108411534 ], [ 139.385990894764063, 36.101264532132518 ], [ 139.383486419562701, 36.097828972629031 ], [ 139.381945305331669, 36.096829801554122 ], [ 139.381537496958003, 36.0957561980901 ], [ 139.379851672816471, 36.096496198041166 ], [ 139.377576939324399, 36.098324251762847 ], [ 139.375863060831648, 36.099253972692736 ], [ 139.375201388233563, 36.10062591905097 ], [ 139.370812775789091, 36.099416197799314 ], [ 139.358352749779669, 36.100483720947011 ], [ 139.351311892729768, 36.103334278654074 ], [ 139.349043839401702, 36.103753171171945 ], [ 139.347921335301407, 36.103504279299102 ], [ 139.345052437719914, 36.104025386962064 ], [ 139.344920777871721, 36.103469559172879 ], [ 139.343888832803486, 36.103617054283689 ], [ 139.343990752071591, 36.101510108204991 ], [ 139.345124941962581, 36.101804558833351 ], [ 139.344704642904958, 36.100208999645645 ], [ 139.343321581825649, 36.099744559164151 ], [ 139.343400751843319, 36.097886774754897 ], [ 139.342436861172246, 36.097354558665984 ], [ 139.342198807029376, 36.096788440833905 ], [ 139.342184332441093, 36.095081225418255 ], [ 139.342797108000241, 36.093076224688048 ], [ 139.342229610608115, 36.089985387016043 ], [ 139.340302113451799, 36.090155385862431 ], [ 139.339372087651782, 36.089237892115079 ], [ 139.336231244976034, 36.088705667032968 ], [ 139.335301245256346, 36.088671505385719 ], [ 139.335414577820529, 36.089305945612978 ], [ 139.334938470434167, 36.091390108266921 ], [ 139.334600142782392, 36.091745107550707 ], [ 139.333783475627001, 36.091654278722046 ], [ 139.331708469870023, 36.090589585740815 ], [ 139.330687912017538, 36.090804864552922 ], [ 139.33020041471741, 36.092073468016167 ], [ 139.330925965261144, 36.093455386956578 ], [ 139.331334059619167, 36.095865945956689 ], [ 139.32985988282735, 36.097145666839083 ], [ 139.328102112922238, 36.097372332866939 ], [ 139.327235719552846, 36.099057891708412 ], [ 139.326396549561196, 36.099114558889823 ], [ 139.325738780920119, 36.098616224759041 ], [ 139.325215162349878, 36.097329278723294 ], [ 139.323083475921749, 36.095403467795848 ], [ 139.321842049071392, 36.091406251997 ], [ 139.320912606931302, 36.090556801854973 ], [ 139.32317871592511, 36.086437918575143 ], [ 139.326930661420988, 36.085233747939185 ], [ 139.328999273897466, 36.083942360151866 ], [ 139.330153721916759, 36.082266801771539 ], [ 139.331423166246168, 36.081783196737206 ], [ 139.331407055791033, 36.080630134573084 ], [ 139.331034254427323, 36.078950693819536 ], [ 139.330132309058854, 36.078187360058678 ], [ 139.32922619982935, 36.078682918881668 ], [ 139.32932869106628, 36.077971801557453 ], [ 139.330047029946513, 36.077711251772882 ], [ 139.329211192842308, 36.076294027247627 ], [ 139.329074253973658, 36.075168747839484 ], [ 139.326876444892036, 36.073618467718177 ], [ 139.3273672759791, 36.07243846816084 ], [ 139.325861440353265, 36.070817918612079 ], [ 139.324614773153371, 36.070075973427492 ], [ 139.324355888013883, 36.069074027044792 ], [ 139.325326691773512, 36.068104027279105 ], [ 139.325965032360386, 36.066860693865976 ], [ 139.327882243071144, 36.065640134884347 ], [ 139.327628366256135, 36.064478198210338 ], [ 139.32843224415285, 36.064068747674639 ], [ 139.329550584391995, 36.062475972787979 ], [ 139.329367250398377, 36.062120135336045 ], [ 139.330149469022786, 36.061624305817134 ], [ 139.331281971785643, 36.063014865443733 ], [ 139.331456419578217, 36.064327640008628 ], [ 139.33368033687816, 36.066027080785204 ], [ 139.335160050795821, 36.066427919413002 ], [ 139.335132827418079, 36.066002360220807 ], [ 139.333800894595697, 36.065689585905716 ], [ 139.333033385282533, 36.064760972940576 ], [ 139.333815305332109, 36.064141251917306 ], [ 139.334723384976314, 36.063980972943625 ], [ 139.336769467636941, 36.062108748120295 ], [ 139.336472801978289, 36.061084864574866 ], [ 139.335291698952801, 36.061246531202528 ], [ 139.334447808419668, 36.060963467789861 ], [ 139.334064746690728, 36.059929027102953 ], [ 139.335376693879425, 36.058865693896735 ], [ 139.335543917417908, 36.057968467270996 ], [ 139.336789753644325, 36.05797930590029 ], [ 139.336041699364955, 36.056478198010495 ], [ 139.334394721439253, 36.055106802037358 ], [ 139.333640467233863, 36.05371055779608 ], [ 139.333671244732272, 36.053366505060239 ], [ 139.334171945878666, 36.053414721312379 ], [ 139.334448106095238, 36.053103504623095 ], [ 139.334306887353023, 36.052807973009578 ], [ 139.33467985688992, 36.052422775390824 ], [ 139.33793011738112, 36.051645558795542 ], [ 139.340460557808569, 36.052372252377609 ], [ 139.341610143193634, 36.05312719816169 ], [ 139.342813579982817, 36.053275639359299 ], [ 139.34281630402927, 36.05361080229676 ], [ 139.345879493843654, 36.053681107697003 ], [ 139.345670778283875, 36.053101559389518 ], [ 139.344053359275222, 36.052292081414464 ], [ 139.340999169875886, 36.048234306168354 ], [ 139.337697470861599, 36.046480414139864 ], [ 139.334531920212044, 36.045302667384249 ], [ 139.329843838922102, 36.044472387190979 ], [ 139.329589947717977, 36.042400720616797 ], [ 139.33008549934641, 36.04164822458597 ], [ 139.334288560069012, 36.040806558975589 ], [ 139.339816913020172, 36.04077377508969 ], [ 139.346330531728768, 36.039770413174097 ], [ 139.355113605808356, 36.037520413736161 ], [ 139.357242503438897, 36.041090694380102 ], [ 139.367947523159728, 36.036593720823589 ], [ 139.368555304783513, 36.036664839211028 ], [ 139.37064697767596, 36.039755387301341 ], [ 139.372226420113293, 36.039145108260186 ], [ 139.37450977900312, 36.042143170970633 ], [ 139.382323969375761, 36.041041774858058 ], [ 139.385751479047599, 36.040954531626369 ], [ 139.385121478773272, 36.042696468067618 ], [ 139.3853281447781, 36.042772585786281 ], [ 139.382551776643254, 36.048269531713572 ], [ 139.382214553359063, 36.048443413832558 ], [ 139.382073164644908, 36.049693135130155 ], [ 139.382725667755381, 36.0497364680636 ], [ 139.383107328340543, 36.049053414083858 ], [ 139.383411776732146, 36.049097026706477 ], [ 139.384240388683111, 36.051196747631877 ], [ 139.384838443239573, 36.05146841393622 ], [ 139.385817329206475, 36.051098973338981 ], [ 139.383758469877534, 36.054550639700324 ], [ 139.382627638954432, 36.054767863745951 ], [ 139.381996808605891, 36.055300080734185 ], [ 139.382355966354794, 36.056543135357458 ], [ 139.382040700018365, 36.056836468128552 ], [ 139.381005693657926, 36.061341468134287 ], [ 139.378144332395095, 36.064878134818116 ], [ 139.378480440519979, 36.065783973351756 ], [ 139.37804544743949, 36.066859531941873 ], [ 139.378773774190336, 36.069376198352927 ], [ 139.37798988282691, 36.071444801836208 ], [ 139.377022386773774, 36.072531198156298 ], [ 139.377947418638541, 36.073957864663782 ], [ 139.379013528051928, 36.076732026761704 ], [ 139.376782437759402, 36.081018972647541 ], [ 139.376532166326456, 36.083840359944702 ], [ 139.376999662704293, 36.084763972679241 ], [ 139.377653280974187, 36.084994801668813 ], [ 139.380423307090041, 36.087298414190514 ], [ 139.382050829981836, 36.091145080780905 ], [ 139.384339170216549, 36.093700080794122 ], [ 139.384108340327657, 36.094030640102005 ], [ 139.38439557659467, 36.095178134563298 ], [ 139.386550584242173, 36.09788397336672 ], [ 139.387017004131508, 36.099435080864339 ], [ 139.387150051633625, 36.101768108411534 ] ] ] } },
{ "type": "Feature", "properties": { "regioncode": "1134200", "regionname": "埼玉県嵐山町", "name": "嵐山町", "namekana": "らんざんまち", "PrefCode": "11" }, "geometry": { "type": "Polygon", "coordinates": [ [ [ 139.32317871592511, 36.086437918575143 ], [ 139.320084552560161, 36.091734865171929 ], [ 139.3184062260666, 36.0922220809843 ], [ 139.317306251782156, 36.093966252240818 ], [ 139.317757911998115, 36.094461251685459 ], [ 139.317678470385204, 36.094880413999931 ], [ 139.316476252177381, 36.095729865940598 ], [ 139.315376251812609, 36.097032333375523 ], [ 139.31460513621812, 36.097304279369041 ], [ 139.313659300336553, 36.098502332816452 ], [ 139.312729299717489, 36.098819279086513 ], [ 139.312060415455903, 36.100235386653821 ], [ 139.311050973223928, 36.101402053761831 ], [ 139.31057099875261, 36.10387817064111 ], [ 139.310979338625657, 36.104353721347195 ], [ 139.312135720187371, 36.104557612943552 ], [ 139.312181000153146, 36.10537317123493 ], [ 139.311682114737891, 36.105690387301593 ], [ 139.309232944245082, 36.105225945920722 ], [ 139.308310726358968, 36.105572612985725 ], [ 139.307177108436917, 36.106512613166615 ], [ 139.307029610628092, 36.107067612680225 ], [ 139.306213216866581, 36.107860386647587 ], [ 139.304183216782121, 36.108755107762079 ], [ 139.301615447295148, 36.110496224920894 ], [ 139.299971284247476, 36.110201505395196 ], [ 139.298508779756389, 36.109306775287507 ], [ 139.296220998900026, 36.109379559219349 ], [ 139.292410998568812, 36.107929558902072 ], [ 139.291605965942608, 36.107283720667226 ], [ 139.289205421792872, 36.10718844109374 ], [ 139.288173748319878, 36.106690107862221 ], [ 139.288763190968552, 36.106055946424817 ], [ 139.289093475983236, 36.103250387195658 ], [ 139.288787367443092, 36.102219837875282 ], [ 139.28899150455436, 36.101200666777402 ], [ 139.288175668372446, 36.098952612573044 ], [ 139.288965667931279, 36.098084559055224 ], [ 139.290700660706989, 36.097914838099371 ], [ 139.29120094726602, 36.098193440874638 ], [ 139.291229559196836, 36.098764558937319 ], [ 139.293031218715782, 36.099114558889823 ], [ 139.294401777420148, 36.098770387443494 ], [ 139.294330389236166, 36.098248721301502 ], [ 139.296539831048449, 36.098642054187508 ], [ 139.296697055924483, 36.098070386639108 ], [ 139.297190388925401, 36.098049000760852 ], [ 139.29734399492952, 36.09735983768644 ], [ 139.298016225568404, 36.097309838078615 ], [ 139.298266497900613, 36.096067054151263 ], [ 139.299088715671701, 36.096131504965058 ], [ 139.29944622496339, 36.09541708083367 ], [ 139.301026498374313, 36.095688468348214 ], [ 139.301685668159166, 36.093969306338465 ], [ 139.300627613073971, 36.093504864957595 ], [ 139.300790661060205, 36.092579027300303 ], [ 139.300147029761661, 36.092143197850362 ], [ 139.300168418337876, 36.091221801944641 ], [ 139.297342309600026, 36.089282081203123 ], [ 139.296201193130628, 36.089468197699205 ], [ 139.295021191774595, 36.090460972795711 ], [ 139.294335083697206, 36.090396531874489 ], [ 139.291660920814934, 36.08898930601174 ], [ 139.291664253702379, 36.088561800686591 ], [ 139.290692022718758, 36.088597359880282 ], [ 139.289969779881517, 36.088118747881936 ], [ 139.290489222000019, 36.086044865378312 ], [ 139.290032827752839, 36.085706532330676 ], [ 139.290876159806999, 36.085432918994059 ], [ 139.291300051656094, 36.084639305959229 ], [ 139.290295888444575, 36.084325695274686 ], [ 139.291152827241262, 36.082761532318898 ], [ 139.291727833972459, 36.082692081274558 ], [ 139.290825616109373, 36.081861532184007 ], [ 139.290789753844138, 36.081121532232999 ], [ 139.292325577363613, 36.07989986528662 ], [ 139.293546419631639, 36.077514026850906 ], [ 139.296206419990312, 36.076141800803498 ], [ 139.299410026351666, 36.072730693866504 ], [ 139.300765278594781, 36.071924865340293 ], [ 139.300584720808274, 36.071474305894526 ], [ 139.301475278960993, 36.070984305781167 ], [ 139.301797782141989, 36.069188749061595 ], [ 139.302598612236238, 36.067496802335597 ], [ 139.304452775974937, 36.066561252000213 ], [ 139.308045837345617, 36.062972360785864 ], [ 139.308485279372235, 36.062882081442979 ], [ 139.307818300773988, 36.062341251647524 ], [ 139.308061088948193, 36.062048775030974 ], [ 139.306594694889327, 36.061107666885391 ], [ 139.305328586145379, 36.059314333289876 ], [ 139.302159415724532, 36.05998017064843 ], [ 139.301345253180898, 36.059425171134819 ], [ 139.300335253369326, 36.059260170720336 ], [ 139.299320506036565, 36.057673225239228 ], [ 139.299256328616707, 36.056444891618526 ], [ 139.299710220050656, 36.055879612853914 ], [ 139.298709104641489, 36.055637386756018 ], [ 139.298004942674083, 36.054862666678787 ], [ 139.297500752158044, 36.051752667151902 ], [ 139.296037976971093, 36.050252107848564 ], [ 139.297511581794083, 36.049674612693252 ], [ 139.29966713443082, 36.049360720520895 ], [ 139.29887102487794, 36.048453774921825 ], [ 139.298037690586966, 36.048180441274383 ], [ 139.298348807451589, 36.047733505197186 ], [ 139.299119922146701, 36.047919893288508 ], [ 139.299779079341079, 36.046859332692122 ], [ 139.298534059699136, 36.045540720627798 ], [ 139.297439610849437, 36.045211279177238 ], [ 139.298645720423679, 36.043579053730411 ], [ 139.297794059748071, 36.042268225298415 ], [ 139.295727950984201, 36.041897107465616 ], [ 139.294986004900238, 36.04120572126709 ], [ 139.294395135926834, 36.039963504811965 ], [ 139.292770415322479, 36.038723251576869 ], [ 139.290834306258262, 36.037844080639843 ], [ 139.291226809969316, 36.035634081247906 ], [ 139.290001505265309, 36.034416586256498 ], [ 139.293130661251098, 36.033426305879345 ], [ 139.295594863911901, 36.033729080632611 ], [ 139.296238170555171, 36.03247158559526 ], [ 139.296982606861889, 36.03292574772513 ], [ 139.29783236097478, 36.034562414024265 ], [ 139.300662632674403, 36.03659574789549 ], [ 139.301100699637686, 36.037230198015266 ], [ 139.301012632626907, 36.037881305377994 ], [ 139.302324331602676, 36.038131585804081 ], [ 139.302815965784248, 36.037107694164831 ], [ 139.302547912056525, 36.036004081223439 ], [ 139.301380699959395, 36.035154360385491 ], [ 139.300697638785095, 36.034062134659848 ], [ 139.301289856741505, 36.032375748442064 ], [ 139.300706498006548, 36.029647973375347 ], [ 139.30084871589554, 36.028933251568333 ], [ 139.301997055719653, 36.028023531560791 ], [ 139.302759274321147, 36.027886586396903 ], [ 139.304048715975568, 36.025906585020948 ], [ 139.304332891849526, 36.024591305844126 ], [ 139.305726782564989, 36.023944359644531 ], [ 139.305088443776754, 36.022756305758946 ], [ 139.305243968934064, 36.021958801357641 ], [ 139.306421750763207, 36.021176586330455 ], [ 139.307237056345116, 36.02138269385631 ], [ 139.307341193341472, 36.020936586054631 ], [ 139.308853165041569, 36.02083130691932 ], [ 139.309784812319322, 36.017811027357084 ], [ 139.310806471841261, 36.017902973143748 ], [ 139.311682308991408, 36.016447134427779 ], [ 139.312947860155646, 36.015559919055079 ], [ 139.314782022972054, 36.015820198143672 ], [ 139.315251478972641, 36.014445748072887 ], [ 139.315969247682688, 36.014997413799676 ], [ 139.316472308650191, 36.01318408108051 ], [ 139.315634812296821, 36.013000196701796 ], [ 139.316601478275629, 36.00910272111372 ], [ 139.319079534093248, 36.010048558793983 ], [ 139.325308975129133, 36.010012693830788 ], [ 139.330925667585575, 36.008089080846446 ], [ 139.333007328325607, 36.008219918714303 ], [ 139.334565939766321, 36.00757213524588 ], [ 139.335547328546454, 36.006614359964772 ], [ 139.336999559182345, 36.006619918674346 ], [ 139.338480661653307, 36.007988532145077 ], [ 139.342723476007677, 36.009008532417909 ], [ 139.339007911685826, 36.012606585925255 ], [ 139.337742087127708, 36.014296305929804 ], [ 139.336675421033874, 36.014402693929242 ], [ 139.33754153021755, 36.01610546759332 ], [ 139.336799299048494, 36.016978801930236 ], [ 139.33667571960882, 36.018907134556684 ], [ 139.336159338782522, 36.019316306302528 ], [ 139.336827392070518, 36.019972386916152 ], [ 139.337192387318851, 36.022484613374274 ], [ 139.336935162327904, 36.023117108367899 ], [ 139.33768182895335, 36.024093225322133 ], [ 139.337857392804494, 36.024690721399736 ], [ 139.337542943951803, 36.024797387289652 ], [ 139.33787961055566, 36.025212386642409 ], [ 139.339221581610786, 36.025459333281674 ], [ 139.338923799893564, 36.025986559032503 ], [ 139.334667690861352, 36.029341000586783 ], [ 139.33398852105347, 36.029239891607745 ], [ 139.333803256215333, 36.028718504255608 ], [ 139.33321377399659, 36.028353776105916 ], [ 139.332663503118283, 36.028550170953679 ], [ 139.33280936416088, 36.029167106776583 ], [ 139.333606861367571, 36.029486838247067 ], [ 139.332644643435628, 36.030467387060298 ], [ 139.332835745773082, 36.030798505746475 ], [ 139.331869920660324, 36.031045170897983 ], [ 139.330177716728258, 36.037760720680751 ], [ 139.331142165878305, 36.041412666961037 ], [ 139.33008549934641, 36.04164822458597 ], [ 139.329589947717977, 36.042400720616797 ], [ 139.329518560433257, 36.043365999841058 ], [ 139.329843838922102, 36.044472387190979 ], [ 139.334531920212044, 36.045302667384249 ], [ 139.337697470861599, 36.046480414139864 ], [ 139.340999169875886, 36.048234306168354 ], [ 139.344053359275222, 36.052292081414464 ], [ 139.345670778283875, 36.053101559389518 ], [ 139.345879493843654, 36.053681107697003 ], [ 139.34281630402927, 36.05361080229676 ], [ 139.342813579982817, 36.053275639359299 ], [ 139.341610143193634, 36.05312719816169 ], [ 139.340460557808569, 36.052372252377609 ], [ 139.33793011738112, 36.051645558795542 ], [ 139.335003086723191, 36.05227091856807 ], [ 139.334306887353023, 36.052807973009578 ], [ 139.334448106095238, 36.053103504623095 ], [ 139.334171945878666, 36.053414721312379 ], [ 139.333671244732272, 36.053366505060239 ], [ 139.334238340127399, 36.054885972609611 ], [ 139.336041699364955, 36.056478198010495 ], [ 139.336789753644325, 36.05797930590029 ], [ 139.335543917417908, 36.057968467270996 ], [ 139.335376693879425, 36.058865693896735 ], [ 139.334064746690728, 36.059929027102953 ], [ 139.334447808419668, 36.060963467789861 ], [ 139.335291698952801, 36.061246531202528 ], [ 139.336472801978289, 36.061084864574866 ], [ 139.336731698808876, 36.062189586380384 ], [ 139.334723384976314, 36.063980972943625 ], [ 139.333815305332109, 36.064141251917306 ], [ 139.333033385282533, 36.064760972940576 ], [ 139.333800894595697, 36.065689585905716 ], [ 139.335132827418079, 36.066002360220807 ], [ 139.335160050795821, 36.066427919413002 ], [ 139.33368033687816, 36.066027080785204 ], [ 139.331456419578217, 36.064327640008628 ], [ 139.331281971785643, 36.063014865443733 ], [ 139.330149469022786, 36.061624305817134 ], [ 139.329367250398377, 36.062120135336045 ], [ 139.329550584391995, 36.062475972787979 ], [ 139.32843224415285, 36.064068747674639 ], [ 139.327628366256135, 36.064478198210338 ], [ 139.327882243071144, 36.065640134884347 ], [ 139.325965032360386, 36.066860693865976 ], [ 139.325326691773512, 36.068104027279105 ], [ 139.324355888013883, 36.069074027044792 ], [ 139.324614773153371, 36.070075973427492 ], [ 139.325861440353265, 36.070817918612079 ], [ 139.3273672759791, 36.07243846816084 ], [ 139.326876444892036, 36.073618467718177 ], [ 139.329074253973658, 36.075168747839484 ], [ 139.329211192842308, 36.076294027247627 ], [ 139.330047029946513, 36.077711251772882 ], [ 139.32932869106628, 36.077971801557453 ], [ 139.32922619982935, 36.078682918881668 ], [ 139.330132309058854, 36.078187360058678 ], [ 139.331098975037776, 36.079009865612875 ], [ 139.331423166246168, 36.081783196737206 ], [ 139.330153721916759, 36.082266801771539 ], [ 139.329220389309626, 36.083742919300335 ], [ 139.326930661420988, 36.085233747939185 ], [ 139.32317871592511, 36.086437918575143 ] ] ] } },
{ "type": "Feature", "properties": { "regioncode": "1134300", "regionname": "埼玉県小川町", "name": "小川町", "namekana": "おがわまち", "PrefCode": "11" }, "geometry": { "type": "Polygon", "coordinates": [ [ [ 139.296238170555171, 36.03247158559526 ], [ 139.295594863911901, 36.033729080632611 ], [ 139.293130661251098, 36.033426305879345 ], [ 139.290040116758064, 36.034314918798543 ], [ 139.291226809969316, 36.035634081247906 ], [ 139.290778470050441, 36.03770741426581 ], [ 139.294395135926834, 36.039963504811965 ], [ 139.294986004900238, 36.04120572126709 ], [ 139.295727950984201, 36.041897107465616 ], [ 139.297794059748071, 36.042268225298415 ], [ 139.298645720423679, 36.043579053730411 ], [ 139.297439610849437, 36.045211279177238 ], [ 139.298534059699136, 36.045540720627798 ], [ 139.299779079341079, 36.046859332692122 ], [ 139.299119922146701, 36.047919893288508 ], [ 139.298348807451589, 36.047733505197186 ], [ 139.298037690586966, 36.048180441274383 ], [ 139.29887102487794, 36.048453774921825 ], [ 139.29966713443082, 36.049360720520895 ], [ 139.297511581794083, 36.049674612693252 ], [ 139.296037976971093, 36.050252107848564 ], [ 139.297500752158044, 36.051752667151902 ], [ 139.298004942674083, 36.054862666678787 ], [ 139.298709104641489, 36.055637386756018 ], [ 139.299710220050656, 36.055879612853914 ], [ 139.299256328616707, 36.056444891618526 ], [ 139.299320506036565, 36.057673225239228 ], [ 139.300335253369326, 36.059260170720336 ], [ 139.301345253180898, 36.059425171134819 ], [ 139.302159415724532, 36.05998017064843 ], [ 139.305328586145379, 36.059314333289876 ], [ 139.306594694889327, 36.061107666885391 ], [ 139.308061088948193, 36.062048775030974 ], [ 139.307818300773988, 36.062341251647524 ], [ 139.308485279372235, 36.062882081442979 ], [ 139.308045837345617, 36.062972360785864 ], [ 139.304452775974937, 36.066561252000213 ], [ 139.302598612236238, 36.067496802335597 ], [ 139.301797782141989, 36.069188749061595 ], [ 139.301475278960993, 36.070984305781167 ], [ 139.300584720808274, 36.071474305894526 ], [ 139.300765278594781, 36.071924865340293 ], [ 139.299410026351666, 36.072730693866504 ], [ 139.296206419990312, 36.076141800803498 ], [ 139.293546419631639, 36.077514026850906 ], [ 139.292325577363613, 36.07989986528662 ], [ 139.290789753844138, 36.081121532232999 ], [ 139.290825616109373, 36.081861532184007 ], [ 139.291727833972459, 36.082692081274558 ], [ 139.291152827241262, 36.082761532318898 ], [ 139.290295888444575, 36.084325695274686 ], [ 139.291300051656094, 36.084639305959229 ], [ 139.290876159806999, 36.085432918994059 ], [ 139.290032827752839, 36.085706532330676 ], [ 139.290489222000019, 36.086044865378312 ], [ 139.289969779881517, 36.088118747881936 ], [ 139.290692022718758, 36.088597359880282 ], [ 139.291664253702379, 36.088561800686591 ], [ 139.291660920814934, 36.08898930601174 ], [ 139.294335083697206, 36.090396531874489 ], [ 139.295021191774595, 36.090460972795711 ], [ 139.296201193130628, 36.089468197699205 ], [ 139.297342309600026, 36.089282081203123 ], [ 139.300168418337876, 36.091221801944641 ], [ 139.300147029761661, 36.092143197850362 ], [ 139.300790661060205, 36.092579027300303 ], [ 139.300627613073971, 36.093504864957595 ], [ 139.301685668159166, 36.093969306338465 ], [ 139.301206497681733, 36.095404865342289 ], [ 139.300847885821327, 36.095788467563807 ], [ 139.29944622496339, 36.09541708083367 ], [ 139.299088715671701, 36.096131504965058 ], [ 139.298266497900613, 36.096067054151263 ], [ 139.298016225568404, 36.097309838078615 ], [ 139.29734399492952, 36.09735983768644 ], [ 139.297190388925401, 36.098049000760852 ], [ 139.296697055924483, 36.098070386639108 ], [ 139.296539831048449, 36.098642054187508 ], [ 139.294330389236166, 36.098248721301502 ], [ 139.294401777420148, 36.098770387443494 ], [ 139.293031218715782, 36.099114558889823 ], [ 139.291229559196836, 36.098764558937319 ], [ 139.29120094726602, 36.098193440874638 ], [ 139.290464552697017, 36.097857613338249 ], [ 139.288965667931279, 36.098084559055224 ], [ 139.288175668372446, 36.098952612573044 ], [ 139.287993995426632, 36.097158722297252 ], [ 139.288765110121744, 36.096716774759386 ], [ 139.288878443585418, 36.09591289236613 ], [ 139.287597029279596, 36.095437053876992 ], [ 139.287074811853131, 36.094056775299975 ], [ 139.286133411427841, 36.093818721157106 ], [ 139.286031751164501, 36.092482333093244 ], [ 139.285521479432759, 36.092255667065444 ], [ 139.285113138660449, 36.092652054049097 ], [ 139.284557587862423, 36.092584279341054 ], [ 139.284036199611023, 36.091383721281773 ], [ 139.283333139312958, 36.092708721230565 ], [ 139.282747028652466, 36.092852612757952 ], [ 139.281477030340739, 36.092320386776464 ], [ 139.281284254364891, 36.092818441218128 ], [ 139.280638145434182, 36.093113170636343 ], [ 139.280011751441293, 36.093043171005604 ], [ 139.278331192830365, 36.093722053929696 ], [ 139.277242865665812, 36.094299558977525 ], [ 139.276369804722776, 36.09604372124079 ], [ 139.27559841843231, 36.096553720477857 ], [ 139.272140078202142, 36.097516225293589 ], [ 139.270626199939215, 36.098769837957718 ], [ 139.269038690583216, 36.0970028922697 ], [ 139.266958975076705, 36.095736775431874 ], [ 139.264997587868493, 36.095215666869592 ], [ 139.263625331244157, 36.094423170792766 ], [ 139.262860894914411, 36.093420666830355 ], [ 139.262815615848012, 36.092378722200294 ], [ 139.260899221721729, 36.091800945557225 ], [ 139.260729221976021, 36.091585667644495 ], [ 139.261398392222077, 36.090147333332823 ], [ 139.26035533063407, 36.089626225669804 ], [ 139.25893530472058, 36.087239558958515 ], [ 139.257358910984976, 36.087126224595636 ], [ 139.257117809039755, 36.086170387353548 ], [ 139.25655752331113, 36.085652892267206 ], [ 139.255238080273216, 36.086216503688775 ], [ 139.254717522995406, 36.085335386618851 ], [ 139.253611971115674, 36.085122053939699 ], [ 139.253238054592657, 36.084098441090248 ], [ 139.252134162861353, 36.083560386602585 ], [ 139.250746393831037, 36.083697332665849 ], [ 139.249527496796645, 36.084247613436673 ], [ 139.247821388446368, 36.083038170974874 ], [ 139.246925006284073, 36.083533171318834 ], [ 139.246330001328602, 36.083377333197404 ], [ 139.245563062185624, 36.083953441598112 ], [ 139.244091945786749, 36.083398441185182 ], [ 139.24343333268223, 36.083642613415918 ], [ 139.243297223887794, 36.084324558531591 ], [ 139.242503891441515, 36.085181775218814 ], [ 139.243033605616461, 36.08584150528128 ], [ 139.242366394093892, 36.086559837866275 ], [ 139.241713605898212, 36.086347613151872 ], [ 139.241176394974673, 36.08665205434886 ], [ 139.240267496947467, 36.086111774938502 ], [ 139.237716393696701, 36.086382053588977 ], [ 139.237522218375716, 36.087100945552265 ], [ 139.236088054220431, 36.087665638858198 ], [ 139.235202218407721, 36.087605639688547 ], [ 139.234631673213244, 36.087215360000926 ], [ 139.232236667088614, 36.087144532094555 ], [ 139.227362775971415, 36.088026468446799 ], [ 139.227355836802531, 36.0857536936781 ], [ 139.226981387880755, 36.085553694347595 ], [ 139.225381672925892, 36.086817305674174 ], [ 139.22472583692786, 36.087730918846887 ], [ 139.224343333678007, 36.08864397264125 ], [ 139.224503891441486, 36.08938536114556 ], [ 139.22393416283137, 36.090432306006164 ], [ 139.223592218106432, 36.090510359965208 ], [ 139.222736666963669, 36.090232865154633 ], [ 139.22121027193657, 36.090730919596297 ], [ 139.219944449177092, 36.090017304854769 ], [ 139.219940000230849, 36.088933693735044 ], [ 139.219261673087772, 36.088397864170133 ], [ 139.218636939243424, 36.086858973063215 ], [ 139.217843061807912, 36.086559801893372 ], [ 139.213843060808699, 36.087062585869717 ], [ 139.212671388074114, 36.087691197590743 ], [ 139.21228778225543, 36.08848980186292 ], [ 139.211208054408303, 36.088581747649584 ], [ 139.210421672822008, 36.089332559250238 ], [ 139.208368339827075, 36.089254505291251 ], [ 139.208818884883726, 36.087791170726007 ], [ 139.210160558263169, 36.087222864843397 ], [ 139.210561634312057, 36.085012027283312 ], [ 139.208642192383309, 36.084011467655159 ], [ 139.208408301202212, 36.082490640330832 ], [ 139.207005811169324, 36.081819532045813 ], [ 139.206390246812475, 36.081115639874952 ], [ 139.205311336449086, 36.079128134555845 ], [ 139.206457445055094, 36.07769591923136 ], [ 139.205850776791976, 36.076572585956114 ], [ 139.202654668977857, 36.076913667331951 ], [ 139.201093526844829, 36.074015891620149 ], [ 139.198883256756972, 36.073522001039578 ], [ 139.198693256088973, 36.070743666986687 ], [ 139.198919637031736, 36.070231171231626 ], [ 139.197696005066632, 36.068694505047404 ], [ 139.199986550439007, 36.067873134437662 ], [ 139.200708494701303, 36.06723619679309 ], [ 139.202356005025649, 36.066913413922975 ], [ 139.202975447259178, 36.065587027219578 ], [ 139.205911555673765, 36.0656514681408 ], [ 139.205959610947389, 36.064969532018324 ], [ 139.206356835199813, 36.064580639984626 ], [ 139.20820710757198, 36.064461746912116 ], [ 139.210236005087609, 36.063583414143295 ], [ 139.211595162186995, 36.063984531560948 ], [ 139.212540168893725, 36.063278134778159 ], [ 139.214236005187558, 36.0629364679437 ], [ 139.215941555958125, 36.06114341403736 ], [ 139.218377664697528, 36.061066504915345 ], [ 139.219134616869155, 36.060670108039119 ], [ 139.219996277106588, 36.060882332753522 ], [ 139.221075162289026, 36.060135945817308 ], [ 139.223060440886684, 36.059817891582497 ], [ 139.224167664606057, 36.059198170559171 ], [ 139.225467665200654, 36.059110946213252 ], [ 139.225830169326969, 36.056517054118785 ], [ 139.226931802860463, 36.056043999930694 ], [ 139.227720143170131, 36.054522613228073 ], [ 139.229332632994669, 36.053832333195658 ], [ 139.229568196914784, 36.053284558835401 ], [ 139.232789299586557, 36.054729558922077 ], [ 139.234670700192737, 36.054917081058477 ], [ 139.236553190777158, 36.054179585719339 ], [ 139.23742486406627, 36.053102080996268 ], [ 139.238221531198747, 36.053070693757547 ], [ 139.238173748419854, 36.052355414370936 ], [ 139.238989027022058, 36.051256531863487 ], [ 139.238155422035106, 36.050359863716778 ], [ 139.237420972699738, 36.050424586125814 ], [ 139.237044306049938, 36.050088198311755 ], [ 139.236309585119329, 36.050476252177361 ], [ 139.235340415427913, 36.05023013471299 ], [ 139.232944305835076, 36.049295694141051 ], [ 139.232472606925285, 36.048367919344059 ], [ 139.227933164683918, 36.047339585953182 ], [ 139.225606498041543, 36.046226225260114 ], [ 139.223262049104392, 36.046462052681647 ], [ 139.220489001266515, 36.045546505067193 ], [ 139.220301219225917, 36.044491504979021 ], [ 139.219631777384734, 36.044125945855797 ], [ 139.217267029849609, 36.041467333150933 ], [ 139.212243695690063, 36.039538441146192 ], [ 139.210969532617924, 36.038380667433898 ], [ 139.209680894957387, 36.036033721079434 ], [ 139.207597003898627, 36.034997333360309 ], [ 139.205387276101987, 36.034684837835073 ], [ 139.203533113262665, 36.032805946337419 ], [ 139.201984746898574, 36.032161775445616 ], [ 139.201562528687759, 36.031383171196467 ], [ 139.199782801834886, 36.030291774645718 ], [ 139.199036135209553, 36.029315666684738 ], [ 139.196978638353585, 36.029472054291944 ], [ 139.194330026109924, 36.028561225420276 ], [ 139.193276693364737, 36.028967891654929 ], [ 139.191148365904382, 36.028840359694868 ], [ 139.189606419800498, 36.028124251133363 ], [ 139.18830642100454, 36.028108135282253 ], [ 139.18753749705786, 36.026976467989641 ], [ 139.186307223599556, 36.0262881349895 ], [ 139.185742775808535, 36.024924251952712 ], [ 139.185796666782835, 36.022206468353886 ], [ 139.186036109478891, 36.021423440339561 ], [ 139.188076354640089, 36.018866225296108 ], [ 139.187930803863537, 36.016931504785191 ], [ 139.189095810823119, 36.015162053585982 ], [ 139.190771362008832, 36.013640387194187 ], [ 139.190667472326027, 36.012631224651329 ], [ 139.189113281053096, 36.010913441302307 ], [ 139.190304942119496, 36.00767761313142 ], [ 139.190206887238105, 36.006095945771335 ], [ 139.192505498629885, 36.005907919115202 ], [ 139.193292166200536, 36.006339027124454 ], [ 139.195469663194444, 36.006560693821029 ], [ 139.199898003190356, 36.006287639862762 ], [ 139.202550219916816, 36.007614026566102 ], [ 139.204890778386812, 36.007378198245306 ], [ 139.206596886736975, 36.006302082075479 ], [ 139.209061608306683, 36.006883224880994 ], [ 139.210026886631567, 36.005305721382001 ], [ 139.211154382868585, 36.004900720691751 ], [ 139.213372995967006, 36.006087386923411 ], [ 139.213840804409642, 36.008429612736506 ], [ 139.215616354811004, 36.011553225301157 ], [ 139.219946354840431, 36.010704613327277 ], [ 139.220776641329053, 36.011130170720833 ], [ 139.223794695069159, 36.010871558975339 ], [ 139.225989689272751, 36.012953225111289 ], [ 139.226380272031975, 36.014594334061314 ], [ 139.227713891083226, 36.016495170815517 ], [ 139.228943891147765, 36.017518225185995 ], [ 139.229628884965109, 36.019044053640243 ], [ 139.233144449057136, 36.019847107757869 ], [ 139.234431970658989, 36.020482946430889 ], [ 139.234563358012679, 36.021370170796786 ], [ 139.235510310852192, 36.022293504741526 ], [ 139.235546135345885, 36.023049613349031 ], [ 139.238240584235655, 36.023544612793671 ], [ 139.240496977853354, 36.022628225212486 ], [ 139.242913086569729, 36.022793505316088 ], [ 139.242892802360984, 36.024450999913768 ], [ 139.243252801875315, 36.025352946181556 ], [ 139.244635031981261, 36.026166559239357 ], [ 139.243834772956461, 36.026954332976118 ], [ 139.243667833603695, 36.027719891659729 ], [ 139.244402282939063, 36.028487386583663 ], [ 139.244770336781698, 36.029785171248705 ], [ 139.246483385200122, 36.030495170715596 ], [ 139.249768144584323, 36.033327667338028 ], [ 139.251045057783244, 36.032179332909948 ], [ 139.252005615566759, 36.031964332887696 ], [ 139.25294868963033, 36.032501280309873 ], [ 139.255908146243996, 36.032604613312287 ], [ 139.257330077820939, 36.033585721503869 ], [ 139.25804092085184, 36.033677946979708 ], [ 139.260150636842468, 36.031872972559711 ], [ 139.261786743763309, 36.031809081124266 ], [ 139.263978145175315, 36.032478531958759 ], [ 139.26553758758962, 36.03248241433198 ], [ 139.267372581379618, 36.031621864757312 ], [ 139.267635642071241, 36.030975198246836 ], [ 139.268983968635325, 36.030671865014597 ], [ 139.270706744120957, 36.029169640166799 ], [ 139.271630920730445, 36.029356306148657 ], [ 139.272015084128839, 36.029997135159704 ], [ 139.273438417748821, 36.029963801788085 ], [ 139.27487341107917, 36.029294639635964 ], [ 139.275991478823698, 36.03004853231397 ], [ 139.276721193228582, 36.029430748430343 ], [ 139.27794063615147, 36.029598802043154 ], [ 139.279375642072296, 36.028833532041915 ], [ 139.28020924795851, 36.029106026621889 ], [ 139.280875356912247, 36.029771586089851 ], [ 139.282698417597999, 36.030025468300778 ], [ 139.285625084030471, 36.029226306448948 ], [ 139.287818418085635, 36.029260747785315 ], [ 139.289923165321852, 36.030644360149154 ], [ 139.293088444376281, 36.030926305704497 ], [ 139.296238170555171, 36.03247158559526 ] ] ] } },
{ "type": "Feature", "properties": { "regioncode": "1134600", "regionname": "埼玉県川島町", "name": "川島町", "namekana": "かわじままち", "PrefCode": "11" }, "geometry": { "type": "Polygon", "coordinates": [ [ [ 139.499639689420178, 36.013554504636716 ], [ 139.497309662910652, 36.013374532308887 ], [ 139.495075810800131, 36.016075360089872 ], [ 139.491656641440954, 36.01685980183845 ], [ 139.488540804414697, 36.018203171339337 ], [ 139.483142996152424, 36.019005666977989 ], [ 139.481528001716015, 36.019572918855147 ], [ 139.475289105208049, 36.019660440876692 ], [ 139.473412723718297, 36.019267386780541 ], [ 139.469884085282388, 36.017844892228027 ], [ 139.460137911935135, 36.012025505172971 ], [ 139.45835097341876, 36.011711613000614 ], [ 139.457081244903634, 36.011885505012117 ], [ 139.456814577930459, 36.010781332692375 ], [ 139.45634291679221, 36.01082855879099 ], [ 139.455885421774838, 36.010422441142794 ], [ 139.455313748830463, 36.010663558376564 ], [ 139.453788716276335, 36.008261360373524 ], [ 139.454868470203792, 36.00833746819967 ], [ 139.454638715004762, 36.004992197931642 ], [ 139.448420661184628, 36.004890559251976 ], [ 139.446210634813042, 36.003824440845335 ], [ 139.443755357024202, 36.005208054108436 ], [ 139.44220175120995, 36.00505500028811 ], [ 139.441935356731392, 36.004344170746947 ], [ 139.440715912909127, 36.003785838345834 ], [ 139.437995356700412, 36.003479467203704 ], [ 139.435782826616219, 36.004343359558447 ], [ 139.4353000516561, 36.003822802280581 ], [ 139.434868106378076, 36.004038639571604 ], [ 139.434538106448485, 36.003632532715244 ], [ 139.430710894891945, 36.005016413077044 ], [ 139.430262827467573, 36.005106134840275 ], [ 139.42998338472546, 36.004737802207842 ], [ 139.426411724521586, 36.00602199991539 ], [ 139.427135615816042, 36.007341999633638 ], [ 139.426005058286819, 36.007659224693498 ], [ 139.425418391845369, 36.006899505307956 ], [ 139.424364228126706, 36.007229224649052 ], [ 139.423678105660088, 36.006873666886293 ], [ 139.421542554845132, 36.007544774271992 ], [ 139.423958079901581, 36.005117279239073 ], [ 139.423970855670518, 36.003962279035989 ], [ 139.423145305011872, 36.003263945574702 ], [ 139.422772802223108, 36.002323107225664 ], [ 139.422911698915868, 36.001535053799728 ], [ 139.423882801250329, 36.000268386576806 ], [ 139.423612528895205, 35.999292837994119 ], [ 139.424211972004969, 35.998113946401531 ], [ 139.425612244309718, 35.997654224662767 ], [ 139.431174188737828, 35.998095334032485 ], [ 139.43259807993752, 35.997619505435864 ], [ 139.43379697784826, 35.995968108241641 ], [ 139.434459754813929, 35.994223386600083 ], [ 139.434738078799342, 35.992087837583711 ], [ 139.435564474820694, 35.990253666673425 ], [ 139.436462502742415, 35.989265054538691 ], [ 139.43700500617615, 35.987525612816853 ], [ 139.437509728191458, 35.987203946005366 ], [ 139.440896692828233, 35.987205053970115 ], [ 139.44176725005866, 35.986814224796717 ], [ 139.441546667045145, 35.985572558726631 ], [ 139.440158885424239, 35.984249225221618 ], [ 139.44067500634651, 35.983676721303709 ], [ 139.442933332607254, 35.98275672114579 ], [ 139.444799170445435, 35.980931440933318 ], [ 139.448348339504378, 35.979413108328345 ], [ 139.45045389073448, 35.979252278969568 ], [ 139.451801140810062, 35.980373945801034 ], [ 139.452791699077693, 35.980701720807815 ], [ 139.453561141033902, 35.980544198256212 ], [ 139.454366692568897, 35.979875305900691 ], [ 139.454789195864805, 35.978980612665168 ], [ 139.454258885439231, 35.977746440645774 ], [ 139.454738339203004, 35.976258945793745 ], [ 139.4556530612399, 35.976504774575744 ], [ 139.455861389191796, 35.976158108410004 ], [ 139.456410272416178, 35.9761897753379 ], [ 139.456756937682599, 35.975357837694105 ], [ 139.455850000177406, 35.97468394600736 ], [ 139.457471115399699, 35.972667000481749 ], [ 139.457925278428888, 35.972402278742209 ], [ 139.458606666864284, 35.972572559076411 ], [ 139.458593891095234, 35.974268107587136 ], [ 139.460328339781086, 35.973510053746054 ], [ 139.460410271616752, 35.972810613219281 ], [ 139.461255835788279, 35.972400891987604 ], [ 139.461489170289042, 35.971613387148125 ], [ 139.461268611557216, 35.970618108339067 ], [ 139.460265550914528, 35.96947089176831 ], [ 139.460296939052569, 35.968487838343094 ], [ 139.460863890556197, 35.967726721411111 ], [ 139.463172775803059, 35.966586170615358 ], [ 139.464223890819994, 35.963384801767234 ], [ 139.4623113619798, 35.961740359929706 ], [ 139.462992750415196, 35.961091197800613 ], [ 139.464342478122944, 35.960883413938461 ], [ 139.465345812159512, 35.961721747560659 ], [ 139.468291387737395, 35.960540360349398 ], [ 139.467698301035853, 35.96007397283563 ], [ 139.468266913587286, 35.959608694185931 ], [ 139.470278339973447, 35.959388134554843 ], [ 139.472409441842387, 35.960447865076958 ], [ 139.474981387780872, 35.960673387167162 ], [ 139.476498053942123, 35.96027894631635 ], [ 139.47839167273753, 35.959258386665283 ], [ 139.476529442080164, 35.957250640304835 ], [ 139.477485279322195, 35.956583972872124 ], [ 139.478561673382615, 35.956992586138995 ], [ 139.479470000340257, 35.956375919213372 ], [ 139.481814163293052, 35.956877278663512 ], [ 139.482778053964125, 35.956389775068089 ], [ 139.483203891046855, 35.956789774628476 ], [ 139.484480830326106, 35.955947558633 ], [ 139.485736667013612, 35.955921721110599 ], [ 139.486868638277087, 35.957338387156881 ], [ 139.486605576686088, 35.958430612882523 ], [ 139.489021698892316, 35.958530613896755 ], [ 139.489129195755822, 35.955788107934893 ], [ 139.491217249776355, 35.95480200041203 ], [ 139.493882529155485, 35.955086440686728 ], [ 139.495097808217338, 35.955569224640044 ], [ 139.495620855718016, 35.954872278832681 ], [ 139.498004188642426, 35.955042558267508 ], [ 139.498412529414736, 35.957025864651996 ], [ 139.499384227999826, 35.958153081199782 ], [ 139.500205614797324, 35.957382801974802 ], [ 139.501776161141038, 35.956773639891594 ], [ 139.502818105770984, 35.955522531839449 ], [ 139.504705057892124, 35.955416134846814 ], [ 139.504780337442639, 35.954833640360278 ], [ 139.513284772774114, 35.952481135296182 ], [ 139.513635331205592, 35.953051134602219 ], [ 139.516611167171732, 35.951978360313149 ], [ 139.516328949121771, 35.951358359600647 ], [ 139.521184227869867, 35.950046972689677 ], [ 139.523931725069133, 35.948367531936128 ], [ 139.525496200089606, 35.948912252198738 ], [ 139.525972309274721, 35.948736972533311 ], [ 139.526028689572399, 35.948179468407773 ], [ 139.526436200270496, 35.947972802402944 ], [ 139.526668145318695, 35.949688919308244 ], [ 139.525853139211108, 35.950026972666706 ], [ 139.526135083867075, 35.950671972733403 ], [ 139.531697587673648, 35.949306414259638 ], [ 139.531929532721847, 35.949857532299347 ], [ 139.533248715855621, 35.950154467754544 ], [ 139.533681218713355, 35.951175306195466 ], [ 139.534960116716093, 35.950937252052597 ], [ 139.535933165183451, 35.949235865143123 ], [ 139.535205914921107, 35.948810027161073 ], [ 139.536585109815064, 35.948133918645453 ], [ 139.538076497832208, 35.949684748252594 ], [ 139.54533486401283, 35.951107251798305 ], [ 139.545271802651655, 35.952591413762775 ], [ 139.54071124522784, 35.956528892094752 ], [ 139.540372917576178, 35.957868891835915 ], [ 139.540667393385547, 35.960104440967257 ], [ 139.539255161896222, 35.962163865070352 ], [ 139.536576277573204, 35.961963864840527 ], [ 139.535350415289486, 35.960867774728058 ], [ 139.534629585287234, 35.960742504562972 ], [ 139.533060973385318, 35.963006359855683 ], [ 139.531901245446193, 35.963113026644919 ], [ 139.529747638942467, 35.962315532136131 ], [ 139.52826124575995, 35.964229972934959 ], [ 139.524464863862477, 35.965893585620506 ], [ 139.523299026828681, 35.966745251692089 ], [ 139.522897638715108, 35.967856612292849 ], [ 139.52338041457449, 35.96840161314401 ], [ 139.527890169295915, 35.969953279120602 ], [ 139.528090998700691, 35.970798837896098 ], [ 139.527833773709744, 35.9716127207505 ], [ 139.526891284205476, 35.972103279342946 ], [ 139.524469338888935, 35.972111613360312 ], [ 139.523389339446567, 35.974337973218951 ], [ 139.5227123882662, 35.974695199224129 ], [ 139.520662387259449, 35.974889082265406 ], [ 139.52331627762419, 35.977153252320818 ], [ 139.52214905293647, 35.978083252040506 ], [ 139.52149072581642, 35.978502972834008 ], [ 139.518340726243537, 35.975919081200686 ], [ 139.514364890027764, 35.980457694267216 ], [ 139.513850726030228, 35.982392946277514 ], [ 139.51236961096879, 35.984186838351945 ], [ 139.512820998690245, 35.985007386981351 ], [ 139.514420726235585, 35.98541322494043 ], [ 139.513899921644111, 35.986871532295424 ], [ 139.514661025086298, 35.98721625232821 ], [ 139.512016860889503, 35.988813747756296 ], [ 139.511467134101053, 35.99011680244854 ], [ 139.511578807416072, 35.991674305924505 ], [ 139.510030752217517, 35.993171224772254 ], [ 139.508721854629925, 35.99556344119992 ], [ 139.507774642785648, 35.996016774154839 ], [ 139.505475187829688, 35.996367613174868 ], [ 139.50250880733563, 35.995869558733204 ], [ 139.501360725617019, 35.996369559307766 ], [ 139.501780752180025, 35.997971223992863 ], [ 139.502531025086796, 35.999211774903529 ], [ 139.500592412310084, 36.000912053848253 ], [ 139.500342411573115, 36.001713440622837 ], [ 139.501349922061308, 36.003187585938406 ], [ 139.503842438078095, 36.005351468095853 ], [ 139.504030219219317, 36.00662202578593 ], [ 139.503406887418009, 36.008481721254498 ], [ 139.504354423018299, 36.010068666735606 ], [ 139.504544422786921, 36.011778946141476 ], [ 139.504201919583011, 36.012245613344419 ], [ 139.499639689420178, 36.013554504636716 ] ] ] } },
{ "type": "Feature", "properties": { "regioncode": "1134700", "regionname": "埼玉県吉見町", "name": "吉見町", "namekana": "よしみまち", "PrefCode": "11" }, "geometry": { "type": "MultiPolygon", "coordinates": [ [ [ [ 139.425958690141556, 36.076858892324083 ], [ 139.427870921306067, 36.077840558994637 ], [ 139.427572308615254, 36.078150837691055 ], [ 139.428816199608036, 36.078952774850734 ], [ 139.428911749877443, 36.079573055252354 ], [ 139.429747885556594, 36.080241107641029 ], [ 139.433583995005392, 36.082213332579272 ], [ 139.43294455274895, 36.082595558838022 ], [ 139.429394837801624, 36.080634999905385 ], [ 139.427303696408558, 36.079009999611856 ], [ 139.427040920801915, 36.078329720040585 ], [ 139.425719805025096, 36.077252774695864 ], [ 139.425958690141556, 36.076858892324083 ] ] ], [ [ [ 139.494296445724444, 36.035066748431746 ], [ 139.491905886747304, 36.037121774850107 ], [ 139.491718145176378, 36.039341774703189 ], [ 139.489958144952539, 36.040471225166982 ], [ 139.489427029633816, 36.041433999779315 ], [ 139.489384254280026, 36.042964278978332 ], [ 139.491188171097292, 36.045545387209927 ], [ 139.491216783028221, 36.046846774559071 ], [ 139.490753475692372, 36.047786252233777 ], [ 139.488902088160899, 36.049766532399588 ], [ 139.485515137013977, 36.050670973386786 ], [ 139.483197082279617, 36.052923468443339 ], [ 139.482433190939105, 36.054116277943933 ], [ 139.482265136426918, 36.054723504686024 ], [ 139.483039611888671, 36.059058225256933 ], [ 139.477437912030041, 36.059923775062202 ], [ 139.47452513562655, 36.0598087742556 ], [ 139.472314306160342, 36.060725749094104 ], [ 139.471213190636263, 36.061866864664125 ], [ 139.469750142954808, 36.064752414092709 ], [ 139.46699405992797, 36.067508532193074 ], [ 139.46674822305215, 36.069384359700507 ], [ 139.466244060415079, 36.070236864839501 ], [ 139.462010725814366, 36.073304946066457 ], [ 139.459254331622219, 36.07448966706454 ], [ 139.457884059801586, 36.076156054158616 ], [ 139.456253527778131, 36.079675226330664 ], [ 139.453380752319958, 36.081139414352549 ], [ 139.451257418794853, 36.08335246784219 ], [ 139.450287690624464, 36.083894973074621 ], [ 139.449069078675052, 36.084050532406195 ], [ 139.44661988300129, 36.083588027265705 ], [ 139.445436549657074, 36.080541640384467 ], [ 139.443795965911136, 36.079725802403914 ], [ 139.44217569425291, 36.079556918716889 ], [ 139.436503164689384, 36.076341945824197 ], [ 139.434908171175266, 36.076509171161376 ], [ 139.432730363015935, 36.07542583793213 ], [ 139.432953410171763, 36.075113613102815 ], [ 139.430150921228119, 36.073505000255636 ], [ 139.428923671290477, 36.073961666997377 ], [ 139.428553968990514, 36.074632775282396 ], [ 139.427973943143002, 36.07434305418866 ], [ 139.427080052102838, 36.072277504803083 ], [ 139.425437834288687, 36.072488054080509 ], [ 139.425348663809814, 36.072287505264228 ], [ 139.425956718827592, 36.072042225068685 ], [ 139.425253941815981, 36.071808332988212 ], [ 139.423355577298139, 36.070156108417734 ], [ 139.421593359346161, 36.069643359953147 ], [ 139.418503061267302, 36.065576972799136 ], [ 139.416314136588198, 36.063874747721457 ], [ 139.417334136860973, 36.063738081347424 ], [ 139.417283579673494, 36.057886135237027 ], [ 139.418540531520421, 36.056874468082299 ], [ 139.418727173220532, 36.056091413987645 ], [ 139.416115498831232, 36.055805586059023 ], [ 139.416078274992515, 36.05554474759208 ], [ 139.413798560155442, 36.054821973255514 ], [ 139.414383281363371, 36.0541139190222 ], [ 139.41623771669731, 36.054671135364686 ], [ 139.417058832798944, 36.053291694056497 ], [ 139.419834111854811, 36.053527531370548 ], [ 139.419374112225569, 36.053080305711603 ], [ 139.417148003277816, 36.052831973217053 ], [ 139.416902166401883, 36.052445027316196 ], [ 139.42010435812972, 36.047920027287489 ], [ 139.420167691086135, 36.045886413727089 ], [ 139.419150194525969, 36.0444864139169 ], [ 139.41918795076333, 36.041103918910778 ], [ 139.419468222680393, 36.039628081071157 ], [ 139.42053488967349, 36.039551973245011 ], [ 139.420890726226048, 36.038841134710651 ], [ 139.420750998559811, 36.038460305998399 ], [ 139.419722944858108, 36.03796197276688 ], [ 139.417994034197363, 36.03544669400975 ], [ 139.419010143103719, 36.034926134933244 ], [ 139.420039027779012, 36.035230864812604 ], [ 139.422836278171758, 36.034213081368648 ], [ 139.424058197827662, 36.032813360348371 ], [ 139.424466252615503, 36.031236694118206 ], [ 139.426678755720104, 36.030078081338445 ], [ 139.432311803247217, 36.024738891786455 ], [ 139.432159299811929, 36.023748891997798 ], [ 139.433836251242042, 36.023596667352365 ], [ 139.435895420837028, 36.022742774559447 ], [ 139.435971802956374, 36.022222505064633 ], [ 139.435463475559004, 36.021600559118554 ], [ 139.436990414675961, 36.020074999561643 ], [ 139.436584306021018, 36.019716108012005 ], [ 139.437613191595574, 36.019170278885326 ], [ 139.438923449857384, 36.015547774610184 ], [ 139.438415109869538, 36.015433612870993 ], [ 139.439025110120838, 36.014579170592299 ], [ 139.439901777345199, 36.014236667388332 ], [ 139.439711219097603, 36.013373613201736 ], [ 139.4400181712017, 36.012913892362292 ], [ 139.440996496890875, 36.012393612075584 ], [ 139.442025109970928, 36.012088892088741 ], [ 139.441936226375788, 36.013129440970999 ], [ 139.444567056324672, 36.013384693748662 ], [ 139.445878755300328, 36.014415252062292 ], [ 139.445484863935349, 36.0147580268615 ], [ 139.445700700327166, 36.014935532349 ], [ 139.44675513564107, 36.01497386595122 ], [ 139.448573190700245, 36.015698865210538 ], [ 139.448280972189195, 36.016016081277201 ], [ 139.449551529879272, 36.01637163993928 ], [ 139.449935965772283, 36.016347747650514 ], [ 139.450012087987488, 36.015992198880951 ], [ 139.450850415314449, 36.015916081162288 ], [ 139.45109152985026, 36.014938865236502 ], [ 139.451014034370246, 36.014656639092664 ], [ 139.449744034259879, 36.014593027346393 ], [ 139.449718755216395, 36.013894972674905 ], [ 139.453724305932042, 36.013294667115247 ], [ 139.454818469696647, 36.011402441369626 ], [ 139.455491530409859, 36.012253000375722 ], [ 139.457809300059239, 36.011764946395203 ], [ 139.45937929961508, 36.011807720849674 ], [ 139.461177950901742, 36.012541612605389 ], [ 139.470328521244369, 36.018062666658807 ], [ 139.474312995448486, 36.019529612901351 ], [ 139.476833839210371, 36.019738198059429 ], [ 139.481528001716015, 36.019572918855147 ], [ 139.483142996152424, 36.019005666977989 ], [ 139.488540804414697, 36.018203171339337 ], [ 139.491656641440954, 36.01685980183845 ], [ 139.495075810800131, 36.016075360089872 ], [ 139.497309662910652, 36.013374532308887 ], [ 139.499639689420178, 36.013554504636716 ], [ 139.498359688848609, 36.01537171972916 ], [ 139.498625524848194, 36.01852061313582 ], [ 139.499961115213409, 36.019884505165805 ], [ 139.50142333282065, 36.020624774913472 ], [ 139.504162529277323, 36.023736171087478 ], [ 139.504860310554932, 36.025112837987137 ], [ 139.505015887873014, 36.027498108051304 ], [ 139.502372554649696, 36.028173945870947 ], [ 139.500203942957683, 36.029232000056822 ], [ 139.498937834213734, 36.030642028207069 ], [ 139.495543942998665, 36.032952586192948 ], [ 139.494296445724444, 36.035066748431746 ] ] ] ] } },
{ "type": "Feature", "properties": { "regioncode": "1134800", "regionname": "埼玉県鳩山町", "name": "鳩山町", "namekana": "はとやままち", "PrefCode": "11" }, "geometry": { "type": "Polygon", "coordinates": [ [ [ 139.343820415080131, 36.009056864682634 ], [ 139.338480661653307, 36.007988532145077 ], [ 139.337477886095598, 36.006808251999303 ], [ 139.336630660876381, 36.006586026823754 ], [ 139.335547328546454, 36.006614359964772 ], [ 139.334565939766321, 36.00757213524588 ], [ 139.333007328325607, 36.008219918714303 ], [ 139.330925667585575, 36.008089080846446 ], [ 139.32508230910139, 36.010035468262288 ], [ 139.320173139378994, 36.009842972874935 ], [ 139.319079534093248, 36.010048558793983 ], [ 139.316601478275629, 36.00910272111372 ], [ 139.31239671873368, 36.008207169925015 ], [ 139.312379779103594, 36.007793280335648 ], [ 139.309115330907844, 36.007202720729026 ], [ 139.309455616383616, 36.006545505171005 ], [ 139.305344189382936, 36.004556613097293 ], [ 139.30390252937832, 36.002780505116277 ], [ 139.302136692554427, 36.002301332840318 ], [ 139.303091115162943, 35.997195252059271 ], [ 139.301806394049891, 35.994607747849329 ], [ 139.300428340395683, 35.995090252113471 ], [ 139.299472477073209, 35.995045532425422 ], [ 139.297109689160834, 35.994160532082958 ], [ 139.296635525209354, 35.994716639561318 ], [ 139.296234694675491, 35.99624719844951 ], [ 139.293747197775019, 35.996217197965393 ], [ 139.293161088913166, 35.996882467851663 ], [ 139.292923579759417, 35.99775719793638 ], [ 139.290573021727596, 35.998362748342231 ], [ 139.289511362159715, 35.996384693998493 ], [ 139.287753553583684, 35.994899135386845 ], [ 139.287458003084453, 35.993199135231976 ], [ 139.288146327990717, 35.992035532114187 ], [ 139.288197172961191, 35.991253306295107 ], [ 139.288788833338003, 35.991173307102486 ], [ 139.291914669026824, 35.989311919109809 ], [ 139.294260504718636, 35.987530532108394 ], [ 139.296988275288754, 35.987039693826887 ], [ 139.29871632889558, 35.985579972737582 ], [ 139.299941050838925, 35.985619134615433 ], [ 139.30162357986444, 35.985052468196898 ], [ 139.305895227382848, 35.981306918679422 ], [ 139.306241050883841, 35.980113306084263 ], [ 139.308311336099337, 35.979200801775619 ], [ 139.309173281421863, 35.976200532128928 ], [ 139.310449104642544, 35.974984693688725 ], [ 139.312385773084998, 35.974160251894148 ], [ 139.312866056923099, 35.972288027070817 ], [ 139.313899663039138, 35.971559134646384 ], [ 139.314637716857192, 35.971441080641398 ], [ 139.31594632935969, 35.970150252232429 ], [ 139.316967717286389, 35.970077198503986 ], [ 139.317028560020049, 35.969263586345505 ], [ 139.317602438102085, 35.968512504948194 ], [ 139.32006577201787, 35.96623638739942 ], [ 139.321178558943416, 35.965853612554213 ], [ 139.321745772149711, 35.96487527877116 ], [ 139.323276615223676, 35.96437861288274 ], [ 139.325128560334861, 35.964292504595448 ], [ 139.325992995880142, 35.962716946330033 ], [ 139.326821336235753, 35.962260278688973 ], [ 139.329948559578384, 35.962874692812875 ], [ 139.334552750309285, 35.961931919122833 ], [ 139.33696858563178, 35.961818585659273 ], [ 139.339191634186591, 35.962210801587275 ], [ 139.340186355415995, 35.964533864646171 ], [ 139.341744721341911, 35.965706918739386 ], [ 139.342755837212167, 35.967285253211912 ], [ 139.344908885236919, 35.967716918800818 ], [ 139.347622218090919, 35.966864134871969 ], [ 139.348203060522906, 35.966953306250161 ], [ 139.348822501857057, 35.968147721040566 ], [ 139.348859467590387, 35.970007440790823 ], [ 139.349284188614433, 35.970961613387772 ], [ 139.350141140900973, 35.971449107989997 ], [ 139.352605032396355, 35.971738278698638 ], [ 139.353695863273515, 35.97261633267766 ], [ 139.355090584063305, 35.971782332888381 ], [ 139.355736782926215, 35.972360080753162 ], [ 139.355141089090012, 35.973238170705088 ], [ 139.355306160550981, 35.973904667266652 ], [ 139.358577833899972, 35.976597440719388 ], [ 139.362310051867439, 35.976641054241327 ], [ 139.362536199885767, 35.976816585716904 ], [ 139.36240785943528, 35.977550748168539 ], [ 139.362887302407103, 35.977927135129221 ], [ 139.364165641930867, 35.977694920284421 ], [ 139.365477859815428, 35.976894639675947 ], [ 139.367711750596868, 35.97695019799329 ], [ 139.374022048778556, 35.979291305949062 ], [ 139.376657886152543, 35.979138531817853 ], [ 139.379362360684468, 35.981605441438035 ], [ 139.379364864397076, 35.982107387246174 ], [ 139.378820414830329, 35.982449331971168 ], [ 139.377031775695968, 35.981920721264316 ], [ 139.375655109695572, 35.983265170850984 ], [ 139.375048755295893, 35.984834333137997 ], [ 139.3741859664093, 35.985595720765957 ], [ 139.375507912260446, 35.986279333224672 ], [ 139.37788763890353, 35.986271558585599 ], [ 139.377910972713266, 35.986776559390762 ], [ 139.376367638955458, 35.988663224628169 ], [ 139.375885421575049, 35.988787386828506 ], [ 139.375659857216647, 35.989300171265938 ], [ 139.374360972680847, 35.98970433378804 ], [ 139.374314305960525, 35.990116000253238 ], [ 139.372152633437395, 35.991716558772225 ], [ 139.371888196782947, 35.992330441396803 ], [ 139.370570414792837, 35.992666278825766 ], [ 139.369994306392186, 35.9937787752703 ], [ 139.368705966407333, 35.993630171295422 ], [ 139.368689300171127, 35.994630170645905 ], [ 139.369971803555927, 35.995531838123895 ], [ 139.369037911570445, 35.995506837870323 ], [ 139.369048780776666, 35.996241279111814 ], [ 139.36779849560412, 35.997290171004636 ], [ 139.365954306246294, 35.997617107843325 ], [ 139.365682632747394, 35.998111559600829 ], [ 139.363854305631776, 35.999176838040682 ], [ 139.362099856023633, 35.999323225186743 ], [ 139.361687082492949, 36.00041100016756 ], [ 139.360530700031859, 36.000360998761153 ], [ 139.358002918000352, 36.001900441152486 ], [ 139.357248197046715, 36.002740720907582 ], [ 139.353152088198385, 36.003777134707036 ], [ 139.352372918275591, 36.003701305670745 ], [ 139.351464306232856, 36.003001586354173 ], [ 139.34920791171578, 36.004181306222335 ], [ 139.347613475781372, 36.003945468009022 ], [ 139.347230143356455, 36.005182694126063 ], [ 139.346157912257922, 36.006085748358657 ], [ 139.346006252386701, 36.006820468389947 ], [ 139.345224033762179, 36.007402414290027 ], [ 139.344898470188355, 36.008153801456842 ], [ 139.343820415080131, 36.009056864682634 ] ] ] } },
{ "type": "Feature", "properties": { "regioncode": "1134900", "regionname": "埼玉県ときがわ町", "name": "ときがわ町", "namekana": "ときがわまち", "PrefCode": "11" }, "geometry": { "type": "Polygon", "coordinates": [ [ [ 139.316601478275629, 36.00910272111372 ], [ 139.315634812296821, 36.013000196701796 ], [ 139.316472308650191, 36.01318408108051 ], [ 139.315969247682688, 36.014997413799676 ], [ 139.315251478972641, 36.014445748072887 ], [ 139.314782022972054, 36.015820198143672 ], [ 139.312947860155646, 36.015559919055079 ], [ 139.311682308991408, 36.016447134427779 ], [ 139.310806471841261, 36.017902973143748 ], [ 139.309784812319322, 36.017811027357084 ], [ 139.308853165041569, 36.02083130691932 ], [ 139.307341193341472, 36.020936586054631 ], [ 139.307237056345116, 36.02138269385631 ], [ 139.306421750763207, 36.021176586330455 ], [ 139.305243968934064, 36.021958801357641 ], [ 139.305088443776754, 36.022756305758946 ], [ 139.305726782564989, 36.023944359644531 ], [ 139.304332891849526, 36.024591305844126 ], [ 139.304048715975568, 36.025906585020948 ], [ 139.302759274321147, 36.027886586396903 ], [ 139.301997055719653, 36.028023531560791 ], [ 139.30084871589554, 36.028933251568333 ], [ 139.300706498006548, 36.029647973375347 ], [ 139.301289856741505, 36.032375748442064 ], [ 139.300697638785095, 36.034062134659848 ], [ 139.301380699959395, 36.035154360385491 ], [ 139.302547912056525, 36.036004081223439 ], [ 139.302815965784248, 36.037107694164831 ], [ 139.302324331602676, 36.038131585804081 ], [ 139.301012632626907, 36.037881305377994 ], [ 139.301100699637686, 36.037230198015266 ], [ 139.300662632674403, 36.03659574789549 ], [ 139.29783236097478, 36.034562414024265 ], [ 139.296707327980812, 36.032712414146658 ], [ 139.293088444376281, 36.030926305704497 ], [ 139.289923165321852, 36.030644360149154 ], [ 139.287818418085635, 36.029260747785315 ], [ 139.285625084030471, 36.029226306448948 ], [ 139.282698417597999, 36.030025468300778 ], [ 139.280875356912247, 36.029771586089851 ], [ 139.28020924795851, 36.029106026621889 ], [ 139.279375642072296, 36.028833532041915 ], [ 139.27794063615147, 36.029598802043154 ], [ 139.276721193228582, 36.029430748430343 ], [ 139.275991478823698, 36.03004853231397 ], [ 139.27487341107917, 36.029294639635964 ], [ 139.273438417748821, 36.029963801788085 ], [ 139.272287860196684, 36.030039360128399 ], [ 139.271630920730445, 36.029356306148657 ], [ 139.270706744120957, 36.029169640166799 ], [ 139.268983968635325, 36.030671865014597 ], [ 139.267635642071241, 36.030975198246836 ], [ 139.267372581379618, 36.031621864757312 ], [ 139.265253139221045, 36.032543802054875 ], [ 139.262988974561608, 36.032296585619008 ], [ 139.261786743763309, 36.031809081124266 ], [ 139.260150636842468, 36.031872972559711 ], [ 139.258344254084136, 36.033608774725224 ], [ 139.257779532899235, 36.033697107935211 ], [ 139.255908146243996, 36.032604613312287 ], [ 139.25294868963033, 36.032501280309873 ], [ 139.252005615566759, 36.031964332887696 ], [ 139.251045057783244, 36.032179332909948 ], [ 139.249768144584323, 36.033327667338028 ], [ 139.246483385200122, 36.030495170715596 ], [ 139.244770336781698, 36.029785171248705 ], [ 139.244402282939063, 36.028487386583663 ], [ 139.243667833603695, 36.027719891659729 ], [ 139.243834772956461, 36.026954332976118 ], [ 139.244635031981261, 36.026166559239357 ], [ 139.243252801875315, 36.025352946181556 ], [ 139.242892802360984, 36.024450999913768 ], [ 139.242913086569729, 36.022793505316088 ], [ 139.240496977853354, 36.022628225212486 ], [ 139.238240584235655, 36.023544612793671 ], [ 139.235546135345885, 36.023049613349031 ], [ 139.235510310852192, 36.022293504741526 ], [ 139.234563358012679, 36.021370170796786 ], [ 139.234431970658989, 36.020482946430889 ], [ 139.233144449057136, 36.019847107757869 ], [ 139.229628884965109, 36.019044053640243 ], [ 139.228943891147765, 36.017518225185995 ], [ 139.227713891083226, 36.016495170815517 ], [ 139.226380272031975, 36.014594334061314 ], [ 139.225989689272751, 36.012953225111289 ], [ 139.223794695069159, 36.010871558975339 ], [ 139.220776641329053, 36.011130170720833 ], [ 139.219946354840431, 36.010704613327277 ], [ 139.215616354811004, 36.011553225301157 ], [ 139.213840804409642, 36.008429612736506 ], [ 139.213372995967006, 36.006087386923411 ], [ 139.211887717044533, 36.005484333035611 ], [ 139.211531337301494, 36.004993504646563 ], [ 139.210182166273967, 36.005174054339193 ], [ 139.209061608306683, 36.006883224880994 ], [ 139.206596886736975, 36.006302082075479 ], [ 139.204890778386812, 36.007378198245306 ], [ 139.202550219916816, 36.007614026566102 ], [ 139.199898003190356, 36.006287639862762 ], [ 139.195469663194444, 36.006560693821029 ], [ 139.193292166200536, 36.006339027124454 ], [ 139.192505498629885, 36.005907919115202 ], [ 139.190206887238105, 36.006095945771335 ], [ 139.188648520412926, 36.003180694433581 ], [ 139.186896032226173, 36.002024026887398 ], [ 139.185662113815511, 35.999121802229467 ], [ 139.18332600519102, 35.998630694151245 ], [ 139.181346004714442, 35.997763747698855 ], [ 139.176200726082698, 35.997730414327236 ], [ 139.176011283893672, 35.996475414009183 ], [ 139.175065421931777, 35.994848467582756 ], [ 139.17588014295427, 35.992824054086896 ], [ 139.175423191127379, 35.99223627878132 ], [ 139.175486251589291, 35.99139822484824 ], [ 139.175039300223602, 35.990857666648026 ], [ 139.174608715619797, 35.989045720683521 ], [ 139.172212335331096, 35.988365441112251 ], [ 139.170825110390638, 35.986621000059131 ], [ 139.169310116968404, 35.985650440915151 ], [ 139.170160920590092, 35.98490099988129 ], [ 139.170938690268372, 35.983145748077845 ], [ 139.173266743665408, 35.980696585678913 ], [ 139.172302581399094, 35.977972693884794 ], [ 139.174230922119477, 35.976916027352843 ], [ 139.176103942842701, 35.975040774512195 ], [ 139.176828105732511, 35.97331772113597 ], [ 139.177894773624985, 35.971864667620366 ], [ 139.177845615782644, 35.971151331668693 ], [ 139.178393670731339, 35.970692171106862 ], [ 139.178614772653646, 35.969734667420994 ], [ 139.179134228262114, 35.969583558834245 ], [ 139.180481168071537, 35.968274108163598 ], [ 139.182662283037985, 35.968162720832936 ], [ 139.183838392128109, 35.968720504647649 ], [ 139.18473700370987, 35.968322441327643 ], [ 139.185971996810281, 35.967124693649737 ], [ 139.187471440054992, 35.967353865188784 ], [ 139.190376161230915, 35.966854693789116 ], [ 139.192770362462284, 35.967929135421286 ], [ 139.19378730234223, 35.967929135421286 ], [ 139.195930920975343, 35.966832198147472 ], [ 139.201025357334402, 35.966317198679803 ], [ 139.20153119271049, 35.965770802080897 ], [ 139.201831193055227, 35.964181360081739 ], [ 139.201601724739817, 35.962861080674372 ], [ 139.201860337384687, 35.962585253206896 ], [ 139.20782922234082, 35.960091387307727 ], [ 139.209369779891517, 35.958694170899321 ], [ 139.212927004177914, 35.956444170562065 ], [ 139.216579779633207, 35.95844750484855 ], [ 139.219287301967483, 35.95893944120229 ], [ 139.218640077877353, 35.961431108259092 ], [ 139.220108689664357, 35.963383612863481 ], [ 139.220476471911752, 35.966117197550659 ], [ 139.222077055611635, 35.966798306296823 ], [ 139.222801505385178, 35.968033305692529 ], [ 139.223895110670924, 35.968256639732203 ], [ 139.224591219209515, 35.969509414228128 ], [ 139.225373450424513, 35.96974441427335 ], [ 139.226555382624838, 35.971311919109837 ], [ 139.228169831172863, 35.97249053191257 ], [ 139.229577326832214, 35.973055531887326 ], [ 139.230590700000903, 35.974528305736783 ], [ 139.235090414690944, 35.97444386479259 ], [ 139.235491530309901, 35.974902748363206 ], [ 139.237744034359707, 35.975949972912986 ], [ 139.23850180311581, 35.976808865037128 ], [ 139.239905965887715, 35.976868865106098 ], [ 139.242005694007617, 35.977604694001457 ], [ 139.243069857288106, 35.978516639831128 ], [ 139.244119299566137, 35.978861639553088 ], [ 139.245459585291655, 35.978594135311141 ], [ 139.246268494895162, 35.979612747030728 ], [ 139.246010440729265, 35.980291639847337 ], [ 139.246808780600759, 35.981841640279526 ], [ 139.249429053408107, 35.982698305682334 ], [ 139.250785720284853, 35.982712198409274 ], [ 139.252011555588865, 35.986009134613937 ], [ 139.25558988246712, 35.984691359818441 ], [ 139.257453501677787, 35.985473865326696 ], [ 139.258669339218727, 35.985170802790378 ], [ 139.259494332297663, 35.985341918594713 ], [ 139.25985961083245, 35.986444973057132 ], [ 139.260894643273218, 35.986822199085282 ], [ 139.262149052736618, 35.986354135235217 ], [ 139.266253527978051, 35.986661359833931 ], [ 139.266729922248146, 35.985345801867311 ], [ 139.268074358345075, 35.985848864633454 ], [ 139.26904297045678, 35.985782467686761 ], [ 139.269271025037824, 35.984544135403553 ], [ 139.27013797688619, 35.984907467805442 ], [ 139.271944916324856, 35.984981359702033 ], [ 139.27435936399354, 35.986572747834089 ], [ 139.274787133719315, 35.987337468349551 ], [ 139.274678806781594, 35.988043026964192 ], [ 139.275712140403016, 35.987912198089532 ], [ 139.27674352789154, 35.988387198410521 ], [ 139.278675745589226, 35.988369694006224 ], [ 139.279329637252999, 35.98888663960679 ], [ 139.279865473113205, 35.989798586335723 ], [ 139.280194112368463, 35.993619134815276 ], [ 139.281591050886391, 35.993283026690392 ], [ 139.282602995931597, 35.991796360113995 ], [ 139.284489105387934, 35.992104692677458 ], [ 139.285826328921985, 35.991724973728594 ], [ 139.286800777633857, 35.990855802353451 ], [ 139.288197172961191, 35.991253306295107 ], [ 139.288146327990717, 35.992035532114187 ], [ 139.287458003084453, 35.993199135231976 ], [ 139.287753553583684, 35.994899135386845 ], [ 139.289511362159715, 35.996384693998493 ], [ 139.290573021727596, 35.998362748342231 ], [ 139.292923579759417, 35.99775719793638 ], [ 139.293161088913166, 35.996882467851663 ], [ 139.293747197775019, 35.996217197965393 ], [ 139.296234694675491, 35.99624719844951 ], [ 139.296635525209354, 35.994716639561318 ], [ 139.297109689160834, 35.994160532082958 ], [ 139.299472477073209, 35.995045532425422 ], [ 139.300428340395683, 35.995090252113471 ], [ 139.301806394049891, 35.994607747849329 ], [ 139.303091115162943, 35.997195252059271 ], [ 139.302136692554427, 36.002301332840318 ], [ 139.30390252937832, 36.002780505116277 ], [ 139.305344189382936, 36.004556613097293 ], [ 139.309455616383616, 36.006545505171005 ], [ 139.309115330907844, 36.007202720729026 ], [ 139.312379779103594, 36.007793280335648 ], [ 139.31239671873368, 36.008207169925015 ], [ 139.316601478275629, 36.00910272111372 ] ] ] } },
{ "type": "Feature", "properties": { "regioncode": "1136100", "regionname": "埼玉県横瀬町", "name": "横瀬町", "namekana": "よこぜまち", "PrefCode": "11" }, "geometry": { "type": "Polygon", "coordinates": [ [ [ 139.174608715619797, 35.989045720683521 ], [ 139.171899274132215, 35.990271838374667 ], [ 139.169348470355658, 35.992787667516893 ], [ 139.166700388712002, 35.99363822382503 ], [ 139.164986497628774, 35.99456736019556 ], [ 139.163798469823632, 35.995658746853735 ], [ 139.161021505438157, 35.995317640296889 ], [ 139.160233166027865, 35.994897639814269 ], [ 139.158229829942798, 35.994813748355853 ], [ 139.154771776596249, 35.995459865380553 ], [ 139.15288678229922, 35.996414027185665 ], [ 139.151388715916596, 35.996487640292401 ], [ 139.150106226021535, 35.997106801937434 ], [ 139.147619533115062, 35.996936532395125 ], [ 139.145529532961632, 35.998002360320697 ], [ 139.143523695861973, 35.998527360249511 ], [ 139.142688144742124, 35.998338197749661 ], [ 139.142081479177023, 35.997734586282206 ], [ 139.138973695579693, 35.997908468401135 ], [ 139.137215913983255, 35.998885134841146 ], [ 139.135901750865173, 35.998832639614704 ], [ 139.131015887972922, 35.999613467887286 ], [ 139.126020337468617, 36.001135413068937 ], [ 139.122507276189936, 35.999755693870213 ], [ 139.121069753966026, 35.998310414094362 ], [ 139.119001699069258, 35.997582919216427 ], [ 139.117191970832891, 35.998032919283844 ], [ 139.115039196202019, 35.999069864582623 ], [ 139.114361699133156, 36.00057427927959 ], [ 139.112642529029586, 36.002157053705105 ], [ 139.112566135219026, 36.003180666554556 ], [ 139.111035577230155, 36.005223721197808 ], [ 139.11091588825775, 36.00653508112913 ], [ 139.110039494427156, 36.007166198361404 ], [ 139.110073670463635, 36.007619251627204 ], [ 139.109029222120967, 36.008292027255322 ], [ 139.108586718802144, 36.008349531705562 ], [ 139.107566978433397, 36.006716468090588 ], [ 139.106843644718538, 36.007338135246812 ], [ 139.106818392654759, 36.008753695126984 ], [ 139.106372283054498, 36.008906197662952 ], [ 139.105377523154289, 36.008195360027912 ], [ 139.105007249784762, 36.00747758592189 ], [ 139.102695576639576, 36.00634508136045 ], [ 139.101171971309441, 36.006865640437013 ], [ 139.100796393738619, 36.004972305827323 ], [ 139.100190558247732, 36.004300639063274 ], [ 139.099885551377156, 36.003180666554556 ], [ 139.098718054194933, 36.002422893301912 ], [ 139.097408858931772, 36.000889559105929 ], [ 139.097218029088822, 35.999993441344316 ], [ 139.095570803849569, 35.999030666731926 ], [ 139.094531633628094, 35.997597332650855 ], [ 139.094190506386781, 35.996510108055077 ], [ 139.093021335566277, 35.995108198084949 ], [ 139.093532438271495, 35.994580694443528 ], [ 139.092858831669787, 35.993175694402851 ], [ 139.093171309208628, 35.992116531352906 ], [ 139.091736589272273, 35.992007359951742 ], [ 139.091502969686417, 35.991689586305426 ], [ 139.09307241256181, 35.991029305857808 ], [ 139.093157976759244, 35.99051044110405 ], [ 139.090051581715215, 35.989125720775462 ], [ 139.090441024134066, 35.988683775036236 ], [ 139.091824357707992, 35.98891599977361 ], [ 139.092176861373105, 35.988689613434985 ], [ 139.09101241289261, 35.987875171202234 ], [ 139.090959882592529, 35.985789333111313 ], [ 139.090170169018165, 35.984944892193084 ], [ 139.090248222977152, 35.983525748514523 ], [ 139.089375966028115, 35.981352413583068 ], [ 139.088884578260718, 35.980874919442044 ], [ 139.088315965709285, 35.977907693585223 ], [ 139.087715110663908, 35.977220748239006 ], [ 139.087103165178974, 35.975504359738466 ], [ 139.087183996244448, 35.973303531632723 ], [ 139.087621777223262, 35.971965225314932 ], [ 139.086762308633752, 35.971022694441842 ], [ 139.087211192642485, 35.968829666156239 ], [ 139.087810635752248, 35.968471891564604 ], [ 139.088547030321251, 35.965653278675916 ], [ 139.089201478665359, 35.964584386760066 ], [ 139.090254527224715, 35.963671054175848 ], [ 139.091232555238321, 35.961472999579314 ], [ 139.093010610251554, 35.959516892290821 ], [ 139.093244773027891, 35.958589945769461 ], [ 139.09298033727282, 35.955619666714313 ], [ 139.094097276368302, 35.954512441196243 ], [ 139.097865888100273, 35.952267441988909 ], [ 139.097623113416034, 35.951493558281129 ], [ 139.097727860152645, 35.947901864779283 ], [ 139.096137223853816, 35.944074108233565 ], [ 139.097619999963058, 35.940999107622758 ], [ 139.095478858962224, 35.935789945649503 ], [ 139.095947198004865, 35.935112441386138 ], [ 139.098100532013973, 35.934302747573781 ], [ 139.099377197899457, 35.929476079857238 ], [ 139.10150830066766, 35.927682468371245 ], [ 139.102761633642558, 35.927224693664755 ], [ 139.10776749667275, 35.929181080642422 ], [ 139.109943332618741, 35.929468306117485 ], [ 139.11297167280452, 35.930551640246051 ], [ 139.116973916712936, 35.930856108422745 ], [ 139.119339754226303, 35.932196946332056 ], [ 139.120122554712225, 35.932976946329063 ], [ 139.123531725408839, 35.934679999682317 ], [ 139.125667003729291, 35.935179720567703 ], [ 139.126708690253963, 35.936295279203819 ], [ 139.129543138405211, 35.936493053611571 ], [ 139.131519532600464, 35.937481108166651 ], [ 139.133907056365615, 35.937349171327241 ], [ 139.137001504815657, 35.938149720832996 ], [ 139.138037612845665, 35.938061667312127 ], [ 139.139572892275169, 35.938494171069181 ], [ 139.140657081659015, 35.939202225302495 ], [ 139.142186808674296, 35.939349440724186 ], [ 139.143119857095826, 35.940365000144709 ], [ 139.143807638811495, 35.94206833318708 ], [ 139.145556277899914, 35.943223053701047 ], [ 139.147093216578696, 35.943328054046503 ], [ 139.147998223239483, 35.944266386884294 ], [ 139.148594616748255, 35.944259441420115 ], [ 139.151078494776812, 35.943033892100516 ], [ 139.153879921621183, 35.94414027855106 ], [ 139.154918521672471, 35.943614999832448 ], [ 139.156444644205067, 35.945097224657218 ], [ 139.157279636845828, 35.945496386948776 ], [ 139.158837419111705, 35.945671386925028 ], [ 139.16036019526689, 35.945293332621247 ], [ 139.162551608370109, 35.945896945887398 ], [ 139.162592165995761, 35.947210838309616 ], [ 139.163550777646378, 35.948838333322499 ], [ 139.165376056959531, 35.948886667385864 ], [ 139.168057471075485, 35.949636108419725 ], [ 139.168678300962938, 35.95431525224717 ], [ 139.170072502843823, 35.95561469436268 ], [ 139.171983332864556, 35.959178586222833 ], [ 139.172333060322558, 35.959600531939031 ], [ 139.174289441904307, 35.959477198014326 ], [ 139.174773916583035, 35.960915802122599 ], [ 139.17654946788366, 35.961519972968404 ], [ 139.177812528825257, 35.96333330568757 ], [ 139.176555306282467, 35.965318306394749 ], [ 139.17683141433838, 35.966680225312189 ], [ 139.177481439816688, 35.96758633274311 ], [ 139.177346446181559, 35.968290775299067 ], [ 139.178616718786657, 35.969542171134322 ], [ 139.178520895123256, 35.970448000674764 ], [ 139.177845615782644, 35.971151331668693 ], [ 139.177894773624985, 35.971864667620366 ], [ 139.176828105732511, 35.97331772113597 ], [ 139.176103942842701, 35.975040774512195 ], [ 139.174230922119477, 35.976916027352843 ], [ 139.172302581399094, 35.977972693884794 ], [ 139.173266743665408, 35.980696585678913 ], [ 139.170938690268372, 35.983145748077845 ], [ 139.170160920590092, 35.98490099988129 ], [ 139.169310116968404, 35.985650440915151 ], [ 139.170825110390638, 35.986621000059131 ], [ 139.172212335331096, 35.988365441112251 ], [ 139.174608715619797, 35.989045720683521 ] ] ] } },
{ "type": "Feature", "properties": { "regioncode": "1136200", "regionname": "埼玉県皆野町", "name": "皆野町", "namekana": "みなのまち", "PrefCode": "11" }, "geometry": { "type": "Polygon", "coordinates": [ [ [ 139.0825487807017, 36.121630413712694 ], [ 139.081399339208247, 36.121529026843177 ], [ 139.078927107400204, 36.121987639717872 ], [ 139.076517665357983, 36.120507360126624 ], [ 139.07568319072675, 36.119434000378874 ], [ 139.071628754663379, 36.118712612796912 ], [ 139.071242917626591, 36.118910666893839 ], [ 139.071127912323391, 36.119692333334569 ], [ 139.068802088345819, 36.119608720665951 ], [ 139.067946523713204, 36.12080761318083 ], [ 139.063034837687724, 36.122021775284736 ], [ 139.062241776836572, 36.123032612365193 ], [ 139.059008171789742, 36.123334801659837 ], [ 139.057855668104708, 36.125894559086703 ], [ 139.056843721260748, 36.126196775360938 ], [ 139.056082607026724, 36.125802865110188 ], [ 139.055523722441876, 36.124931747602147 ], [ 139.053743163716149, 36.124998694034559 ], [ 139.053403995198323, 36.123915082015458 ], [ 139.051884254255015, 36.122113694091752 ], [ 139.051280920677982, 36.121882865102179 ], [ 139.049915356808356, 36.120447864577329 ], [ 139.049423695647079, 36.119055332737446 ], [ 139.046745616217322, 36.117694775393602 ], [ 139.045732282618815, 36.116540891249201 ], [ 139.044935331300508, 36.116190892195959 ], [ 139.044978391739505, 36.114116721009907 ], [ 139.044680026362244, 36.112988945983147 ], [ 139.044881140851999, 36.112214775391635 ], [ 139.044366692668746, 36.111204198215205 ], [ 139.044575304806585, 36.11015474784341 ], [ 139.043718637605139, 36.109596413643601 ], [ 139.043315576752548, 36.108706413969855 ], [ 139.043293359900758, 36.107455865296004 ], [ 139.041948911213353, 36.106729467590924 ], [ 139.040980272121942, 36.104362251416831 ], [ 139.038466667003149, 36.104193332656223 ], [ 139.03798221840475, 36.103791108173141 ], [ 139.037818340344188, 36.102555559291659 ], [ 139.036328586395257, 36.102049171731949 ], [ 139.034587197641144, 36.100646386721394 ], [ 139.033313021978415, 36.100341108255577 ], [ 139.032166083298193, 36.100274170816363 ], [ 139.029090532302234, 36.101047747855318 ], [ 139.027942995572857, 36.100891360248113 ], [ 139.02674355357226, 36.10028858604943 ], [ 139.022401607847996, 36.100391080883753 ], [ 139.018415745989955, 36.099192747747168 ], [ 139.017739364080398, 36.098223305561135 ], [ 139.013708520831642, 36.098573306413016 ], [ 139.008963773259552, 36.09834938691472 ], [ 139.007831283986661, 36.09761994590383 ], [ 139.007427950639453, 36.095777720665353 ], [ 139.006779882985256, 36.095234387157291 ], [ 139.005794863642109, 36.092742441310691 ], [ 139.004355422265007, 36.090942441040852 ], [ 139.004630972741211, 36.090048801810781 ], [ 139.003900143177134, 36.087936865394056 ], [ 139.004277082321551, 36.085900197736009 ], [ 139.004978469880598, 36.085147694510567 ], [ 139.006323191062506, 36.085757972652345 ], [ 139.007781529893805, 36.085942694299945 ], [ 139.0107379117253, 36.085668802173529 ], [ 139.011774305739664, 36.08518602721341 ], [ 139.014580441434305, 36.085009919272409 ], [ 139.015443501916138, 36.08436880067967 ], [ 139.016206278097343, 36.082854640029666 ], [ 139.018310168279754, 36.082169639917026 ], [ 139.018193216843542, 36.081018505000031 ], [ 139.018835720392303, 36.08044350456413 ], [ 139.020085447085762, 36.07778377490132 ], [ 139.02123128409653, 36.077514891998703 ], [ 139.021467393005878, 36.076877108092106 ], [ 139.023128780768729, 36.075739332604144 ], [ 139.025269883098645, 36.075343225309666 ], [ 139.028415162130045, 36.07386350509671 ], [ 139.030418780602304, 36.073573224624681 ], [ 139.030815447275131, 36.072486838197051 ], [ 139.033463501939082, 36.070882694081092 ], [ 139.034390998845538, 36.070724918820019 ], [ 139.035202943661034, 36.070017413173105 ], [ 139.040221854954666, 36.070672693390122 ], [ 139.040866861316658, 36.072164666865945 ], [ 139.041700194708255, 36.072496333239258 ], [ 139.04412880759844, 36.074423279111102 ], [ 139.045105745633691, 36.07466827871815 ], [ 139.046726589260743, 36.074733027207515 ], [ 139.048380466785147, 36.073724693839608 ], [ 139.050916886804998, 36.073830251764775 ], [ 139.053124669368117, 36.072491919366655 ], [ 139.055286056806153, 36.072722504639955 ], [ 139.055110778039989, 36.071792504920211 ], [ 139.055392166015736, 36.071006108045481 ], [ 139.055048806657169, 36.069873613376615 ], [ 139.055526304395471, 36.068240000275864 ], [ 139.055437133916712, 36.06675944099544 ], [ 139.056208521106441, 36.065744171156609 ], [ 139.055993799874045, 36.063891666667132 ], [ 139.054518495332331, 36.062229973134777 ], [ 139.054470726043292, 36.061681919085345 ], [ 139.05491766481839, 36.060540801716684 ], [ 139.055962114060435, 36.060610531550822 ], [ 139.05652211380459, 36.060058333425388 ], [ 139.057614332335675, 36.05994944081408 ], [ 139.058169339043843, 36.058983333314245 ], [ 139.06062686064115, 36.060234441366447 ], [ 139.064288807382582, 36.06110086531271 ], [ 139.06557408607523, 36.062184748027732 ], [ 139.06648907880799, 36.062225865031678 ], [ 139.069391050756508, 36.063716440961059 ], [ 139.070074941105759, 36.063500612663177 ], [ 139.070471893762942, 36.062319224552596 ], [ 139.071801607957923, 36.062291440897354 ], [ 139.073938559916655, 36.062797865329287 ], [ 139.075198275380217, 36.063768135790895 ], [ 139.07958413679853, 36.064961748386054 ], [ 139.080289974202969, 36.065518972822417 ], [ 139.084103022336649, 36.065939000284686 ], [ 139.085053579659075, 36.066668720984751 ], [ 139.08634778232431, 36.068417054303666 ], [ 139.086974136747131, 36.066081505057468 ], [ 139.087815252871678, 36.064648197956046 ], [ 139.091802192117484, 36.063188467873545 ], [ 139.095847471283832, 36.057586278783788 ], [ 139.105100558044342, 36.059977972705326 ], [ 139.107631946357287, 36.059919639080135 ], [ 139.111773605867256, 36.057750225192763 ], [ 139.112773332723236, 36.057730774655568 ], [ 139.115181115516179, 36.055859945580096 ], [ 139.115344448587507, 36.053438000263554 ], [ 139.116412192069106, 36.05256163970796 ], [ 139.11714442277696, 36.049522198290845 ], [ 139.11824108935491, 36.047952197835741 ], [ 139.119258300829983, 36.047440802850815 ], [ 139.118901089213978, 36.046613585748446 ], [ 139.119286886680584, 36.044816081097338 ], [ 139.118695499697651, 36.043896919107567 ], [ 139.118542996262363, 36.042651386852071 ], [ 139.121162438096121, 36.042558612789776 ], [ 139.124163280611015, 36.039821667336128 ], [ 139.124308558892949, 36.03901472095265 ], [ 139.124001336992137, 36.038082224714969 ], [ 139.124323280794783, 36.037412774779796 ], [ 139.124472971150794, 36.035352532293587 ], [ 139.12395102531957, 36.034586414231683 ], [ 139.126384642936955, 36.03414141439481 ], [ 139.127597134100483, 36.033293081210786 ], [ 139.129746860929004, 36.032720026907782 ], [ 139.130884086031756, 36.032663919104607 ], [ 139.132566615057272, 36.033154748392974 ], [ 139.135432437856821, 36.032364505117869 ], [ 139.136590219662935, 36.032361999606621 ], [ 139.13718632898599, 36.031426172280078 ], [ 139.138856057061503, 36.031089503877581 ], [ 139.143274384005736, 36.029278666777088 ], [ 139.143610219636003, 36.028397279011244 ], [ 139.14419355408927, 36.027902838944897 ], [ 139.146122438000134, 36.028521441211581 ], [ 139.149136887257555, 36.02857644104995 ], [ 139.14995494296636, 36.028219224937345 ], [ 139.150352166319522, 36.027385919424717 ], [ 139.152952438204579, 36.027037306226759 ], [ 139.153783280474045, 36.028388694082992 ], [ 139.155887756115135, 36.030230892341876 ], [ 139.156862192236417, 36.031827838284187 ], [ 139.156385836637128, 36.034461440842847 ], [ 139.156881114871567, 36.036135332779452 ], [ 139.156512218364242, 36.038676440965048 ], [ 139.155936666643925, 36.039339774610937 ], [ 139.156090000153426, 36.040213108048533 ], [ 139.154461699347962, 36.04243505403457 ], [ 139.155581971331003, 36.043322558988962 ], [ 139.156120855892823, 36.044890892101023 ], [ 139.157585304718054, 36.045644225400736 ], [ 139.157120583648066, 36.047129197654385 ], [ 139.157498105553145, 36.048336693983288 ], [ 139.156997004208392, 36.051277531932612 ], [ 139.155940610171115, 36.053261413883206 ], [ 139.156364253807283, 36.054824199077586 ], [ 139.157920920913853, 36.055979468177952 ], [ 139.158412866260846, 36.056838080612977 ], [ 139.158583138501058, 36.058073639386976 ], [ 139.159390077689977, 36.058867801907581 ], [ 139.158872580804996, 36.060168918560805 ], [ 139.159221777662992, 36.061390865196302 ], [ 139.158935939841854, 36.062128919014469 ], [ 139.159119558920565, 36.063550305602178 ], [ 139.156937886374408, 36.066201134674657 ], [ 139.15741014286391, 36.068346415254894 ], [ 139.158204306283778, 36.069933919215032 ], [ 139.157845966917876, 36.072274171016204 ], [ 139.15663791211, 36.074493892079488 ], [ 139.156336005202547, 36.077531945842679 ], [ 139.155835447048275, 36.078848892362544 ], [ 139.155788248828685, 36.082740278640983 ], [ 139.155171310307765, 36.083137504692161 ], [ 139.154314643106318, 36.084421386737688 ], [ 139.153669636744439, 36.086646667409809 ], [ 139.151512698252532, 36.088383613513031 ], [ 139.149367691965494, 36.087926945871914 ], [ 139.147797419015774, 36.088119693968736 ], [ 139.146966304251578, 36.088540252031066 ], [ 139.146431581752154, 36.089252197630856 ], [ 139.144830751637983, 36.089689974113071 ], [ 139.144252140423987, 36.090405532289537 ], [ 139.142494086333045, 36.090004413972565 ], [ 139.142336303877414, 36.089393586345011 ], [ 139.140170466593872, 36.090141360035773 ], [ 139.139284643371639, 36.090765802499845 ], [ 139.138699363684736, 36.090202747758667 ], [ 139.137745472575602, 36.090006639794638 ], [ 139.133832697720891, 36.09034577503752 ], [ 139.13231988335599, 36.089677441161029 ], [ 139.130062672254553, 36.0898646674205 ], [ 139.12960044140732, 36.089361612748291 ], [ 139.12820795183552, 36.088871612634875 ], [ 139.127053773612829, 36.09021550464189 ], [ 139.122748222552445, 36.09036910794805 ], [ 139.119786835094374, 36.091634359638022 ], [ 139.117365162272449, 36.092035468062477 ], [ 139.117512360607066, 36.090805467997995 ], [ 139.117164578382699, 36.089588802181538 ], [ 139.118342087717224, 36.088031865278424 ], [ 139.118703190699762, 36.08650325162381 ], [ 139.117011504777224, 36.084931305935072 ], [ 139.114194552936283, 36.083734079863973 ], [ 139.113025939695376, 36.084736865314142 ], [ 139.110837613065428, 36.08558241419712 ], [ 139.109932892389111, 36.087319918779258 ], [ 139.105015668338524, 36.087553225401109 ], [ 139.103161777094442, 36.087250721343764 ], [ 139.102064552936781, 36.087830441421772 ], [ 139.099707613315786, 36.090071559155206 ], [ 139.096922308617764, 36.089226530979658 ], [ 139.096159248250729, 36.089869027333805 ], [ 139.093895642070265, 36.090593747803268 ], [ 139.093025357334454, 36.091066532194759 ], [ 139.092882580966375, 36.09178902774147 ], [ 139.092005913742014, 36.092885413730926 ], [ 139.090515914278058, 36.093330413567799 ], [ 139.087648417840228, 36.095653748221935 ], [ 139.086532581313691, 36.095836504850865 ], [ 139.085151192973285, 36.096838170645128 ], [ 139.084975667792946, 36.098485666580302 ], [ 139.086734837942458, 36.099292080565135 ], [ 139.086993722182569, 36.099725694085578 ], [ 139.086728716257312, 36.101231251820877 ], [ 139.085775382727775, 36.102431775705952 ], [ 139.086394863632108, 36.104571531750821 ], [ 139.087340700413051, 36.105169865097253 ], [ 139.090332360849857, 36.105462640288692 ], [ 139.090887081573669, 36.105872080931817 ], [ 139.090666523741106, 36.106609305575034 ], [ 139.087369857333101, 36.107217080903638 ], [ 139.085503476304439, 36.108521532242946 ], [ 139.0855226327634, 36.109217918672073 ], [ 139.08625403339704, 36.109936252156388 ], [ 139.085989052652735, 36.112997639729315 ], [ 139.086638781354736, 36.114480694628412 ], [ 139.085585446811024, 36.115110694003363 ], [ 139.08463849487066, 36.11624153212108 ], [ 139.084113773731701, 36.1189776403059 ], [ 139.0825487807017, 36.121630413712694 ] ] ] } },
{ "type": "Feature", "properties": { "regioncode": "1136300", "regionname": "埼玉県長瀞町", "name": "長瀞町", "namekana": "ながとろまち", "PrefCode": "11" }, "geometry": { "type": "Polygon", "coordinates": [ [ [ 139.136661529605931, 36.145659694439416 ], [ 139.134752088138384, 36.144970802060925 ], [ 139.132022088148915, 36.145238306302872 ], [ 139.131019585085824, 36.145965801180807 ], [ 139.129238171104817, 36.145999134552483 ], [ 139.128223722347002, 36.147303306202673 ], [ 139.126532334999297, 36.148348865207993 ], [ 139.124845109714101, 36.148237198188212 ], [ 139.1234476127172, 36.147830531953559 ], [ 139.121191219099501, 36.146555504632886 ], [ 139.119674811943128, 36.146961613287885 ], [ 139.117938689618882, 36.145622171126377 ], [ 139.116938975353492, 36.144128837875598 ], [ 139.115254253780904, 36.143125504738293 ], [ 139.114166718019646, 36.143158559320113 ], [ 139.111759779690146, 36.142038558932427 ], [ 139.111067834113328, 36.142598558676582 ], [ 139.108015058448245, 36.143212999780189 ], [ 139.106223942580982, 36.143948837668802 ], [ 139.104971413599969, 36.141741865394806 ], [ 139.103474474967129, 36.140865467967046 ], [ 139.10127722436448, 36.136495467891564 ], [ 139.100211114951094, 36.13639686532315 ], [ 139.099201946112998, 36.137690198344046 ], [ 139.096004162861846, 36.137942693800312 ], [ 139.092466083343083, 36.135757945572777 ], [ 139.090745524686326, 36.133730720796166 ], [ 139.088026886731541, 36.131482946280983 ], [ 139.086755227371896, 36.129046000272751 ], [ 139.087242996267378, 36.128297946892815 ], [ 139.087486860030594, 36.125843504574107 ], [ 139.088049364386734, 36.124628505201429 ], [ 139.087820194646383, 36.123846801888476 ], [ 139.084878521226869, 36.123054586400087 ], [ 139.083220194756223, 36.123137919379531 ], [ 139.082588223168045, 36.121852081308532 ], [ 139.084113773731701, 36.1189776403059 ], [ 139.084449338666104, 36.11658180230836 ], [ 139.085440441023593, 36.11524930561103 ], [ 139.086638781354736, 36.114480694628412 ], [ 139.085989052652735, 36.112997639729315 ], [ 139.08625403339704, 36.109936252156388 ], [ 139.0855226327634, 36.109217918672073 ], [ 139.085503476304439, 36.108521532242946 ], [ 139.087369857333101, 36.107217080903638 ], [ 139.090666523741106, 36.106609305575034 ], [ 139.090887081573669, 36.105872080931817 ], [ 139.090332360849857, 36.105462640288692 ], [ 139.087340700413051, 36.105169865097253 ], [ 139.086394863632108, 36.104571531750821 ], [ 139.085775382727775, 36.102431775705952 ], [ 139.086728716257312, 36.101231251820877 ], [ 139.08701260704629, 36.099845413634966 ], [ 139.086734837942458, 36.099292080565135 ], [ 139.084975667792946, 36.098485666580302 ], [ 139.085271193111112, 36.096693440949593 ], [ 139.086532581313691, 36.095836504850865 ], [ 139.087648417840228, 36.095653748221935 ], [ 139.090515914278058, 36.093330413567799 ], [ 139.092005913742014, 36.092885413730926 ], [ 139.092882580966375, 36.09178902774147 ], [ 139.093094811976016, 36.091015973208641 ], [ 139.096159248250729, 36.089869027333805 ], [ 139.096790077700007, 36.089239305849333 ], [ 139.099707613315786, 36.090071559155206 ], [ 139.102991504854117, 36.087294892445357 ], [ 139.105015668338524, 36.087553225401109 ], [ 139.109932892389111, 36.087319918779258 ], [ 139.110837613065428, 36.08558241419712 ], [ 139.113025939695376, 36.084736865314142 ], [ 139.114194552936283, 36.083734079863973 ], [ 139.117011504777224, 36.084931305935072 ], [ 139.118703190699762, 36.08650325162381 ], [ 139.118342087717224, 36.088031865278424 ], [ 139.117164578382699, 36.089588802181538 ], [ 139.117512360607066, 36.090805467997995 ], [ 139.117257951393412, 36.092008802264445 ], [ 139.119786835094374, 36.091634359638022 ], [ 139.122748222552445, 36.09036910794805 ], [ 139.127053773612829, 36.09021550464189 ], [ 139.12820795183552, 36.088871612634875 ], [ 139.130190725821421, 36.089888279120828 ], [ 139.132254616857153, 36.089670775386026 ], [ 139.133832697720891, 36.09034577503752 ], [ 139.136335745698148, 36.08997774817459 ], [ 139.138987690829367, 36.090413306029291 ], [ 139.139284643371639, 36.090765802499845 ], [ 139.138805187809226, 36.091390252158476 ], [ 139.138589637401878, 36.093591082062858 ], [ 139.137153554093288, 36.095666640003458 ], [ 139.138505772023791, 36.09753858603699 ], [ 139.139090778316813, 36.099007197823994 ], [ 139.138804942294314, 36.100091639917309 ], [ 139.139046912984668, 36.103786919131039 ], [ 139.13880053201899, 36.10538746775751 ], [ 139.139094968258291, 36.106160532182855 ], [ 139.139042501810081, 36.109064693081166 ], [ 139.139687522561189, 36.113347467911353 ], [ 139.138666693113464, 36.113964413626832 ], [ 139.137726978017668, 36.117845532345484 ], [ 139.14025422765053, 36.119388586414175 ], [ 139.144740337396684, 36.121160532332738 ], [ 139.145861166959321, 36.122154972973703 ], [ 139.145865058325853, 36.123034134917418 ], [ 139.144360636434271, 36.124280802117369 ], [ 139.146749532564968, 36.12617830598407 ], [ 139.146195914409986, 36.129151080657891 ], [ 139.147983722570757, 36.130429973264711 ], [ 139.148175383387297, 36.133149414314062 ], [ 139.148949830969968, 36.133375531755462 ], [ 139.151157612633824, 36.133033333421679 ], [ 139.155270414697952, 36.133796945972335 ], [ 139.156537911995088, 36.133683612508776 ], [ 139.157531529756398, 36.13321361331765 ], [ 139.158047886301006, 36.132584721008129 ], [ 139.158209000744819, 36.131783613922721 ], [ 139.15775622626893, 36.130618613258434 ], [ 139.160183449706551, 36.130570280094389 ], [ 139.160638716203835, 36.132105278935512 ], [ 139.160136523981464, 36.133701386709674 ], [ 139.160619857420556, 36.134972504677421 ], [ 139.157634864557394, 36.1380988916506 ], [ 139.157685135760516, 36.138732775197468 ], [ 139.158399299987764, 36.139446666930212 ], [ 139.155467638720665, 36.140252224760388 ], [ 139.153700726307534, 36.141622224985724 ], [ 139.150952632857752, 36.141374719867486 ], [ 139.148727639069307, 36.141893332811094 ], [ 139.147369857033368, 36.141771640149102 ], [ 139.145651245408658, 36.142933306127247 ], [ 139.143844305969992, 36.142840252375777 ], [ 139.139814577880543, 36.14349053326157 ], [ 139.136661529605931, 36.145659694439416 ] ] ] } },
{ "type": "Feature", "properties": { "regioncode": "1136500", "regionname": "埼玉県小鹿野町", "name": "小鹿野町", "namekana": "おがのまち", "PrefCode": "11" }, "geometry": { "type": "Polygon", "coordinates": [ [ [ 138.931076329109374, 36.088119532090786 ], [ 138.929069947919857, 36.088687305574751 ], [ 138.928366328243555, 36.089200359808785 ], [ 138.925846303763933, 36.089325080488152 ], [ 138.924834916298437, 36.090758440649552 ], [ 138.922719637101636, 36.090898721398901 ], [ 138.920936589052417, 36.091430666791894 ], [ 138.919446588689198, 36.092456224874923 ], [ 138.916314086326111, 36.093749027295814 ], [ 138.914175188234367, 36.092706251692221 ], [ 138.913496031017075, 36.091845972813474 ], [ 138.910744915845271, 36.090751801854196 ], [ 138.907769078979868, 36.092049585619918 ], [ 138.902463501589409, 36.09162489157552 ], [ 138.90088905308744, 36.090687946391654 ], [ 138.899779883235055, 36.090877946160333 ], [ 138.897858781157879, 36.090654613020035 ], [ 138.897474890254102, 36.089709054129571 ], [ 138.894835446598677, 36.087518505274829 ], [ 138.892376278342681, 36.087832413635056 ], [ 138.891520168720831, 36.087558802097078 ], [ 138.886712944346982, 36.084177973534679 ], [ 138.885773774240306, 36.084081306307269 ], [ 138.884851828848923, 36.08354102689691 ], [ 138.881586278084342, 36.083534080533468 ], [ 138.877779338145956, 36.082581891840903 ], [ 138.873422387233404, 36.080826890948288 ], [ 138.872369611168665, 36.080155775468711 ], [ 138.871842672301568, 36.079389667299381 ], [ 138.867999856608208, 36.078790504777999 ], [ 138.867405694317426, 36.078003838106667 ], [ 138.86480625160732, 36.077346919324896 ], [ 138.864158754123309, 36.076828586070462 ], [ 138.86399180307933, 36.074889135125545 ], [ 138.862067367215332, 36.07321386632691 ], [ 138.861748196022518, 36.071690252902897 ], [ 138.859177367041866, 36.069919414049764 ], [ 138.854711777126909, 36.068514693698205 ], [ 138.853583994905534, 36.069132197892657 ], [ 138.850763995262241, 36.069264694110416 ], [ 138.848900947121024, 36.06739191800267 ], [ 138.84603705606537, 36.06662500044348 ], [ 138.844988443861666, 36.062305559354115 ], [ 138.845261192949806, 36.061118332844842 ], [ 138.843855357438883, 36.059486387986453 ], [ 138.843715358177292, 36.057636945688557 ], [ 138.842939247748177, 36.055957774731553 ], [ 138.840908145994263, 36.054505838173952 ], [ 138.838966445844903, 36.051198612825772 ], [ 138.837611440015962, 36.049950558871274 ], [ 138.836101439629829, 36.049593332866095 ], [ 138.834628949066769, 36.050175838144469 ], [ 138.833820609633449, 36.048421667326124 ], [ 138.83209058381351, 36.047642504597945 ], [ 138.8319991956065, 36.047163333221306 ], [ 138.832483646003539, 36.046720837996304 ], [ 138.831801140610196, 36.044781107362269 ], [ 138.829115005952872, 36.041617504644194 ], [ 138.828959168730762, 36.038703333392164 ], [ 138.828394720040365, 36.037302532286105 ], [ 138.830246109370478, 36.036551666726098 ], [ 138.831582775324932, 36.035072774788773 ], [ 138.834306693199437, 36.034465000359546 ], [ 138.83473724992416, 36.034089170978518 ], [ 138.836570311071114, 36.034328612775312 ], [ 138.837989754223827, 36.033653891913616 ], [ 138.838783086670219, 36.033704441007217 ], [ 138.840297807597835, 36.031481387056431 ], [ 138.841792801896304, 36.03047583709025 ], [ 138.841969754300749, 36.0293930542461 ], [ 138.841549196238475, 36.028354170908301 ], [ 138.842003645252134, 36.027877505042852 ], [ 138.842207250864021, 36.026932775327396 ], [ 138.841529468710064, 36.025816108726474 ], [ 138.841235279784428, 36.023289171158353 ], [ 138.840964162965861, 36.022919440979479 ], [ 138.83987861200842, 36.022611108415958 ], [ 138.839267496597699, 36.021905000315542 ], [ 138.838204968284685, 36.01844780222433 ], [ 138.838830506123031, 36.016259468399824 ], [ 138.838622141298856, 36.013649748237356 ], [ 138.840640998783101, 36.011226972846544 ], [ 138.839143450410006, 36.007417837663127 ], [ 138.840725668155073, 36.006589775197995 ], [ 138.840923163773027, 36.00614200005333 ], [ 138.840416225828221, 36.005266721382156 ], [ 138.840382866376217, 36.003175053885684 ], [ 138.839521166568602, 36.000800612558294 ], [ 138.841452826686691, 36.000429224928837 ], [ 138.842471725290011, 35.999571170972843 ], [ 138.845427002754036, 35.998303667380412 ], [ 138.845844772917985, 35.997427838324143 ], [ 138.847366692918627, 35.996323387214602 ], [ 138.847756978002167, 35.995390333397211 ], [ 138.849768909807381, 35.995115333306046 ], [ 138.850231970728942, 35.993705612723886 ], [ 138.852654720938631, 35.991832279036487 ], [ 138.853278339623785, 35.990719531681123 ], [ 138.854360272608574, 35.990287305814547 ], [ 138.854656394177368, 35.989159251098613 ], [ 138.855884449008158, 35.988143134997756 ], [ 138.856869416190648, 35.986775640283611 ], [ 138.859148859432366, 35.985307306387142 ], [ 138.860714422632554, 35.984958134710212 ], [ 138.862408301102278, 35.983958414149527 ], [ 138.866024941797718, 35.98047369410574 ], [ 138.866752995154684, 35.981255640235645 ], [ 138.868160532182856, 35.981444801836176 ], [ 138.874523554018879, 35.979064252313435 ], [ 138.875822438554792, 35.977134532033062 ], [ 138.878796329287184, 35.975056775250039 ], [ 138.883835497810082, 35.973155108421565 ], [ 138.886252165904807, 35.974493694428531 ], [ 138.891477173033195, 35.974310080745681 ], [ 138.89216272443025, 35.973781747929365 ], [ 138.893999662554393, 35.973210360070141 ], [ 138.896318003273336, 35.973104802144974 ], [ 138.897273864797057, 35.974353414578445 ], [ 138.898695524778759, 35.975421468326147 ], [ 138.900350531851586, 35.975402305572004 ], [ 138.901286354681588, 35.974647026139394 ], [ 138.903354423068208, 35.974157586303591 ], [ 138.904423865369154, 35.972897585755049 ], [ 138.905399416649857, 35.972451468060854 ], [ 138.90933941578146, 35.972107305607722 ], [ 138.910373580376472, 35.971195359778108 ], [ 138.912186913095638, 35.971003693565649 ], [ 138.913131088828777, 35.970236748127491 ], [ 138.91698136170055, 35.970315080876333 ], [ 138.917905523920808, 35.969904251679907 ], [ 138.91832858569569, 35.96810397262027 ], [ 138.918689143689107, 35.967802586420305 ], [ 138.921754136644154, 35.967251197684675 ], [ 138.922984136708578, 35.966671748302588 ], [ 138.924276640554581, 35.966965359863536 ], [ 138.925379442307531, 35.96866755886083 ], [ 138.926652217725746, 35.969931720572504 ], [ 138.929147223965288, 35.970468107717068 ], [ 138.930425836882932, 35.970115053666859 ], [ 138.932100025595787, 35.97029197279636 ], [ 138.934817249816319, 35.969187531579394 ], [ 138.936788638384996, 35.969182251659618 ], [ 138.938473086563704, 35.968306694198645 ], [ 138.93954250278432, 35.966858360325148 ], [ 138.943141698430736, 35.966650865145368 ], [ 138.943581141356617, 35.966883919057693 ], [ 138.943878366393506, 35.968157252055562 ], [ 138.946237834008912, 35.969366666638393 ], [ 138.951008663718881, 35.969998586065969 ], [ 138.951317029557345, 35.971140531710205 ], [ 138.951021749753977, 35.971897466794701 ], [ 138.951282866111455, 35.973560774610121 ], [ 138.952528144758162, 35.974424666964865 ], [ 138.953055383099468, 35.97562827912185 ], [ 138.954304553112706, 35.977046586430845 ], [ 138.957771530431842, 35.979599332743078 ], [ 138.960652361117582, 35.979069332583663 ], [ 138.961238755064528, 35.978577387236669 ], [ 138.962908197155684, 35.978230999860784 ], [ 138.96462457756229, 35.978367945923992 ], [ 138.967834890168092, 35.979475693948189 ], [ 138.969981025104289, 35.980907359786897 ], [ 138.971040725948797, 35.980297080745743 ], [ 138.972235188403261, 35.980412613051726 ], [ 138.973922697874286, 35.979100666762406 ], [ 138.976241855177591, 35.980408440197436 ], [ 138.977303255740708, 35.981562891814065 ], [ 138.979845772264639, 35.982165918722217 ], [ 138.98144688656464, 35.983239532078812 ], [ 138.983077444668425, 35.981974250711176 ], [ 138.983873839306284, 35.981756198389917 ], [ 138.984498833054772, 35.981029252098381 ], [ 138.984348833332092, 35.980126748250882 ], [ 138.985149390032348, 35.97974174758366 ], [ 138.985616057235347, 35.979079253005182 ], [ 138.986305226604941, 35.978908135402207 ], [ 138.987182996398246, 35.979305640243183 ], [ 138.987884942436153, 35.978972304728131 ], [ 138.991866886847447, 35.978835918942536 ], [ 138.992430777958134, 35.976876774643472 ], [ 138.99315438416761, 35.976141225437232 ], [ 138.995434941669259, 35.976436224652105 ], [ 138.995927444595964, 35.976863694004351 ], [ 138.997538832751047, 35.977249531940402 ], [ 139.000339689425232, 35.979234802444239 ], [ 139.003640829960432, 35.980106748227911 ], [ 139.004784449242948, 35.979919801657559 ], [ 139.0059138907136, 35.980177026648505 ], [ 139.00840472140078, 35.979683135168614 ], [ 139.008543061413206, 35.978178694391261 ], [ 139.009313022278207, 35.975914838199287 ], [ 139.010376640569575, 35.975144279285132 ], [ 139.012772475869156, 35.971973748189953 ], [ 139.012398002665805, 35.970475693498486 ], [ 139.012582995908588, 35.968577667125714 ], [ 139.011910507164202, 35.967636558980075 ], [ 139.012617976838214, 35.966612667340769 ], [ 139.014790219992733, 35.967961839267502 ], [ 139.01718189412918, 35.9670096397831 ], [ 139.018743554271623, 35.967289360415691 ], [ 139.020466328858106, 35.968554080606395 ], [ 139.023653580148675, 35.967861305854626 ], [ 139.025158029019849, 35.968295467961525 ], [ 139.025784423012738, 35.968081864586452 ], [ 139.026731633957752, 35.968589360110911 ], [ 139.027809974151069, 35.96836855856219 ], [ 139.028789689292807, 35.96890717062945 ], [ 139.02896719747821, 35.969596305824894 ], [ 139.031194448564975, 35.971087999611541 ], [ 139.032448340018959, 35.972558803046354 ], [ 139.033758611770622, 35.972903280262244 ], [ 139.0347730614277, 35.97366189168298 ], [ 139.035735005965762, 35.973516613401046 ], [ 139.036367807628267, 35.973911333041656 ], [ 139.037563916741419, 35.973996333364141 ], [ 139.038476977730397, 35.975225224564497 ], [ 139.040529754044996, 35.975803000308247 ], [ 139.041964227567064, 35.977055774804228 ], [ 139.041988392350504, 35.977787721326308 ], [ 139.043551996827205, 35.979238558912414 ], [ 139.043872284078702, 35.981398557797263 ], [ 139.04501313884532, 35.982978000234596 ], [ 139.044573139239105, 35.983177720775245 ], [ 139.045272309069901, 35.983767999793429 ], [ 139.046933995407585, 35.987364946235346 ], [ 139.047829831681497, 35.988622693982165 ], [ 139.047520116859914, 35.988827413854096 ], [ 139.050489857221237, 35.991997972828244 ], [ 139.046864034447708, 35.996596532903709 ], [ 139.043501829046249, 35.99896066710113 ], [ 139.042524060037408, 36.000067026572083 ], [ 139.040979882715533, 36.000821440856839 ], [ 139.040782672182672, 36.001718946272376 ], [ 139.042709079360634, 36.003179504630509 ], [ 139.044208520806706, 36.003328972853865 ], [ 139.046349921711567, 36.004565919281788 ], [ 139.046530466907598, 36.005163972939044 ], [ 139.047479636575986, 36.005596468602221 ], [ 139.047910751779796, 36.006384801717275 ], [ 139.050158275384206, 36.008191748350555 ], [ 139.050990506206972, 36.009316748069523 ], [ 139.050924383553479, 36.009671197867533 ], [ 139.049980505496023, 36.010012864701991 ], [ 139.04871661537959, 36.011170054754302 ], [ 139.048866912777839, 36.012303386691997 ], [ 139.049698858515626, 36.013068386896578 ], [ 139.048246641369474, 36.015175865373919 ], [ 139.049414967726648, 36.017000864997954 ], [ 139.051295836833447, 36.018163918629966 ], [ 139.052108340127916, 36.018263387245554 ], [ 139.052047782479235, 36.018775332615576 ], [ 139.050270558439593, 36.019220306372119 ], [ 139.049870271995474, 36.020698918620269 ], [ 139.049208885381859, 36.020438332862796 ], [ 139.04792388997555, 36.021872505112071 ], [ 139.047076108975261, 36.022139414002822 ], [ 139.04605555112289, 36.021905531814866 ], [ 139.045795005834862, 36.023018027360138 ], [ 139.043104450110377, 36.023582440976895 ], [ 139.042000856054756, 36.024207414040973 ], [ 139.040477223744915, 36.023616865226188 ], [ 139.039321388071698, 36.023907413696236 ], [ 139.038876938619865, 36.023307413906082 ], [ 139.039212776048885, 36.021888531930244 ], [ 139.03805999986912, 36.02051825201579 ], [ 139.037053606338873, 36.019974919407048 ], [ 139.034720246042639, 36.019276558966055 ], [ 139.033049973877269, 36.019416532147318 ], [ 139.032327471136, 36.0185087483801 ], [ 139.03145302253904, 36.018676251607758 ], [ 139.029577472022766, 36.01801844069854 ], [ 139.02859691331696, 36.018125108387096 ], [ 139.027386354796477, 36.017182332898415 ], [ 139.026466354638615, 36.017131774811617 ], [ 139.025427756385966, 36.016081504258068 ], [ 139.024138586326785, 36.015993135075178 ], [ 139.023678585798166, 36.016803134656982 ], [ 139.022209416431451, 36.017386999710311 ], [ 139.02167330717748, 36.018637837965912 ], [ 139.0210146958716, 36.018567557746621 ], [ 139.020856354936882, 36.018137558601495 ], [ 139.020144695321505, 36.018181441020715 ], [ 139.019378585353479, 36.01965113469214 ], [ 139.017778586212899, 36.021535558819039 ], [ 139.016549143728071, 36.021954170748415 ], [ 139.015944449476819, 36.023540251981103 ], [ 139.014090271349005, 36.024009946302044 ], [ 139.013709441737433, 36.02515297293138 ], [ 139.01108778127616, 36.026499107847599 ], [ 139.009414448717848, 36.027849385940442 ], [ 139.007843605597941, 36.027821891866893 ], [ 139.007011388265028, 36.028353865138797 ], [ 139.00530775574839, 36.027817747790891 ], [ 139.002663864945475, 36.027590802073917 ], [ 139.001255810807038, 36.028697225396684 ], [ 138.999284695632241, 36.028549170907581 ], [ 138.997853580178685, 36.029298333151587 ], [ 138.996728859249515, 36.030941134625721 ], [ 138.995646911875497, 36.030585027377185 ], [ 138.993819947232851, 36.030735585578839 ], [ 138.992862165656447, 36.03155530683199 ], [ 138.992091050961335, 36.031642279367759 ], [ 138.990120777551851, 36.032912559167301 ], [ 138.986737172782341, 36.033419251597252 ], [ 138.984052724353774, 36.03434397319586 ], [ 138.983671336263228, 36.037257863859395 ], [ 138.983203281406418, 36.037874801480939 ], [ 138.981819662747284, 36.038289558916063 ], [ 138.979728274940044, 36.038311505071931 ], [ 138.977504668805523, 36.039531504675267 ], [ 138.975396588681633, 36.039552919331811 ], [ 138.973803527810674, 36.040966251591271 ], [ 138.969901855086619, 36.042885171013893 ], [ 138.969062411700975, 36.043645170987929 ], [ 138.968938807080349, 36.044036279850502 ], [ 138.969768520700768, 36.045541837585802 ], [ 138.969917444834323, 36.046529332762532 ], [ 138.971319104792883, 36.047751279398085 ], [ 138.972239390035838, 36.050149053635948 ], [ 138.971985227236473, 36.051237387095796 ], [ 138.972504695435418, 36.053163224103571 ], [ 138.972359973833818, 36.053535171111321 ], [ 138.969893554344139, 36.054163225252694 ], [ 138.96823577196335, 36.055275720797908 ], [ 138.967522437810317, 36.055081585946482 ], [ 138.965058559804788, 36.055526027304381 ], [ 138.965207716862665, 36.056254918829495 ], [ 138.963575772004333, 36.056084359705494 ], [ 138.961814670111039, 36.056946585616458 ], [ 138.961454383712862, 36.057698279452097 ], [ 138.959467444966663, 36.059387171181072 ], [ 138.954937444707411, 36.059724134561236 ], [ 138.951559636967772, 36.061922467947568 ], [ 138.950457418874862, 36.061890532122391 ], [ 138.949310466704787, 36.062657467668032 ], [ 138.948371025002871, 36.064480558930711 ], [ 138.947283527912532, 36.065040278985748 ], [ 138.946829921563676, 36.066159441205286 ], [ 138.945573528195837, 36.066329171154393 ], [ 138.944708249086489, 36.067375000855634 ], [ 138.943785472721402, 36.069182774865226 ], [ 138.943444111656504, 36.071466414343604 ], [ 138.940423528123347, 36.072373919320967 ], [ 138.940255227196985, 36.074571413639887 ], [ 138.939034916428341, 36.074620306182226 ], [ 138.937979636650994, 36.075538639896365 ], [ 138.936232968876425, 36.076134224914597 ], [ 138.935122412269607, 36.077076441024985 ], [ 138.934810194634792, 36.078349225436455 ], [ 138.93341019482466, 36.078825054033075 ], [ 138.933210194594835, 36.080203106788019 ], [ 138.932240194829205, 36.081051441770683 ], [ 138.931548832912426, 36.083161720736882 ], [ 138.931846057049938, 36.085302027166847 ], [ 138.931076329109374, 36.088119532090786 ] ] ] } },
{ "type": "Feature", "properties": { "regioncode": "1136900", "regionname": "埼玉県東秩父村", "name": "東秩父村", "namekana": "ひがしちちぶむら", "PrefCode": "11" }, "geometry": { "type": "Polygon", "coordinates": [ [ [ 139.197696005066632, 36.068694505047404 ], [ 139.195692944174084, 36.068938946175479 ], [ 139.195129610643107, 36.068496999536933 ], [ 139.1936615564357, 36.068467838120284 ], [ 139.193452943398711, 36.068859775258488 ], [ 139.19232739329459, 36.069317837748088 ], [ 139.191119053401621, 36.069535053699838 ], [ 139.190041829267102, 36.069247278738999 ], [ 139.18885905260322, 36.070096720787092 ], [ 139.186965162212573, 36.070797000381333 ], [ 139.18665713361986, 36.073177837687126 ], [ 139.184451582274733, 36.073031440648492 ], [ 139.184139363740655, 36.07408450539566 ], [ 139.183389364227878, 36.074504225289843 ], [ 139.182929078614166, 36.075958667358691 ], [ 139.182273256105987, 36.076631719977968 ], [ 139.1811901953713, 36.077008640236613 ], [ 139.180915745665175, 36.077678918447361 ], [ 139.179886030915668, 36.078262531690541 ], [ 139.179148521187358, 36.079422801920828 ], [ 139.179069079574447, 36.080096693607572 ], [ 139.177946329059864, 36.081490026743381 ], [ 139.175782996388193, 36.083043919441366 ], [ 139.17510133635767, 36.08434113483554 ], [ 139.173718832857958, 36.085352801990268 ], [ 139.174632724820412, 36.087561134938483 ], [ 139.174287198095726, 36.090103081292227 ], [ 139.171781336139816, 36.088393918844304 ], [ 139.169144383606522, 36.088070865278269 ], [ 139.166867173381434, 36.088628640099728 ], [ 139.165562166260997, 36.089221946235909 ], [ 139.165138002816661, 36.089846946279579 ], [ 139.162628833154145, 36.090869442171083 ], [ 139.158773281262029, 36.091545279091406 ], [ 139.157478274602795, 36.092586945830931 ], [ 139.15637466885596, 36.092076108425715 ], [ 139.156212438353464, 36.091523054145682 ], [ 139.154907717217384, 36.090650558876234 ], [ 139.153428559980171, 36.09060833300822 ], [ 139.152009921720605, 36.089449170742682 ], [ 139.151512698252532, 36.088383613513031 ], [ 139.153669636744439, 36.086646667409809 ], [ 139.154314643106318, 36.084421386737688 ], [ 139.155171310307765, 36.083137504692161 ], [ 139.155788248828685, 36.082740278640983 ], [ 139.155835447048275, 36.078848892362544 ], [ 139.156336005202547, 36.077531945842679 ], [ 139.15663791211, 36.074493892079488 ], [ 139.157845966917876, 36.072274171016204 ], [ 139.158204306283778, 36.069933919215032 ], [ 139.15741014286391, 36.068346415254894 ], [ 139.156937886374408, 36.066201134674657 ], [ 139.159119558920565, 36.063550305602178 ], [ 139.158935939841854, 36.062128919014469 ], [ 139.159221777662992, 36.061390865196302 ], [ 139.158872580804996, 36.060168918560805 ], [ 139.159390077689977, 36.058867801907581 ], [ 139.158583138501058, 36.058073639386976 ], [ 139.158412866260846, 36.056838080612977 ], [ 139.157920920913853, 36.055979468177952 ], [ 139.156364253807283, 36.054824199077586 ], [ 139.155940610171115, 36.053261413883206 ], [ 139.156997004208392, 36.051277531932612 ], [ 139.157498105553145, 36.048336693983288 ], [ 139.157120583648066, 36.047129197654385 ], [ 139.157585304718054, 36.045644225400736 ], [ 139.156120855892823, 36.044890892101023 ], [ 139.155581971331003, 36.043322558988962 ], [ 139.154461699347962, 36.04243505403457 ], [ 139.156090000153426, 36.040213108048533 ], [ 139.155936666643925, 36.039339774610937 ], [ 139.156512218364242, 36.038676440965048 ], [ 139.156881114871567, 36.036135332779452 ], [ 139.156385836637128, 36.034461440842847 ], [ 139.156862192236417, 36.031827838284187 ], [ 139.155887756115135, 36.030230892341876 ], [ 139.153783280474045, 36.028388694082992 ], [ 139.153463838585367, 36.027547026673972 ], [ 139.152744668731543, 36.026891197870555 ], [ 139.153629947863919, 36.026105640063292 ], [ 139.153296328163037, 36.023300081733453 ], [ 139.156590751661952, 36.020135639947853 ], [ 139.158251310249852, 36.01779730640061 ], [ 139.158966031157433, 36.017384252281488 ], [ 139.16030603089871, 36.015057892307937 ], [ 139.162292139570695, 36.014143440067755 ], [ 139.162567420250298, 36.0134790002557 ], [ 139.163298521409729, 36.01316594625149 ], [ 139.163788805708919, 36.011144559873571 ], [ 139.164532140346068, 36.00979344181394 ], [ 139.164508222876293, 36.008442613336001 ], [ 139.165728223378892, 36.007576505051702 ], [ 139.167367950970174, 36.005536775202074 ], [ 139.170196278335652, 36.003998748343633 ], [ 139.171432671680463, 36.002869865352068 ], [ 139.173099882553629, 36.002180413595283 ], [ 139.174912672082201, 36.000411531666884 ], [ 139.175696004966767, 35.998244305830099 ], [ 139.176200726082698, 35.997730414327236 ], [ 139.181346004714442, 35.997763747698855 ], [ 139.18332600519102, 35.998630694151245 ], [ 139.185662113815511, 35.999121802229467 ], [ 139.186896032226173, 36.002024026887398 ], [ 139.188648520412926, 36.003180694433581 ], [ 139.190321335860972, 36.006360666611499 ], [ 139.190263281025636, 36.007849559009969 ], [ 139.189113281053096, 36.010913441302307 ], [ 139.190667472326027, 36.012631224651329 ], [ 139.190771362008832, 36.013640387194187 ], [ 139.189095810823119, 36.015162053585982 ], [ 139.187930803863537, 36.016931504785191 ], [ 139.188076354640089, 36.018866225296108 ], [ 139.186036109478891, 36.021423440339561 ], [ 139.185796666782835, 36.022206468353886 ], [ 139.185742775808535, 36.024924251952712 ], [ 139.186307223599556, 36.0262881349895 ], [ 139.18753749705786, 36.026976467989641 ], [ 139.18830642100454, 36.028108135282253 ], [ 139.189606419800498, 36.028124251133363 ], [ 139.191148365904382, 36.028840359694868 ], [ 139.193276693364737, 36.028967891654929 ], [ 139.194330026109924, 36.028561225420276 ], [ 139.196978638353585, 36.029472054291944 ], [ 139.199036135209553, 36.029315666684738 ], [ 139.199782801834886, 36.030291774645718 ], [ 139.201562528687759, 36.031383171196467 ], [ 139.201984746898574, 36.032161775445616 ], [ 139.203533113262665, 36.032805946337419 ], [ 139.205387276101987, 36.034684837835073 ], [ 139.207597003898627, 36.034997333360309 ], [ 139.209680894957387, 36.036033721079434 ], [ 139.210969532617924, 36.038380667433898 ], [ 139.212243695690063, 36.039538441146192 ], [ 139.217267029849609, 36.041467333150933 ], [ 139.219631777384734, 36.044125945855797 ], [ 139.220301219225917, 36.044491504979021 ], [ 139.220489001266515, 36.045546505067193 ], [ 139.223262049104392, 36.046462052681647 ], [ 139.225606498041543, 36.046226225260114 ], [ 139.227933164683918, 36.047339585953182 ], [ 139.232472606925285, 36.048367919344059 ], [ 139.232944305835076, 36.049295694141051 ], [ 139.235340415427913, 36.05023013471299 ], [ 139.236309585119329, 36.050476252177361 ], [ 139.237044306049938, 36.050088198311755 ], [ 139.237420972699738, 36.050424586125814 ], [ 139.238155422035106, 36.050359863716778 ], [ 139.238989027022058, 36.051256531863487 ], [ 139.238173748419854, 36.052355414370936 ], [ 139.238221531198747, 36.053070693757547 ], [ 139.23742486406627, 36.053102080996268 ], [ 139.236553190777158, 36.054179585719339 ], [ 139.234670700192737, 36.054917081058477 ], [ 139.232789299586557, 36.054729558922077 ], [ 139.229568196914784, 36.053284558835401 ], [ 139.229332632994669, 36.053832333195658 ], [ 139.227720143170131, 36.054522613228073 ], [ 139.226931802860463, 36.056043999930694 ], [ 139.225830169326969, 36.056517054118785 ], [ 139.225467665200654, 36.059110946213252 ], [ 139.224167664606057, 36.059198170559171 ], [ 139.223060440886684, 36.059817891582497 ], [ 139.221075162289026, 36.060135945817308 ], [ 139.219996277106588, 36.060882332753522 ], [ 139.219134616869155, 36.060670108039119 ], [ 139.218377664697528, 36.061066504915345 ], [ 139.215941555958125, 36.06114341403736 ], [ 139.214236005187558, 36.0629364679437 ], [ 139.212540168893725, 36.063278134778159 ], [ 139.211595162186995, 36.063984531560948 ], [ 139.210236005087609, 36.063583414143295 ], [ 139.20820710757198, 36.064461746912116 ], [ 139.206356835199813, 36.064580639984626 ], [ 139.205959610947389, 36.064969532018324 ], [ 139.205911555673765, 36.0656514681408 ], [ 139.202975447259178, 36.065587027219578 ], [ 139.202356005025649, 36.066913413922975 ], [ 139.200708494701303, 36.06723619679309 ], [ 139.199986550439007, 36.067873134437662 ], [ 139.197696005066632, 36.068694505047404 ] ] ] } },
{ "type": "Feature", "properties": { "regioncode": "1138100", "regionname": "埼玉県美里町", "name": "美里町", "namekana": "みさとまち", "PrefCode": "11" }, "geometry": { "type": "MultiPolygon", "coordinates": [ [ [ [ 139.148302528638851, 36.196453918913278 ], [ 139.145840025696657, 36.19507086412915 ], [ 139.145483359069885, 36.195379747977029 ], [ 139.145421413767281, 36.196073359997627 ], [ 139.143732218067498, 36.195622251965403 ], [ 139.144271115219908, 36.194888359310369 ], [ 139.145293890800531, 36.195088079851075 ], [ 139.1455319449434, 36.194403640016048 ], [ 139.149206692634834, 36.195336972623238 ], [ 139.148302528638851, 36.196453918913278 ] ] ], [ [ [ 139.150660026738933, 36.198581972979696 ], [ 139.149817808045441, 36.198499747965059 ], [ 139.149285576668149, 36.198044198181265 ], [ 139.149628079872059, 36.195458918894019 ], [ 139.152021699242141, 36.196021972735878 ], [ 139.151483358770065, 36.196268639686025 ], [ 139.150660026738933, 36.198581972979696 ] ] ], [ [ [ 139.151682802319556, 36.198640586294061 ], [ 139.152550310848255, 36.196340865138893 ], [ 139.15510418940687, 36.196390026578513 ], [ 139.154718664434881, 36.198152251725105 ], [ 139.153994474565366, 36.196712803153389 ], [ 139.153475032446863, 36.19818502661775 ], [ 139.151682802319556, 36.198640586294061 ] ] ], [ [ [ 139.194097664675496, 36.208243081253272 ], [ 139.193060142911349, 36.207398920024218 ], [ 139.191137367195779, 36.206621973225538 ], [ 139.191109025960827, 36.207248360023868 ], [ 139.191575421568473, 36.20767697331371 ], [ 139.190583190561824, 36.209426694286549 ], [ 139.182387366583725, 36.20918280174493 ], [ 139.181171244857183, 36.210053919253028 ], [ 139.181523476027678, 36.210528360195724 ], [ 139.181339585353612, 36.210862801876885 ], [ 139.180194035226577, 36.211192252320643 ], [ 139.174239856883901, 36.210786134672446 ], [ 139.173301776755693, 36.210475304691613 ], [ 139.172082048747598, 36.21079697330174 ], [ 139.169242606660987, 36.209504748245593 ], [ 139.168178170885994, 36.208665586347763 ], [ 139.166247328251643, 36.208104467846965 ], [ 139.163006200375889, 36.205221135247257 ], [ 139.161323112871401, 36.200080586150193 ], [ 139.160523671330452, 36.199063080596716 ], [ 139.160109222362735, 36.198844747687019 ], [ 139.159712283195404, 36.199379197691883 ], [ 139.159148392084717, 36.199298918810086 ], [ 139.158443670738848, 36.197979748266846 ], [ 139.15777588814683, 36.199372252227704 ], [ 139.157344227953786, 36.199435586083496 ], [ 139.157390337094398, 36.198044467977866 ], [ 139.15684922221385, 36.197510026966199 ], [ 139.156365887875495, 36.198791694880867 ], [ 139.155428392306476, 36.198998639675551 ], [ 139.156128392211599, 36.196586693920835 ], [ 139.156887562111365, 36.196500305944426 ], [ 139.157037275849689, 36.195994467870435 ], [ 139.159516160842259, 36.195791972921256 ], [ 139.161322826887044, 36.196119467339599 ], [ 139.160649779663686, 36.195102531956309 ], [ 139.160384475163482, 36.193132252251701 ], [ 139.160091413987629, 36.192672251723081 ], [ 139.156386976977501, 36.191707252187996 ], [ 139.155702243963447, 36.19045058542622 ], [ 139.155005279270313, 36.187301693818142 ], [ 139.152701673043794, 36.183360558842764 ], [ 139.152494721054609, 36.182377775214206 ], [ 139.149906938954132, 36.182706945968846 ], [ 139.149915278367416, 36.182036666858721 ], [ 139.15047333287805, 36.181232225087172 ], [ 139.151411115330802, 36.181163333421125 ], [ 139.15136500619019, 36.180806945584095 ], [ 139.150783865183257, 36.180783892362797 ], [ 139.152753306719774, 36.177550279222032 ], [ 139.154484968406678, 36.176280279111666 ], [ 139.152894422939312, 36.174638892271105 ], [ 139.152972191813319, 36.173852224700454 ], [ 139.152057198181183, 36.173179720667633 ], [ 139.15168775578536, 36.172347774030584 ], [ 139.15080719809373, 36.171801667912689 ], [ 139.1505771730981, 36.170755559421593 ], [ 139.149076328709612, 36.168598891625606 ], [ 139.145939104905779, 36.166462505340405 ], [ 139.145739389761047, 36.16582805432131 ], [ 139.144656588930502, 36.164946108975812 ], [ 139.143363799999406, 36.164990837657058 ], [ 139.142901025062315, 36.164469999790697 ], [ 139.143482697568516, 36.161095278524328 ], [ 139.142631581882029, 36.16046277543677 ], [ 139.143613255747255, 36.159499440546824 ], [ 139.144676589852793, 36.159311386911043 ], [ 139.144939078575703, 36.157666945972835 ], [ 139.146351310064915, 36.155480559180489 ], [ 139.146150194675783, 36.153813054229147 ], [ 139.14648238715256, 36.152932775327372 ], [ 139.144823217117846, 36.152108052944357 ], [ 139.142108780795638, 36.151818865148584 ], [ 139.141505719713223, 36.151417198245156 ], [ 139.141052386758361, 36.150224973303921 ], [ 139.138741556277864, 36.14829080227878 ], [ 139.136784864430069, 36.147763305831973 ], [ 139.137105422377431, 36.14675636101731 ], [ 139.136661529605931, 36.145659694439416 ], [ 139.137127366734603, 36.145161080619403 ], [ 139.139614577650718, 36.143542747899573 ], [ 139.143844305969992, 36.142840252375777 ], [ 139.145651245408658, 36.142933306127247 ], [ 139.147369857033368, 36.141771640149102 ], [ 139.148727639069307, 36.141893332811094 ], [ 139.150952632857752, 36.141374719867486 ], [ 139.153700726307534, 36.141622224985724 ], [ 139.155467638720665, 36.140252224760388 ], [ 139.158399299987764, 36.139446666930212 ], [ 139.157573475935237, 36.138318333424422 ], [ 139.158195965971117, 36.137370558604459 ], [ 139.159181530303499, 36.136687224935542 ], [ 139.159606253126185, 36.135856666851737 ], [ 139.160619857420556, 36.134972504677421 ], [ 139.162329027063038, 36.134840558844758 ], [ 139.163644033745186, 36.133898892220145 ], [ 139.164516252023532, 36.132239170901073 ], [ 139.165075965783217, 36.132013613737342 ], [ 139.170048196866901, 36.132143613437051 ], [ 139.173055135885875, 36.133249171612022 ], [ 139.174490972780291, 36.134204441381939 ], [ 139.176741529797823, 36.13481058623961 ], [ 139.179738222840797, 36.137651972660478 ], [ 139.181220441370328, 36.137909197651425 ], [ 139.183257393214149, 36.139424468064817 ], [ 139.185196004192335, 36.140351973065151 ], [ 139.187087691244074, 36.141977801634312 ], [ 139.190551025409604, 36.143069198185003 ], [ 139.192852413008495, 36.144415307020836 ], [ 139.194488560398781, 36.147172801983288 ], [ 139.194978585693207, 36.1541978021869 ], [ 139.197741362374018, 36.15904836039357 ], [ 139.197751114622292, 36.160806134795337 ], [ 139.196524163259596, 36.163198917795853 ], [ 139.196337782362775, 36.165077532302348 ], [ 139.195084720983118, 36.166290027063155 ], [ 139.193325576913935, 36.170141413295653 ], [ 139.191996135213572, 36.171003918895792 ], [ 139.189689467694848, 36.173351694425207 ], [ 139.189812529124993, 36.174619747503414 ], [ 139.189408910692691, 36.175349468203422 ], [ 139.18990308725779, 36.176583359634378 ], [ 139.192476719425144, 36.177378080633957 ], [ 139.193222555076886, 36.180479197556963 ], [ 139.195261724648958, 36.181042252298141 ], [ 139.19710978019225, 36.182252252339651 ], [ 139.198205888291227, 36.181778359983355 ], [ 139.201164811606873, 36.18283086535223 ], [ 139.203900920691012, 36.184200027409418 ], [ 139.205470362667143, 36.186026973166349 ], [ 139.207872334940362, 36.187137532471183 ], [ 139.207032606469625, 36.188196135243516 ], [ 139.206693164557919, 36.189278918087666 ], [ 139.207533164623896, 36.191553639888639 ], [ 139.207283722366014, 36.19218864129283 ], [ 139.207811503897801, 36.192664198294153 ], [ 139.208094864086775, 36.194698080751891 ], [ 139.208783190791678, 36.195541134915516 ], [ 139.20824124493754, 36.198290305753062 ], [ 139.20714041539793, 36.199174747616553 ], [ 139.206235422226996, 36.199414747892376 ], [ 139.205207911715775, 36.1992264136681 ], [ 139.204918755396307, 36.199470864688692 ], [ 139.203228197223552, 36.198830586062741 ], [ 139.201606524421663, 36.199042531987288 ], [ 139.201568197114625, 36.19873391973465 ], [ 139.200795422270971, 36.198305305545489 ], [ 139.199978716444662, 36.196870865298251 ], [ 139.197368715693756, 36.196503638831928 ], [ 139.196892607408017, 36.197450305687084 ], [ 139.197156524254297, 36.199362251766559 ], [ 139.196911530043167, 36.200558359980391 ], [ 139.196944891293811, 36.208658639984321 ], [ 139.195598494674869, 36.208808919396176 ], [ 139.194097664675496, 36.208243081253272 ] ] ] ] } },
{ "type": "Feature", "properties": { "regioncode": "1138300", "regionname": "埼玉県神川町", "name": "神川町", "namekana": "かみかわまち", "PrefCode": "11" }, "geometry": { "type": "Polygon", "coordinates": [ [ [ 139.13594369614475, 36.221254748707736 ], [ 139.135035915075491, 36.221739198205512 ], [ 139.134173385193662, 36.220793080836074 ], [ 139.129893113176649, 36.223228639190381 ], [ 139.128605888351103, 36.221739468002113 ], [ 139.126466161084522, 36.222950864690688 ], [ 139.124022527717557, 36.220189197773323 ], [ 139.123126693242398, 36.220615864930267 ], [ 139.122521414431844, 36.219895026834081 ], [ 139.122299468046094, 36.220067252401805 ], [ 139.121966977893749, 36.219324198353149 ], [ 139.12253780817332, 36.219311972969251 ], [ 139.122624188955228, 36.219053360324381 ], [ 139.12102808028169, 36.218975586054512 ], [ 139.121023917320031, 36.218707251738351 ], [ 139.121683917179098, 36.218762801961816 ], [ 139.121675305271197, 36.218456413732554 ], [ 139.119720856332492, 36.218209467992608 ], [ 139.11964418822879, 36.218447801824652 ], [ 139.120393644551086, 36.218724469258916 ], [ 139.120333916976733, 36.219026413937911 ], [ 139.119183086929979, 36.218922251760546 ], [ 139.119076692635304, 36.219713360183505 ], [ 139.119553359400129, 36.21987919786676 ], [ 139.119012802099178, 36.219887801680727 ], [ 139.118731699208638, 36.220228359651117 ], [ 139.11889669332777, 36.222505306374842 ], [ 139.117678910553309, 36.222765026984462 ], [ 139.117715305217189, 36.223551413966618 ], [ 139.117251140827534, 36.224045026656711 ], [ 139.1158078080839, 36.223768359222447 ], [ 139.115636134699912, 36.225094198238708 ], [ 139.114890856627767, 36.226191972781351 ], [ 139.113648365879499, 36.226082531583643 ], [ 139.113341971354998, 36.226486694105688 ], [ 139.112192243876962, 36.226116414441037 ], [ 139.111898366116748, 36.226860865136871 ], [ 139.112995031795322, 36.227100027244489 ], [ 139.113348366434025, 36.227568081202037 ], [ 139.110423385331046, 36.235621413897206 ], [ 139.109169779861531, 36.235334468111262 ], [ 139.10927450141719, 36.234590027307945 ], [ 139.108993113441443, 36.234134749119448 ], [ 139.10821863708054, 36.233568640280566 ], [ 139.10762002584363, 36.233608640326565 ], [ 139.106708080013959, 36.232480585610574 ], [ 139.105257523016348, 36.232784197632668 ], [ 139.105169753681253, 36.232369198279912 ], [ 139.103796419669152, 36.232416972964984 ], [ 139.103325305318663, 36.232185586395758 ], [ 139.103333358747591, 36.231890586281565 ], [ 139.101353060595329, 36.231587252150007 ], [ 139.100318366299575, 36.232684468213677 ], [ 139.099360311329406, 36.233195305618892 ], [ 139.09956002557476, 36.233538360107275 ], [ 139.099184746578885, 36.233729747529878 ], [ 139.098897224327516, 36.233362801652049 ], [ 139.095879169688033, 36.234631135318693 ], [ 139.09779280199632, 36.237770054344594 ], [ 139.096514747557649, 36.238247838067309 ], [ 139.091868053967573, 36.232642000428029 ], [ 139.088981919979688, 36.228432801832412 ], [ 139.085722697744359, 36.222171414179456 ], [ 139.083458248899092, 36.218886413777 ], [ 139.081726005350902, 36.214887251845255 ], [ 139.080741283683324, 36.213592801866355 ], [ 139.073582607351568, 36.205296386918747 ], [ 139.065315641603661, 36.198690000443207 ], [ 139.063418663840366, 36.196285530752675 ], [ 139.063511439701301, 36.194245252316591 ], [ 139.0646825539568, 36.188568027392591 ], [ 139.064528080106925, 36.187219973323181 ], [ 139.064227808166834, 36.186620532012 ], [ 139.063049467858718, 36.185810504551171 ], [ 139.05980002485137, 36.184775505385289 ], [ 139.057682776139245, 36.183722720327353 ], [ 139.056698612051377, 36.182414945993003 ], [ 139.056385836836967, 36.180519667049055 ], [ 139.057804967924994, 36.17340213470078 ], [ 139.057465810199005, 36.16982436000626 ], [ 139.058346641284515, 36.16867325206897 ], [ 139.058275810680129, 36.167154360085704 ], [ 139.059412477304022, 36.166458532135607 ], [ 139.059384136968447, 36.165649639619232 ], [ 139.058361336206758, 36.165176026952111 ], [ 139.058332724275829, 36.164735747656664 ], [ 139.062083864878559, 36.16250713499636 ], [ 139.062978859386931, 36.16128630621813 ], [ 139.063764669004286, 36.159079919402814 ], [ 139.063636056958558, 36.158572387006132 ], [ 139.06214411226108, 36.157252387287883 ], [ 139.0614196633868, 36.155477666960792 ], [ 139.062158559869658, 36.152936558775195 ], [ 139.061754642862525, 36.15251877512145 ], [ 139.060561309956597, 36.152263225567481 ], [ 139.056028520899531, 36.152589612920337 ], [ 139.048177665167145, 36.15228625180913 ], [ 139.047183217331735, 36.151562639304416 ], [ 139.047396550010831, 36.149972360036429 ], [ 139.04677124509692, 36.149007080812169 ], [ 139.04272208715463, 36.148027360274511 ], [ 139.041095667730929, 36.139559558826647 ], [ 139.041522048903516, 36.138920666955244 ], [ 139.041707056535529, 36.137685666660218 ], [ 139.041223994691677, 36.136876224658067 ], [ 139.041010921017232, 36.135541774633225 ], [ 139.041750635883204, 36.133087306234245 ], [ 139.043213968649752, 36.131199252443594 ], [ 139.042404254153098, 36.128459531682097 ], [ 139.040240336922125, 36.127198972654526 ], [ 139.036830610444326, 36.12619061320629 ], [ 139.033300610434935, 36.126846999589418 ], [ 139.031197833613192, 36.127726999701338 ], [ 139.028526693352319, 36.129955919030465 ], [ 139.02604975359327, 36.130147559162594 ], [ 139.025751414296451, 36.130828945799237 ], [ 139.026575330886885, 36.132972864805936 ], [ 139.026077834024932, 36.133568973229558 ], [ 139.024710310532441, 36.134099531867946 ], [ 139.023758638050822, 36.133900918392726 ], [ 139.021584747338238, 36.131643387132669 ], [ 139.019856135252553, 36.131045332576093 ], [ 139.016730271684764, 36.132294775083835 ], [ 139.015408611818089, 36.134112027048445 ], [ 139.010166109278543, 36.131996441182878 ], [ 139.006589974048097, 36.133227559104625 ], [ 139.004856641420929, 36.133412027143379 ], [ 139.003748585828589, 36.132134225414234 ], [ 139.004856641420929, 36.131140613948219 ], [ 139.006561633712522, 36.130232000106787 ], [ 139.006789144203708, 36.129749225146668 ], [ 139.006433865230747, 36.129238386842133 ], [ 139.001385226846764, 36.125026171021034 ], [ 138.996827418650469, 36.125665053899183 ], [ 138.993539079065272, 36.124878387227852 ], [ 138.991102115070589, 36.121820026772866 ], [ 138.989296004806874, 36.117916693900384 ], [ 138.987173747770271, 36.117468360276632 ], [ 138.985690700065788, 36.115571413989642 ], [ 138.984382632552524, 36.115629198129056 ], [ 138.981771802626668, 36.117077532901874 ], [ 138.978722048683608, 36.116002252202236 ], [ 138.976492891034127, 36.117210585799967 ], [ 138.976694553211132, 36.116625864592038 ], [ 138.976166225790735, 36.113991413972656 ], [ 138.976966498305273, 36.11282419827819 ], [ 138.976806498121505, 36.111940585589593 ], [ 138.976367886169101, 36.111467532300821 ], [ 138.977008716079467, 36.109758639649556 ], [ 138.980470659893058, 36.10909083817171 ], [ 138.98288204896744, 36.10814305435855 ], [ 138.985606783426419, 36.105948892027811 ], [ 138.986923721852349, 36.103919441429127 ], [ 138.988234552982249, 36.100448865023168 ], [ 138.990352606587635, 36.098791359633594 ], [ 138.990359559246372, 36.098387748395908 ], [ 138.989468444413205, 36.097546360676063 ], [ 138.989460660780878, 36.097091918857018 ], [ 138.991613722295483, 36.095879387223988 ], [ 138.992720660929876, 36.094724666710079 ], [ 138.993340116653144, 36.095343837348253 ], [ 138.995570143047757, 36.095949667443222 ], [ 138.996988470141901, 36.097096892107913 ], [ 139.003929611262606, 36.097536612924387 ], [ 139.005374890139137, 36.098437442234228 ], [ 139.006522387298446, 36.098258837775177 ], [ 139.007760725876892, 36.097460505098297 ], [ 139.009492944244016, 36.098483558569399 ], [ 139.013708520831642, 36.098573306413016 ], [ 139.017739364080398, 36.098223305561135 ], [ 139.018415745989955, 36.099192747747168 ], [ 139.022624941887671, 36.100428305621847 ], [ 139.02674355357226, 36.10028858604943 ], [ 139.027942995572857, 36.100891360248113 ], [ 139.029090532302234, 36.101047747855318 ], [ 139.032396913187085, 36.10025166708084 ], [ 139.034341361664588, 36.100542225443405 ], [ 139.036328586395257, 36.102049171731949 ], [ 139.037818340344188, 36.102555559291659 ], [ 139.03798221840475, 36.103791108173141 ], [ 139.038466667003149, 36.104193332656223 ], [ 139.040980272121942, 36.104362251416831 ], [ 139.041948911213353, 36.106729467590924 ], [ 139.043293359900758, 36.107455865296004 ], [ 139.043315576752548, 36.108706413969855 ], [ 139.043718637605139, 36.109596413643601 ], [ 139.044575304806585, 36.11015474784341 ], [ 139.044366692668746, 36.111204198215205 ], [ 139.044881140851999, 36.112214775391635 ], [ 139.044680026362244, 36.112988945983147 ], [ 139.044978391739505, 36.114116721009907 ], [ 139.044935331300508, 36.116190892195959 ], [ 139.045732282618815, 36.116540891249201 ], [ 139.046745616217322, 36.117694775393602 ], [ 139.049423695647079, 36.119055332737446 ], [ 139.049915356808356, 36.120447864577329 ], [ 139.051280920677982, 36.121882865102179 ], [ 139.051884254255015, 36.122113694091752 ], [ 139.053403995198323, 36.123915082015458 ], [ 139.053743163716149, 36.124998694034559 ], [ 139.055523722441876, 36.124931747602147 ], [ 139.057125382630375, 36.126603170899671 ], [ 139.058294577732681, 36.129873999785332 ], [ 139.05907680894768, 36.130572053557501 ], [ 139.058221244315064, 36.131552053784333 ], [ 139.058045422358418, 36.133358720728438 ], [ 139.05840014195303, 36.133598441315087 ], [ 139.059933191064033, 36.133327332590397 ], [ 139.061185136385006, 36.133535945627443 ], [ 139.062783502356865, 36.138004306353707 ], [ 139.064528780678756, 36.140283747796786 ], [ 139.064799921779013, 36.141169865097254 ], [ 139.06688963684735, 36.143112360247301 ], [ 139.068798521634562, 36.143727108019675 ], [ 139.069397133770735, 36.142925721245092 ], [ 139.071973838921622, 36.142289891565269 ], [ 139.072318003173336, 36.142446279172475 ], [ 139.072369948014739, 36.143405171411587 ], [ 139.073423554153806, 36.144259612790961 ], [ 139.073685772180738, 36.145465440877445 ], [ 139.074895498828255, 36.146642945715428 ], [ 139.075479974521272, 36.14776877460929 ], [ 139.075458585945057, 36.148831838018964 ], [ 139.073685498786858, 36.148717107908283 ], [ 139.070311607594704, 36.149723224447314 ], [ 139.069738002906547, 36.150577947314446 ], [ 139.06982133588599, 36.151505440623623 ], [ 139.069289389593678, 36.151870441267874 ], [ 139.06864105214288, 36.153056279223961 ], [ 139.068745252991107, 36.154963504762009 ], [ 139.069631919777294, 36.156307973234448 ], [ 139.06960136171358, 36.157056585992677 ], [ 139.069319689552117, 36.157494080987078 ], [ 139.067796640902316, 36.158275748327185 ], [ 139.06699108936732, 36.159642973244672 ], [ 139.067742192348419, 36.160289081276119 ], [ 139.067596083092781, 36.162071306445682 ], [ 139.069166355143238, 36.162908801899732 ], [ 139.069739974220511, 36.162408532427889 ], [ 139.073755836562668, 36.161314080880175 ], [ 139.0763219459011, 36.161626865087783 ], [ 139.076780830371035, 36.163158801737382 ], [ 139.076282775929485, 36.165165748600486 ], [ 139.076658366090783, 36.167062720967863 ], [ 139.078421699202067, 36.168359108086406 ], [ 139.076112802264106, 36.170736332815579 ], [ 139.075623644815437, 36.171713000154909 ], [ 139.075539754256283, 36.174597439820047 ], [ 139.077960337099967, 36.175720505097274 ], [ 139.07541533035328, 36.17686077530459 ], [ 139.076619493794624, 36.17783133264993 ], [ 139.076994501195372, 36.179584388308911 ], [ 139.078734501396184, 36.180791640022221 ], [ 139.079037276149393, 36.181670801965993 ], [ 139.079925084175329, 36.181988865194 ], [ 139.079182022932059, 36.183531639573573 ], [ 139.08159591392041, 36.184423865069391 ], [ 139.082698144603796, 36.184440802001461 ], [ 139.082538417813794, 36.186438305983074 ], [ 139.081531479294426, 36.186484135434569 ], [ 139.082198144928498, 36.187524972099823 ], [ 139.082881478597415, 36.186982748355206 ], [ 139.083613969209409, 36.18720358587683 ], [ 139.083084526629705, 36.187441360330581 ], [ 139.083722048833579, 36.189534413682281 ], [ 139.084931217901499, 36.188838306043067 ], [ 139.085212335181154, 36.187331080964668 ], [ 139.08548538284424, 36.188724693789652 ], [ 139.089569831982203, 36.188003585896809 ], [ 139.092702632920236, 36.18928330587994 ], [ 139.093296252020423, 36.189989720649123 ], [ 139.094035965987132, 36.192197774807539 ], [ 139.095361530710193, 36.192317224560327 ], [ 139.095292361153611, 36.192599721400086 ], [ 139.096268470913287, 36.193103892130978 ], [ 139.096503774029998, 36.193577774594701 ], [ 139.097857950683988, 36.192934440971726 ], [ 139.100071828851924, 36.19366222543141 ], [ 139.100279053335726, 36.193495838262379 ], [ 139.098791555785738, 36.192279170647282 ], [ 139.097274577559801, 36.191656945911404 ], [ 139.097994033397981, 36.19102917055983 ], [ 139.102514617755446, 36.193278332728937 ], [ 139.103088494938106, 36.194146108356279 ], [ 139.103412114177786, 36.194036386570019 ], [ 139.103944332065339, 36.194424441334945 ], [ 139.103780998994011, 36.194948612988128 ], [ 139.105960194807153, 36.194880278901792 ], [ 139.106406305306791, 36.195968332672464 ], [ 139.107103799700667, 36.196018612868727 ], [ 139.107838805716369, 36.196684171437425 ], [ 139.108173527985969, 36.197621667006388 ], [ 139.110374669055773, 36.199226107898596 ], [ 139.112330778142905, 36.199971386870061 ], [ 139.111674112070659, 36.200184721347853 ], [ 139.111349390262262, 36.201626946126737 ], [ 139.109391050856402, 36.201586946080738 ], [ 139.109896614637137, 36.202631108438936 ], [ 139.10952522700768, 36.206508081283005 ], [ 139.107523281274439, 36.2073691983299 ], [ 139.113408585937577, 36.20739141428237 ], [ 139.117206640574068, 36.20493613469489 ], [ 139.118713579667997, 36.20434169361431 ], [ 139.119275810630256, 36.204796693912328 ], [ 139.121037197608644, 36.2035872253702 ], [ 139.119449415758027, 36.202036667358357 ], [ 139.120845525101004, 36.200819721852724 ], [ 139.122645811355142, 36.199869440622251 ], [ 139.123315810776148, 36.198639721146264 ], [ 139.123841919569031, 36.198384999867926 ], [ 139.12447442265659, 36.198458891764517 ], [ 139.12744693922491, 36.201091945736778 ], [ 139.127751115121896, 36.200796387143612 ], [ 139.128835836904386, 36.201165837633368 ], [ 139.128790557837988, 36.200562504955712 ], [ 139.129152218400236, 36.200533612436345 ], [ 139.129214162803464, 36.201567532415766 ], [ 139.129678339783595, 36.202055865186082 ], [ 139.129574720796768, 36.204263919344442 ], [ 139.128658340410198, 36.204231134559279 ], [ 139.126408885062006, 36.205707252088075 ], [ 139.127046393776141, 36.206526693652052 ], [ 139.127851672816519, 36.206822252245217 ], [ 139.127524163109683, 36.207810865279271 ], [ 139.128193890935336, 36.208028639709994 ], [ 139.128021114083253, 36.208820586301044 ], [ 139.128383333124361, 36.208851135371674 ], [ 139.130163917031155, 36.211729467740781 ], [ 139.12947335910826, 36.214024197658659 ], [ 139.127811141271195, 36.215370305595172 ], [ 139.129661997303401, 36.21753725174284 ], [ 139.131702282934043, 36.216465026939488 ], [ 139.13594369614475, 36.221254748707736 ] ] ] } },
{ "type": "Feature", "properties": { "regioncode": "1138500", "regionname": "埼玉県上里町", "name": "上里町", "namekana": "かみさとまち", "PrefCode": "11" }, "geometry": { "type": "Polygon", "coordinates": [ [ [ 139.169470052401039, 36.274752837973153 ], [ 139.163903385632807, 36.278911721298925 ], [ 139.158480051912875, 36.27780089129817 ], [ 139.150303645197141, 36.278587279179646 ], [ 139.135664721050148, 36.278443107963142 ], [ 139.134204720271669, 36.278912839156249 ], [ 139.130941388134602, 36.28155617058087 ], [ 139.130237224368443, 36.283267000371836 ], [ 139.129439169582042, 36.283343665777579 ], [ 139.126919415798511, 36.27841033217112 ], [ 139.124532749087166, 36.276195891926932 ], [ 139.118263527439922, 36.269174224610822 ], [ 139.113330467227343, 36.266783386843883 ], [ 139.110999339048362, 36.264188667373162 ], [ 139.107803501930107, 36.261705333434463 ], [ 139.107721803018876, 36.26099561185805 ], [ 139.108257912272848, 36.260318387283803 ], [ 139.109904578133865, 36.258915053686849 ], [ 139.111195135846856, 36.258497000236446 ], [ 139.108604864423, 36.25478755939838 ], [ 139.107474279914186, 36.252617559153066 ], [ 139.103573138689512, 36.24793505365983 ], [ 139.096514747557649, 36.238247838067309 ], [ 139.09779280199632, 36.237770054344594 ], [ 139.095879169688033, 36.234631135318693 ], [ 139.098897224327516, 36.233362801652049 ], [ 139.099184746578885, 36.233729747529878 ], [ 139.09956002557476, 36.233538360107275 ], [ 139.099360311329406, 36.233195305618892 ], [ 139.100318366299575, 36.232684468213677 ], [ 139.101353060595329, 36.231587252150007 ], [ 139.103333358747591, 36.231890586281565 ], [ 139.103325305318663, 36.232185586395758 ], [ 139.103796419669152, 36.232416972964984 ], [ 139.105169753681253, 36.232369198279912 ], [ 139.105257523016348, 36.232784197632668 ], [ 139.106708080013959, 36.232480585610574 ], [ 139.10762002584363, 36.233608640326565 ], [ 139.10821863708054, 36.233568640280566 ], [ 139.108993113441443, 36.234134749119448 ], [ 139.10927450141719, 36.234590027307945 ], [ 139.109169779861531, 36.235334468111262 ], [ 139.110423385331046, 36.235621413897206 ], [ 139.113348366434025, 36.227568081202037 ], [ 139.112995031795322, 36.227100027244489 ], [ 139.111898366116748, 36.226860865136871 ], [ 139.112192243876962, 36.226116414441037 ], [ 139.113341971354998, 36.226486694105688 ], [ 139.113648365879499, 36.226082531583643 ], [ 139.114890856627767, 36.226191972781351 ], [ 139.115636134699912, 36.225094198238708 ], [ 139.1158078080839, 36.223768359222447 ], [ 139.117251140827534, 36.224045026656711 ], [ 139.117715305217189, 36.223551413966618 ], [ 139.117678910553309, 36.222765026984462 ], [ 139.11889669332777, 36.222505306374842 ], [ 139.118731699208638, 36.220228359651117 ], [ 139.119012802099178, 36.219887801680727 ], [ 139.119553359400129, 36.21987919786676 ], [ 139.119076692635304, 36.219713360183505 ], [ 139.119183086929979, 36.218922251760546 ], [ 139.120333916976733, 36.219026413937911 ], [ 139.120393644551086, 36.218724469258916 ], [ 139.11964418822879, 36.218447801824652 ], [ 139.119720856332492, 36.218209467992608 ], [ 139.121675305271197, 36.218456413732554 ], [ 139.121683917179098, 36.218762801961816 ], [ 139.121023917320031, 36.218707251738351 ], [ 139.12102808028169, 36.218975586054512 ], [ 139.122624188955228, 36.219053360324381 ], [ 139.12253780817332, 36.219311972969251 ], [ 139.121966977893749, 36.219324198353149 ], [ 139.122299468046094, 36.220067252401805 ], [ 139.122521414431844, 36.219895026834081 ], [ 139.123126693242398, 36.220615864930267 ], [ 139.124022527717557, 36.220189197773323 ], [ 139.126466161084522, 36.222950864690688 ], [ 139.128605888351103, 36.221739468002113 ], [ 139.129893113176649, 36.223228639190381 ], [ 139.134173385193662, 36.220793080836074 ], [ 139.135175641842466, 36.221722801765964 ], [ 139.137995913980262, 36.220101135259256 ], [ 139.141149533324324, 36.223675306370353 ], [ 139.141674812042993, 36.223702251857503 ], [ 139.142771478620944, 36.223059197923703 ], [ 139.1434909470496, 36.223761973136618 ], [ 139.144200117341597, 36.223329467580925 ], [ 139.145689559225843, 36.224989197893194 ], [ 139.145105109613155, 36.225356694156176 ], [ 139.145857327753561, 36.226205864609028 ], [ 139.146808443554846, 36.2256333597918 ], [ 139.147132336188406, 36.226536414024338 ], [ 139.147998444472705, 36.226579747857102 ], [ 139.148106783101639, 36.226249747927568 ], [ 139.148989000941697, 36.226931133664948 ], [ 139.14925955928129, 36.226817532203427 ], [ 139.157014059851008, 36.232319467569425 ], [ 139.157138495445224, 36.232833919349957 ], [ 139.159718780797107, 36.234664748379487 ], [ 139.161425720120974, 36.234793360425272 ], [ 139.163092671989261, 36.233933918815353 ], [ 139.165369636699438, 36.234546973164356 ], [ 139.165743256446149, 36.235066134694421 ], [ 139.166527976984639, 36.235266134924245 ], [ 139.166801583126585, 36.23577197299818 ], [ 139.1675160306404, 36.235966413619167 ], [ 139.168127691040127, 36.236723640083994 ], [ 139.168836588837621, 36.236636973317729 ], [ 139.168901581942464, 36.237129198353898 ], [ 139.170645227095633, 36.237822531584641 ], [ 139.169894669103769, 36.238298360181204 ], [ 139.170012723108698, 36.238959746794933 ], [ 139.170417716604447, 36.238483640307834 ], [ 139.171013280938269, 36.238412252123794 ], [ 139.17168050595069, 36.238721693551383 ], [ 139.171569390215268, 36.239229467865698 ], [ 139.171013280038892, 36.23942002701267 ], [ 139.170886329040968, 36.239888080070898 ], [ 139.166806031173451, 36.239070305849964 ], [ 139.163367134285863, 36.238919746748991 ], [ 139.162652139984289, 36.239276693964314 ], [ 139.163113528166832, 36.240546694074737 ], [ 139.15937213981249, 36.242240613013905 ], [ 139.160895498728337, 36.244231999806971 ], [ 139.159383280613952, 36.244920054017314 ], [ 139.160381608124794, 36.246313108363324 ], [ 139.160114942050996, 36.24689477457423 ], [ 139.160460505647848, 36.247289225317559 ], [ 139.159594668958903, 36.247312559127352 ], [ 139.159481607989846, 36.248036999907697 ], [ 139.158751336005366, 36.247815333211122 ], [ 139.157956615005787, 36.248095892011861 ], [ 139.157665499063569, 36.247859224623596 ], [ 139.156933840324541, 36.248191999860978 ], [ 139.156242996417177, 36.248911720099841 ], [ 139.15661299639271, 36.249749774932241 ], [ 139.155996328567767, 36.249621721365429 ], [ 139.155585771865958, 36.250008667266229 ], [ 139.157917716629413, 36.252201441043724 ], [ 139.160973579667029, 36.253857279090198 ], [ 139.161601088819225, 36.254603945715587 ], [ 139.161472476773497, 36.255027558774884 ], [ 139.160935810839078, 36.255214224756742 ], [ 139.161319144163258, 36.255343388086942 ], [ 139.162470245805252, 36.257476170788721 ], [ 139.163198339631776, 36.25810310887141 ], [ 139.163779727952146, 36.257699504828338 ], [ 139.165838611562776, 36.259718107804474 ], [ 139.164310558185775, 36.260555613151098 ], [ 139.164569169931269, 36.260914504700679 ], [ 139.162488054180471, 36.261595332858349 ], [ 139.163878885402255, 36.262640333384752 ], [ 139.162024163184697, 36.26415838809919 ], [ 139.164498081221495, 36.266042278928069 ], [ 139.167489468264421, 36.266655891756045 ], [ 139.167658911329795, 36.265979775146548 ], [ 139.168233917161615, 36.265855333257093 ], [ 139.16901002579209, 36.266319774637964 ], [ 139.168109195582929, 36.267001720652956 ], [ 139.168157249957176, 36.267786720880508 ], [ 139.16886613516408, 36.267834504558778 ], [ 139.16878836718945, 36.269563387340497 ], [ 139.169470052401039, 36.274752837973153 ] ] ] } },
{ "type": "Feature", "properties": { "regioncode": "1140800", "regionname": "埼玉県寄居町", "name": "寄居町", "namekana": "よりいまち", "PrefCode": "11" }, "geometry": { "type": "Polygon", "coordinates": [ [ [ 139.288173748319878, 36.106690107862221 ], [ 139.284625135941383, 36.105191775280275 ], [ 139.284197367114871, 36.104506504471658 ], [ 139.283575966157969, 36.104474000274934 ], [ 139.283516252073468, 36.107162332875419 ], [ 139.284512113643245, 36.110273441266372 ], [ 139.278002632715356, 36.106839278410007 ], [ 139.275686250720014, 36.106218721017228 ], [ 139.275007911885723, 36.106855666755678 ], [ 139.272901505400228, 36.105960667750651 ], [ 139.272823190637837, 36.106540946307689 ], [ 139.265002892069901, 36.107017053694108 ], [ 139.263428716062435, 36.106637892324898 ], [ 139.263420660834868, 36.106323441673567 ], [ 139.262557056263176, 36.106387891587985 ], [ 139.262290660885355, 36.107363720759167 ], [ 139.262930660721509, 36.1078837213567 ], [ 139.265481218983155, 36.107520945635201 ], [ 139.265158470287247, 36.108520945885004 ], [ 139.267644307039177, 36.109770386594107 ], [ 139.270339585103784, 36.110025107872502 ], [ 139.273463191373253, 36.110863440595381 ], [ 139.275013190906066, 36.111733999624448 ], [ 139.273879778928745, 36.114117026779411 ], [ 139.2736261611185, 36.114142504572953 ], [ 139.273908781165346, 36.114667053941446 ], [ 139.273691556220456, 36.115414558734926 ], [ 139.275443217030897, 36.116503170984629 ], [ 139.274361555641349, 36.117043440502414 ], [ 139.273043527237064, 36.119250386696024 ], [ 139.26582961094789, 36.118394802278374 ], [ 139.257092633418324, 36.115745359960442 ], [ 139.256672917121477, 36.116196467992665 ], [ 139.254337638571201, 36.115779532399529 ], [ 139.254305136173116, 36.116852026999481 ], [ 139.253447664977784, 36.119169250760365 ], [ 139.247302360915342, 36.117364802443717 ], [ 139.246429299972306, 36.117362027135869 ], [ 139.244685421894815, 36.118217305784071 ], [ 139.237540142763464, 36.118116748089506 ], [ 139.234769300063249, 36.118356467776835 ], [ 139.229904306838307, 36.118139251825085 ], [ 139.226988755126968, 36.117213945667118 ], [ 139.224102049170256, 36.116773667270991 ], [ 139.216799001073127, 36.119107559066663 ], [ 139.217877912335894, 36.121278107898434 ], [ 139.217085421654929, 36.121500891552955 ], [ 139.216769300962483, 36.122299225129211 ], [ 139.216179299834835, 36.124920891885722 ], [ 139.216538495355394, 36.127679225016266 ], [ 139.214616278118797, 36.132786440741711 ], [ 139.212319052582302, 36.132171999638103 ], [ 139.211244889739987, 36.133221441016758 ], [ 139.210766277741641, 36.133091441316992 ], [ 139.208870441217982, 36.134144505164841 ], [ 139.207730999286241, 36.134082558962973 ], [ 139.207867108080677, 36.134546720654669 ], [ 139.207520441015618, 36.134738666556245 ], [ 139.204639882824381, 36.135583387163649 ], [ 139.204320195420792, 36.136279225006263 ], [ 139.202647108377391, 36.135898640909602 ], [ 139.202436031197976, 36.136515027246787 ], [ 139.201541284902419, 36.136337802347725 ], [ 139.200917418903828, 36.136876694104217 ], [ 139.200088249373266, 36.137039467797251 ], [ 139.195634059264535, 36.136801413654382 ], [ 139.193334616899165, 36.135775585774695 ], [ 139.192344060430059, 36.134622802400486 ], [ 139.191246835373249, 36.134523081974692 ], [ 139.190543216596211, 36.13353169363279 ], [ 139.189437950700949, 36.133641134830555 ], [ 139.188761556200916, 36.134089748143424 ], [ 139.186687950688452, 36.133186972700685 ], [ 139.183519052762108, 36.13418613478234 ], [ 139.182915161605479, 36.134922532049245 ], [ 139.180906524016905, 36.134495586102446 ], [ 139.180745447344634, 36.136511413770791 ], [ 139.183390999195353, 36.137655585237098 ], [ 139.185848223117091, 36.137407802228324 ], [ 139.187041556922395, 36.138228081061129 ], [ 139.188050440675397, 36.138278080668954 ], [ 139.188986834574848, 36.139070027260004 ], [ 139.189618494997603, 36.139092252205728 ], [ 139.190663500919868, 36.138539748310791 ], [ 139.195782139833909, 36.139626414427539 ], [ 139.197950752425299, 36.140551693605801 ], [ 139.205433799830075, 36.142100613052889 ], [ 139.211856328906492, 36.145206439725484 ], [ 139.213021608360577, 36.14739533292834 ], [ 139.221201362353099, 36.150885892270139 ], [ 139.223987471045007, 36.151430892221924 ], [ 139.224196640762443, 36.15115061311036 ], [ 139.226162776391106, 36.151359504937261 ], [ 139.226179144052367, 36.150722000719782 ], [ 139.22732472205837, 36.15069338699027 ], [ 139.227940558010459, 36.152490891641378 ], [ 139.232702244313145, 36.157019774942739 ], [ 139.226295031590553, 36.161245891584656 ], [ 139.2236961086885, 36.158611440965274 ], [ 139.22155946789519, 36.160067278781924 ], [ 139.22046805335799, 36.159033667269966 ], [ 139.218276419920926, 36.160399505432906 ], [ 139.217896939292359, 36.160009224845908 ], [ 139.216681115241386, 36.160773108092542 ], [ 139.216290583743557, 36.161850892504731 ], [ 139.215861413773268, 36.162180333055971 ], [ 139.210090026233843, 36.165793387255064 ], [ 139.207225576699102, 36.16690030610431 ], [ 139.204520855753003, 36.168554198017887 ], [ 139.201542802058725, 36.171083080819585 ], [ 139.199159754219295, 36.171618359999343 ], [ 139.198855304928429, 36.171741972713903 ], [ 139.1988266929975, 36.172269468261391 ], [ 139.198041699065243, 36.172640306405071 ], [ 139.193984189119078, 36.173830864902527 ], [ 139.190243359243709, 36.176668359956921 ], [ 139.189839195822287, 36.176526694251606 ], [ 139.189408910692691, 36.175349468203422 ], [ 139.189812529124993, 36.174619747503414 ], [ 139.189689467694848, 36.173351694425207 ], [ 139.191996135213572, 36.171003918895792 ], [ 139.193325576913935, 36.170141413295653 ], [ 139.193914747067993, 36.169281693795199 ], [ 139.194725550643739, 36.166913359763782 ], [ 139.196500830349123, 36.164751973225009 ], [ 139.196524163259596, 36.163198917795853 ], [ 139.197751114622292, 36.160806134795337 ], [ 139.197741362374018, 36.15904836039357 ], [ 139.194978585693207, 36.1541978021869 ], [ 139.194488560398781, 36.147172801983288 ], [ 139.192852413008495, 36.144415307020836 ], [ 139.190551025409604, 36.143069198185003 ], [ 139.187087691244074, 36.141977801634312 ], [ 139.185196004192335, 36.140351973065151 ], [ 139.183257393214149, 36.139424468064817 ], [ 139.181220441370328, 36.137909197651425 ], [ 139.179738222840797, 36.137651972660478 ], [ 139.176741529797823, 36.13481058623961 ], [ 139.174490972780291, 36.134204441381939 ], [ 139.173055135885875, 36.133249171612022 ], [ 139.170048196866901, 36.132143613437051 ], [ 139.164793476138129, 36.132043053943846 ], [ 139.163644033745186, 36.133898892220145 ], [ 139.162454306221321, 36.13476722542714 ], [ 139.160619857420556, 36.134972504677421 ], [ 139.160136523981464, 36.133701386709674 ], [ 139.160638716203835, 36.132105278935512 ], [ 139.160183449706551, 36.130570280094389 ], [ 139.15775622626893, 36.130618613258434 ], [ 139.158209000744819, 36.131783613922721 ], [ 139.158047886301006, 36.132584721008129 ], [ 139.157531529756398, 36.13321361331765 ], [ 139.156537911995088, 36.133683612508776 ], [ 139.155270414697952, 36.133796945972335 ], [ 139.151157612633824, 36.133033333421679 ], [ 139.148949830969968, 36.133375531755462 ], [ 139.148175383387297, 36.133149414314062 ], [ 139.147983722570757, 36.130429973264711 ], [ 139.146195914409986, 36.129151080657891 ], [ 139.146749532564968, 36.12617830598407 ], [ 139.144360636434271, 36.124280802117369 ], [ 139.145865058325853, 36.123034134917418 ], [ 139.145861166959321, 36.122154972973703 ], [ 139.144740337396684, 36.121160532332738 ], [ 139.14025422765053, 36.119388586414175 ], [ 139.137689754178837, 36.117739415042024 ], [ 139.138666693113464, 36.113964413626832 ], [ 139.13966641996933, 36.113437748153615 ], [ 139.139687497380123, 36.113140532109924 ], [ 139.139042501810081, 36.109064693081166 ], [ 139.139094968258291, 36.106160532182855 ], [ 139.13880053201899, 36.10538746775751 ], [ 139.139046912984668, 36.103786919131039 ], [ 139.138804942294314, 36.100091639917309 ], [ 139.139090778316813, 36.099007197823994 ], [ 139.137157717055061, 36.095517467657032 ], [ 139.138589637401878, 36.093591082062858 ], [ 139.138805187809226, 36.091390252158476 ], [ 139.139964643253734, 36.090253586433903 ], [ 139.142336303877414, 36.089393586345011 ], [ 139.142494086333045, 36.090004413972565 ], [ 139.144252140423987, 36.090405532289537 ], [ 139.144830751637983, 36.089689974113071 ], [ 139.146431581752154, 36.089252197630856 ], [ 139.146966304251578, 36.088540252031066 ], [ 139.148061309781724, 36.088074135213219 ], [ 139.149367691965494, 36.087926945871914 ], [ 139.151512698252532, 36.088383613513031 ], [ 139.152009921720605, 36.089449170742682 ], [ 139.153428559980171, 36.09060833300822 ], [ 139.154907717217384, 36.090650558876234 ], [ 139.156212438353464, 36.091523054145682 ], [ 139.15637466885596, 36.092076108425715 ], [ 139.157478274602795, 36.092586945830931 ], [ 139.158773281262029, 36.091545279091406 ], [ 139.162628833154145, 36.090869442171083 ], [ 139.165138002816661, 36.089846946279579 ], [ 139.165562166260997, 36.089221946235909 ], [ 139.166867173381434, 36.088628640099728 ], [ 139.169144383606522, 36.088070865278269 ], [ 139.171781336139816, 36.088393918844304 ], [ 139.174287198095726, 36.090103081292227 ], [ 139.174632724820412, 36.087561134938483 ], [ 139.173718832857958, 36.085352801990268 ], [ 139.17510133635767, 36.08434113483554 ], [ 139.175782996388193, 36.083043919441366 ], [ 139.177946329059864, 36.081490026743381 ], [ 139.179069079574447, 36.080096693607572 ], [ 139.179148521187358, 36.079422801920828 ], [ 139.179886030915668, 36.078262531690541 ], [ 139.180915745665175, 36.077678918447361 ], [ 139.1811901953713, 36.077008640236613 ], [ 139.182273256105987, 36.076631719977968 ], [ 139.182929078614166, 36.075958667358691 ], [ 139.183389364227878, 36.074504225289843 ], [ 139.184139363740655, 36.07408450539566 ], [ 139.184451582274733, 36.073031440648492 ], [ 139.18665713361986, 36.073177837687126 ], [ 139.186965162212573, 36.070797000381333 ], [ 139.18885905260322, 36.070096720787092 ], [ 139.190041829267102, 36.069247278738999 ], [ 139.191294059673169, 36.06951922473246 ], [ 139.193452943398711, 36.068859775258488 ], [ 139.1936615564357, 36.068467838120284 ], [ 139.194987392754001, 36.068478108378031 ], [ 139.195692944174084, 36.068938946175479 ], [ 139.197696005066632, 36.068694505047404 ], [ 139.198919637031736, 36.070231171231626 ], [ 139.198693256088973, 36.070743666986687 ], [ 139.198883256756972, 36.073522001039578 ], [ 139.201093526844829, 36.074015891620149 ], [ 139.202566887052285, 36.076870053810012 ], [ 139.205850776791976, 36.076572585956114 ], [ 139.206457445055094, 36.07769591923136 ], [ 139.205311336449086, 36.079128134555845 ], [ 139.206390246812475, 36.081115639874952 ], [ 139.207005811169324, 36.081819532045813 ], [ 139.208408301202212, 36.082490640330832 ], [ 139.208642192383309, 36.084011467655159 ], [ 139.210561634312057, 36.085012027283312 ], [ 139.210224448799295, 36.087094802283332 ], [ 139.209911387600528, 36.087525893205452 ], [ 139.208818884883726, 36.087791170726007 ], [ 139.208255278858132, 36.088963667239511 ], [ 139.208514163098243, 36.089339775410338 ], [ 139.21053888506151, 36.089285054361824 ], [ 139.211208054408303, 36.088581747649584 ], [ 139.21228778225543, 36.08848980186292 ], [ 139.212671388074114, 36.087691197590743 ], [ 139.214033890651649, 36.086993413615176 ], [ 139.217843061807912, 36.086559801893372 ], [ 139.218636939243424, 36.086858973063215 ], [ 139.219261673087772, 36.088397864170133 ], [ 139.219940000230849, 36.088933693735044 ], [ 139.219944449177092, 36.090017304854769 ], [ 139.22121027193657, 36.090730919596297 ], [ 139.222736666963669, 36.090232865154633 ], [ 139.223592218106432, 36.090510359965208 ], [ 139.22393416283137, 36.090432306006164 ], [ 139.224503891441486, 36.08938536114556 ], [ 139.224343333678007, 36.08864397264125 ], [ 139.22472583692786, 36.087730918846887 ], [ 139.225381672925892, 36.086817305674174 ], [ 139.226981387880755, 36.085553694347595 ], [ 139.227355836802531, 36.0857536936781 ], [ 139.227362775971415, 36.088026468446799 ], [ 139.232236667088614, 36.087144532094555 ], [ 139.234631673213244, 36.087215360000926 ], [ 139.235202218407721, 36.087605639688547 ], [ 139.236088054220431, 36.087665638858198 ], [ 139.237522218375716, 36.087100945552265 ], [ 139.237716393696701, 36.086382053588977 ], [ 139.240267496947467, 36.086111774938502 ], [ 139.241176394974673, 36.08665205434886 ], [ 139.241713605898212, 36.086347613151872 ], [ 139.242366394093892, 36.086559837866275 ], [ 139.243033605616461, 36.08584150528128 ], [ 139.242503891441515, 36.085181775218814 ], [ 139.243297223887794, 36.084324558531591 ], [ 139.24343333268223, 36.083642613415918 ], [ 139.244091945786749, 36.083398441185182 ], [ 139.245563062185624, 36.083953441598112 ], [ 139.246330001328602, 36.083377333197404 ], [ 139.246925006284073, 36.083533171318834 ], [ 139.247821388446368, 36.083038170974874 ], [ 139.249527496796645, 36.084247613436673 ], [ 139.250746393831037, 36.083697332665849 ], [ 139.252134162861353, 36.083560386602585 ], [ 139.253238054592657, 36.084098441090248 ], [ 139.253611971115674, 36.085122053939699 ], [ 139.254717522995406, 36.085335386618851 ], [ 139.255238080273216, 36.086216503688775 ], [ 139.25655752331113, 36.085652892267206 ], [ 139.257117809039755, 36.086170387353548 ], [ 139.257358910984976, 36.087126224595636 ], [ 139.25893530472058, 36.087239558958515 ], [ 139.26035533063407, 36.089626225669804 ], [ 139.261398392222077, 36.090147333332823 ], [ 139.260729221976021, 36.091585667644495 ], [ 139.260899221721729, 36.091800945557225 ], [ 139.262815615848012, 36.092378722200294 ], [ 139.262860894914411, 36.093420666830355 ], [ 139.263625331244157, 36.094423170792766 ], [ 139.264997587868493, 36.095215666869592 ], [ 139.266958975076705, 36.095736775431874 ], [ 139.269038690583216, 36.0970028922697 ], [ 139.270626199939215, 36.098769837957718 ], [ 139.272140078202142, 36.097516225293589 ], [ 139.27559841843231, 36.096553720477857 ], [ 139.276369804722776, 36.09604372124079 ], [ 139.277242865665812, 36.094299558977525 ], [ 139.280011751441293, 36.093043171005604 ], [ 139.281284254364891, 36.092818441218128 ], [ 139.281477030340739, 36.092320386776464 ], [ 139.282747028652466, 36.092852612757952 ], [ 139.283333139312958, 36.092708721230565 ], [ 139.284036199611023, 36.091383721281773 ], [ 139.284557587862423, 36.092584279341054 ], [ 139.285113138660449, 36.092652054049097 ], [ 139.285521479432759, 36.092255667065444 ], [ 139.286031751164501, 36.092482333093244 ], [ 139.286133411427841, 36.093818721157106 ], [ 139.287074811853131, 36.094056775299975 ], [ 139.287597029279596, 36.095437053876992 ], [ 139.288878443585418, 36.09591289236613 ], [ 139.288765110121744, 36.096716774759386 ], [ 139.287993995426632, 36.097158722297252 ], [ 139.287948443865616, 36.097498171403515 ], [ 139.288277056141283, 36.099716774609533 ], [ 139.288719274375126, 36.100147333132952 ], [ 139.28899150455436, 36.101200666777402 ], [ 139.288787367443092, 36.102219837875282 ], [ 139.289093475983236, 36.103250387195658 ], [ 139.288763190968552, 36.106055946424817 ], [ 139.288173748319878, 36.106690107862221 ] ] ] } },
{ "type": "Feature", "properties": { "regioncode": "1144200", "regionname": "埼玉県宮代町", "name": "宮代町", "namekana": "みやしろまち", "PrefCode": "11" }, "geometry": { "type": "Polygon", "coordinates": [ [ [ 139.74378805397555, 36.000544865153472 ], [ 139.743881673400551, 36.001618748306669 ], [ 139.744555837581856, 36.00288819803194 ], [ 139.744073333317715, 36.003145135239834 ], [ 139.746234746836194, 36.005637919254639 ], [ 139.751969805362251, 36.008721252084172 ], [ 139.752792023133452, 36.009686802004353 ], [ 139.753119558920616, 36.01181458627417 ], [ 139.752143450060203, 36.013338170919894 ], [ 139.746318690455269, 36.015779558679753 ], [ 139.745506743841247, 36.016447612867069 ], [ 139.744072023005515, 36.019752892082352 ], [ 139.743212308900979, 36.020293720079167 ], [ 139.737530052270131, 36.021595108327631 ], [ 139.73530700371532, 36.024335107878983 ], [ 139.732510894562211, 36.026207892080606 ], [ 139.731415888132801, 36.026430109162277 ], [ 139.727083086715197, 36.026239559008502 ], [ 139.726024474949668, 36.026573721000489 ], [ 139.723513916733964, 36.028286225329111 ], [ 139.720829754289753, 36.030707891855798 ], [ 139.711894189365466, 36.034591197725661 ], [ 139.707758079571818, 36.035674531854227 ], [ 139.707678366363552, 36.036549531735545 ], [ 139.709063644271851, 36.037774251880251 ], [ 139.708395331079714, 36.03984813528325 ], [ 139.703687561831543, 36.042580360195529 ], [ 139.696091192654535, 36.049872585851233 ], [ 139.69632202344269, 36.05052480207803 ], [ 139.698797859733531, 36.050580640084547 ], [ 139.700281777082409, 36.052215360250727 ], [ 139.70057649840669, 36.053416440816136 ], [ 139.699287638613669, 36.055605891598645 ], [ 139.691439274003301, 36.056887558613994 ], [ 139.684585668393993, 36.05762005372253 ], [ 139.686870336696757, 36.048251467031605 ], [ 139.68653033720534, 36.047276198138093 ], [ 139.68898280191479, 36.045207027182585 ], [ 139.688122244246188, 36.04332980212871 ], [ 139.68753863819768, 36.043617026704453 ], [ 139.683713334103118, 36.042084802271859 ], [ 139.682511114996032, 36.040672026692732 ], [ 139.685762775731632, 36.038180640224425 ], [ 139.685398028696113, 36.037800639787747 ], [ 139.685619974182487, 36.037380918994245 ], [ 139.685271361883906, 36.037135639698079 ], [ 139.685580245731785, 36.036842585716784 ], [ 139.68613525333933, 36.03708008138068 ], [ 139.686087470560437, 36.03662064023041 ], [ 139.685058029204697, 36.035848414872476 ], [ 139.685826912681932, 36.035127585769544 ], [ 139.684836355313564, 36.034834531788249 ], [ 139.687730531938541, 36.033134251944205 ], [ 139.687786056981054, 36.031328972654023 ], [ 139.688405499214468, 36.030713973071443 ], [ 139.688603554210772, 36.029557864903609 ], [ 139.689673554091314, 36.02917786536625 ], [ 139.68893661633183, 36.029146198438355 ], [ 139.689768832765481, 36.028473135027184 ], [ 139.690711894238575, 36.02867091932751 ], [ 139.693394669028862, 36.028353973057449 ], [ 139.696422165650461, 36.027625640011308 ], [ 139.698772996176899, 36.027823694108235 ], [ 139.700298832725025, 36.027201749061533 ], [ 139.700591893900878, 36.027391747930892 ], [ 139.701352723949071, 36.026980080566318 ], [ 139.702557471050568, 36.026980360255493 ], [ 139.704491051221112, 36.025839839137291 ], [ 139.705945227090638, 36.0231431707208 ], [ 139.706286055756891, 36.023119837810327 ], [ 139.707023553793988, 36.021919838230019 ], [ 139.707887445249412, 36.021919838230019 ], [ 139.70970966327036, 36.01945150498301 ], [ 139.708370195028579, 36.019079279185462 ], [ 139.708742697817343, 36.017938999984892 ], [ 139.708249637310928, 36.015788441283576 ], [ 139.705816588964467, 36.015487332974089 ], [ 139.70541238687224, 36.014901504700731 ], [ 139.704398223199519, 36.015344838093881 ], [ 139.703803774025005, 36.014498999629154 ], [ 139.704715162274965, 36.013810108150039 ], [ 139.70538905306239, 36.011957332964585 ], [ 139.706922112965231, 36.010585107816553 ], [ 139.707556277999856, 36.011290108851483 ], [ 139.709069882868903, 36.010379279080496 ], [ 139.708216277859037, 36.009827053975414 ], [ 139.71060988283989, 36.007261774711196 ], [ 139.711269856618628, 36.005465387018035 ], [ 139.71377406022475, 36.004847918796486 ], [ 139.716072387430813, 36.00381874813678 ], [ 139.715929882657974, 36.003454305971502 ], [ 139.716692387243938, 36.002934026584114 ], [ 139.717952386893216, 36.001045134625315 ], [ 139.720505719563334, 35.999477081202372 ], [ 139.721755719650787, 35.999520135346017 ], [ 139.721476277808051, 35.999081531487548 ], [ 139.723679883020282, 35.998177639986125 ], [ 139.724618493748608, 35.998077918661068 ], [ 139.724908222936165, 35.998746532226733 ], [ 139.726407977346298, 35.999655693755301 ], [ 139.727953527033719, 35.999196251705712 ], [ 139.729307977081589, 35.998275972757995 ], [ 139.730002140386546, 35.998325973265082 ], [ 139.729842140202663, 35.998765134703262 ], [ 139.7302018546319, 35.998856252214296 ], [ 139.733584668897379, 35.997842639826047 ], [ 139.738712749793649, 35.998037360136095 ], [ 139.74257775625847, 35.998658198117425 ], [ 139.742897471541141, 35.997812640241193 ], [ 139.744276938929602, 35.996958197962499 ], [ 139.745055836357778, 35.9973920812796 ], [ 139.74378805397555, 36.000544865153472 ] ] ] } },
{ "type": "Feature", "properties": { "regioncode": "1146400", "regionname": "埼玉県杉戸町", "name": "杉戸町", "namekana": "すぎとまち", "PrefCode": "11" }, "geometry": { "type": "Polygon", "coordinates": [ [ [ 139.789511607574696, 36.061828864710378 ], [ 139.787788806008621, 36.061163305242417 ], [ 139.787262698115114, 36.060438305983098 ], [ 139.786393256043993, 36.06001997284352 ], [ 139.784247977262453, 36.060463027446815 ], [ 139.784895746341704, 36.058510558815271 ], [ 139.785281309984498, 36.05873386497592 ], [ 139.7853318545815, 36.059763026642429 ], [ 139.786836588537767, 36.059271360085233 ], [ 139.788483527792664, 36.060596360034026 ], [ 139.788000466848075, 36.058556360387797 ], [ 139.788638519652068, 36.057652198190453 ], [ 139.787016303659584, 36.057272224733424 ], [ 139.786931025446506, 36.056289720794041 ], [ 139.785278781090938, 36.055460278768919 ], [ 139.782705162413436, 36.055798612715876 ], [ 139.782144330796314, 36.056523612874514 ], [ 139.781014890225038, 36.056493613289661 ], [ 139.78063902666986, 36.050810026561521 ], [ 139.779195940340401, 36.05033169335303 ], [ 139.77888204906742, 36.046360864562303 ], [ 139.779001505115389, 36.045882532253131 ], [ 139.780220388660041, 36.04486613466446 ], [ 139.780220388660041, 36.043933640225362 ], [ 139.779674279844244, 36.042969468066531 ], [ 139.779982866016553, 36.042218107879421 ], [ 139.779197301913996, 36.041769775155046 ], [ 139.777928145367696, 36.042292559154362 ], [ 139.777628975097173, 36.041328386995531 ], [ 139.776230362940964, 36.040610612889509 ], [ 139.776340337436636, 36.038641720838825 ], [ 139.774934227632571, 36.03790172088776 ], [ 139.774650051758499, 36.039366720997407 ], [ 139.77197561638161, 36.042817837872974 ], [ 139.771030894760088, 36.042445891764544 ], [ 139.770635330656091, 36.042802559290749 ], [ 139.769589222164882, 36.042189774738347 ], [ 139.768498947968169, 36.043143387057739 ], [ 139.767305862375679, 36.042274775060889 ], [ 139.766599468290906, 36.042914505100384 ], [ 139.766743087323675, 36.04321310789868 ], [ 139.765040310961695, 36.04471089099485 ], [ 139.762988366519949, 36.047934503674469 ], [ 139.760780584856207, 36.050403387306517 ], [ 139.76007447495715, 36.049903386731955 ], [ 139.760547807935041, 36.049438386872112 ], [ 139.760377249710359, 36.0493258915767 ], [ 139.7587494678138, 36.05059894578477 ], [ 139.759592529171982, 36.051194504722673 ], [ 139.758960026084424, 36.051798919284749 ], [ 139.759258949041282, 36.052062801956822 ], [ 139.760804228032725, 36.050595333208094 ], [ 139.761277275026259, 36.050973640221343 ], [ 139.759138392223122, 36.053606694193661 ], [ 139.757458080026481, 36.052193387115153 ], [ 139.756651140837562, 36.052732000081789 ], [ 139.756383358705079, 36.052530333408185 ], [ 139.75469530514431, 36.05426391874488 ], [ 139.754272529353784, 36.053938107857448 ], [ 139.753088911823852, 36.054992838149019 ], [ 139.752905576930857, 36.055595865057171 ], [ 139.752544473948433, 36.055638640410962 ], [ 139.752308079953991, 36.054659224743489 ], [ 139.749090558382591, 36.054329505402393 ], [ 139.748457496816059, 36.054779775266468 ], [ 139.746365006439987, 36.055230332913595 ], [ 139.744632476907327, 36.053425333312532 ], [ 139.744828585770733, 36.053245612794854 ], [ 139.745654163408972, 36.053874506003694 ], [ 139.748815837081224, 36.05255338662954 ], [ 139.745351634170675, 36.052894504877543 ], [ 139.745417198345081, 36.052330891657391 ], [ 139.746471634558361, 36.05214310871753 ], [ 139.746389973418559, 36.051604225054973 ], [ 139.747031634302516, 36.051514774886982 ], [ 139.746818859203017, 36.050630054233693 ], [ 139.747669973990128, 36.050293946108752 ], [ 139.746989974108033, 36.048391720801305 ], [ 139.744955227401874, 36.044855332907332 ], [ 139.741239363605814, 36.044872027022507 ], [ 139.739796004781851, 36.042040640163464 ], [ 139.740504332409046, 36.041889531576658 ], [ 139.73984155724213, 36.040546748433769 ], [ 139.7336196111562, 36.043042585646845 ], [ 139.73472600480136, 36.044287865192871 ], [ 139.731395447441969, 36.046160359812802 ], [ 139.730169026679278, 36.044831748186709 ], [ 139.727576809122525, 36.04519591875669 ], [ 139.727704059594771, 36.047197585700076 ], [ 139.726841829187151, 36.047184532040546 ], [ 139.725400440777776, 36.048258414294423 ], [ 139.726101284246965, 36.049038134602256 ], [ 139.725233217239293, 36.049555359891997 ], [ 139.726069339428591, 36.050446170754242 ], [ 139.724953773597804, 36.051109505299507 ], [ 139.726029363664225, 36.05225089156545 ], [ 139.724484358066775, 36.05357977478684 ], [ 139.722297950590018, 36.052193387115153 ], [ 139.721190999365149, 36.053386999710312 ], [ 139.719614332235665, 36.053458386995032 ], [ 139.718611284183453, 36.052519775367387 ], [ 139.718037665106181, 36.052702559875286 ], [ 139.716560142836443, 36.05170033290409 ], [ 139.712502113981486, 36.055710053776011 ], [ 139.708995161797361, 36.058379774906712 ], [ 139.709632387224929, 36.059175612864294 ], [ 139.707551829053727, 36.060403387106703 ], [ 139.706062672254575, 36.060554504686706 ], [ 139.70614238726148, 36.060952279324283 ], [ 139.702934331953884, 36.062356721785306 ], [ 139.701932944050213, 36.060607559291498 ], [ 139.698773476414885, 36.057573666691439 ], [ 139.699390143340452, 36.055323107875154 ], [ 139.70057649840669, 36.053416440816136 ], [ 139.700281777082409, 36.052215360250727 ], [ 139.698797859733531, 36.050580640084547 ], [ 139.69632202344269, 36.05052480207803 ], [ 139.696011751940887, 36.050063693584661 ], [ 139.703687561831543, 36.042580360195529 ], [ 139.708395331079714, 36.03984813528325 ], [ 139.709063644271851, 36.037774251880251 ], [ 139.707678366363552, 36.036549531735545 ], [ 139.707758079571818, 36.035674531854227 ], [ 139.711894189365466, 36.034591197725661 ], [ 139.720829754289753, 36.030707891855798 ], [ 139.723513916733964, 36.028286225329111 ], [ 139.726024474949668, 36.026573721000489 ], [ 139.727083086715197, 36.026239559008502 ], [ 139.731415888132801, 36.026430109162277 ], [ 139.732510894562211, 36.026207892080606 ], [ 139.73530700371532, 36.024335107878983 ], [ 139.737530052270131, 36.021595108327631 ], [ 139.743594527065852, 36.020087054074338 ], [ 139.744454253760864, 36.019251774549787 ], [ 139.745761478609438, 36.016161224660834 ], [ 139.751457612678792, 36.013785946963935 ], [ 139.752619000766344, 36.012867613249796 ], [ 139.753154253865773, 36.011042360016972 ], [ 139.752539533073104, 36.009325413936779 ], [ 139.751732022814622, 36.00857764024596 ], [ 139.746234746836194, 36.005637919254639 ], [ 139.744073333317715, 36.003145135239834 ], [ 139.744555837581856, 36.00288819803194 ], [ 139.743881673400551, 36.001618748306669 ], [ 139.74378805397555, 36.000544865153472 ], [ 139.744968340416676, 36.000580972933619 ], [ 139.745707781888655, 36.001331531824803 ], [ 139.746359468414767, 36.001362919063524 ], [ 139.747561414127972, 36.001085694049607 ], [ 139.747520026428106, 36.000295693591454 ], [ 139.752325058254883, 36.000592918628342 ], [ 139.757530920615523, 35.999599306263008 ], [ 139.760014279735287, 36.004835135832877 ], [ 139.764806251607297, 36.004569585817762 ], [ 139.765092632618916, 36.005338468395678 ], [ 139.768820441210437, 36.004969305688974 ], [ 139.769050441025115, 36.006365972611604 ], [ 139.769623774117917, 36.006311531252209 ], [ 139.769490440631444, 36.007286802843737 ], [ 139.77038380017234, 36.007884027326043 ], [ 139.770666304206657, 36.007551802473756 ], [ 139.771854915671838, 36.008384305791139 ], [ 139.773325187607384, 36.007139585623406 ], [ 139.773934916263443, 36.008732079921629 ], [ 139.774652970058582, 36.007929864871414 ], [ 139.775503839330781, 36.00844264031565 ], [ 139.776318832847892, 36.00756791922413 ], [ 139.775419364212325, 36.007058747363374 ], [ 139.776256329066427, 36.006099865016836 ], [ 139.777155499127048, 36.006588197787153 ], [ 139.779203554000901, 36.004262360319728 ], [ 139.779873281826553, 36.004642359857087 ], [ 139.780983839332748, 36.004720413816074 ], [ 139.78078469525758, 36.009889305946785 ], [ 139.779507470893122, 36.010709865368028 ], [ 139.779243021648199, 36.011329027013062 ], [ 139.780129415939882, 36.011992332779982 ], [ 139.783463605660927, 36.012569559037956 ], [ 139.782964163565339, 36.013852333118734 ], [ 139.783217497189753, 36.014727612689228 ], [ 139.783698612001444, 36.015124279362055 ], [ 139.783506134600543, 36.015640946172766 ], [ 139.78375224397098, 36.01715399975734 ], [ 139.783367522992876, 36.0176890001473 ], [ 139.780621945846178, 36.019096774596505 ], [ 139.780078612338116, 36.019755946179998 ], [ 139.778079753977522, 36.026052305769326 ], [ 139.787592308638182, 36.030734802269365 ], [ 139.798761829994532, 36.036825027353188 ], [ 139.799094331837978, 36.035433640350277 ], [ 139.800430998691695, 36.033585332996779 ], [ 139.801198781398739, 36.033069775050137 ], [ 139.803284890185637, 36.033917531768736 ], [ 139.803573503314624, 36.034644747856873 ], [ 139.804648807396575, 36.035272532201645 ], [ 139.805833255900097, 36.034941972893762 ], [ 139.80554464277111, 36.036606694443435 ], [ 139.8046588069584, 36.0379758645945 ], [ 139.805808249351344, 36.041419169958772 ], [ 139.806949105017225, 36.043167774872984 ], [ 139.804592723875203, 36.044641386890532 ], [ 139.801418275333162, 36.049411640135133 ], [ 139.797665498863694, 36.052334694890305 ], [ 139.794962438066136, 36.055713865102859 ], [ 139.791357690904761, 36.058135801426147 ], [ 139.789511607574696, 36.061828864710378 ] ] ] } },
{ "type": "Feature", "properties": { "regioncode": "1146500", "regionname": "埼玉県松伏町", "name": "松伏町", "namekana": "まつぶしまち", "PrefCode": "11" }, "geometry": { "type": "Polygon", "coordinates": [ [ [ 139.84929102516071, 35.9383484143479 ], [ 139.847942697697363, 35.939285918910059 ], [ 139.846458248849217, 35.940989251952487 ], [ 139.837773306992631, 35.95390591862332 ], [ 139.835008612957154, 35.960246198403411 ], [ 139.835238911346778, 35.964868134556809 ], [ 139.833597523606841, 35.968713694081771 ], [ 139.83333141421349, 35.968967027706242 ], [ 139.83075611020638, 35.967430386703029 ], [ 139.83101221823938, 35.966732612620035 ], [ 139.828622502826306, 35.966232612944793 ], [ 139.829319728322844, 35.964993720383916 ], [ 139.827413306778794, 35.965323440624331 ], [ 139.825296640827332, 35.964243441181907 ], [ 139.824407471227914, 35.964080666589552 ], [ 139.823690531692705, 35.964536505055719 ], [ 139.822845499020673, 35.964006225207186 ], [ 139.822100777628862, 35.965085387380782 ], [ 139.820680506200461, 35.965967332726279 ], [ 139.809417326748303, 35.952909026430461 ], [ 139.807642334825914, 35.953394585691626 ], [ 139.805594553346054, 35.954903198423892 ], [ 139.804990921194076, 35.954393468084163 ], [ 139.80636785968909, 35.951865972936332 ], [ 139.805189780184264, 35.949384026651558 ], [ 139.805300337440713, 35.948655134227124 ], [ 139.805988105666643, 35.947706532030907 ], [ 139.805989221725213, 35.946931532264443 ], [ 139.803931698788915, 35.945693467979197 ], [ 139.80432863795636, 35.943990694315119 ], [ 139.80243416210692, 35.941427919662829 ], [ 139.810628911395156, 35.939706252141889 ], [ 139.81428364467456, 35.936665414077652 ], [ 139.816363916861292, 35.933811224908141 ], [ 139.818056135182587, 35.932182891727109 ], [ 139.818262801187416, 35.931567332766235 ], [ 139.817690558072854, 35.929876504796937 ], [ 139.81587805273, 35.928448197926059 ], [ 139.811546640764959, 35.926972918565411 ], [ 139.809406328938962, 35.926778198255306 ], [ 139.80564603143921, 35.924175694252938 ], [ 139.804806589852319, 35.922999026683783 ], [ 139.804531828980771, 35.920250972804183 ], [ 139.804708222906243, 35.91936486539629 ], [ 139.805731828561079, 35.917805135198876 ], [ 139.807482386802803, 35.916641532081087 ], [ 139.817517133708861, 35.915377080787721 ], [ 139.819873799935976, 35.914513467222775 ], [ 139.821127418895344, 35.912994306342227 ], [ 139.822309054319476, 35.909775972683065 ], [ 139.823229052678698, 35.908642360156875 ], [ 139.82513710829096, 35.907610415088641 ], [ 139.828223255998523, 35.90715125182885 ], [ 139.833732165606989, 35.907885414280486 ], [ 139.836199104904836, 35.907250973153964 ], [ 139.837277445098039, 35.906136802171716 ], [ 139.841828585720691, 35.907907613145881 ], [ 139.848631413808789, 35.911890946110304 ], [ 139.848221698872408, 35.91231900002191 ], [ 139.847617496550242, 35.911973440921599 ], [ 139.846990856143179, 35.912716774659486 ], [ 139.84568639491124, 35.912672612551091 ], [ 139.845185279177372, 35.913335108028889 ], [ 139.843372503138539, 35.912930387027814 ], [ 139.842973606147098, 35.91334789189176 ], [ 139.842686108177418, 35.913178440732509 ], [ 139.842213332779124, 35.913639837908249 ], [ 139.843127223842316, 35.914199558862606 ], [ 139.842559728248943, 35.914861774651229 ], [ 139.843163917081142, 35.915325668344963 ], [ 139.840795031765424, 35.917989278582411 ], [ 139.836111945310108, 35.915347054223218 ], [ 139.836073358998419, 35.918751775074441 ], [ 139.836569780271248, 35.922585666795158 ], [ 139.837922283286844, 35.923370667022709 ], [ 139.836853385075756, 35.924495108262704 ], [ 139.83714396861933, 35.927033171343851 ], [ 139.838556200108656, 35.92794733310302 ], [ 139.838847587646114, 35.927618720827354 ], [ 139.839643968794235, 35.927774279259609 ], [ 139.839497301959, 35.928861504754707 ], [ 139.841375421838279, 35.933846224723538 ], [ 139.840151803363142, 35.934330387337582 ], [ 139.839666808876245, 35.933305946212499 ], [ 139.835790660710472, 35.934494558577057 ], [ 139.830252917937855, 35.93960789239037 ], [ 139.830721802868993, 35.940130946186287 ], [ 139.831651530094064, 35.940149838244508 ], [ 139.835020143165139, 35.938747332923128 ], [ 139.837187912192462, 35.938637891725364 ], [ 139.83855739350895, 35.93908594565994 ], [ 139.839773774240371, 35.93889094566066 ], [ 139.841890726176189, 35.937692892213249 ], [ 139.842986550089336, 35.936261224575901 ], [ 139.845103216939947, 35.935925945625968 ], [ 139.84929102516071, 35.9383484143479 ] ] ] } }
]
}
