{
"type": "FeatureCollection",
"name": "01_hokkaido_forecast",
"crs": { "type": "name", "properties": { "name": "urn:ogc:def:crs:OGC:1.3:CRS84" } },
"features": [
{ "type": "Feature", "properties": { "code": "011000", "name": "宗谷地方", "PrefCode": "01", "regioncode": "011000" }, "geometry": { "type": "MultiPolygon", "coordinates": [ [ [ [ 142.60065102482497, 44.930012333002821 ], [ 142.595420310598911, 44.933736054175597 ], [ 142.600000000199884, 44.930319305791386 ], [ 142.60065102482497, 44.930012333002821 ] ] ], [ [ [ 142.592383139070648, 44.935369467626856 ], [ 142.595444811728726, 44.933403000148417 ], [ 142.592245187565368, 44.935267837940444 ], [ 142.592383139070648, 44.935369467626856 ] ] ], [ [ [ 141.134462503341865, 45.193096279369854 ], [ 141.131006939318809, 45.193732892359151 ], [ 141.133333332567304, 45.193304306048958 ], [ 141.134462503341865, 45.193096279369854 ] ] ], [ [ [ 141.199192218446228, 45.258821386597788 ], [ 141.225033061126965, 45.244796667032631 ], [ 141.232196666642949, 45.246761945607375 ], [ 141.231280726024806, 45.242478586217828 ], [ 141.227237497312672, 45.243040559074586 ], [ 141.229951218673818, 45.235222305565003 ], [ 141.253066004892275, 45.235434639996697 ], [ 141.264712218194404, 45.230075559239708 ], [ 141.268895006399475, 45.235825279413177 ], [ 141.275695278614307, 45.233794720849744 ], [ 141.28276703007441, 45.225767053906452 ], [ 141.279075837380105, 45.22597861312255 ], [ 141.302977497113829, 45.215112774834722 ], [ 141.312101114774691, 45.200677774659653 ], [ 141.31846360601071, 45.197076387365428 ], [ 141.324613332939066, 45.183660559187501 ], [ 141.330322776075263, 45.14994417078691 ], [ 141.310688469597267, 45.137730639957113 ], [ 141.307912775953923, 45.132816666955648 ], [ 141.313974694876379, 45.135263694364085 ], [ 141.308685836782047, 45.130059171093933 ], [ 141.2921630613763, 45.122730279179109 ], [ 141.285769441906268, 45.109069440602241 ], [ 141.280118339589762, 45.10690610793057 ], [ 141.274121777098344, 45.11060250500168 ], [ 141.274532969620964, 45.108165972681547 ], [ 141.255014720652866, 45.105436387279497 ], [ 141.23780444861643, 45.096973613041882 ], [ 141.227117366773086, 45.099738054367776 ], [ 141.227035005960829, 45.105456387302468 ], [ 141.204659273606694, 45.112386332763094 ], [ 141.193351114562347, 45.124621666756582 ], [ 141.180015836861458, 45.128019171447647 ], [ 141.166005278920579, 45.137183053555134 ], [ 141.161739441921782, 45.146347225244313 ], [ 141.150226550415027, 45.153907613445654 ], [ 141.151302502908266, 45.156850559405825 ], [ 141.141168885435832, 45.161646386671464 ], [ 141.13548972786873, 45.177623332950532 ], [ 141.139363332751714, 45.182363892379783 ], [ 141.126838053733309, 45.185955279212806 ], [ 141.130693138877291, 45.191471054245824 ], [ 141.129994720879722, 45.188052224830358 ], [ 141.134062386869687, 45.190064838321689 ], [ 141.134705006430977, 45.186499440996442 ], [ 141.141726108972762, 45.190399720670598 ], [ 141.142406108854857, 45.194630838442492 ], [ 141.135477782174007, 45.199713332704221 ], [ 141.139391673087289, 45.204596108223882 ], [ 141.132379169862816, 45.213456387302472 ], [ 141.136542387021564, 45.219630639642332 ], [ 141.150896109168116, 45.225401666553694 ], [ 141.156987782160513, 45.235734440691942 ], [ 141.171175836595694, 45.238735559298675 ], [ 141.179356393682724, 45.251101667308149 ], [ 141.184977497313753, 45.253273891576896 ], [ 141.187526393628218, 45.250662774767306 ], [ 141.190788884899234, 45.257970838383528 ], [ 141.199210829915955, 45.258856667001623 ], [ 141.199192218446228, 45.258821386597788 ] ] ], [ [ [ 141.049999999700276, 45.294682333422998 ], [ 141.047707950661447, 45.29417305364359 ], [ 141.05427666723449, 45.296569171330248 ], [ 141.05026481227128, 45.294749504685967 ], [ 141.049999999700276, 45.294682333422998 ] ] ], [ [ [ 141.05128530537263, 45.301426333258746 ], [ 141.051271855112077, 45.296986107822647 ], [ 141.052558079891583, 45.301483693817488 ], [ 141.05128530537263, 45.301426333258746 ] ] ], [ [ [ 141.698067664691052, 45.411949440614251 ], [ 141.711240219960246, 45.410281108286597 ], [ 141.698042749873025, 45.411935386908624 ], [ 141.698067664691052, 45.411949440614251 ] ] ], [ [ [ 141.756179714921927, 45.413471224817215 ], [ 141.7536183791849, 45.413449413559647 ], [ 141.756175537571039, 45.413526188682738 ], [ 141.756179714921927, 45.413471224817215 ] ] ], [ [ [ 141.70434102501838, 45.41856691932793 ], [ 141.692679000735325, 45.418775865114128 ], [ 141.700000000199907, 45.418669864722517 ], [ 141.70434102501838, 45.41856691932793 ] ] ], [ [ [ 140.966287781555934, 45.439654441199536 ], [ 140.962956939111564, 45.438979440648723 ], [ 140.966215836691617, 45.439733333326728 ], [ 140.966287781555934, 45.439654441199536 ] ] ], [ [ [ 140.967346666715343, 45.464218612598927 ], [ 140.978102671700981, 45.45640710760199 ], [ 140.974462776336168, 45.456667386690583 ], [ 140.980088339705162, 45.453989720948925 ], [ 140.981331388033141, 45.448770559413845 ], [ 140.987507302320182, 45.447666387094159 ], [ 140.985128340100914, 45.443793053806417 ], [ 140.991502502738399, 45.438409170646764 ], [ 141.012685811401184, 45.433038919410649 ], [ 141.034859222375303, 45.440392081329549 ], [ 141.035927081869431, 45.444725801854304 ], [ 141.03242594020503, 45.444697054125811 ], [ 141.036166394163843, 45.445217559243019 ], [ 141.035137781983167, 45.451623612739581 ], [ 141.029866977778852, 45.44765646757196 ], [ 141.033896108718523, 45.460808054248332 ], [ 141.049480557581774, 45.450747774690115 ], [ 141.067395032055174, 45.42397450501943 ], [ 141.061791387862286, 45.421125279208297 ], [ 141.064156303570599, 45.415834504658733 ], [ 141.062487029652743, 45.419179170582311 ], [ 141.056152776229737, 45.406766108069462 ], [ 141.058820558422099, 45.395961667397103 ], [ 141.054381387890771, 45.389138612656893 ], [ 141.059246667100069, 45.378118612583933 ], [ 141.059308053923587, 45.353091945936626 ], [ 141.054759169699992, 45.34297444071791 ], [ 141.049217496890037, 45.339663612685627 ], [ 141.057243606207521, 45.318797504801068 ], [ 141.051280000271845, 45.303242720974822 ], [ 141.04570853382188, 45.29798445871586 ], [ 141.047228664171598, 45.280141135005408 ], [ 141.043553968640822, 45.274107134636608 ], [ 141.026169728150535, 45.273646386771361 ], [ 141.014633061266863, 45.284078892127241 ], [ 141.025634448970663, 45.291158054001016 ], [ 141.025001114909628, 45.302293892149464 ], [ 141.019171673434016, 45.305786667420819 ], [ 141.022634137055888, 45.304047251779309 ], [ 141.022767496622691, 45.309641107750963 ], [ 141.002407224114222, 45.328218891588619 ], [ 141.004042217674282, 45.335928333425898 ], [ 140.999450272112426, 45.351726667152036 ], [ 140.982908340247718, 45.380375278696192 ], [ 140.984227223907283, 45.38454472096214 ], [ 140.990788885298912, 45.386256666811789 ], [ 140.984714162728437, 45.398448891802957 ], [ 140.991666666783317, 45.407851559202129 ], [ 140.989671284302403, 45.411321918871522 ], [ 140.984405278880558, 45.410667225012503 ], [ 140.986533891426006, 45.414145558970404 ], [ 140.982578340318241, 45.415475278561303 ], [ 140.993441114615848, 45.418761386928509 ], [ 140.994406667233989, 45.423831108119202 ], [ 140.982519727903195, 45.435334721320373 ], [ 140.966431673083321, 45.438388613044083 ], [ 140.976847224419885, 45.447631666967936 ], [ 140.967556939001611, 45.452902505346401 ], [ 140.967259728353838, 45.464209721001851 ], [ 140.967346666715343, 45.464218612598927 ] ] ], [ [ [ 140.964427782116559, 45.48012027932748 ], [ 140.97113167308828, 45.477733892305366 ], [ 140.96362138791676, 45.475154721213471 ], [ 140.964382217965067, 45.480226946116716 ], [ 140.964427782116559, 45.48012027932748 ] ] ], [ [ [ 141.947039882984313, 45.522213080968982 ], [ 141.950188274569314, 45.522081585696696 ], [ 141.9470235018332, 45.522097386785049 ], [ 141.947039882984313, 45.522213080968982 ] ] ], [ [ [ 141.941187782190468, 45.521457504760065 ], [ 141.946539222307365, 45.522147999730464 ], [ 141.942363411042606, 45.52096519788563 ], [ 141.944796134733906, 45.51646805435729 ], [ 141.949739753886547, 45.519427892283431 ], [ 141.961421946365817, 45.510495838312352 ], [ 141.968639727941195, 45.484140837929374 ], [ 141.977634720965625, 45.475394171104142 ], [ 141.99281277608884, 45.462653892063543 ], [ 142.018606938559401, 45.453778332604031 ], [ 142.023999441720889, 45.44604389231182 ], [ 142.024295836683564, 45.436751387366712 ], [ 142.034984163188597, 45.430265838297828 ], [ 142.036680467129941, 45.423550053791985 ], [ 142.032721673066817, 45.425566946257618 ], [ 142.03376438391922, 45.420880999958229 ], [ 142.038665576655148, 45.423713946241662 ], [ 142.033501166745509, 45.419934666751544 ], [ 142.045661387563086, 45.405797225261779 ], [ 142.063838884956681, 45.393304721136019 ], [ 142.09445185506911, 45.381117613287302 ], [ 142.092037223938746, 45.3796652792293 ], [ 142.095695550908999, 45.379091107968293 ], [ 142.095075694088109, 45.381601586144313 ], [ 142.108816394261225, 45.370249170562829 ], [ 142.168388340049887, 45.339983613053334 ], [ 142.171439195662401, 45.343221801944651 ], [ 142.170250558116777, 45.338047774685094 ], [ 142.234300558424138, 45.274707225258283 ], [ 142.242977081726963, 45.273145135239872 ], [ 142.237397639189794, 45.272662360279753 ], [ 142.242061284101055, 45.272931918573249 ], [ 142.241078340393187, 45.268131386953996 ], [ 142.268490000113502, 45.240401387014458 ], [ 142.385161114893549, 45.139345279161375 ], [ 142.396422386883728, 45.135104251759856 ], [ 142.38900797663689, 45.137434720735826 ], [ 142.406716251853595, 45.120684918674101 ], [ 142.482214449137587, 45.061429170919553 ], [ 142.504428054411278, 45.060022224745921 ], [ 142.49846138808266, 45.051680278921765 ], [ 142.504685836981821, 45.044396387283484 ], [ 142.509506108719961, 45.044466108124425 ], [ 142.507801945603319, 45.040011107726514 ], [ 142.518399338958375, 45.035263946374073 ], [ 142.515488586029505, 45.038372224598561 ], [ 142.519964162915812, 45.039978054044013 ], [ 142.519052503070611, 45.032187505049365 ], [ 142.534141387714953, 45.028576945569625 ], [ 142.531669727875737, 45.012419999983081 ], [ 142.542013333448608, 45.002044440598524 ], [ 142.536525005724457, 44.999734720780793 ], [ 142.540121114897602, 44.991126667361868 ], [ 142.546726497729765, 44.990336026586419 ], [ 142.541843580117188, 44.990481640315522 ], [ 142.562928611766097, 44.977286387057177 ], [ 142.565766667098046, 44.96922389206901 ], [ 142.578276666634906, 44.961422775140989 ], [ 142.58475693938135, 44.96141638725652 ], [ 142.578664553226645, 44.955596449816369 ], [ 142.579117276441252, 44.948296125765637 ], [ 142.591666057442694, 44.938929333222177 ], [ 142.591925499262402, 44.935196919202497 ], [ 142.588655615564221, 44.936097693653664 ], [ 142.589922282787143, 44.939586386902306 ], [ 142.585297496682188, 44.934390748034673 ], [ 142.590160532082905, 44.935170080734679 ], [ 142.586606614603625, 44.933006134725417 ], [ 142.58791972821291, 44.926965053994081 ], [ 142.595341335734133, 44.930577027208074 ], [ 142.586657223951761, 44.926711170883891 ], [ 142.589490117175274, 44.917271026936419 ], [ 142.615850830051841, 44.893593613154792 ], [ 142.632501388328478, 44.887823053890884 ], [ 142.635933332557329, 44.875621946295837 ], [ 142.64188983115082, 44.873298386811143 ], [ 142.640440272400724, 44.870930279408924 ], [ 142.651162218261788, 44.854543891587355 ], [ 142.659314916150493, 44.849282080603587 ], [ 142.655615083669204, 44.850279532174739 ], [ 142.658291582090897, 44.849293135070184 ], [ 142.65571639409643, 44.848710558745324 ], [ 142.657559169720003, 44.842629720785055 ], [ 142.680778833076715, 44.832679802431016 ], [ 142.676822775650635, 44.831795224769849 ], [ 142.680754695272981, 44.830971225441772 ], [ 142.683836394034415, 44.820657505239751 ], [ 142.702033606365944, 44.807793054106241 ], [ 142.701489170289051, 44.797515558596217 ], [ 142.721490428040852, 44.785355774849165 ], [ 142.727635837324101, 44.771499721335147 ], [ 142.737812217559849, 44.760930278909314 ], [ 142.774316108601624, 44.736608332708443 ], [ 142.777435551009944, 44.729263054246587 ], [ 142.80470167344356, 44.709036667408327 ], [ 142.814357782385855, 44.706620000212865 ], [ 142.818922502771329, 44.709940558909693 ], [ 142.816296939252425, 44.702630559053091 ], [ 142.842059999569415, 44.68720250499166 ], [ 142.834708340417592, 44.681091386858043 ], [ 142.83072666670239, 44.670384170992747 ], [ 142.80248527897254, 44.651848333333987 ], [ 142.792685836981832, 44.640434720685846 ], [ 142.76634500631701, 44.639238332782895 ], [ 142.762563061236392, 44.634577505447567 ], [ 142.74147972840683, 44.641784441199036 ], [ 142.716923891024862, 44.631311666899933 ], [ 142.70228444886834, 44.630013053959317 ], [ 142.695357497250711, 44.619790278598543 ], [ 142.684397223852898, 44.615615837900634 ], [ 142.689870558079861, 44.604755278633263 ], [ 142.673561115353209, 44.598253612814005 ], [ 142.659613606183029, 44.598401667303165 ], [ 142.650101115374241, 44.590449171092416 ], [ 142.646952502556019, 44.589953891958601 ], [ 142.641796939277356, 44.597188332575513 ], [ 142.624076393710652, 44.594594721069598 ], [ 142.608488885353836, 44.597935000100222 ], [ 142.588219441673914, 44.59367250498218 ], [ 142.584642218263866, 44.598111386831079 ], [ 142.563853333364705, 44.600659999859147 ], [ 142.562579441887806, 44.615111667169742 ], [ 142.536724449273947, 44.614745000081768 ], [ 142.524308884847187, 44.609076108275815 ], [ 142.509755550977957, 44.582541387375159 ], [ 142.491916393826614, 44.578101946147967 ], [ 142.493062503331885, 44.589283333159358 ], [ 142.479838884556898, 44.591943891997062 ], [ 142.479038340447119, 44.605938891666597 ], [ 142.472758340425116, 44.61135833312062 ], [ 142.47257277611277, 44.618541107686042 ], [ 142.440807781653916, 44.617375559334675 ], [ 142.431613333388668, 44.627872775408321 ], [ 142.41299778162238, 44.636870559029148 ], [ 142.40529722418762, 44.64944277456442 ], [ 142.418576109000242, 44.67661027914113 ], [ 142.39674444939692, 44.695150838240636 ], [ 142.395245837125799, 44.700745278771649 ], [ 142.363204721121065, 44.705019170998014 ], [ 142.358865005715529, 44.710091946286354 ], [ 142.342103061007492, 44.706069170855585 ], [ 142.327453060810171, 44.710164440636504 ], [ 142.324350558031938, 44.726770000435238 ], [ 142.311447497204313, 44.738203053728 ], [ 142.308763606355456, 44.74601055943981 ], [ 142.302568885445794, 44.748113892042511 ], [ 142.312043060638757, 44.778696667417307 ], [ 142.295839170441468, 44.788244999806921 ], [ 142.283505551340227, 44.78844583820495 ], [ 142.280322218395781, 44.802876107946076 ], [ 142.284866393769107, 44.811245000156703 ], [ 142.281071387834345, 44.822328054396223 ], [ 142.263556939001546, 44.817303053792955 ], [ 142.240154448868793, 44.821486108197405 ], [ 142.235357781636367, 44.827062775426782 ], [ 142.227296938702807, 44.82312472062938 ], [ 142.22097888476776, 44.824959720714617 ], [ 142.209110830300688, 44.82139333323579 ], [ 142.205324448864303, 44.808404441112145 ], [ 142.187621115422189, 44.796191666612174 ], [ 142.17365778178123, 44.798031945717753 ], [ 142.160538884561902, 44.804919441379184 ], [ 142.158740830425018, 44.812586667240964 ], [ 142.167717223671048, 44.83073361286597 ], [ 142.166495006339574, 44.835677775209206 ], [ 142.16202167326162, 44.836673332808118 ], [ 142.165731672578659, 44.852372775283413 ], [ 142.149801115129435, 44.854976945729504 ], [ 142.160158054051067, 44.870088891689079 ], [ 142.152162217712203, 44.88580194630282 ], [ 142.141158612280151, 44.895737774978386 ], [ 142.136459999929116, 44.895896945987317 ], [ 142.13334138759501, 44.902157505364642 ], [ 142.121134448795829, 44.897946386716399 ], [ 142.097748339814075, 44.903268053877639 ], [ 142.05624444932198, 44.898171945678826 ], [ 142.047992218066497, 44.901607505182255 ], [ 142.04623610920919, 44.898297775222204 ], [ 142.033780558226226, 44.897904441436879 ], [ 142.028000557879523, 44.899929720979912 ], [ 142.030420000382833, 44.904795278979009 ], [ 142.022095279273799, 44.910999440971466 ], [ 142.012954162604615, 44.907343053838929 ], [ 142.00408944177434, 44.897719171202823 ], [ 141.9989030614272, 44.899473892406263 ], [ 141.996279169747936, 44.905281386826573 ], [ 141.990937223773926, 44.897477224794159 ], [ 141.991292217661794, 44.913657225400698 ], [ 141.986141945994063, 44.91694083814923 ], [ 141.954469442310938, 44.89750750496745 ], [ 141.94754944155352, 44.911381386641722 ], [ 141.93031639418632, 44.908248612683394 ], [ 141.926284163283526, 44.898213333378692 ], [ 141.922211114851166, 44.904827505285198 ], [ 141.909726109272583, 44.907387504629696 ], [ 141.918572217733754, 44.915550559111068 ], [ 141.916873061142951, 44.918924441309969 ], [ 141.87475888531435, 44.930966946267631 ], [ 141.876224449299002, 44.956285279242309 ], [ 141.859985006203146, 44.991631386679217 ], [ 141.800658884699828, 44.992206666804293 ], [ 141.776423606164599, 44.984499171099912 ], [ 141.764903890602113, 44.984567505186249 ], [ 141.746166666858244, 44.969598332896794 ], [ 141.729915005573162, 44.964609440972993 ], [ 141.715373060718207, 44.953000278839852 ], [ 141.740419999883102, 44.88193444062199 ], [ 141.732194890381948, 44.877930891797291 ], [ 141.738161698803424, 44.879545441069297 ], [ 141.736674721061604, 44.887323612694615 ], [ 141.697501115184423, 44.970518892433006 ], [ 141.641892775731094, 45.067184440809342 ], [ 141.630782996338326, 45.082941305896611 ], [ 141.625493165177545, 45.084732892109344 ], [ 141.631054811930085, 45.083076775273014 ], [ 141.628683112635599, 45.086683386728964 ], [ 141.625117327702583, 45.085355224763873 ], [ 141.629151634240543, 45.086881278947942 ], [ 141.586209727796813, 45.155506386810373 ], [ 141.568929727724822, 45.19827833307869 ], [ 141.571197977105044, 45.233234359578091 ], [ 141.60846360561095, 45.271589171403207 ], [ 141.616244163137708, 45.284174440598008 ], [ 141.619883332749623, 45.294750838380537 ], [ 141.618264553066751, 45.303557999901841 ], [ 141.615791777168852, 45.307759504797389 ], [ 141.608803969327823, 45.308915414215051 ], [ 141.61761527942167, 45.308848332884281 ], [ 141.61054016899368, 45.312690224973949 ], [ 141.606767496822613, 45.309074694041954 ], [ 141.607242606860837, 45.31190772126439 ], [ 141.618958339555775, 45.311650559225995 ], [ 141.627983890644146, 45.318078891627579 ], [ 141.644601440204383, 45.334817468351559 ], [ 141.654909170022279, 45.351447225309244 ], [ 141.657021803413613, 45.369630667221543 ], [ 141.637303359062798, 45.389623865249234 ], [ 141.634320143260084, 45.405271612894694 ], [ 141.633920700380031, 45.421543386618055 ], [ 141.64367214015715, 45.44268780230027 ], [ 141.64315330687964, 45.448968359901926 ], [ 141.666648689785234, 45.437624306216833 ], [ 141.661360660865853, 45.438812333122712 ], [ 141.665509052700713, 45.437329360061995 ], [ 141.675603112593649, 45.421129972770075 ], [ 141.69655413716373, 45.415175585784709 ], [ 141.68021766531308, 45.418587612728174 ], [ 141.685924889821877, 45.415440811144549 ], [ 141.680012826730604, 45.41225058579596 ], [ 141.678392191746298, 45.414743027169038 ], [ 141.677267691151087, 45.405040170567474 ], [ 141.681029727939631, 45.403019170898062 ], [ 141.679195693726342, 45.411195666646734 ], [ 141.685958885094578, 45.410892170637226 ], [ 141.68282002632327, 45.404420134781446 ], [ 141.686192360788937, 45.403618134669216 ], [ 141.688390078139605, 45.408847892016638 ], [ 141.691509688721226, 45.406745359810543 ], [ 141.691793994996942, 45.401510468233596 ], [ 141.694296809150501, 45.405126081003914 ], [ 141.700131581807113, 45.402658198317226 ], [ 141.702426744298918, 45.405306531771089 ], [ 141.702680310847768, 45.401525558857486 ], [ 141.706448586233364, 45.401479107974524 ], [ 141.706601024917404, 45.40676444072642 ], [ 141.708706277572674, 45.396079775361386 ], [ 141.741748586328299, 45.401664585951949 ], [ 141.746373332863072, 45.413650054106768 ], [ 141.756210972658323, 45.408652613227559 ], [ 141.755508145284693, 45.411896440868077 ], [ 141.755337211143456, 45.407785991430387 ], [ 141.765556783119109, 45.404337333301328 ], [ 141.797873606082135, 45.407058170997857 ], [ 141.837928339821133, 45.421850837845966 ], [ 141.864631115233806, 45.440640558614916 ], [ 141.878536667433309, 45.461277504853001 ], [ 141.872379831364242, 45.465309054069621 ], [ 141.875623917110147, 45.465063027436827 ], [ 141.873643332973529, 45.473144440563544 ], [ 141.879685278852548, 45.482354440804841 ], [ 141.87938888478925, 45.48642944076613 ], [ 141.876275135988749, 45.486566081059834 ], [ 141.878650609737861, 45.494544892332954 ], [ 141.892368885315818, 45.502188612614418 ], [ 141.892518054065022, 45.510826946206635 ], [ 141.940921115217407, 45.521592225001257 ], [ 141.941187782190468, 45.521457504760065 ] ] ] ] } },
{ "type": "Feature", "properties": { "code": "012010", "name": "上川地方", "PrefCode": "01", "regioncode": "012010" }, "geometry": { "type": "Polygon", "coordinates": [ [ [ 142.029759221710833, 44.902890558952208 ], [ 142.028054162869353, 44.899869720910942 ], [ 142.034561114903568, 44.897881387316204 ], [ 142.046429727849727, 44.898351107717474 ], [ 142.047992218066497, 44.901607505182255 ], [ 142.05624444932198, 44.898171945678826 ], [ 142.097748339814075, 44.903268053877639 ], [ 142.121134448795829, 44.897946386716399 ], [ 142.13334138759501, 44.902157505364642 ], [ 142.136459999929116, 44.895896945987317 ], [ 142.141158612280151, 44.895737774978386 ], [ 142.152162217712203, 44.88580194630282 ], [ 142.160158054051067, 44.870088891689079 ], [ 142.159632776231661, 44.86552694571202 ], [ 142.149788885248881, 44.856811667024886 ], [ 142.165731672578659, 44.852372775283413 ], [ 142.16202167326162, 44.836673332808118 ], [ 142.166495006339574, 44.835677775209206 ], [ 142.167717223671048, 44.83073361286597 ], [ 142.158303061137417, 44.808148612768321 ], [ 142.17365778178123, 44.798031945717753 ], [ 142.189555550848013, 44.796843053664077 ], [ 142.205324448864303, 44.808404441112145 ], [ 142.209110830300688, 44.82139333323579 ], [ 142.22097888476776, 44.824959720714617 ], [ 142.227296938702807, 44.82312472062938 ], [ 142.235357781636367, 44.827062775426782 ], [ 142.240154448868793, 44.821486108197405 ], [ 142.263556939001546, 44.817303053792955 ], [ 142.281071387834345, 44.822328054396223 ], [ 142.284866393769107, 44.811245000156703 ], [ 142.280322218395781, 44.802876107946076 ], [ 142.283505551340227, 44.78844583820495 ], [ 142.295839170441468, 44.788244999806921 ], [ 142.312043060638757, 44.778696667417307 ], [ 142.302568885445794, 44.748113892042511 ], [ 142.308763606355456, 44.74601055943981 ], [ 142.311447497204313, 44.738203053728 ], [ 142.324350558031938, 44.726770000435238 ], [ 142.327453060810171, 44.710164440636504 ], [ 142.342103061007492, 44.706069170855585 ], [ 142.358865005715529, 44.710091946286354 ], [ 142.363204721121065, 44.705019170998014 ], [ 142.395245837125799, 44.700745278771649 ], [ 142.39674444939692, 44.695150838240636 ], [ 142.418576109000242, 44.67661027914113 ], [ 142.40529722418762, 44.64944277456442 ], [ 142.41299778162238, 44.636870559029148 ], [ 142.431613333388668, 44.627872775408321 ], [ 142.440807781653916, 44.617375559334675 ], [ 142.47257277611277, 44.618541107686042 ], [ 142.472758340425116, 44.61135833312062 ], [ 142.479038340447119, 44.605938891666597 ], [ 142.479838884556898, 44.591943891997062 ], [ 142.493062503331885, 44.589283333159358 ], [ 142.491916393826614, 44.578101946147967 ], [ 142.509755550977957, 44.582541387375159 ], [ 142.524308884847187, 44.609076108275815 ], [ 142.536724449273947, 44.614745000081768 ], [ 142.562579441887806, 44.615111667169742 ], [ 142.563853333364705, 44.600659999859147 ], [ 142.584642218263866, 44.598111386831079 ], [ 142.588219441673914, 44.59367250498218 ], [ 142.608488885353836, 44.597935000100222 ], [ 142.624076393710652, 44.594594721069598 ], [ 142.644096939222436, 44.596521107563092 ], [ 142.647383606068615, 44.59149972133514 ], [ 142.644703605686914, 44.581015558920967 ], [ 142.657088339555344, 44.576281945855158 ], [ 142.650596938597914, 44.564639999836174 ], [ 142.635999727705325, 44.553212505252986 ], [ 142.638180271602323, 44.548768892070768 ], [ 142.632529727764791, 44.543078332898801 ], [ 142.636567224198075, 44.535634720765813 ], [ 142.646149442143155, 44.530577224959018 ], [ 142.627935279389703, 44.52299166743154 ], [ 142.620528884800251, 44.514480279441386 ], [ 142.618334449075633, 44.500094721294431 ], [ 142.600574720946724, 44.485500559103571 ], [ 142.593309441677434, 44.472560000143972 ], [ 142.597935279089938, 44.466254441389424 ], [ 142.58464444858248, 44.443085837941112 ], [ 142.584065551384128, 44.433675838369311 ], [ 142.59151888518852, 44.431808612877262 ], [ 142.607703061347252, 44.436888892108755 ], [ 142.620063891235645, 44.434608054018554 ], [ 142.650516939405293, 44.437671108035261 ], [ 142.654830829878961, 44.447741387155361 ], [ 142.670074163192112, 44.45548999986363 ], [ 142.683428611741078, 44.47348305439948 ], [ 142.692538340272222, 44.477022505384355 ], [ 142.694981114786628, 44.48191444139843 ], [ 142.7083016732837, 44.481294170889328 ], [ 142.71202666699719, 44.486000837568668 ], [ 142.721089727908634, 44.467685838330851 ], [ 142.717312775864002, 44.462929720630143 ], [ 142.732313891173249, 44.459590000078492 ], [ 142.739171388149089, 44.463216386726913 ], [ 142.74918138841042, 44.454958053571374 ], [ 142.758523332685741, 44.457446108051499 ], [ 142.757958339905485, 44.461011107876402 ], [ 142.767076394360174, 44.466934720960637 ], [ 142.776538053688341, 44.460178612652896 ], [ 142.782110829551243, 44.46136222478691 ], [ 142.789174449341431, 44.453494171318994 ], [ 142.811317781590446, 44.458753332900073 ], [ 142.821207781713838, 44.45474555906037 ], [ 142.828424720624412, 44.458369171300262 ], [ 142.848856393907568, 44.459653612724082 ], [ 142.840172218273324, 44.446819720553719 ], [ 142.851295837333055, 44.438331107894385 ], [ 142.840382503150067, 44.432415559030858 ], [ 142.838012217589835, 44.427431946127456 ], [ 142.81875610930706, 44.419011946344312 ], [ 142.822196667242451, 44.406383613113292 ], [ 142.83049999977527, 44.396958891639599 ], [ 142.823108612172746, 44.387550000032547 ], [ 142.828886938881169, 44.378796386843817 ], [ 142.826256394017491, 44.369766386809374 ], [ 142.816945550996479, 44.366591946361268 ], [ 142.821148340123841, 44.363293054131191 ], [ 142.815154448618955, 44.35631555881605 ], [ 142.815482775809528, 44.350110838344563 ], [ 142.808753605794323, 44.348959440825581 ], [ 142.802451388021154, 44.342601108054737 ], [ 142.802634448621006, 44.331445278876572 ], [ 142.818178612353108, 44.33206944075215 ], [ 142.824169441666413, 44.328847505308204 ], [ 142.82624221800404, 44.317561386848581 ], [ 142.822745837350567, 44.313580559395348 ], [ 142.827518339799553, 44.307210558820259 ], [ 142.823808339583252, 44.304998053917132 ], [ 142.829229728069549, 44.29337250523696 ], [ 142.824198053597343, 44.279090000403244 ], [ 142.826373891342087, 44.272411386676197 ], [ 142.844638053703306, 44.268730558668381 ], [ 142.852189999968573, 44.258948333298974 ], [ 142.859250271582823, 44.257272774918704 ], [ 142.866685005608588, 44.248429720555237 ], [ 142.868291945716805, 44.234262505210495 ], [ 142.875593891245103, 44.228795558868001 ], [ 142.864688612289683, 44.218308613052102 ], [ 142.866653890864427, 44.209484440854339 ], [ 142.872468884731347, 44.203786946110711 ], [ 142.868924448804364, 44.198193892334302 ], [ 142.872783606078656, 44.194235000245101 ], [ 142.868137497047883, 44.188553053880412 ], [ 142.878675278841115, 44.182648613442836 ], [ 142.875995836938387, 44.179574171311003 ], [ 142.882147497409164, 44.166074440882767 ], [ 142.877014162673504, 44.159693892159453 ], [ 142.863360829838484, 44.15482889174001 ], [ 142.855048340408644, 44.159265558558729 ], [ 142.837987782110531, 44.156260559377358 ], [ 142.838434449290503, 44.149860278629035 ], [ 142.843186394136865, 44.145482225124624 ], [ 142.83973360632092, 44.13600638708516 ], [ 142.843834449200585, 44.133285838071004 ], [ 142.841729728044584, 44.127503054322574 ], [ 142.85128055785151, 44.122631108438952 ], [ 142.860486394231771, 44.108697224897071 ], [ 142.854174163406924, 44.099401108274606 ], [ 142.857113605608447, 44.098177225398672 ], [ 142.856831672643693, 44.090545838419757 ], [ 142.870536938628902, 44.084866386774365 ], [ 142.860373605757331, 44.069346946304563 ], [ 142.863812217559826, 44.06399305373651 ], [ 142.875050557737154, 44.0590049999808 ], [ 142.878791387612523, 44.051709441437652 ], [ 142.86647333307792, 44.040334999660558 ], [ 142.876511946169444, 44.032805279240279 ], [ 142.874197781902126, 44.019105278785617 ], [ 142.889850271672799, 44.020667775297625 ], [ 142.898204163191622, 44.009875837899642 ], [ 142.894331945962563, 44.003539999871123 ], [ 142.902552503095649, 43.989716107912102 ], [ 142.89942917022006, 43.981278333028683 ], [ 142.888830558283757, 43.976436946108208 ], [ 142.890779728202006, 43.965767505366159 ], [ 142.886683605863823, 43.96421944117435 ], [ 142.880214721232505, 43.943775558695108 ], [ 142.892000557879555, 43.943132504761365 ], [ 142.893541387924756, 43.939933332957025 ], [ 142.885762218052037, 43.933400558688902 ], [ 142.891312217684799, 43.930060559347396 ], [ 142.888535005985773, 43.926296667257418 ], [ 142.897707223909265, 43.921818892428007 ], [ 142.911284162933839, 43.926919170783151 ], [ 142.940514721277395, 43.927493054261106 ], [ 142.981572217983512, 43.943780279236535 ], [ 142.998952218170416, 43.928465558638663 ], [ 143.012294163444949, 43.921919171332718 ], [ 143.037122502601505, 43.92814166690448 ], [ 143.054752218440171, 43.91699638677386 ], [ 143.04851500636255, 43.906780838365023 ], [ 143.038045278966479, 43.903333054377015 ], [ 143.033814162993281, 43.89499499991939 ], [ 143.01940999967178, 43.886344440943276 ], [ 143.022946667254928, 43.876220558631928 ], [ 143.016929170344952, 43.873647775424558 ], [ 143.021265551064403, 43.864846667239931 ], [ 143.008514721177448, 43.858929999619818 ], [ 143.018024720864219, 43.846088332810382 ], [ 143.009049170282992, 43.837333612556222 ], [ 143.010259441919743, 43.826472775398315 ], [ 143.024453332954977, 43.815964720695376 ], [ 143.04660639406984, 43.812490279003214 ], [ 143.020300271840142, 43.802758612619925 ], [ 143.012256393717621, 43.794398054426722 ], [ 143.016130829574195, 43.788993333075894 ], [ 143.013481945735293, 43.778997224642239 ], [ 143.007196939187452, 43.775322504829774 ], [ 143.009748885103022, 43.762022774631419 ], [ 143.007028053701788, 43.759763891690284 ], [ 143.024336666603972, 43.745352225325007 ], [ 143.033903060977536, 43.748995000319042 ], [ 143.051389170374023, 43.74390777472405 ], [ 143.063596394258298, 43.74820472107109 ], [ 143.074270272255376, 43.743007504792558 ], [ 143.074353891219175, 43.737888053790698 ], [ 143.079856108972308, 43.737940279220538 ], [ 143.089857497325738, 43.745151946305327 ], [ 143.096563061036477, 43.743091387257778 ], [ 143.118171945978588, 43.753964171009727 ], [ 143.136187782140496, 43.754188333324976 ], [ 143.142554162944293, 43.761795837907641 ], [ 143.15378250266042, 43.763388333105127 ], [ 143.168642502649391, 43.755731107704491 ], [ 143.179716667090588, 43.735089440925037 ], [ 143.168970829839964, 43.721269999710785 ], [ 143.17184527893653, 43.706919999858144 ], [ 143.160356108847395, 43.705540278860838 ], [ 143.146673605602473, 43.690634441326438 ], [ 143.145920829882471, 43.680491945746724 ], [ 143.139569727660842, 43.677518054114955 ], [ 143.141720271972986, 43.668414171177119 ], [ 143.164363060706705, 43.657466946042803 ], [ 143.162549442003183, 43.652376107871135 ], [ 143.170425550698724, 43.648975279285764 ], [ 143.174225278973495, 43.640236108309807 ], [ 143.155560271689296, 43.628659999859167 ], [ 143.149393606030117, 43.617035837933599 ], [ 143.136533060652255, 43.607881946394741 ], [ 143.136245550991475, 43.599799170795166 ], [ 143.142469728295396, 43.595149720783013 ], [ 143.14140999957192, 43.591963892219894 ], [ 143.116201945963098, 43.583599440861576 ], [ 143.083519169973783, 43.564384170792891 ], [ 143.070351114912114, 43.564468892325579 ], [ 143.068851945960546, 43.558620558791802 ], [ 143.059855550893076, 43.555189720729061 ], [ 143.041228054331327, 43.563117505368609 ], [ 143.036128612345692, 43.561630559103094 ], [ 143.030844448712401, 43.550544440873296 ], [ 143.021379169613056, 43.545645000016805 ], [ 143.023577496704206, 43.534261108163662 ], [ 143.013706394034898, 43.52853610765527 ], [ 142.988751114672255, 43.533070558659404 ], [ 142.97570639443461, 43.539311108121183 ], [ 142.973846394095858, 43.534475000221164 ], [ 142.957723333165404, 43.526277224714192 ], [ 142.943563060586825, 43.536135558809065 ], [ 142.937633333011945, 43.546016107957087 ], [ 142.906397782032059, 43.564752775020622 ], [ 142.875219169828938, 43.570014720902691 ], [ 142.872347224444866, 43.564803054317565 ], [ 142.86131082973111, 43.565287775410582 ], [ 142.860666394438567, 43.558483054249621 ], [ 142.850201672669073, 43.548919170783165 ], [ 142.853923332595741, 43.536228892249653 ], [ 142.850818053610396, 43.528298054411721 ], [ 142.838936939188443, 43.522063613145292 ], [ 142.815645278806642, 43.530636946437994 ], [ 142.808683061174406, 43.529394441300497 ], [ 142.806966667277948, 43.5274580543458 ], [ 142.814256667111522, 43.522474441442398 ], [ 142.813257782021083, 43.513886666836243 ], [ 142.805013061004047, 43.51065750533968 ], [ 142.797974448661989, 43.500890558552499 ], [ 142.776879170137704, 43.493725279398177 ], [ 142.776792775865943, 43.487045000126727 ], [ 142.752417497169859, 43.470656387382405 ], [ 142.740098885055545, 43.467127775026825 ], [ 142.724390558177788, 43.452121946370767 ], [ 142.714513332924071, 43.451753891628869 ], [ 142.71057167274455, 43.432762225396459 ], [ 142.675660829983372, 43.411714440968751 ], [ 142.671888340374721, 43.404581387221299 ], [ 142.67728055755174, 43.403698892390025 ], [ 142.694521115157386, 43.384869170675756 ], [ 142.706055550823066, 43.378456667241437 ], [ 142.720128885040026, 43.360146946124701 ], [ 142.742568053772743, 43.354844171021739 ], [ 142.746854720868782, 43.350725838127005 ], [ 142.761042776203226, 43.357397224902058 ], [ 142.769114721267442, 43.345857774616661 ], [ 142.755509170312052, 43.345449720728084 ], [ 142.748615837151192, 43.340134999930342 ], [ 142.746810830355571, 43.32709972077555 ], [ 142.736320830442082, 43.318563613120318 ], [ 142.740434163106215, 43.309155000303065 ], [ 142.736288884724331, 43.30720805440825 ], [ 142.734898611981407, 43.297837505396615 ], [ 142.736289999883638, 43.285365000394506 ], [ 142.747136667323389, 43.265481667145252 ], [ 142.74696416296581, 43.25973555864914 ], [ 142.733943890797946, 43.249245000256622 ], [ 142.742104448761324, 43.240646666710347 ], [ 142.733223605784815, 43.23303027862454 ], [ 142.736369169901309, 43.219549441153845 ], [ 142.741824449338878, 43.211426946096765 ], [ 142.748680271777175, 43.211023054270584 ], [ 142.762882218039977, 43.20100610764581 ], [ 142.762115278897113, 43.194094720594933 ], [ 142.769372217853629, 43.188655000328083 ], [ 142.76704472113704, 43.180775279055922 ], [ 142.779235837264196, 43.173744170657017 ], [ 142.764626667187031, 43.161855838276381 ], [ 142.767670830044835, 43.15210027870495 ], [ 142.765238611772588, 43.12456555935313 ], [ 142.760424163144648, 43.12120499971104 ], [ 142.752873332938066, 43.123145838309824 ], [ 142.745284162833968, 43.114995558698126 ], [ 142.751239727931193, 43.109940838199179 ], [ 142.736853605909232, 43.09519583811749 ], [ 142.743697223648041, 43.087400278999723 ], [ 142.726824449189053, 43.075958891689538 ], [ 142.746796109352999, 43.058336107825141 ], [ 142.748041387999706, 43.041969171440144 ], [ 142.753441115415171, 43.03633917081612 ], [ 142.750560829718552, 43.030138892096261 ], [ 142.754365551029423, 43.013105837764272 ], [ 142.740346667164999, 43.004791946291334 ], [ 142.727771946118537, 43.009803332957517 ], [ 142.70263027236922, 42.990248891673048 ], [ 142.689857782310924, 42.987762224846847 ], [ 142.678110829651132, 42.990775279255786 ], [ 142.666210271886598, 42.981983053675037 ], [ 142.631905836585133, 42.986276107756225 ], [ 142.614118611684603, 42.973221387057436 ], [ 142.58750666689923, 42.966308053873661 ], [ 142.57100027174522, 42.94187083796885 ], [ 142.572150830196733, 42.929183054154691 ], [ 142.560976394045383, 42.917367225117403 ], [ 142.551468053607891, 42.916650837765985 ], [ 142.54624944155853, 42.910881107677028 ], [ 142.534823061235329, 42.91062472085423 ], [ 142.532146393741186, 42.918234721055569 ], [ 142.528338340442133, 42.917418332689977 ], [ 142.521590829653178, 42.923271107975324 ], [ 142.503063605700959, 42.913971666559235 ], [ 142.498668340071845, 42.9146511079623 ], [ 142.498140271656325, 42.919642505397348 ], [ 142.492313890573655, 42.918894720914693 ], [ 142.486457497315769, 42.923459720989399 ], [ 142.474618339864605, 42.914649721207695 ], [ 142.465806667343941, 42.917217225394666 ], [ 142.443173890762523, 42.9115088920218 ], [ 142.432919442178559, 42.922347225444128 ], [ 142.42762250277633, 42.922268333316993 ], [ 142.425117496974963, 42.928541386975496 ], [ 142.40935834041511, 42.933713333203798 ], [ 142.39891888509851, 42.93157389192163 ], [ 142.404307224398963, 42.914258053866149 ], [ 142.397064162880838, 42.906370279165117 ], [ 142.395939727936138, 42.89958194634977 ], [ 142.381275550826103, 42.887255000218147 ], [ 142.360060829743588, 42.891489720674144 ], [ 142.339111114586331, 42.883867774778025 ], [ 142.324629442294963, 42.890767225127377 ], [ 142.333073332568347, 42.899779720757579 ], [ 142.33399610893332, 42.907522504959672 ], [ 142.31249083038756, 42.918141667304155 ], [ 142.307451672656612, 42.931106107760741 ], [ 142.301257224241567, 42.933358612709867 ], [ 142.301860830313103, 42.94082889243947 ], [ 142.28430250265842, 42.941182504968708 ], [ 142.27279250337142, 42.950170000345281 ], [ 142.273296939402258, 42.955809999631811 ], [ 142.283941387984783, 42.967913054144162 ], [ 142.279789999608852, 42.981124999719043 ], [ 142.291464721419857, 43.00215944090553 ], [ 142.288618611759603, 43.009857224831137 ], [ 142.305004720791317, 43.019951387246749 ], [ 142.32033055790896, 43.023588332835345 ], [ 142.330182218134951, 43.031666946372525 ], [ 142.323391946381321, 43.035716946080242 ], [ 142.324898339586753, 43.039482775309864 ], [ 142.320714721307354, 43.046598053957098 ], [ 142.294318340419181, 43.051045559405111 ], [ 142.26815111488213, 43.066976946029286 ], [ 142.263380557666665, 43.083719171302789 ], [ 142.249607782273415, 43.092710279256039 ], [ 142.250961115363225, 43.099728891575126 ], [ 142.243436666768844, 43.105881107826917 ], [ 142.244636667248415, 43.116905000165673 ], [ 142.255642776393074, 43.126085559301146 ], [ 142.253091945636811, 43.133136387134584 ], [ 142.263909170172155, 43.136670559099059 ], [ 142.253473061232853, 43.150315000337059 ], [ 142.25737167266459, 43.155457775256195 ], [ 142.255609169627519, 43.160409440643207 ], [ 142.266286394001895, 43.171860278928762 ], [ 142.27031306079914, 43.188357224906042 ], [ 142.284091387707463, 43.197883053560133 ], [ 142.281512218414264, 43.201795000139214 ], [ 142.283864163200633, 43.213341946273829 ], [ 142.276294163045236, 43.233186107752715 ], [ 142.280176939214471, 43.235313053854384 ], [ 142.278237497262808, 43.252706387389935 ], [ 142.286591115387751, 43.269038612641907 ], [ 142.28512888518992, 43.277574170811363 ], [ 142.288865837188723, 43.280924441309992 ], [ 142.286328339781107, 43.288764999804926 ], [ 142.272703061297307, 43.297588332935277 ], [ 142.271595836678557, 43.302268054127467 ], [ 142.278375837275121, 43.310162775191998 ], [ 142.28143360597619, 43.322628332931288 ], [ 142.296842502679397, 43.329346387325984 ], [ 142.289858053806256, 43.343444441208021 ], [ 142.29272805395658, 43.351046108291314 ], [ 142.302297223637993, 43.358561107709022 ], [ 142.35098555064269, 43.378334720970656 ], [ 142.341764720765354, 43.385201945913138 ], [ 142.340799442440357, 43.39138472112802 ], [ 142.351770558064914, 43.401870558979169 ], [ 142.355451946350286, 43.417432774802762 ], [ 142.367681114591846, 43.425253333274782 ], [ 142.361643060978508, 43.42878944058026 ], [ 142.366454449213506, 43.430249999837656 ], [ 142.368121387592055, 43.43583194608749 ], [ 142.361330272274358, 43.441561667137307 ], [ 142.361042217624345, 43.456049721017848 ], [ 142.355330000079448, 43.472017505003919 ], [ 142.368216108686511, 43.486789440680184 ], [ 142.364092217981579, 43.495111107691514 ], [ 142.347765551439124, 43.505355278823117 ], [ 142.337027224426947, 43.506054440560035 ], [ 142.331737781773313, 43.52125694555167 ], [ 142.327473890907413, 43.5211358383483 ], [ 142.326093891120195, 43.529893612700107 ], [ 142.320503606356397, 43.531747774640166 ], [ 142.32178472118801, 43.544303332932543 ], [ 142.31323416322607, 43.551398332766894 ], [ 142.309462776186251, 43.548295278704188 ], [ 142.301247223780365, 43.551854720718836 ], [ 142.298892776180764, 43.563934441421395 ], [ 142.287732218367296, 43.574348332609532 ], [ 142.291327496566737, 43.579457224671216 ], [ 142.285322776325188, 43.585512774594918 ], [ 142.286449441588502, 43.594301667288164 ], [ 142.28279916984593, 43.60302805440125 ], [ 142.291138885351302, 43.611967505296207 ], [ 142.286835006130673, 43.619859999639345 ], [ 142.292983891293602, 43.632069441251758 ], [ 142.287438053723235, 43.642244171231596 ], [ 142.277158053601397, 43.646759170799157 ], [ 142.277828884895143, 43.653315558566248 ], [ 142.267336938848757, 43.660366387299007 ], [ 142.257563060986513, 43.660819999943101 ], [ 142.248380272431746, 43.653997504581241 ], [ 142.220698340356194, 43.649473613416603 ], [ 142.199693890660569, 43.641014171167114 ], [ 142.195290558112788, 43.645811666675115 ], [ 142.195167781767736, 43.653975559324635 ], [ 142.177978053844186, 43.673240278615992 ], [ 142.180079442112628, 43.67950333271267 ], [ 142.175009999711733, 43.681684441383936 ], [ 142.178863061381207, 43.6863958375979 ], [ 142.177646108681074, 43.700259171123889 ], [ 142.181425279353221, 43.707459171303753 ], [ 142.17788555137713, 43.711045279116377 ], [ 142.184115279296748, 43.712399170685217 ], [ 142.182383605918744, 43.716973612742095 ], [ 142.177424720774297, 43.71437777541405 ], [ 142.178530271754653, 43.720934441071677 ], [ 142.173424720674348, 43.720987775365586 ], [ 142.171267497097347, 43.728160559362379 ], [ 142.199537781843219, 43.734322224790901 ], [ 142.195254163448908, 43.751675559179773 ], [ 142.211173891262092, 43.765599999840163 ], [ 142.211060271814176, 43.768978613372383 ], [ 142.226583891433506, 43.776031945817692 ], [ 142.221970829790052, 43.788135837598873 ], [ 142.227872503013714, 43.79570777489397 ], [ 142.240082775599717, 43.799175279215831 ], [ 142.238065551284194, 43.808211667134799 ], [ 142.230508340387701, 43.811281666615685 ], [ 142.214308053773721, 43.82929972140505 ], [ 142.216714162928383, 43.834448332924296 ], [ 142.208619727618384, 43.83789833284186 ], [ 142.219927497256208, 43.854022505334399 ], [ 142.215597782311875, 43.86437861328244 ], [ 142.205316393636735, 43.867704171310493 ], [ 142.187944162693043, 43.866874170806398 ], [ 142.179173891362097, 43.870881666755565 ], [ 142.170471946023554, 43.869116107822151 ], [ 142.159189441939247, 43.875134441101636 ], [ 142.158518053965054, 43.886271108424978 ], [ 142.162006108694982, 43.892357774891423 ], [ 142.148752217840638, 43.899055838256402 ], [ 142.149380271982068, 43.905357504745098 ], [ 142.139686109126728, 43.919043613372139 ], [ 142.122195279188873, 43.932595278749147 ], [ 142.119816666805832, 43.946786945761005 ], [ 142.113898053952084, 43.948558612889713 ], [ 142.115111387780416, 43.955933053667536 ], [ 142.105323061410218, 43.965323332905541 ], [ 142.111985278697716, 43.971538613216467 ], [ 142.112746393831117, 43.977160558612923 ], [ 142.104562502957265, 43.98612722479163 ], [ 142.102060558448102, 43.997403332897534 ], [ 142.095559999694274, 44.000734170845362 ], [ 142.097112217854601, 44.007054440709908 ], [ 142.088651114557365, 44.022586108362248 ], [ 142.088512217864604, 44.029237225317729 ], [ 142.093820271988079, 44.029818054259863 ], [ 142.097511388240036, 44.035498053592335 ], [ 142.096105005941354, 44.043798612615944 ], [ 142.073660272203824, 44.049478054368763 ], [ 142.066062217697208, 44.048271666903929 ], [ 142.05504082997038, 44.055596666552958 ], [ 142.069979728381782, 44.069525558857492 ], [ 142.062367782047545, 44.078450000067505 ], [ 142.052426393763085, 44.104183333294259 ], [ 142.068219728157942, 44.116013892327317 ], [ 142.07117861190352, 44.123919171432647 ], [ 142.078175550561241, 44.129233892230388 ], [ 142.072397782331905, 44.132597505070862 ], [ 142.075643890653055, 44.145538054137944 ], [ 142.071264162611101, 44.157852505089068 ], [ 142.082221673291656, 44.177816666705837 ], [ 142.08740916969748, 44.180973054163189 ], [ 142.088178054073978, 44.188461386883546 ], [ 142.081861387792856, 44.195660279098661 ], [ 142.064023605704961, 44.195707774993878 ], [ 142.057426109027801, 44.202728891924892 ], [ 142.046796667432318, 44.203143613387113 ], [ 142.043540557750589, 44.212473612866972 ], [ 142.050743605732919, 44.219840000215868 ], [ 142.045798053937119, 44.221773891551891 ], [ 142.043400271605265, 44.227931108034284 ], [ 142.066378340188294, 44.235448053584832 ], [ 142.065591946011523, 44.241765558933423 ], [ 142.052235278835155, 44.259896946287085 ], [ 142.045926394387607, 44.262964720845218 ], [ 142.038130272294325, 44.258422505094586 ], [ 142.030818339794564, 44.261934170625523 ], [ 142.039552775839979, 44.269246387311 ], [ 142.030872503263481, 44.284466386814358 ], [ 142.060038885086556, 44.294327505210276 ], [ 142.056969169791387, 44.306628891710034 ], [ 142.051896666997663, 44.311104721305924 ], [ 142.059077782313921, 44.314732224912291 ], [ 142.053685550747673, 44.32609222537593 ], [ 142.061013891378025, 44.336064170824898 ], [ 142.048318885108529, 44.344535837558908 ], [ 142.036776109130187, 44.345686387017224 ], [ 142.028749999812703, 44.370464721169981 ], [ 142.031648340298716, 44.377545838169965 ], [ 142.026363605595975, 44.378541946153973 ], [ 142.021147223865341, 44.393912225069187 ], [ 142.030971388219086, 44.395394720589934 ], [ 142.035359999764296, 44.405615000332034 ], [ 142.052557782016038, 44.408095279273766 ], [ 142.057156666746891, 44.413988891873942 ], [ 142.065252503200554, 44.414331946362267 ], [ 142.070913332584269, 44.422891666617147 ], [ 142.07744333334324, 44.424422224606019 ], [ 142.079976939384323, 44.433533613285704 ], [ 142.084711387920265, 44.437169171220319 ], [ 142.10614778199465, 44.438992224711455 ], [ 142.116003891166656, 44.468105279435179 ], [ 142.11299306078115, 44.469404440962251 ], [ 142.115351945635894, 44.47458610796258 ], [ 142.10967500579693, 44.483691946026568 ], [ 142.111707782088502, 44.488183612683656 ], [ 142.086292218011522, 44.488964720645413 ], [ 142.07983333294203, 44.496853891993567 ], [ 142.072909727701813, 44.496152775130497 ], [ 142.068271672999344, 44.507536387294465 ], [ 142.054910830270614, 44.513188333175094 ], [ 142.040776109230137, 44.528878892147191 ], [ 142.055307224448939, 44.552044440598536 ], [ 142.047230830438593, 44.560085838390762 ], [ 142.048093890920427, 44.565855000108229 ], [ 142.041300830369096, 44.576896946337058 ], [ 142.040252503250485, 44.585937775108277 ], [ 142.022177497093935, 44.589557225285773 ], [ 142.009172218423259, 44.598929721329625 ], [ 142.007561115353269, 44.605941945764243 ], [ 142.014542502934205, 44.610294170739451 ], [ 142.014305006371046, 44.619306107890623 ], [ 142.003299999795217, 44.624373891941616 ], [ 142.004421115342211, 44.633307224748648 ], [ 142.009165279254262, 44.636842504677929 ], [ 142.003547496819579, 44.640574441157582 ], [ 142.003140829685663, 44.645873054198148 ], [ 142.009778339898503, 44.653952505004156 ], [ 141.997795550824094, 44.658025279143374 ], [ 141.99444167314482, 44.671800278560056 ], [ 141.997427496981459, 44.675716666890708 ], [ 141.988587496715695, 44.685673892236366 ], [ 141.995888884664396, 44.690083054189643 ], [ 142.000345005617532, 44.688873332938044 ], [ 142.001032218062505, 44.703424171188601 ], [ 141.992567224298, 44.70892500038849 ], [ 141.999604720581488, 44.723880838429977 ], [ 141.984836108799414, 44.728134171255078 ], [ 141.976339170216647, 44.745789999808721 ], [ 141.989658611755544, 44.76081389224737 ], [ 141.987073060873172, 44.768228333071193 ], [ 141.992493333300786, 44.776477225143879 ], [ 141.990981387681018, 44.785414720912684 ], [ 141.99590944226702, 44.787946387116108 ], [ 142.001075279400652, 44.800845838065015 ], [ 141.99710111502452, 44.805124440940233 ], [ 142.004987781760747, 44.818721666871454 ], [ 141.997972775723042, 44.833658612854776 ], [ 142.00959916976592, 44.843555838131465 ], [ 142.004365550729631, 44.847988332995214 ], [ 142.007410558050879, 44.851925000138692 ], [ 142.006080271887072, 44.858368891711052 ], [ 141.990475278911049, 44.868122505149529 ], [ 141.989603060632817, 44.874712505078094 ], [ 142.000778054363764, 44.881506107920586 ], [ 141.999495550978963, 44.889618613308414 ], [ 142.003119727993067, 44.894001667043369 ], [ 142.019038339747681, 44.896012224684455 ], [ 142.020419169608999, 44.902609721361614 ], [ 142.029341946173986, 44.905375838124485 ], [ 142.029794720649875, 44.902923332945534 ], [ 142.029759221710833, 44.902890558952208 ] ] ] } },
{ "type": "Feature", "properties": { "code": "012020", "name": "留萌地方", "PrefCode": "01", "regioncode": "012020" }, "geometry": { "type": "MultiPolygon", "coordinates": [ [ [ [ 141.623426419693601, 43.963301585899501 ], [ 141.626928585685732, 43.966682359603283 ], [ 141.62763606974886, 43.977242378033395 ], [ 141.627112996167853, 43.966678026669626 ], [ 141.623749053276242, 43.963588332935274 ], [ 141.623426419693601, 43.963301585899501 ] ] ], [ [ [ 141.326695109691627, 44.442393693614122 ], [ 141.33125364543946, 44.439453504975347 ], [ 141.327316057390249, 44.44171950515107 ], [ 141.327147081972271, 44.43822261278342 ], [ 141.335342217969014, 44.432773053933317 ], [ 141.331520726100734, 44.426602387190485 ], [ 141.334471919743351, 44.426586197594986 ], [ 141.319602217868123, 44.415589999878648 ], [ 141.292784721337853, 44.413774170641489 ], [ 141.293463891145734, 44.421424721273922 ], [ 141.307377224279548, 44.427353332790119 ], [ 141.326631309987079, 44.44241610831682 ], [ 141.326695109691627, 44.442393693614122 ] ] ], [ [ [ 141.425742218428695, 44.446567225097397 ], [ 141.430420142775461, 44.440580865414688 ], [ 141.427371945558889, 44.44148027919158 ], [ 141.429088340354724, 44.433491387417632 ], [ 141.42583444930051, 44.428084171347507 ], [ 141.389630557704095, 44.429682225254567 ], [ 141.380742503064084, 44.433555278853078 ], [ 141.397369026959041, 44.442044440998188 ], [ 141.425675836770552, 44.446573612981922 ], [ 141.425742218428695, 44.446567225097397 ] ] ], [ [ [ 141.732652969958622, 44.865756279129016 ], [ 141.731145226870808, 44.869115306326364 ], [ 141.732267808312713, 44.866666667332879 ], [ 141.732652969958622, 44.865756279129016 ] ] ], [ [ [ 141.852902775842495, 44.993232224887322 ], [ 141.861636394404172, 44.99019000006848 ], [ 141.864325836767989, 44.978610558730338 ], [ 141.873099441885756, 44.968083891658353 ], [ 141.877103333352238, 44.948319721278153 ], [ 141.875007496598755, 44.930634171030249 ], [ 141.916873061142951, 44.918924441309969 ], [ 141.918572217733754, 44.915550559111068 ], [ 141.909726109272583, 44.907387504629696 ], [ 141.922211114851166, 44.904827505285198 ], [ 141.926065005695477, 44.898311387360707 ], [ 141.93031639418632, 44.908248612683394 ], [ 141.94754944155352, 44.911381386641722 ], [ 141.954469442310938, 44.89750750496745 ], [ 141.986050271802696, 44.916935559128831 ], [ 141.991419442053711, 44.913133053747458 ], [ 141.990711946299371, 44.897525000378494 ], [ 141.996279169747936, 44.905281386826573 ], [ 141.9989030614272, 44.899473892406263 ], [ 142.004138339712654, 44.897736946303098 ], [ 142.020332217757755, 44.910791387312713 ], [ 142.028172776252632, 44.905852504889253 ], [ 142.019601114799684, 44.901888892258626 ], [ 142.019038339747681, 44.896012224684455 ], [ 142.001252218315244, 44.892690837712053 ], [ 142.000778054363764, 44.881506107920586 ], [ 141.989603060632817, 44.874712505078094 ], [ 141.990475278911049, 44.868122505149529 ], [ 142.006080271887072, 44.858368891711052 ], [ 142.007410558050879, 44.851925000138692 ], [ 142.004365550729631, 44.847988332995214 ], [ 142.00959916976592, 44.843555838131465 ], [ 141.997972775723042, 44.833658612854776 ], [ 142.004987781760747, 44.818721666871454 ], [ 141.99710111502452, 44.805124440940233 ], [ 142.001075279400652, 44.800845838065015 ], [ 141.99590944226702, 44.787946387116108 ], [ 141.990981387681018, 44.785414720912684 ], [ 141.992493333300786, 44.776477225143879 ], [ 141.987073060873172, 44.768228333071193 ], [ 141.989658611755544, 44.76081389224737 ], [ 141.976339170216647, 44.745789999808721 ], [ 141.984836108799414, 44.728134171255078 ], [ 141.999604720581488, 44.723880838429977 ], [ 141.992567224298, 44.70892500038849 ], [ 142.001032218062505, 44.703424171188601 ], [ 142.000345005617532, 44.688873332938044 ], [ 141.995888884664396, 44.690083054189643 ], [ 141.988587496715695, 44.685673892236366 ], [ 141.997427496981459, 44.675716666890708 ], [ 141.99444167314482, 44.671800278560056 ], [ 141.997795550824094, 44.658025279143374 ], [ 142.009778339898503, 44.653952505004156 ], [ 142.003140829685663, 44.645873054198148 ], [ 142.003547496819579, 44.640574441157582 ], [ 142.009165279254262, 44.636842504677929 ], [ 142.004421115342211, 44.633307224748648 ], [ 142.003299999795217, 44.624373891941616 ], [ 142.014305006371046, 44.619306107890623 ], [ 142.014542502934205, 44.610294170739451 ], [ 142.007561115353269, 44.605941945764243 ], [ 142.009172218423259, 44.598929721329625 ], [ 142.022177497093935, 44.589557225285773 ], [ 142.040252503250485, 44.585937775108277 ], [ 142.041300830369096, 44.576896946337058 ], [ 142.048093890920427, 44.565855000108229 ], [ 142.047230830438593, 44.560085838390762 ], [ 142.055307224448939, 44.552044440598536 ], [ 142.040776109230137, 44.528878892147191 ], [ 142.054910830270614, 44.513188333175094 ], [ 142.068271672999344, 44.507536387294465 ], [ 142.072909727701813, 44.496152775130497 ], [ 142.07983333294203, 44.496853891993567 ], [ 142.086292218011522, 44.488964720645413 ], [ 142.111707782088502, 44.488183612683656 ], [ 142.10967500579693, 44.483691946026568 ], [ 142.115351945635894, 44.47458610796258 ], [ 142.11299306078115, 44.469404440962251 ], [ 142.116003891166656, 44.468105279435179 ], [ 142.10614778199465, 44.438992224711455 ], [ 142.084711387920265, 44.437169171220319 ], [ 142.079976939384323, 44.433533613285704 ], [ 142.07744333334324, 44.424422224606019 ], [ 142.070913332584269, 44.422891666617147 ], [ 142.065252503200554, 44.414331946362267 ], [ 142.057156666746891, 44.413988891873942 ], [ 142.052557782016038, 44.408095279273766 ], [ 142.035359999764296, 44.405615000332034 ], [ 142.030971388219086, 44.395394720589934 ], [ 142.021147223865341, 44.393912225069187 ], [ 142.026363605595975, 44.378541946153973 ], [ 142.031648340298716, 44.377545838169965 ], [ 142.028749999812703, 44.370464721169981 ], [ 142.036776109130187, 44.345686387017224 ], [ 142.048318885108529, 44.344535837558908 ], [ 142.061013891378025, 44.336064170824898 ], [ 142.053685550747673, 44.32609222537593 ], [ 142.059077782313921, 44.314732224912291 ], [ 142.051896666997663, 44.311104721305924 ], [ 142.056969169791387, 44.306628891710034 ], [ 142.060038885086556, 44.294327505210276 ], [ 142.030872503263481, 44.284466386814358 ], [ 142.039552775839979, 44.269246387311 ], [ 142.030818339794564, 44.261934170625523 ], [ 142.038130272294325, 44.258422505094586 ], [ 142.045926394387607, 44.262964720845218 ], [ 142.052235278835155, 44.259896946287085 ], [ 142.065591946011523, 44.241765558933423 ], [ 142.066378340188294, 44.235448053584832 ], [ 142.043400271605265, 44.227931108034284 ], [ 142.045798053937119, 44.221773891551891 ], [ 142.050743605732919, 44.219840000215868 ], [ 142.043540557750589, 44.212473612866972 ], [ 142.046796667432318, 44.203143613387113 ], [ 142.057426109027801, 44.202728891924892 ], [ 142.064023605704961, 44.195707774993878 ], [ 142.081861387792856, 44.195660279098661 ], [ 142.088178054073978, 44.188461386883546 ], [ 142.08740916969748, 44.180973054163189 ], [ 142.082221673291656, 44.177816666705837 ], [ 142.071264162611101, 44.157852505089068 ], [ 142.075643890653055, 44.145538054137944 ], [ 142.072397782331905, 44.132597505070862 ], [ 142.078175550561241, 44.129233892230388 ], [ 142.07117861190352, 44.123919171432647 ], [ 142.068219728157942, 44.116013892327317 ], [ 142.052426393763085, 44.104183333294259 ], [ 142.062367782047545, 44.078450000067505 ], [ 142.069979728381782, 44.069525558857492 ], [ 142.05504082997038, 44.055596666552958 ], [ 142.058105837314656, 44.050918054224894 ], [ 142.066047496694637, 44.049140558589954 ], [ 142.058489442234077, 44.043353333089897 ], [ 142.061657781681333, 44.031453332905016 ], [ 142.055516939155495, 44.028025279143378 ], [ 142.058638885276423, 44.025091946036525 ], [ 142.053708339568288, 44.018916946360036 ], [ 142.059862776246177, 44.011817504774058 ], [ 142.047748339914051, 44.013427224686723 ], [ 142.043360830038296, 44.010539721031364 ], [ 142.041136393829561, 43.99978722520035 ], [ 142.032716394046361, 43.998392775106538 ], [ 142.016684721322918, 44.006283054419498 ], [ 142.011129170175082, 44.003818613438284 ], [ 141.99610527863581, 44.006266387283972 ], [ 141.991922503021215, 43.996690279332995 ], [ 141.98572833969115, 43.993285559381093 ], [ 141.963997224292484, 44.000288892218634 ], [ 141.949621115322316, 43.999583332704674 ], [ 141.931032776141819, 43.983245000156671 ], [ 141.929139169936775, 43.961177225348706 ], [ 141.901345278561848, 43.956697224697223 ], [ 141.899911946279417, 43.949164171389441 ], [ 141.885095005829953, 43.943285558581692 ], [ 141.889473332728244, 43.935119171212818 ], [ 141.88134111510044, 43.922448891802958 ], [ 141.893101387619026, 43.911362775371856 ], [ 141.9002586124451, 43.89753666658396 ], [ 141.868348339704198, 43.882539171045948 ], [ 141.865323605799858, 43.874203613106317 ], [ 141.867640271981031, 43.872206108225384 ], [ 141.858332776236693, 43.859125279308273 ], [ 141.860742775858512, 43.855439720866457 ], [ 141.858372776282636, 43.846646945799989 ], [ 141.846936108614614, 43.85130944137768 ], [ 141.845281946005116, 43.844636107570352 ], [ 141.82991082982096, 43.842568612951197 ], [ 141.830579727572399, 43.832271945693776 ], [ 141.823217781975131, 43.830478891787493 ], [ 141.814043332833648, 43.834625279033446 ], [ 141.810879999912117, 43.829412775179492 ], [ 141.798189170094133, 43.828166386769396 ], [ 141.798711115025981, 43.822739441372164 ], [ 141.806710271661814, 43.815530558588478 ], [ 141.804425278703661, 43.80130833261353 ], [ 141.770902776042362, 43.784531108423948 ], [ 141.770705278625769, 43.780268892095762 ], [ 141.775683606213533, 43.776770837803952 ], [ 141.769698885095522, 43.756496107909129 ], [ 141.761200557959455, 43.75814110822563 ], [ 141.748403891426506, 43.771893612899987 ], [ 141.741687497180351, 43.784577224759175 ], [ 141.742451387621486, 43.7899841710327 ], [ 141.733675006296608, 43.788594999959344 ], [ 141.721086666816291, 43.795165278654736 ], [ 141.711169999995604, 43.792324721408818 ], [ 141.698868611697094, 43.796210279181082 ], [ 141.694984721267929, 43.785783333434154 ], [ 141.699794163370029, 43.781202775088047 ], [ 141.698103891181745, 43.774143332648748 ], [ 141.704742503064153, 43.756774171091195 ], [ 141.699934162631621, 43.749658892443961 ], [ 141.693455550932981, 43.746328333285987 ], [ 141.686294449129605, 43.7480961081489 ], [ 141.662641114695703, 43.760052225130153 ], [ 141.647460557658633, 43.756255279357731 ], [ 141.640291673122306, 43.760796666832789 ], [ 141.632246938845242, 43.7598616668825 ], [ 141.617768340436669, 43.752707774943929 ], [ 141.613853605959207, 43.741890000023545 ], [ 141.60134916962852, 43.743780278736949 ], [ 141.550568884646395, 43.713698612800783 ], [ 141.53825805436577, 43.712156666696842 ], [ 141.52304805442418, 43.715661107973801 ], [ 141.525019169599091, 43.708115278897083 ], [ 141.521374163387009, 43.704688333100137 ], [ 141.497068885220983, 43.694714999997302 ], [ 141.49062527873366, 43.684441108070757 ], [ 141.48747527916089, 43.684895558882999 ], [ 141.472475836590661, 43.693425559242201 ], [ 141.466208884832213, 43.701988332695464 ], [ 141.453384720628378, 43.700844440918274 ], [ 141.438831672743618, 43.703829720665112 ], [ 141.439117223681023, 43.707194999949365 ], [ 141.432249999637861, 43.710513054034266 ], [ 141.41733610867459, 43.711196946182156 ], [ 141.411673333157864, 43.718996107984026 ], [ 141.413876109195144, 43.726551387136851 ], [ 141.405274720651846, 43.737706387140122 ], [ 141.39295693861186, 43.737565558703636 ], [ 141.371363605645911, 43.727612224724453 ], [ 141.337430000394306, 43.737494441215517 ], [ 141.353900271580301, 43.758111945909604 ], [ 141.361681672671125, 43.761475838439253 ], [ 141.363013061403763, 43.769697775132272 ], [ 141.368165836783987, 43.774263053996776 ], [ 141.365566666568498, 43.777168613340905 ], [ 141.370419921841972, 43.777829748144427 ], [ 141.368526938867149, 43.784839171190868 ], [ 141.372166666958151, 43.792146946124717 ], [ 141.38752583744747, 43.806701946437727 ], [ 141.412358612060416, 43.814707505347144 ], [ 141.433540272265873, 43.826404170616058 ], [ 141.446696666717912, 43.828742774859222 ], [ 141.45693444906567, 43.835785278567812 ], [ 141.466437223599087, 43.833048333114107 ], [ 141.493573280682426, 43.836199134882236 ], [ 141.510343061183335, 43.856381667180244 ], [ 141.536553256327807, 43.859113278754876 ], [ 141.532438560291439, 43.85675317082223 ], [ 141.534196199794906, 43.854586386552569 ], [ 141.529292891853515, 43.856789305582026 ], [ 141.528871361624056, 43.853587468187186 ], [ 141.534079689026498, 43.851352107913499 ], [ 141.543526252334686, 43.854349170577791 ], [ 141.548984189268936, 43.86132161260241 ], [ 141.560724163189661, 43.858975559274711 ], [ 141.565350558181763, 43.866959720614659 ], [ 141.576484449297936, 43.868352505164012 ], [ 141.588267497147285, 43.882113892442248 ], [ 141.5975572240867, 43.88445500039802 ], [ 141.61811555069221, 43.917476107636332 ], [ 141.626829831131886, 43.92097244062569 ], [ 141.634087134313859, 43.93920433261394 ], [ 141.628359780279652, 43.946184080730802 ], [ 141.632238417768804, 43.950978414222504 ], [ 141.629536472130553, 43.963134892061646 ], [ 141.631578664323911, 43.95276435988734 ], [ 141.634666030612834, 43.952784721437808 ], [ 141.63206849536482, 43.95167341389697 ], [ 141.646293255629303, 43.941959802303074 ], [ 141.646300168717858, 43.946782747725706 ], [ 141.638319780033839, 43.95047305368854 ], [ 141.641667250043611, 43.959487440592966 ], [ 141.63957189442749, 43.956403414386102 ], [ 141.639646420346139, 43.959275027020908 ], [ 141.636011479346394, 43.959030225264712 ], [ 141.641224227815883, 43.960147170655432 ], [ 141.645517950992712, 43.97112841444482 ], [ 141.638101946247843, 43.97010980182597 ], [ 141.633015771960345, 43.974369919136507 ], [ 141.646275966162989, 43.975962251556723 ], [ 141.645578559902674, 43.982785414215527 ], [ 141.650985421639916, 43.990987531649296 ], [ 141.649403410738842, 43.999537837801029 ], [ 141.651056939326395, 43.994888332930259 ], [ 141.650256614651084, 43.999484918993858 ], [ 141.658779170422463, 44.005278892107242 ], [ 141.66284610886089, 44.050233332902053 ], [ 141.661393333235765, 44.086994721429278 ], [ 141.653251946120463, 44.140603612566736 ], [ 141.653467250113522, 44.158195666596782 ], [ 141.654096420313635, 44.154353081129841 ], [ 141.658488612059841, 44.163537775348118 ], [ 141.657194720559914, 44.203868054167401 ], [ 141.65281856012848, 44.223499170750188 ], [ 141.657987223831356, 44.242162224706931 ], [ 141.647608053668819, 44.291894440675946 ], [ 141.647356912591476, 44.316073703138954 ], [ 141.654023151647152, 44.319518990608969 ], [ 141.648551153812718, 44.314191225144953 ], [ 141.658145161869811, 44.316359774783848 ], [ 141.654995070566088, 44.317993693654103 ], [ 141.661695837293109, 44.315610000101458 ], [ 141.672064721010088, 44.323856946041303 ], [ 141.695929170394948, 44.371314054400159 ], [ 141.69433228290859, 44.376686197809818 ], [ 141.694379779703127, 44.368437467615081 ], [ 141.697512477219107, 44.371150694349126 ], [ 141.702457807781684, 44.369225837602357 ], [ 141.697329675624133, 44.372191720771355 ], [ 141.702358170992852, 44.373331026905419 ], [ 141.69757321743009, 44.374007505042357 ], [ 141.705402048765563, 44.376544667002861 ], [ 141.69780955926376, 44.378059693699981 ], [ 141.706199727635408, 44.376961251860337 ], [ 141.710367223768458, 44.392909838018682 ], [ 141.737139221797747, 44.415903694200153 ], [ 141.748662503172, 44.435825279213304 ], [ 141.761479169727977, 44.478992775196446 ], [ 141.764391946131468, 44.512319170793148 ], [ 141.761595667905794, 44.535224639805335 ], [ 141.763620272058006, 44.533518332704944 ], [ 141.765879441882817, 44.537999170625255 ], [ 141.768295836583661, 44.557793613084812 ], [ 141.773023333360243, 44.565428838370224 ], [ 141.779900271880138, 44.566608053718767 ], [ 141.786838885006546, 44.584633892140459 ], [ 141.792516394116319, 44.639484999732986 ], [ 141.785596394258278, 44.707514721327357 ], [ 141.777988443611889, 44.72506817105932 ], [ 141.785264163110696, 44.721735279059942 ], [ 141.782132996240875, 44.72222633317881 ], [ 141.784511388289957, 44.725126946251635 ], [ 141.781188171197186, 44.723569333058322 ], [ 141.777539170196633, 44.757112225149115 ], [ 141.747160829608674, 44.857110278816378 ], [ 141.74077508370317, 44.867898332941763 ], [ 141.736345135719489, 44.866917467567134 ], [ 141.741600000339758, 44.868168613390822 ], [ 141.736490947299444, 44.871635972921865 ], [ 141.738418392294989, 44.876745134780208 ], [ 141.73303427980818, 44.875275612879307 ], [ 141.734311414240437, 44.869812946410377 ], [ 141.733725253217926, 44.876861864983141 ], [ 141.740419999883102, 44.88193444062199 ], [ 141.722021945556435, 44.939767774763027 ], [ 141.714668611866955, 44.951306946258626 ], [ 141.729131115108885, 44.964167505126341 ], [ 141.74451917002375, 44.968585000197663 ], [ 141.765429170220045, 44.984776387120633 ], [ 141.776423606164599, 44.984499171099912 ], [ 141.799669169996264, 44.992122224960781 ], [ 141.821496939132544, 44.9927777749744 ], [ 141.832229169640527, 44.989620278652978 ], [ 141.851384162649083, 44.993284170628044 ], [ 141.852902775842495, 44.993232224887322 ] ] ] ] } },
{ "type": "Feature", "properties": { "code": "013000", "name": "網走・北見・紋別地方", "PrefCode": "01", "regioncode": "013000" }, "geometry": { "type": "MultiPolygon", "coordinates": [ [ [ [ 144.294946666655392, 44.008262440659166 ], [ 144.29198839175092, 44.006037945994478 ], [ 144.294929078614132, 44.008269306083662 ], [ 144.294946666655392, 44.008262440659166 ] ] ], [ [ [ 144.296023410552039, 44.01118294583631 ], [ 144.295626641356534, 44.008174864678324 ], [ 144.296302243553782, 44.011967251787269 ], [ 144.296023410552039, 44.01118294583631 ] ] ], [ [ [ 144.292662555032962, 44.019448414213002 ], [ 144.302978948919417, 44.015430414182333 ], [ 144.292645499390346, 44.019506837770393 ], [ 144.292662555032962, 44.019448414213002 ] ] ], [ [ [ 144.291208716409187, 44.025640134984314 ], [ 144.294560947429886, 44.024411892195133 ], [ 144.290875227110064, 44.025401999902442 ], [ 144.291208716409187, 44.025640134984314 ] ] ], [ [ [ 145.001717223870855, 44.077703613131291 ], [ 144.99945583721717, 44.076753613388576 ], [ 145.001675278591279, 44.077715000347041 ], [ 145.001717223870855, 44.077703613131291 ] ] ], [ [ [ 144.191666666683432, 44.114357531774715 ], [ 144.189561673032813, 44.113055171359122 ], [ 144.192306135020203, 44.114777802053993 ], [ 144.191666666683432, 44.114357531774715 ] ] ], [ [ [ 143.381798144868526, 44.340999269800534 ], [ 143.380894149945107, 44.337513531724142 ], [ 143.381626627966625, 44.341014116708152 ], [ 143.381798144868526, 44.340999269800534 ] ] ], [ [ [ 143.39482736708942, 44.342759458881972 ], [ 143.394776264912707, 44.340056306353517 ], [ 143.39461019520445, 44.342761639737944 ], [ 143.39482736708942, 44.342759458881972 ] ] ], [ [ [ 143.385705331335998, 44.343259865050811 ], [ 143.368925252698318, 44.344574729640101 ], [ 143.384744060390176, 44.343339982054601 ], [ 143.385705331335998, 44.343259865050811 ] ] ], [ [ [ 143.36880632904888, 44.344098523328228 ], [ 143.365985525411702, 44.349755035966211 ], [ 143.368830725857379, 44.344108630808705 ], [ 143.36880632904888, 44.344098523328228 ] ] ], [ [ [ 143.368770349871852, 44.350837873668979 ], [ 143.365772243993888, 44.351503792865799 ], [ 143.368644565294517, 44.350852603664805 ], [ 143.368770349871852, 44.350837873668979 ] ] ], [ [ [ 142.875711946149409, 44.660665559168251 ], [ 142.893352503315441, 44.651828891789989 ], [ 142.898950272237357, 44.643070837749008 ], [ 142.917433605676479, 44.629008333168088 ], [ 142.927450830191674, 44.628850558806278 ], [ 142.933135279369708, 44.622898612580968 ], [ 142.932390557977897, 44.614467775067794 ], [ 142.948290920689487, 44.605717892266966 ], [ 142.942989053002407, 44.60803444063697 ], [ 142.944957302037892, 44.603601945773221 ], [ 142.946342477423514, 44.605459775148574 ], [ 142.943323164632375, 44.602054585750579 ], [ 142.954672892140366, 44.598829467605924 ], [ 142.960898300616122, 44.589340108259421 ], [ 142.964316200132544, 44.590736613304102 ], [ 142.969165525368794, 44.586194224883627 ], [ 142.963709882605031, 44.589165612802844 ], [ 142.963843449915316, 44.585429505267484 ], [ 142.966801193320521, 44.585608721265544 ], [ 142.964044254139026, 44.584387081298814 ], [ 142.990208885132006, 44.560296386768869 ], [ 143.045556109127233, 44.529466946242621 ], [ 143.05587583680051, 44.527795558917944 ], [ 143.062999728254908, 44.53195805392113 ], [ 143.064938611727598, 44.530131386953997 ], [ 143.060559585156739, 44.523526252334705 ], [ 143.063075006006784, 44.519560278983761 ], [ 143.082508611683124, 44.507458053646303 ], [ 143.214088392365511, 44.440596386813866 ], [ 143.223118559673821, 44.441613386948291 ], [ 143.232783917244092, 44.432013107918635 ], [ 143.232207470698313, 44.428361053719698 ], [ 143.229005447143777, 44.431904558848373 ], [ 143.227287081933355, 44.429288081180061 ], [ 143.230914838249305, 44.428736640283773 ], [ 143.229119584601222, 44.426948027229741 ], [ 143.233645278906579, 44.421920585866417 ], [ 143.309214746563384, 44.385417161572775 ], [ 143.348744370656277, 44.370523559314847 ], [ 143.356291712392704, 44.360022459069285 ], [ 143.364113138710422, 44.356389820334016 ], [ 143.365684916225973, 44.351389891930012 ], [ 143.361199559212309, 44.355253667222996 ], [ 143.356801192720923, 44.352061162093037 ], [ 143.359024163034746, 44.348875927981737 ], [ 143.36059276324545, 44.352216955248366 ], [ 143.364345485755621, 44.337982198120017 ], [ 143.371483683625115, 44.33946477457971 ], [ 143.376523151622223, 44.333699405303378 ], [ 143.38060693885916, 44.337296224940872 ], [ 143.374303553766026, 44.330859018029287 ], [ 143.411271089389288, 44.309558685085278 ], [ 143.567389728253374, 44.249276107606306 ], [ 143.619557497180836, 44.232583613043346 ], [ 143.62391097311297, 44.23410302663342 ], [ 143.62062555092848, 44.23123110822911 ], [ 143.631041051003763, 44.2340416937692 ], [ 143.620722165995176, 44.231204613302339 ], [ 143.628196393748681, 44.232572224928276 ], [ 143.629485551217272, 44.22812833295626 ], [ 143.766946938550404, 44.186726946291571 ], [ 143.780492217841697, 44.1842305586934 ], [ 143.784364162576139, 44.187012224734417 ], [ 143.783654720688901, 44.179669440991972 ], [ 143.789643411414318, 44.181619108235282 ], [ 143.878983333314295, 44.158037775323123 ], [ 143.996401673198761, 44.134514721177482 ], [ 144.074385616403106, 44.123820999639463 ], [ 144.100549467683891, 44.129299108367206 ], [ 144.105867691340904, 44.127019333275655 ], [ 144.099334331614159, 44.126199585942175 ], [ 144.104747367197319, 44.126690559122039 ], [ 144.107545135599594, 44.123739720711569 ], [ 144.105407029810635, 44.121819721203224 ], [ 144.111778053814191, 44.118454891580029 ], [ 144.159699441675912, 44.108218054419751 ], [ 144.185551479117521, 44.106612467791194 ], [ 144.187277781744342, 44.103850558956196 ], [ 144.190522749725233, 44.106940197831932 ], [ 144.204675836720526, 44.102001387354221 ], [ 144.219700272349769, 44.102380558615948 ], [ 144.236490558292644, 44.106858053756241 ], [ 144.24360944232194, 44.113523054445466 ], [ 144.25005333299498, 44.109413891937606 ], [ 144.25690333322234, 44.087451945750729 ], [ 144.251905550600782, 44.061617775140292 ], [ 144.261645836985849, 44.056839440587794 ], [ 144.254877717332874, 44.038636360179908 ], [ 144.273137081810887, 44.023825802219051 ], [ 144.284516497738196, 44.027980467724433 ], [ 144.291272477442931, 44.024777559237009 ], [ 144.2843031650591, 44.027718720942289 ], [ 144.277892411705466, 44.023707197828969 ], [ 144.284624838165769, 44.019924386701121 ], [ 144.28768603058586, 44.023059026752719 ], [ 144.292075642177224, 44.018882306273497 ], [ 144.286980466575301, 44.021003585746939 ], [ 144.28998905315234, 44.016117837967897 ], [ 144.282144474687811, 44.011049080850455 ], [ 144.287173670628476, 44.006976332791567 ], [ 144.288583553987905, 44.010212640301177 ], [ 144.286670116832511, 44.003945026641702 ], [ 144.301231699283562, 43.991844946187371 ], [ 144.296095719641812, 43.988614468083313 ], [ 144.298932218247387, 43.982325305768313 ], [ 144.366367223568545, 43.954606107585846 ], [ 144.49154916965847, 43.928475559099809 ], [ 144.603976109410041, 43.91762250467491 ], [ 144.659660363335206, 43.916943801615218 ], [ 144.66855141361691, 43.923125801614503 ], [ 144.660282049377088, 43.915471892014239 ], [ 144.667825187682297, 43.921762504935714 ], [ 144.668224643152826, 43.918840225396139 ], [ 144.675893217098405, 43.917802360090889 ], [ 144.707909441667425, 43.918990558767348 ], [ 144.795289169759485, 43.931392504760368 ], [ 144.805735550755116, 43.942560838112229 ], [ 144.834886939081002, 43.951856387262524 ], [ 144.833515551201799, 43.960588054295329 ], [ 144.848706938774285, 43.973652225070168 ], [ 144.880356108647561, 43.985445838154988 ], [ 144.910711387920287, 44.004555278703208 ], [ 144.924433606126058, 44.019457224871076 ], [ 144.935581673255683, 44.043042504907703 ], [ 144.945423606414352, 44.039575559064872 ], [ 144.958324721109079, 44.04849805414193 ], [ 144.960478340203281, 44.054918054324787 ], [ 144.976396394378185, 44.062399721270197 ], [ 144.976447224060166, 44.067774171440931 ], [ 144.989142969572413, 44.067326837863334 ], [ 144.987283087044943, 44.070311999799003 ], [ 144.992678105610139, 44.070357036048449 ], [ 144.985204448926197, 44.070985000257622 ], [ 144.991258612095294, 44.07650833319309 ], [ 144.99717678338186, 44.072639440757655 ], [ 144.99344352759681, 44.074925306058105 ], [ 144.998196420328554, 44.073788440684041 ], [ 145.006085006218086, 44.079944441282976 ], [ 145.009920272102931, 44.085339440962457 ], [ 145.009185551172322, 44.095090279093142 ], [ 145.015250272382218, 44.100128613045115 ], [ 145.041019170198638, 44.107679999932088 ], [ 145.05547360562241, 44.119875000231104 ], [ 145.069399728015128, 44.123768613230993 ], [ 145.079503333312232, 44.136780278886818 ], [ 145.086862502702388, 44.137066945882907 ], [ 145.097863332826591, 44.148147775199732 ], [ 145.118240830050354, 44.155305278815604 ], [ 145.122565551059438, 44.160615837550893 ], [ 145.120349727657867, 44.163711946149476 ], [ 145.13126527866973, 44.16457527912587 ], [ 145.135802218097979, 44.170564441096133 ], [ 145.147790000208374, 44.174068892265609 ], [ 145.156238885316384, 44.181590559256961 ], [ 145.191932503382418, 44.195345278961497 ], [ 145.22266999992064, 44.236074720971658 ], [ 145.221525005574563, 44.239560837662566 ], [ 145.229769999985592, 44.252609441172808 ], [ 145.257864449284966, 44.269499171449638 ], [ 145.267019727578486, 44.283087774681121 ], [ 145.27183555126976, 44.282887504654695 ], [ 145.280874720791758, 44.290074999761487 ], [ 145.281838053883121, 44.296403332947534 ], [ 145.288888340324661, 44.299235279184813 ], [ 145.286441946039076, 44.30327666698463 ], [ 145.290884162574116, 44.309401387364176 ], [ 145.298124162799922, 44.308271387414663 ], [ 145.306273332648288, 44.31231027869643 ], [ 145.310231945947635, 44.318823053840902 ], [ 145.308021114682788, 44.324376666949661 ], [ 145.312176939414258, 44.326046108141441 ], [ 145.313726938947184, 44.333222504714854 ], [ 145.319719623561809, 44.335523811374856 ], [ 145.320693333030931, 44.340527775036833 ], [ 145.329684449078172, 44.345272224933296 ], [ 145.337644163247546, 44.341312504568464 ], [ 145.325790272203335, 44.32550055870388 ], [ 145.328515550752172, 44.309263053647044 ], [ 145.322409727826766, 44.303779171271799 ], [ 145.317296394013397, 44.287238612671899 ], [ 145.321262218076981, 44.282004721140993 ], [ 145.317536394289277, 44.274554721123536 ], [ 145.31972167311676, 44.265764170979764 ], [ 145.311410557850991, 44.25455638706768 ], [ 145.299955551207745, 44.252913054094222 ], [ 145.302968611911979, 44.246858891824445 ], [ 145.277336393959445, 44.219733333426632 ], [ 145.276898884575871, 44.205869999900642 ], [ 145.280708884907199, 44.205992504650396 ], [ 145.281013890878398, 44.201232224887349 ], [ 145.285378054353828, 44.19951917107295 ], [ 145.279092217731773, 44.189463333266247 ], [ 145.287555551347737, 44.185405837709311 ], [ 145.271547224125129, 44.177781666890439 ], [ 145.274107224369004, 44.168749720723099 ], [ 145.245016667085565, 44.164377225028943 ], [ 145.234370829949853, 44.157411386726153 ], [ 145.223675005796963, 44.155692775101556 ], [ 145.217771388239044, 44.146683332669738 ], [ 145.180596666802785, 44.13622166679653 ], [ 145.179369728030565, 44.12797027910517 ], [ 145.168821388196534, 44.12442250489471 ], [ 145.162619999713229, 44.113162224856865 ], [ 145.149527224202075, 44.11187055917901 ], [ 145.14098472056844, 44.09965861295467 ], [ 145.138928339771155, 44.090107505257208 ], [ 145.121123605969728, 44.075146945774975 ], [ 145.113330557759127, 44.057961108318523 ], [ 145.08878861220478, 44.042804440872317 ], [ 145.064997497136801, 44.043057225010955 ], [ 145.058340271986026, 44.038160000083963 ], [ 145.055025550788628, 44.023066946182666 ], [ 145.050719442148647, 44.021500559203503 ], [ 145.049361387617978, 44.007987224730698 ], [ 145.02604610924061, 44.006260558777797 ], [ 145.015492502976713, 43.997627774901957 ], [ 145.005282775879436, 43.98378110761206 ], [ 145.003926666582515, 43.975544171126671 ], [ 144.995184162719056, 43.967968891950875 ], [ 144.996918339809554, 43.955090558882262 ], [ 145.003174720936727, 43.946992504700404 ], [ 144.985453891184193, 43.939149721282661 ], [ 144.976278054388786, 43.926406107555863 ], [ 144.955629442145096, 43.919859170764198 ], [ 144.939448612363663, 43.921626108358282 ], [ 144.93217972771231, 43.917715559325643 ], [ 144.922949442362892, 43.918771386790127 ], [ 144.916067223923278, 43.911951666736059 ], [ 144.916601946422702, 43.906966667078052 ], [ 144.904963890870931, 43.905614720742847 ], [ 144.905564449140115, 43.898623332700708 ], [ 144.901028612280697, 43.8963327747378 ], [ 144.896937781553447, 43.886779720907441 ], [ 144.876722218055988, 43.876696108438693 ], [ 144.889096393883506, 43.869752504974201 ], [ 144.905067223873402, 43.867108053893617 ], [ 144.901910271641782, 43.862023612599671 ], [ 144.905106108759924, 43.850259440620732 ], [ 144.890456393647696, 43.835737225092942 ], [ 144.87702555128817, 43.831883333349197 ], [ 144.879556667106613, 43.82242610767878 ], [ 144.871770558064895, 43.820988053955602 ], [ 144.86359250289172, 43.812761386828583 ], [ 144.86752555116334, 43.798028891819968 ], [ 144.860797223812938, 43.787066666893224 ], [ 144.843934162931305, 43.786691108208117 ], [ 144.839003890617164, 43.799496667237463 ], [ 144.830632502787807, 43.799444171111645 ], [ 144.827424720874205, 43.794267505241237 ], [ 144.816029727789783, 43.795902505096592 ], [ 144.81483221843223, 43.790439441127376 ], [ 144.807582776224194, 43.787429440816084 ], [ 144.811837781788313, 43.781758333080688 ], [ 144.804973890632596, 43.777680279021695 ], [ 144.810192502681957, 43.774842505177503 ], [ 144.79610555093052, 43.762890278663463 ], [ 144.760838611712643, 43.756998891885416 ], [ 144.722363061406213, 43.761725278898552 ], [ 144.720246667050105, 43.741777775424055 ], [ 144.725493891030283, 43.720004999830905 ], [ 144.72352583714769, 43.709843613092346 ], [ 144.730274721201454, 43.701309721366613 ], [ 144.733546108566088, 43.684853892393278 ], [ 144.707351114662288, 43.671219171027985 ], [ 144.704713891433016, 43.668060558647937 ], [ 144.706262503311905, 43.65994638681633 ], [ 144.678762503187045, 43.652433892010549 ], [ 144.660149727627868, 43.638054720848743 ], [ 144.646429442065141, 43.633971386870087 ], [ 144.64145083029166, 43.624956946006307 ], [ 144.63388610915672, 43.624935838018587 ], [ 144.626889169599508, 43.633747505143276 ], [ 144.614043061038501, 43.634506666949164 ], [ 144.600911945629832, 43.619903891951083 ], [ 144.591720000177929, 43.618984170583076 ], [ 144.59281666675588, 43.609115837825698 ], [ 144.579000558429129, 43.602793333145883 ], [ 144.570631388328025, 43.600678613327375 ], [ 144.562835006330488, 43.608195837667836 ], [ 144.548473890857395, 43.612877504992923 ], [ 144.5397952793287, 43.60777138733971 ], [ 144.534673332708167, 43.608890558552503 ], [ 144.523614162663534, 43.619098054431731 ], [ 144.524400557739568, 43.623891666667134 ], [ 144.51854167335955, 43.630128054066518 ], [ 144.520918884598927, 43.638538612766808 ], [ 144.514942776288194, 43.652810838349581 ], [ 144.510271388214051, 43.656463891695296 ], [ 144.505797781742331, 43.654755838111498 ], [ 144.486394163060254, 43.660051666851018 ], [ 144.481682503344928, 43.67823638669995 ], [ 144.474674163082227, 43.686389170923576 ], [ 144.464813060874121, 43.685641945819214 ], [ 144.458558612390107, 43.692846946229622 ], [ 144.455376108620612, 43.690567774583201 ], [ 144.439918611654662, 43.698140279350469 ], [ 144.413471387594541, 43.693849720887954 ], [ 144.410876393830563, 43.696191945801729 ], [ 144.404389170224135, 43.690868613096086 ], [ 144.39043221817235, 43.68773861264691 ], [ 144.379346939010134, 43.6886455591453 ], [ 144.365352218130397, 43.700399720770577 ], [ 144.346409727726837, 43.704490000213411 ], [ 144.324675279440612, 43.703717505058876 ], [ 144.303150830046889, 43.69074638713613 ], [ 144.278081673130828, 43.684552775090538 ], [ 144.27298389129362, 43.675641107850879 ], [ 144.278221114812709, 43.667276107906105 ], [ 144.270870558229717, 43.666458053996053 ], [ 144.269386666961168, 43.661956108087963 ], [ 144.248352776159777, 43.648746107746717 ], [ 144.243062775926433, 43.639885837661325 ], [ 144.227210272436196, 43.629371666669158 ], [ 144.223275006436438, 43.604982225449419 ], [ 144.216781672835964, 43.594900559113569 ], [ 144.222620829687571, 43.578881666655661 ], [ 144.229390272243336, 43.573173891761769 ], [ 144.226106666689361, 43.570822504554997 ], [ 144.227148339724181, 43.564299720855502 ], [ 144.235134163011253, 43.56062027870297 ], [ 144.232317497154781, 43.55438638692226 ], [ 144.2354347209357, 43.544968054232356 ], [ 144.232178339658731, 43.529745559110324 ], [ 144.219862217767172, 43.517298333151587 ], [ 144.197139728415777, 43.525317774895427 ], [ 144.180439999706323, 43.51025277534535 ], [ 144.163839441936716, 43.525306107990559 ], [ 144.14243194577773, 43.531171945928634 ], [ 144.134247782409261, 43.526528891894884 ], [ 144.132498054241864, 43.516974999896377 ], [ 144.122642217564362, 43.511793054106192 ], [ 144.095431114754206, 43.51655027887233 ], [ 144.082436666618946, 43.5151327746579 ], [ 144.071424720874234, 43.501826107988563 ], [ 144.073146108706055, 43.493707224608784 ], [ 144.078119728342813, 43.490571946038528 ], [ 144.072415031828314, 43.482830080943529 ], [ 144.071620829737526, 43.474664440911283 ], [ 144.045126667361842, 43.470248332594508 ], [ 144.03984639419582, 43.464074440882769 ], [ 144.021759999924143, 43.46095944112534 ], [ 143.95556277560172, 43.47501305410924 ], [ 143.957717497264753, 43.482710278656498 ], [ 143.940242218403682, 43.489935000300079 ], [ 143.943630558103791, 43.501174441247542 ], [ 143.928431672883448, 43.503972775323348 ], [ 143.930803606001632, 43.511772224908327 ], [ 143.928552218010509, 43.518927505400086 ], [ 143.915008053878637, 43.522137774838484 ], [ 143.909226109197675, 43.528544170976772 ], [ 143.897071115239896, 43.531382774895178 ], [ 143.88472333271568, 43.521993054136203 ], [ 143.876947496629782, 43.523029171159351 ], [ 143.873978884917619, 43.530335559338653 ], [ 143.870352217680761, 43.529128613394846 ], [ 143.852730557968925, 43.542898612580984 ], [ 143.836962218431722, 43.549669720681095 ], [ 143.824607781823715, 43.566046108041519 ], [ 143.81999194577179, 43.579749999862656 ], [ 143.804565550959524, 43.583259721059335 ], [ 143.799557223786906, 43.589631666868002 ], [ 143.790814163243112, 43.591640558964684 ], [ 143.791220271898055, 43.598143613337129 ], [ 143.786960272398687, 43.599984441029164 ], [ 143.78853500598575, 43.605608891936868 ], [ 143.775871672939388, 43.614120558716877 ], [ 143.774571673244168, 43.622937225172848 ], [ 143.76785639415732, 43.622945278601776 ], [ 143.762642217564348, 43.616719171352713 ], [ 143.742769442355893, 43.618161387138343 ], [ 143.736031946417256, 43.63788917094854 ], [ 143.729699442175615, 43.636376945639597 ], [ 143.723682776239229, 43.640574441357444 ], [ 143.711110558005885, 43.635320279107646 ], [ 143.695655278768186, 43.639743612577718 ], [ 143.692629169800398, 43.634043053843925 ], [ 143.67949916955115, 43.62574694556514 ], [ 143.6733313878334, 43.629853892143444 ], [ 143.658423060975565, 43.626883891878151 ], [ 143.655538339822556, 43.633762225246528 ], [ 143.639009170237046, 43.639809720841981 ], [ 143.625441114715727, 43.637557504575227 ], [ 143.631986666551484, 43.622089999953573 ], [ 143.618699442325465, 43.612440558584979 ], [ 143.617142502724391, 43.605918053675282 ], [ 143.58968221756038, 43.603475837639849 ], [ 143.570355278673219, 43.594563333131362 ], [ 143.548114163138166, 43.599274440662953 ], [ 143.541583605698861, 43.596711666909925 ], [ 143.533481672741118, 43.588159440705681 ], [ 143.53431082968109, 43.582253892303356 ], [ 143.528210558270757, 43.5781099997767 ], [ 143.530006938769247, 43.565928892204681 ], [ 143.51931555097201, 43.553774721126558 ], [ 143.519398612356099, 43.547897225276756 ], [ 143.502812218009467, 43.547371387179851 ], [ 143.498571115064919, 43.55049055889225 ], [ 143.482590272023458, 43.532710278556578 ], [ 143.472257782071097, 43.529278333428408 ], [ 143.46374167264014, 43.508153333209805 ], [ 143.425219999703245, 43.524739440672704 ], [ 143.419436393974479, 43.533295837932656 ], [ 143.398535550675206, 43.546938054247846 ], [ 143.390033333071983, 43.54446666690319 ], [ 143.374031673423019, 43.552246945640093 ], [ 143.372235006040796, 43.549066387104119 ], [ 143.362515279056993, 43.550116108171892 ], [ 143.356906109429474, 43.546489440934977 ], [ 143.34863500590086, 43.551057504999903 ], [ 143.33909472064488, 43.550178612852733 ], [ 143.333930558048905, 43.55770000015491 ], [ 143.31742167267214, 43.547781945680299 ], [ 143.307583060709703, 43.546317774745546 ], [ 143.269797497256718, 43.553652774855721 ], [ 143.261460000378747, 43.559301108159673 ], [ 143.233795837108232, 43.551383612663642 ], [ 143.223507496673733, 43.556825558752564 ], [ 143.223918054274804, 43.568641666579708 ], [ 143.227734721280399, 43.572903053733 ], [ 143.21316555124929, 43.575303613171286 ], [ 143.208718053895154, 43.584280000121964 ], [ 143.183933891236165, 43.582313332993976 ], [ 143.185158884774751, 43.586471666834029 ], [ 143.173220558182265, 43.59481250469338 ], [ 143.154754162574591, 43.591518054214873 ], [ 143.141132502962705, 43.59580610806546 ], [ 143.136245550991475, 43.599799170795166 ], [ 143.136533060652255, 43.607881946394741 ], [ 143.149393606030117, 43.617035837933599 ], [ 143.155560271689296, 43.628659999859167 ], [ 143.174216938660834, 43.640096108148953 ], [ 143.170425550698724, 43.648975279285764 ], [ 143.162549442003183, 43.652376107871135 ], [ 143.164424720924217, 43.657404999840935 ], [ 143.14199749698696, 43.668161108248626 ], [ 143.139519999648314, 43.677110279016233 ], [ 143.145920829882471, 43.680491945746724 ], [ 143.146673605602473, 43.690634441326438 ], [ 143.160356108847395, 43.705540278860838 ], [ 143.17184527893653, 43.706919999858144 ], [ 143.168970829839964, 43.721269999710785 ], [ 143.179723332865592, 43.735039999796186 ], [ 143.168642502649391, 43.755731107704491 ], [ 143.16054389088788, 43.761624440615492 ], [ 143.145354449448405, 43.762733332577284 ], [ 143.136252776144715, 43.754207774868974 ], [ 143.118171945978588, 43.753964171009727 ], [ 143.101583333004442, 43.744503053972835 ], [ 143.089857497325738, 43.745151946305327 ], [ 143.083790558387591, 43.738742505062589 ], [ 143.074353891219175, 43.737888053790698 ], [ 143.074270272255376, 43.743007504792558 ], [ 143.063596394258298, 43.74820472107109 ], [ 143.051389170374023, 43.74390777472405 ], [ 143.033903060977536, 43.748995000319042 ], [ 143.024399170385436, 43.745318332575039 ], [ 143.007054721298459, 43.759661946341794 ], [ 143.009748885103022, 43.762022774631419 ], [ 143.007196939187452, 43.775322504829774 ], [ 143.013481945735293, 43.778997224642239 ], [ 143.016119999938155, 43.788921667001375 ], [ 143.013730271934605, 43.797658333365462 ], [ 143.04660639406984, 43.812490279003214 ], [ 143.024453332954977, 43.815964720695376 ], [ 143.010259441919743, 43.826472775398315 ], [ 143.009049170282992, 43.837333612556222 ], [ 143.018024720864219, 43.846088332810382 ], [ 143.00853555127469, 43.859008053578862 ], [ 143.021265551064403, 43.864846667239931 ], [ 143.016929170344952, 43.873647775424558 ], [ 143.022946667254928, 43.876220558631928 ], [ 143.01940999967178, 43.886344440943276 ], [ 143.033814162993281, 43.89499499991939 ], [ 143.038045278966479, 43.903333054377015 ], [ 143.04851500636255, 43.906780838365023 ], [ 143.054752218440171, 43.91699638677386 ], [ 143.037122502601505, 43.92814166690448 ], [ 143.012294163444949, 43.921919171332718 ], [ 142.998952218170416, 43.928465558638663 ], [ 142.981572217983512, 43.943780279236535 ], [ 142.940514721277395, 43.927493054261106 ], [ 142.911284162933839, 43.926919170783151 ], [ 142.899359442184618, 43.92173610803502 ], [ 142.888472775598188, 43.92636417126954 ], [ 142.891312217684799, 43.930060559347396 ], [ 142.885658885049565, 43.934581945900163 ], [ 142.893489442184091, 43.940322224990723 ], [ 142.8918350061806, 43.943244721266922 ], [ 142.880214721232505, 43.943775558695108 ], [ 142.879619999563374, 43.947781945780207 ], [ 142.886683605863823, 43.96421944117435 ], [ 142.890779728202006, 43.965767505366159 ], [ 142.888830558283757, 43.976436946108208 ], [ 142.89942917022006, 43.981278333028683 ], [ 142.902552503095649, 43.989716107912102 ], [ 142.894331945962563, 44.003539999871123 ], [ 142.898204163191622, 44.009875837899642 ], [ 142.889763333311294, 44.020721107792951 ], [ 142.874197781902126, 44.019105278785617 ], [ 142.876511946169444, 44.032805279240279 ], [ 142.86647333307792, 44.040334999660558 ], [ 142.878791387612523, 44.051709441437652 ], [ 142.875050557737154, 44.0590049999808 ], [ 142.863812217559826, 44.06399305373651 ], [ 142.860373605757331, 44.069346946304563 ], [ 142.870536938628902, 44.084866386774365 ], [ 142.856831672643693, 44.090545838419757 ], [ 142.857113605608447, 44.098177225398672 ], [ 142.854174163406924, 44.099401108274606 ], [ 142.860486394231771, 44.108697224897071 ], [ 142.85128055785151, 44.122631108438952 ], [ 142.841729728044584, 44.127503054322574 ], [ 142.843834449200585, 44.133285838071004 ], [ 142.83973360632092, 44.13600638708516 ], [ 142.843186394136865, 44.145482225124624 ], [ 142.838434449290503, 44.149860278629035 ], [ 142.837987782110531, 44.156260559377358 ], [ 142.855048340408644, 44.159265558558729 ], [ 142.863360829838484, 44.15482889174001 ], [ 142.877014162673504, 44.159693892159453 ], [ 142.882147497409164, 44.166074440882767 ], [ 142.875995836938387, 44.179574171311003 ], [ 142.878675278841115, 44.182648613442836 ], [ 142.868137497047883, 44.188553053880412 ], [ 142.872783606078656, 44.194235000245101 ], [ 142.868924448804364, 44.198193892334302 ], [ 142.872468884731347, 44.203786946110711 ], [ 142.866653890864427, 44.209484440854339 ], [ 142.864688612289683, 44.218308613052102 ], [ 142.875593891245103, 44.228795558868001 ], [ 142.868291945716805, 44.234262505210495 ], [ 142.866685005608588, 44.248429720555237 ], [ 142.859250271582823, 44.257272774918704 ], [ 142.852189999968573, 44.258948333298974 ], [ 142.844638053703306, 44.268730558668381 ], [ 142.826373891342087, 44.272411386676197 ], [ 142.824198053597343, 44.279090000403244 ], [ 142.829229728069549, 44.29337250523696 ], [ 142.823808339583252, 44.304998053917132 ], [ 142.827518339799553, 44.307210558820259 ], [ 142.822745837350567, 44.313580559395348 ], [ 142.82624221800404, 44.317561386848581 ], [ 142.824169441666413, 44.328847505308204 ], [ 142.818178612353108, 44.33206944075215 ], [ 142.802634448621006, 44.331445278876572 ], [ 142.802451388021154, 44.342601108054737 ], [ 142.808753605794323, 44.348959440825581 ], [ 142.815482775809528, 44.350110838344563 ], [ 142.815154448618955, 44.35631555881605 ], [ 142.821148340123841, 44.363293054131191 ], [ 142.816945550996479, 44.366591946361268 ], [ 142.826256394017491, 44.369766386809374 ], [ 142.828886938881169, 44.378796386843817 ], [ 142.823108612172746, 44.387550000032547 ], [ 142.83049999977527, 44.396958891639599 ], [ 142.822196667242451, 44.406383613113292 ], [ 142.81875610930706, 44.419011946344312 ], [ 142.838012217589835, 44.427431946127456 ], [ 142.840382503150067, 44.432415559030858 ], [ 142.851295837333055, 44.438331107894385 ], [ 142.840172218273324, 44.446819720553719 ], [ 142.848856393907568, 44.459653612724082 ], [ 142.828424720624412, 44.458369171300262 ], [ 142.821207781713838, 44.45474555906037 ], [ 142.811317781590446, 44.458753332900073 ], [ 142.789174449341431, 44.453494171318994 ], [ 142.782110829551243, 44.46136222478691 ], [ 142.776538053688341, 44.460178612652896 ], [ 142.767076394360174, 44.466934720960637 ], [ 142.757958339905485, 44.461011107876402 ], [ 142.758523332685741, 44.457446108051499 ], [ 142.74918138841042, 44.454958053571374 ], [ 142.739171388149089, 44.463216386726913 ], [ 142.732313891173249, 44.459590000078492 ], [ 142.717312775864002, 44.462929720630143 ], [ 142.721089727908634, 44.467685838330851 ], [ 142.71202666699719, 44.486000837568668 ], [ 142.7083016732837, 44.481294170889328 ], [ 142.694981114786628, 44.48191444139843 ], [ 142.692538340272222, 44.477022505384355 ], [ 142.683428611741078, 44.47348305439948 ], [ 142.670074163192112, 44.45548999986363 ], [ 142.654830829878961, 44.447741387155361 ], [ 142.650516939405293, 44.437671108035261 ], [ 142.620063891235645, 44.434608054018554 ], [ 142.607703061347252, 44.436888892108755 ], [ 142.59151888518852, 44.431808612877262 ], [ 142.584065551384128, 44.433675838369311 ], [ 142.58464444858248, 44.443085837941112 ], [ 142.597935279089938, 44.466254441389424 ], [ 142.593309441677434, 44.472560000143972 ], [ 142.600574720946724, 44.485500559103571 ], [ 142.618334449075633, 44.500094721294431 ], [ 142.620528884800251, 44.514480279441386 ], [ 142.627935279389703, 44.52299166743154 ], [ 142.646149442143155, 44.530577224959018 ], [ 142.636567224198075, 44.535634720765813 ], [ 142.632529727764791, 44.543078332898801 ], [ 142.638180271602323, 44.548768892070768 ], [ 142.635999727705325, 44.553212505252986 ], [ 142.650596938597914, 44.564639999836174 ], [ 142.657088339555344, 44.576281945855158 ], [ 142.644703605686914, 44.581015558920967 ], [ 142.646952502556019, 44.589953891958601 ], [ 142.659613606183029, 44.598401667303165 ], [ 142.671005837449457, 44.597726946441469 ], [ 142.687868884841237, 44.603242225048689 ], [ 142.689415836571698, 44.609945559340133 ], [ 142.684397223852898, 44.615615837900634 ], [ 142.695357497250711, 44.619790278598543 ], [ 142.702523333085423, 44.630101108379506 ], [ 142.716923891024862, 44.631311666899933 ], [ 142.74147972840683, 44.641784441199036 ], [ 142.762563061236392, 44.634577505447567 ], [ 142.76634500631701, 44.639238332782895 ], [ 142.792685836981832, 44.640434720685846 ], [ 142.80248527897254, 44.651848333333987 ], [ 142.83072666670239, 44.670384170992747 ], [ 142.834708340417592, 44.681091386858043 ], [ 142.842059999569415, 44.68720250499166 ], [ 142.85244749655476, 44.677736667413342 ], [ 142.862805836620169, 44.675132505061129 ], [ 142.870272776267711, 44.662774999966302 ], [ 142.875475837240174, 44.660671107985308 ], [ 142.875711946149409, 44.660665559168251 ] ] ] ] } },
{ "type": "Feature", "properties": { "code": "014010", "name": "根室地方", "PrefCode": "01", "regioncode": "014010" }, "geometry": { "type": "MultiPolygon", "coordinates": [ [ [ [ 145.597562503206973, 43.221669440892015 ], [ 145.608985005653608, 43.211248053854661 ], [ 145.598799728424751, 43.205031107999275 ], [ 145.589086938811192, 43.206212774899711 ], [ 145.5873344488258, 43.214875838049522 ], [ 145.597520830422013, 43.221669440892015 ], [ 145.597562503206973, 43.221669440892015 ] ] ], [ [ [ 145.607360830038374, 43.230606666864219 ], [ 145.61358194605009, 43.225988613084098 ], [ 145.607075836680565, 43.224242504687879 ], [ 145.600971946398317, 43.228019170748212 ], [ 145.607304721335936, 43.23061166709482 ], [ 145.607360830038374, 43.230606666864219 ] ] ], [ [ [ 145.578594773330224, 43.269453108374307 ], [ 145.572735719877642, 43.269170170866744 ], [ 145.578308754745308, 43.269435559003909 ], [ 145.578594773330224, 43.269453108374307 ] ] ], [ [ [ 145.584492672099259, 43.275166252220799 ], [ 145.582031724984176, 43.275311053862083 ], [ 145.584506108869846, 43.275240892353338 ], [ 145.584492672099259, 43.275166252220799 ] ] ], [ [ [ 145.587740389307555, 43.276637197748528 ], [ 145.583511672725535, 43.268308505233392 ], [ 145.587653138881365, 43.276659080951902 ], [ 145.587740389307555, 43.276637197748528 ] ] ], [ [ [ 145.672352775760032, 43.299462774587425 ], [ 145.668297223637978, 43.297152224695481 ], [ 145.6722580537662, 43.29948944128472 ], [ 145.672352775760032, 43.299462774587425 ] ] ], [ [ [ 145.674754448559042, 43.304165000414514 ], [ 145.672104448661457, 43.302383613413099 ], [ 145.674718053895162, 43.304195278789166 ], [ 145.674754448559042, 43.304165000414514 ] ] ], [ [ [ 145.772816782568498, 43.33565630599378 ], [ 145.771059441639977, 43.333710837685089 ], [ 145.772753358780506, 43.335611802143035 ], [ 145.772816782568498, 43.33565630599378 ] ] ], [ [ [ 145.74879333304591, 43.333082504753861 ], [ 145.748115005902832, 43.335726945941872 ], [ 145.748939728285904, 43.333127505030404 ], [ 145.74879333304591, 43.333082504753861 ] ] ], [ [ [ 145.758333333216797, 43.338685720869364 ], [ 145.762166743800208, 43.340664694320253 ], [ 145.759883190656751, 43.33995605372894 ], [ 145.758333333216797, 43.338685720869364 ] ] ], [ [ [ 145.585184942331239, 43.341305134824154 ], [ 145.582114577725633, 43.339991135382661 ], [ 145.585154863606135, 43.341327721297375 ], [ 145.585184942331239, 43.341305134824154 ] ] ], [ [ [ 145.578688560029036, 43.345463054076731 ], [ 145.573227275818226, 43.338065333448412 ], [ 145.578560271739207, 43.345501838239272 ], [ 145.578688560029036, 43.345463054076731 ] ] ], [ [ [ 146.016617497099901, 43.378385865415396 ], [ 146.022329078823986, 43.37785189205124 ], [ 146.021523061440234, 43.374906505331012 ], [ 146.016681946115, 43.375085946159516 ], [ 146.005961803394598, 43.360284135004861 ], [ 145.99816658871714, 43.362524667279615 ], [ 145.994949856750509, 43.36814866672762 ], [ 145.990968612011898, 43.36590191923824 ], [ 145.986133605781333, 43.369044440948244 ], [ 145.99263891115686, 43.375217559243026 ], [ 146.004763139307443, 43.371038693880678 ], [ 146.016552218010474, 43.378416134796851 ], [ 146.016617497099901, 43.378385865415396 ] ] ], [ [ [ 145.891337030279828, 43.385838468070915 ], [ 145.894155694429855, 43.384606306036233 ], [ 145.89225055801694, 43.381772170849047 ], [ 145.891182996198381, 43.385871054105905 ], [ 145.891337030279828, 43.385838468070915 ] ] ], [ [ [ 145.785718079825642, 43.389909440868053 ], [ 145.78302153011964, 43.389116999649843 ], [ 145.785683190626855, 43.38997125217162 ], [ 145.785718079825642, 43.389909440868053 ] ] ], [ [ [ 146.154494773215333, 43.411604864872686 ], [ 146.158720558007417, 43.40905564030561 ], [ 146.149499611218175, 43.406482386752828 ], [ 146.154428029130258, 43.411633081101854 ], [ 146.154494773215333, 43.411604864872686 ] ] ], [ [ [ 146.095642528779763, 43.419257054069817 ], [ 146.093009026945083, 43.418924838210785 ], [ 146.095583384865336, 43.419265585938092 ], [ 146.095642528779763, 43.419257054069817 ] ] ], [ [ [ 146.167105279185307, 43.423030532033465 ], [ 146.162884034170929, 43.411670332819654 ], [ 146.15395888519447, 43.414210973357797 ], [ 146.167099921923977, 43.42309922494934 ], [ 146.167105279185307, 43.423030532033465 ] ] ], [ [ [ 146.098646718571217, 43.448119305861326 ], [ 146.102310660908302, 43.438859612681028 ], [ 146.109325836917947, 43.437787386978357 ], [ 146.10622369566704, 43.435768414380846 ], [ 146.108275837060319, 43.431195774565424 ], [ 146.093539753756659, 43.430828774728241 ], [ 146.089785356708944, 43.425673081047933 ], [ 146.091915421659451, 43.422816891786169 ], [ 146.085338807240191, 43.419886639756669 ], [ 146.084078053959047, 43.41352858577568 ], [ 146.080130998746654, 43.41257169362882 ], [ 146.081709389876551, 43.416320720824672 ], [ 146.075685836931939, 43.418532694228531 ], [ 146.062077055611667, 43.416908387312276 ], [ 146.054311335999387, 43.413244721067088 ], [ 146.050074253923754, 43.40473913460346 ], [ 146.042025058109971, 43.401817305624206 ], [ 146.024649221784216, 43.408406837905318 ], [ 146.027148222812343, 43.419374919217205 ], [ 146.038041828567543, 43.418663252407214 ], [ 146.047261698868397, 43.43160110800477 ], [ 146.057861530285436, 43.422234586157288 ], [ 146.063366082678613, 43.424526467922192 ], [ 146.060861283721351, 43.432668224658869 ], [ 146.063682892251791, 43.433700864903074 ], [ 146.071691724693437, 43.432821279378572 ], [ 146.068095473427434, 43.42920617112793 ], [ 146.071122139974818, 43.423426721166322 ], [ 146.077528106237196, 43.427030107653422 ], [ 146.086492775920988, 43.425181053862616 ], [ 146.088600220224066, 43.433248972662 ], [ 146.081968612261676, 43.436911135240734 ], [ 146.082817950887829, 43.439588720942766 ], [ 146.098562244352138, 43.448129999699802 ], [ 146.098646718571217, 43.448119305861326 ] ] ], [ [ [ 145.88774243826299, 43.462224279127213 ], [ 145.891301607783021, 43.461463720674203 ], [ 145.892102243623754, 43.451946720664694 ], [ 145.900653839403276, 43.448200359958719 ], [ 145.925741945934078, 43.447703414381124 ], [ 145.935062891938969, 43.457320505337123 ], [ 145.949975188404323, 43.45432583756741 ], [ 145.937447250090599, 43.449046801868462 ], [ 145.934150363348635, 43.440366918698373 ], [ 145.955531244971098, 43.425021387327206 ], [ 145.933530052370088, 43.422296197811306 ], [ 145.912252283416251, 43.426173251594321 ], [ 145.905380441354396, 43.41733097334577 ], [ 145.898766445714955, 43.416761504639794 ], [ 145.904828171283157, 43.41910344087114 ], [ 145.900581193067637, 43.423472693609995 ], [ 145.902226108847913, 43.425712135007075 ], [ 145.896164527171209, 43.427733251588336 ], [ 145.892840946752358, 43.42335594631993 ], [ 145.890986783013659, 43.428565198225385 ], [ 145.899560077635556, 43.43456766656459 ], [ 145.896803281446296, 43.446334387222237 ], [ 145.882438911326744, 43.452488640438446 ], [ 145.87230635505432, 43.449150440640381 ], [ 145.862635525109454, 43.454458919243791 ], [ 145.884799053433653, 43.457672251773033 ], [ 145.887586056951022, 43.462229837836787 ], [ 145.88774243826299, 43.462224279127213 ] ] ], [ [ [ 146.134989468189474, 43.548903973139886 ], [ 146.141285772020865, 43.548455278888071 ], [ 146.150034500991524, 43.539384134869977 ], [ 146.162895279293821, 43.534435305944669 ], [ 146.204201088709397, 43.53370897299078 ], [ 146.183655771696522, 43.514561946176912 ], [ 146.178300855699945, 43.503896000200314 ], [ 146.184442529199373, 43.495979359959563 ], [ 146.196668690108027, 43.49454725165441 ], [ 146.188949078737096, 43.490546225428034 ], [ 146.19375182898375, 43.488711441180101 ], [ 146.187042970156995, 43.486960197655037 ], [ 146.184747302246251, 43.481618865018675 ], [ 146.167287133794275, 43.476672171083862 ], [ 146.163343086814052, 43.478455170569703 ], [ 146.163391581856104, 43.474344892003217 ], [ 146.147299442315443, 43.472103973020012 ], [ 146.115749857070341, 43.45831608092243 ], [ 146.118241530422324, 43.47080950505466 ], [ 146.106847781999591, 43.477706108150414 ], [ 146.103461698698538, 43.494523505055781 ], [ 146.088866057122914, 43.500922559128867 ], [ 146.073074163441902, 43.521168972969804 ], [ 146.05853808036818, 43.522064694130393 ], [ 146.082400699632672, 43.533363775417968 ], [ 146.119273086983412, 43.540584864699781 ], [ 146.134938366012875, 43.548932972678585 ], [ 146.134989468189474, 43.548903973139886 ] ] ], [ [ [ 145.273879169787961, 43.560473198179579 ], [ 145.277508638412996, 43.559962775361839 ], [ 145.273535642256206, 43.560497505055878 ], [ 145.273879169787961, 43.560473198179579 ] ] ], [ [ [ 145.33059355394937, 43.56783350521215 ], [ 145.31793477327119, 43.566138865016683 ], [ 145.330514162698478, 43.567934107872816 ], [ 145.33059355394937, 43.56783350521215 ] ] ], [ [ [ 146.402191192569603, 43.569744945872628 ], [ 146.399769300312983, 43.566691305959068 ], [ 146.402080557971431, 43.569760559002646 ], [ 146.402191192569603, 43.569744945872628 ] ] ], [ [ [ 146.40759705605933, 43.570009504834843 ], [ 146.403322114324169, 43.567789468109538 ], [ 146.407502334964875, 43.570017613122388 ], [ 146.40759705605933, 43.570009504834843 ] ] ], [ [ [ 145.330855005753961, 43.570362225236579 ], [ 145.323733061331836, 43.56813372139419 ], [ 145.330768884876193, 43.570505559184255 ], [ 145.330855005753961, 43.570362225236579 ] ] ], [ [ [ 145.289323476397385, 43.571836973097902 ], [ 145.286887223766485, 43.572939171405665 ], [ 145.289077172773318, 43.572026387407902 ], [ 145.289323476397385, 43.571836973097902 ] ] ], [ [ [ 145.249566108888871, 43.573585306416817 ], [ 145.239893061215867, 43.570187027409418 ], [ 145.232371089354388, 43.572411864715832 ], [ 145.242502723821758, 43.570890801769167 ], [ 145.254037172977178, 43.575416639966022 ], [ 145.24983953336789, 43.573663026727331 ], [ 145.249566108888871, 43.573585306416817 ] ] ], [ [ [ 145.325000000149998, 43.579406531686118 ], [ 145.319330000379296, 43.577014441163556 ], [ 145.325045162304491, 43.579496332589713 ], [ 145.325000000149998, 43.579406531686118 ] ] ], [ [ [ 145.321293061225902, 43.585489721373619 ], [ 145.314366445954761, 43.581329134731845 ], [ 145.315137224303498, 43.58519527883908 ], [ 145.320979973946692, 43.585542721119737 ], [ 145.321293061225902, 43.585489721373619 ] ] ], [ [ [ 145.326983891093732, 43.585165558943459 ], [ 145.323848197036682, 43.584124838290734 ], [ 145.326974720706858, 43.585281387126372 ], [ 145.326983891093732, 43.585165558943459 ] ] ], [ [ [ 145.307872114106885, 43.595456359923105 ], [ 145.30501306140377, 43.594784721038081 ], [ 145.307967004273905, 43.59549102698935 ], [ 145.307872114106885, 43.595456359923105 ] ] ], [ [ [ 146.312160505902739, 43.651469387102566 ], [ 146.320815005708027, 43.64450910840867 ], [ 146.328393449598138, 43.64487863983743 ], [ 146.326235279035018, 43.641937640010156 ], [ 146.328698807204205, 43.638715333146138 ], [ 146.351218235932947, 43.639969765991964 ], [ 146.353776252272269, 43.633315585945581 ], [ 146.349647223740476, 43.628617225404696 ], [ 146.356503839380707, 43.623355080772399 ], [ 146.356959780369607, 43.61764869443175 ], [ 146.270069467831718, 43.626779720707589 ], [ 146.297462671665016, 43.630424558746427 ], [ 146.310357976739283, 43.639684224947075 ], [ 146.307769389745658, 43.648890171044627 ], [ 146.312136304247133, 43.651487666722517 ], [ 146.312160505902739, 43.651469387102566 ] ] ], [ [ [ 146.675071245341769, 43.705836720588252 ], [ 146.677387561686714, 43.707859640310232 ], [ 146.675105772113739, 43.70584430636967 ], [ 146.675071245341769, 43.705836720588252 ] ] ], [ [ [ 146.69148997368336, 43.733223171412305 ], [ 146.696453942695371, 43.728147801579837 ], [ 146.705408807070853, 43.728374026939832 ], [ 146.695281529818772, 43.720900468282025 ], [ 146.693284383767377, 43.727720558856731 ], [ 146.684792892378141, 43.727394532131996 ], [ 146.685426498034531, 43.731410999717923 ], [ 146.691485524737232, 43.733237612725702 ], [ 146.69148997368336, 43.733223171412305 ] ] ], [ [ [ 146.713251854889222, 43.736050198358043 ], [ 146.715364474790704, 43.733621107927831 ], [ 146.711089390063421, 43.732349918913656 ], [ 146.712976640759393, 43.736092891873511 ], [ 146.713251854889222, 43.736050198358043 ] ] ], [ [ [ 146.733243384674552, 43.744087053674662 ], [ 146.735113695740552, 43.745570891883233 ], [ 146.733260142641484, 43.744088197612257 ], [ 146.733243384674552, 43.744087053674662 ] ] ], [ [ [ 146.801890142815864, 43.75967710801217 ], [ 146.805434837747612, 43.757480387110206 ], [ 146.805029882922781, 43.752106748127972 ], [ 146.789516004759889, 43.744771387389676 ], [ 146.788519533449744, 43.747340198291568 ], [ 146.795454228230142, 43.751688171272122 ], [ 146.791419143778512, 43.753065919156882 ], [ 146.7923807519702, 43.758068585996512 ], [ 146.802108689764282, 43.759875666628773 ], [ 146.801890142815864, 43.75967710801217 ] ] ], [ [ [ 146.850458275429105, 43.7931250271983 ], [ 146.854088716221327, 43.791489639735119 ], [ 146.850544280294343, 43.788438559292103 ], [ 146.850426693037548, 43.793139251775131 ], [ 146.850458275429105, 43.7931250271983 ] ] ], [ [ [ 146.841039558728767, 43.801100171036126 ], [ 146.843518521062947, 43.799759720734585 ], [ 146.840982412208632, 43.801107054447073 ], [ 146.841039558728767, 43.801100171036126 ] ] ], [ [ [ 146.88715036309884, 43.807083440648341 ], [ 146.885626226269437, 43.809570171326413 ], [ 146.887161478719349, 43.807085305842236 ], [ 146.88715036309884, 43.807083440648341 ] ] ], [ [ [ 146.869505472999208, 43.808402693929224 ], [ 146.866594474555427, 43.808509027069988 ], [ 146.86953833962275, 43.808405640108276 ], [ 146.869505472999208, 43.808402693929224 ] ] ], [ [ [ 146.911080609582541, 43.817596721311702 ], [ 146.911604423305562, 43.820400667157116 ], [ 146.911318560303357, 43.817665837808249 ], [ 146.911080609582541, 43.817596721311702 ] ] ], [ [ [ 146.831987497425075, 43.886930360048154 ], [ 146.843333113232688, 43.88895527896301 ], [ 146.84493299636074, 43.884776170783709 ], [ 146.85204639362621, 43.88305353199496 ], [ 146.849236135439355, 43.87707480216045 ], [ 146.862509921995411, 43.875371505090925 ], [ 146.865875058287429, 43.869733360206453 ], [ 146.87404693871531, 43.86926522530996 ], [ 146.874190830242696, 43.864324386861028 ], [ 146.892622672098696, 43.84731119765371 ], [ 146.906787133719263, 43.843224721443789 ], [ 146.914690635764259, 43.84727261314066 ], [ 146.90919313855261, 43.842444748426431 ], [ 146.919616252288279, 43.835954973443336 ], [ 146.901103748439255, 43.826896505369461 ], [ 146.905446978395389, 43.823973467701421 ], [ 146.902221219034118, 43.819906639879605 ], [ 146.905813410760402, 43.818897918903872 ], [ 146.90586124480069, 43.811311586160798 ], [ 146.901096108698539, 43.81236313465098 ], [ 146.89829319077819, 43.805818170971861 ], [ 146.891810077972764, 43.811647559387382 ], [ 146.878986472248016, 43.814629251738609 ], [ 146.862987639168296, 43.810631838088909 ], [ 146.861676226176996, 43.806371333170546 ], [ 146.850691089222437, 43.80736855901182 ], [ 146.847082283420718, 43.812102504826782 ], [ 146.846200609670518, 43.808237585596146 ], [ 146.838441946138914, 43.808563694159204 ], [ 146.826152386623448, 43.801241666769556 ], [ 146.826417108362875, 43.796889612665552 ], [ 146.833534527396637, 43.796403946385055 ], [ 146.834166393764121, 43.791221171419977 ], [ 146.846841555593414, 43.790643359703324 ], [ 146.84968555094747, 43.786757640053111 ], [ 146.843547328146769, 43.786404107563555 ], [ 146.843891166843946, 43.789355694209974 ], [ 146.83522992212329, 43.781821135437099 ], [ 146.824078859351971, 43.786094170609545 ], [ 146.823079494023546, 43.790192802056197 ], [ 146.810708170845487, 43.79214689216542 ], [ 146.806916640790405, 43.78867889231708 ], [ 146.80968966344733, 43.784024585965938 ], [ 146.807286354781468, 43.780561748226148 ], [ 146.801851581685241, 43.779849387139564 ], [ 146.796873799985974, 43.786449667218449 ], [ 146.793279053285801, 43.781365838362831 ], [ 146.788130505618369, 43.780938440956334 ], [ 146.788859416029254, 43.771708000024262 ], [ 146.794111581784136, 43.771308504983551 ], [ 146.793125887949486, 43.766233919359934 ], [ 146.785378858947297, 43.762214504695692 ], [ 146.786812865721231, 43.758512919435759 ], [ 146.778356498253856, 43.758304694006483 ], [ 146.769902113791545, 43.766651694020538 ], [ 146.768880052272607, 43.760373586172136 ], [ 146.773201388233588, 43.758278747666111 ], [ 146.768082607226575, 43.757791558833446 ], [ 146.764656304444998, 43.751668468025457 ], [ 146.759275187599883, 43.749647864957069 ], [ 146.751449753903103, 43.755885080632027 ], [ 146.749879143707631, 43.748202559100889 ], [ 146.742267367345221, 43.750032945663975 ], [ 146.734252165904763, 43.748336414194227 ], [ 146.732966445645047, 43.744926026714836 ], [ 146.728441894377966, 43.746466333354647 ], [ 146.733935913911409, 43.739011279147292 ], [ 146.731449728222401, 43.736561468337129 ], [ 146.720951894314567, 43.733619467564438 ], [ 146.711189830846138, 43.738410441188989 ], [ 146.711804306123895, 43.742378170915913 ], [ 146.706902580989436, 43.745125107837509 ], [ 146.695556030786292, 43.745939945771909 ], [ 146.689818637620078, 43.741439107828626 ], [ 146.690720999374662, 43.734470972657334 ], [ 146.684773773690722, 43.734982026799173 ], [ 146.680592309287704, 43.729822838353357 ], [ 146.683206938849253, 43.727020135370992 ], [ 146.677590920884313, 43.724605468267782 ], [ 146.689918611654662, 43.722450332916594 ], [ 146.676481413786291, 43.715060558697871 ], [ 146.674768780854606, 43.706523801732089 ], [ 146.662970699937887, 43.707938532437367 ], [ 146.644178391819423, 43.701231694387218 ], [ 146.639777807599785, 43.703601198436616 ], [ 146.639810558210797, 43.708380972803695 ], [ 146.650683916629532, 43.713903278713417 ], [ 146.638615772000321, 43.7160851706941 ], [ 146.641186913045658, 43.720337999898845 ], [ 146.633769856993354, 43.718186531982894 ], [ 146.629143281237475, 43.721665413627989 ], [ 146.629483839207865, 43.727975252256158 ], [ 146.621842672101707, 43.731299748184881 ], [ 146.618659883247119, 43.740652441157295 ], [ 146.622070466778723, 43.745498919139834 ], [ 146.618749169738408, 43.749416613286144 ], [ 146.625093917350455, 43.755983586073683 ], [ 146.613599026673796, 43.757460306148289 ], [ 146.60751805381517, 43.753163531571772 ], [ 146.607157134294425, 43.747468305817733 ], [ 146.614303217419661, 43.743567197867947 ], [ 146.608477523419083, 43.735223332890541 ], [ 146.60461228313045, 43.73589822462344 ], [ 146.605528521424162, 43.739763694239173 ], [ 146.592927665179673, 43.73773541365847 ], [ 146.596761946306856, 43.746196170716757 ], [ 146.585648754886165, 43.744239864678093 ], [ 146.589308858916752, 43.748929721229729 ], [ 146.587898715653296, 43.753598252157644 ], [ 146.598771725135066, 43.761739640172323 ], [ 146.597436743610842, 43.764622279394757 ], [ 146.602934228232129, 43.762952053994127 ], [ 146.607602995681759, 43.767464468010871 ], [ 146.603355498557448, 43.76919910825228 ], [ 146.606643449635612, 43.777935639718066 ], [ 146.596224616672771, 43.78183855890245 ], [ 146.585905305385609, 43.799148027059857 ], [ 146.588188145366644, 43.808399081352547 ], [ 146.596849804674775, 43.809146505207082 ], [ 146.613201920232541, 43.821317865027481 ], [ 146.625974864448494, 43.817222694172074 ], [ 146.662040660648017, 43.828348693737269 ], [ 146.68173603109301, 43.825697558895286 ], [ 146.682464188771405, 43.829089504876777 ], [ 146.698861776749709, 43.830545838219905 ], [ 146.708845914307517, 43.823131972962244 ], [ 146.711666782695943, 43.824703000443151 ], [ 146.709178715625285, 43.830170505264675 ], [ 146.721044838348689, 43.83229189175745 ], [ 146.742551387636468, 43.825300251905162 ], [ 146.748712827335225, 43.814581225243387 ], [ 146.748517445124094, 43.828112135166975 ], [ 146.721250506106003, 43.83624758585745 ], [ 146.721683527872528, 43.845965305554444 ], [ 146.749515331067755, 43.857986639571834 ], [ 146.775445939578503, 43.876522613028214 ], [ 146.787551140772621, 43.872408720985732 ], [ 146.796465305429592, 43.858495865391944 ], [ 146.802851504593377, 43.861983802310704 ], [ 146.794003994988429, 43.865006865274665 ], [ 146.789302969756363, 43.878806999843221 ], [ 146.794454863800979, 43.879302946273981 ], [ 146.805727470846136, 43.870457360318994 ], [ 146.813601361813426, 43.877620134861388 ], [ 146.816242244384171, 43.873501134669709 ], [ 146.81347635514976, 43.867726468202022 ], [ 146.822921244819668, 43.866846198293445 ], [ 146.827475330721995, 43.872654612720225 ], [ 146.819308858816839, 43.875881972874822 ], [ 146.821121581795637, 43.881466440823658 ], [ 146.818295421796392, 43.885928667274243 ], [ 146.824771218616888, 43.890368693960113 ], [ 146.831695331074684, 43.886972639875466 ], [ 146.831987497425075, 43.886930360048154 ] ] ], [ [ [ 145.723020363099295, 43.913353252050968 ], [ 145.720606108784978, 43.912998694334306 ], [ 145.723000610389931, 43.913412612701961 ], [ 145.723020363099295, 43.913353252050968 ] ] ], [ [ [ 145.731611115360806, 43.917679251896004 ], [ 145.728984694787869, 43.916224135335654 ], [ 145.731587716799709, 43.9177209732444 ], [ 145.731611115360806, 43.917679251896004 ] ] ], [ [ [ 145.736870337196365, 43.919628467679672 ], [ 145.73371060965701, 43.918711721268949 ], [ 145.736818975115625, 43.919679640003437 ], [ 145.736870337196365, 43.919628467679672 ] ] ], [ [ [ 145.743733061032003, 43.92172363983417 ], [ 145.737467224432976, 43.919676720804091 ], [ 145.74374416316266, 43.921767801942565 ], [ 145.743733061032003, 43.92172363983417 ] ] ], [ [ [ 145.749323307124996, 43.924250027017194 ], [ 145.742443060898609, 43.921779198151512 ], [ 145.749255357049151, 43.924269667311364 ], [ 145.749323307124996, 43.924250027017194 ] ] ], [ [ [ 145.75486236110919, 43.925282359693199 ], [ 145.750024111923267, 43.923634999555645 ], [ 145.754791945991542, 43.925362721312581 ], [ 145.75486236110919, 43.925282359693199 ] ] ], [ [ [ 145.809892113630212, 43.993720892405292 ], [ 145.807256472308381, 43.992959252067863 ], [ 145.809780920553067, 43.993790224739143 ], [ 145.809892113630212, 43.993720892405292 ] ] ], [ [ [ 145.902720804321689, 44.106333170739276 ], [ 145.904975642112277, 44.105515251727525 ], [ 145.902642438297903, 44.10635027944187 ], [ 145.902720804321689, 44.106333170739276 ] ] ], [ [ [ 146.048720946914273, 44.181414694132854 ], [ 146.051032139821473, 44.179126864713112 ], [ 146.048646278003389, 44.181439081048779 ], [ 146.048720946914273, 44.181414694132854 ] ] ], [ [ [ 145.341666667083132, 44.339632026896595 ], [ 145.345084721282888, 44.338045558955457 ], [ 145.340988612434558, 44.326638053603347 ], [ 145.350192502681921, 44.321139999711249 ], [ 145.351795551423606, 44.316023333010435 ], [ 145.34618999976874, 44.310795838357308 ], [ 145.348761114733747, 44.294570000205397 ], [ 145.354627496761623, 44.289327225171348 ], [ 145.360125836638076, 44.27374666677531 ], [ 145.367549441553592, 44.271409999671789 ], [ 145.367083606223559, 44.258646946199633 ], [ 145.361214448887722, 44.255329440701189 ], [ 145.361650558026895, 44.251028891670046 ], [ 145.347973332903052, 44.242603333177328 ], [ 145.34825083041153, 44.223042774704368 ], [ 145.337366109058735, 44.213441946188937 ], [ 145.328932503432384, 44.191502224947783 ], [ 145.319273060703267, 44.187873332788115 ], [ 145.306644721177008, 44.168825000273614 ], [ 145.296484721192996, 44.164050279197056 ], [ 145.286351115411662, 44.150808054348261 ], [ 145.259488301144302, 44.13298983791077 ], [ 145.240052776314656, 44.089353612579202 ], [ 145.245257419194559, 44.073034467966352 ], [ 145.238716393646769, 44.057528892344578 ], [ 145.22262194644577, 44.037147775349581 ], [ 145.204895681190806, 44.029350720659295 ], [ 145.203871115059997, 44.020033891750757 ], [ 145.199432217922549, 44.016150000422215 ], [ 145.203692503406387, 44.020081946124947 ], [ 145.202844941840681, 44.025529612801449 ], [ 145.200069169956237, 44.021847225369186 ], [ 145.203001387903782, 44.021303333382207 ], [ 145.194271414294349, 44.019124775188288 ], [ 145.198665551274189, 44.017009171336269 ], [ 145.192983060819643, 44.017925000438481 ], [ 145.181916667420296, 44.008463333016437 ], [ 145.178559830971494, 44.000284368628741 ], [ 145.165097275818653, 43.98649053201251 ], [ 145.166655862977791, 43.989640504605632 ], [ 145.155197223972777, 43.982757504655183 ], [ 145.149599169965768, 43.971613891867662 ], [ 145.142239169602021, 43.968487774691084 ], [ 145.140514162898398, 43.960178612752827 ], [ 145.14010866398371, 43.962912972655602 ], [ 145.127574163317036, 43.946005279320218 ], [ 145.118617781785247, 43.923076386566038 ], [ 145.095990557618165, 43.895006666824258 ], [ 145.093841672555186, 43.890529721169742 ], [ 145.096733891356052, 43.873277504753105 ], [ 145.093317497304724, 43.872456946231125 ], [ 145.098600829964425, 43.86114083807928 ], [ 145.092159999684327, 43.839110000226356 ], [ 145.083563605975655, 43.82079917114487 ], [ 145.061083061234399, 43.805916946210175 ], [ 145.065672866409727, 43.793987864648273 ], [ 145.063108884867233, 43.79641694608523 ], [ 145.06480747128785, 43.794217720571396 ], [ 145.059055278878077, 43.784587504909496 ], [ 145.068952218170352, 43.748169440667198 ], [ 145.094246212792541, 43.725574765662941 ], [ 145.125238884766759, 43.675766387009219 ], [ 145.138419247949969, 43.665939864633117 ], [ 145.127460829853476, 43.66999027892831 ], [ 145.134779079191162, 43.66663019772551 ], [ 145.133408832551595, 43.66424286461654 ], [ 145.136018949315144, 43.665643973290798 ], [ 145.133480051663128, 43.661451504783145 ], [ 145.139048755395834, 43.658267721278378 ], [ 145.136258053866186, 43.653315000087218 ], [ 145.144059169894831, 43.64638361301337 ], [ 145.245559169620037, 43.615080837710536 ], [ 145.314810726334031, 43.600579251731119 ], [ 145.332365446808012, 43.593374198260676 ], [ 145.34351333317386, 43.583961559178647 ], [ 145.350079493873636, 43.566374667257151 ], [ 145.342376329304216, 43.556231278650614 ], [ 145.32519924764722, 43.550181333301964 ], [ 145.286808417974157, 43.550335279249794 ], [ 145.297195914060239, 43.552071225306861 ], [ 145.295947108272458, 43.554291387037949 ], [ 145.310974422631602, 43.552111026602631 ], [ 145.28359383898453, 43.561544333004633 ], [ 145.304122865677755, 43.557337505021906 ], [ 145.301000558029386, 43.56001027935099 ], [ 145.306803306727261, 43.558150440890188 ], [ 145.305388300829463, 43.565117585907899 ], [ 145.316184617026465, 43.565931413903684 ], [ 145.313362503077087, 43.564662775366855 ], [ 145.323728612385594, 43.562250279227044 ], [ 145.335373644877905, 43.564375306175521 ], [ 145.330647030336195, 43.56603722543764 ], [ 145.339330946965674, 43.568145026771617 ], [ 145.332372607210118, 43.5682565049338 ], [ 145.341749830990011, 43.572740639768767 ], [ 145.339863502098979, 43.584946171128934 ], [ 145.338512023411226, 43.580446891710722 ], [ 145.336501724774848, 43.5858446936777 ], [ 145.331016693065976, 43.582247532297856 ], [ 145.333108144725202, 43.580428053611854 ], [ 145.320220363379121, 43.581951586096864 ], [ 145.331648339998992, 43.583804053714175 ], [ 145.335005668376994, 43.589859721449045 ], [ 145.331757808176349, 43.592184441059146 ], [ 145.329435576990363, 43.586230919221578 ], [ 145.327711855417874, 43.593809224616052 ], [ 145.315214720682889, 43.593599134892202 ], [ 145.313056057291305, 43.596647359987742 ], [ 145.315940558110356, 43.597747080663282 ], [ 145.307207497128388, 43.600587225120421 ], [ 145.299620310928617, 43.597932305931238 ], [ 145.304009169787378, 43.594992504900233 ], [ 145.279590051839477, 43.591557279045219 ], [ 145.288037328060341, 43.602953306350059 ], [ 145.270582218294749, 43.593182774865227 ], [ 145.262985252867225, 43.596448386783663 ], [ 145.272248948929928, 43.59910455872847 ], [ 145.273173721789931, 43.603722081009266 ], [ 145.241416304119184, 43.591381027212663 ], [ 145.261461946112036, 43.600758613419316 ], [ 145.269008275211831, 43.608715721353519 ], [ 145.229424720574457, 43.614381945770219 ], [ 145.224793333445632, 43.619918891743509 ], [ 145.21190778241828, 43.622814440733919 ], [ 145.202295551398606, 43.624009171186344 ], [ 145.19360722359454, 43.620586107762733 ], [ 145.200485836652092, 43.61701138716586 ], [ 145.201863606120583, 43.611627774702072 ], [ 145.195653605729376, 43.606274170816391 ], [ 145.195700830029296, 43.599737224593298 ], [ 145.218736939058545, 43.587910000246382 ], [ 145.214278053589396, 43.577360000263866 ], [ 145.225564863627596, 43.568214360004788 ], [ 145.223830414941744, 43.562525279318265 ], [ 145.226186446247539, 43.56772980168904 ], [ 145.222073061422748, 43.557913892212412 ], [ 145.244739728056061, 43.524471108155183 ], [ 145.248286394301772, 43.493891946256383 ], [ 145.261172776302601, 43.455871666943949 ], [ 145.262856109322001, 43.436374441427404 ], [ 145.277711115375723, 43.40211250538789 ], [ 145.28616167322275, 43.389994720879713 ], [ 145.292301335838033, 43.3884481981259 ], [ 145.287745292111595, 43.389062305580978 ], [ 145.290581284398854, 43.389259838071098 ], [ 145.289328820168976, 43.385830089986712 ], [ 145.296786109191657, 43.372791945591871 ], [ 145.318219999553435, 43.348284999852922 ], [ 145.396877782283923, 43.291020000372782 ], [ 145.411303060787645, 43.291858891574634 ], [ 145.47320250329301, 43.271296946097266 ], [ 145.480926108553149, 43.273625837662337 ], [ 145.486878339863551, 43.270815558791071 ], [ 145.48738416264905, 43.266353053550631 ], [ 145.492837781938192, 43.266577505447572 ], [ 145.504775005961847, 43.278999721260163 ], [ 145.50506250303215, 43.285104170920818 ], [ 145.513756939031623, 43.296004170855838 ], [ 145.523912217574889, 43.300132774907695 ], [ 145.522300271840095, 43.307039721106321 ], [ 145.531627249597932, 43.313885972959326 ], [ 145.537302087721287, 43.311018640198142 ], [ 145.55236619964046, 43.317792108119363 ], [ 145.554180195159915, 43.321230999610975 ], [ 145.55040494193463, 43.325038224634397 ], [ 145.565466938648342, 43.325999640371151 ], [ 145.57729741944047, 43.333843171125523 ], [ 145.580816134756901, 43.342502585725811 ], [ 145.581450804311203, 43.338924134741092 ], [ 145.586521894270049, 43.34046719780298 ], [ 145.57873878087014, 43.348116748389259 ], [ 145.587528196968833, 43.347580837885403 ], [ 145.597422581287105, 43.354928225257424 ], [ 145.623835382896686, 43.363379613178665 ], [ 145.627381192987741, 43.368871801692364 ], [ 145.638439169632079, 43.373585838315819 ], [ 145.639160272128947, 43.379788054175435 ], [ 145.652352502765893, 43.391896386808867 ], [ 145.669011115370722, 43.391830279443866 ], [ 145.672879728116982, 43.386682774990106 ], [ 145.679483061394194, 43.389267225102401 ], [ 145.696573060798187, 43.383739721111283 ], [ 145.721359728069046, 43.383121667431055 ], [ 145.72892916974547, 43.386105838313824 ], [ 145.733406109104749, 43.393799170595287 ], [ 145.736358053681329, 43.389687775070797 ], [ 145.750868884691386, 43.389775558795066 ], [ 145.744896835020995, 43.392220801948497 ], [ 145.753832503367448, 43.398565000074768 ], [ 145.762271945593852, 43.398864171244554 ], [ 145.759960830028376, 43.394156667296386 ], [ 145.76486083026316, 43.391006387135121 ], [ 145.773567782127543, 43.393108892361568 ], [ 145.773238612272166, 43.389760279313521 ], [ 145.785651946380312, 43.386251945770709 ], [ 145.788689947982789, 43.389815837630863 ], [ 145.790454720908656, 43.386955278563335 ], [ 145.817431672633688, 43.385426108228387 ], [ 145.806407223614542, 43.377284999902884 ], [ 145.808647392563216, 43.371776504881836 ], [ 145.806152775730084, 43.370514170592571 ], [ 145.809573891222158, 43.371748053929593 ], [ 145.811529170235076, 43.368308891742004 ], [ 145.800688054310285, 43.362086108387246 ], [ 145.789415279091941, 43.360953333129885 ], [ 145.785478340353166, 43.354299171069954 ], [ 145.764690558022949, 43.344908053663801 ], [ 145.764234617034049, 43.340493531751122 ], [ 145.764853606009183, 43.344270532359246 ], [ 145.753405006136177, 43.338556667256455 ], [ 145.756678053649352, 43.335376107821162 ], [ 145.738815550996947, 43.339144440763391 ], [ 145.730731946222363, 43.328221946085989 ], [ 145.727422218060951, 43.328560000343771 ], [ 145.728663891325596, 43.332109171201353 ], [ 145.725045005922311, 43.335275559119793 ], [ 145.716297223937772, 43.336828054271336 ], [ 145.706610830325644, 43.334719440849597 ], [ 145.701875836800468, 43.328217505233738 ], [ 145.688765278994538, 43.327641108150658 ], [ 145.676596109023308, 43.319804171225599 ], [ 145.68069027173874, 43.314712225089181 ], [ 145.676693891410082, 43.311517774725587 ], [ 145.657687496980429, 43.321220559381345 ], [ 145.621962411636105, 43.316595972925882 ], [ 145.608310363032842, 43.309297107575503 ], [ 145.60704089532112, 43.304314224921598 ], [ 145.611191283650896, 43.300102667404246 ], [ 145.60299406032766, 43.293369945966276 ], [ 145.597382386987647, 43.294949945983262 ], [ 145.600317249841282, 43.289940134929338 ], [ 145.590421556109959, 43.278104694376225 ], [ 145.581025110220708, 43.282649251961459 ], [ 145.575181505322234, 43.278605891948416 ], [ 145.584497275728722, 43.282654973448302 ], [ 145.58259627799589, 43.286473467876306 ], [ 145.567922049163258, 43.283038838271807 ], [ 145.567781478832217, 43.278005107949411 ], [ 145.572571284237483, 43.279659359591847 ], [ 145.564457197841421, 43.276473279218521 ], [ 145.56626713382127, 43.271751693685758 ], [ 145.558945279101408, 43.262037775423039 ], [ 145.554171388099121, 43.23630027923457 ], [ 145.548928339671193, 43.229733613115798 ], [ 145.549871543237145, 43.222663296973622 ], [ 145.553707418862359, 43.220611305767193 ], [ 145.553831555881629, 43.223546720804563 ], [ 145.556725005854446, 43.219257505029873 ], [ 145.530147782094559, 43.208092224876339 ], [ 145.528026393803088, 43.202988333045198 ], [ 145.532023644675519, 43.201258026636651 ], [ 145.528583450066208, 43.200299774714892 ], [ 145.534222503265937, 43.199013612887995 ], [ 145.535058885359376, 43.19228250483377 ], [ 145.529408612217708, 43.185975838114473 ], [ 145.517797496757112, 43.186215000222148 ], [ 145.51546500610516, 43.190355558961926 ], [ 145.509469584853491, 43.188157107764368 ], [ 145.508233113267579, 43.177894171378966 ], [ 145.514413748096104, 43.183703306162727 ], [ 145.510577496554333, 43.177705559264211 ], [ 145.522640272230888, 43.174976667239434 ], [ 145.523355279122939, 43.167193053816447 ], [ 145.495939169557118, 43.158684999613115 ], [ 145.493045551411115, 43.166668892055782 ], [ 145.50351250259996, 43.169080279331467 ], [ 145.501581114976489, 43.176102505126551 ], [ 145.492264448845276, 43.184296107779176 ], [ 145.476749999612821, 43.188368333331994 ], [ 145.371526108742955, 43.182698613250466 ], [ 145.358995005714974, 43.178498891710547 ], [ 145.341430558173784, 43.178679441403176 ], [ 145.336950272437207, 43.173394721089551 ], [ 145.32645805389609, 43.172950559420826 ], [ 145.316953060735273, 43.186889721083787 ], [ 145.313801672609202, 43.202692224966256 ], [ 145.283926393888009, 43.211396387133618 ], [ 145.267687781765744, 43.227289720744068 ], [ 145.264724720669392, 43.224045278866583 ], [ 145.246446667379814, 43.221386667061097 ], [ 145.225497497211791, 43.206023332710686 ], [ 145.195602217568307, 43.25765944133019 ], [ 145.185144449356926, 43.256576108100944 ], [ 145.177712775724103, 43.260929720730076 ], [ 145.175624449209067, 43.257971387369707 ], [ 145.162130829674084, 43.257925558817533 ], [ 145.160242218303779, 43.253328333335958 ], [ 145.154298339896513, 43.252878053579366 ], [ 145.157026393753085, 43.250326107663795 ], [ 145.152731388143138, 43.244064441221042 ], [ 145.141612775609133, 43.246562224567072 ], [ 145.13584055799538, 43.240158333040711 ], [ 145.136776939304355, 43.23601972133315 ], [ 145.124540000021057, 43.233324170773926 ], [ 145.122992218216382, 43.238607775028868 ], [ 145.110436108639533, 43.234475559299653 ], [ 145.098850829802018, 43.238341946223898 ], [ 145.091611945634895, 43.236316386991746 ], [ 145.089783605928687, 43.240115278897065 ], [ 145.081754721303355, 43.23769805412195 ], [ 145.065167224388006, 43.24411861278378 ], [ 145.051259441869774, 43.234074440982738 ], [ 145.048444162767964, 43.237262505260446 ], [ 145.041255005713992, 43.227346946404509 ], [ 145.036556109177127, 43.226865279409196 ], [ 145.035899999785215, 43.220030000184408 ], [ 145.031916394326231, 43.217829720665122 ], [ 145.013246394005932, 43.215816108027013 ], [ 144.985437497442604, 43.234073892396282 ], [ 144.962595278649246, 43.237623892428758 ], [ 144.947096393983429, 43.248457775106317 ], [ 144.915957496741157, 43.244682225104668 ], [ 144.910520829672578, 43.257384999717999 ], [ 144.872507496723642, 43.281546666945189 ], [ 144.861558612340104, 43.277078333198574 ], [ 144.846942503094056, 43.282748612658395 ], [ 144.840718885168485, 43.292203054027766 ], [ 144.829237781998131, 43.293405559119321 ], [ 144.828722217756194, 43.297402505121568 ], [ 144.817978054143964, 43.295740837669598 ], [ 144.813733605721382, 43.3000658383678 ], [ 144.768185278727742, 43.304475279110875 ], [ 144.765849170103138, 43.309313333143848 ], [ 144.757923060900566, 43.308026666797275 ], [ 144.737923061300307, 43.317519171072945 ], [ 144.727646939055035, 43.316099441036442 ], [ 144.712699999805182, 43.335151946405233 ], [ 144.701912775754067, 43.341804720811297 ], [ 144.695944163292552, 43.344679170807126 ], [ 144.688223890919858, 43.339880278652004 ], [ 144.680565837243648, 43.343512504598436 ], [ 144.677787224400959, 43.349719720688597 ], [ 144.669769441906283, 43.351506107920613 ], [ 144.668711672805557, 43.363330279069203 ], [ 144.663097496652199, 43.368800837988317 ], [ 144.660807223774441, 43.388073892196417 ], [ 144.638498053842227, 43.418722224551061 ], [ 144.63857555112088, 43.426700837973328 ], [ 144.646699727910232, 43.427784171202575 ], [ 144.641621672702058, 43.436651667340641 ], [ 144.652445837305663, 43.446698612650891 ], [ 144.679006393929967, 43.441991945971608 ], [ 144.745313891323121, 43.486070000130439 ], [ 144.668723605909804, 43.547072225003262 ], [ 144.6138188852334, 43.57082500017367 ], [ 144.590495279133847, 43.577229720874982 ], [ 144.579269728215422, 43.576601666733609 ], [ 144.570631388328025, 43.600678613327375 ], [ 144.59281666675588, 43.609115837825698 ], [ 144.591720000177929, 43.618984170583076 ], [ 144.600911945629832, 43.619903891951083 ], [ 144.613704449201009, 43.63442055866193 ], [ 144.626889169599508, 43.633747505143276 ], [ 144.63388610915672, 43.624935838018587 ], [ 144.64145083029166, 43.624956946006307 ], [ 144.646429442065141, 43.633971386870087 ], [ 144.660149727627868, 43.638054720848743 ], [ 144.678762503187045, 43.652433892010549 ], [ 144.706351115311804, 43.660008892396547 ], [ 144.704713891433016, 43.668060558647937 ], [ 144.707351114662288, 43.671219171027985 ], [ 144.734196667342417, 43.686488892248633 ], [ 144.730274721201454, 43.701309721366613 ], [ 144.72352583714769, 43.709843613092346 ], [ 144.725493891030283, 43.720004999830905 ], [ 144.720246667050105, 43.741777775424055 ], [ 144.722363061406213, 43.761725278898552 ], [ 144.760838611712643, 43.756998891885416 ], [ 144.79610555093052, 43.762890278663463 ], [ 144.810192502681957, 43.774842505177503 ], [ 144.804973890632596, 43.777680279021695 ], [ 144.811837781788313, 43.781758333080688 ], [ 144.807582776224194, 43.787429440816084 ], [ 144.81483221843223, 43.790439441127376 ], [ 144.816029727789783, 43.795902505096592 ], [ 144.827424720874205, 43.794267505241237 ], [ 144.830632502787807, 43.799444171111645 ], [ 144.839003890617164, 43.799496667237463 ], [ 144.843934162931305, 43.786691108208117 ], [ 144.860797223812938, 43.787066666893224 ], [ 144.86752555116334, 43.798028891819968 ], [ 144.86359250289172, 43.812761386828583 ], [ 144.871770558064895, 43.820988053955602 ], [ 144.879556667106613, 43.82242610767878 ], [ 144.87702555128817, 43.831883333349197 ], [ 144.890456393647696, 43.835737225092942 ], [ 144.905106108759924, 43.850259440620732 ], [ 144.901910271641782, 43.862023612599671 ], [ 144.905067223873402, 43.867108053893617 ], [ 144.889096393883506, 43.869752504974201 ], [ 144.876722218055988, 43.876696108438693 ], [ 144.896937781553447, 43.886779720907441 ], [ 144.901028612280697, 43.8963327747378 ], [ 144.905564449140115, 43.898623332700708 ], [ 144.904963890870931, 43.905614720742847 ], [ 144.916601946422702, 43.906966667078052 ], [ 144.916067223923278, 43.911951666736059 ], [ 144.922949442362892, 43.918771386790127 ], [ 144.93217972771231, 43.917715559325643 ], [ 144.939448612363663, 43.921626108358282 ], [ 144.955629442145096, 43.919859170764198 ], [ 144.976278054388786, 43.926406107555863 ], [ 144.985453891184193, 43.939149721282661 ], [ 145.003174720936727, 43.946992504700404 ], [ 144.996918339809554, 43.955090558882262 ], [ 144.995184162719056, 43.967968891950875 ], [ 145.003926666582515, 43.975544171126671 ], [ 145.005282775879436, 43.98378110761206 ], [ 145.015492502976713, 43.997627774901957 ], [ 145.02604610924061, 44.006260558777797 ], [ 145.049361387617978, 44.007987224730698 ], [ 145.050719442148647, 44.021500559203503 ], [ 145.055025550788628, 44.023066946182666 ], [ 145.058340271986026, 44.038160000083963 ], [ 145.064997497136801, 44.043057225010955 ], [ 145.08878861220478, 44.042804440872317 ], [ 145.113330557759127, 44.057961108318523 ], [ 145.121123605969728, 44.075146945774975 ], [ 145.138928339771155, 44.090107505257208 ], [ 145.14098472056844, 44.09965861295467 ], [ 145.149527224202075, 44.11187055917901 ], [ 145.162619999713229, 44.113162224856865 ], [ 145.168821388196534, 44.12442250489471 ], [ 145.179369728030565, 44.12797027910517 ], [ 145.180596666802785, 44.13622166679653 ], [ 145.217771388239044, 44.146683332669738 ], [ 145.223675005796963, 44.155692775101556 ], [ 145.234370829949853, 44.157411386726153 ], [ 145.245016667085565, 44.164377225028943 ], [ 145.274055006133722, 44.168697505185776 ], [ 145.271547224125129, 44.177781666890439 ], [ 145.287555551347737, 44.185405837709311 ], [ 145.279092217731773, 44.189463333266247 ], [ 145.285378054353828, 44.19951917107295 ], [ 145.281013890878398, 44.201232224887349 ], [ 145.280708884907199, 44.205992504650396 ], [ 145.276898884575871, 44.205869999900642 ], [ 145.277336393959445, 44.219733333426632 ], [ 145.302968611911979, 44.246858891824445 ], [ 145.299955551207745, 44.252913054094222 ], [ 145.311410557850991, 44.25455638706768 ], [ 145.319688053760729, 44.265698891890395 ], [ 145.317536394289277, 44.274554721123536 ], [ 145.321262218076981, 44.282004721140993 ], [ 145.317296394013397, 44.287238612671899 ], [ 145.322409727826766, 44.303779171271799 ], [ 145.328515550752172, 44.309263053647044 ], [ 145.325790272203335, 44.32550055870388 ], [ 145.334682218209878, 44.338989440610248 ], [ 145.341030271729778, 44.33967666744428 ], [ 145.341666667083132, 44.339632026896595 ] ] ], [ [ [ 146.40799797742477, 44.422764134657143 ], [ 146.405754890176127, 44.42158619814461 ], [ 146.407895577019303, 44.422773386882341 ], [ 146.40799797742477, 44.422764134657143 ] ] ], [ [ [ 146.58273391723651, 44.458333333316716 ], [ 146.584957807556862, 44.460864973439811 ], [ 146.582791555685844, 44.458347279103691 ], [ 146.58273391723651, 44.458333333316716 ] ] ], [ [ [ 146.171696719328224, 44.508589891810118 ], [ 146.174947639022434, 44.507468612586479 ], [ 146.171651088626959, 44.508595332708467 ], [ 146.171696719328224, 44.508589891810118 ] ] ], [ [ [ 146.166701479090079, 44.517498639850373 ], [ 146.173529533161513, 44.514792306419849 ], [ 146.169409856679636, 44.50885427900181 ], [ 146.187740142593611, 44.505529306432379 ], [ 146.194163449583584, 44.493505198006517 ], [ 146.226237951120652, 44.481978504604342 ], [ 146.240855357189048, 44.45448827921075 ], [ 146.255903838891072, 44.451743837907827 ], [ 146.262987522556159, 44.443202134670855 ], [ 146.280647327911879, 44.44265533337699 ], [ 146.278701919857781, 44.440086748204919 ], [ 146.28294403364032, 44.434587559368424 ], [ 146.323602802427445, 44.425704414127438 ], [ 146.337719533429777, 44.417424505336726 ], [ 146.397330972946065, 44.421962135444232 ], [ 146.440534332093762, 44.418841171383008 ], [ 146.476742476584036, 44.421128865005187 ], [ 146.534319196373872, 44.432809080774518 ], [ 146.547232477097168, 44.437941332726382 ], [ 146.551603139073677, 44.445578747860964 ], [ 146.577419689267344, 44.454941532126043 ], [ 146.571421724732886, 44.452698170584142 ], [ 146.551441556082978, 44.427137775188214 ], [ 146.544539857428504, 44.407309332959414 ], [ 146.534073605912226, 44.393228108090796 ], [ 146.533573799591295, 44.380127864609335 ], [ 146.524159389744113, 44.374140000360796 ], [ 146.518735357250989, 44.375051892231113 ], [ 146.51558430637067, 44.367814386724604 ], [ 146.501674553437965, 44.36579938733189 ], [ 146.492079780057907, 44.35450058573349 ], [ 146.485112360746939, 44.352068198388679 ], [ 146.485163579835444, 44.356383775091217 ], [ 146.453474721081534, 44.377132802037238 ], [ 146.431500751858266, 44.375913171155958 ], [ 146.38818094669341, 44.359202774688356 ], [ 146.366003554420558, 44.338031721087134 ], [ 146.367458586444627, 44.330308694091002 ], [ 146.362251504603364, 44.326904504739161 ], [ 146.369917445333954, 44.321587747876322 ], [ 146.365165615600745, 44.31747013533851 ], [ 146.350435083812158, 44.320452531858905 ], [ 146.344445226665925, 44.317259026682791 ], [ 146.342953385390501, 44.309068026668172 ], [ 146.333000000149923, 44.307658135214808 ], [ 146.327462633293976, 44.301416531747577 ], [ 146.328153800057862, 44.296589224613058 ], [ 146.31782055827216, 44.296570197656536 ], [ 146.313551724732406, 44.291058531625993 ], [ 146.306216005164515, 44.289576504652018 ], [ 146.29614686098887, 44.275669613362027 ], [ 146.272796329187258, 44.275753000300767 ], [ 146.250019688957536, 44.270701054210349 ], [ 146.220500117286633, 44.273054946028992 ], [ 146.178992023363207, 44.268868359986868 ], [ 146.167902943666036, 44.271457838208732 ], [ 146.143694060232747, 44.26443574821127 ], [ 146.127004305904052, 44.266489892394645 ], [ 146.110920000357851, 44.262703386851854 ], [ 146.065338611587663, 44.230766558929588 ], [ 146.055298780814155, 44.216381721139555 ], [ 146.051459584891973, 44.207455054107527 ], [ 146.054228469768077, 44.205318891753507 ], [ 146.048045422058635, 44.199582054368364 ], [ 146.054870169322953, 44.194173892211381 ], [ 146.043951114552328, 44.190426026939633 ], [ 146.047878470115393, 44.187355198283853 ], [ 146.046619389573266, 44.184046107741722 ], [ 146.032855357388939, 44.185986666651388 ], [ 146.026202386930663, 44.18251241381688 ], [ 146.024087173384373, 44.176879467913182 ], [ 145.983620610402909, 44.170717865437211 ], [ 145.966003864586696, 44.152773693551183 ], [ 145.957629585437076, 44.156182613336966 ], [ 145.945289364412702, 44.152875918588848 ], [ 145.921502165892321, 44.135676414135276 ], [ 145.906644668716581, 44.121587134938352 ], [ 145.899936354878946, 44.109839720926459 ], [ 145.899337366826103, 44.103083666578016 ], [ 145.905115226786393, 44.099738279398139 ], [ 145.903346861068826, 44.09469483819629 ], [ 145.893579494298251, 44.096138531568045 ], [ 145.888889467774788, 44.088266585834333 ], [ 145.880674086240106, 44.085969639986956 ], [ 145.879857950583983, 44.074336775321967 ], [ 145.875464526766564, 44.074023197912311 ], [ 145.867192996059998, 44.063693504851415 ], [ 145.863499532577407, 44.050482586302394 ], [ 145.864898560220468, 44.031475865418884 ], [ 145.878123644890366, 44.020943054178645 ], [ 145.851179922215692, 44.020215838090508 ], [ 145.85516418867644, 44.023342838401334 ], [ 145.854978443600316, 44.029435026705187 ], [ 145.841792217736725, 44.032128667104359 ], [ 145.828938106108808, 44.029154838425086 ], [ 145.817644578134832, 44.021394801628844 ], [ 145.802705253444742, 43.996784414069509 ], [ 145.80563627799188, 43.992716999889694 ], [ 145.797633358592634, 43.991442666845671 ], [ 145.790953839248346, 43.979601666683607 ], [ 145.787912555120442, 43.965991720741386 ], [ 145.791754772764648, 43.959435802420387 ], [ 145.788344863724546, 43.957006864874984 ], [ 145.789161777294225, 43.948630359903234 ], [ 145.778652503110607, 43.935555278553295 ], [ 145.781105862645518, 43.93194486476375 ], [ 145.765136135224566, 43.932029694215089 ], [ 145.71424097264287, 43.910940387189157 ], [ 145.688446160861645, 43.910219720863495 ], [ 145.67427355408131, 43.905382747815622 ], [ 145.6635767829423, 43.910586747680327 ], [ 145.64943394282227, 43.908465532058699 ], [ 145.636017664983342, 43.900459721339132 ], [ 145.62408703029223, 43.883339278984579 ], [ 145.619150660574633, 43.885571747937888 ], [ 145.612956641136179, 43.882024468354587 ], [ 145.604092866392762, 43.867977891666442 ], [ 145.593365331245082, 43.870612279333272 ], [ 145.585112528920149, 43.862375108124809 ], [ 145.575351245163915, 43.841168053762715 ], [ 145.56936758794393, 43.796098387330744 ], [ 145.571619196269012, 43.770549612974321 ], [ 145.560525498553034, 43.724957945852566 ], [ 145.554725720315787, 43.67193646759398 ], [ 145.545611582408696, 43.653659640080377 ], [ 145.538333890696549, 43.65360186493416 ], [ 145.535056887065707, 43.671852999716236 ], [ 145.550323554188708, 43.731002279431721 ], [ 145.525355135731047, 43.735088413899234 ], [ 145.502751505277843, 43.73433458597242 ], [ 145.433395227008191, 43.720969413907369 ], [ 145.439400467058022, 43.721184000241465 ], [ 145.435891854725355, 43.718653027415314 ], [ 145.440142724307293, 43.717940332680257 ], [ 145.445709195922745, 43.721020251683342 ], [ 145.444441607794033, 43.717540027350424 ], [ 145.434186524288748, 43.719298135400663 ], [ 145.422183191101453, 43.736195694275921 ], [ 145.418178197066254, 43.75180450487403 ], [ 145.425511335579699, 43.76749883830081 ], [ 145.425673307077545, 43.781776973328704 ], [ 145.410204553297604, 43.818597801647286 ], [ 145.398656056731738, 43.82808297285095 ], [ 145.404661284190979, 43.840402558930975 ], [ 145.444098366246635, 43.85272153167341 ], [ 145.452358560099583, 43.87296958587774 ], [ 145.473081361915433, 43.89861097331783 ], [ 145.533087470710257, 43.920634360287522 ], [ 145.534400751593466, 43.931118000195625 ], [ 145.552847613026984, 43.935944891843349 ], [ 145.5609938393942, 43.944136613114267 ], [ 145.575006938819229, 43.944913918742429 ], [ 145.589308106384124, 43.951179224741509 ], [ 145.593095550819044, 43.965698801658448 ], [ 145.598996082803069, 43.971995081208092 ], [ 145.627182387057587, 43.986616973094897 ], [ 145.640893721668021, 43.988986360232389 ], [ 145.655044253689425, 44.003964801834172 ], [ 145.676821997137495, 44.011979972697645 ], [ 145.680774837688659, 44.017827360144622 ], [ 145.676157497070903, 44.025748801865745 ], [ 145.717563190588862, 44.037686107727723 ], [ 145.741364968018956, 44.051131504715215 ], [ 145.741162528827658, 44.056207720809709 ], [ 145.74769214018022, 44.060774170591571 ], [ 145.748331088708824, 44.071422053684898 ], [ 145.74251243819856, 44.092042973104753 ], [ 145.744145421773851, 44.104487639592946 ], [ 145.753557977218975, 44.108897413984494 ], [ 145.76973433197395, 44.129645359945471 ], [ 145.779215642388067, 44.135215667169348 ], [ 145.788113502336273, 44.149883413688656 ], [ 145.817584331651688, 44.165608171180224 ], [ 145.837489195570015, 44.182376054111671 ], [ 145.855121530234442, 44.201508775409707 ], [ 145.861185162365359, 44.219682224954795 ], [ 145.889078144640735, 44.251557107574513 ], [ 145.934696718578721, 44.278350468099688 ], [ 145.946091854655378, 44.278891838387665 ], [ 145.954246978015703, 44.29191486517891 ], [ 145.966077976817246, 44.296625720900352 ], [ 145.987985356639001, 44.318886613426514 ], [ 146.000847613426686, 44.337556198260017 ], [ 146.00090147921992, 44.347438054122961 ], [ 146.010002632715441, 44.372224197988373 ], [ 146.005978585643334, 44.38037905425 ], [ 146.023362477196656, 44.390476440735199 ], [ 146.027454280090979, 44.398695504993611 ], [ 146.051863306746327, 44.418441640369451 ], [ 146.071671945903631, 44.449907108426373 ], [ 146.081668885310819, 44.474106585850336 ], [ 146.109855058264429, 44.49107991890321 ], [ 146.129350194655785, 44.507948505219417 ], [ 146.152964358218583, 44.514024081246419 ], [ 146.159381777347221, 44.511731026765517 ], [ 146.166666667233017, 44.517537531931623 ], [ 146.166701479090079, 44.517498639850373 ] ] ], [ [ [ 147.21024457762519, 44.569096531779564 ], [ 147.208101024642588, 44.567381306102448 ], [ 147.21015927423116, 44.569100531964011 ], [ 147.21024457762519, 44.569096531779564 ] ] ], [ [ [ 147.268652048853028, 44.607492135054031 ], [ 147.265170025876046, 44.606891801615404 ], [ 147.268641505201344, 44.607517972576431 ], [ 147.268652048853028, 44.607492135054031 ] ] ], [ [ [ 146.978479416292089, 44.654146774753883 ], [ 146.976571051313044, 44.649274360323545 ], [ 146.97479849475485, 44.652388774622295 ], [ 146.978485811371115, 44.654250748073594 ], [ 146.978479416292089, 44.654146774753883 ] ] ], [ [ [ 147.304619689447122, 44.666730864937506 ], [ 147.302076225937185, 44.66740105411543 ], [ 147.304684060221234, 44.66675180205408 ], [ 147.304619689447122, 44.666730864937506 ] ] ], [ [ [ 148.752634968229245, 45.556933198208583 ], [ 148.754815227041149, 45.553541720773865 ], [ 148.781825188381845, 45.553311747938892 ], [ 148.783692892313184, 45.556822586093517 ], [ 148.830092165920746, 45.548227359704924 ], [ 148.838257108079119, 45.550688198001978 ], [ 148.840968859025679, 45.544023468008675 ], [ 148.8744262255899, 45.531119134640392 ], [ 148.892159689018513, 45.512350639670331 ], [ 148.890890699746024, 45.487941441244573 ], [ 148.886322335307568, 45.481891945556868 ], [ 148.874613086724594, 45.474594504732636 ], [ 148.833777418593058, 45.461207053762564 ], [ 148.826811970596054, 45.449119892069405 ], [ 148.829232581318593, 45.427431721097093 ], [ 148.841250116599667, 45.426331693752729 ], [ 148.843422776140301, 45.419714440768871 ], [ 148.855159611426984, 45.417687612593284 ], [ 148.860582192414313, 45.408444558669487 ], [ 148.873689831020897, 45.401826838038176 ], [ 148.876564254037135, 45.394356667126544 ], [ 148.875731945872644, 45.387999721110305 ], [ 148.868811607869475, 45.384254359551107 ], [ 148.869962944234544, 45.379229413806456 ], [ 148.861268275310749, 45.373103892130985 ], [ 148.861060194672291, 45.367372775333365 ], [ 148.856210803785643, 45.367211838055937 ], [ 148.852354384047658, 45.357566467918218 ], [ 148.843232334804497, 45.354846386551571 ], [ 148.842020609863312, 45.349738413596981 ], [ 148.848677781954166, 45.345185360116318 ], [ 148.841823722187087, 45.336212171154841 ], [ 148.809018028659125, 45.337372837986152 ], [ 148.776756135387359, 45.322642585886683 ], [ 148.74414391660855, 45.337254532170959 ], [ 148.725828806754066, 45.333508134592762 ], [ 148.71174538304308, 45.336220387361038 ], [ 148.685557029733218, 45.333893387070191 ], [ 148.682168611792122, 45.33696164006767 ], [ 148.658734332423592, 45.333382721435498 ], [ 148.654391115057933, 45.336442386806766 ], [ 148.650435668271484, 45.330524360311017 ], [ 148.638986056661224, 45.335333865365669 ], [ 148.621006472171075, 45.330547532242861 ], [ 148.620550467330304, 45.326662468198379 ], [ 148.60672027202304, 45.321454026582103 ], [ 148.579566446134663, 45.317924468139722 ], [ 148.563487639043387, 45.312010585720031 ], [ 148.543184306210833, 45.293880693938945 ], [ 148.531851387931283, 45.29311241390684 ], [ 148.517736887247565, 45.279780468194133 ], [ 148.504991829209644, 45.278574694066947 ], [ 148.503606498241311, 45.27556008113288 ], [ 148.508002334939874, 45.272538359957423 ], [ 148.499363280990679, 45.272148386938568 ], [ 148.501438806555711, 45.261543918617008 ], [ 148.494383917383971, 45.256177225098895 ], [ 148.477999559332261, 45.261138279408101 ], [ 148.457866057172851, 45.249182387257406 ], [ 148.435997003758757, 45.252959333006856 ], [ 148.408781440311259, 45.238195386907648 ], [ 148.404268832940375, 45.230798359656603 ], [ 148.391794720849703, 45.233810801627271 ], [ 148.377126057021997, 45.227943135367468 ], [ 148.324145058148019, 45.222214441343453 ], [ 148.302305810964526, 45.21510797335435 ], [ 148.278489728018599, 45.201683865118355 ], [ 148.280435810564313, 45.19596561312261 ], [ 148.264120610377972, 45.189337440570455 ], [ 148.266261751378806, 45.185006972893518 ], [ 148.259565057681357, 45.18444344061237 ], [ 148.256280532120968, 45.188542027092922 ], [ 148.240229559046952, 45.183880107980656 ], [ 148.214815550797084, 45.169130891877217 ], [ 148.213824500600253, 45.162857027030213 ], [ 148.199319222004533, 45.15797525155665 ], [ 148.193270467358275, 45.149307440885764 ], [ 148.16742855988025, 45.146834693766152 ], [ 148.157907781818722, 45.14189913523694 ], [ 148.159212139628607, 45.137815053921656 ], [ 148.151583087289737, 45.138918945652847 ], [ 148.099645446779959, 45.112649774767362 ], [ 148.075468832820434, 45.093721080863247 ], [ 148.074348417845272, 45.087884720903219 ], [ 148.066937366566322, 45.086337639670376 ], [ 148.060479999552399, 45.07731799982588 ], [ 148.061882801650086, 45.073275414129114 ], [ 148.055444577605272, 45.071453000055953 ], [ 148.055016887019747, 45.067015252252133 ], [ 148.040789662612951, 45.065138720575533 ], [ 148.029404578258777, 45.056453667203016 ], [ 148.026392996040045, 45.047903585881841 ], [ 148.008499610668537, 45.035770306054815 ], [ 148.006901971348952, 45.029358612909732 ], [ 147.99930352833519, 45.025739532353612 ], [ 147.983973191010023, 45.004199504903283 ], [ 147.958656977737405, 44.998443108162974 ], [ 147.948294357798432, 44.993939973351132 ], [ 147.946045914187607, 44.989515972584115 ], [ 147.93476710811558, 44.988244413948621 ], [ 147.924348365984315, 44.980095531883364 ], [ 147.920586524348664, 44.97082155926762 ], [ 147.910037833779029, 44.970700720961531 ], [ 147.911265668276087, 44.96527133300566 ], [ 147.904496834561314, 44.960995802214541 ], [ 147.896304916338863, 44.960601080775291 ], [ 147.896510168609439, 44.966134720840728 ], [ 147.890285188210896, 44.968723252076472 ], [ 147.8784411411458, 44.962082080723519 ], [ 147.866779169922779, 44.966088865308961 ], [ 147.850688974716491, 44.965395747915466 ], [ 147.826196393848591, 44.955489532116246 ], [ 147.784784941971566, 44.947658802311935 ], [ 147.745761996818715, 44.964857892178031 ], [ 147.730051750787766, 44.976859801738499 ], [ 147.726413968829661, 45.002749973132779 ], [ 147.707644838038959, 45.007220666700448 ], [ 147.685641854887763, 45.005201559204636 ], [ 147.660037782118025, 44.996890468220613 ], [ 147.636871193151137, 44.982501026801003 ], [ 147.614764448920255, 44.956628694358812 ], [ 147.612441829227123, 44.93761622500881 ], [ 147.633530700081792, 44.926910585655037 ], [ 147.649936912558587, 44.924868504977553 ], [ 147.651797950714922, 44.919906919169023 ], [ 147.639463553700125, 44.913521134592713 ], [ 147.615421776893527, 44.888739721161244 ], [ 147.612114941851132, 44.879828946049088 ], [ 147.598248833017351, 44.864982972786038 ], [ 147.596893670706436, 44.853302613125152 ], [ 147.550612917851936, 44.816184945578811 ], [ 147.525394059788141, 44.815516332912466 ], [ 147.501214501448203, 44.804943413707633 ], [ 147.496177327621695, 44.79997780163427 ], [ 147.495187755910251, 44.78747244080057 ], [ 147.486821440257359, 44.781372360046419 ], [ 147.462301089223956, 44.779818747936929 ], [ 147.450789416298562, 44.775874387093324 ], [ 147.450748715680788, 44.772702972863954 ], [ 147.439862723585861, 44.772501225251403 ], [ 147.433490506182011, 44.76425713465909 ], [ 147.421234889778361, 44.764607801908596 ], [ 147.397456199743942, 44.747827838384069 ], [ 147.392388911219314, 44.748934973070618 ], [ 147.380315083774121, 44.742404224975076 ], [ 147.374703060597881, 44.736744640252994 ], [ 147.376967665025745, 44.733001224826694 ], [ 147.368600726142631, 44.729744586343656 ], [ 147.368769688970019, 44.722762440634199 ], [ 147.36448180329262, 44.724724918720085 ], [ 147.349405473184106, 44.721004613172397 ], [ 147.346065161777915, 44.716545000151712 ], [ 147.350478754690812, 44.714926440802628 ], [ 147.347319027151457, 44.712580532265804 ], [ 147.342611193152152, 44.716383838043726 ], [ 147.334990609728948, 44.714206919313938 ], [ 147.327043281022611, 44.705888774947084 ], [ 147.327632865764258, 44.699278224610453 ], [ 147.320414332355654, 44.698135413818363 ], [ 147.314666886567579, 44.691260559027626 ], [ 147.315697366640279, 44.685826613307597 ], [ 147.306823112996312, 44.681758414019669 ], [ 147.305769830613258, 44.672274504564768 ], [ 147.283054721098551, 44.658999666701334 ], [ 147.266052411889405, 44.637987440567997 ], [ 147.259545914012733, 44.613002468289324 ], [ 147.250235330895862, 44.60465041408537 ], [ 147.25298625181415, 44.600549251946461 ], [ 147.241280078013233, 44.599336919063603 ], [ 147.240253449736997, 44.594658107985367 ], [ 147.23323418900668, 44.593063801553228 ], [ 147.224518885138536, 44.582921865351864 ], [ 147.21246031109456, 44.577497973153015 ], [ 147.207125383429798, 44.568629891556327 ], [ 147.20159263279379, 44.57290530633486 ], [ 147.191327003838182, 44.572049864909388 ], [ 147.156682749809079, 44.559955414211061 ], [ 147.14571141385079, 44.559366891568857 ], [ 147.108319442288462, 44.568821000189075 ], [ 147.074339689225326, 44.555722999616819 ], [ 147.059246744142001, 44.544572891925498 ], [ 147.060108833356026, 44.539951441405947 ], [ 147.041757470930634, 44.53132217118133 ], [ 147.018645836835958, 44.508125134767226 ], [ 146.987755253202408, 44.458295225444374 ], [ 146.990580804360661, 44.451307252128061 ], [ 146.954576004678984, 44.426343305998842 ], [ 146.945708754955149, 44.424265774945638 ], [ 146.930784578445582, 44.429351135346678 ], [ 146.904959390263684, 44.429181775018947 ], [ 146.871832826723676, 44.439207865051003 ], [ 146.858171776806103, 44.451337919009802 ], [ 146.875185811376127, 44.498056225314599 ], [ 146.884995745757124, 44.509064305773165 ], [ 146.896960660805917, 44.520271747942843 ], [ 146.926848949119744, 44.527122467627805 ], [ 146.952319532820297, 44.549784224862151 ], [ 146.954035382626898, 44.555991585743129 ], [ 146.932005694107602, 44.580120864786124 ], [ 146.930788859218524, 44.590364305668231 ], [ 146.935609532953663, 44.595255640035816 ], [ 146.933296419993894, 44.606357586333615 ], [ 146.948083411220523, 44.631446720789597 ], [ 146.952990363214781, 44.626386170885155 ], [ 146.951266057082989, 44.61745817105782 ], [ 146.956665836659113, 44.610128558786016 ], [ 146.958153605804341, 44.596104278989344 ], [ 146.975890583783439, 44.578890558952196 ], [ 146.993019532825201, 44.575434720635883 ], [ 147.025395524883606, 44.597514054430121 ], [ 147.033547327946849, 44.616366027170443 ], [ 147.030657198271115, 44.625958802256946 ], [ 147.033583528357212, 44.638102080746478 ], [ 147.007436419754981, 44.650974748086185 ], [ 147.0039468613586, 44.655470279130157 ], [ 147.006431894116645, 44.659254198222698 ], [ 147.028013748136004, 44.662275666688743 ], [ 147.038138470414196, 44.657718720942285 ], [ 147.046888170652664, 44.659620081101934 ], [ 147.047914889760364, 44.65414944124376 ], [ 147.060349053066375, 44.655336225286646 ], [ 147.058835422117113, 44.648049532260131 ], [ 147.07104005235658, 44.645154666754536 ], [ 147.073595642325131, 44.637213198030736 ], [ 147.096500946761353, 44.638555721269597 ], [ 147.129767366570832, 44.652291558808429 ], [ 147.163601828761443, 44.682292945862798 ], [ 147.178860220323031, 44.688144532244394 ], [ 147.185937782302858, 44.697152414352502 ], [ 147.199644383781333, 44.736455919205355 ], [ 147.199929637043169, 44.74835361262916 ], [ 147.19487686087848, 44.76088935975622 ], [ 147.189003501910179, 44.765538837647284 ], [ 147.173540052331646, 44.763083945667631 ], [ 147.162382411918884, 44.765876026757269 ], [ 147.160541505086485, 44.769391865142495 ], [ 147.125765226983731, 44.77044561337442 ], [ 147.125305525030058, 44.776497441004153 ], [ 147.113092087729683, 44.779751027188183 ], [ 147.101181505222371, 44.800485135280837 ], [ 147.09992922175627, 44.815759999724264 ], [ 147.107262049104293, 44.822291639947252 ], [ 147.132636744390311, 44.82979313514511 ], [ 147.145379027120498, 44.823661918962443 ], [ 147.154508716104374, 44.824622973171699 ], [ 147.15849413729461, 44.818623531950493 ], [ 147.171277419217631, 44.818030359813292 ], [ 147.193578145415131, 44.797078134648245 ], [ 147.206920609598569, 44.797478054168892 ], [ 147.238585305367565, 44.806460278618999 ], [ 147.245380078228095, 44.810185170709133 ], [ 147.252806083434052, 44.833264865381295 ], [ 147.263505110072856, 44.848717918796979 ], [ 147.265580116729097, 44.868071667373613 ], [ 147.284299104919796, 44.878126333363639 ], [ 147.294354967907452, 44.877315054046562 ], [ 147.297300895120316, 44.883821053698739 ], [ 147.304155135651058, 44.880905802360928 ], [ 147.325461089357873, 44.890136558955078 ], [ 147.332977587945379, 44.888834224619814 ], [ 147.381694162655549, 44.910673252368781 ], [ 147.419059000772336, 44.938196080884495 ], [ 147.428889533225401, 44.949973251664289 ], [ 147.449191284150515, 44.964507973164473 ], [ 147.453784137128309, 44.972245053866175 ], [ 147.472350336798627, 44.983445838354783 ], [ 147.478982606662044, 44.982227999822385 ], [ 147.478781192697966, 44.986264170654977 ], [ 147.488542503433905, 44.990049468408301 ], [ 147.506684721322927, 44.989337108221036 ], [ 147.505530168982204, 44.991802918869666 ], [ 147.510142503074121, 44.992764775274225 ], [ 147.506022944403412, 44.996023531660683 ], [ 147.513541724571041, 44.995181170874389 ], [ 147.517977885970708, 44.998928802322439 ], [ 147.51417581136468, 45.001055639606136 ], [ 147.516432023319339, 45.002782441356658 ], [ 147.51364155561339, 45.007393666584505 ], [ 147.520408144620205, 45.00961446773357 ], [ 147.513700972921583, 45.012812721330079 ], [ 147.515505005751493, 45.020168333002232 ], [ 147.511131555876659, 45.026069667181446 ], [ 147.517030246049103, 45.027800693946915 ], [ 147.516393553919443, 45.034027107864802 ], [ 147.524158028870033, 45.036566108039494 ], [ 147.520439727911139, 45.0432453063259 ], [ 147.524089973573496, 45.047245414344445 ], [ 147.52458858559487, 45.065813613207752 ], [ 147.534730699861939, 45.071254251682433 ], [ 147.529799001222955, 45.074486891756692 ], [ 147.532643061328258, 45.08893794572964 ], [ 147.52689233481351, 45.098860666786379 ], [ 147.495667003729295, 45.109361170781483 ], [ 147.496380803731199, 45.112930332668782 ], [ 147.506218144951504, 45.114483360218969 ], [ 147.504821505008522, 45.117708721180577 ], [ 147.520352723899123, 45.11043983832792 ], [ 147.530276160816243, 45.110793504816456 ], [ 147.536721608215657, 45.105807414280775 ], [ 147.555242166392986, 45.110084053936021 ], [ 147.557486615215225, 45.106259640170322 ], [ 147.565151361646144, 45.106838360202232 ], [ 147.57329941633509, 45.101471360015296 ], [ 147.568917496645213, 45.095164999964823 ], [ 147.58457727632026, 45.084396333424081 ], [ 147.622463165442809, 45.081680135330032 ], [ 147.631259143894454, 45.075301252151121 ], [ 147.650807860094687, 45.078652721446019 ], [ 147.688002139986793, 45.093820640310355 ], [ 147.697553605614416, 45.103818333349466 ], [ 147.693923255653772, 45.110467666949319 ], [ 147.697818948785539, 45.113426747646315 ], [ 147.695387562386145, 45.117830748390361 ], [ 147.698919052572251, 45.123383386634032 ], [ 147.691929053083413, 45.133075613248991 ], [ 147.692878638238653, 45.141835775300819 ], [ 147.700295771632568, 45.144716359572385 ], [ 147.705205939602479, 45.15161697274516 ], [ 147.705301581602725, 45.167570468302529 ], [ 147.728085811211258, 45.175869171125385 ], [ 147.734809882969785, 45.193699864756979 ], [ 147.749595668205643, 45.197386801859466 ], [ 147.766356057086455, 45.195021333068098 ], [ 147.774351218933703, 45.203782107558254 ], [ 147.773320441185433, 45.206705864683954 ], [ 147.800653554118298, 45.208621224589876 ], [ 147.820917976883152, 45.21730069407181 ], [ 147.827487419209092, 45.217141080596434 ], [ 147.84235549870732, 45.207017891662417 ], [ 147.853941362104251, 45.21121305363954 ], [ 147.869279493853583, 45.223637999793937 ], [ 147.872629662728855, 45.228771053941045 ], [ 147.868075057917622, 45.234416333147294 ], [ 147.879847976702877, 45.246786505193086 ], [ 147.881726200004209, 45.255963892419743 ], [ 147.866361854815864, 45.264351198249244 ], [ 147.870396640692434, 45.275445279076393 ], [ 147.867111829147689, 45.282849802176656 ], [ 147.872047859820896, 45.297342639551232 ], [ 147.86062907876908, 45.30739608066466 ], [ 147.862803384968288, 45.311904413557897 ], [ 147.857103217439544, 45.318454586110306 ], [ 147.858781336189736, 45.329249973307697 ], [ 147.852194500975543, 45.345737721019077 ], [ 147.855473087413088, 45.353880774578158 ], [ 147.848901387788828, 45.365771559410007 ], [ 147.871860467186821, 45.395849558810141 ], [ 147.871526278215242, 45.400946586116106 ], [ 147.903752283141444, 45.429875612569504 ], [ 147.925207055761121, 45.438035053574936 ], [ 147.949367588043856, 45.42352769394796 ], [ 147.96472688713618, 45.420236197742383 ], [ 147.961720336624353, 45.415759279067515 ], [ 147.963660725562136, 45.400967170698436 ], [ 147.967186252343708, 45.398682360302757 ], [ 147.966207173022667, 45.39395938711607 ], [ 147.97553530461073, 45.388446026762779 ], [ 147.969135084116942, 45.38315833329051 ], [ 147.978317327682589, 45.36045561283629 ], [ 147.989745498555976, 45.345067973408277 ], [ 147.997773748259988, 45.343145640159207 ], [ 148.00479783385299, 45.33523661267958 ], [ 147.995095304604661, 45.330241054081455 ], [ 148.006353306659889, 45.310784891609501 ], [ 148.003945888092289, 45.301138441386001 ], [ 148.008591479113534, 45.290549505255512 ], [ 148.017586550379065, 45.289659748398719 ], [ 148.020987367273278, 45.283339919201978 ], [ 148.016902192382304, 45.279362748392202 ], [ 148.02596136192733, 45.281332639589721 ], [ 148.027369195731808, 45.272957721022067 ], [ 148.036304747166469, 45.267313919401886 ], [ 148.069976939284402, 45.259443586152656 ], [ 148.125417690973677, 45.256462892048887 ], [ 148.240684838134825, 45.266966026560908 ], [ 148.332023165137002, 45.286326306014246 ], [ 148.342616641045197, 45.291003775304034 ], [ 148.341993256183855, 45.297729802188655 ], [ 148.351352528596408, 45.302036586219515 ], [ 148.352267782132458, 45.308042775054105 ], [ 148.383318144716668, 45.31995246813193 ], [ 148.393183891023796, 45.320485080821868 ], [ 148.407847756069145, 45.330711919319697 ], [ 148.418101114674755, 45.327215197823193 ], [ 148.416474721331383, 45.336232440974413 ], [ 148.424323721762448, 45.345786775439365 ], [ 148.429485005628521, 45.344856441171885 ], [ 148.443840921221636, 45.352445747972922 ], [ 148.448206589262782, 45.35947855878851 ], [ 148.45998710821857, 45.360057224861066 ], [ 148.453460532077997, 45.368652305559522 ], [ 148.460312088132468, 45.376630838042786 ], [ 148.469382944367453, 45.374950532141384 ], [ 148.478648637824449, 45.383554838085388 ], [ 148.479603411168569, 45.388996505384455 ], [ 148.470318520783167, 45.39993705395193 ], [ 148.480693722237561, 45.409515027096859 ], [ 148.486280467269808, 45.420634000258985 ], [ 148.497163605815786, 45.422158171262652 ], [ 148.511086303590105, 45.431100386673563 ], [ 148.520454162729493, 45.447232585615382 ], [ 148.53679841821247, 45.449324891630511 ], [ 148.538736278256692, 45.452710467713985 ], [ 148.54512457823671, 45.451225919041008 ], [ 148.549159921693104, 45.458004666881948 ], [ 148.556760505992656, 45.457855359637165 ], [ 148.558347664613052, 45.466312279288331 ], [ 148.567073138914338, 45.471025108122319 ], [ 148.571905447178665, 45.484941945914102 ], [ 148.575759947763459, 45.484518135003952 ], [ 148.578338002796613, 45.489572279037475 ], [ 148.606633527915051, 45.491305667422694 ], [ 148.61457824858735, 45.498271081245434 ], [ 148.627799001223025, 45.500227774891925 ], [ 148.639149532724787, 45.508866613003818 ], [ 148.64155338458113, 45.518171613129482 ], [ 148.639127886043184, 45.523479467603408 ], [ 148.654154747143934, 45.538549918843728 ], [ 148.67256761330475, 45.536799946060739 ], [ 148.716881387865783, 45.542673721415156 ], [ 148.7447782489171, 45.549970171186487 ], [ 148.752622360633495, 45.556965305804283 ], [ 148.752634968229245, 45.556933198208583 ] ] ] ] } },
{ "type": "Feature", "properties": { "code": "014020", "name": "釧路地方", "PrefCode": "01", "regioncode": "014020" }, "geometry": { "type": "MultiPolygon", "coordinates": [ [ [ [ 144.874475279010994, 42.961135559058846 ], [ 144.879759727729265, 42.955963612830544 ], [ 144.864305551060397, 42.946022505134579 ], [ 144.873051115316798, 42.965000838018341 ], [ 144.874283890689071, 42.961259170874087 ], [ 144.874475279010994, 42.961135559058846 ] ] ], [ [ [ 144.880131115358722, 42.975574721296425 ], [ 144.879674721111542, 42.973318612763819 ], [ 144.880103891081717, 42.975663891775241 ], [ 144.880131115358722, 42.975574721296425 ] ] ], [ [ [ 144.349641101555676, 42.978132865339489 ], [ 144.353016341730836, 42.977037341799928 ], [ 144.34958652439866, 42.978045595128151 ], [ 144.349641101555676, 42.978132865339489 ] ] ], [ [ [ 144.308013528201855, 42.980270414448114 ], [ 144.296760531773202, 42.980246586011162 ], [ 144.300000000399791, 42.980301585849588 ], [ 144.308013528201855, 42.980270414448114 ] ] ], [ [ [ 144.359671698989814, 42.985811305747234 ], [ 144.358553891149199, 42.977449135069605 ], [ 144.359689105368034, 42.985815531661501 ], [ 144.359671698989814, 42.985811305747234 ] ] ], [ [ [ 144.315140609551577, 42.989644612908592 ], [ 144.311597756431411, 42.988560694220723 ], [ 144.318341607879006, 42.990739945791915 ], [ 144.315423994921503, 42.989742387201488 ], [ 144.315140609551577, 42.989644612908592 ] ] ], [ [ [ 144.326472892010429, 42.990503080552799 ], [ 144.340380078278031, 42.989821720895748 ], [ 144.318340025971452, 42.990743080828565 ], [ 144.325000000349746, 42.990578468021909 ], [ 144.326472892010429, 42.990503080552799 ] ] ], [ [ [ 144.830344941865633, 43.035335504929662 ], [ 144.830104162776934, 43.040793919403882 ], [ 144.830320947054133, 43.036110000176393 ], [ 144.830344941865633, 43.035335504929662 ] ] ], [ [ [ 144.836478858712439, 43.041290026813328 ], [ 144.839279637145637, 43.043602837600929 ], [ 144.836935940041712, 43.041666667382856 ], [ 144.836478858712439, 43.041290026813328 ] ] ], [ [ [ 145.109522217576341, 43.053378613032635 ], [ 145.116763606355448, 43.051974999746506 ], [ 145.095307223949249, 43.0457094410379 ], [ 145.096540271816139, 43.053069170705726 ], [ 145.109479169727933, 43.053390279038183 ], [ 145.109522217576341, 43.053378613032635 ] ] ], [ [ [ 145.133333332667235, 43.084388134704682 ], [ 145.12397900113001, 43.083987946286754 ], [ 145.133338171019886, 43.084388640123677 ], [ 145.133333332667235, 43.084388134704682 ] ] ], [ [ [ 144.333790557688189, 43.704297225136884 ], [ 144.365352218130397, 43.700399720770577 ], [ 144.379022218100999, 43.688686107777698 ], [ 144.39043221817235, 43.68773861264691 ], [ 144.404389170224135, 43.690868613096086 ], [ 144.410876393830563, 43.696191945801729 ], [ 144.413471387594541, 43.693849720887954 ], [ 144.439918611654662, 43.698140279350469 ], [ 144.455376108620612, 43.690567774583201 ], [ 144.458558612390107, 43.692846946229622 ], [ 144.464813060874121, 43.685641945819214 ], [ 144.474674163082227, 43.686389170923576 ], [ 144.481682503344928, 43.67823638669995 ], [ 144.486394163060254, 43.660051666851018 ], [ 144.505797781742331, 43.654755838111498 ], [ 144.510271388214051, 43.656463891695296 ], [ 144.514942776288194, 43.652810838349581 ], [ 144.520918884598927, 43.638538612766808 ], [ 144.51854167335955, 43.630128054066518 ], [ 144.530256939306355, 43.611619440684706 ], [ 144.5397952793287, 43.60777138733971 ], [ 144.548473890857395, 43.612877504992923 ], [ 144.563905278705761, 43.607555559041884 ], [ 144.572110829751068, 43.598608613196973 ], [ 144.579269728215422, 43.576601666733609 ], [ 144.590495279133847, 43.577229720874982 ], [ 144.6138188852334, 43.57082500017367 ], [ 144.668723605909804, 43.547072225003262 ], [ 144.745313891323121, 43.486070000130439 ], [ 144.679006393929967, 43.441991945971608 ], [ 144.652380829811477, 43.446685558991419 ], [ 144.641621672702058, 43.436651667340641 ], [ 144.646668612266694, 43.42768805436026 ], [ 144.638403891226631, 43.426206108325289 ], [ 144.638498053842227, 43.418722224551061 ], [ 144.645489727868721, 43.412832774912658 ], [ 144.644281945555463, 43.407393333435664 ], [ 144.65624221830376, 43.395418891868417 ], [ 144.663885550977511, 43.380882504823774 ], [ 144.663097496652199, 43.368800837988317 ], [ 144.668711672805557, 43.363330279069203 ], [ 144.669786394126845, 43.351478891737543 ], [ 144.674969441586541, 43.351618053730249 ], [ 144.680443333393214, 43.343611386856082 ], [ 144.688156394102407, 43.339890837592122 ], [ 144.695944163292552, 43.344679170807126 ], [ 144.702378885377357, 43.341523332835607 ], [ 144.722059169694944, 43.325718333334464 ], [ 144.727469441661469, 43.316169440667181 ], [ 144.737923061300307, 43.317519171072945 ], [ 144.757923060900566, 43.308026666797275 ], [ 144.765849170103138, 43.309313333143848 ], [ 144.768185278727742, 43.304475279110875 ], [ 144.813733605721382, 43.3000658383678 ], [ 144.817978054143964, 43.295740837669598 ], [ 144.828722217756194, 43.297402505121568 ], [ 144.829237781998131, 43.293405559119321 ], [ 144.840718885168485, 43.292203054027766 ], [ 144.852520271993058, 43.279973053913352 ], [ 144.862155005848876, 43.277057504899972 ], [ 144.871218885143549, 43.281916108441692 ], [ 144.878918611604718, 43.278703332592784 ], [ 144.878778053864153, 43.275391386703177 ], [ 144.910520829672578, 43.257384999717999 ], [ 144.916481946284875, 43.244444170961799 ], [ 144.947096393983429, 43.248457775106317 ], [ 144.962595278649246, 43.237623892428758 ], [ 144.985437497442604, 43.234073892396282 ], [ 144.995982502590437, 43.224522774806246 ], [ 145.015832218282299, 43.21532666729189 ], [ 145.035876666874742, 43.219998891735543 ], [ 145.034780271892146, 43.224633612651132 ], [ 145.041534720950722, 43.227596946242102 ], [ 145.048444162767964, 43.237262505260446 ], [ 145.051259441869774, 43.234074440982738 ], [ 145.06522972816947, 43.24413417105518 ], [ 145.081754721303355, 43.23769805412195 ], [ 145.089783605928687, 43.240115278897065 ], [ 145.091611945634895, 43.236316386991746 ], [ 145.098850829802018, 43.238341946223898 ], [ 145.110436108639533, 43.234475559299653 ], [ 145.122992218216382, 43.238607775028868 ], [ 145.124540000021057, 43.233324170773926 ], [ 145.136776939304355, 43.23601972133315 ], [ 145.13584055799538, 43.240158333040711 ], [ 145.141612775609133, 43.246562224567072 ], [ 145.152731388143138, 43.244064441221042 ], [ 145.157026393753085, 43.250326107663795 ], [ 145.154365836714078, 43.252976666939674 ], [ 145.160242218303779, 43.253328333335958 ], [ 145.162257223991787, 43.257980278966727 ], [ 145.175624449209067, 43.257971387369707 ], [ 145.177712775724103, 43.260929720730076 ], [ 145.185144449356926, 43.256576108100944 ], [ 145.195602217568307, 43.25765944133019 ], [ 145.225497497211791, 43.206023332710686 ], [ 145.246446667379814, 43.221386667061097 ], [ 145.264724720669392, 43.224045278866583 ], [ 145.267687781765744, 43.227289720744068 ], [ 145.283926393888009, 43.211396387133618 ], [ 145.313801672609202, 43.202692224966256 ], [ 145.316953060735273, 43.186889721083787 ], [ 145.32597888521741, 43.172918054324782 ], [ 145.317017782244875, 43.16676750541609 ], [ 145.297085006068187, 43.172656386682945 ], [ 145.284098884755736, 43.170153891788743 ], [ 145.245962502967245, 43.157606946303588 ], [ 145.21563861183256, 43.138467775067795 ], [ 145.191741387555112, 43.13741638665698 ], [ 145.18342027182814, 43.13962944104594 ], [ 145.177177224049728, 43.148560279133619 ], [ 145.169456056851573, 43.146636306420476 ], [ 145.169216938810791, 43.150298054411735 ], [ 145.146555837182177, 43.145030000334316 ], [ 145.131531114669315, 43.133458053946072 ], [ 145.123626394042958, 43.133216945705556 ], [ 145.116824501249766, 43.125364946035461 ], [ 145.118304941819702, 43.120179440728634 ], [ 145.117462944359431, 43.125010026791358 ], [ 145.117814746553336, 43.12157544125364 ], [ 145.112808340332663, 43.119418613378343 ], [ 145.110451945700788, 43.110230838082771 ], [ 145.110183891073802, 43.098556946346037 ], [ 145.11553360629091, 43.084277775299142 ], [ 145.12297364541746, 43.084106747628368 ], [ 145.116875939772854, 43.08208269386131 ], [ 145.130365446708083, 43.08150772130432 ], [ 145.134291244645283, 43.084960775319587 ], [ 145.137889442044184, 43.080607224743687 ], [ 145.159930272264319, 43.084687775320617 ], [ 145.172648339849047, 43.076034171240053 ], [ 145.156710829741087, 43.077721386632732 ], [ 145.150147497409193, 43.074742775358857 ], [ 145.150671672659655, 43.070136107895109 ], [ 145.124960272098974, 43.067377774764566 ], [ 145.129512671772432, 43.07173438663267 ], [ 145.122290829758072, 43.07808889188891 ], [ 145.11391705602739, 43.07333338662653 ], [ 145.118320751901251, 43.078917279009261 ], [ 145.114099195721337, 43.07849619844086 ], [ 145.113530000409241, 43.074668531827342 ], [ 145.113456109412027, 43.079059171343715 ], [ 145.098561388397457, 43.07706000001906 ], [ 145.087065279139438, 43.065648613192991 ], [ 145.089307496743686, 43.057880837730522 ], [ 145.084543384969265, 43.054065505318874 ], [ 145.089719637151575, 43.050835892362613 ], [ 145.084534163320996, 43.053995279058938 ], [ 145.088147665382508, 43.051399504683445 ], [ 145.085863891005829, 43.044926108153447 ], [ 145.060144721201937, 43.039897225176844 ], [ 145.050070830404593, 43.030743053948811 ], [ 145.030984720968149, 43.029245838324812 ], [ 145.029776393665657, 43.022898333391424 ], [ 145.02354277617826, 43.019945279051456 ], [ 145.025544163432414, 43.013295279053921 ], [ 145.030461945962088, 43.010840837634589 ], [ 145.024848611574271, 42.999953332880068 ], [ 145.0014919463963, 42.991016107807184 ], [ 144.993965550769644, 42.993591386633227 ], [ 144.973491388117168, 42.981194720559984 ], [ 144.96058972843332, 42.980090837821933 ], [ 144.955329727784829, 42.985376107621335 ], [ 144.946994721129499, 42.983101946097975 ], [ 144.928896667147569, 42.990484441204046 ], [ 144.922655006123705, 42.980821667386067 ], [ 144.918989999888595, 42.985954440944738 ], [ 144.908638339987419, 42.985843612992426 ], [ 144.903242776433103, 42.989666945772967 ], [ 144.877161387587989, 42.985626945627075 ], [ 144.87471861217432, 42.992816666555996 ], [ 144.867739364080421, 42.995106017628643 ], [ 144.871508261796862, 42.995524296808924 ], [ 144.854154162984287, 43.00141861267889 ], [ 144.859169727900735, 43.005332775187469 ], [ 144.853760583684107, 43.012229559046943 ], [ 144.843075357142084, 43.015675252111237 ], [ 144.832300558124302, 43.014222134743761 ], [ 144.838415188110503, 43.02420425242434 ], [ 144.830977444953191, 43.035634667106251 ], [ 144.835325615784654, 43.036815666709686 ], [ 144.836093527993967, 43.033866640433189 ], [ 144.841258715817162, 43.038139305984259 ], [ 144.837506913313518, 43.041808171210164 ], [ 144.842566834591821, 43.039208586407199 ], [ 144.846476640784431, 43.042434774745118 ], [ 144.841488910784619, 43.043761675860708 ], [ 144.843615837101311, 43.045566413759047 ], [ 144.851857108318995, 43.045364667045817 ], [ 144.854316744222388, 43.048733666825342 ], [ 144.818844500573277, 43.05909858633072 ], [ 144.781610505720323, 43.054178999761064 ], [ 144.783695109941391, 43.052038413641924 ], [ 144.777494720604977, 43.051473332728165 ], [ 144.74521055832065, 43.023190837886887 ], [ 144.726237497262787, 42.994526667172011 ], [ 144.72192055808739, 42.979737504981927 ], [ 144.724504227588113, 42.973726440922576 ], [ 144.726459053342751, 42.975788721272522 ], [ 144.728056808674864, 42.971401504575852 ], [ 144.740307224299045, 42.966248613182984 ], [ 144.747776109180109, 42.955563613270215 ], [ 144.756327223822382, 42.954263054196645 ], [ 144.785162503147035, 42.938139441082399 ], [ 144.781389727553915, 42.934093892119506 ], [ 144.716457677579797, 42.932940233704869 ], [ 144.719608366033299, 42.93504550524591 ], [ 144.674962775811537, 42.938901387189333 ], [ 144.664491673352131, 42.945122504999631 ], [ 144.64031778164042, 42.945771107750488 ], [ 144.629852775685094, 42.951274721251423 ], [ 144.583827496841536, 42.948202225252544 ], [ 144.571539441891787, 42.950447505048373 ], [ 144.551451387871339, 42.946765278594796 ], [ 144.528473994679189, 42.951172613125664 ], [ 144.485612139588625, 42.93938538702605 ], [ 144.461212580995834, 42.944899278878665 ], [ 144.447196226025085, 42.943837225407663 ], [ 144.439487497350228, 42.95205122468434 ], [ 144.422977977052028, 42.952457532089511 ], [ 144.398501192775939, 42.96017019799632 ], [ 144.39375394328988, 42.965550892160024 ], [ 144.386878885252372, 42.965794360221594 ], [ 144.393880271957073, 42.966112386577436 ], [ 144.388079493673786, 42.966468748334137 ], [ 144.389554863865897, 42.969103504723023 ], [ 144.37456841829794, 42.967470999587022 ], [ 144.362143865147345, 42.970749837834774 ], [ 144.357513165100499, 42.975589134730853 ], [ 144.361617107943289, 42.97134561260998 ], [ 144.370852996068948, 42.974750107731325 ], [ 144.368920584117745, 42.976841332761353 ], [ 144.37283805433276, 42.975757279175127 ], [ 144.369944643030863, 42.977381134631685 ], [ 144.371729221726241, 42.985627720842672 ], [ 144.36744525259644, 42.984487640392331 ], [ 144.365718197237129, 42.990327639908685 ], [ 144.361709169742426, 42.986958414399339 ], [ 144.360098754653905, 42.992253108194461 ], [ 144.363784501053942, 42.993552332674085 ], [ 144.357066005092179, 42.99352317125738 ], [ 144.35997077842876, 42.989319080810958 ], [ 144.357515810905966, 42.997513413713136 ], [ 144.341691361766948, 42.990227774692073 ], [ 144.35333014307173, 42.996824532126482 ], [ 144.340587056347658, 42.993887224915568 ], [ 144.337423773788146, 42.994517171230541 ], [ 144.340241997270368, 42.999200972646804 ], [ 144.334587859741987, 42.995671585974947 ], [ 144.328782217925095, 42.996408531828308 ], [ 144.331179079351045, 43.000366279080595 ], [ 144.328688340394706, 43.000686170630331 ], [ 144.322657029898096, 42.997202197923173 ], [ 144.323735693847311, 43.0013177483155 ], [ 144.32008011700384, 43.001614413974096 ], [ 144.314228741962893, 42.994463062620298 ], [ 144.313772477218095, 43.004032081215655 ], [ 144.286948689930114, 43.00429677507617 ], [ 144.180242581430093, 42.987512540671275 ], [ 144.126385720224903, 42.969892071661832 ], [ 144.086939558613835, 42.949940918738434 ], [ 144.084343113344062, 42.951188576991285 ], [ 144.088616329280285, 42.952533523003751 ], [ 144.081973034627936, 42.952953838249073 ], [ 144.0836814398466, 42.950509098715997 ], [ 144.08025486367103, 42.953331297201657 ], [ 144.050676978160027, 42.942366234014514 ], [ 143.928788885398831, 42.880227224706687 ], [ 143.869346109235607, 42.842252505049146 ], [ 143.86248778218544, 42.844066387254031 ], [ 143.859250272282338, 42.852348612698393 ], [ 143.849895278844087, 42.85154722502449 ], [ 143.840348340403693, 42.861171945828687 ], [ 143.835057496606282, 42.860804999950858 ], [ 143.838320272063015, 42.863480558580989 ], [ 143.820211672630649, 42.875283612748603 ], [ 143.807424162994835, 42.878695279063948 ], [ 143.79471416322815, 42.887361387318208 ], [ 143.789508885426812, 42.88579361268512 ], [ 143.78730055787446, 42.892692775251419 ], [ 143.777184720898163, 42.89615610761831 ], [ 143.783743061093446, 42.90202777496188 ], [ 143.771792502821768, 42.911978892112245 ], [ 143.771123891054799, 42.92233389209548 ], [ 143.764311673145244, 42.930207505172291 ], [ 143.768365550729641, 42.936042775154021 ], [ 143.761444163217675, 42.938018612668884 ], [ 143.766424721124054, 42.948715278587315 ], [ 143.76638250334986, 42.960552224605522 ], [ 143.750245278996545, 42.970987775065794 ], [ 143.749479169927781, 42.979960278743931 ], [ 143.733682502645479, 42.991542224693944 ], [ 143.724476667164481, 42.995921666751599 ], [ 143.712554449228492, 42.990932225341965 ], [ 143.711286394351646, 42.99779583770777 ], [ 143.704255837237156, 43.001795559017864 ], [ 143.702830829978893, 43.006901945568359 ], [ 143.706109441597505, 43.008521666841489 ], [ 143.703625005989352, 43.011703613031386 ], [ 143.710485279172417, 43.042969721175723 ], [ 143.724632775981945, 43.056490838381535 ], [ 143.740095006079741, 43.05896500013472 ], [ 143.743797496956972, 43.063585838215886 ], [ 143.742741945584385, 43.073299721405078 ], [ 143.750392775905993, 43.075940279320491 ], [ 143.756332217957606, 43.08364805381467 ], [ 143.752052776014921, 43.094506945738999 ], [ 143.756069442350963, 43.097508053553895 ], [ 143.754220271648251, 43.103409721381581 ], [ 143.759186938626385, 43.106394440850806 ], [ 143.7538250061192, 43.111215279161854 ], [ 143.75296277571158, 43.118383613313142 ], [ 143.760355005978795, 43.128120000237857 ], [ 143.768073333117854, 43.131942775438802 ], [ 143.774976666739803, 43.150629720785048 ], [ 143.767309727761813, 43.159000559128572 ], [ 143.767769169811459, 43.163051108322065 ], [ 143.77270610879998, 43.167894441375438 ], [ 143.782291388037152, 43.168106666989161 ], [ 143.783366939432767, 43.172561667387072 ], [ 143.775571388408935, 43.175305837994074 ], [ 143.78022861216084, 43.183706387240022 ], [ 143.776991673327075, 43.186560838112257 ], [ 143.78992416266999, 43.193121387042424 ], [ 143.793905278805596, 43.206336386714952 ], [ 143.797269999610876, 43.207582505328389 ], [ 143.789379169912877, 43.220549721092823 ], [ 143.793672502783807, 43.229856107973035 ], [ 143.79991917033351, 43.231335278700215 ], [ 143.802681672721064, 43.241313333243795 ], [ 143.800467496877559, 43.247588333035196 ], [ 143.811430558173811, 43.246924720599452 ], [ 143.81526027164432, 43.256608613196988 ], [ 143.827287782205417, 43.262256666811766 ], [ 143.826563605825868, 43.268018892058251 ], [ 143.821891946156484, 43.270698333061659 ], [ 143.826786667370811, 43.279103612741608 ], [ 143.821486939170995, 43.28803750492699 ], [ 143.830617224405501, 43.293731945572858 ], [ 143.833064162780943, 43.287878892397032 ], [ 143.844980271622262, 43.284101107580113 ], [ 143.865854720718858, 43.305302505206498 ], [ 143.88046583692892, 43.306331945662805 ], [ 143.890376667149553, 43.315927225361236 ], [ 143.895840271611291, 43.314051108272054 ], [ 143.896087223646532, 43.324506387160113 ], [ 143.906445551121351, 43.328925000088759 ], [ 143.910148884663386, 43.334938054347788 ], [ 143.91775111472225, 43.333703613431055 ], [ 143.921708885356793, 43.340557774821491 ], [ 143.93263194570784, 43.337182225279548 ], [ 143.932356109247053, 43.34086527910938 ], [ 143.95146610917368, 43.350567775082823 ], [ 143.952553061274784, 43.358229721024884 ], [ 143.96061027184669, 43.356397224652255 ], [ 143.96639639387854, 43.361847225069425 ], [ 143.971352217730782, 43.360489171438189 ], [ 144.008115836576621, 43.375226108198376 ], [ 144.010255006263606, 43.381554721073599 ], [ 144.004144720902218, 43.387022224995746 ], [ 144.015477223695029, 43.385336667053593 ], [ 144.02712138834147, 43.392006667074099 ], [ 144.022194721409278, 43.395957504835053 ], [ 144.029765836724096, 43.420808333337959 ], [ 144.026414720862704, 43.428351108317031 ], [ 144.015415550887042, 43.427622224885795 ], [ 144.003827496741678, 43.435625837662315 ], [ 144.000410830195733, 43.443731667382622 ], [ 144.005103060957595, 43.449843054413464 ], [ 143.998821388196575, 43.464945559290186 ], [ 144.028311114966073, 43.461332225401918 ], [ 144.039997497386707, 43.46413944118234 ], [ 144.045126667361842, 43.470248332594508 ], [ 144.071535005636065, 43.474607225143359 ], [ 144.072415031828314, 43.482830080943529 ], [ 144.078119728342813, 43.490571946038528 ], [ 144.073146108706055, 43.493707224608784 ], [ 144.071424720874234, 43.501826107988563 ], [ 144.082301115404221, 43.515069440802108 ], [ 144.095431114754206, 43.51655027887233 ], [ 144.122642217564362, 43.511793054106192 ], [ 144.132498054241864, 43.516974999896377 ], [ 144.134247782409261, 43.526528891894884 ], [ 144.14243194577773, 43.531171945928634 ], [ 144.163839441936716, 43.525306107990559 ], [ 144.180439999706323, 43.51025277534535 ], [ 144.197139728415777, 43.525317774895427 ], [ 144.219862217767172, 43.517298333151587 ], [ 144.232178339658731, 43.529745559110324 ], [ 144.2354347209357, 43.544968054232356 ], [ 144.232317497154781, 43.55438638692226 ], [ 144.235134163011253, 43.56062027870297 ], [ 144.227148339724181, 43.564299720855502 ], [ 144.226106666689361, 43.570822504554997 ], [ 144.229390272243336, 43.573173891761769 ], [ 144.222620829687571, 43.578881666655661 ], [ 144.216781672835964, 43.594900559113569 ], [ 144.223275006436438, 43.604982225449419 ], [ 144.227259727954106, 43.629458613124541 ], [ 144.243062775926433, 43.639885837661325 ], [ 144.248352776159777, 43.648746107746717 ], [ 144.269386666961168, 43.661956108087963 ], [ 144.270870558229717, 43.666458053996053 ], [ 144.278221114812709, 43.667276107906105 ], [ 144.27298389129362, 43.675641107850879 ], [ 144.278081673130828, 43.684552775090538 ], [ 144.300282502635469, 43.689651666691134 ], [ 144.323411672610632, 43.703320279007698 ], [ 144.333673061262857, 43.704391946231397 ], [ 144.333790557688189, 43.704297225136884 ] ] ] ] } },
{ "type": "Feature", "properties": { "code": "014030", "name": "十勝地方", "PrefCode": "01", "regioncode": "014030" }, "geometry": { "type": "Polygon", "coordinates": [ [ [ 143.728354720993593, 43.637090278893311 ], [ 143.736031946417256, 43.63788917094854 ], [ 143.740241946308856, 43.619294171388958 ], [ 143.745270000110509, 43.617362504975688 ], [ 143.762642217564348, 43.616719171352713 ], [ 143.76785639415732, 43.622945278601776 ], [ 143.774571673244168, 43.622937225172848 ], [ 143.775871672939388, 43.614120558716877 ], [ 143.78853500598575, 43.605608891936868 ], [ 143.786960272398687, 43.599984441029164 ], [ 143.791220271898055, 43.598143613337129 ], [ 143.790814163243112, 43.591640558964684 ], [ 143.799557223786906, 43.589631666868002 ], [ 143.804565550959524, 43.583259721059335 ], [ 143.81999194577179, 43.579749999862656 ], [ 143.824607781823715, 43.566046108041519 ], [ 143.836962218431722, 43.549669720681095 ], [ 143.852730557968925, 43.542898612580984 ], [ 143.870352217680761, 43.529128613394846 ], [ 143.873978884917619, 43.530335559338653 ], [ 143.877124720629467, 43.522919720968389 ], [ 143.88472333271568, 43.521993054136203 ], [ 143.897566109288618, 43.531372224948257 ], [ 143.928112218404181, 43.519315559265692 ], [ 143.930803606001632, 43.511772224908327 ], [ 143.928431672883448, 43.503972775323348 ], [ 143.943630558103791, 43.501174441247542 ], [ 143.940242218403682, 43.489935000300079 ], [ 143.957717497264753, 43.482710278656498 ], [ 143.95923444941036, 43.47961527892204 ], [ 143.95550805365383, 43.475051946190433 ], [ 143.998821388196575, 43.464945559290186 ], [ 144.005103060957595, 43.449843054413464 ], [ 144.000410830195733, 43.443731667382622 ], [ 144.003827496741678, 43.435625837662315 ], [ 144.015415550887042, 43.427622224885795 ], [ 144.026414720862704, 43.428351108317031 ], [ 144.029622776170299, 43.421703612931424 ], [ 144.029237781798201, 43.411341108105717 ], [ 144.022194721409278, 43.395957504835053 ], [ 144.02712138834147, 43.392006667074099 ], [ 144.015477223695029, 43.385336667053593 ], [ 144.004144720902218, 43.387022224995746 ], [ 144.010255006263606, 43.381554721073599 ], [ 144.006763061066522, 43.374107505357131 ], [ 143.976465836629131, 43.364943892146982 ], [ 143.971352217730782, 43.360489171438189 ], [ 143.96639639387854, 43.361847225069425 ], [ 143.960565006270144, 43.356383613413072 ], [ 143.952553061274784, 43.358229721024884 ], [ 143.95146610917368, 43.350567775082823 ], [ 143.932356109247053, 43.34086527910938 ], [ 143.93263194570784, 43.337182225279548 ], [ 143.921708885356793, 43.340557774821491 ], [ 143.91775111472225, 43.333703613431055 ], [ 143.910148884663386, 43.334938054347788 ], [ 143.906445551121351, 43.328925000088759 ], [ 143.896087223646532, 43.324506387160113 ], [ 143.895840271611291, 43.314051108272054 ], [ 143.890376667149553, 43.315927225361236 ], [ 143.88046583692892, 43.306331945662805 ], [ 143.865854720718858, 43.305302505206498 ], [ 143.844980271622262, 43.284101107580113 ], [ 143.833064162780943, 43.287878892397032 ], [ 143.830617224405501, 43.293731945572858 ], [ 143.822073060623325, 43.28879750490097 ], [ 143.826789170184156, 43.278965558713594 ], [ 143.825985006303085, 43.274195279388664 ], [ 143.821506394204789, 43.272656387382426 ], [ 143.827287782205417, 43.262256666811766 ], [ 143.81526027164432, 43.256608613196988 ], [ 143.811430558173811, 43.246924720599452 ], [ 143.800467496877559, 43.247588333035196 ], [ 143.802681672721064, 43.241313333243795 ], [ 143.79991917033351, 43.231335278700215 ], [ 143.793672502783807, 43.229856107973035 ], [ 143.789379169912877, 43.220549721092823 ], [ 143.797269999610876, 43.207582505328389 ], [ 143.793905278805596, 43.206336386714952 ], [ 143.78992416266999, 43.193121387042424 ], [ 143.776991673327075, 43.186560838112257 ], [ 143.78022861216084, 43.183706387240022 ], [ 143.775571388408935, 43.175305837994074 ], [ 143.783366939432767, 43.172561667387072 ], [ 143.782291388037152, 43.168106666989161 ], [ 143.77270610879998, 43.167894441375438 ], [ 143.767769169811459, 43.163051108322065 ], [ 143.767309727761813, 43.159000559128572 ], [ 143.774976666739803, 43.150629720785048 ], [ 143.768073333117854, 43.131942775438802 ], [ 143.760355005978795, 43.128120000237857 ], [ 143.75296277571158, 43.118383613313142 ], [ 143.7538250061192, 43.111215279161854 ], [ 143.759186938626385, 43.106394440850806 ], [ 143.754220271648251, 43.103409721381581 ], [ 143.756069442350963, 43.097508053553895 ], [ 143.752052776014921, 43.094506945738999 ], [ 143.756332217957606, 43.08364805381467 ], [ 143.750392775905993, 43.075940279320491 ], [ 143.742741945584385, 43.073299721405078 ], [ 143.743797496956972, 43.063585838215886 ], [ 143.740095006079741, 43.05896500013472 ], [ 143.724632775981945, 43.056490838381535 ], [ 143.710478884992654, 43.042955558652181 ], [ 143.703116394406152, 43.003484171057721 ], [ 143.711286394351646, 42.99779583770777 ], [ 143.712554449228492, 42.990932225341965 ], [ 143.724476667164481, 42.995921666751599 ], [ 143.733859728443804, 42.991432775402302 ], [ 143.749479169927781, 42.979960278743931 ], [ 143.750245278996545, 42.970987775065794 ], [ 143.766452776374649, 42.960450837736005 ], [ 143.766424721124054, 42.948715278587315 ], [ 143.761420830307088, 42.938117774615648 ], [ 143.768365550729641, 42.936042775154021 ], [ 143.764311673145244, 42.930207505172291 ], [ 143.771123891054799, 42.92233389209548 ], [ 143.771792502821768, 42.911978892112245 ], [ 143.783743061093446, 42.90202777496188 ], [ 143.777184720898163, 42.89615610761831 ], [ 143.78730055787446, 42.892692775251419 ], [ 143.789508885426812, 42.88579361268512 ], [ 143.79471416322815, 42.887361387318208 ], [ 143.807424162994835, 42.878695279063948 ], [ 143.820211672630649, 42.875283612748603 ], [ 143.838320272063015, 42.863480558580989 ], [ 143.835057496606282, 42.860804999950858 ], [ 143.840348340403693, 42.861171945828687 ], [ 143.849895278844087, 42.85154722502449 ], [ 143.859250272282338, 42.852348612698393 ], [ 143.86248778218544, 42.844066387254031 ], [ 143.869346109235607, 42.842252505049146 ], [ 143.821486939170995, 42.807252505298948 ], [ 143.8248850841793, 42.800072972789508 ], [ 143.819757782096076, 42.8068300002044 ], [ 143.818337197703613, 42.803394640350405 ], [ 143.823504357740035, 42.799271801852228 ], [ 143.818564772945933, 42.80312453167187 ], [ 143.810653332585275, 42.798638892271128 ], [ 143.649493606045098, 42.682696946007297 ], [ 143.641714916410365, 42.675717305809087 ], [ 143.64723756226374, 42.669934459108049 ], [ 143.646789805105527, 42.665034108137661 ], [ 143.647132361369472, 42.66984207175426 ], [ 143.641516964836114, 42.675775251826451 ], [ 143.636716342385398, 42.672622135203426 ], [ 143.643352762619998, 42.667765585713255 ], [ 143.634445550621763, 42.671711666959936 ], [ 143.600580829841533, 42.644105000045784 ], [ 143.522203890996821, 42.571588612924188 ], [ 143.44409306064631, 42.489481108166672 ], [ 143.43398557657315, 42.474069467631864 ], [ 143.431926666882191, 42.476825000273607 ], [ 143.43359416284045, 42.471550332581842 ], [ 143.395046109190616, 42.425188054385274 ], [ 143.395419689367259, 42.420530505078773 ], [ 143.391738144599799, 42.418858838064978 ], [ 143.39666522701873, 42.4208008916479 ], [ 143.389510558065922, 42.416490558892235 ], [ 143.362569727610889, 42.376498613120532 ], [ 143.352075551245775, 42.353256386672967 ], [ 143.326506614988375, 42.313416892175894 ], [ 143.32514608282554, 42.308033532421632 ], [ 143.340135253339326, 42.300865639837468 ], [ 143.32765516165648, 42.306867666609605 ], [ 143.33298272387367, 42.30282474816363 ], [ 143.324061309781655, 42.299422999571846 ], [ 143.328698885145513, 42.294895666701734 ], [ 143.319790778321817, 42.29592702721061 ], [ 143.323146913299524, 42.290985865005723 ], [ 143.319493449862875, 42.290558802147075 ], [ 143.321785032153571, 42.286055775253885 ], [ 143.326224577702192, 42.292214305645757 ], [ 143.339719273725564, 42.296065892427066 ], [ 143.347705499009635, 42.302424441035157 ], [ 143.325905720372816, 42.29084502667672 ], [ 143.320539390180784, 42.282456135342443 ], [ 143.32525780830133, 42.282774441387403 ], [ 143.319542749798075, 42.281680774947858 ], [ 143.308916393776599, 42.256777224589314 ], [ 143.308101672754105, 42.243731107704491 ], [ 143.314894449119606, 42.235725838376766 ], [ 143.31553481228184, 42.227356359808198 ], [ 143.320760000173891, 42.223422504844791 ], [ 143.321024721014169, 42.226949135094571 ], [ 143.323690921299089, 42.22276258592467 ], [ 143.319771673124251, 42.222180837875442 ], [ 143.320548611829054, 42.209215559250708 ], [ 143.335969441636507, 42.201609170726726 ], [ 143.332869533402345, 42.193077919410484 ], [ 143.33599888544029, 42.186943053778975 ], [ 143.333621945796267, 42.174712505078105 ], [ 143.324102775722622, 42.160040000245885 ], [ 143.304827224097153, 42.162442225228574 ], [ 143.293753606443829, 42.168586108362263 ], [ 143.269347223795421, 42.160780558675867 ], [ 143.266095837353078, 42.168783891763269 ], [ 143.253249441908338, 42.168651945930606 ], [ 143.249857781911146, 42.175831667297643 ], [ 143.239968611861968, 42.181593612855011 ], [ 143.230147223715448, 42.182578892102242 ], [ 143.220175279165915, 42.178439999806187 ], [ 143.201831673393031, 42.189002774658377 ], [ 143.191887223816366, 42.199410000071509 ], [ 143.186062502882237, 42.218954171098176 ], [ 143.178663605940756, 42.223644721027085 ], [ 143.165632775732092, 42.223177505237743 ], [ 143.14758500644291, 42.240596386713946 ], [ 143.149025837272688, 42.252040838014295 ], [ 143.117029170260025, 42.260245837775244 ], [ 143.111488054130405, 42.270642505147521 ], [ 143.112306108939833, 42.280099171439645 ], [ 143.10667083019473, 42.285500559003651 ], [ 143.076246108870919, 42.290850559305909 ], [ 143.073998053767241, 42.302714720607923 ], [ 143.061954448938764, 42.309647775024871 ], [ 143.054818054209932, 42.30934110800581 ], [ 143.047960272148885, 42.329045558905477 ], [ 143.038916938765738, 42.329381945820217 ], [ 143.027672217898612, 42.338954171397972 ], [ 143.024964163165691, 42.347253332875084 ], [ 143.010088053620848, 42.352986386812347 ], [ 142.999839727621406, 42.371524999778956 ], [ 142.989548054299348, 42.373707774893944 ], [ 142.970201115389273, 42.391620000162902 ], [ 142.966853333314702, 42.402113054174151 ], [ 142.950053061299855, 42.414678891717529 ], [ 142.947098053632317, 42.427414441223561 ], [ 142.931141946443745, 42.429614441053673 ], [ 142.924871388403972, 42.434346946154676 ], [ 142.906036393964428, 42.428652504609431 ], [ 142.898732503202496, 42.449210279031206 ], [ 142.888487781685853, 42.454269170585803 ], [ 142.882579441787925, 42.464179721117262 ], [ 142.891138054077942, 42.487341666884447 ], [ 142.888713060959049, 42.493861107803923 ], [ 142.885294449179582, 42.497534720550959 ], [ 142.871134449095621, 42.499157774711591 ], [ 142.856040557925439, 42.513474441192557 ], [ 142.856719441748851, 42.519992505249945 ], [ 142.864043891012784, 42.528248892272586 ], [ 142.863793061100978, 42.54157055873435 ], [ 142.828208885131971, 42.548816107777213 ], [ 142.824900829709577, 42.570889999773726 ], [ 142.811710557796118, 42.577606667413818 ], [ 142.810118053605379, 42.5884577748065 ], [ 142.800567223798453, 42.596419170708202 ], [ 142.794020557702652, 42.615631946057533 ], [ 142.788551673321081, 42.619958053821165 ], [ 142.768831945637885, 42.623038053763196 ], [ 142.768303333132394, 42.636381107901855 ], [ 142.754954448688977, 42.64489555898291 ], [ 142.756270557939956, 42.65703250534591 ], [ 142.751840000215907, 42.663754720903682 ], [ 142.764060272363736, 42.68392972137957 ], [ 142.756028612430555, 42.690846386551527 ], [ 142.758339170416434, 42.702139170786154 ], [ 142.755909728351298, 42.721843892381798 ], [ 142.749407224363949, 42.724832774812739 ], [ 142.732861115148467, 42.7215983333964 ], [ 142.728234162576655, 42.723641666829508 ], [ 142.721830557933913, 42.735913613122818 ], [ 142.695454721158512, 42.738376107971078 ], [ 142.687805279390204, 42.743762775431776 ], [ 142.687024720914224, 42.750653612973906 ], [ 142.697518339699627, 42.76740555901938 ], [ 142.719825550908467, 42.775748054329313 ], [ 142.716438053873162, 42.783550279222084 ], [ 142.721691115352769, 42.792418332939747 ], [ 142.720231673053377, 42.804252224860363 ], [ 142.732676939389307, 42.822872505261955 ], [ 142.729263333236304, 42.8264847212929 ], [ 142.732149170447883, 42.835690838261655 ], [ 142.744065005895322, 42.847340558919711 ], [ 142.756961673442561, 42.85177944076861 ], [ 142.772228053681829, 42.851023892438718 ], [ 142.787894721264479, 42.863459170904093 ], [ 142.785415006197695, 42.868837505246745 ], [ 142.770283061114469, 42.872771666878975 ], [ 142.763479441622962, 42.892606945753982 ], [ 142.75611500580294, 42.897750558841267 ], [ 142.77799805356733, 42.925565559103347 ], [ 142.772397224252586, 42.936407505102352 ], [ 142.759362502677391, 42.942532774967617 ], [ 142.76038555075263, 42.951285558981397 ], [ 142.749600557919507, 42.964486666826247 ], [ 142.754315837406011, 42.974719171052982 ], [ 142.762322775875418, 42.978061108433451 ], [ 142.763678885172453, 42.988725279148355 ], [ 142.744625279033471, 42.997952774800751 ], [ 142.740865550804642, 43.004989720699086 ], [ 142.754365551029423, 43.013105837764272 ], [ 142.750560829718552, 43.030138892096261 ], [ 142.753441115415171, 43.03633917081612 ], [ 142.748041387999706, 43.041969171440144 ], [ 142.74676111493352, 43.058397505440553 ], [ 142.726824449189053, 43.075958891689538 ], [ 142.743697223648041, 43.087400278999723 ], [ 142.736853605909232, 43.09519583811749 ], [ 142.751239727931193, 43.109940838199179 ], [ 142.745284162833968, 43.114995558698126 ], [ 142.752873332938066, 43.123145838309824 ], [ 142.760424163144648, 43.12120499971104 ], [ 142.765238611772588, 43.12456555935313 ], [ 142.767670830044835, 43.15210027870495 ], [ 142.764626667187031, 43.161855838276381 ], [ 142.779235837264196, 43.173651667290642 ], [ 142.76704472113704, 43.180775279055922 ], [ 142.769372217853629, 43.188655000328083 ], [ 142.762115278897113, 43.194094720594933 ], [ 142.762882218039977, 43.20100610764581 ], [ 142.748680271777175, 43.211023054270584 ], [ 142.740323333355263, 43.212697224996987 ], [ 142.733059441739897, 43.231520000347814 ], [ 142.742104448761324, 43.240646666710347 ], [ 142.734231115373746, 43.250184441059162 ], [ 142.747042502909267, 43.259963053851891 ], [ 142.735389999748804, 43.28907889197734 ], [ 142.736288884724331, 43.30720805440825 ], [ 142.740434163106215, 43.309155000303065 ], [ 142.736320830442082, 43.318563613120318 ], [ 142.746810830355571, 43.32709972077555 ], [ 142.748615837151192, 43.340134999930342 ], [ 142.755509170312052, 43.345449720728084 ], [ 142.768972503378336, 43.346576386890774 ], [ 142.761042776203226, 43.357397224902058 ], [ 142.746854720868782, 43.350725838127005 ], [ 142.742568053772743, 43.354844171021739 ], [ 142.720128885040026, 43.360146946124701 ], [ 142.706224448899206, 43.378300838113262 ], [ 142.671799999970062, 43.405102504776835 ], [ 142.678925005684505, 43.414651107862369 ], [ 142.689030558013883, 43.417635559333633 ], [ 142.71057167274455, 43.432762225396459 ], [ 142.714513332924071, 43.451753891628869 ], [ 142.724390558177788, 43.452121946370767 ], [ 142.740098885055545, 43.467127775026825 ], [ 142.752417497169859, 43.470656387382405 ], [ 142.776792775865943, 43.487045000126727 ], [ 142.776879170137704, 43.493725279398177 ], [ 142.797974448661989, 43.500890558552499 ], [ 142.805013061004047, 43.51065750533968 ], [ 142.813257782021083, 43.513886666836243 ], [ 142.814256667111522, 43.522474441442398 ], [ 142.806966667277948, 43.5274580543458 ], [ 142.808683061174406, 43.529394441300497 ], [ 142.815645278806642, 43.530636946437994 ], [ 142.838936939188443, 43.522063613145292 ], [ 142.850818053610396, 43.528298054411721 ], [ 142.853923332595741, 43.536228892249653 ], [ 142.850201672669073, 43.548919170783165 ], [ 142.860666394438567, 43.558483054249621 ], [ 142.86131082973111, 43.565287775410582 ], [ 142.872347224444866, 43.564803054317565 ], [ 142.875016109206172, 43.569991945571871 ], [ 142.909046109190626, 43.563531946242392 ], [ 142.937633333011945, 43.546016107957087 ], [ 142.943563060586825, 43.536135558809065 ], [ 142.957723333165404, 43.526277224714192 ], [ 142.973846394095858, 43.534475000221164 ], [ 142.97570639443461, 43.539311108121183 ], [ 142.988751114672255, 43.533070558659404 ], [ 143.013706394034898, 43.52853610765527 ], [ 143.023577496704206, 43.534261108163662 ], [ 143.021379169613056, 43.545645000016805 ], [ 143.030844448712401, 43.550544440873296 ], [ 143.036128612345692, 43.561630559103094 ], [ 143.041228054331327, 43.563117505368609 ], [ 143.059855550893076, 43.555189720729061 ], [ 143.068851945960546, 43.558620558791802 ], [ 143.070351114912114, 43.564468892325579 ], [ 143.090441387560077, 43.567225837802198 ], [ 143.116201945963098, 43.583599440861576 ], [ 143.134338884831777, 43.587994999669547 ], [ 143.142469728295396, 43.595149720783013 ], [ 143.154754162574591, 43.591518054214873 ], [ 143.172986393607289, 43.594855558837025 ], [ 143.185158884774751, 43.586471666834029 ], [ 143.183498339676703, 43.582476945754479 ], [ 143.207934721010588, 43.584485559061363 ], [ 143.21316555124929, 43.575303613171286 ], [ 143.226037497332754, 43.574865000319562 ], [ 143.223507496673733, 43.556825558752564 ], [ 143.233332502792791, 43.551485279222334 ], [ 143.261460000378747, 43.559301108159673 ], [ 143.269797497256718, 43.553652774855721 ], [ 143.302753605994212, 43.546458891864404 ], [ 143.316724448974242, 43.547518332804884 ], [ 143.333930558048905, 43.55770000015491 ], [ 143.33909472064488, 43.550178612852733 ], [ 143.34863500590086, 43.551057504999903 ], [ 143.356938611827559, 43.546484170907831 ], [ 143.37558861212483, 43.552061667312159 ], [ 143.390033333071983, 43.54446666690319 ], [ 143.395733890906399, 43.547349441023925 ], [ 143.40319693918741, 43.54509472104462 ], [ 143.419436393974479, 43.533295837932656 ], [ 143.425219999703245, 43.524739440672704 ], [ 143.46374167264014, 43.508153333209805 ], [ 143.472257782071097, 43.529278333428408 ], [ 143.482590272023458, 43.532710278556578 ], [ 143.498571115064919, 43.55049055889225 ], [ 143.502812218009467, 43.547371387179851 ], [ 143.519398612356099, 43.547897225276756 ], [ 143.51931555097201, 43.553774721126558 ], [ 143.530006938769247, 43.565928892204681 ], [ 143.528210558270757, 43.5781099997767 ], [ 143.543902218013045, 43.598359170939034 ], [ 143.570355278673219, 43.594563333131362 ], [ 143.58968221756038, 43.603475837639849 ], [ 143.617142502724391, 43.605918053675282 ], [ 143.618699442325465, 43.612440558584979 ], [ 143.631986666551484, 43.622089999953573 ], [ 143.626208612337678, 43.637828332711422 ], [ 143.643175551210788, 43.639186945721008 ], [ 143.655538339822556, 43.633762225246528 ], [ 143.658423060975565, 43.626883891878151 ], [ 143.6733313878334, 43.629853892143444 ], [ 143.67949916955115, 43.62574694556514 ], [ 143.692629169800398, 43.634043053843925 ], [ 143.695655278768186, 43.639743612577718 ], [ 143.711110558005885, 43.635320279107646 ], [ 143.723224449348891, 43.640556386568051 ], [ 143.72816972775081, 43.637203053877897 ], [ 143.728354720993593, 43.637090278893311 ] ] ] } },
{ "type": "Feature", "properties": { "code": "015010", "name": "胆振地方", "PrefCode": "01", "regioncode": "015010" }, "geometry": { "type": "MultiPolygon", "coordinates": [ [ [ [ 140.969444812028541, 42.306425639931376 ], [ 140.971874668681039, 42.306082251794521 ], [ 140.966323994556774, 42.305170892322849 ], [ 140.969430895019855, 42.306376305821914 ], [ 140.969444812028541, 42.306425639931376 ] ] ], [ [ [ 140.965044253889232, 42.309221053908573 ], [ 140.967286718807145, 42.306261775360724 ], [ 140.964966109098668, 42.309210198192147 ], [ 140.965044253889232, 42.309221053908573 ] ] ], [ [ [ 140.960671777080961, 42.310579720877456 ], [ 140.96272869027689, 42.309310171327411 ], [ 140.960735110037376, 42.310756360317839 ], [ 140.960671777080961, 42.310579720877456 ] ] ], [ [ [ 140.930728974562612, 42.340891134818094 ], [ 140.928984358141633, 42.344431801686369 ], [ 140.930361698633533, 42.341666666983144 ], [ 140.930728974562612, 42.340891134818094 ] ] ], [ [ [ 140.925280000271869, 42.347589973398613 ], [ 140.916069830958008, 42.348904387427581 ], [ 140.925279493953553, 42.347591225254916 ], [ 140.925280000271869, 42.347589973398613 ] ] ], [ [ [ 140.917102671750968, 42.353750558741353 ], [ 140.915799921928965, 42.365839027149434 ], [ 140.916666666933224, 42.357991468331647 ], [ 140.917102671750968, 42.353750558741353 ] ] ], [ [ [ 141.319116640620564, 42.510892224996212 ], [ 141.317127833982454, 42.508507440566007 ], [ 141.322860143281105, 42.516001305915609 ], [ 141.319116640620564, 42.510892224996212 ] ] ], [ [ [ 141.767658975381437, 42.589010251721788 ], [ 141.754180194660307, 42.591975532344975 ], [ 141.766666667033178, 42.589243026844258 ], [ 141.767658975381437, 42.589010251721788 ] ] ], [ [ [ 141.775000000049999, 42.58220750457275 ], [ 141.772075837330135, 42.581195802344439 ], [ 141.800530414746959, 42.58543163975844 ], [ 141.809076446420931, 42.594729531642599 ], [ 141.8006125813057, 42.585254081210905 ], [ 141.77727269837635, 42.583195837917629 ], [ 141.775000000049999, 42.58220750457275 ] ] ], [ [ [ 141.813823165306871, 42.599858467794093 ], [ 141.809134617268796, 42.595031720937243 ], [ 141.815480972868613, 42.601771612669836 ], [ 141.813945278851634, 42.600000000399746 ], [ 141.813823165306871, 42.599858467794093 ] ] ], [ [ [ 141.773572606890411, 42.601328972654017 ], [ 141.772526004671477, 42.608735306089557 ], [ 141.771193216593701, 42.605357667422481 ], [ 141.773572606890411, 42.601328972654017 ] ] ], [ [ [ 141.621885136390006, 42.614427531705303 ], [ 141.618902554609235, 42.61293680199185 ], [ 141.621697250028092, 42.614602946269031 ], [ 141.621885136390006, 42.614427531705303 ] ] ], [ [ [ 142.275059442439328, 42.985054440809847 ], [ 142.281737781873176, 42.980098892150181 ], [ 142.283941387984783, 42.967913054144162 ], [ 142.273296939402258, 42.955809999631811 ], [ 142.27279250337142, 42.950170000345281 ], [ 142.28430250265842, 42.941182504968708 ], [ 142.301805836769972, 42.940870279240073 ], [ 142.301257224241567, 42.933358612709867 ], [ 142.307451672656612, 42.931106107760741 ], [ 142.31249083038756, 42.918141667304155 ], [ 142.33399610893332, 42.907522504959672 ], [ 142.333001115209413, 42.899680558810815 ], [ 142.313026667147028, 42.881163332621782 ], [ 142.311790272003464, 42.873251386842071 ], [ 142.316786938566452, 42.871503333212331 ], [ 142.318001387554091, 42.865037224788125 ], [ 142.307699728159946, 42.852744441203072 ], [ 142.311049727962654, 42.847434440946756 ], [ 142.304516109231145, 42.842399440781605 ], [ 142.311815551046948, 42.824936107615315 ], [ 142.30705888475984, 42.818156667296421 ], [ 142.305201114739702, 42.790706387090154 ], [ 142.297303060787726, 42.784154441074634 ], [ 142.299000272144895, 42.773411108435937 ], [ 142.265185005983312, 42.758984721068089 ], [ 142.264205550745601, 42.75455055886124 ], [ 142.245089727708887, 42.746252505348878 ], [ 142.24259805435679, 42.742070837699032 ], [ 142.235121946121012, 42.747515279406684 ], [ 142.230073332918096, 42.744088332710419 ], [ 142.219728053706831, 42.744845837965102 ], [ 142.219926393788114, 42.734315838005557 ], [ 142.210149170447949, 42.728287505164303 ], [ 142.212459169954741, 42.724085000222658 ], [ 142.189625278883568, 42.720173333332696 ], [ 142.185663332696663, 42.700769170560818 ], [ 142.16706389138551, 42.692443613082332 ], [ 142.160413891388089, 42.684306108340309 ], [ 142.160287497070385, 42.676044999876922 ], [ 142.148098053682247, 42.671718613323378 ], [ 142.148616666625912, 42.661005559059333 ], [ 142.136813891248153, 42.65219083783694 ], [ 142.137488884604409, 42.641181667400076 ], [ 142.131320271913069, 42.637481387056425 ], [ 142.120376667449364, 42.613468332797368 ], [ 142.122052502820793, 42.595887225315266 ], [ 142.119195550934023, 42.593173612772091 ], [ 142.097542217899104, 42.584673054417976 ], [ 142.089986667151038, 42.585214171097164 ], [ 142.084218884993561, 42.574706666779321 ], [ 142.060551945615885, 42.57315166701585 ], [ 142.051378885027589, 42.562695558952953 ], [ 142.034576887213689, 42.552093440559872 ], [ 142.012464449374875, 42.54609444090579 ], [ 142.011367496812568, 42.539889721333623 ], [ 141.98226082997337, 42.545206107675767 ], [ 141.979079442262559, 42.535524720589422 ], [ 141.966864318733428, 42.528467648763012 ], [ 141.962604526977429, 42.535401613293857 ], [ 141.937986419637582, 42.54518869410299 ], [ 141.935036808801783, 42.547433467580504 ], [ 141.943070583940312, 42.546308467861536 ], [ 141.925977885670932, 42.558610667348489 ], [ 141.917960777667872, 42.560327467738489 ], [ 141.904670000220449, 42.576974306419174 ], [ 141.821782126743869, 42.605687522561198 ], [ 141.817716135291448, 42.601007775288679 ], [ 141.813126393967991, 42.603170080934547 ], [ 141.816774305889567, 42.601597612739681 ], [ 141.81940508367768, 42.604615170953423 ], [ 141.81674374782574, 42.606607666610557 ], [ 141.814270610400399, 42.60383346764047 ], [ 141.820668222860263, 42.6118988017883 ], [ 141.818139493842637, 42.612970225295726 ], [ 141.810376277942964, 42.6117331979288 ], [ 141.80113452713681, 42.60164327941385 ], [ 141.781194500625816, 42.606902270123726 ], [ 141.787319104992775, 42.615070946267224 ], [ 141.781744188743346, 42.616629440796089 ], [ 141.777962283232796, 42.616874468282163 ], [ 141.774542580575712, 42.608348279249753 ], [ 141.776426589215816, 42.614638278833581 ], [ 141.756261777159352, 42.621623838369487 ], [ 141.736535253299394, 42.623563414320188 ], [ 141.729638494620872, 42.620202467969591 ], [ 141.734489221900162, 42.620645467714212 ], [ 141.733458781397758, 42.624612639861482 ], [ 141.729968053882658, 42.621044837749139 ], [ 141.727634501131433, 42.625969721325646 ], [ 141.666206420290109, 42.630688613388827 ], [ 141.632826354952385, 42.627979694407429 ], [ 141.624886160567939, 42.620135865078169 ], [ 141.630078521406745, 42.623528026896963 ], [ 141.630063306676334, 42.627778414442332 ], [ 141.639808884672334, 42.631049837779869 ], [ 141.642024837576287, 42.635196639613298 ], [ 141.698424227895885, 42.652530531558853 ], [ 141.695405810829584, 42.657396333274221 ], [ 141.667845771964835, 42.648136053735925 ], [ 141.665493605945244, 42.651093612780073 ], [ 141.665008301192188, 42.647166305780445 ], [ 141.634199339128259, 42.637001360424506 ], [ 141.629827561992442, 42.636689864945367 ], [ 141.625152243880962, 42.644244359889342 ], [ 141.620972723812201, 42.641290586091714 ], [ 141.624577470973577, 42.635421774994995 ], [ 141.624231141154269, 42.630351080737853 ], [ 141.620889637247046, 42.629870027080131 ], [ 141.62305730195294, 42.626997918918903 ], [ 141.614872114256741, 42.629081999734581 ], [ 141.619240271621265, 42.626816774774397 ], [ 141.617264137330153, 42.623724640279988 ], [ 141.620071970944764, 42.621241080611412 ], [ 141.611562917594597, 42.620379918598417 ], [ 141.610655615864061, 42.627216467665903 ], [ 141.57009247738597, 42.621289640404655 ], [ 141.523782476779957, 42.611801666913436 ], [ 141.44914325615639, 42.587626107858625 ], [ 141.339779195953156, 42.53708261257259 ], [ 141.324144889575109, 42.527438441231141 ], [ 141.326743864637706, 42.524192748396672 ], [ 141.321292411815421, 42.516098305892172 ], [ 141.326552943963293, 42.524232440874528 ], [ 141.323568105783465, 42.526821802184486 ], [ 141.324304694605985, 42.524162559054901 ], [ 141.31935758788245, 42.523581838031475 ], [ 141.322178521022011, 42.520661694381715 ], [ 141.316543968929068, 42.520413135258025 ], [ 141.319504577574207, 42.517021999565657 ], [ 141.312210000191385, 42.521306305941323 ], [ 141.307410440739318, 42.517896513813128 ], [ 141.312719053341652, 42.513486504698506 ], [ 141.307016821868842, 42.517860207282808 ], [ 141.300973216740658, 42.514784640099094 ], [ 141.206037976571452, 42.453388108374554 ], [ 141.191928859229506, 42.452248721301487 ], [ 141.186821919596014, 42.446965694411347 ], [ 141.189377977211961, 42.452689559075964 ], [ 141.16606319076368, 42.439696864618668 ], [ 141.155606835387175, 42.44025291903705 ], [ 141.078246446116623, 42.383377531947588 ], [ 141.053049143902967, 42.358075413749418 ], [ 141.051954578141363, 42.355852000069774 ], [ 141.055654383642946, 42.356491278649628 ], [ 141.051733060732204, 42.355100279254543 ], [ 141.054069389690653, 42.351365919101966 ], [ 141.042796549721061, 42.349642387286394 ], [ 141.033665965911609, 42.341258414344395 ], [ 141.034734383884825, 42.335512081017782 ], [ 141.026659248025908, 42.335176802067792 ], [ 141.01276727558934, 42.321750108280924 ], [ 141.007282308631716, 42.313373667161045 ], [ 141.011416615284588, 42.310887387043351 ], [ 141.009053449657017, 42.304193748342868 ], [ 141.002541051328535, 42.300991559313047 ], [ 140.984099001267964, 42.304417666941845 ], [ 140.981228392276535, 42.307750558941223 ], [ 140.96795457784151, 42.307508359822975 ], [ 140.966268470413638, 42.314969667016555 ], [ 140.952105668042236, 42.318538197579812 ], [ 140.947573138889311, 42.316619359995514 ], [ 140.930381971151064, 42.335321973330451 ], [ 140.930872995592381, 42.340456586002688 ], [ 140.932619882801418, 42.33822099999918 ], [ 140.935331945812663, 42.342557467952815 ], [ 140.942650609737939, 42.341644945657777 ], [ 140.936130194852694, 42.342497198087301 ], [ 140.950957833637176, 42.347465613347424 ], [ 140.950301996739768, 42.350732639899491 ], [ 140.952167366930553, 42.342612802339033 ], [ 140.956502113581791, 42.343928360305654 ], [ 140.956884086231639, 42.340059305992213 ], [ 140.959736108934294, 42.342658171337575 ], [ 140.961580751550514, 42.340877558652437 ], [ 140.958083190986486, 42.339609440823097 ], [ 140.961535357370963, 42.335368053692775 ], [ 140.962543917367952, 42.340005972597623 ], [ 140.964227003973065, 42.33510469442615 ], [ 140.970973606446819, 42.334004053744138 ], [ 140.969672775778008, 42.324272251563229 ], [ 140.971516446227042, 42.327298559281132 ], [ 140.976008716329261, 42.323595748245225 ], [ 140.976824332177216, 42.327786721180303 ], [ 140.981737860014277, 42.323128251867388 ], [ 140.979258392261045, 42.328069333133271 ], [ 140.984179780172781, 42.326800108238444 ], [ 140.982175304646603, 42.330120252347797 ], [ 140.985027133995118, 42.328532504671387 ], [ 140.98686632941758, 42.332225026563776 ], [ 140.981759922182732, 42.335987279189624 ], [ 140.980388106226201, 42.343119305911273 ], [ 140.984115939998674, 42.343721440691979 ], [ 140.979599363919533, 42.343367251697373 ], [ 141.007550195085514, 42.348273864647183 ], [ 141.001672192018077, 42.350815891939931 ], [ 140.976451672906478, 42.348665558968435 ], [ 140.975795136336501, 42.352602306151539 ], [ 140.986115694084106, 42.353254748108213 ], [ 140.981909493828198, 42.358660640376286 ], [ 140.971574967810625, 42.355578586382705 ], [ 140.952779727902225, 42.360266171246849 ], [ 140.948075616196775, 42.353947891581981 ], [ 140.952679441802843, 42.360278802224968 ], [ 140.917058003324314, 42.369165387372789 ], [ 140.917853890744482, 42.371680026711942 ], [ 140.915783502107047, 42.366000891627891 ], [ 140.913874306154412, 42.374206108125463 ], [ 140.908246719310682, 42.377578748360577 ], [ 140.901243307332834, 42.416113278904731 ], [ 140.896551946215368, 42.417646801958369 ], [ 140.898253411365886, 42.420569333308151 ], [ 140.895759221710819, 42.417149413914387 ], [ 140.898283216697109, 42.420739531803974 ], [ 140.895841893688498, 42.427063505076774 ], [ 140.874049001160529, 42.458009000415075 ], [ 140.864367859589152, 42.464856135402385 ], [ 140.858020169395331, 42.463020000372751 ], [ 140.855987445264418, 42.466730468236563 ], [ 140.858352217980496, 42.462322864808414 ], [ 140.834215524926549, 42.473439197560992 ], [ 140.818219170378484, 42.487206532055836 ], [ 140.808846588898973, 42.489695504743793 ], [ 140.807801751150009, 42.494486134827298 ], [ 140.800440246220433, 42.499240441293409 ], [ 140.779956497694229, 42.499265332728953 ], [ 140.782695084410648, 42.503878918677231 ], [ 140.779114279900114, 42.515895224584995 ], [ 140.786172671931354, 42.513147532232892 ], [ 140.786216718926539, 42.517886468385882 ], [ 140.774340000390794, 42.518537251992655 ], [ 140.77118700427684, 42.52203133307961 ], [ 140.776209247558768, 42.527116531602701 ], [ 140.772321855169594, 42.529986720610736 ], [ 140.777509610580182, 42.528947586362051 ], [ 140.773574448901741, 42.529801864964156 ], [ 140.776559273591715, 42.532277918890884 ], [ 140.774752437574989, 42.535234837617736 ], [ 140.758600557869499, 42.551176134770856 ], [ 140.744433332632298, 42.557416667145503 ], [ 140.723342217969048, 42.57405861261492 ], [ 140.711955836792526, 42.573726108073458 ], [ 140.710474889904276, 42.581318108344078 ], [ 140.696721115387277, 42.586343892256878 ], [ 140.661598885180524, 42.587497504806038 ], [ 140.638459728233897, 42.585217504883985 ], [ 140.607033061426705, 42.573973613191754 ], [ 140.597054409733232, 42.575107413676278 ], [ 140.582704721046071, 42.566183612783561 ], [ 140.567519727653348, 42.569796387293479 ], [ 140.564524720839245, 42.574957774581662 ], [ 140.552605005716487, 42.577642224808869 ], [ 140.53711306111893, 42.58741027866148 ], [ 140.546507497023413, 42.599041666639664 ], [ 140.545366939033102, 42.606514999567651 ], [ 140.533172502608977, 42.616114999807451 ], [ 140.550938339832555, 42.626458054095963 ], [ 140.556722775635649, 42.634861667332132 ], [ 140.556999169676033, 42.643819171217842 ], [ 140.567052776264632, 42.648960278793879 ], [ 140.560142218388705, 42.65808110765704 ], [ 140.577276394290266, 42.66473750543156 ], [ 140.574237223569071, 42.675076666554958 ], [ 140.576566667317934, 42.678425278703685 ], [ 140.569609441822308, 42.683015000242108 ], [ 140.57030027223982, 42.688146666735349 ], [ 140.564868885091073, 42.696885000442478 ], [ 140.566056667381304, 42.706474171046182 ], [ 140.562147223615511, 42.708924999888893 ], [ 140.565773060778156, 42.711763333111378 ], [ 140.562275005587139, 42.717219440824579 ], [ 140.597144162972768, 42.707230838132716 ], [ 140.613474163302044, 42.711611945734774 ], [ 140.630908612042845, 42.707373054223126 ], [ 140.655019999973092, 42.710343612967392 ], [ 140.669419441853847, 42.708418053850153 ], [ 140.691780830021344, 42.717392775256428 ], [ 140.724032503397325, 42.717506386610523 ], [ 140.745662502622508, 42.713567224747692 ], [ 140.762507223629541, 42.698746667224952 ], [ 140.755165005560571, 42.679414720912689 ], [ 140.75703749658328, 42.66913583774874 ], [ 140.750276939329297, 42.663038892031295 ], [ 140.755911114606306, 42.659307505037361 ], [ 140.758011946194415, 42.662329171354202 ], [ 140.762125837337635, 42.65768694559614 ], [ 140.764478053719245, 42.661185278677749 ], [ 140.777973605897273, 42.660881666655655 ], [ 140.779366939033025, 42.669734171095172 ], [ 140.7984902723083, 42.669812775439311 ], [ 140.811660557688697, 42.678083333079428 ], [ 140.837762218151965, 42.683807505312188 ], [ 140.855347781774753, 42.699384441239033 ], [ 140.890616667125528, 42.687676386955729 ], [ 140.919370830299613, 42.688498612820752 ], [ 140.943849170402927, 42.68409750519578 ], [ 140.969285278592793, 42.671183333244301 ], [ 140.989434162756424, 42.683578612562997 ], [ 140.990738053818177, 42.693098612710855 ], [ 141.000103891281583, 42.705343612617696 ], [ 141.010318884808726, 42.709483891668299 ], [ 141.011301115354286, 42.717566667267931 ], [ 141.01763805415294, 42.714747225204349 ], [ 141.017289441854359, 42.71780638695526 ], [ 141.039890000223409, 42.715656107943062 ], [ 141.042728612235692, 42.732999171174868 ], [ 141.062746109045747, 42.737363054061746 ], [ 141.078846667140056, 42.74807583762987 ], [ 141.08036306080669, 42.770689170868593 ], [ 141.089578611663683, 42.784834440956729 ], [ 141.087944163092743, 42.793463891945123 ], [ 141.079304720636401, 42.804711108430979 ], [ 141.06437389094242, 42.811489721373619 ], [ 141.065050557936956, 42.822926666932176 ], [ 141.071323891284578, 42.827413053669545 ], [ 141.080269442280951, 42.823856946341039 ], [ 141.089359442384421, 42.825292224756424 ], [ 141.123124720629448, 42.805403332797596 ], [ 141.133074449226569, 42.80388750480455 ], [ 141.140572217633803, 42.788947225034462 ], [ 141.155610557681143, 42.785827504735607 ], [ 141.160920271953046, 42.780729441410642 ], [ 141.172953060635336, 42.785185000287584 ], [ 141.199084163103748, 42.784350279242062 ], [ 141.191503060817695, 42.768731945722777 ], [ 141.181707224209049, 42.760935278640261 ], [ 141.180889170298997, 42.755908332803358 ], [ 141.174463606010704, 42.753690837562146 ], [ 141.172323606249506, 42.744282775130046 ], [ 141.176314448553057, 42.725123612864479 ], [ 141.181089999703772, 42.723530559188021 ], [ 141.188553890649587, 42.710911945829707 ], [ 141.191465836978864, 42.685789720819002 ], [ 141.214484448798316, 42.70168499966303 ], [ 141.220077782263957, 42.698398613405345 ], [ 141.243483061194411, 42.69777972065765 ], [ 141.251036666708842, 42.710553333069925 ], [ 141.258932217847587, 42.713837224608255 ], [ 141.269812502844843, 42.707278333128613 ], [ 141.270247224329978, 42.703783892312856 ], [ 141.284342776298104, 42.705268333067181 ], [ 141.288142776168229, 42.698620558891719 ], [ 141.311256394167344, 42.684286108317281 ], [ 141.341306666569494, 42.685143891577411 ], [ 141.359134449095563, 42.681209170566831 ], [ 141.371576666729879, 42.685124441040159 ], [ 141.374821388296482, 42.693702504766861 ], [ 141.386847496814539, 42.692120000137947 ], [ 141.401698053922132, 42.714915278817102 ], [ 141.413393333335762, 42.723060559097576 ], [ 141.412337781963174, 42.753725558587689 ], [ 141.406873606431873, 42.764765838372796 ], [ 141.439204448926262, 42.759991666782071 ], [ 141.451270829984878, 42.763345837640372 ], [ 141.460512503449308, 42.755375837924646 ], [ 141.502347782424295, 42.747607774679125 ], [ 141.531530272004488, 42.746707775443554 ], [ 141.54289416293534, 42.750776386620998 ], [ 141.567407224064254, 42.742669171045463 ], [ 141.575546939339802, 42.745596386963769 ], [ 141.604663333246322, 42.772273892326325 ], [ 141.648895836973338, 42.77655861328941 ], [ 141.706629727679797, 42.770373891941631 ], [ 141.724116108671524, 42.781071666724074 ], [ 141.756851114587334, 42.791965278774626 ], [ 141.754319999668269, 42.798417775060329 ], [ 141.764786939166015, 42.809177505037894 ], [ 141.772838611712586, 42.80884444111814 ], [ 141.776538053888089, 42.81551333317384 ], [ 141.776097781787257, 42.823223332590771 ], [ 141.767228612010854, 42.82673305378745 ], [ 141.764416109116155, 42.832658891794495 ], [ 141.78973250315255, 42.840416666795761 ], [ 141.785016666985712, 42.849160278624026 ], [ 141.795166939003138, 42.856623333200332 ], [ 141.791525550763595, 42.858726946391528 ], [ 141.794623890580169, 42.864564999774984 ], [ 141.790901387988697, 42.876099721425078 ], [ 141.80641055820081, 42.892733612566246 ], [ 141.815658339860533, 42.894301387199334 ], [ 141.835132503162527, 42.90710472130587 ], [ 141.859298612141288, 42.913357505144802 ], [ 141.869981388030737, 42.922046666620417 ], [ 141.880085550907552, 42.9129883334449 ], [ 141.913959169580039, 42.900688892178664 ], [ 141.91751167332518, 42.890078332748885 ], [ 141.928678340233319, 42.888022774831256 ], [ 141.939603890807007, 42.880145559070343 ], [ 141.960388885238899, 42.843634441076631 ], [ 141.969906666759357, 42.843830558933178 ], [ 141.981663606390384, 42.836974999996301 ], [ 141.993465279199313, 42.849510559165026 ], [ 142.006429441765363, 42.844918054224877 ], [ 142.022756109207194, 42.849074441032656 ], [ 142.043576667329376, 42.862395837697818 ], [ 142.054815550697185, 42.860297775122262 ], [ 142.06441833973463, 42.874067224822625 ], [ 142.080568339857109, 42.868683332669718 ], [ 142.107077224134628, 42.893904171040731 ], [ 142.10628583692187, 42.900856387312501 ], [ 142.112274721001654, 42.904069720741063 ], [ 142.110534449205488, 42.914849440849082 ], [ 142.127279441692963, 42.919476666814774 ], [ 142.13721000034127, 42.927116386911791 ], [ 142.144938339632745, 42.926382774845251 ], [ 142.143744163162637, 42.947656387132611 ], [ 142.152529442379887, 42.954750000212414 ], [ 142.162575837305099, 42.950573892171462 ], [ 142.177652217775744, 42.959339441162342 ], [ 142.183381115046473, 42.957719720788532 ], [ 142.186168053812708, 42.951465837978105 ], [ 142.201942218258864, 42.952326107863655 ], [ 142.211138885151513, 42.960117225229794 ], [ 142.223674162832367, 42.962883054209613 ], [ 142.223525279168371, 42.970288053950583 ], [ 142.23893250313256, 42.974184170663023 ], [ 142.255254449133531, 42.966613054448942 ], [ 142.262469170315967, 42.982265278919556 ], [ 142.271926666682361, 42.987137224803121 ], [ 142.274999999950069, 42.98509213499409 ], [ 142.275059442439328, 42.985054440809847 ] ] ] ] } },
{ "type": "Feature", "properties": { "code": "015020", "name": "日高地方", "PrefCode": "01", "regioncode": "015020" }, "geometry": { "type": "Polygon", "coordinates": [ [ [ 142.734653891164157, 43.006521107862909 ], [ 142.763592502592019, 42.989138612956651 ], [ 142.762322775875418, 42.978061108433451 ], [ 142.754315837406011, 42.974719171052982 ], [ 142.749600557919507, 42.964486666826247 ], [ 142.76038555075263, 42.951285558981397 ], [ 142.759362502677391, 42.942532774967617 ], [ 142.772397224252586, 42.936407505102352 ], [ 142.77799805356733, 42.925565559103347 ], [ 142.75611500580294, 42.897750558841267 ], [ 142.763479441622962, 42.892606945753982 ], [ 142.770283061114469, 42.872771666878975 ], [ 142.785415006197695, 42.868837505246745 ], [ 142.787894721264479, 42.863459170904093 ], [ 142.772228053681829, 42.851023892438718 ], [ 142.756961673442561, 42.85177944076861 ], [ 142.744065005895322, 42.847340558919711 ], [ 142.73228555083756, 42.835851108242082 ], [ 142.729263333236304, 42.8264847212929 ], [ 142.732676939389307, 42.822872505261955 ], [ 142.720231673053377, 42.804252224860363 ], [ 142.721691115352769, 42.792418332939747 ], [ 142.716438053873162, 42.783550279222084 ], [ 142.719825550908467, 42.775748054329313 ], [ 142.697518339699627, 42.76740555901938 ], [ 142.687027497121335, 42.745816945695537 ], [ 142.692956938711859, 42.739022775380818 ], [ 142.721830557933913, 42.735913613122818 ], [ 142.728234162576655, 42.723641666829508 ], [ 142.732861115148467, 42.7215983333964 ], [ 142.749407224363949, 42.724832774812739 ], [ 142.755909728351298, 42.721843892381798 ], [ 142.758339170416434, 42.702139170786154 ], [ 142.756028612430555, 42.690846386551527 ], [ 142.764060272363736, 42.68392972137957 ], [ 142.753093333190805, 42.668757224965987 ], [ 142.751463332666731, 42.660646386921258 ], [ 142.756270557939956, 42.65703250534591 ], [ 142.75501944179382, 42.644771946268349 ], [ 142.769144163272586, 42.634810837650093 ], [ 142.766597782361828, 42.62503694629811 ], [ 142.771420271828106, 42.621509720697134 ], [ 142.788551673321081, 42.619958053821165 ], [ 142.794020557702652, 42.615631946057533 ], [ 142.800567223798453, 42.596419170708202 ], [ 142.810118053605379, 42.5884577748065 ], [ 142.811710557796118, 42.577606667413818 ], [ 142.824900829709577, 42.570889999773726 ], [ 142.828208885131971, 42.548816107777213 ], [ 142.863793061100978, 42.54157055873435 ], [ 142.864043891012784, 42.528248892272586 ], [ 142.856719441748851, 42.519992505249945 ], [ 142.856040557925439, 42.513474441192557 ], [ 142.871134449095621, 42.499157774711591 ], [ 142.885294449179582, 42.497534720550959 ], [ 142.888713060959049, 42.493861107803923 ], [ 142.891138054077942, 42.487341666884447 ], [ 142.882579441787925, 42.464179721117262 ], [ 142.888487781685853, 42.454269170585803 ], [ 142.898732503202496, 42.449210279031206 ], [ 142.906036393964428, 42.428652504609431 ], [ 142.924871388403972, 42.434346946154676 ], [ 142.931141946443745, 42.429614441053673 ], [ 142.947098053632317, 42.427414441223561 ], [ 142.950053061299855, 42.414678891717529 ], [ 142.966853333314702, 42.402113054174151 ], [ 142.970201115389273, 42.391620000162902 ], [ 142.989548054299348, 42.373707774893944 ], [ 142.999839727621406, 42.371524999778956 ], [ 143.010088053620848, 42.352986386812347 ], [ 143.024964163165691, 42.347253332875084 ], [ 143.027672217898612, 42.338954171397972 ], [ 143.038916938765738, 42.329381945820217 ], [ 143.047960272148885, 42.329045558905477 ], [ 143.054818054209932, 42.30934110800581 ], [ 143.061954448938764, 42.309647775024871 ], [ 143.073998053767241, 42.302714720607923 ], [ 143.076246108870919, 42.290850559305909 ], [ 143.106823061135401, 42.285391667291663 ], [ 143.112306108939833, 42.280099171439645 ], [ 143.111488054130405, 42.270642505147521 ], [ 143.117029170260025, 42.260245837775244 ], [ 143.149025837272688, 42.252040838014295 ], [ 143.14758500644291, 42.240596386713946 ], [ 143.165632775732092, 42.223177505237743 ], [ 143.178663605940756, 42.223644721027085 ], [ 143.186062502882237, 42.218954171098176 ], [ 143.191887223816366, 42.199410000071509 ], [ 143.201831673393031, 42.189002774658377 ], [ 143.220175279165915, 42.178439999806187 ], [ 143.230147223715448, 42.182578892102242 ], [ 143.239968611861968, 42.181593612855011 ], [ 143.249857781911146, 42.175831667297643 ], [ 143.253249441908338, 42.168651945930606 ], [ 143.266095837353078, 42.168783891763269 ], [ 143.269526108842911, 42.160726108323274 ], [ 143.293753606443829, 42.168586108362263 ], [ 143.304827224097153, 42.162442225228574 ], [ 143.324102775722622, 42.160040000245885 ], [ 143.322614163013327, 42.154762225396439 ], [ 143.326193605950266, 42.15198805430532 ], [ 143.321788365940392, 42.146256468061608 ], [ 143.316790272153412, 42.122970837634114 ], [ 143.323090829778039, 42.115542225293495 ], [ 143.307523605629967, 42.075811666575191 ], [ 143.312134448645907, 42.053879441183312 ], [ 143.308332776036877, 42.050700558983635 ], [ 143.309992502751811, 42.047498891560622 ], [ 143.300324577617175, 42.04412636014348 ], [ 143.298865279209281, 42.040018170702069 ], [ 143.299938910552328, 42.043874252294984 ], [ 143.294100609855377, 42.043031054239805 ], [ 143.297798884710801, 42.04069966705606 ], [ 143.293340078382016, 42.040612467891151 ], [ 143.287770558064835, 42.033155838071536 ], [ 143.289694448939713, 42.028323054065766 ], [ 143.271115279246828, 42.018520837666586 ], [ 143.256436667118578, 41.998049441328703 ], [ 143.240588611675207, 41.948329440851069 ], [ 143.249361387618023, 41.924433892010541 ], [ 143.241720000177907, 41.924461386983467 ], [ 143.220091115212881, 41.947613054398971 ], [ 143.215591115437746, 41.947411386826104 ], [ 143.215251388440834, 41.951433612771041 ], [ 143.196255837137187, 41.957640279375426 ], [ 143.193554449078647, 41.963812775339363 ], [ 143.182475550606227, 41.967263613425075 ], [ 143.17760527926032, 41.975127504830539 ], [ 143.163589999878695, 41.982730000189406 ], [ 143.158502437937273, 42.0008312791403 ], [ 143.134259999899086, 42.027838332972749 ], [ 143.112201581637692, 42.040672135210912 ], [ 143.101617833696082, 42.043068802383402 ], [ 143.09492194579127, 42.050285000252586 ], [ 143.060371607963361, 42.062683053979811 ], [ 143.064783916644501, 42.062644000020612 ], [ 143.061715006242594, 42.065247225279279 ], [ 143.008927781591865, 42.0809566673164 ], [ 143.000151672761604, 42.08713164001324 ], [ 142.998219441574065, 42.094043440752216 ], [ 142.977889999623812, 42.101962224976774 ], [ 142.964199999630296, 42.118684999713025 ], [ 142.933853060670231, 42.125767775062798 ], [ 142.922400557739593, 42.124264999829904 ], [ 142.921803890836941, 42.119783892112991 ], [ 142.909194916412275, 42.122630107893201 ], [ 142.918310441074027, 42.122759801823463 ], [ 142.919535162118109, 42.126031054289797 ], [ 142.91231460433562, 42.127628648643281 ], [ 142.916322606603103, 42.124314054250249 ], [ 142.911088366135232, 42.123962774562472 ], [ 142.912316808573905, 42.130168837721726 ], [ 142.907286472292981, 42.132868170829454 ], [ 142.87561033714735, 42.131351946235384 ], [ 142.851304449240956, 42.139030559312914 ], [ 142.814959169829876, 42.14152361312432 ], [ 142.787793943236011, 42.156298504872154 ], [ 142.755573774010486, 42.16482680191541 ], [ 142.773462528772711, 42.16163489213659 ], [ 142.763172943676523, 42.170439054418864 ], [ 142.757680829806532, 42.167036278801277 ], [ 142.763802218197839, 42.170841000112091 ], [ 142.759425499287431, 42.175040279185566 ], [ 142.733388444321349, 42.177429865096258 ], [ 142.71720722423413, 42.185800558648907 ], [ 142.697995005565076, 42.184946801653609 ], [ 142.700550830256702, 42.185900837553675 ], [ 142.690624720554524, 42.191506107720727 ], [ 142.670600829564705, 42.191623613139313 ], [ 142.632078494726784, 42.220409748111422 ], [ 142.620339441711963, 42.22534917102746 ], [ 142.613990584198177, 42.224184720748326 ], [ 142.616643060828665, 42.225225278623782 ], [ 142.585157497420596, 42.243156666646883 ], [ 142.555731089218511, 42.247995945556511 ], [ 142.550318884608942, 42.245741468394101 ], [ 142.553411141411061, 42.246252197880665 ], [ 142.550804423185696, 42.249919919168974 ], [ 142.509903332972499, 42.266534721300388 ], [ 142.495900388692007, 42.265528558895937 ], [ 142.483538029056831, 42.269093802437112 ], [ 142.448215577387032, 42.296263720794116 ], [ 142.452236161169935, 42.294890919180602 ], [ 142.449045641743055, 42.296422559053894 ], [ 142.451834112054712, 42.298923053855901 ], [ 142.445635551039913, 42.303477225193831 ], [ 142.430317224160603, 42.308153612599199 ], [ 142.406506394154803, 42.308546946384524 ], [ 142.394960557783634, 42.315908332603499 ], [ 142.367802437632463, 42.323476134815849 ], [ 142.372410777835171, 42.323701387109395 ], [ 142.359646471607448, 42.335347252373879 ], [ 142.336618391725438, 42.343662586359301 ], [ 142.272924111958218, 42.377406747623354 ], [ 142.278281115281288, 42.376891107838389 ], [ 142.26567082964516, 42.390854999958322 ], [ 142.224990558067816, 42.417356945966333 ], [ 142.219295279253743, 42.42635583755191 ], [ 142.20200316531384, 42.43275353185004 ], [ 142.2088296626589, 42.432974918857497 ], [ 142.203613721596071, 42.432625775059535 ], [ 142.207055837157213, 42.438128892134728 ], [ 142.19153972777633, 42.449137774788539 ], [ 142.144111946309295, 42.465271667153786 ], [ 142.076225135981304, 42.469727531800231 ], [ 142.070328560115058, 42.471653721342193 ], [ 142.076008418253991, 42.472276053996723 ], [ 142.071764137105333, 42.472150360250964 ], [ 142.075152386873242, 42.474550891810281 ], [ 142.070608780770726, 42.47800710784179 ], [ 142.027400778423271, 42.484901837649716 ], [ 142.02400910493634, 42.490194865001058 ], [ 142.015411802912467, 42.49336397336873 ], [ 142.019547081732526, 42.493002613180124 ], [ 142.016393528038975, 42.493356505398481 ], [ 142.015376524307271, 42.499350306071847 ], [ 141.981674305624779, 42.515532973168206 ], [ 141.966864318733428, 42.528467648763012 ], [ 141.979079442262559, 42.535524720589422 ], [ 141.98226082997337, 42.545206107675767 ], [ 142.011367496812568, 42.539889721333623 ], [ 142.012464449374875, 42.54609444090579 ], [ 142.034576887213689, 42.552093440559872 ], [ 142.051378885027589, 42.562695558952953 ], [ 142.060551945615885, 42.57315166701585 ], [ 142.084218884993561, 42.574706666779321 ], [ 142.090753891378995, 42.581861108203611 ], [ 142.089689728098506, 42.585057225010985 ], [ 142.097542217899104, 42.584673054417976 ], [ 142.119362217792172, 42.593288332990255 ], [ 142.122062775776499, 42.596074721371338 ], [ 142.120376667449364, 42.613468332797368 ], [ 142.131320271913069, 42.637481387056425 ], [ 142.137488884604409, 42.641181667400076 ], [ 142.136813891248153, 42.65219083783694 ], [ 142.148616666625912, 42.661005559059333 ], [ 142.148098053682247, 42.671718613323378 ], [ 142.160287497070385, 42.676044999876922 ], [ 142.160413891388089, 42.684306108340309 ], [ 142.16706389138551, 42.692443613082332 ], [ 142.185663332696663, 42.700769170560818 ], [ 142.189625278883568, 42.720173333332696 ], [ 142.212459169954741, 42.724085000222658 ], [ 142.210149170447949, 42.728287505164303 ], [ 142.219926393788114, 42.734315838005557 ], [ 142.219728053706831, 42.744845837965102 ], [ 142.230073332918096, 42.744088332710419 ], [ 142.235121946121012, 42.747515279406684 ], [ 142.24259805435679, 42.742070837699032 ], [ 142.245089727708887, 42.746252505348878 ], [ 142.264205550745601, 42.75455055886124 ], [ 142.265185005983312, 42.758984721068089 ], [ 142.298873891317044, 42.77320333266772 ], [ 142.297303060787726, 42.784154441074634 ], [ 142.305201114739702, 42.790706387090154 ], [ 142.30705888475984, 42.818156667296421 ], [ 142.311815551046948, 42.824936107615315 ], [ 142.304516109231145, 42.842399440781605 ], [ 142.311049727962654, 42.847434440946756 ], [ 142.307699728159946, 42.852744441203072 ], [ 142.318001387554091, 42.865037224788125 ], [ 142.316786938566452, 42.871503333212331 ], [ 142.311790272003464, 42.873251386842071 ], [ 142.313085278662697, 42.881370837694078 ], [ 142.322080830166215, 42.889937775008377 ], [ 142.339400000209935, 42.883831666997878 ], [ 142.360060829743588, 42.891489720674144 ], [ 142.381135005676015, 42.887166667008103 ], [ 142.395939727936138, 42.89958194634977 ], [ 142.397064162880838, 42.906370279165117 ], [ 142.404307224398963, 42.914258053866149 ], [ 142.39891888509851, 42.93157389192163 ], [ 142.40935834041511, 42.933713333203798 ], [ 142.425117496974963, 42.928541386975496 ], [ 142.42762250277633, 42.922268333316993 ], [ 142.432919442178559, 42.922347225444128 ], [ 142.443173890762523, 42.9115088920218 ], [ 142.465806667343941, 42.917217225394666 ], [ 142.474618339864605, 42.914649721207695 ], [ 142.486457497315769, 42.923459720989399 ], [ 142.492313890573655, 42.918894720914693 ], [ 142.498140271656325, 42.919642505397348 ], [ 142.498668340071845, 42.9146511079623 ], [ 142.503063605700959, 42.913971666559235 ], [ 142.521590829653178, 42.923271107975324 ], [ 142.528338340442133, 42.917418332689977 ], [ 142.532146393741186, 42.918234721055569 ], [ 142.534823061235329, 42.91062472085423 ], [ 142.54624944155853, 42.910881107677028 ], [ 142.551468053607891, 42.916650837765985 ], [ 142.560976394045383, 42.917367225117403 ], [ 142.572150830196733, 42.929183054154691 ], [ 142.57100027174522, 42.94187083796885 ], [ 142.58750666689923, 42.966308053873661 ], [ 142.614118611684603, 42.973221387057436 ], [ 142.631905836585133, 42.986276107756225 ], [ 142.666713061258861, 42.982074440982728 ], [ 142.678110829651132, 42.990775279255786 ], [ 142.690988884829267, 42.987762224846847 ], [ 142.708413605603482, 42.992291666627182 ], [ 142.727771946118537, 43.009803332957517 ], [ 142.734281945955104, 43.006634441326469 ], [ 142.734653891164157, 43.006521107862909 ] ] ] } },
{ "type": "Feature", "properties": { "code": "016010", "name": "石狩地方", "PrefCode": "01", "regioncode": "016010" }, "geometry": { "type": "MultiPolygon", "coordinates": [ [ [ [ 141.292305279265292, 43.222781720599983 ], [ 141.300685913923871, 43.221965504904176 ], [ 141.292240725928878, 43.222596837973754 ], [ 141.292305279265292, 43.222781720599983 ] ] ], [ [ [ 141.289449753703252, 43.22872264023772 ], [ 141.272436614857952, 43.206846585601511 ], [ 141.256269830688211, 43.197155504722843 ], [ 141.272258833278556, 43.206930171290423 ], [ 141.288949027375793, 43.228846531742079 ], [ 141.289449753703252, 43.22872264023772 ] ] ], [ [ [ 141.403906108979754, 43.737762774632415 ], [ 141.413876109195144, 43.726551387136851 ], [ 141.411673333157864, 43.718996107984026 ], [ 141.41733610867459, 43.711196946182156 ], [ 141.432249999637861, 43.710513054034266 ], [ 141.439117223681023, 43.707194999949365 ], [ 141.438831672743618, 43.703829720665112 ], [ 141.453384720628378, 43.700844440918274 ], [ 141.466208884832213, 43.701988332695464 ], [ 141.479999170025735, 43.687974440967707 ], [ 141.505599442260518, 43.67854833273941 ], [ 141.509997781772313, 43.668854721168486 ], [ 141.517194449064618, 43.666296107679273 ], [ 141.526649170123164, 43.647473054437967 ], [ 141.553834448900716, 43.633529441130861 ], [ 141.559785836647052, 43.628727225081434 ], [ 141.561018340424084, 43.620494721354362 ], [ 141.568361672753099, 43.619840558994667 ], [ 141.582877781884235, 43.610349170777681 ], [ 141.588199727835217, 43.595021946006057 ], [ 141.598102776222163, 43.589344441392882 ], [ 141.594879999912109, 43.583816387016725 ], [ 141.618203891096755, 43.577859440560758 ], [ 141.615970000315315, 43.571000558628953 ], [ 141.627660829883439, 43.55477138669022 ], [ 141.623516394166359, 43.541928891605096 ], [ 141.640073890597591, 43.52491027858656 ], [ 141.647135836749499, 43.522588053695756 ], [ 141.651438611602657, 43.513838892151227 ], [ 141.662703333392187, 43.514490558892248 ], [ 141.672538884961682, 43.498520837766478 ], [ 141.684141387615, 43.500573053803464 ], [ 141.71661277615874, 43.486752224935287 ], [ 141.727764448670428, 43.471384721327865 ], [ 141.722469170316003, 43.459760559402355 ], [ 141.712938884621849, 43.453854440829843 ], [ 141.701392218176352, 43.456666387044152 ], [ 141.676166667357847, 43.435855838376312 ], [ 141.663464721020091, 43.43416250489571 ], [ 141.656481673290614, 43.42248638733696 ], [ 141.651602218067978, 43.421173891561921 ], [ 141.652051673146275, 43.414220278642972 ], [ 141.644841388319492, 43.413837225007967 ], [ 141.641425279353257, 43.406233892380271 ], [ 141.619939999931148, 43.391188053785697 ], [ 141.609404163371551, 43.385693053991304 ], [ 141.597760558103346, 43.38489083804177 ], [ 141.595618053730277, 43.360305838343834 ], [ 141.581134162811395, 43.352710837934865 ], [ 141.583807781603923, 43.347388053815678 ], [ 141.596946393761073, 43.341683612708607 ], [ 141.604511388290007, 43.331093892369267 ], [ 141.605688611640176, 43.323522224870828 ], [ 141.601199728384813, 43.316762225196612 ], [ 141.608595278948997, 43.308175278866088 ], [ 141.611220829877425, 43.289833333241802 ], [ 141.626751672851469, 43.289618333219551 ], [ 141.620043332933506, 43.2835480541994 ], [ 141.654346394070899, 43.286125837637371 ], [ 141.657521946081033, 43.278441108270556 ], [ 141.657236666738868, 43.274459171053934 ], [ 141.64776555103947, 43.272995000119238 ], [ 141.646119170263546, 43.269615838000561 ], [ 141.664804163181657, 43.256712224989258 ], [ 141.658989727793823, 43.246110837744993 ], [ 141.672953061434669, 43.228066666643429 ], [ 141.654048612353677, 43.220848054094461 ], [ 141.659689170119123, 43.212958612949706 ], [ 141.646659441580027, 43.207156667346396 ], [ 141.648863332776614, 43.189476387125637 ], [ 141.633583060709725, 43.190199441151321 ], [ 141.610258340350242, 43.167887774701114 ], [ 141.638809442002184, 43.154552225404927 ], [ 141.638075278651286, 43.145691108158189 ], [ 141.646083060684759, 43.139671108434982 ], [ 141.649481114861601, 43.141111108291057 ], [ 141.668804163281607, 43.120674999551625 ], [ 141.583286939240907, 43.076996387373413 ], [ 141.590807223974252, 43.075481386756621 ], [ 141.587948340343701, 43.069403891576371 ], [ 141.590333890996362, 43.05717083826363 ], [ 141.573903890552174, 43.049384721128035 ], [ 141.573638612132299, 43.042208332648499 ], [ 141.564634721215498, 43.036542225143648 ], [ 141.570113891143251, 43.026949720753066 ], [ 141.568093333040906, 43.021757225015961 ], [ 141.580394162860443, 43.017133054047235 ], [ 141.580134449445382, 43.005498612870724 ], [ 141.58707306077315, 42.995980279166588 ], [ 141.594883606193548, 42.99209944103643 ], [ 141.595791673247163, 42.984658891994343 ], [ 141.608863061081479, 42.987804440822345 ], [ 141.624545278841651, 42.98133805360834 ], [ 141.620663332746631, 42.974747225404201 ], [ 141.632209441612531, 42.970414999552645 ], [ 141.63716749668265, 42.950313333393694 ], [ 141.645271945943591, 42.94873055896818 ], [ 141.652377224129623, 42.942190000168409 ], [ 141.650149442442853, 42.927978333133638 ], [ 141.660498612121273, 42.913963053751957 ], [ 141.65206722422306, 42.906742504962665 ], [ 141.654731115049003, 42.901152224695466 ], [ 141.651028611581182, 42.893012504923206 ], [ 141.65579167294743, 42.887125279308236 ], [ 141.664114162838359, 42.88500583804904 ], [ 141.669540830345113, 42.888995000418959 ], [ 141.681924163069766, 42.910912504808323 ], [ 141.688746394030886, 42.908306107640783 ], [ 141.690999442170551, 42.898676945984334 ], [ 141.699236108859395, 42.89548777464114 ], [ 141.704983060919631, 42.897563332581797 ], [ 141.709788885049079, 42.914975559074833 ], [ 141.740666666833249, 42.923279720782546 ], [ 141.747655006173659, 42.930531666703132 ], [ 141.747014448757909, 42.935031386789149 ], [ 141.755591388331936, 42.937739440622749 ], [ 141.75575221769077, 42.953175000425972 ], [ 141.768701672744101, 42.94716555874362 ], [ 141.781432776001907, 42.93230333293252 ], [ 141.791035836634592, 42.929006946213633 ], [ 141.804185550922512, 42.93120805400855 ], [ 141.828560829618709, 42.927419999833205 ], [ 141.852404162921857, 42.933037224688235 ], [ 141.869981388030737, 42.922046666620417 ], [ 141.859298612141288, 42.913357505144802 ], [ 141.835132503162527, 42.90710472130587 ], [ 141.815658339860533, 42.894301387199334 ], [ 141.806233060807131, 42.892598332946761 ], [ 141.790794162720545, 42.875969720825992 ], [ 141.794623890580169, 42.864564999774984 ], [ 141.791525550763595, 42.858726946391528 ], [ 141.795166939003138, 42.856623333200332 ], [ 141.785016666985712, 42.849160278624026 ], [ 141.78973250315255, 42.840416666795761 ], [ 141.764416109116155, 42.832658891794495 ], [ 141.767228612010854, 42.82673305378745 ], [ 141.776097781787257, 42.823223332590771 ], [ 141.772838611712586, 42.80884444111814 ], [ 141.762303332732699, 42.806922505369357 ], [ 141.754319999668269, 42.798417775060329 ], [ 141.756851114587334, 42.791965278774626 ], [ 141.724116108671524, 42.781071666724074 ], [ 141.706629727679797, 42.770373891941631 ], [ 141.648895836973338, 42.77655861328941 ], [ 141.604663333246322, 42.772273892326325 ], [ 141.575546939339802, 42.745596386963769 ], [ 141.566157223976802, 42.742575279125901 ], [ 141.54289416293534, 42.750776386620998 ], [ 141.531530272004488, 42.746707775443554 ], [ 141.502347782424295, 42.747607774679125 ], [ 141.460512503449308, 42.755375837924646 ], [ 141.451270829984878, 42.763345837640372 ], [ 141.439204448926262, 42.759991666782071 ], [ 141.406873606431873, 42.764765838372796 ], [ 141.412337781963174, 42.753725558587689 ], [ 141.413393333335762, 42.723060559097576 ], [ 141.401698053922132, 42.714915278817102 ], [ 141.386847496814539, 42.692120000137947 ], [ 141.374498340126365, 42.693556667106577 ], [ 141.370128885040117, 42.684125558647679 ], [ 141.358895006399507, 42.681188333275031 ], [ 141.341306666569494, 42.685143891577411 ], [ 141.311407497358232, 42.684236945978341 ], [ 141.288142776168229, 42.698620558891719 ], [ 141.284342776298104, 42.705268333067181 ], [ 141.270247224329978, 42.703783892312856 ], [ 141.269812502844843, 42.707278333128613 ], [ 141.258932217847587, 42.713837224608255 ], [ 141.251036666708842, 42.710553333069925 ], [ 141.243483061194411, 42.69777972065765 ], [ 141.220077782263957, 42.698398613405345 ], [ 141.214484448798316, 42.70168499966303 ], [ 141.191465836978864, 42.685789720819002 ], [ 141.188553890649587, 42.710911945829707 ], [ 141.181089999703772, 42.723530559188021 ], [ 141.176314448553057, 42.725123612864479 ], [ 141.172323606249506, 42.744282775130046 ], [ 141.174463606010704, 42.753690837562146 ], [ 141.180889170298997, 42.755908332803358 ], [ 141.181707224209049, 42.760935278640261 ], [ 141.191503060817695, 42.768731945722777 ], [ 141.199084163103748, 42.784350279242062 ], [ 141.172953060635336, 42.785185000287584 ], [ 141.160920271953046, 42.780729441410642 ], [ 141.155610557681143, 42.785827504735607 ], [ 141.140572217633803, 42.788947225034462 ], [ 141.133074449226569, 42.80388750480455 ], [ 141.123124720629448, 42.805403332797596 ], [ 141.094821115102491, 42.821085838340821 ], [ 141.093150830346644, 42.823044441248044 ], [ 141.1006341628364, 42.82774805382968 ], [ 141.094218611599672, 42.842480279041695 ], [ 141.103647224439896, 42.847423053731006 ], [ 141.097513061178915, 42.855384170842854 ], [ 141.101028885174969, 42.868725838226908 ], [ 141.107117224380431, 42.872512504748329 ], [ 141.104282502835304, 42.879011666854979 ], [ 141.09926333343617, 42.88369472093467 ], [ 141.086851672966418, 42.879227774841979 ], [ 141.078835550620283, 42.885627775001865 ], [ 141.039509999786674, 42.88536944114685 ], [ 141.034034721225453, 42.906060837737527 ], [ 141.026812503294423, 42.913164721075077 ], [ 141.033758612270162, 42.917818612838744 ], [ 141.052748339564232, 42.952588612774321 ], [ 141.012234162876325, 42.965965000284598 ], [ 141.006356938621934, 42.978629720984884 ], [ 141.000070000330311, 42.978656386782859 ], [ 140.997785278967513, 42.990454721308367 ], [ 140.992869170076233, 42.99456861335085 ], [ 140.99913888455194, 43.000732224912326 ], [ 140.999998884640831, 43.012748332969238 ], [ 140.990502775882419, 43.022976945829441 ], [ 141.010970830339602, 43.033391387402673 ], [ 141.020493060806189, 43.0329288921547 ], [ 141.044895278694185, 43.051436386779869 ], [ 141.046993333175806, 43.064480559330377 ], [ 141.058452502780824, 43.068560278933774 ], [ 141.065320557797577, 43.083741107566141 ], [ 141.059375836725508, 43.089333612756093 ], [ 141.069833060847145, 43.092276666634916 ], [ 141.062082776299121, 43.103627504805559 ], [ 141.06285888492971, 43.109395558558219 ], [ 141.071569999755752, 43.108781945730243 ], [ 141.075261387603064, 43.118205838029041 ], [ 141.09108999970374, 43.120480279241519 ], [ 141.102504721215951, 43.11535444125451 ], [ 141.10846250314205, 43.119335559188755 ], [ 141.111766667198026, 43.113991667081848 ], [ 141.134029727989628, 43.105901946018037 ], [ 141.135332502992696, 43.093601666583709 ], [ 141.143378612333208, 43.094789170983518 ], [ 141.158241946109001, 43.088660278649002 ], [ 141.167267223803378, 43.094034720725858 ], [ 141.184823606224541, 43.118280837890381 ], [ 141.202498054341845, 43.124668892355544 ], [ 141.189720830252213, 43.133192225141158 ], [ 141.1876133328891, 43.140262775107033 ], [ 141.223308054423228, 43.16020666690423 ], [ 141.238018884763733, 43.15185805440575 ], [ 141.266770271730707, 43.173209720652153 ], [ 141.270365227073626, 43.170609332754566 ], [ 141.28291111495605, 43.180144999991796 ], [ 141.292543060913545, 43.182624170968779 ], [ 141.293856251864554, 43.193303026713352 ], [ 141.289411115230791, 43.208524081121482 ], [ 141.295415771620583, 43.212429171269264 ], [ 141.295528858669968, 43.20633774828849 ], [ 141.307902191832795, 43.212598305867175 ], [ 141.298806108714984, 43.214556666856765 ], [ 141.304815006307535, 43.218570117217212 ], [ 141.300500389181707, 43.219935387008547 ], [ 141.309621673101788, 43.214808747725556 ], [ 141.300735161698412, 43.221273505368003 ], [ 141.309320532416677, 43.223594296739464 ], [ 141.306939350670518, 43.221822874226291 ], [ 141.315407652141516, 43.220598063250065 ], [ 141.33026372209315, 43.231335945997159 ], [ 141.367786693401285, 43.267533694324584 ], [ 141.37212258129216, 43.273679440853584 ], [ 141.368183307014078, 43.277595586367283 ], [ 141.372036056618754, 43.27390649538853 ], [ 141.387844163277578, 43.287789441329721 ], [ 141.423499169850857, 43.328236945878416 ], [ 141.421033086707666, 43.341512279268329 ], [ 141.427018054239852, 43.358081667435044 ], [ 141.424181945940063, 43.356269440882045 ], [ 141.42845306105994, 43.359730559118077 ], [ 141.424790000058465, 43.371160278624018 ], [ 141.43185888537937, 43.389906946148699 ], [ 141.430265837098773, 43.400234505118362 ], [ 141.427585083984468, 43.398201945563414 ], [ 141.43020000042975, 43.403309000310173 ], [ 141.427658611655716, 43.420994721429281 ], [ 141.392059169695017, 43.472483612828512 ], [ 141.392158974657036, 43.476874505054411 ], [ 141.389086666616436, 43.476291667026885 ], [ 141.387384162748958, 43.481446386741425 ], [ 141.374430558223708, 43.491488053930595 ], [ 141.371924448954246, 43.501904440737405 ], [ 141.357721388431401, 43.517978892412032 ], [ 141.361973891182174, 43.53108250475384 ], [ 141.360682218309762, 43.538826108238368 ], [ 141.375927224361931, 43.55734972141255 ], [ 141.383092776010812, 43.576145559370104 ], [ 141.385632022599793, 43.591321721420343 ], [ 141.382799052934047, 43.604518026885501 ], [ 141.379940143223052, 43.602402973418521 ], [ 141.380846393646266, 43.606808892416495 ], [ 141.364750830386583, 43.618304441396901 ], [ 141.360943332868601, 43.631481945635358 ], [ 141.351077496629273, 43.643284721013117 ], [ 141.349434721235411, 43.667549107905074 ], [ 141.338217782224888, 43.685178332713917 ], [ 141.338870752083608, 43.693604413712762 ], [ 141.328538054387764, 43.714962225026738 ], [ 141.328752503125543, 43.724997224642266 ], [ 141.337350000302308, 43.737470558819268 ], [ 141.371363605645911, 43.727612224724453 ], [ 141.39295693861186, 43.737565558703636 ], [ 141.402959169630094, 43.73777194591861 ], [ 141.403906108979754, 43.737762774632415 ] ] ] ] } },
{ "type": "Feature", "properties": { "code": "016020", "name": "空知地方", "PrefCode": "01", "regioncode": "016020" }, "geometry": { "type": "Polygon", "coordinates": [ [ [ 142.074220000352852, 44.048947225034453 ], [ 142.096203333317249, 44.04362555877259 ], [ 142.096781387850797, 44.033578332873844 ], [ 142.087889727828724, 44.026762225396453 ], [ 142.097112217854601, 44.007054440709908 ], [ 142.095559999694274, 44.000734170845362 ], [ 142.102060558448102, 43.997403332897534 ], [ 142.104562502957265, 43.98612722479163 ], [ 142.112746393831117, 43.977160558612923 ], [ 142.111985278697716, 43.971538613216467 ], [ 142.105323061410218, 43.965323332905541 ], [ 142.115111387780416, 43.955933053667536 ], [ 142.113898053952084, 43.948558612889713 ], [ 142.119816666805832, 43.946786945761005 ], [ 142.122195279188873, 43.932595278749147 ], [ 142.139686109126728, 43.919043613372139 ], [ 142.149380271982068, 43.905357504745098 ], [ 142.148752217840638, 43.899055838256402 ], [ 142.162006108694982, 43.892357774891423 ], [ 142.158518053965054, 43.886271108424978 ], [ 142.159189441939247, 43.875134441101636 ], [ 142.170471946023554, 43.869116107822151 ], [ 142.179173891362097, 43.870881666755565 ], [ 142.187944162693043, 43.866874170806398 ], [ 142.205316393636735, 43.867704171310493 ], [ 142.215597782311875, 43.86437861328244 ], [ 142.219927497256208, 43.854022505334399 ], [ 142.208619727618384, 43.83789833284186 ], [ 142.216714162928383, 43.834448332924296 ], [ 142.214308053773721, 43.82929972140505 ], [ 142.230508340387701, 43.811281666615685 ], [ 142.238065551284194, 43.808211667134799 ], [ 142.240082775599717, 43.799175279215831 ], [ 142.227872503013714, 43.79570777489397 ], [ 142.221970829790052, 43.788135837598873 ], [ 142.226583891433506, 43.776031945817692 ], [ 142.211060271814176, 43.768978613372383 ], [ 142.211173891262092, 43.765599999840163 ], [ 142.195254163448908, 43.751675559179773 ], [ 142.199537781843219, 43.734322224790901 ], [ 142.171267497097347, 43.728160559362379 ], [ 142.173424720674348, 43.720987775365586 ], [ 142.178530271754653, 43.720934441071677 ], [ 142.177424720774297, 43.71437777541405 ], [ 142.182383605918744, 43.716973612742095 ], [ 142.184115279296748, 43.712399170685217 ], [ 142.17788555137713, 43.711045279116377 ], [ 142.181425279353221, 43.707459171303753 ], [ 142.177646108681074, 43.700259171123889 ], [ 142.178863061381207, 43.6863958375979 ], [ 142.175009999711733, 43.681684441383936 ], [ 142.180079442112628, 43.67950333271267 ], [ 142.177978053844186, 43.673240278615992 ], [ 142.195167781767736, 43.653975559324635 ], [ 142.195290558112788, 43.645811666675115 ], [ 142.199693890660569, 43.641014171167114 ], [ 142.220698340356194, 43.649473613416603 ], [ 142.248380272431746, 43.653997504581241 ], [ 142.257563060986513, 43.660819999943101 ], [ 142.267336938848757, 43.660366387299007 ], [ 142.277828884895143, 43.653315558566248 ], [ 142.277158053601397, 43.646759170799157 ], [ 142.287438053723235, 43.642244171231596 ], [ 142.292983891293602, 43.632069441251758 ], [ 142.286835006130673, 43.619859999639345 ], [ 142.291138885351302, 43.611967505296207 ], [ 142.28279916984593, 43.60302805440125 ], [ 142.286449441588502, 43.594301667288164 ], [ 142.285322776325188, 43.585512774594918 ], [ 142.291327496566737, 43.579457224671216 ], [ 142.287732218367296, 43.574348332609532 ], [ 142.298892776180764, 43.563934441421395 ], [ 142.301247223780365, 43.551854720718836 ], [ 142.309462776186251, 43.548295278704188 ], [ 142.31323416322607, 43.551398332766894 ], [ 142.32178472118801, 43.544303332932543 ], [ 142.320503606356397, 43.531747774640166 ], [ 142.326093891120195, 43.529893612700107 ], [ 142.327473890907413, 43.5211358383483 ], [ 142.331737781773313, 43.52125694555167 ], [ 142.337027224426947, 43.506054440560035 ], [ 142.347765551439124, 43.505355278823117 ], [ 142.364092217981579, 43.495111107691514 ], [ 142.368180830081315, 43.486982505338403 ], [ 142.355330000079448, 43.472017505003919 ], [ 142.361042217624345, 43.456049721017848 ], [ 142.361330272274358, 43.441561667137307 ], [ 142.368121387592055, 43.43583194608749 ], [ 142.366454449213506, 43.430249999837656 ], [ 142.361643060978508, 43.42878944058026 ], [ 142.367681114591846, 43.425253333274782 ], [ 142.355451946350286, 43.417432774802762 ], [ 142.351770558064914, 43.401870558979169 ], [ 142.340799442440357, 43.39138472112802 ], [ 142.341764720765354, 43.385201945913138 ], [ 142.35098555064269, 43.378334720970656 ], [ 142.302297223637993, 43.358561107709022 ], [ 142.29272805395658, 43.351046108291314 ], [ 142.289858053806256, 43.343444441208021 ], [ 142.296842502679397, 43.329346387325984 ], [ 142.28143360597619, 43.322628332931288 ], [ 142.278375837275121, 43.310162775191998 ], [ 142.271668885011081, 43.302626945677048 ], [ 142.272703061297307, 43.297588332935277 ], [ 142.286328339781107, 43.288764999804926 ], [ 142.288865837188723, 43.280924441309992 ], [ 142.28512888518992, 43.277574170811363 ], [ 142.286591115387751, 43.269038612641907 ], [ 142.278237497262808, 43.252706387389935 ], [ 142.280176939214471, 43.235313053854384 ], [ 142.276294163045236, 43.233186107752715 ], [ 142.283864163200633, 43.213341946273829 ], [ 142.281512218414264, 43.201795000139214 ], [ 142.284091387707463, 43.197883053560133 ], [ 142.27031306079914, 43.188357224906042 ], [ 142.266286394001895, 43.171860278928762 ], [ 142.255609169627519, 43.160409440643207 ], [ 142.25737167266459, 43.155457775256195 ], [ 142.253473061232853, 43.150315000337059 ], [ 142.263909170172155, 43.136670559099059 ], [ 142.253091945636811, 43.133136387134584 ], [ 142.254973061157898, 43.124569171030487 ], [ 142.243128053616829, 43.112659999559412 ], [ 142.243478053569333, 43.105756108357753 ], [ 142.250976108860414, 43.099685278952506 ], [ 142.249607782273415, 43.092710279256039 ], [ 142.263172218023556, 43.084041667289171 ], [ 142.26815111488213, 43.066976946029286 ], [ 142.294318340419181, 43.051045559405111 ], [ 142.320714721307354, 43.046598053957098 ], [ 142.324898339586753, 43.039482775309864 ], [ 142.323391946381321, 43.035716946080242 ], [ 142.330182218134951, 43.031666946372525 ], [ 142.32033055790896, 43.023588332835345 ], [ 142.305004720791317, 43.019951387246749 ], [ 142.288618611759603, 43.009857224831137 ], [ 142.291464721419857, 43.00215944090553 ], [ 142.284419728387775, 42.98494750512333 ], [ 142.279789999608852, 42.981124999719043 ], [ 142.271926666682361, 42.987137224803121 ], [ 142.262765550889526, 42.982468053557852 ], [ 142.255254449133531, 42.966613054448942 ], [ 142.238640829610631, 42.974168613290942 ], [ 142.223525279168371, 42.970288053950583 ], [ 142.223674162832367, 42.962883054209613 ], [ 142.211138885151513, 42.960117225229794 ], [ 142.201942218258864, 42.952326107863655 ], [ 142.186168053812708, 42.951465837978105 ], [ 142.183381115046473, 42.957719720788532 ], [ 142.177652217775744, 42.959339441162342 ], [ 142.162575837305099, 42.950573892171462 ], [ 142.152529442379887, 42.954750000212414 ], [ 142.143744163162637, 42.947656387132611 ], [ 142.144938339632745, 42.926382774845251 ], [ 142.13721000034127, 42.927116386911791 ], [ 142.127279441692963, 42.919476666814774 ], [ 142.110534449205488, 42.914849440849082 ], [ 142.112274721001654, 42.904069720741063 ], [ 142.10628583692187, 42.900856387312501 ], [ 142.107077224134628, 42.893904171040731 ], [ 142.080568339857109, 42.868683332669718 ], [ 142.06441833973463, 42.874067224822625 ], [ 142.054815550697185, 42.860297775122262 ], [ 142.043576667329376, 42.862395837697818 ], [ 142.022756109207194, 42.849074441032656 ], [ 142.006429441765363, 42.844918054224877 ], [ 141.993465279199313, 42.849510559165026 ], [ 141.981663606390384, 42.836974999996301 ], [ 141.969906666759357, 42.843830558933178 ], [ 141.960388885238899, 42.843634441076631 ], [ 141.939603890807007, 42.880145559070343 ], [ 141.928678340233319, 42.888022774831256 ], [ 141.91751167332518, 42.890078332748885 ], [ 141.913959169580039, 42.900688892178664 ], [ 141.880085550907552, 42.9129883334449 ], [ 141.859260829823484, 42.930938892316078 ], [ 141.852404162921857, 42.933037224688235 ], [ 141.828560829618709, 42.927419999833205 ], [ 141.804185550922512, 42.93120805400855 ], [ 141.7911711153547, 42.928975837764767 ], [ 141.781432776001907, 42.93230333293252 ], [ 141.768701672744101, 42.94716555874362 ], [ 141.75575221769077, 42.953175000425972 ], [ 141.755591388331936, 42.937739440622749 ], [ 141.747014448757909, 42.935031386789149 ], [ 141.747655006173659, 42.930531666703132 ], [ 141.740666666833249, 42.923279720782546 ], [ 141.709788885049079, 42.914975559074833 ], [ 141.704983060919631, 42.897563332581797 ], [ 141.699236108859395, 42.89548777464114 ], [ 141.690999442170551, 42.898676945984334 ], [ 141.688746394030886, 42.908306107640783 ], [ 141.681924163069766, 42.910912504808323 ], [ 141.669540830345113, 42.888995000418959 ], [ 141.664114162838359, 42.88500583804904 ], [ 141.65579167294743, 42.887125279308236 ], [ 141.651028611581182, 42.893012504923206 ], [ 141.654731115049003, 42.901152224695466 ], [ 141.65206722422306, 42.906742504962665 ], [ 141.660498612121273, 42.913963053751957 ], [ 141.650149442442853, 42.927978333133638 ], [ 141.652377224129623, 42.942190000168409 ], [ 141.645271945943591, 42.94873055896818 ], [ 141.63716749668265, 42.950313333393694 ], [ 141.632209441612531, 42.970414999552645 ], [ 141.620663332746631, 42.974747225404201 ], [ 141.625039441916783, 42.979921386662738 ], [ 141.622815836681639, 42.982881945845179 ], [ 141.608227781786809, 42.987856667151505 ], [ 141.595344163402501, 42.984991946021523 ], [ 141.594883606193548, 42.99209944103643 ], [ 141.58707306077315, 42.995980279166588 ], [ 141.580134449445382, 43.005498612870724 ], [ 141.580821387596984, 43.016560279433406 ], [ 141.568228885155008, 43.021569720865955 ], [ 141.570113891143251, 43.026949720753066 ], [ 141.564316938575871, 43.035526666622445 ], [ 141.573638612132299, 43.042208332648499 ], [ 141.573903890552174, 43.049384721128035 ], [ 141.590000829774567, 43.056316666680857 ], [ 141.587948340343701, 43.069403891576371 ], [ 141.590807223974252, 43.075481386756621 ], [ 141.583286939240907, 43.076996387373413 ], [ 141.668804163281607, 43.120674999551625 ], [ 141.649481114861601, 43.141111108291057 ], [ 141.646083060684759, 43.139671108434982 ], [ 141.638075278651286, 43.145691108158189 ], [ 141.638809442002184, 43.154552225404927 ], [ 141.610258340350242, 43.167887774701114 ], [ 141.633583060709725, 43.190199441151321 ], [ 141.648863332776614, 43.189476387125637 ], [ 141.646659441580027, 43.207156667346396 ], [ 141.659689170119123, 43.212958612949706 ], [ 141.654048612353677, 43.220848054094461 ], [ 141.672984162688977, 43.228483333339227 ], [ 141.658989727793823, 43.246110837744993 ], [ 141.664804163181657, 43.256712224989258 ], [ 141.646119170263546, 43.269615838000561 ], [ 141.64776555103947, 43.272995000119238 ], [ 141.657586394196755, 43.274900559213506 ], [ 141.654346394070899, 43.286125837637371 ], [ 141.620043332933506, 43.2835480541994 ], [ 141.626751672851469, 43.289618333219551 ], [ 141.611220829877425, 43.289833333241802 ], [ 141.608595278948997, 43.308175278866088 ], [ 141.601199728384813, 43.316762225196612 ], [ 141.605688611640176, 43.323522224870828 ], [ 141.604511388290007, 43.331093892369267 ], [ 141.596946393761073, 43.341683612708607 ], [ 141.583807781603923, 43.347388053815678 ], [ 141.581134162811395, 43.352710837934865 ], [ 141.595618053730277, 43.360305838343834 ], [ 141.597760558103346, 43.38489083804177 ], [ 141.609404163371551, 43.385693053991304 ], [ 141.619939999931148, 43.391188053785697 ], [ 141.641425279353257, 43.406233892380271 ], [ 141.644841388319492, 43.413837225007967 ], [ 141.652051673146275, 43.414220278642972 ], [ 141.651602218067978, 43.421173891561921 ], [ 141.656481673290614, 43.42248638733696 ], [ 141.663464721020091, 43.43416250489571 ], [ 141.676166667357847, 43.435855838376312 ], [ 141.701392218176352, 43.456666387044152 ], [ 141.712938884621849, 43.453854440829843 ], [ 141.722469170316003, 43.459760559402355 ], [ 141.727764448670428, 43.471384721327865 ], [ 141.71661277615874, 43.486752224935287 ], [ 141.684141387615, 43.500573053803464 ], [ 141.672538884961682, 43.498520837766478 ], [ 141.662703333392187, 43.514490558892248 ], [ 141.651438611602657, 43.513838892151227 ], [ 141.647135836749499, 43.522588053695756 ], [ 141.640073890597591, 43.52491027858656 ], [ 141.623516394166359, 43.541928891605096 ], [ 141.627660829883439, 43.55477138669022 ], [ 141.615970000315315, 43.571000558628953 ], [ 141.618203891096755, 43.577859440560758 ], [ 141.594879999912109, 43.583816387016725 ], [ 141.598102776222163, 43.589344441392882 ], [ 141.588199727835217, 43.595021946006057 ], [ 141.582877781884235, 43.610349170777681 ], [ 141.568361672753099, 43.619840558994667 ], [ 141.561018340424084, 43.620494721354362 ], [ 141.559785836647052, 43.628727225081434 ], [ 141.553834448900716, 43.633529441130861 ], [ 141.526649170123164, 43.647473054437967 ], [ 141.517075005607126, 43.6664538919336 ], [ 141.509997781772313, 43.668854721168486 ], [ 141.50453167269859, 43.679335000310061 ], [ 141.49062527873366, 43.684441108070757 ], [ 141.492321388421374, 43.689193613194732 ], [ 141.505688054260304, 43.699595000209172 ], [ 141.511307496843528, 43.698491107578604 ], [ 141.521374163387009, 43.704688333100137 ], [ 141.525019169599091, 43.708115278897083 ], [ 141.52304805442418, 43.715661107973801 ], [ 141.53825805436577, 43.712156666696842 ], [ 141.550568884646395, 43.713698612800783 ], [ 141.60134916962852, 43.743780278736949 ], [ 141.613853605959207, 43.741890000023545 ], [ 141.617768340436669, 43.752707774943929 ], [ 141.632246938845242, 43.7598616668825 ], [ 141.640291673122306, 43.760796666832789 ], [ 141.647460557658633, 43.756255279357731 ], [ 141.662641114695703, 43.760052225130153 ], [ 141.686294449129605, 43.7480961081489 ], [ 141.693455550932981, 43.746328333285987 ], [ 141.699934162631621, 43.749658892443961 ], [ 141.704742503064153, 43.756774171091195 ], [ 141.698103891181745, 43.774143332648748 ], [ 141.699794163370029, 43.781202775088047 ], [ 141.694984721267929, 43.785783333434154 ], [ 141.698868611697094, 43.796210279181082 ], [ 141.711169999995604, 43.792324721408818 ], [ 141.721086666816291, 43.795165278654736 ], [ 141.733675006296608, 43.788594999959344 ], [ 141.742451387621486, 43.7899841710327 ], [ 141.741687497180351, 43.784577224759175 ], [ 141.748403891426506, 43.771893612899987 ], [ 141.761200557959455, 43.75814110822563 ], [ 141.769698885095522, 43.756496107909129 ], [ 141.775683606213533, 43.776770837803952 ], [ 141.770705278625769, 43.780268892095762 ], [ 141.770902776042362, 43.784531108423948 ], [ 141.804425278703661, 43.80130833261353 ], [ 141.806710271661814, 43.815530558588478 ], [ 141.798711115025981, 43.822739441372164 ], [ 141.798189170094133, 43.828166386769396 ], [ 141.810879999912117, 43.829412775179492 ], [ 141.814043332833648, 43.834625279033446 ], [ 141.823217781975131, 43.830478891787493 ], [ 141.830579727572399, 43.832271945693776 ], [ 141.82991082982096, 43.842568612951197 ], [ 141.845281946005116, 43.844636107570352 ], [ 141.846936108614614, 43.85130944137768 ], [ 141.858372776282636, 43.846646945799989 ], [ 141.860742775858512, 43.855439720866457 ], [ 141.858332776236693, 43.859125279308273 ], [ 141.867640271981031, 43.872206108225384 ], [ 141.865323605799858, 43.874203613106317 ], [ 141.868348339704198, 43.882539171045948 ], [ 141.9002586124451, 43.89753666658396 ], [ 141.893101387619026, 43.911362775371856 ], [ 141.88134111510044, 43.922448891802958 ], [ 141.889473332728244, 43.935119171212818 ], [ 141.885095005829953, 43.943285558581692 ], [ 141.899911946279417, 43.949164171389441 ], [ 141.901345278561848, 43.956697224697223 ], [ 141.929139169936775, 43.961177225348706 ], [ 141.931032776141819, 43.983245000156671 ], [ 141.949621115322316, 43.999583332704674 ], [ 141.963997224292484, 44.000288892218634 ], [ 141.98572833969115, 43.993285559381093 ], [ 141.991922503021215, 43.996690279332995 ], [ 141.996203606011704, 44.006294721324366 ], [ 142.020486108846967, 44.005901667228216 ], [ 142.028106393695225, 43.999379441108374 ], [ 142.040837496953031, 43.999613612877965 ], [ 142.043606394419612, 44.010921387012445 ], [ 142.059862776246177, 44.011817504774058 ], [ 142.053693605975241, 44.018791107823404 ], [ 142.058638885276423, 44.025091946036525 ], [ 142.055516939155495, 44.028025279143378 ], [ 142.061657781681333, 44.031453332905016 ], [ 142.058026938892226, 44.037081107707024 ], [ 142.05894583738052, 44.044163613260196 ], [ 142.07415610891735, 44.049147774750054 ], [ 142.074220000352852, 44.048947225034453 ] ] ] } },
{ "type": "Feature", "properties": { "code": "016030", "name": "後志地方", "PrefCode": "01", "regioncode": "016030" }, "geometry": { "type": "MultiPolygon", "coordinates": [ [ [ [ 140.081514721127519, 42.732323613044343 ], [ 140.079554720673855, 42.730500278964769 ], [ 140.081430829669102, 42.732250559315901 ], [ 140.081514721127519, 42.732323613044343 ] ] ], [ [ [ 140.234121970552565, 42.798423000121431 ], [ 140.236005110447536, 42.796883973216836 ], [ 140.233482361022197, 42.798947802199393 ], [ 140.234121970552565, 42.798423000121431 ] ] ], [ [ [ 140.507200116991839, 43.004155080592568 ], [ 140.506099922373551, 42.996576748218388 ], [ 140.507200506398362, 43.004160586242108 ], [ 140.507200116991839, 43.004155080592568 ] ] ], [ [ [ 141.024543968829107, 43.198004748020765 ], [ 141.029671478655928, 43.19066527917937 ], [ 141.024420337228889, 43.197956892396746 ], [ 141.024543968829107, 43.198004748020765 ] ] ], [ [ [ 141.02051033678265, 43.203335197961053 ], [ 141.023513671318938, 43.200068387246347 ], [ 141.014682244290157, 43.209665387347798 ], [ 141.020534642759571, 43.203345972738532 ], [ 141.02051033678265, 43.203335197961053 ] ] ], [ [ [ 141.017583839422741, 43.218592747757157 ], [ 141.017279688706708, 43.213370053685082 ], [ 141.017688417986164, 43.218665386898124 ], [ 141.017583839422741, 43.218592747757157 ] ] ], [ [ [ 140.602601115149355, 43.308105558924467 ], [ 140.599743060693754, 43.306972225188076 ], [ 140.60253833977265, 43.30816555899338 ], [ 140.602601115149355, 43.308105558924467 ] ] ], [ [ [ 140.482069727935709, 43.375697774732544 ], [ 140.50398972794369, 43.369930278559536 ], [ 140.508599611383033, 43.360197306360647 ], [ 140.513149170098131, 43.359782333088276 ], [ 140.509218443876193, 43.360074027294559 ], [ 140.512139727866156, 43.357008892246654 ], [ 140.527258612095352, 43.359327775256702 ], [ 140.527066393699215, 43.352658613404344 ], [ 140.540282503135131, 43.343376946189153 ], [ 140.541168053862634, 43.338719171152889 ], [ 140.548754448658997, 43.338252504849265 ], [ 140.562601672629171, 43.323963613030344 ], [ 140.570108339828039, 43.323294171189104 ], [ 140.578932503032661, 43.310451945900638 ], [ 140.590909999596875, 43.308951386597244 ], [ 140.594578339618693, 43.302393053596575 ], [ 140.607622477095674, 43.300711225143004 ], [ 140.600296134758878, 43.300965360063344 ], [ 140.606087613152908, 43.300190198418989 ], [ 140.606843553587169, 43.295684387224753 ], [ 140.626184941881661, 43.294475505040566 ], [ 140.630411946154481, 43.297970278605533 ], [ 140.634530169331924, 43.285837666974828 ], [ 140.646354449298428, 43.284552801970278 ], [ 140.641631440138895, 43.278093333240804 ], [ 140.644322943748875, 43.271998946094527 ], [ 140.640798586085907, 43.273485027212303 ], [ 140.641530362636217, 43.277814612654311 ], [ 140.636418392195083, 43.274895864752409 ], [ 140.638698275205343, 43.270306892349254 ], [ 140.641952944173113, 43.272144504965013 ], [ 140.638966809170938, 43.268804305974015 ], [ 140.642791051166114, 43.264414504625734 ], [ 140.687341387894776, 43.255530279299023 ], [ 140.695927782041622, 43.25070305400277 ], [ 140.708498054141955, 43.252601108254623 ], [ 140.711604720781338, 43.247479721012382 ], [ 140.71793972783621, 43.250074170686503 ], [ 140.727072503293471, 43.241924999938874 ], [ 140.735654720988691, 43.242206946393537 ], [ 140.734247392603152, 43.237794108011713 ], [ 140.738477781924189, 43.233765837723297 ], [ 140.746706109199636, 43.235608613346869 ], [ 140.748536939128485, 43.230851386782149 ], [ 140.753836912843326, 43.231396721281726 ], [ 140.758472387390839, 43.226288973157637 ], [ 140.774908274797099, 43.226870748186514 ], [ 140.782443865092318, 43.212420892110515 ], [ 140.778618832593111, 43.216509666987577 ], [ 140.77438391698422, 43.204676026877166 ], [ 140.78554500629707, 43.198989000242193 ], [ 140.791811854633465, 43.201015721398448 ], [ 140.789104280138531, 43.199883027080091 ], [ 140.792511166557119, 43.197906107680751 ], [ 140.790377392802498, 43.194831640367966 ], [ 140.816205576626089, 43.193947801949548 ], [ 140.84206152971592, 43.197288359770027 ], [ 140.844597911964115, 43.200442775014096 ], [ 140.849638171364631, 43.198726197655958 ], [ 140.857307173387426, 43.203526838093183 ], [ 140.853589299606597, 43.211924837761103 ], [ 140.860550414670001, 43.209971468008916 ], [ 140.853514772788571, 43.215460748115106 ], [ 140.861586977756929, 43.217780359576011 ], [ 140.867435551409585, 43.207472252042862 ], [ 140.872315253046509, 43.205454305571777 ], [ 140.891925252648321, 43.208020666720472 ], [ 140.894953773597877, 43.211210080880562 ], [ 140.913517328362104, 43.210802865160133 ], [ 140.920485188340876, 43.214276440805179 ], [ 140.91839583659862, 43.22266194619192 ], [ 140.924467496977513, 43.223631107789458 ], [ 140.925753605744376, 43.227641864680379 ], [ 140.953003695963844, 43.228079386654429 ], [ 140.978741309963539, 43.239368026813054 ], [ 141.009669780236209, 43.239858251756971 ], [ 141.017074863614084, 43.238310053566181 ], [ 141.016201802671162, 43.231867531661294 ], [ 141.014675136048709, 43.234620252122966 ], [ 141.013114136907916, 43.231549440554318 ], [ 141.020871219431342, 43.222789360340755 ], [ 141.018401699079163, 43.2177776400261 ], [ 141.017799027403271, 43.220181946040043 ], [ 141.013619558595792, 43.217837505196769 ], [ 141.014658975231555, 43.209814108234582 ], [ 141.003653358915471, 43.209830278944253 ], [ 141.001941984135328, 43.206619333215713 ], [ 141.00629319107793, 43.204848837903626 ], [ 141.00085306072026, 43.203335305879705 ], [ 141.002060467116962, 43.200651252253522 ], [ 141.007433553915462, 43.203270748046634 ], [ 141.004263916746481, 43.200906414199721 ], [ 141.008850558106815, 43.199959865155733 ], [ 141.006227197926933, 43.197814613353785 ], [ 141.011652088373239, 43.199660774924894 ], [ 141.013281284004165, 43.197125360347172 ], [ 141.008867886244047, 43.195560225224256 ], [ 141.014399636833787, 43.19535483805538 ], [ 141.013757134184516, 43.190003585896818 ], [ 141.018896445814335, 43.191425441031356 ], [ 141.026599637363461, 43.187084891954271 ], [ 141.022965914045812, 43.184807721299364 ], [ 141.027681310444223, 43.187222468442201 ], [ 141.030982724373303, 43.185147693811075 ], [ 141.027712865856188, 43.18715235999349 ], [ 141.029514643186303, 43.184034360097712 ], [ 141.025080272336709, 43.183875386939633 ], [ 141.034716472087553, 43.183296747846668 ], [ 141.030191803009416, 43.189914278721062 ], [ 141.038558392056188, 43.179581919170289 ], [ 141.0568098047288, 43.179752134753244 ], [ 141.100474668970833, 43.167931945802707 ], [ 141.127355031709385, 43.154400918967269 ], [ 141.161981362250117, 43.143929972989895 ], [ 141.243827030293232, 43.17380297282898 ], [ 141.264991555715824, 43.185636585959742 ], [ 141.266917691298431, 43.188115333355995 ], [ 141.26177197109962, 43.192300467892323 ], [ 141.264340505909672, 43.190546720654709 ], [ 141.276125772386536, 43.200685108131267 ], [ 141.28616185478586, 43.196538747864963 ], [ 141.292543060913545, 43.182624170968779 ], [ 141.289910558225756, 43.180754171068202 ], [ 141.28291111495605, 43.180144999991796 ], [ 141.270365227073626, 43.170609332754566 ], [ 141.266770271730707, 43.173209720652153 ], [ 141.238018884763733, 43.15185805440575 ], [ 141.223308054423228, 43.16020666690423 ], [ 141.1876133328891, 43.140262775107033 ], [ 141.189720830252213, 43.133192225141158 ], [ 141.202498054341845, 43.124668892355544 ], [ 141.184823606224541, 43.118280837890381 ], [ 141.172985006352974, 43.09975305366055 ], [ 141.158474162752441, 43.088696667017643 ], [ 141.143378612333208, 43.094789170983518 ], [ 141.134918054025093, 43.093829721164752 ], [ 141.134029727989628, 43.105901946018037 ], [ 141.111766667198026, 43.113991667081848 ], [ 141.10846250314205, 43.119335559188755 ], [ 141.102504721215951, 43.11535444125451 ], [ 141.09108999970374, 43.120480279241519 ], [ 141.075261387603064, 43.118205838029041 ], [ 141.071569999755752, 43.108781945730243 ], [ 141.06285888492971, 43.109395558558219 ], [ 141.062082776299121, 43.103627504805559 ], [ 141.069833060847145, 43.092276666634916 ], [ 141.059375836725508, 43.089333612756093 ], [ 141.065320557797577, 43.083741107566141 ], [ 141.058452502780824, 43.068560278933774 ], [ 141.046993333175806, 43.064480559330377 ], [ 141.044895278694185, 43.051436386779869 ], [ 141.020493060806189, 43.0329288921547 ], [ 141.010970830339602, 43.033391387402673 ], [ 140.990541673359644, 43.023088054370248 ], [ 140.999998884640831, 43.012748332969238 ], [ 140.99913888455194, 43.000732224912326 ], [ 140.992869170076233, 42.99456861335085 ], [ 140.997785278967513, 42.990454721308367 ], [ 141.000070000330311, 42.978656386782859 ], [ 141.006356938621934, 42.978629720984884 ], [ 141.012234162876325, 42.965965000284598 ], [ 141.052748339564232, 42.952588612774321 ], [ 141.033758612270162, 42.917818612838744 ], [ 141.026812503294423, 42.913164721075077 ], [ 141.034034721225453, 42.906060837737527 ], [ 141.039509999786674, 42.88536944114685 ], [ 141.078835550620283, 42.885627775001865 ], [ 141.086851672966418, 42.879227774841979 ], [ 141.09926333343617, 42.88369472093467 ], [ 141.10695917032956, 42.873216666715848 ], [ 141.098262218027003, 42.862840558744836 ], [ 141.097797496957014, 42.854179171031944 ], [ 141.103647224439896, 42.847423053731006 ], [ 141.094236667288442, 42.842624720954177 ], [ 141.1006341628364, 42.82774805382968 ], [ 141.093150830346644, 42.823044441248044 ], [ 141.071323891284578, 42.827413053669545 ], [ 141.064951115401755, 42.822673891786735 ], [ 141.06437389094242, 42.811489721373619 ], [ 141.079304720636401, 42.804711108430979 ], [ 141.087944163092743, 42.793463891945123 ], [ 141.089578611663683, 42.784834440956729 ], [ 141.08036306080669, 42.770689170868593 ], [ 141.0817177824498, 42.756625278633749 ], [ 141.076827496691635, 42.745508053753724 ], [ 141.059899441805896, 42.736211946124456 ], [ 141.042728612235692, 42.732999171174868 ], [ 141.039890000223409, 42.715656107943062 ], [ 141.017289441854359, 42.71780638695526 ], [ 141.01763805415294, 42.714747225204349 ], [ 141.011301115354286, 42.717566667267931 ], [ 141.010318884808726, 42.709483891668299 ], [ 141.000103891281583, 42.705343612617696 ], [ 140.990738053818177, 42.693098612710855 ], [ 140.989434162756424, 42.683578612562997 ], [ 140.969285278592793, 42.671183333244301 ], [ 140.943849170402927, 42.68409750519578 ], [ 140.919370830299613, 42.688498612820752 ], [ 140.890616667125528, 42.687676386955729 ], [ 140.855347781774753, 42.699384441239033 ], [ 140.837762218151965, 42.683807505312188 ], [ 140.811660557688697, 42.678083333079428 ], [ 140.7984902723083, 42.669812775439311 ], [ 140.779366939033025, 42.669734171095172 ], [ 140.777973605897273, 42.660881666655655 ], [ 140.764478053719245, 42.661185278677749 ], [ 140.762125837337635, 42.65768694559614 ], [ 140.758011946194415, 42.662329171354202 ], [ 140.755911114606306, 42.659307505037361 ], [ 140.750276939329297, 42.663038892031295 ], [ 140.75703749658328, 42.66913583774874 ], [ 140.755165005560571, 42.679414720912689 ], [ 140.762507223629541, 42.698746667224952 ], [ 140.745662502622508, 42.713567224747692 ], [ 140.724032503397325, 42.717506386610523 ], [ 140.691780830021344, 42.717392775256428 ], [ 140.669419441853847, 42.708418053850153 ], [ 140.655019999973092, 42.710343612967392 ], [ 140.630908612042845, 42.707373054223126 ], [ 140.613474163302044, 42.711611945734774 ], [ 140.597144162972768, 42.707230838132716 ], [ 140.562275005587139, 42.717219440824579 ], [ 140.565773060778156, 42.711763333111378 ], [ 140.562147223615511, 42.708924999888893 ], [ 140.566056667381304, 42.706474171046182 ], [ 140.564868885091073, 42.696885000442478 ], [ 140.57030027223982, 42.688146666735349 ], [ 140.569609441822308, 42.683015000242108 ], [ 140.576566667317934, 42.678425278703685 ], [ 140.574237223569071, 42.675076666554958 ], [ 140.577276394290266, 42.66473750543156 ], [ 140.560142218388705, 42.65808110765704 ], [ 140.567052776264632, 42.648960278793879 ], [ 140.556999169676033, 42.643819171217842 ], [ 140.556722775635649, 42.634861667332132 ], [ 140.550938339832555, 42.626458054095963 ], [ 140.533172502608977, 42.616114999807451 ], [ 140.545399169835832, 42.60580944095301 ], [ 140.531329441900311, 42.593421946165961 ], [ 140.489296667307372, 42.590458612574935 ], [ 140.479337496728135, 42.595676667044586 ], [ 140.4761305583786, 42.602390559376886 ], [ 140.46415277583003, 42.607385278907543 ], [ 140.452717224220578, 42.605156667146503 ], [ 140.430199999730235, 42.610511387090867 ], [ 140.431404720751289, 42.606417225274754 ], [ 140.425419999633391, 42.606633053572637 ], [ 140.425785005673561, 42.599095559412604 ], [ 140.407689441914272, 42.587600559018654 ], [ 140.393680557611674, 42.593067505361148 ], [ 140.385638884626928, 42.590744441402876 ], [ 140.358284448768359, 42.615175837794709 ], [ 140.344085006218165, 42.62171833283486 ], [ 140.330504449221053, 42.621444170911786 ], [ 140.315143061003482, 42.626662225381438 ], [ 140.312915005922832, 42.631965279274254 ], [ 140.309121387641994, 42.631710558895236 ], [ 140.310915837296079, 42.626743333438128 ], [ 140.305237497212829, 42.624043612722573 ], [ 140.291343060633835, 42.623328613025137 ], [ 140.277768885225896, 42.603970000015522 ], [ 140.27029583738306, 42.606550000282368 ], [ 140.267358885404292, 42.603680278921786 ], [ 140.248267223553626, 42.604135558908979 ], [ 140.238149999822667, 42.597616946265134 ], [ 140.222779728102068, 42.601819999793236 ], [ 140.213421673371613, 42.610318054434742 ], [ 140.193817781965095, 42.608061387423163 ], [ 140.188600830064274, 42.60317361257222 ], [ 140.185561115253336, 42.611899441206276 ], [ 140.176846109060762, 42.613225837802247 ], [ 140.172665006185184, 42.617610837670099 ], [ 140.156235550730116, 42.617152224795404 ], [ 140.151372776132803, 42.615653613423547 ], [ 140.147133333336683, 42.60570917104144 ], [ 140.148251115096969, 42.600403054057779 ], [ 140.157869441721459, 42.593017225164886 ], [ 140.156611673290172, 42.586275279380686 ], [ 140.152436394424171, 42.57975944114537 ], [ 140.143445279276307, 42.579343892306838 ], [ 140.14143306058736, 42.564837774643649 ], [ 140.128091387807331, 42.560558613289402 ], [ 140.127297496882079, 42.552678332639005 ], [ 140.117196109313113, 42.54498694559112 ], [ 140.076047224399986, 42.55954805409948 ], [ 140.05187306109292, 42.553681666675629 ], [ 140.040652218125388, 42.56011972074856 ], [ 140.027224721244011, 42.55598527919733 ], [ 140.021627223917335, 42.57203889178146 ], [ 140.009045551111399, 42.580813053579618 ], [ 140.001339442161566, 42.581630837693069 ], [ 139.994330830303625, 42.577794441360425 ], [ 139.974385279257262, 42.581463332666715 ], [ 139.960796393638702, 42.589171946228362 ], [ 139.93645360564949, 42.588858613434297 ], [ 139.931714163178185, 42.595979440898532 ], [ 139.942989169614521, 42.60758333300447 ], [ 139.939100271760253, 42.613688892428513 ], [ 139.918410271816697, 42.612390559177015 ], [ 139.910482775859464, 42.616786386882325 ], [ 139.887198612226257, 42.614051386662197 ], [ 139.884352502566003, 42.61638610763282 ], [ 139.871766666798294, 42.609819999993078 ], [ 139.856198885070512, 42.608866107984568 ], [ 139.838221115412239, 42.614283053819918 ], [ 139.823165279054479, 42.613055278678246 ], [ 139.83259888493069, 42.622935837718785 ], [ 139.842347782324396, 42.625721666721574 ], [ 139.841395551363689, 42.631265279369188 ], [ 139.846239441996659, 42.631844720657398 ], [ 139.846688611989862, 42.635829170579825 ], [ 139.854761673112762, 42.641254721128519 ], [ 139.856048340358711, 42.650095838352286 ], [ 139.86382416295487, 42.655644170642006 ], [ 139.86757888465786, 42.664874440702931 ], [ 139.898407781993569, 42.679783891713271 ], [ 139.940943060873678, 42.689783612723602 ], [ 139.956711115325788, 42.688041386700661 ], [ 139.972180272001992, 42.691056666931672 ], [ 139.983809364010995, 42.687925359767576 ], [ 139.989162502947238, 42.692104720656403 ], [ 140.003086278109322, 42.688575198186925 ], [ 139.998009636635516, 42.688930198370031 ], [ 140.001928495403831, 42.686554170638544 ], [ 140.018106109209612, 42.691194720959629 ], [ 140.029028248654868, 42.687733413865999 ], [ 140.053249247754593, 42.698212693860796 ], [ 140.065244863859448, 42.706849414069268 ], [ 140.067458611625739, 42.720921386712689 ], [ 140.073338884581972, 42.727736666813769 ], [ 140.076312088232385, 42.72552741385914 ], [ 140.093328612125788, 42.735689440914996 ], [ 140.105696419853984, 42.736178360043311 ], [ 140.10566861191694, 42.741092225126124 ], [ 140.11495807985159, 42.741778945641897 ], [ 140.113554721073569, 42.745881667205254 ], [ 140.130529584772603, 42.746575918643771 ], [ 140.144266393579301, 42.754554999713491 ], [ 140.150085006318022, 42.763919999908126 ], [ 140.146984162788954, 42.77116861294121 ], [ 140.15673389115625, 42.790440559184503 ], [ 140.175925278828572, 42.808658053926081 ], [ 140.186146394040861, 42.827746387385901 ], [ 140.20471500569306, 42.809480278891783 ], [ 140.224073332718149, 42.805206386665475 ], [ 140.229912775554226, 42.79677417139095 ], [ 140.238121140578187, 42.795249306110634 ], [ 140.232133890566615, 42.795805838069043 ], [ 140.237958053921147, 42.792715558876012 ], [ 140.236779170422437, 42.784930279009245 ], [ 140.246302775952358, 42.767968891651094 ], [ 140.277091388157146, 42.768662224881837 ], [ 140.304431673183217, 42.777453613193757 ], [ 140.310135278820098, 42.795503054322523 ], [ 140.303157781706318, 42.812254171193104 ], [ 140.304463061321258, 42.82870305380294 ], [ 140.347184916250967, 42.858300558923702 ], [ 140.358512970097536, 42.872631279110294 ], [ 140.358336667003641, 42.877470558919185 ], [ 140.364085005818424, 42.878069558663242 ], [ 140.376656667371321, 42.895718054144936 ], [ 140.376774448881747, 42.903321386772632 ], [ 140.390968339916981, 42.917113333013958 ], [ 140.390124449383848, 42.922843892231867 ], [ 140.401388054215431, 42.924298053712278 ], [ 140.417108054293294, 42.942517224790151 ], [ 140.502214720732809, 42.980776972879028 ], [ 140.510483942879773, 42.992693386590588 ], [ 140.509119611081246, 42.996865134718234 ], [ 140.510747588130698, 42.992685693789781 ], [ 140.506550220116651, 42.98740050492944 ], [ 140.510128689987141, 42.986796279224961 ], [ 140.50682747121084, 42.985719946318511 ], [ 140.516831829125636, 42.985727666998287 ], [ 140.510708560251942, 42.986326467992171 ], [ 140.518988559874174, 42.9885841980024 ], [ 140.520606782876825, 42.990767892224483 ], [ 140.513146498212336, 42.99224089180376 ], [ 140.51957138800924, 42.991218386919059 ], [ 140.522099493796645, 42.99684097263281 ], [ 140.518603695903948, 43.000199801979306 ], [ 140.512693450342567, 42.998993170798258 ], [ 140.522763449773493, 42.998717197640588 ], [ 140.527970052276146, 43.004022332564659 ], [ 140.531251414021654, 43.021560027073633 ], [ 140.529058948711622, 43.028432306206014 ], [ 140.506242217604267, 43.033412775079569 ], [ 140.511240557805536, 43.033575558665177 ], [ 140.508357496801068, 43.037411667214712 ], [ 140.503903891251639, 43.032356945816446 ], [ 140.508463774183952, 43.042673107677842 ], [ 140.495103838871159, 43.058271387214802 ], [ 140.495031672773507, 43.064953054140176 ], [ 140.485031672973378, 43.076496386798851 ], [ 140.464422503196033, 43.084912225418918 ], [ 140.461917781580382, 43.096756107908107 ], [ 140.458810584341109, 43.099031333329435 ], [ 140.457187367403094, 43.0964009728267 ], [ 140.460328053596868, 43.099434720635884 ], [ 140.459030000034545, 43.105214441293469 ], [ 140.449424720774346, 43.108192774676866 ], [ 140.450453061359781, 43.11283972097641 ], [ 140.440887782145523, 43.123274999841442 ], [ 140.442505006001284, 43.127955559201723 ], [ 140.436491672952457, 43.128539170646263 ], [ 140.427283061264347, 43.136338333347453 ], [ 140.42969868974285, 43.142212945970755 ], [ 140.423529363889088, 43.143760666621517 ], [ 140.424365667741426, 43.140541332916257 ], [ 140.422009999761713, 43.145507505267233 ], [ 140.403332776086813, 43.157481945935103 ], [ 140.359979169902886, 43.179300279384449 ], [ 140.344076394310264, 43.196665000089752 ], [ 140.346537782093037, 43.199406666984146 ], [ 140.3384711151499, 43.21123055934288 ], [ 140.332885550927472, 43.212538613366348 ], [ 140.324320000367834, 43.221935278690239 ], [ 140.334065006395008, 43.245799720880484 ], [ 140.33294194561438, 43.252392505110095 ], [ 140.336301388298466, 43.254436945608632 ], [ 140.330955279362684, 43.260305000375524 ], [ 140.326853890594634, 43.258855838226395 ], [ 140.340941114840689, 43.265826387178095 ], [ 140.338137782332865, 43.268893332561277 ], [ 140.343760830298152, 43.276001386954476 ], [ 140.336400829934405, 43.282157197796494 ], [ 140.342818637570076, 43.281194891730934 ], [ 140.347008910832642, 43.284849640298717 ], [ 140.355172775603137, 43.301688612839257 ], [ 140.355038300876913, 43.314790108177021 ], [ 140.360032218212382, 43.315694999724485 ], [ 140.35560444928592, 43.326140000260864 ], [ 140.346118611684687, 43.333714441268512 ], [ 140.366698885345386, 43.330062774677344 ], [ 140.379367756416855, 43.333290134831884 ], [ 140.376015811380626, 43.332847666586588 ], [ 140.380688612289646, 43.329303891661311 ], [ 140.393915278867098, 43.333133053847405 ], [ 140.39981138798521, 43.330363441419763 ], [ 140.406116393656703, 43.335422225055709 ], [ 140.416967496552843, 43.330278333178569 ], [ 140.429517223641028, 43.329586667290926 ], [ 140.460684162644043, 43.345745837800223 ], [ 140.45870389057211, 43.349567774833019 ], [ 140.464223255698812, 43.354599586002166 ], [ 140.46277997421646, 43.360075108279659 ], [ 140.471070661381987, 43.365186108352248 ], [ 140.461037497282746, 43.368122224860826 ], [ 140.461616938570955, 43.372187774746067 ], [ 140.481907781618929, 43.375720279367442 ], [ 140.482069727935709, 43.375697774732544 ] ] ] ] } },
{ "type": "Feature", "properties": { "code": "017010", "name": "渡島地方", "PrefCode": "01", "regioncode": "017010" }, "geometry": { "type": "MultiPolygon", "coordinates": [ [ [ [ 139.786488884554387, 41.362548333338964 ], [ 139.785380829861424, 41.360402774868191 ], [ 139.786488884554387, 41.362581666710582 ], [ 139.786488884554387, 41.362548333338964 ] ] ], [ [ [ 139.803696938862686, 41.365706387240039 ], [ 139.816206109224595, 41.364598891925368 ], [ 139.817012554685675, 41.361822774701352 ], [ 139.816145005687531, 41.364330559407847 ], [ 139.814608885391863, 41.357477225393666 ], [ 139.808527497046384, 41.353857505419569 ], [ 139.799036393914548, 41.352116667050609 ], [ 139.799958885194428, 41.357643612562697 ], [ 139.793898340436158, 41.358986946090738 ], [ 139.803604448986221, 41.365711667159758 ], [ 139.803696938862686, 41.365706387240039 ] ] ], [ [ [ 139.34083069987696, 41.525104946236354 ], [ 139.375281555599372, 41.522899558567815 ], [ 139.384166666758347, 41.508990892016129 ], [ 139.372065642015855, 41.501330413767619 ], [ 139.340001633768452, 41.495249747577816 ], [ 139.334349921711578, 41.516759919334845 ], [ 139.340792334798493, 41.525134667031296 ], [ 139.34083069987696, 41.525104946236354 ] ] ], [ [ [ 139.984108054043531, 41.55596999991559 ], [ 139.984917782030038, 41.558570838373555 ], [ 139.984144162722941, 41.555985837876165 ], [ 139.984108054043531, 41.55596999991559 ] ] ], [ [ [ 141.030955278863075, 41.717268332667459 ], [ 141.028956939411273, 41.715515838185411 ], [ 141.030933061111909, 41.717298333151632 ], [ 141.030955278863075, 41.717268332667459 ] ] ], [ [ [ 140.606578053934072, 41.75941180211305 ], [ 140.605543022392681, 41.756632387075058 ], [ 140.606552917882937, 41.759431865088573 ], [ 140.606578053934072, 41.75941180211305 ] ] ], [ [ [ 140.714928858779899, 41.769504279199168 ], [ 140.711850725830345, 41.770813505039257 ], [ 140.716450803961493, 41.771656613162236 ], [ 140.714928858779899, 41.769504279199168 ] ] ], [ [ [ 140.700000000399768, 41.794460251939142 ], [ 140.701761530370391, 41.785778305724307 ], [ 140.699957496641218, 41.794668441395515 ], [ 140.700000000399768, 41.794460251939142 ] ] ], [ [ [ 140.698861529735836, 41.805388225286435 ], [ 140.699757197836448, 41.797995666766667 ], [ 140.698819973862783, 41.805743441306845 ], [ 140.698861529735836, 41.805388225286435 ] ] ], [ [ [ 140.583501776685694, 42.112019441444147 ], [ 140.586865226748841, 42.111375945943223 ], [ 140.583483086974979, 42.111959360436174 ], [ 140.583501776685694, 42.112019441444147 ] ] ], [ [ [ 140.314148053789722, 42.631077224834087 ], [ 140.315143061003482, 42.626662225381438 ], [ 140.330504449221053, 42.621444170911786 ], [ 140.344085006218165, 42.62171833283486 ], [ 140.358284448768359, 42.615175837794709 ], [ 140.38546277578655, 42.590788613403845 ], [ 140.393680557611674, 42.593067505361148 ], [ 140.407587781650818, 42.587606107835654 ], [ 140.425785005673561, 42.599095559412604 ], [ 140.425419999633391, 42.606633053572637 ], [ 140.431404720751289, 42.606417225274754 ], [ 140.430199999730235, 42.610511387090867 ], [ 140.452717224220578, 42.605156667146503 ], [ 140.46415277583003, 42.607385278907543 ], [ 140.4761305583786, 42.602390559376886 ], [ 140.479337496728135, 42.595676667044586 ], [ 140.489296667307372, 42.590458612574935 ], [ 140.531131946282358, 42.59336722511739 ], [ 140.544156108917377, 42.603048613103056 ], [ 140.546507497023413, 42.599041666639664 ], [ 140.53711306111893, 42.58741027866148 ], [ 140.517079999742236, 42.589405000140687 ], [ 140.50985722423161, 42.583745559310159 ], [ 140.497555005858885, 42.586540838389055 ], [ 140.49285111538677, 42.58373610833479 ], [ 140.475865836639059, 42.589052224880334 ], [ 140.463230557943916, 42.583051666701124 ], [ 140.399954474619335, 42.53294855862913 ], [ 140.397427302328197, 42.529843053913851 ], [ 140.400651218978624, 42.528157333194429 ], [ 140.395449973737414, 42.527127613048947 ], [ 140.402130636119978, 42.528239586088091 ], [ 140.394632477406958, 42.527148306449249 ], [ 140.38684508413337, 42.519834170610523 ], [ 140.364268196819921, 42.493462198221948 ], [ 140.36790661459861, 42.49168769373216 ], [ 140.363992437700858, 42.490669838342399 ], [ 140.368820583902902, 42.491750559041122 ], [ 140.362597522657666, 42.491112440586733 ], [ 140.349418340284274, 42.473507775363601 ], [ 140.323865278859557, 42.434139720771554 ], [ 140.295284475298331, 42.378607413601287 ], [ 140.294496938982661, 42.373264973000175 ], [ 140.297218079750678, 42.372723440834193 ], [ 140.293503112578605, 42.370808946076068 ], [ 140.298977328141291, 42.373693467579528 ], [ 140.291309221843221, 42.366936468043605 ], [ 140.278558689631836, 42.326896252060465 ], [ 140.276308754945148, 42.310070945617724 ], [ 140.280747029751637, 42.308917558798328 ], [ 140.276663774013969, 42.30671346795225 ], [ 140.281791114768225, 42.309306081210707 ], [ 140.275946938800303, 42.303479720812504 ], [ 140.276171478830747, 42.279421748115226 ], [ 140.284351802993342, 42.256417332993578 ], [ 140.28901413669314, 42.255846946079771 ], [ 140.285990246352867, 42.255535080979257 ], [ 140.288080026172338, 42.251866721172291 ], [ 140.290268080307669, 42.256811108346028 ], [ 140.289790389215113, 42.250750837880901 ], [ 140.29562016883574, 42.243958639779464 ], [ 140.337699999555412, 42.227437720574414 ], [ 140.342517341302369, 42.229976738735559 ], [ 140.343788650825672, 42.227222621626765 ], [ 140.342184254000131, 42.230523639854141 ], [ 140.348195772217196, 42.224824838395648 ], [ 140.383990635959094, 42.223558413989679 ], [ 140.394114227789487, 42.220402558931028 ], [ 140.394479662806248, 42.2171121706902 ], [ 140.394137275614867, 42.221377000448285 ], [ 140.40948861210984, 42.201706107750738 ], [ 140.425843502076077, 42.192874224765717 ], [ 140.431036380924297, 42.193460044945198 ], [ 140.429636017788084, 42.189906432336045 ], [ 140.433938664038124, 42.19096817104429 ], [ 140.431266537220949, 42.194155306322386 ], [ 140.434328183798698, 42.193343017965958 ], [ 140.441473891007377, 42.181020000072976 ], [ 140.456360195266825, 42.178321774929998 ], [ 140.463209441862318, 42.165886667335883 ], [ 140.498313502166411, 42.147185694364339 ], [ 140.515333606261038, 42.128729999789698 ], [ 140.546163190678726, 42.115800306439041 ], [ 140.544839636839811, 42.118832946283476 ], [ 140.548991529735417, 42.113410748407375 ], [ 140.5793435804419, 42.108212252393571 ], [ 140.584168586211376, 42.110853054025256 ], [ 140.58498977965462, 42.108238586341713 ], [ 140.592019078617682, 42.112553612659156 ], [ 140.589459027112525, 42.109565838192907 ], [ 140.59935775605561, 42.11152453193165 ], [ 140.592453774022488, 42.111809134983673 ], [ 140.602021335716131, 42.115329107552327 ], [ 140.600598690077504, 42.112253802071336 ], [ 140.615668689858239, 42.114973000303792 ], [ 140.644841529712835, 42.127283053570125 ], [ 140.642323943295423, 42.124074748251076 ], [ 140.657497523392067, 42.12880158582459 ], [ 140.677108222666448, 42.12628522518304 ], [ 140.688826990573261, 42.129258080795864 ], [ 140.681352360822871, 42.126180640324321 ], [ 140.688510219671002, 42.125957693892531 ], [ 140.706159222370275, 42.137951532037619 ], [ 140.715237808278289, 42.136694081067049 ], [ 140.732986886635558, 42.124195775414762 ], [ 140.736691997237926, 42.123556891637293 ], [ 140.735532139796533, 42.126184135089829 ], [ 140.743345551356128, 42.12031027879641 ], [ 140.759160000034058, 42.116901666578713 ], [ 140.774054448554011, 42.085167224787654 ], [ 140.790168611592208, 42.076154999853429 ], [ 140.802617781885147, 42.076743892117008 ], [ 140.803675900822213, 42.056457595141978 ], [ 140.80746081726295, 42.057060810907728 ], [ 140.804092930844149, 42.056496999836725 ], [ 140.808248028923458, 42.053079505015205 ], [ 140.808471828811889, 42.057460703448783 ], [ 140.821447055737053, 42.034179873602341 ], [ 140.826748715680765, 42.034273287981932 ], [ 140.822263981897322, 42.034331639593518 ], [ 140.828364086033844, 42.029737026642522 ], [ 140.827412411753471, 42.034544170976744 ], [ 140.828610169323952, 42.030322666957545 ], [ 140.853086666716308, 42.013568891691079 ], [ 140.879360558143276, 42.00521917122785 ], [ 140.880687497030408, 42.001155278793135 ], [ 140.891286912960709, 41.997656666921671 ], [ 140.907621439577838, 41.984284550291818 ], [ 140.907335927311237, 41.987440279445366 ], [ 140.909615551316733, 41.9750683330372 ], [ 140.932035836984369, 41.953974720956637 ], [ 140.936090558132832, 41.938629441395676 ], [ 140.942967612665257, 41.933953820212707 ], [ 140.948571776666199, 41.935776243279065 ], [ 140.943375045122252, 41.936839413708014 ], [ 140.950804448866279, 41.936557505024894 ], [ 140.95255389104932, 41.924757774751583 ], [ 140.961186420416993, 41.915242171389139 ], [ 141.01090758821465, 41.893488559449509 ], [ 141.0227193900879, 41.89166625239568 ], [ 141.03297583696542, 41.895391107613591 ], [ 141.054103332802583, 41.892227774692117 ], [ 141.110926108653075, 41.873901387339231 ], [ 141.118148885063079, 41.865096108098953 ], [ 141.149400829784554, 41.853791108373002 ], [ 141.149487224056202, 41.849924171063719 ], [ 141.143463606360456, 41.847795838207446 ], [ 141.147008611558249, 41.830948612588429 ], [ 141.16409169877295, 41.821790693885475 ], [ 141.172893721568016, 41.820160296760321 ], [ 141.167192140305133, 41.824152098640468 ], [ 141.17788005222269, 41.82083958617801 ], [ 141.187440583915873, 41.80900650544595 ], [ 141.186571051013289, 41.802198170808992 ], [ 141.165055122695776, 41.793663341989713 ], [ 141.155982282556351, 41.784637306166815 ], [ 141.137036913422889, 41.783748505289338 ], [ 141.129977587895382, 41.785635532054187 ], [ 141.133316938825715, 41.787881387416121 ], [ 141.129039326104134, 41.789103801699127 ], [ 141.110326393947958, 41.785417774710595 ], [ 141.091526108842913, 41.767110559105049 ], [ 141.09339444859495, 41.762466108424235 ], [ 141.079888885163996, 41.757292775441272 ], [ 141.07645060970799, 41.74938127932262 ], [ 141.078741996845793, 41.743550559011169 ], [ 141.076536109154176, 41.745795279428648 ], [ 141.068158612230263, 41.738396108193911 ], [ 141.052632218202348, 41.734606946053759 ], [ 141.052849442247975, 41.72600889219666 ], [ 141.036031530031096, 41.72772419791346 ], [ 141.030028340435592, 41.718206667303889 ], [ 141.016887782145545, 41.722507505017404 ], [ 141.006512218264334, 41.715374999856408 ], [ 140.998211634059771, 41.713909972767055 ], [ 140.992840272160947, 41.717372775433319 ], [ 140.966937781853176, 41.710038558632618 ], [ 140.952662567823268, 41.71324638731096 ], [ 140.95719460414773, 41.711578332873842 ], [ 140.950831114664311, 41.715424720674378 ], [ 140.944110803870558, 41.728400945847 ], [ 140.923915550662173, 41.739703413981431 ], [ 140.884979143672581, 41.751968802418332 ], [ 140.87107041506772, 41.7521001079337 ], [ 140.874652243905985, 41.752558720808395 ], [ 140.861490195416195, 41.758779639868521 ], [ 140.835738470154297, 41.758953973447149 ], [ 140.786281724621972, 41.773787440737863 ], [ 140.765668003375708, 41.774125558847516 ], [ 140.737419389593242, 41.7682264405978 ], [ 140.71879002603896, 41.753181252213096 ], [ 140.722035136112709, 41.744761972786876 ], [ 140.702654383592971, 41.740233693829964 ], [ 140.692417030221804, 41.75655294636141 ], [ 140.697216057275341, 41.774106891619795 ], [ 140.699488520878617, 41.771045837695283 ], [ 140.70239871622789, 41.775803720765168 ], [ 140.701717198290112, 41.785305387333835 ], [ 140.705215266071718, 41.780326756674526 ], [ 140.710957224196591, 41.780431053750192 ], [ 140.705987977063501, 41.773995801964759 ], [ 140.711943917178132, 41.774210441358832 ], [ 140.710416226227949, 41.770620693989883 ], [ 140.714749221899183, 41.766612359872568 ], [ 140.724402970120991, 41.773598333096629 ], [ 140.725524941822641, 41.777256359693297 ], [ 140.722008520676809, 41.779924441359924 ], [ 140.72558771719946, 41.777789892389649 ], [ 140.72723530486553, 41.780392864938847 ], [ 140.721916225953123, 41.781962783555684 ], [ 140.726942776088322, 41.784750332961551 ], [ 140.723868611847024, 41.786612532142669 ], [ 140.727124189130109, 41.788090333202376 ], [ 140.724567198017894, 41.794011054066971 ], [ 140.717107275780222, 41.793941360205679 ], [ 140.718299611338011, 41.800415468099402 ], [ 140.71439530539908, 41.797695838192453 ], [ 140.711385719675263, 41.801804721011138 ], [ 140.715828340005942, 41.806686531558228 ], [ 140.70209843079806, 41.810516297189395 ], [ 140.70434172489081, 41.812771775297222 ], [ 140.698997950594958, 41.817046386981247 ], [ 140.67913033659579, 41.821692054444782 ], [ 140.660108520591848, 41.821900838353088 ], [ 140.647097782137052, 41.817427332605348 ], [ 140.650193385316584, 41.816112774684882 ], [ 140.639512411668534, 41.816423946408065 ], [ 140.627145719999021, 41.809734891552068 ], [ 140.618921724757911, 41.798484666833986 ], [ 140.620638637563161, 41.787460359907755 ], [ 140.61353444935537, 41.777586107812681 ], [ 140.61201627772914, 41.768465108078317 ], [ 140.604090077694991, 41.76204686517076 ], [ 140.605881854564018, 41.754840837734548 ], [ 140.60829128401565, 41.75652058605624 ], [ 140.602715058353283, 41.752553802416116 ], [ 140.601057497205829, 41.741798613115577 ], [ 140.589258248969031, 41.741371999917931 ], [ 140.577767665145643, 41.731378198245295 ], [ 140.561283333059464, 41.727781107911881 ], [ 140.540463333416142, 41.714828891939874 ], [ 140.536903994823547, 41.706929918880689 ], [ 140.536656278364603, 41.709747467871409 ], [ 140.532530830033807, 41.707781387101363 ], [ 140.527004163311517, 41.700540558599926 ], [ 140.483273891377053, 41.697515838185438 ], [ 140.47874167338955, 41.700641386990469 ], [ 140.461731388093199, 41.697315559165759 ], [ 140.441874889714427, 41.681161531879241 ], [ 140.434552775989914, 41.6589069462986 ], [ 140.428722217556356, 41.602913613372607 ], [ 140.431047690798323, 41.562587000189978 ], [ 140.439685551347225, 41.553452775025619 ], [ 140.429518053715242, 41.535035558844015 ], [ 140.420394916292366, 41.532057387338625 ], [ 140.408801673058861, 41.516776386820823 ], [ 140.398359728418768, 41.519494720804801 ], [ 140.385546108765993, 41.515014170667484 ], [ 140.362258053766254, 41.51537638701069 ], [ 140.352686667255966, 41.511914999877376 ], [ 140.349132503362398, 41.505843891682332 ], [ 140.336813216756582, 41.507062838179479 ], [ 140.309563943121589, 41.493435558704107 ], [ 140.258631218555934, 41.480903693950381 ], [ 140.256724305981948, 41.473495387402238 ], [ 140.261558832873902, 41.477962945933257 ], [ 140.255998339951475, 41.465824441045186 ], [ 140.246045253285843, 41.46214817080147 ], [ 140.243970557795024, 41.453190558997164 ], [ 140.238278885262389, 41.449769171010473 ], [ 140.240024331757581, 41.44526355856641 ], [ 140.239481387655928, 41.448284721262951 ], [ 140.236593606110091, 41.445685559141282 ], [ 140.241285253211913, 41.44517205434687 ], [ 140.223032308993879, 41.429669837692927 ], [ 140.216067496817573, 41.410084171047686 ], [ 140.196725253267914, 41.39785491916922 ], [ 140.183672334810467, 41.40181744092223 ], [ 140.168991673127266, 41.415608612847279 ], [ 140.145845005942306, 41.428142224983731 ], [ 140.119996108933378, 41.430253891603854 ], [ 140.092480583811948, 41.424797837850008 ], [ 140.090047781879662, 41.420701107570096 ], [ 140.08612194617092, 41.421501666968425 ], [ 140.09460927369912, 41.420977801984009 ], [ 140.088560921049748, 41.417825332872894 ], [ 140.084142775768555, 41.423274999641592 ], [ 140.074981672566196, 41.42432750501041 ], [ 140.047609170227133, 41.446044440798346 ], [ 140.040471634258552, 41.447320747854292 ], [ 140.042224967808124, 41.4445368649844 ], [ 140.038727223782416, 41.444040837614637 ], [ 140.040444448652465, 41.449962224876856 ], [ 140.02728917025911, 41.46242500011374 ], [ 140.029663139442391, 41.46788325181069 ], [ 140.025246666900216, 41.480365000044742 ], [ 140.013208340192818, 41.491796946272132 ], [ 140.016847223820378, 41.499357775141277 ], [ 140.012191387722396, 41.501305837994096 ], [ 140.012821673081817, 41.508533333146886 ], [ 140.008549441903256, 41.510261386753655 ], [ 140.007242503039151, 41.519284721013094 ], [ 140.000387782270423, 41.524609414393012 ], [ 140.002075279150858, 41.530835838203416 ], [ 139.998645005862386, 41.538553613158797 ], [ 139.990695772392087, 41.5426876671022 ], [ 139.991364721404807, 41.546630278764383 ], [ 139.987834448900799, 41.550639720846505 ], [ 139.987411361944851, 41.54679838723581 ], [ 139.985858391951297, 41.551110441293872 ], [ 139.982319441888762, 41.607898918800117 ], [ 139.995817781965116, 41.631962774862245 ], [ 140.012350830326568, 41.628949440764131 ], [ 140.026284162584147, 41.631863054436451 ], [ 140.027895836723587, 41.627875000031281 ], [ 140.035030000234428, 41.627474441092659 ], [ 140.049098612111379, 41.609707225208354 ], [ 140.059200558159318, 41.606321107732981 ], [ 140.062704449051125, 41.592738612696849 ], [ 140.067465836778979, 41.590186666781278 ], [ 140.09956083026816, 41.592374720916666 ], [ 140.11163916961209, 41.584607225143372 ], [ 140.116312776313634, 41.575795837707801 ], [ 140.130246393656194, 41.583217775280161 ], [ 140.150345005717554, 41.584319171392679 ], [ 140.164468053557925, 41.577495559072872 ], [ 140.194199441650994, 41.599997774777535 ], [ 140.194365005940313, 41.619682775140006 ], [ 140.200916109291029, 41.626848612773301 ], [ 140.214011387615528, 41.624261387353215 ], [ 140.225903060977544, 41.633962775361852 ], [ 140.235193891385052, 41.633265000379538 ], [ 140.245942503044148, 41.639223053900878 ], [ 140.258538340172322, 41.653183053754958 ], [ 140.281716938685804, 41.659849441198787 ], [ 140.281916667320388, 41.67078472063838 ], [ 140.289553060825142, 41.67389917091009 ], [ 140.296774448681958, 41.685562504605969 ], [ 140.302894721014582, 41.688568612651409 ], [ 140.29874221837872, 41.693199441301203 ], [ 140.3044016726991, 41.71643417100023 ], [ 140.319950557872062, 41.714403332747679 ], [ 140.324734449335438, 41.720144171216589 ], [ 140.342309999906661, 41.723881946094991 ], [ 140.34346500640504, 41.732940279270508 ], [ 140.350659169984738, 41.74114583840975 ], [ 140.341329169605501, 41.751016666785802 ], [ 140.349850829652155, 41.756599999790183 ], [ 140.351756939131519, 41.762032225107134 ], [ 140.349225279223333, 41.775306667268922 ], [ 140.353396939217419, 41.778423613159248 ], [ 140.353058053986047, 41.785516387171583 ], [ 140.372250271732696, 41.794445558815539 ], [ 140.378956393922522, 41.799243891592369 ], [ 140.378226394432659, 41.805568613101059 ], [ 140.388746938920121, 41.80893583761889 ], [ 140.398671115079992, 41.80532472055944 ], [ 140.409897223578014, 41.813694720734816 ], [ 140.422070558309656, 41.813188891654079 ], [ 140.430520830172213, 41.807957225045925 ], [ 140.434587782100493, 41.815051107922329 ], [ 140.427789441629443, 41.82393972104137 ], [ 140.427664720950133, 41.831253053785474 ], [ 140.43958749736521, 41.834987774566173 ], [ 140.446306394424596, 41.843196386903799 ], [ 140.456566109438427, 41.841441666599678 ], [ 140.460323606449379, 41.844574170761405 ], [ 140.46102111523237, 41.85099277519646 ], [ 140.447193606200017, 41.857056667231461 ], [ 140.447104720806237, 41.86137917141167 ], [ 140.460835550920024, 41.863769440807118 ], [ 140.464256393917481, 41.878783613373116 ], [ 140.468518885438243, 41.882707775443521 ], [ 140.466299999845205, 41.887738332957724 ], [ 140.470557224036725, 41.889636666898696 ], [ 140.473551388186024, 41.90087499988141 ], [ 140.453101672704065, 41.916745279371185 ], [ 140.449760272218896, 41.922953332730174 ], [ 140.453267912384263, 41.932308252423979 ], [ 140.443005005676582, 41.936269441381683 ], [ 140.457065836619108, 41.944914721337398 ], [ 140.460408612167726, 41.951851387431645 ], [ 140.470657781731347, 41.953278613317423 ], [ 140.464129999599891, 41.981962775062073 ], [ 140.470878612058414, 41.993763613300189 ], [ 140.453434162856411, 42.012275838359301 ], [ 140.424840272360711, 42.025196107714237 ], [ 140.408317496954965, 42.024054171063199 ], [ 140.391358612410045, 42.02830110790984 ], [ 140.37558693908602, 42.044334440781881 ], [ 140.359438885096552, 42.043433053892386 ], [ 140.359838884656824, 42.038034170940307 ], [ 140.349258340100391, 42.035395278569297 ], [ 140.339102503078152, 42.044742775258896 ], [ 140.321239441946773, 42.041791387362707 ], [ 140.311778054213846, 42.052926667032125 ], [ 140.280003891166757, 42.048186666981167 ], [ 140.262216108686516, 42.058193891934593 ], [ 140.248579728072059, 42.060007505242254 ], [ 140.245913061039005, 42.065417504714105 ], [ 140.23798834038962, 42.066758053941101 ], [ 140.220150829896966, 42.078609441272761 ], [ 140.228673891087283, 42.085084720983161 ], [ 140.221557782365835, 42.094189999668799 ], [ 140.209624162824866, 42.087516108281818 ], [ 140.20029608789423, 42.091131134694137 ], [ 140.191969202117093, 42.102650031873509 ], [ 140.190906092841942, 42.113258741397829 ], [ 140.181869551138902, 42.118563805275471 ], [ 140.188545555932706, 42.124373810602947 ], [ 140.187377163925021, 42.127454994952132 ], [ 140.176368371203466, 42.134709405914407 ], [ 140.169464448525559, 42.149958361789004 ], [ 140.162766625279573, 42.150675137647511 ], [ 140.139515018003749, 42.142443099769309 ], [ 140.121770340029229, 42.145375627083581 ], [ 140.108159438107691, 42.162032254884707 ], [ 140.108463867613409, 42.170347525018315 ], [ 140.100452849819249, 42.17848716834817 ], [ 140.092661561581849, 42.177980011868101 ], [ 140.085828947947675, 42.185045873668173 ], [ 140.084445682722162, 42.200961184011476 ], [ 140.096407237903804, 42.205118918903054 ], [ 140.093965404979485, 42.212560566017373 ], [ 140.078721554556182, 42.209582660711249 ], [ 140.062107378352948, 42.214882757633234 ], [ 140.052114011052822, 42.22282908449472 ], [ 140.038028884925211, 42.223121946021024 ], [ 140.038408340372712, 42.22966833332697 ], [ 140.026431387898242, 42.248079721002398 ], [ 140.030106938684298, 42.256836387389399 ], [ 140.019524721388848, 42.257989999938616 ], [ 140.020752776219751, 42.266147504703611 ], [ 140.014586667241019, 42.272388332955245 ], [ 140.022521945931089, 42.273363332951533 ], [ 140.02688250312508, 42.282366667188001 ], [ 140.040910829870995, 42.283741946433736 ], [ 140.050887781845745, 42.277134720890729 ], [ 140.058058611615706, 42.27933472072084 ], [ 140.067570558334637, 42.290996108283821 ], [ 140.072919727663361, 42.290425558592688 ], [ 140.074595278849074, 42.295829171079447 ], [ 140.085607223694524, 42.300741386805612 ], [ 140.083372217753663, 42.311740278890795 ], [ 140.098814162743452, 42.314419720793524 ], [ 140.089992503251437, 42.32400166714325 ], [ 140.091743060593785, 42.330896946437008 ], [ 140.08548055778158, 42.332808891617105 ], [ 140.096481387905783, 42.341461946211894 ], [ 140.12450333296249, 42.342972225387939 ], [ 140.133033605816308, 42.357743053998774 ], [ 140.147169170420966, 42.356397224852117 ], [ 140.159695837093295, 42.372189441389651 ], [ 140.181603061332225, 42.375145000341547 ], [ 140.211645006012304, 42.387275837609877 ], [ 140.216427782316373, 42.392560558822765 ], [ 140.230568053972547, 42.394871386605246 ], [ 140.229598611786514, 42.399979170702238 ], [ 140.239150000072527, 42.407951666935958 ], [ 140.228164721025109, 42.412687225235288 ], [ 140.225423891399487, 42.423935000200174 ], [ 140.230911945729758, 42.430728053556891 ], [ 140.212526938767269, 42.448463613305137 ], [ 140.215881945995079, 42.464490278603535 ], [ 140.208908611843071, 42.47079722501195 ], [ 140.212350272347294, 42.472478612797772 ], [ 140.210896666647955, 42.476863054186651 ], [ 140.231227497151281, 42.492691667186762 ], [ 140.239533890976304, 42.51520083824812 ], [ 140.255483060794631, 42.528982505238503 ], [ 140.266132218227312, 42.548574441057667 ], [ 140.262120272432639, 42.552828612950179 ], [ 140.254773061327796, 42.551880838130216 ], [ 140.247968340166835, 42.555828054321296 ], [ 140.249192776125824, 42.565728054006513 ], [ 140.24530555101046, 42.568859999689266 ], [ 140.232045006072212, 42.565831108219129 ], [ 140.232171387799326, 42.57042166702638 ], [ 140.2280591702945, 42.573156386657956 ], [ 140.219912218174386, 42.574880279101649 ], [ 140.212203606411322, 42.571964441405896 ], [ 140.2011272242421, 42.581099171089932 ], [ 140.192913061288777, 42.582615278772153 ], [ 140.189190271813686, 42.586580558745823 ], [ 140.188043333133351, 42.593356387387416 ], [ 140.191241945559455, 42.596587225220333 ], [ 140.187790000408313, 42.602270278650508 ], [ 140.193817781965095, 42.608061387423163 ], [ 140.20701999957339, 42.610381945870131 ], [ 140.213421673371613, 42.610318054434742 ], [ 140.221952776299645, 42.602251386592286 ], [ 140.236805278640759, 42.597675838369298 ], [ 140.248267223553626, 42.604135558908979 ], [ 140.267358885404292, 42.603680278921786 ], [ 140.27029583738306, 42.606550000282368 ], [ 140.277768885225896, 42.603970000015522 ], [ 140.291343060633835, 42.623328613025137 ], [ 140.305237497212829, 42.624043612722573 ], [ 140.310915837296079, 42.626743333438128 ], [ 140.309249728092595, 42.631841666559694 ], [ 140.314076667404379, 42.631204441132127 ], [ 140.314148053789722, 42.631077224834087 ] ] ] ] } },
{ "type": "Feature", "properties": { "code": "017020", "name": "檜山地方", "PrefCode": "01", "regioncode": "017020" }, "geometry": { "type": "MultiPolygon", "coordinates": [ [ [ [ 140.11681766470349, 41.864770558914188 ], [ 140.118875772199203, 41.86346310833585 ], [ 140.116666666733295, 41.8647442789254 ], [ 140.11681766470349, 41.864770558914188 ] ] ], [ [ [ 140.126367030414144, 41.873841225392312 ], [ 140.124060272063957, 41.873705640003323 ], [ 140.126481166972326, 41.873862667028504 ], [ 140.126367030414144, 41.873841225392312 ] ] ], [ [ [ 139.406476109185178, 42.17653944094252 ], [ 139.403975006441442, 42.176571946038507 ], [ 139.406438611952467, 42.176553613358635 ], [ 139.406476109185178, 42.17653944094252 ] ] ], [ [ [ 139.833333333366681, 42.219945685345181 ], [ 139.827932244377621, 42.219223802236741 ], [ 139.833412477304023, 42.219987350935526 ], [ 139.833333333366681, 42.219945685345181 ] ] ], [ [ [ 139.559699494036522, 42.249418666738109 ], [ 139.560591193428877, 42.234613081128828 ], [ 139.563095084070937, 42.234332945908761 ], [ 139.560547223775416, 42.226848892162707 ], [ 139.550448144766165, 42.217234694325725 ], [ 139.550923060550872, 42.2099375053117 ], [ 139.523218053670348, 42.18773027892928 ], [ 139.519861309851649, 42.181795441406564 ], [ 139.523215279261763, 42.183077747839832 ], [ 139.52368389079902, 42.18024486540827 ], [ 139.520816004954781, 42.181507892175546 ], [ 139.517086109036768, 42.176354170708464 ], [ 139.518344474617834, 42.170675532050211 ], [ 139.520632802262071, 42.176961224780769 ], [ 139.516551388335984, 42.159355278923044 ], [ 139.522623606294474, 42.154016108256826 ], [ 139.517735836839506, 42.142994171044222 ], [ 139.519749728267357, 42.135968613260957 ], [ 139.505945006257093, 42.1077888920438 ], [ 139.504948339794055, 42.097821387447141 ], [ 139.498178884647928, 42.090995559197779 ], [ 139.496134721140493, 42.08307666705457 ], [ 139.485731140679718, 42.074184640109081 ], [ 139.454773606117101, 42.066824440995219 ], [ 139.45297555108084, 42.058437684651494 ], [ 139.453804125260262, 42.061718828761002 ], [ 139.450423346160505, 42.060891197970477 ], [ 139.451300558374101, 42.055406107805709 ], [ 139.457063890686072, 42.060490558992171 ], [ 139.448588858688936, 42.051775972782991 ], [ 139.443493605745402, 42.064210558770299 ], [ 139.420782502710381, 42.071737774578708 ], [ 139.424501114834698, 42.080401108424439 ], [ 139.425393605630461, 42.101461108343528 ], [ 139.417478339553782, 42.115074171336005 ], [ 139.423104162826917, 42.136361107978814 ], [ 139.410039170071741, 42.153657775186218 ], [ 139.412766667247979, 42.156194170924323 ], [ 139.406471672829525, 42.160149441443593 ], [ 139.405003061042521, 42.164711107731478 ], [ 139.411294423099207, 42.170023027141042 ], [ 139.406806109114655, 42.179981667120273 ], [ 139.421373061417739, 42.19638138739117 ], [ 139.424911945829649, 42.196397774837465 ], [ 139.425336109274099, 42.205226946366508 ], [ 139.435473606421851, 42.215901387339215 ], [ 139.448249170362942, 42.219115837725781 ], [ 139.462899728139973, 42.2157983331266 ], [ 139.475296030887193, 42.222609107624294 ], [ 139.522360558193327, 42.230073054328045 ], [ 139.527713332904, 42.234004721240922 ], [ 139.536612775659137, 42.232684440934236 ], [ 139.549913333233803, 42.23873608060569 ], [ 139.557713281043107, 42.252652440857503 ], [ 139.559677588350041, 42.249500801820602 ], [ 139.559699494036522, 42.249418666738109 ] ] ], [ [ [ 139.839038366227669, 42.445754513560018 ], [ 139.838088197412389, 42.440508242861199 ], [ 139.838855694135077, 42.445766107619818 ], [ 139.839038366227669, 42.445754513560018 ] ] ], [ [ [ 139.838505629431324, 42.448789667009578 ], [ 139.840506278342104, 42.447128711820653 ], [ 139.838573035417312, 42.44883672133767 ], [ 139.838505629431324, 42.448789667009578 ] ] ], [ [ [ 139.835533721703996, 42.451045072272336 ], [ 139.83997476012712, 42.453509658044311 ], [ 139.835443593447167, 42.451142431977701 ], [ 139.835533721703996, 42.451045072272336 ] ] ], [ [ [ 139.843116666700894, 42.482165838282867 ], [ 139.844460000228878, 42.480056386692922 ], [ 139.843048884798236, 42.48216333277162 ], [ 139.843116666700894, 42.482165838282867 ] ] ], [ [ [ 140.174335279249817, 42.615540000270869 ], [ 140.18575500638849, 42.611627505105332 ], [ 140.185120272082941, 42.606431108109177 ], [ 140.191241945559455, 42.596587225220333 ], [ 140.188043333133351, 42.593356387387416 ], [ 140.189190271813686, 42.586580558745823 ], [ 140.192913061288777, 42.582615278772153 ], [ 140.2011272242421, 42.581099171089932 ], [ 140.212203606411322, 42.571964441405896 ], [ 140.219912218174386, 42.574880279101649 ], [ 140.2280591702945, 42.573156386657956 ], [ 140.232171387799326, 42.57042166702638 ], [ 140.232045006072212, 42.565831108219129 ], [ 140.24530555101046, 42.568859999689266 ], [ 140.249192776125824, 42.565728054006513 ], [ 140.247968340166835, 42.555828054321296 ], [ 140.254773061327796, 42.551880838130216 ], [ 140.262120272432639, 42.552828612950179 ], [ 140.266132218227312, 42.548574441057667 ], [ 140.255483060794631, 42.528982505238503 ], [ 140.239533890976304, 42.51520083824812 ], [ 140.231227497151281, 42.492691667186762 ], [ 140.210896666647955, 42.476863054186651 ], [ 140.212350272347294, 42.472478612797772 ], [ 140.208908611843071, 42.47079722501195 ], [ 140.215881945995079, 42.464490278603535 ], [ 140.212526938767269, 42.448463613305137 ], [ 140.230911945729758, 42.430728053556891 ], [ 140.225423891399487, 42.423935000200174 ], [ 140.228164721025109, 42.412687225235288 ], [ 140.239102503277991, 42.407760837992328 ], [ 140.229598611786514, 42.399979170702238 ], [ 140.230568053972547, 42.394871386605246 ], [ 140.216427782316373, 42.392560558822765 ], [ 140.211645006012304, 42.387275837609877 ], [ 140.181603061332225, 42.375145000341547 ], [ 140.159695837093295, 42.372189441389651 ], [ 140.146978339678753, 42.356301667388095 ], [ 140.133033605816308, 42.357743053998774 ], [ 140.12450333296249, 42.342972225387939 ], [ 140.097669170196127, 42.342011666705105 ], [ 140.085592217606859, 42.334679720692634 ], [ 140.091743060593785, 42.330896946437008 ], [ 140.089992503251437, 42.32400166714325 ], [ 140.098779727702322, 42.314298892380009 ], [ 140.089589169904343, 42.315140000410736 ], [ 140.083372217753663, 42.311740278890795 ], [ 140.085607223694524, 42.300741386805612 ], [ 140.074595278849074, 42.295829171079447 ], [ 140.072919727663361, 42.290425558592688 ], [ 140.067570558334637, 42.290996108283821 ], [ 140.05953250332243, 42.279934721410314 ], [ 140.050887781845745, 42.277134720890729 ], [ 140.040910829870995, 42.283741946433736 ], [ 140.026761946306806, 42.282304170601037 ], [ 140.022521945931089, 42.273363332951533 ], [ 140.014586667241019, 42.272388332955245 ], [ 140.020752776219751, 42.266147504703611 ], [ 140.019524721388848, 42.257989999938616 ], [ 140.030106938684298, 42.256836387389399 ], [ 140.026431387898242, 42.248079721002398 ], [ 140.038408340372712, 42.22966833332697 ], [ 140.038113956294069, 42.223065877788088 ], [ 140.052114011052822, 42.22282908449472 ], [ 140.062107378352948, 42.214882757633234 ], [ 140.078721554556182, 42.209582660711249 ], [ 140.093965404979485, 42.212560566017373 ], [ 140.096407237903804, 42.205118918903054 ], [ 140.084445682722162, 42.200961184011476 ], [ 140.085828947947675, 42.185045873668173 ], [ 140.092661561581849, 42.177980011868101 ], [ 140.100452849819249, 42.17848716834817 ], [ 140.108463867613409, 42.170347525018315 ], [ 140.108159438107691, 42.162032254884707 ], [ 140.121770340029229, 42.145375627083581 ], [ 140.139515018003749, 42.142443099769309 ], [ 140.162766625279573, 42.150675137647511 ], [ 140.169464448525559, 42.149958361789004 ], [ 140.176368371203466, 42.134709405914407 ], [ 140.187377163925021, 42.127454994952132 ], [ 140.188545555932706, 42.124373810602947 ], [ 140.181869551138902, 42.118563805275471 ], [ 140.190906092841942, 42.113258741397829 ], [ 140.191969202117093, 42.102650031873509 ], [ 140.20029608789423, 42.091131134694137 ], [ 140.209624162824866, 42.087516108281818 ], [ 140.221557782365835, 42.094189999668799 ], [ 140.228673891087283, 42.085084720983161 ], [ 140.220150829896966, 42.078609441272761 ], [ 140.23798834038962, 42.066758053941101 ], [ 140.245913061039005, 42.065417504714105 ], [ 140.249300272089954, 42.059573612931956 ], [ 140.262216108686516, 42.058193891934593 ], [ 140.280003891166757, 42.048186666981167 ], [ 140.311778054213846, 42.052926667032125 ], [ 140.321239441946773, 42.041791387362707 ], [ 140.339102503078152, 42.044742775258896 ], [ 140.349258340100391, 42.035395278569297 ], [ 140.359838884656824, 42.038034170940307 ], [ 140.359438885096552, 42.043433053892386 ], [ 140.37558693908602, 42.044334440781881 ], [ 140.391358612410045, 42.02830110790984 ], [ 140.408317496954965, 42.024054171063199 ], [ 140.424840272360711, 42.025196107714237 ], [ 140.453610271696789, 42.012163333171316 ], [ 140.470878612058414, 41.993763613300189 ], [ 140.464129999599891, 41.981962775062073 ], [ 140.470761673212678, 41.953513053984295 ], [ 140.460408612167726, 41.951851387431645 ], [ 140.457065836619108, 41.944914721337398 ], [ 140.443046666770329, 41.936029720795034 ], [ 140.453267912384263, 41.932308252423979 ], [ 140.449760272218896, 41.922953332730174 ], [ 140.453101672704065, 41.916745279371185 ], [ 140.473556393812601, 41.900823054140687 ], [ 140.470557224036725, 41.889636666898696 ], [ 140.466299999845205, 41.887738332957724 ], [ 140.468518885438243, 41.882707775443521 ], [ 140.464256393917481, 41.878783613373116 ], [ 140.460835550920024, 41.863769440807118 ], [ 140.447104720806237, 41.86137917141167 ], [ 140.447193606200017, 41.857056667231461 ], [ 140.46102111523237, 41.85099277519646 ], [ 140.460180271602326, 41.844358053781207 ], [ 140.456566109438427, 41.841441666599678 ], [ 140.446306394424596, 41.843196386903799 ], [ 140.43958749736521, 41.834987774566173 ], [ 140.427664720950133, 41.831253053785474 ], [ 140.427789441629443, 41.82393972104137 ], [ 140.434587782100493, 41.815051107922329 ], [ 140.430520830172213, 41.807957225045925 ], [ 140.422070558309656, 41.813188891654079 ], [ 140.409897223578014, 41.813694720734816 ], [ 140.398671115079992, 41.80532472055944 ], [ 140.388746938920121, 41.80893583761889 ], [ 140.378226394432659, 41.805568613101059 ], [ 140.378956393922522, 41.799243891592369 ], [ 140.372250271732696, 41.794445558815539 ], [ 140.353058053986047, 41.785516387171583 ], [ 140.353396939217419, 41.778423613159248 ], [ 140.349225279223333, 41.775306667268922 ], [ 140.351756939131519, 41.762032225107134 ], [ 140.349850829652155, 41.756599999790183 ], [ 140.341329169605501, 41.751016666785802 ], [ 140.350659169984738, 41.74114583840975 ], [ 140.34346500640504, 41.732940279270508 ], [ 140.342309999906661, 41.723881946094991 ], [ 140.324734449335438, 41.720144171216589 ], [ 140.319950557872062, 41.714403332747679 ], [ 140.3044016726991, 41.71643417100023 ], [ 140.29874221837872, 41.693199441301203 ], [ 140.302894721014582, 41.688568612651409 ], [ 140.296774448681958, 41.685562504605969 ], [ 140.289553060825142, 41.67389917091009 ], [ 140.281916667320388, 41.67078472063838 ], [ 140.281716938685804, 41.659849441198787 ], [ 140.258538340172322, 41.653183053754958 ], [ 140.245942503044148, 41.639223053900878 ], [ 140.235193891385052, 41.633265000379538 ], [ 140.225903060977544, 41.633962775361852 ], [ 140.214011387615528, 41.624261387353215 ], [ 140.200916109291029, 41.626848612773301 ], [ 140.194365005940313, 41.619682775140006 ], [ 140.194199441650994, 41.599997774777535 ], [ 140.18801250257502, 41.59750805385363 ], [ 140.183888054290378, 41.590102775322862 ], [ 140.174045550961523, 41.587196386803839 ], [ 140.167031672673602, 41.578362224936768 ], [ 140.150345005717554, 41.584319171392679 ], [ 140.130246393656194, 41.583217775280161 ], [ 140.116312776313634, 41.575795837707801 ], [ 140.11163916961209, 41.584607225143372 ], [ 140.09956083026816, 41.592374720916666 ], [ 140.077695837293163, 41.589462504790788 ], [ 140.063134720690869, 41.592228332871343 ], [ 140.059200558159318, 41.606321107732981 ], [ 140.047308612302686, 41.611165558643677 ], [ 140.032689441764433, 41.628852224950265 ], [ 140.027895836723587, 41.627875000031281 ], [ 140.026021672961861, 41.631899441006453 ], [ 139.993526938917171, 41.630213613267699 ], [ 139.992043332733715, 41.636126946201671 ], [ 139.998729442309923, 41.641659170734215 ], [ 139.996604162652034, 41.649712505227967 ], [ 140.002576938974585, 41.651904171040712 ], [ 140.001109442347001, 41.657645837785253 ], [ 140.004213332779159, 41.660922225380432 ], [ 140.008579442387372, 41.692024441075148 ], [ 140.024474721231513, 41.706882774620397 ], [ 140.02728500639796, 41.714700000204914 ], [ 140.040171672584734, 41.724726946391513 ], [ 140.04916574560275, 41.741048865412836 ], [ 140.055287497320251, 41.742788612904235 ], [ 140.06731608257121, 41.760032026756676 ], [ 140.073659441629957, 41.783707224608804 ], [ 140.073275279130939, 41.79863472141534 ], [ 140.06934778237428, 41.803213332729172 ], [ 140.071437445281958, 41.807088613049132 ], [ 140.095182775864487, 41.810023332910532 ], [ 140.101165188422783, 41.80955844096934 ], [ 140.098013527802095, 41.808156504918827 ], [ 140.101117223980737, 41.805125838186939 ], [ 140.108791673197175, 41.804939999581393 ], [ 140.122230829789032, 41.822529720770035 ], [ 140.125684916225964, 41.842304171300498 ], [ 140.12267505800753, 41.848650107816297 ], [ 140.126446419866397, 41.85511866689302 ], [ 140.119979753862594, 41.865287170866281 ], [ 140.109943527571772, 41.863293170643374 ], [ 140.113852802265114, 41.87065944108042 ], [ 140.120962139990866, 41.871858467594279 ], [ 140.11536518765331, 41.868555747849541 ], [ 140.120062996010574, 41.866659612750993 ], [ 140.126179339205237, 41.869188865174067 ], [ 140.122085940014131, 41.870541973433376 ], [ 140.131054034316321, 41.872189694199108 ], [ 140.133765357185553, 41.889629081117278 ], [ 140.138724423093663, 41.893283306279613 ], [ 140.135746471922175, 41.905656919131559 ], [ 140.141067691220996, 41.916545333100714 ], [ 140.13540221773826, 41.94500805387861 ], [ 140.126673890787515, 41.961928054436214 ], [ 140.13275527913288, 41.97510555867467 ], [ 140.127155278992973, 41.979923332995497 ], [ 140.121901388338415, 41.999596107974071 ], [ 140.115509441607514, 42.005770837853959 ], [ 140.102169169971262, 42.007561945627344 ], [ 140.105920000307833, 42.013326386803385 ], [ 140.099502217853114, 42.020269721370596 ], [ 140.10055688699083, 42.02524338687283 ], [ 140.094878885052594, 42.029626667236982 ], [ 140.095625162271517, 42.033971441329015 ], [ 140.08274389111773, 42.036470278680497 ], [ 140.086290726435891, 42.042347973280414 ], [ 140.072024448969159, 42.054423612859523 ], [ 140.067596108973362, 42.069240558704848 ], [ 140.059626109257579, 42.075843891982061 ], [ 140.060190026448595, 42.073052333398493 ], [ 140.057141946143929, 42.082804170676013 ], [ 140.023588054445213, 42.11456694560809 ], [ 139.987765279344217, 42.128915838395301 ], [ 139.9849489750153, 42.126032720733519 ], [ 139.975967249688892, 42.128218081399382 ], [ 139.984815057868673, 42.12505379339791 ], [ 139.970887781645843, 42.130386945800979 ], [ 139.953223437411793, 42.128734865121999 ], [ 139.931934163430924, 42.133492775171476 ], [ 139.922161114743744, 42.132268612606424 ], [ 139.904858054255897, 42.165689170818609 ], [ 139.900127782171467, 42.16619805399705 ], [ 139.895787704339114, 42.183101152696111 ], [ 139.881923606389364, 42.19140110827459 ], [ 139.881976938884691, 42.204716667440323 ], [ 139.877493061255791, 42.210694720984634 ], [ 139.863344449286956, 42.219096945667559 ], [ 139.853358612010425, 42.216425558992398 ], [ 139.82610306110746, 42.22414750500343 ], [ 139.814541946154009, 42.220674171276016 ], [ 139.812146939130002, 42.229058054285815 ], [ 139.795455836717565, 42.230636946338052 ], [ 139.788691673182257, 42.244057225260804 ], [ 139.77443972821095, 42.259205279000469 ], [ 139.778925006084251, 42.26727750465318 ], [ 139.784781529743896, 42.269824972844276 ], [ 139.785735032345883, 42.27517035962444 ], [ 139.774984720968177, 42.29701333269918 ], [ 139.767095837403076, 42.302547505163261 ], [ 139.766041672785036, 42.311061108183651 ], [ 139.769743463090435, 42.312196018431564 ], [ 139.768475278711207, 42.31636027880387 ], [ 139.774920921263515, 42.325314296917327 ], [ 139.771766666998133, 42.329451386971982 ], [ 139.780597781962115, 42.352406108255366 ], [ 139.801346666815334, 42.360753333099922 ], [ 139.803014721252453, 42.366936666793777 ], [ 139.814718885068601, 42.374509170661725 ], [ 139.817176394075432, 42.379670279160109 ], [ 139.814816108976288, 42.381330279269037 ], [ 139.819128340200791, 42.384824999773969 ], [ 139.817650000447202, 42.389494721404333 ], [ 139.824177224099685, 42.388771667378592 ], [ 139.833678054298844, 42.401013053809436 ], [ 139.846806394399664, 42.436185000337559 ], [ 139.843933332957022, 42.443760278614036 ], [ 139.846988339840095, 42.445972504727365 ], [ 139.84339335931611, 42.451489467764759 ], [ 139.846829571727426, 42.448996342007604 ], [ 139.847161114893652, 42.454914999827452 ], [ 139.844218612299187, 42.455949999892653 ], [ 139.841762283202911, 42.451417468041768 ], [ 139.842510000236416, 42.455605558649665 ], [ 139.847777496734125, 42.456233891580894 ], [ 139.852904448981235, 42.464613613427559 ], [ 139.845129169575557, 42.481157504914961 ], [ 139.849080271737193, 42.493021667116295 ], [ 139.842757782345871, 42.498956108037987 ], [ 139.843215447335069, 42.502927026760915 ], [ 139.845539118335751, 42.50187800896299 ], [ 139.842578689554898, 42.514628864930216 ], [ 139.846642217764156, 42.528516667210454 ], [ 139.837871114560357, 42.540865278909564 ], [ 139.833107497413152, 42.574227224706704 ], [ 139.827951673331086, 42.576026108018539 ], [ 139.827186109251556, 42.588043612722629 ], [ 139.824222775660587, 42.593660279098629 ], [ 139.822203306637334, 42.591596081394073 ], [ 139.824470661192095, 42.596373999560512 ], [ 139.827985005803384, 42.595798613315424 ], [ 139.825236718999463, 42.595990441405775 ], [ 139.822167276198911, 42.60650183798947 ], [ 139.823165279054479, 42.613055278678246 ], [ 139.838221115412239, 42.614283053819918 ], [ 139.856198885070512, 42.608866107984568 ], [ 139.871766666798294, 42.609819999993078 ], [ 139.884352502566003, 42.61638610763282 ], [ 139.887198612226257, 42.614051386662197 ], [ 139.910482775859464, 42.616786386882325 ], [ 139.918410271816697, 42.612390559177015 ], [ 139.939100271760253, 42.613688892428513 ], [ 139.942989169614521, 42.60758333300447 ], [ 139.931714163178185, 42.595979440898532 ], [ 139.93645360564949, 42.588858613434297 ], [ 139.960796393638702, 42.589171946228362 ], [ 139.974385279257262, 42.581463332666715 ], [ 139.994330830303625, 42.577794441360425 ], [ 140.001339442161566, 42.581630837693069 ], [ 140.009045551111399, 42.580813053579618 ], [ 140.021627223917335, 42.57203889178146 ], [ 140.027224721244011, 42.55598527919733 ], [ 140.040652218125388, 42.56011972074856 ], [ 140.05187306109292, 42.553681666675629 ], [ 140.076047224399986, 42.55954805409948 ], [ 140.117196109313113, 42.54498694559112 ], [ 140.127297496882079, 42.552678332639005 ], [ 140.128091387807331, 42.560558613289402 ], [ 140.14143306058736, 42.564837774643649 ], [ 140.143445279276307, 42.579343892306838 ], [ 140.152436394424171, 42.57975944114537 ], [ 140.156611673290172, 42.586275279380686 ], [ 140.157869441721459, 42.593017225164886 ], [ 140.148251115096969, 42.600403054057779 ], [ 140.14714527903152, 42.605623053760951 ], [ 140.151372776132803, 42.615653613423547 ], [ 140.174135279019993, 42.615616108096958 ], [ 140.174335279249817, 42.615540000270869 ] ] ] ] } }
]
}
