{
"type": "FeatureCollection",
"name": "13_tokyo_forecast",
"crs": { "type": "name", "properties": { "name": "urn:ogc:def:crs:OGC:1.3:CRS84" } },
"features": [
{ "type": "Feature", "properties": { "code": "130000", "name": "東京都", "PrefCode": "13", "regioncode": "130000" }, "geometry": { "type": "MultiPolygon", "coordinates": [ [ [ [ 136.073955447086291, 20.42276286511418 ], [ 136.073637951330397, 20.422896224681097 ], [ 136.073728638066314, 20.423201612864204 ], [ 136.074058807068354, 20.423162972593161 ], [ 136.074042970007099, 20.422802467659778 ], [ 136.073955447086291, 20.42276286511418 ] ] ], [ [ [ 136.07619897500274, 20.423200801675705 ], [ 136.075757082323548, 20.423143801745084 ], [ 136.075651971361481, 20.423872972959373 ], [ 136.076078832771941, 20.423927999777391 ], [ 136.07619897500274, 20.423200801675705 ] ] ], [ [ [ 136.069830726307032, 20.425027278885864 ], [ 136.069557911568381, 20.425120332637277 ], [ 136.069980661278578, 20.425315495413827 ], [ 136.069920725960742, 20.425068386896612 ], [ 136.069830726307032, 20.425027278885864 ] ] ], [ [ [ 136.069941828552601, 20.425369891807122 ], [ 136.069540700343055, 20.425172333236617 ], [ 136.06992933876802, 20.425386720820541 ], [ 136.069941828552601, 20.425369891807122 ] ] ], [ [ [ 136.081182827125872, 20.425384225201867 ], [ 136.080930751652886, 20.425494000048104 ], [ 136.081360195017055, 20.425646107781688 ], [ 136.081253839393185, 20.425407801828669 ], [ 136.081182827125872, 20.425384225201867 ] ] ], [ [ [ 136.081332087605801, 20.42571877480168 ], [ 136.080909921555644, 20.425573775309545 ], [ 136.081295005859943, 20.425759532076768 ], [ 136.081332087605801, 20.42571877480168 ] ] ], [ [ [ 141.451726939146965, 24.243773332673243 ], [ 141.451450000117461, 24.243928613214962 ], [ 141.451739169926782, 24.243795829214207 ], [ 141.451726939146965, 24.243773332673243 ] ] ], [ [ [ 141.462141387914812, 24.245068892415532 ], [ 141.468463605710895, 24.242591108193153 ], [ 141.468857497075874, 24.24278305409473 ], [ 141.4709650061302, 24.241851387031943 ], [ 141.472238611622743, 24.241913612922929 ], [ 141.472730830363616, 24.24125582899336 ], [ 141.473044720737335, 24.239344999871889 ], [ 141.471817496880021, 24.232381387391172 ], [ 141.469774721026624, 24.229606666814277 ], [ 141.469331672718567, 24.227819999893143 ], [ 141.46880861172815, 24.227181946189887 ], [ 141.464716394246238, 24.226036946447948 ], [ 141.461145836611081, 24.225471945573872 ], [ 141.459212776248705, 24.224748612758333 ], [ 141.455013061004024, 24.225448332974224 ], [ 141.453708339868058, 24.226924721198998 ], [ 141.453782218274796, 24.228062494888263 ], [ 141.453253060780185, 24.22938333277466 ], [ 141.453631672663619, 24.237230279154119 ], [ 141.455037497382705, 24.241873612876986 ], [ 141.458596939397353, 24.244792224981268 ], [ 141.462079727697301, 24.245102775272926 ], [ 141.462141387914812, 24.245068892415532 ] ] ], [ [ [ 153.97512999964988, 24.28999055921696 ], [ 153.974941672620162, 24.290220279342464 ], [ 153.975163061426201, 24.290015278882038 ], [ 153.97512999964988, 24.28999055921696 ] ] ], [ [ [ 153.97690250314804, 24.292413892187426 ], [ 153.976754721153497, 24.292145558770585 ], [ 153.976878340163353, 24.292432494663956 ], [ 153.97690250314804, 24.292413892187426 ] ] ], [ [ [ 153.984079999592382, 24.29761444135346 ], [ 153.985095550919027, 24.297265278669727 ], [ 153.985273890977396, 24.296815828987349 ], [ 153.984896666747886, 24.294165278704725 ], [ 153.985157223727015, 24.290398053727245 ], [ 153.986838612412043, 24.283244721167023 ], [ 153.986197781602414, 24.281429161726464 ], [ 153.984726109422468, 24.280717774605648 ], [ 153.982522218225881, 24.281005829255662 ], [ 153.977170557775139, 24.283201107645027 ], [ 153.97429722383788, 24.283979999677285 ], [ 153.971643332573763, 24.284279161853874 ], [ 153.970744449396875, 24.284702774913171 ], [ 153.972664448905221, 24.286932775227456 ], [ 153.977387224241056, 24.290375279295745 ], [ 153.979511672925469, 24.292373332763134 ], [ 153.982608054018556, 24.296550278972234 ], [ 153.983993332826117, 24.297577495405164 ], [ 153.984079999592382, 24.29761444135346 ] ] ], [ [ [ 141.28545000001759, 24.745151108337041 ], [ 141.285371387579517, 24.745342225063666 ], [ 141.28547972800709, 24.745163332821619 ], [ 141.28545000001759, 24.745151108337041 ] ] ], [ [ [ 141.283675551285683, 24.751376387310472 ], [ 141.28375444880885, 24.751608891737021 ], [ 141.283715006342504, 24.751396107644325 ], [ 141.283675551285683, 24.751376387310472 ] ] ], [ [ [ 141.304281388175582, 24.756208891627125 ], [ 141.304536938628871, 24.756129720710078 ], [ 141.304247782309403, 24.756222775360868 ], [ 141.304281388175582, 24.756208891627125 ] ] ], [ [ [ 141.37893722377396, 24.779721108042736 ], [ 141.378776939404247, 24.779336387064689 ], [ 141.378933060812187, 24.77975889215918 ], [ 141.37893722377396, 24.779721108042736 ] ] ], [ [ [ 141.379354721443292, 24.779731387293737 ], [ 141.379143333098455, 24.780025828928899 ], [ 141.37936861237165, 24.77973916193281 ], [ 141.379354721443292, 24.779731387293737 ] ] ], [ [ [ 141.378764448720403, 24.780884161674749 ], [ 141.379078054009028, 24.780332225252039 ], [ 141.378496939082538, 24.780177495095359 ], [ 141.378438054172875, 24.78069722499697 ], [ 141.37872749737619, 24.780926107853645 ], [ 141.378764448720403, 24.780884161674749 ] ] ], [ [ [ 141.285978340028464, 24.785571946188441 ], [ 141.285973332603248, 24.785268612956202 ], [ 141.285942217859088, 24.785572775363335 ], [ 141.285978340028464, 24.785571946188441 ] ] ], [ [ [ 141.279184449402919, 24.801750828937656 ], [ 141.279032776041845, 24.801898612730838 ], [ 141.279208339892989, 24.801784999578103 ], [ 141.279184449402919, 24.801750828937656 ] ] ], [ [ [ 141.341315227216, 24.805047667116185 ], [ 141.341605719928111, 24.804739946091672 ], [ 141.34124152957304, 24.805035973231611 ], [ 141.341315227216, 24.805047667116185 ] ] ], [ [ [ 141.312818340294257, 24.805733892105479 ], [ 141.31269917023053, 24.805483332889537 ], [ 141.312785279417199, 24.805766107619831 ], [ 141.312818340294257, 24.805733892105479 ] ] ], [ [ [ 141.287679948171103, 24.806609495431928 ], [ 141.287970466963543, 24.805892558594735 ], [ 141.287600000239877, 24.805271386964989 ], [ 141.287850830151797, 24.805116666700883 ], [ 141.287728884780222, 24.804745279071426 ], [ 141.287315550971925, 24.804583053964791 ], [ 141.287656939016642, 24.804006387085167 ], [ 141.287585005843425, 24.803376667399334 ], [ 141.28696481177667, 24.80315977520354 ], [ 141.287135110097324, 24.802413251570329 ], [ 141.286481724751866, 24.80173905411408 ], [ 141.286514163298079, 24.800383333324248 ], [ 141.286072776037827, 24.799733892405243 ], [ 141.286022866362259, 24.798481054057447 ], [ 141.285338054207955, 24.798077494980475 ], [ 141.28469846985854, 24.799398278907518 ], [ 141.285442218183903, 24.802172494964736 ], [ 141.285165550749639, 24.803484720943175 ], [ 141.285567223948306, 24.803685278752653 ], [ 141.285739442321415, 24.805018333029693 ], [ 141.286355279172881, 24.806208892426469 ], [ 141.286178885247409, 24.806575278926005 ], [ 141.287630466572864, 24.80664338728252 ], [ 141.287679948171103, 24.806609495431928 ] ] ], [ [ [ 141.282303605826769, 24.809454721058557 ], [ 141.282360272108917, 24.80968610762784 ], [ 141.282334162991333, 24.809480829276879 ], [ 141.282303605826769, 24.809454721058557 ] ] ], [ [ [ 141.323477782373857, 24.812615829057336 ], [ 141.323805551085343, 24.812243387422427 ], [ 141.326027223677443, 24.811825828599183 ], [ 141.32762194559632, 24.811633891690803 ], [ 141.328080830066369, 24.811863892404745 ], [ 141.329934162831364, 24.810674162182863 ], [ 141.334418339934473, 24.806681108446469 ], [ 141.335815836931374, 24.806165829289625 ], [ 141.335949170417962, 24.805604720681345 ], [ 141.338922776065374, 24.802449162399 ], [ 141.340907223689442, 24.799784721187962 ], [ 141.34399583733807, 24.792993613064823 ], [ 141.344593333415673, 24.788590278718459 ], [ 141.346179727612366, 24.782300558823806 ], [ 141.346979727632402, 24.781502495044151 ], [ 141.346322775575686, 24.778890828748786 ], [ 141.345393605930212, 24.778099721225203 ], [ 141.344362776021399, 24.777791386863043 ], [ 141.343052218285266, 24.774812225204073 ], [ 141.341855005704019, 24.774245828582195 ], [ 141.341642775593641, 24.773805828975867 ], [ 141.340585836567129, 24.773670278660461 ], [ 141.339196667292413, 24.772303053742974 ], [ 141.337760557903493, 24.772021946355778 ], [ 141.336276109055234, 24.770739441172339 ], [ 141.332103333002465, 24.770538054187909 ], [ 141.331401946342794, 24.770801387374206 ], [ 141.330232943695478, 24.770592440688631 ], [ 141.329229416304543, 24.770784892009203 ], [ 141.327994773040359, 24.770394305652758 ], [ 141.325069026614301, 24.770417532443219 ], [ 141.32328574564076, 24.768796224765993 ], [ 141.319162580688612, 24.766073386977268 ], [ 141.317569973975196, 24.765409919332342 ], [ 141.304972866105004, 24.757719107850619 ], [ 141.301999389959974, 24.756695198224861 ], [ 141.295697496842081, 24.753177278808437 ], [ 141.293676134745851, 24.751600585598624 ], [ 141.293014162673558, 24.749812495050662 ], [ 141.292306471766324, 24.74909433333687 ], [ 141.289151414406319, 24.747149359655282 ], [ 141.288174357660523, 24.74612372063325 ], [ 141.286412503034626, 24.745766107919621 ], [ 141.286186393687217, 24.74598055935536 ], [ 141.285843773571401, 24.745606918924238 ], [ 141.286299221731724, 24.747413828685296 ], [ 141.285166718968981, 24.750888693958132 ], [ 141.285521388201573, 24.753515000317066 ], [ 141.28614744494871, 24.755119198392322 ], [ 141.287111413860771, 24.756356305798931 ], [ 141.288548053849695, 24.75739733312048 ], [ 141.290782244105344, 24.761176531671651 ], [ 141.293928391881877, 24.773101252420929 ], [ 141.293635694032105, 24.773848586343263 ], [ 141.293818223132575, 24.777539332973902 ], [ 141.293214331975946, 24.778757828910727 ], [ 141.293311894028761, 24.781496694416944 ], [ 141.293125550903483, 24.781971108379992 ], [ 141.292699195811338, 24.781965081123644 ], [ 141.292285550837619, 24.784185586395722 ], [ 141.290751893784886, 24.786245225436858 ], [ 141.288902088160853, 24.787314225271302 ], [ 141.287936135344466, 24.787335747846555 ], [ 141.287990778151993, 24.786853053825439 ], [ 141.28754978029815, 24.786425829088785 ], [ 141.286715383008527, 24.785790081247285 ], [ 141.285935837169177, 24.7857080540835 ], [ 141.285567782427279, 24.786899440856587 ], [ 141.286065550884587, 24.788056108402714 ], [ 141.285895278644261, 24.788693332931018 ], [ 141.286460609569531, 24.788821053748677 ], [ 141.287393307255343, 24.790000973266331 ], [ 141.289796225615419, 24.79096916179742 ], [ 141.298344227703979, 24.796559693874826 ], [ 141.305331166799988, 24.798638494770785 ], [ 141.308765888135326, 24.800617252384313 ], [ 141.309145551326196, 24.801881666805514 ], [ 141.309801945803201, 24.801904441237014 ], [ 141.310456939136543, 24.802924999988818 ], [ 141.310813333268811, 24.802573332693214 ], [ 141.311530271904644, 24.803098332622028 ], [ 141.311764163085741, 24.80401833277989 ], [ 141.312902775842531, 24.804221666796536 ], [ 141.31341055825078, 24.805497495413135 ], [ 141.314120557717615, 24.805390279138123 ], [ 141.317538611917485, 24.80611916167004 ], [ 141.318608340202786, 24.807023892238874 ], [ 141.321524162610103, 24.808420278573067 ], [ 141.322184500614298, 24.809116558882124 ], [ 141.322710558145786, 24.81061416211395 ], [ 141.321849856585686, 24.81159861308555 ], [ 141.321945836731061, 24.812201666973408 ], [ 141.323424720574508, 24.812618332769887 ], [ 141.323477782373857, 24.812615829057336 ] ] ], [ [ [ 141.329115837326071, 24.812806945783962 ], [ 141.330006393680151, 24.812131667342612 ], [ 141.32892919562596, 24.812094305907522 ], [ 141.329080271837142, 24.812849999927607 ], [ 141.329115837326071, 24.812806945783962 ] ] ], [ [ [ 141.273987976863737, 25.423162369048157 ], [ 141.273727197752009, 25.423176775288027 ], [ 141.274027496671692, 25.423194269799751 ], [ 141.273987976863737, 25.423162369048157 ] ] ], [ [ [ 141.284109415717012, 25.448771216318619 ], [ 141.288498859135075, 25.44701427918568 ], [ 141.288646912724857, 25.446140387269111 ], [ 141.290138300742001, 25.444023721317762 ], [ 141.290076082944893, 25.441946774823862 ], [ 141.290529689293749, 25.440699550044258 ], [ 141.292646082750593, 25.439051494730734 ], [ 141.293178029042906, 25.436470387398515 ], [ 141.29225107712557, 25.433254550257345 ], [ 141.293333580280546, 25.428624549883125 ], [ 141.293451634285589, 25.426112613006751 ], [ 141.290475524925569, 25.422378721400946 ], [ 141.287648301028298, 25.420769828864536 ], [ 141.284998586215806, 25.420195108117809 ], [ 141.283571362128669, 25.419335667407154 ], [ 141.281776083299633, 25.418923721252781 ], [ 141.278619688647723, 25.418771216018854 ], [ 141.277169415835942, 25.419028162219945 ], [ 141.276144137442088, 25.419432054046126 ], [ 141.275199689214332, 25.420289829212322 ], [ 141.275016355220714, 25.421497883120878 ], [ 141.27446734069531, 25.423057143872143 ], [ 141.274134345124025, 25.423263612925439 ], [ 141.27399802858622, 25.424486494855898 ], [ 141.272288028869525, 25.42907177464275 ], [ 141.272126355047362, 25.431662612639514 ], [ 141.272617471219405, 25.433971216398561 ], [ 141.27285330673476, 25.439660666706459 ], [ 141.27371691310509, 25.441669828599743 ], [ 141.27636358011523, 25.444412883148061 ], [ 141.277488301044286, 25.445186215571425 ], [ 141.279018859033158, 25.447143440717241 ], [ 141.280886641205598, 25.448279279065503 ], [ 141.282856355236618, 25.448905666763153 ], [ 141.283906082599742, 25.448843720561285 ], [ 141.284109415717012, 25.448771216318619 ] ] ], [ [ [ 142.152250272132392, 26.539971945948594 ], [ 142.15160722359451, 26.540059162200635 ], [ 142.152243891442481, 26.540905559144278 ], [ 142.152309999706745, 26.540050829082531 ], [ 142.152250272132392, 26.539971945948594 ] ] ], [ [ [ 142.151544449117068, 26.540281945855156 ], [ 142.151456667191496, 26.540589441149848 ], [ 142.151898885425339, 26.540950559420821 ], [ 142.151622775570672, 26.540369440897052 ], [ 142.151544449117068, 26.540281945855156 ] ] ], [ [ [ 142.155387224340984, 26.539780000047017 ], [ 142.154938611927491, 26.539698053822178 ], [ 142.154292502996668, 26.540206107825668 ], [ 142.15455888488475, 26.541215828847498 ], [ 142.155183061149387, 26.541932494988714 ], [ 142.155816939300394, 26.541069162012263 ], [ 142.155487496950514, 26.539780000047017 ], [ 142.155387224340984, 26.539780000047017 ] ] ], [ [ [ 142.154646666810322, 26.541972225238055 ], [ 142.154646666810322, 26.542299440866543 ], [ 142.154729442210055, 26.542052495126597 ], [ 142.154646666810322, 26.541972225238055 ] ] ], [ [ [ 142.155220829977338, 26.542144162123407 ], [ 142.155201946013108, 26.542513892302338 ], [ 142.155245837425468, 26.54216694644748 ], [ 142.155220829977338, 26.542144162123407 ] ] ], [ [ [ 142.156924163019767, 26.542779161728959 ], [ 142.156798884760747, 26.543007774789032 ], [ 142.157059170144635, 26.543038613441297 ], [ 142.156996393868553, 26.54281000038128 ], [ 142.156924163019767, 26.542779161728959 ] ] ], [ [ [ 142.1518519462104, 26.543495558972893 ], [ 142.151754721403336, 26.543783333034469 ], [ 142.151911387800396, 26.543537774948391 ], [ 142.1518519462104, 26.543495558972893 ] ] ], [ [ [ 142.149546393851097, 26.546282495041169 ], [ 142.149181672895907, 26.546238892311067 ], [ 142.149447223810398, 26.546871387304748 ], [ 142.149561114853668, 26.546329721139784 ], [ 142.149546393851097, 26.546282495041169 ] ] ], [ [ [ 142.150773606017196, 26.547378053654313 ], [ 142.151145278731747, 26.546690558822263 ], [ 142.150388611645212, 26.546297494833595 ], [ 142.15005583730715, 26.547291108098193 ], [ 142.150756393892493, 26.547405829215677 ], [ 142.150773606017196, 26.547378053654313 ] ] ], [ [ [ 142.148979169852851, 26.546460828804243 ], [ 142.148802218347782, 26.546870279339998 ], [ 142.149098339916463, 26.547519999948065 ], [ 142.149631115383727, 26.547784720788286 ], [ 142.149637496973014, 26.547306667268913 ], [ 142.149027224227098, 26.546481666995362 ], [ 142.148979169852851, 26.546460828804243 ] ] ], [ [ [ 142.150391672937417, 26.547621946195932 ], [ 142.150052218435235, 26.547608054368254 ], [ 142.15015194605553, 26.54799055941686 ], [ 142.150448054134472, 26.54766082928387 ], [ 142.150391672937417, 26.547621946195932 ] ] ], [ [ [ 142.200125005864379, 26.55036610780968 ], [ 142.199874163361983, 26.549765278844575 ], [ 142.199756666936651, 26.550193613344618 ], [ 142.20008944217409, 26.55037582858165 ], [ 142.200125005864379, 26.55036610780968 ] ] ], [ [ [ 142.201587224370996, 26.552229441035934 ], [ 142.201100558044345, 26.552443891572409 ], [ 142.201812217659835, 26.552811108146159 ], [ 142.201651388301002, 26.552250000437198 ], [ 142.201587224370996, 26.552229441035934 ] ] ], [ [ [ 142.208423061175381, 26.550610279141097 ], [ 142.207841387769918, 26.550393054196149 ], [ 142.207093060996044, 26.551281387426116 ], [ 142.207298885235446, 26.552972225288045 ], [ 142.207919727713374, 26.553488892098756 ], [ 142.208275836760549, 26.55333916217262 ], [ 142.208272502973728, 26.553003054047736 ], [ 142.207877223954824, 26.552826946106734 ], [ 142.207805279090394, 26.551688053660826 ], [ 142.208338053658281, 26.551473613016867 ], [ 142.208386939006118, 26.550710279256009 ], [ 142.208423061175381, 26.550610279141097 ] ] ], [ [ [ 142.206408053688847, 26.553706667428798 ], [ 142.206443605687923, 26.553440279245535 ], [ 142.206201672768998, 26.553464999809933 ], [ 142.206385836836944, 26.553716107612331 ], [ 142.206408053688847, 26.553706667428798 ] ] ], [ [ [ 142.212485836652149, 26.555565279214306 ], [ 142.212285006347997, 26.555359161795934 ], [ 142.212457497215837, 26.555582494936232 ], [ 142.212485836652149, 26.555565279214306 ] ] ], [ [ [ 142.161286393852038, 26.557997775377089 ], [ 142.160987782060602, 26.558084441244034 ], [ 142.161303332582747, 26.558063333256257 ], [ 142.161286393852038, 26.557997775377089 ] ] ], [ [ [ 142.151502502938229, 26.558427494833097 ], [ 142.151313890823417, 26.558553891848703 ], [ 142.151741673139782, 26.558964161666779 ], [ 142.151668339722164, 26.558513613012906 ], [ 142.151502502938229, 26.558427494833097 ] ] ], [ [ [ 142.15112082976259, 26.559229720675148 ], [ 142.15106861242657, 26.559549721042856 ], [ 142.151147782444241, 26.559238053793194 ], [ 142.15112082976259, 26.559229720675148 ] ] ], [ [ [ 142.16267917030757, 26.559743891867186 ], [ 142.162545836820982, 26.559212495060649 ], [ 142.162255279357737, 26.559274720951635 ], [ 142.162218339704623, 26.559638892420992 ], [ 142.162651672636684, 26.559764721065051 ], [ 142.16267917030757, 26.559743891867186 ] ] ], [ [ [ 142.152719728132979, 26.560337224983016 ], [ 142.15235555126776, 26.560330829004613 ], [ 142.152478054218932, 26.560950279331962 ], [ 142.152736666863802, 26.560363333201337 ], [ 142.152719728132979, 26.560337224983016 ] ] ], [ [ [ 142.203555279152852, 26.560757774951412 ], [ 142.203166394313712, 26.560745278871593 ], [ 142.203277496559281, 26.561169721105784 ], [ 142.203581673355643, 26.560777774974383 ], [ 142.203555279152852, 26.560757774951412 ] ] ], [ [ [ 142.204199727935134, 26.562465558738609 ], [ 142.203878053929088, 26.562470558969153 ], [ 142.203789170334062, 26.562997495138347 ], [ 142.204233891381023, 26.562989162020244 ], [ 142.204235550630187, 26.562508054403224 ], [ 142.204199727935134, 26.562465558738609 ] ] ], [ [ [ 142.226837496653161, 26.563188891554148 ], [ 142.226660557738569, 26.563453892083487 ], [ 142.22687167268964, 26.56321499977247 ], [ 142.226837496653161, 26.563188891554148 ] ] ], [ [ [ 142.2192169393104, 26.563799999770197 ], [ 142.218975837365065, 26.563887775400588 ], [ 142.219241388279556, 26.563809721441544 ], [ 142.2192169393104, 26.563799999770197 ] ] ], [ [ [ 142.162290271978577, 26.563844440668447 ], [ 142.162196109362981, 26.564039721256165 ], [ 142.162325005594653, 26.56386416190162 ], [ 142.162290271978577, 26.563844440668447 ] ] ], [ [ [ 142.212559441665007, 26.564463613105318 ], [ 142.214198054096983, 26.564281387076392 ], [ 142.215006109344586, 26.563756108357779 ], [ 142.216143332648699, 26.563872495019666 ], [ 142.217066109013786, 26.562860828764315 ], [ 142.217848611824024, 26.563298613340407 ], [ 142.218398054426757, 26.563051666701085 ], [ 142.218088339605288, 26.562093054151205 ], [ 142.218388612444528, 26.561689720803997 ], [ 142.217727224032274, 26.561623613439053 ], [ 142.21744000035585, 26.561190278708466 ], [ 142.216740558030438, 26.561269161842404 ], [ 142.216718054294802, 26.560388332555533 ], [ 142.216162502597513, 26.5592372246183 ], [ 142.216344448937207, 26.559004721091071 ], [ 142.215705550770622, 26.558671945853689 ], [ 142.216066667243012, 26.558448054234361 ], [ 142.215287497320219, 26.556813612857979 ], [ 142.21385972824396, 26.556556666656888 ], [ 142.213406109304515, 26.55594389199706 ], [ 142.213466666953195, 26.555473053738467 ], [ 142.212285006347997, 26.556239440697709 ], [ 142.211572775663171, 26.555920828883188 ], [ 142.210879728416785, 26.556245000306546 ], [ 142.210422775690631, 26.5558047210111 ], [ 142.210608054018508, 26.554851667170738 ], [ 142.210097223807907, 26.554827225396195 ], [ 142.209375278646235, 26.555404162072477 ], [ 142.208809728286383, 26.555220559181521 ], [ 142.208398053727251, 26.554590558907194 ], [ 142.20658138812064, 26.554471108255086 ], [ 142.206353332640219, 26.553825558702613 ], [ 142.206105551430142, 26.554142495080157 ], [ 142.206294448629933, 26.554586108162425 ], [ 142.205689442313997, 26.554134161962054 ], [ 142.205579170142641, 26.554721386882534 ], [ 142.204299999645286, 26.554752775020575 ], [ 142.203900830159228, 26.553648892282581 ], [ 142.203313061148947, 26.554421107747999 ], [ 142.202524163259568, 26.553110828801778 ], [ 142.20176111458386, 26.553199721390058 ], [ 142.201483061294311, 26.55403082895964 ], [ 142.201926667181965, 26.554486946215661 ], [ 142.201556393812552, 26.55479389202452 ], [ 142.20172555089357, 26.555293333220789 ], [ 142.201466939147963, 26.55586472108007 ], [ 142.202505005901344, 26.556404162322281 ], [ 142.20199389060565, 26.556329720939914 ], [ 142.201565836694044, 26.556655279117876 ], [ 142.202901114994575, 26.558130559377844 ], [ 142.203456939186481, 26.55834277509905 ], [ 142.203293891200133, 26.558687225335234 ], [ 142.20398360555896, 26.55882805377172 ], [ 142.20433167286842, 26.56003638736945 ], [ 142.203906939253898, 26.560025000153701 ], [ 142.204165550999392, 26.560805278940506 ], [ 142.203108340377639, 26.561607774579159 ], [ 142.203143606392359, 26.562064161631781 ], [ 142.204140000360781, 26.562273612837032 ], [ 142.204507496623705, 26.561674999801426 ], [ 142.205008884852191, 26.562045278566814 ], [ 142.205951387846312, 26.561705279075397 ], [ 142.207707781788713, 26.562773054033244 ], [ 142.208346667364822, 26.563622774871192 ], [ 142.208659727664326, 26.563708892151681 ], [ 142.208988612434609, 26.56334999970278 ], [ 142.209141945944111, 26.563881107826887 ], [ 142.209537781643348, 26.563998613245474 ], [ 142.211524721288924, 26.563806386755402 ], [ 142.211895278844054, 26.564389161830377 ], [ 142.212505279095467, 26.564478054418714 ], [ 142.212559441665007, 26.564463613105318 ] ] ], [ [ [ 142.161684163093696, 26.56440166690345 ], [ 142.161909169872388, 26.564218054119976 ], [ 142.161539999971069, 26.563644161648767 ], [ 142.161823890760047, 26.563082775150008 ], [ 142.161529170335029, 26.562961107669025 ], [ 142.161197224272541, 26.563544999702003 ], [ 142.16159666715248, 26.56449582861967 ], [ 142.161684163093696, 26.56440166690345 ] ] ], [ [ [ 142.162685836981836, 26.564398891595602 ], [ 142.162306666619429, 26.564553892448203 ], [ 142.162688884784302, 26.564453332954997 ], [ 142.162685836981836, 26.564398891595602 ] ] ], [ [ [ 142.211968612261671, 26.56453666683376 ], [ 142.211809442152116, 26.564668054187393 ], [ 142.211994162900396, 26.564549721392552 ], [ 142.211968612261671, 26.56453666683376 ] ] ], [ [ [ 142.213316108751428, 26.564480279341467 ], [ 142.213120829962349, 26.564594162290803 ], [ 142.213338339992447, 26.564495279133894 ], [ 142.213316108751428, 26.564480279341467 ] ] ], [ [ [ 142.229824720734314, 26.564555000413009 ], [ 142.229653060840178, 26.564800829194951 ], [ 142.229854448723927, 26.564574162267832 ], [ 142.229824720734314, 26.564555000413009 ] ] ], [ [ [ 142.159979999977054, 26.563403054307571 ], [ 142.159367781997616, 26.563563333281252 ], [ 142.159289169559543, 26.564118613383357 ], [ 142.160366393694176, 26.564854161690278 ], [ 142.1599911146983, 26.563440000255866 ], [ 142.159979999977054, 26.563403054307571 ] ] ], [ [ [ 142.154994720629929, 26.564543053818909 ], [ 142.15516972780074, 26.564220558731847 ], [ 142.155680272026984, 26.564653054395023 ], [ 142.155651115106934, 26.563749161994281 ], [ 142.156050557986873, 26.563241946158939 ], [ 142.155738611947413, 26.562662774667388 ], [ 142.156773605717376, 26.561950278682446 ], [ 142.160693333230824, 26.561384161749743 ], [ 142.161072502693855, 26.560799721130252 ], [ 142.160918054025046, 26.55996500008473 ], [ 142.161349441723473, 26.559524720789284 ], [ 142.160521388251482, 26.558155558732096 ], [ 142.159529728314396, 26.557838613361355 ], [ 142.15933749732767, 26.557316946320043 ], [ 142.159614448947764, 26.556694440995727 ], [ 142.159013605593486, 26.555853332965 ], [ 142.158961114863587, 26.554920558836784 ], [ 142.159075005906857, 26.554375558884999 ], [ 142.160215278812188, 26.554703054202662 ], [ 142.160574163167212, 26.55422222537544 ], [ 142.160585837266694, 26.553770000385271 ], [ 142.159935279389742, 26.553403053608065 ], [ 142.16008693926085, 26.553006386935238 ], [ 142.160868611996875, 26.552786107892643 ], [ 142.16115167271164, 26.551587225270282 ], [ 142.161084449287955, 26.551141666954436 ], [ 142.160410830095771, 26.551353891668839 ], [ 142.161061114578843, 26.550406667233972 ], [ 142.160982503040145, 26.54829833260203 ], [ 142.160020000022996, 26.547108891961841 ], [ 142.159267781882704, 26.54680222494278 ], [ 142.15785333266524, 26.54687416171322 ], [ 142.158135005725967, 26.545786667320897 ], [ 142.157661115168366, 26.545095279323732 ], [ 142.15808778232531, 26.544254720778781 ], [ 142.15678610899181, 26.543171386650215 ], [ 142.156419170308482, 26.543859721449053 ], [ 142.156290558262754, 26.543337774718566 ], [ 142.155885837261621, 26.543701667398068 ], [ 142.155343061333269, 26.543678892067248 ], [ 142.155192503131616, 26.544093612630149 ], [ 142.154496108608555, 26.543693053691527 ], [ 142.154201388183537, 26.544996666862744 ], [ 142.153809169557576, 26.544962775012095 ], [ 142.153260271944077, 26.545504441177059 ], [ 142.153382503300008, 26.546714162428714 ], [ 142.151326666592468, 26.546585829172727 ], [ 142.150830829878942, 26.547919720718596 ], [ 142.151070000080495, 26.548428054411261 ], [ 142.152122502751354, 26.548535559368645 ], [ 142.152557224236602, 26.548083613168274 ], [ 142.152638885376291, 26.54733916157312 ], [ 142.152723332615778, 26.548289162215099 ], [ 142.153315550572302, 26.54775722491604 ], [ 142.15360138839344, 26.548370558954161 ], [ 142.153370830099789, 26.548949440864078 ], [ 142.153793890975408, 26.548861945822182 ], [ 142.154365278834575, 26.549333332667231 ], [ 142.154636667248496, 26.548898612980679 ], [ 142.15517583689541, 26.550274162023015 ], [ 142.154782218025048, 26.551685558941415 ], [ 142.154545836621082, 26.551837494904532 ], [ 142.154006666974169, 26.551439161787926 ], [ 142.154038611792544, 26.552255278558334 ], [ 142.153782217775188, 26.552228892449477 ], [ 142.153443891022789, 26.553161946266869 ], [ 142.15369722374794, 26.553707225008452 ], [ 142.153329999979633, 26.554060829443756 ], [ 142.153463891045817, 26.554396387183544 ], [ 142.154006393580289, 26.554519441419131 ], [ 142.155076666854711, 26.554091107818408 ], [ 142.154889999973534, 26.554591666872 ], [ 142.155120558267186, 26.554900828610414 ], [ 142.154954163004277, 26.555149721382577 ], [ 142.154490557992972, 26.555021108437472 ], [ 142.154878340263281, 26.555474441392391 ], [ 142.154729728194411, 26.555702495074115 ], [ 142.153743891367526, 26.555465279099394 ], [ 142.153256939056519, 26.555648891882925 ], [ 142.153003061342247, 26.556258053966076 ], [ 142.15339111520791, 26.556712774574919 ], [ 142.152586108662035, 26.556768054102463 ], [ 142.152384720778286, 26.557061386873556 ], [ 142.153032218262297, 26.558304721186005 ], [ 142.152093060746211, 26.558697775282155 ], [ 142.153624448809296, 26.559733054137212 ], [ 142.152857223681963, 26.560291387437644 ], [ 142.152758053641378, 26.56204833266446 ], [ 142.152463605710864, 26.562276387245504 ], [ 142.15213389086648, 26.561883054359498 ], [ 142.15155944171488, 26.562255279257784 ], [ 142.152125278958465, 26.563464441131089 ], [ 142.15284555138112, 26.563551107897354 ], [ 142.15284555138112, 26.564251945970568 ], [ 142.154461115088452, 26.564510278926264 ], [ 142.154574721046629, 26.564984441079162 ], [ 142.154942218208816, 26.564587494717159 ], [ 142.154994720629929, 26.564543053818909 ] ] ], [ [ [ 142.21355888523442, 26.564686946245615 ], [ 142.21360082961462, 26.564991667131778 ], [ 142.213585279437211, 26.56470582931064 ], [ 142.21355888523442, 26.564686946245615 ] ] ], [ [ [ 142.213289728038603, 26.565275000341046 ], [ 142.213388612094832, 26.565014161874103 ], [ 142.212929727624896, 26.564892774981615 ], [ 142.212791387612469, 26.565258612894695 ], [ 142.213258884889683, 26.565288892168667 ], [ 142.213289728038603, 26.565275000341046 ] ] ], [ [ [ 142.208406394039912, 26.565683333019479 ], [ 142.20802610941746, 26.565889161755479 ], [ 142.208358339665665, 26.566027775161729 ], [ 142.208425278903519, 26.565703054252594 ], [ 142.208406394039912, 26.565683333019479 ] ] ], [ [ [ 142.208884449357924, 26.56610222463803 ], [ 142.208789169784382, 26.565664440961257 ], [ 142.208585836667112, 26.566010559439803 ], [ 142.208861673127785, 26.566119720948393 ], [ 142.208884449357924, 26.56610222463803 ] ] ], [ [ [ 142.232867224342954, 26.565666108304299 ], [ 142.232776393715653, 26.566027494573291 ], [ 142.23332834003088, 26.566154720763791 ], [ 142.232898339986491, 26.565673613146771 ], [ 142.232867224342954, 26.565666108304299 ] ] ], [ [ [ 142.158862775796479, 26.565601108004785 ], [ 142.158501115234344, 26.565701108119697 ], [ 142.158928884960119, 26.566392225420941 ], [ 142.158866667163011, 26.56562833318111 ], [ 142.158862775796479, 26.565601108004785 ] ] ], [ [ [ 142.213408053638773, 26.565604162102431 ], [ 142.212494162575581, 26.565850278667483 ], [ 142.212807497168342, 26.56661472129241 ], [ 142.213642218213863, 26.566240829051083 ], [ 142.21342111539218, 26.565641946218875 ], [ 142.213408053638773, 26.565604162102431 ] ] ], [ [ [ 142.208722776435025, 26.567432494613968 ], [ 142.208919170383524, 26.567121107952801 ], [ 142.208586109161729, 26.566826107838665 ], [ 142.208465005555581, 26.567318054084978 ], [ 142.20869666731744, 26.567444999687041 ], [ 142.208722776435025, 26.567432494613968 ] ] ], [ [ [ 142.242370829849961, 26.567252224610513 ], [ 142.241944162693017, 26.567290279422934 ], [ 142.242019728227888, 26.567597495028451 ], [ 142.242370829849961, 26.567290279422934 ], [ 142.242370829849961, 26.567252224610513 ] ] ], [ [ [ 142.240395836798484, 26.567602495258996 ], [ 142.240356666826756, 26.567899999985059 ], [ 142.240598053857184, 26.567838613161541 ], [ 142.240469170216102, 26.567619999663293 ], [ 142.240395836798484, 26.567602495258996 ] ] ], [ [ [ 142.208413060714292, 26.567653054245113 ], [ 142.208278884562901, 26.568064720710368 ], [ 142.208544720562486, 26.568173053943326 ], [ 142.208425551398136, 26.567672774578909 ], [ 142.208413060714292, 26.567653054245113 ] ] ], [ [ [ 142.207895837223191, 26.569563892359781 ], [ 142.207837782387855, 26.569911108011297 ], [ 142.207958611700633, 26.569581108081707 ], [ 142.207895837223191, 26.569563892359781 ] ] ], [ [ [ 142.226940558060392, 26.572879720622666 ], [ 142.227146393991006, 26.572411666665118 ], [ 142.226783333184358, 26.572195278989 ], [ 142.226125837037785, 26.572839162097694 ], [ 142.226699727710297, 26.573111386881067 ], [ 142.226938885321374, 26.572909999896638 ], [ 142.226940558060392, 26.572879720622666 ] ] ], [ [ [ 142.230672776027859, 26.575648612693385 ], [ 142.231146939080077, 26.575521945881121 ], [ 142.232025279043455, 26.57381333291903 ], [ 142.232364163375451, 26.574164162046486 ], [ 142.233226108697977, 26.573412495190553 ], [ 142.233491945596825, 26.572406667333894 ], [ 142.234448885407801, 26.571933053767452 ], [ 142.235237782397803, 26.570813612758059 ], [ 142.235785278867638, 26.570959721114264 ], [ 142.236246108571095, 26.570500558753849 ], [ 142.236728885329853, 26.570415559330627 ], [ 142.237137781883234, 26.570730829264392 ], [ 142.23789693919241, 26.570243892241876 ], [ 142.238468884631402, 26.570370559054084 ], [ 142.238975836965324, 26.57002082889818 ], [ 142.239078884882701, 26.569195000349055 ], [ 142.239903061377277, 26.569428892429471 ], [ 142.239309442276976, 26.56900027913963 ], [ 142.240106393595283, 26.569156108267805 ], [ 142.240003333087429, 26.567628892159689 ], [ 142.238420000182941, 26.568273054058238 ], [ 142.236812775889007, 26.567457225070939 ], [ 142.236075278751173, 26.567964720595455 ], [ 142.232974448711957, 26.566220829028111 ], [ 142.232258611745578, 26.566649721107808 ], [ 142.231190557997934, 26.566424162145438 ], [ 142.230640557815605, 26.566015000292055 ], [ 142.230843890932874, 26.565522775255943 ], [ 142.230282502635418, 26.565564440846344 ], [ 142.229718612424108, 26.564960278993738 ], [ 142.229223333290292, 26.565047225449121 ], [ 142.229249728392347, 26.564214721232474 ], [ 142.228764448820357, 26.563854162339794 ], [ 142.226875278970965, 26.563784721187972 ], [ 142.226514720977661, 26.564916386681944 ], [ 142.227200272374716, 26.565575278576318 ], [ 142.226132217727695, 26.565730828914695 ], [ 142.225828612000896, 26.566538612566944 ], [ 142.226658054026075, 26.56757138681013 ], [ 142.227549999832718, 26.567279162003786 ], [ 142.227338339892526, 26.56822416241522 ], [ 142.22830888464739, 26.568504440627464 ], [ 142.228483890918938, 26.568960558782805 ], [ 142.226725836827995, 26.570281386776628 ], [ 142.2265361086545, 26.570963332791621 ], [ 142.227747782334404, 26.572481945985089 ], [ 142.228148885362884, 26.573575829161257 ], [ 142.228750557891999, 26.574034999615606 ], [ 142.228604162652005, 26.574271387314695 ], [ 142.229192502731848, 26.57415944060574 ], [ 142.229520558327181, 26.575153053870395 ], [ 142.230325551383203, 26.574931666862994 ], [ 142.230303891211634, 26.575575558964943 ], [ 142.230631945907589, 26.575670558849254 ], [ 142.230672776027859, 26.575648612693385 ] ] ], [ [ [ 142.231406939378758, 26.577069721390558 ], [ 142.231733606420903, 26.576003612876491 ], [ 142.231400000209874, 26.575617224555344 ], [ 142.230805279440119, 26.57589555933265 ], [ 142.230440830080283, 26.576717494716661 ], [ 142.231375837225187, 26.577094441055635 ], [ 142.231406939378758, 26.577069721390558 ] ] ], [ [ [ 142.229020000172909, 26.57691055937488 ], [ 142.228847496714707, 26.57720805420837 ], [ 142.229043890663092, 26.576920828733307 ], [ 142.229020000172909, 26.57691055937488 ] ] ], [ [ [ 142.232020557602709, 26.57743361317074 ], [ 142.232326108563143, 26.577036945598593 ], [ 142.231730830213678, 26.576588891664073 ], [ 142.231600272034939, 26.577384162149428 ], [ 142.231968340266803, 26.57747805406899 ], [ 142.232020557602709, 26.57743361317074 ] ] ], [ [ [ 142.146280829596662, 26.57781444098373 ], [ 142.146486667325917, 26.577546666945182 ], [ 142.145909727951675, 26.577697494943493 ], [ 142.146232502727912, 26.577849721387565 ], [ 142.146280829596662, 26.57781444098373 ] ] ], [ [ [ 142.231179728361894, 26.578779999897108 ], [ 142.231143061203397, 26.579060000218874 ], [ 142.231203891346581, 26.578811108346031 ], [ 142.231179728361894, 26.578779999897108 ] ] ], [ [ [ 142.230948054009559, 26.578836387389401 ], [ 142.230827782276378, 26.579136667423313 ], [ 142.230970557745081, 26.578854999758505 ], [ 142.230948054009559, 26.578836387389401 ] ] ], [ [ [ 142.231993605820321, 26.579622224885838 ], [ 142.23294944216309, 26.578781667240207 ], [ 142.231856393557791, 26.578096107749218 ], [ 142.23136833957733, 26.578615279171856 ], [ 142.23136833957733, 26.579111386581303 ], [ 142.23193250318252, 26.579641667329156 ], [ 142.231993605820321, 26.579622224885838 ] ] ], [ [ [ 142.230996109283069, 26.57968082920695 ], [ 142.230253333124892, 26.578974441417415 ], [ 142.230146667234976, 26.579656387432408 ], [ 142.230701946437762, 26.579944162393247 ], [ 142.230928611566242, 26.579716107812203 ], [ 142.230996109283069, 26.57968082920695 ] ] ], [ [ [ 142.1470666670931, 26.581756387147607 ], [ 142.146728885329821, 26.581745278721712 ], [ 142.146696938712807, 26.582084440944243 ], [ 142.1470666670931, 26.581891666767035 ], [ 142.1470666670931, 26.581756387147607 ] ] ], [ [ [ 142.161584162978784, 26.58195722464626 ], [ 142.161237496813101, 26.582296108078992 ], [ 142.161694448639992, 26.582613891617882 ], [ 142.16161944158398, 26.581978613222475 ], [ 142.161584162978784, 26.58195722464626 ] ] ], [ [ [ 142.161256394267298, 26.582453892333319 ], [ 142.161006666924209, 26.582540559099584 ], [ 142.161430557874041, 26.582741667294158 ], [ 142.161289441654503, 26.582485829057816 ], [ 142.161256394267298, 26.582453892333319 ] ] ], [ [ [ 142.16156500562056, 26.583060558797797 ], [ 142.161828884695296, 26.582878332768871 ], [ 142.161524721388901, 26.583060558797797 ], [ 142.16156500562056, 26.583060558797797 ] ] ], [ [ [ 142.146275550576206, 26.583079440963502 ], [ 142.146553060675274, 26.58277194566881 ], [ 142.146233332802126, 26.583087774980868 ], [ 142.146275550576206, 26.583079440963502 ] ] ], [ [ [ 142.158578885007614, 26.583142495130119 ], [ 142.1592647205905, 26.582533333046911 ], [ 142.158058054335811, 26.582299440966494 ], [ 142.157944720872251, 26.582963891570387 ], [ 142.158515278657205, 26.583153332860093 ], [ 142.158578885007614, 26.583142495130119 ] ] ], [ [ [ 142.148390829773007, 26.58451889223312 ], [ 142.148010830235648, 26.584545279241297 ], [ 142.148403890627151, 26.58456082941882 ], [ 142.148390829773007, 26.58451889223312 ] ] ], [ [ [ 142.138613890618672, 26.585775279305722 ], [ 142.138269728165483, 26.58604916243894 ], [ 142.138750000312371, 26.586328613274929 ], [ 142.138683332669757, 26.585818613138542 ], [ 142.138613890618672, 26.585775279305722 ] ] ], [ [ [ 142.1429702722603, 26.586590279118127 ], [ 142.142853333414678, 26.586768891671056 ], [ 142.143013332699184, 26.586606386875303 ], [ 142.1429702722603, 26.586590279118127 ] ] ], [ [ [ 142.152497224167632, 26.586529440881066 ], [ 142.152571946138437, 26.586820829317844 ], [ 142.152523890864927, 26.586549162114181 ], [ 142.152497224167632, 26.586529440881066 ] ] ], [ [ [ 142.138626108807898, 26.586633891740746 ], [ 142.138949169568605, 26.586889161605598 ], [ 142.138674449166615, 26.586644721376842 ], [ 142.138626108807898, 26.586633891740746 ] ] ], [ [ [ 142.152233605896299, 26.586795829064329 ], [ 142.151965278774696, 26.587121666931409 ], [ 142.152511672675587, 26.587323892083987 ], [ 142.15227250337341, 26.586832775012624 ], [ 142.152233605896299, 26.586795829064329 ] ] ], [ [ [ 142.142427782316418, 26.587313891622841 ], [ 142.142321388021742, 26.587528054376264 ], [ 142.142451672806487, 26.587329162111189 ], [ 142.142427782316418, 26.587313891622841 ] ] ], [ [ [ 142.143998054366762, 26.58769472123447 ], [ 142.143788339660205, 26.587746666975136 ], [ 142.144011115220906, 26.587710278606551 ], [ 142.143998054366762, 26.58769472123447 ] ] ], [ [ [ 142.161439169781943, 26.588464720770276 ], [ 142.162082218319824, 26.587992225061214 ], [ 142.161727224431957, 26.586791387312701 ], [ 142.162209441812365, 26.586551666726109 ], [ 142.162155836822421, 26.585603891906146 ], [ 142.161370000225361, 26.585844440768369 ], [ 142.161006109344498, 26.586475558899963 ], [ 142.160322218095985, 26.586413054219122 ], [ 142.15963834033721, 26.585583053715027 ], [ 142.160250558316648, 26.585175559204743 ], [ 142.160288053750719, 26.584431107609589 ], [ 142.159074449226523, 26.584388891634092 ], [ 142.158526109192621, 26.58338805411546 ], [ 142.157233891331089, 26.583717224870099 ], [ 142.156628885015152, 26.584225278873589 ], [ 142.155340271636305, 26.584086946055777 ], [ 142.155141114970547, 26.584383612613692 ], [ 142.154495006039724, 26.584366666688368 ], [ 142.152526667072038, 26.583600278829863 ], [ 142.151700000354822, 26.582940558659914 ], [ 142.151268054177422, 26.581929440990962 ], [ 142.150137224153582, 26.581865278859595 ], [ 142.1497502719576, 26.582562495362936 ], [ 142.149209442162146, 26.582643613312143 ], [ 142.147608885441741, 26.582008891597127 ], [ 142.147124163449462, 26.582381666880451 ], [ 142.147338339692737, 26.582935278740194 ], [ 142.147954449038707, 26.5830586126649 ], [ 142.148713332954003, 26.583943053629071 ], [ 142.148675836620669, 26.584792224981243 ], [ 142.14931805418496, 26.58540666698417 ], [ 142.149441945689318, 26.585968333172104 ], [ 142.150306108739983, 26.58606472071034 ], [ 142.150724163089762, 26.585283612748583 ], [ 142.151527224402003, 26.585261946281832 ], [ 142.152715836766561, 26.586344999821961 ], [ 142.153539728175929, 26.586491386967964 ], [ 142.153678339783596, 26.586991946021556 ], [ 142.154645005762518, 26.58775944094549 ], [ 142.155259169874853, 26.587795558618211 ], [ 142.155352775810002, 26.58728972144354 ], [ 142.155975836915445, 26.587167494584264 ], [ 142.156435550560218, 26.58790389185117 ], [ 142.157467224033212, 26.588042224668982 ], [ 142.157766394303735, 26.587778333003712 ], [ 142.158208340042961, 26.588127494788125 ], [ 142.159431673433005, 26.587502224947798 ], [ 142.160472217818665, 26.588114720817771 ], [ 142.160909999696742, 26.588003332587789 ], [ 142.161376666899741, 26.588488613059098 ], [ 142.161439169781943, 26.588464720770276 ] ] ], [ [ [ 142.163650557727124, 26.589309161688504 ], [ 142.164025836722999, 26.588783613173234 ], [ 142.163771115444661, 26.587912224969273 ], [ 142.163494162925303, 26.588650829172479 ], [ 142.162962776011341, 26.588939721091322 ], [ 142.163058612265218, 26.589272224733463 ], [ 142.163606667214026, 26.589328613125019 ], [ 142.163650557727124, 26.589309161688504 ] ] ], [ [ [ 142.162694162905382, 26.589698053722259 ], [ 142.162497223967762, 26.589923332995454 ], [ 142.162806938789231, 26.590057494757616 ], [ 142.162808884922129, 26.589742775208947 ], [ 142.162694162905382, 26.589698053722259 ] ] ], [ [ [ 142.162498885015566, 26.590033332672192 ], [ 142.162544720762298, 26.590439161638074 ], [ 142.162757224266556, 26.590244999806941 ], [ 142.162550558261728, 26.590066107564837 ], [ 142.162498885015566, 26.590033332672192 ] ] ], [ [ [ 142.165807782203501, 26.592494440765904 ], [ 142.166161115043451, 26.59233527875017 ], [ 142.166147224115207, 26.591884721103042 ], [ 142.165670272265288, 26.592130558878239 ], [ 142.165765005950334, 26.592500000374741 ], [ 142.165807782203501, 26.592494440765904 ] ] ], [ [ [ 142.163819442313525, 26.592892495092599 ], [ 142.164613605733393, 26.592845558575732 ], [ 142.16527306060334, 26.592293053781475 ], [ 142.165693061086017, 26.591344162003509 ], [ 142.165325278838623, 26.590803333107374 ], [ 142.166341115250361, 26.590983333314227 ], [ 142.166006393880025, 26.590040829420786 ], [ 142.165634162686501, 26.590310558585486 ], [ 142.165640830260145, 26.589491386818111 ], [ 142.165151115231879, 26.588712494785852 ], [ 142.164348339903995, 26.589870828775759 ], [ 142.164619442333446, 26.590362775022072 ], [ 142.164450000167449, 26.591288332990246 ], [ 142.163399441830848, 26.591664720850247 ], [ 142.163588884919136, 26.59211999993812 ], [ 142.163236393844613, 26.592473892156477 ], [ 142.163736666913678, 26.592935559128819 ], [ 142.163819442313525, 26.592892495092599 ] ] ], [ [ [ 142.166886667385825, 26.594276945624586 ], [ 142.166955836942407, 26.593695559102798 ], [ 142.166545836920932, 26.594101666858478 ], [ 142.166862775996378, 26.594295000413979 ], [ 142.166886667385825, 26.594276945624586 ] ] ], [ [ [ 142.174623605994725, 26.594071946063536 ], [ 142.174475550606189, 26.594397495248245 ], [ 142.174639169661987, 26.59408582889796 ], [ 142.174623605994725, 26.594071946063536 ] ] ], [ [ [ 142.168508392348485, 26.595668495404766 ], [ 142.16913055772909, 26.595123892054005 ], [ 142.169029169960254, 26.593665278929507 ], [ 142.168459442249514, 26.593276386895809 ], [ 142.168372776382625, 26.593828891690066 ], [ 142.168185006033241, 26.593291107898381 ], [ 142.167796938677839, 26.593191945951617 ], [ 142.167379170312529, 26.594061945602334 ], [ 142.167975837215181, 26.595521946380757 ], [ 142.16844758828563, 26.595698081301464 ], [ 142.168508392348485, 26.595668495404766 ] ] ], [ [ [ 142.132720000127961, 26.595834162216875 ], [ 142.132479728256953, 26.596361946446734 ], [ 142.132743061443193, 26.595861387393143 ], [ 142.132720000127961, 26.595834162216875 ] ] ], [ [ [ 142.124028340335713, 26.596184440959235 ], [ 142.12440610865508, 26.596830000404225 ], [ 142.124124449084093, 26.596234161777204 ], [ 142.124028340335713, 26.596184440959235 ] ] ], [ [ [ 142.128183060699712, 26.597057494707656 ], [ 142.128132218427254, 26.597396945612616 ], [ 142.128212217619762, 26.59707861258795 ], [ 142.128183060699712, 26.597057494707656 ] ] ], [ [ [ 142.175541724770824, 26.597795386647817 ], [ 142.175800999316721, 26.59742253222413 ], [ 142.175346693295296, 26.597651198344181 ], [ 142.175535382751832, 26.597801332965219 ], [ 142.175541724770824, 26.597795386647817 ] ] ], [ [ [ 142.124103333002495, 26.597579161748968 ], [ 142.123606108635045, 26.597075278801128 ], [ 142.123154449318463, 26.597407224863559 ], [ 142.123950271987496, 26.597842774624382 ], [ 142.124097782386798, 26.597630000424203 ], [ 142.124103333002495, 26.597579161748968 ] ] ], [ [ [ 142.174341166711542, 26.59846869377526 ], [ 142.174607419097129, 26.598041225322334 ], [ 142.174280271817111, 26.598158612929694 ], [ 142.174333553950419, 26.598475197672258 ], [ 142.174341166711542, 26.59846869377526 ] ] ], [ [ [ 142.176164162646046, 26.598739946391447 ], [ 142.175993216813595, 26.599028639560117 ], [ 142.176172918445445, 26.598747694050871 ], [ 142.176164162646046, 26.598739946391447 ] ] ], [ [ [ 142.125971387669438, 26.598858333145586 ], [ 142.125763890691019, 26.598993333075896 ], [ 142.126014163023228, 26.599180278746928 ], [ 142.126008339913028, 26.598882225434409 ], [ 142.125971387669438, 26.598858333145586 ] ] ], [ [ [ 142.124438885346308, 26.598815558691115 ], [ 142.124209442212077, 26.598568612951169 ], [ 142.123456108912364, 26.598809721191742 ], [ 142.1237894417294, 26.599298053962059 ], [ 142.124417224275589, 26.598856387012688 ], [ 142.124438885346308, 26.598815558691115 ] ] ], [ [ [ 142.175192802206084, 26.599180640274369 ], [ 142.175089338801968, 26.598872775358359 ], [ 142.17478549925147, 26.599073531918009 ], [ 142.174790726111155, 26.599544612993554 ], [ 142.175142438372859, 26.599216161696575 ], [ 142.175192802206084, 26.599180640274369 ] ] ], [ [ [ 142.175401855011614, 26.60043594636187 ], [ 142.175980752209966, 26.59960063985767 ], [ 142.175907587864913, 26.599359386826279 ], [ 142.175386446027687, 26.599751225039029 ], [ 142.175913384894898, 26.598758467929031 ], [ 142.17458914397389, 26.600158305861157 ], [ 142.175365446857995, 26.600451694390244 ], [ 142.175401855011614, 26.60043594636187 ] ] ], [ [ [ 142.176456743583913, 26.600967279316535 ], [ 142.176482995693732, 26.600212468430698 ], [ 142.176006938669389, 26.60078910833073 ], [ 142.176455161676472, 26.600972613195609 ], [ 142.176456743583913, 26.600967279316535 ] ] ], [ [ [ 142.173573061147863, 26.601524694409193 ], [ 142.173876031054078, 26.600753468198036 ], [ 142.173370194778727, 26.600355748419133 ], [ 142.173103139298519, 26.600718829010816 ], [ 142.173567665215614, 26.601532999648271 ], [ 142.173573061147863, 26.601524694409193 ] ] ], [ [ [ 142.126371114735207, 26.601483892167948 ], [ 142.125980829651667, 26.601729720949891 ], [ 142.126404449006145, 26.601518053815198 ], [ 142.126371114735207, 26.601483892167948 ] ] ], [ [ [ 142.17830557704076, 26.604661467652647 ], [ 142.178655136325574, 26.604285891880465 ], [ 142.178213838997522, 26.604413612698124 ], [ 142.178296860811543, 26.604665440857445 ], [ 142.17830557704076, 26.604661467652647 ] ] ], [ [ [ 142.179312217884558, 26.604537333331336 ], [ 142.179333994967919, 26.604782108107827 ], [ 142.179328392191564, 26.604542278703263 ], [ 142.179312217884558, 26.604537333331336 ] ] ], [ [ [ 142.179124500595321, 26.604959108176331 ], [ 142.178830077845873, 26.604885828718068 ], [ 142.179115771775514, 26.604963198293035 ], [ 142.179124500595321, 26.604959108176331 ] ] ], [ [ [ 142.176102632830293, 26.605378197645734 ], [ 142.175722671963854, 26.604843828579874 ], [ 142.176099637188599, 26.605386494790935 ], [ 142.176102632830293, 26.605378197645734 ] ] ], [ [ [ 142.177596252065428, 26.605497278676523 ], [ 142.178122282617323, 26.604622053964647 ], [ 142.177915810866011, 26.603123305895906 ], [ 142.177203449779427, 26.602620252122961 ], [ 142.176801945653324, 26.602726640122398 ], [ 142.176819882631548, 26.601786693900863 ], [ 142.176200829804543, 26.602154225237371 ], [ 142.175799948009285, 26.601736775232041 ], [ 142.175427223987299, 26.602391666941912 ], [ 142.175782113553737, 26.60300202692207 ], [ 142.17668147876725, 26.603183612633643 ], [ 142.17649208783962, 26.604163198273056 ], [ 142.177317613317314, 26.604910278586544 ], [ 142.177161336326662, 26.605408027258704 ], [ 142.177580921322487, 26.605512639996391 ], [ 142.177596252065428, 26.605497278676523 ] ] ], [ [ [ 142.176879856620189, 26.60571282908387 ], [ 142.176239143621615, 26.605601612624355 ], [ 142.176519688932558, 26.606054828667482 ], [ 142.176874553318044, 26.605724666859942 ], [ 142.176879856620189, 26.60571282908387 ] ] ], [ [ [ 142.179648054414201, 26.608335000360057 ], [ 142.17953221813741, 26.608548054249354 ], [ 142.179659170034711, 26.608350000152427 ], [ 142.179648054414201, 26.608335000360057 ] ] ], [ [ [ 142.176376719210339, 26.608296693737486 ], [ 142.176051479392299, 26.608222801840895 ], [ 142.176029143829965, 26.608595801954721 ], [ 142.17637866444386, 26.608309892187833 ], [ 142.176376719210339, 26.608296693737486 ] ] ], [ [ [ 142.125614721042552, 26.608890278663466 ], [ 142.125449170243087, 26.609266108044494 ], [ 142.125694162655577, 26.608989161820432 ], [ 142.125614721042552, 26.608890278663466 ] ] ], [ [ [ 142.125482502715386, 26.609991666682106 ], [ 142.124978340078428, 26.610021386577785 ], [ 142.125322218345786, 26.610332495348416 ], [ 142.125501387578993, 26.610019161655032 ], [ 142.125482502715386, 26.609991666682106 ] ] ], [ [ [ 142.125906108580125, 26.610265828605179 ], [ 142.125665836709118, 26.610557774621668 ], [ 142.125910830020871, 26.610303892410741 ], [ 142.125906108580125, 26.610265828605179 ] ] ], [ [ [ 142.131057223811922, 26.61062472105408 ], [ 142.132016108856419, 26.610508891971847 ], [ 142.132119727843246, 26.609411387225805 ], [ 142.132336939298398, 26.609950829367335 ], [ 142.132754448658943, 26.610105829320617 ], [ 142.132902775642606, 26.60951194581969 ], [ 142.132554449328495, 26.608506108070458 ], [ 142.133327224172149, 26.608538613166502 ], [ 142.134016939430239, 26.608131107864381 ], [ 142.133478053969043, 26.606634440826838 ], [ 142.133908884987136, 26.60646444108113 ], [ 142.134792503071594, 26.605207494630235 ], [ 142.135121946320851, 26.603192774926697 ], [ 142.13594111539021, 26.601351386956992 ], [ 142.135812218259275, 26.600769441056912 ], [ 142.133966108848881, 26.598561108108697 ], [ 142.133533605991147, 26.596767225027463 ], [ 142.1331436059927, 26.59677027912511 ], [ 142.132918054224888, 26.59639416196103 ], [ 142.132306393825047, 26.59677027912511 ], [ 142.132141673099795, 26.595753054160184 ], [ 142.131136393829593, 26.59630249496422 ], [ 142.130968340216782, 26.595802774978154 ], [ 142.130059728173933, 26.595161386588757 ], [ 142.130106393994993, 26.594859441010442 ], [ 142.128929169745447, 26.595007224803624 ], [ 142.128506938944156, 26.59630416230732 ], [ 142.128786109191651, 26.597090278593555 ], [ 142.127844721356837, 26.598221667096311 ], [ 142.127217497289735, 26.597702775362848 ], [ 142.127528339861101, 26.597105828771021 ], [ 142.127159441555023, 26.595949440914012 ], [ 142.125258611995378, 26.595594440730906 ], [ 142.125055278878108, 26.596121386792618 ], [ 142.125379442207532, 26.596508892071768 ], [ 142.125686394311742, 26.598477224744158 ], [ 142.1272863943517, 26.599090558782336 ], [ 142.127474721381304, 26.599683053730018 ], [ 142.127054163319031, 26.60051249485582 ], [ 142.126317497154787, 26.600069999630819 ], [ 142.125434449240515, 26.60040444131198 ], [ 142.125817224085722, 26.601249161919327 ], [ 142.126396938767812, 26.600995000019282 ], [ 142.126638340187355, 26.601401107774961 ], [ 142.126334720970704, 26.602357495402146 ], [ 142.12571722397081, 26.602348333109148 ], [ 142.126051946240409, 26.602605558999414 ], [ 142.125044449241955, 26.602847494616242 ], [ 142.125092776110819, 26.603563333381203 ], [ 142.124288884724365, 26.603943054128706 ], [ 142.123154163333993, 26.60351833310466 ], [ 142.122712776073854, 26.603727494728162 ], [ 142.122695278864057, 26.60434444134296 ], [ 142.123330272174371, 26.604783054194627 ], [ 142.124171673384126, 26.60620889242648 ], [ 142.124199170155634, 26.606571667248716 ], [ 142.123412775978863, 26.607135829055323 ], [ 142.124720272422678, 26.607540279360478 ], [ 142.12554472141187, 26.607214999972314 ], [ 142.12635861236015, 26.607745000131729 ], [ 142.126531114919089, 26.608920000357784 ], [ 142.1259344489157, 26.609003613026346 ], [ 142.125758340075436, 26.609521108112688 ], [ 142.126562217972037, 26.610162775291883 ], [ 142.128321673206756, 26.610475829296149 ], [ 142.128231946047549, 26.60915555888198 ], [ 142.128870272245308, 26.608944720922182 ], [ 142.129249727692809, 26.609282775179963 ], [ 142.12974972826737, 26.608678053949063 ], [ 142.130001388253504, 26.610410828996635 ], [ 142.130984721367895, 26.610637225227833 ], [ 142.131057223811922, 26.61062472105408 ] ] ], [ [ [ 142.126332503242452, 26.611242495045133 ], [ 142.127211114801185, 26.610949441063894 ], [ 142.126744720992178, 26.610363054311563 ], [ 142.126167497432107, 26.61021499982246 ], [ 142.125889728328389, 26.610903892200895 ], [ 142.126273605742426, 26.611308053823677 ], [ 142.126332503242452, 26.611242495045133 ] ] ], [ [ [ 142.185208975413957, 26.611890161601707 ], [ 142.184962437966192, 26.611872891920484 ], [ 142.185222776410114, 26.611909197551483 ], [ 142.185208975413957, 26.611890161601707 ] ] ], [ [ [ 142.127128611895955, 26.612007774938888 ], [ 142.127354721243478, 26.61144472109703 ], [ 142.126977782099061, 26.611184441109117 ], [ 142.126214720832763, 26.611785558756594 ], [ 142.127098053832128, 26.61204582885199 ], [ 142.127128611895955, 26.612007774938888 ] ] ], [ [ [ 142.181581114776691, 26.616228054081489 ], [ 142.18141917025855, 26.616396945862391 ], [ 142.181596666752853, 26.616242224698965 ], [ 142.181581114776691, 26.616228054081489 ] ] ], [ [ [ 142.176191439983086, 26.616870251860689 ], [ 142.176294552651598, 26.616661162182936 ], [ 142.176169274392578, 26.616884197647664 ], [ 142.176191439983086, 26.616870251860689 ] ] ], [ [ [ 142.17511457827527, 26.616986748239867 ], [ 142.175636471945722, 26.61658561283582 ], [ 142.175265577144728, 26.615703748429326 ], [ 142.174738003356197, 26.616318197626754 ], [ 142.175182826925948, 26.616819252206767 ], [ 142.174865226848851, 26.616968667370145 ], [ 142.175109973746316, 26.616989197993121 ], [ 142.17511457827527, 26.616986748239867 ] ] ], [ [ [ 142.181408781290315, 26.617243892291867 ], [ 142.181228781083405, 26.617030000234365 ], [ 142.181402087636343, 26.617272134601365 ], [ 142.181408781290315, 26.617243892291867 ] ] ], [ [ [ 142.17430455261308, 26.620206829281813 ], [ 142.173881855063655, 26.620072305992153 ], [ 142.174306550007373, 26.620210333040461 ], [ 142.17430455261308, 26.620206829281813 ] ] ], [ [ [ 142.181914423312037, 26.621302747623758 ], [ 142.181771634353481, 26.621464053623242 ], [ 142.18192194614096, 26.621307801813657 ], [ 142.181914423312037, 26.621302747623758 ] ] ], [ [ [ 142.182482632967208, 26.621946693685004 ], [ 142.182210894717059, 26.621643026804293 ], [ 142.18247683503796, 26.621957613253301 ], [ 142.182482632967208, 26.621946693685004 ] ] ], [ [ [ 142.174172411627524, 26.621940224861532 ], [ 142.173732918339624, 26.621602080671551 ], [ 142.173842140102693, 26.622037919114746 ], [ 142.174166497685746, 26.621951864786809 ], [ 142.174172411627524, 26.621940224861532 ] ] ], [ [ [ 142.183333333166843, 26.622378162322377 ], [ 142.183238443899086, 26.62169289241308 ], [ 142.183292776440567, 26.622387305729603 ], [ 142.183333333166843, 26.622378162322377 ] ] ], [ [ [ 142.18454172522047, 26.623217558943225 ], [ 142.184801388273513, 26.622205360289172 ], [ 142.184043838952107, 26.62129494600498 ], [ 142.183805498824768, 26.622219828582274 ], [ 142.184110636096989, 26.623190494745586 ], [ 142.184537912095038, 26.623224053847082 ], [ 142.18454172522047, 26.623217558943225 ] ] ], [ [ [ 142.181717301812114, 26.623364892176085 ], [ 142.181584942291352, 26.623877027303024 ], [ 142.181720220112084, 26.62336677535643 ], [ 142.181717301812114, 26.623364892176085 ] ] ], [ [ [ 142.181691089272363, 26.624239748165905 ], [ 142.181729831166876, 26.62403363974073 ], [ 142.181684162694069, 26.624257278650532 ], [ 142.181691089272363, 26.624239748165905 ] ] ], [ [ [ 142.180621751292847, 26.627075027290743 ], [ 142.180532087985512, 26.627272720759493 ], [ 142.180630609615037, 26.627087107883767 ], [ 142.180621751292847, 26.627075027290743 ] ] ], [ [ [ 142.180748170791503, 26.630375441173726 ], [ 142.180746719285708, 26.630604693651719 ], [ 142.180755083880058, 26.630377333347326 ], [ 142.180748170791503, 26.630375441173726 ] ] ], [ [ [ 142.180775057822757, 26.630742414031261 ], [ 142.180730220323426, 26.631036000411143 ], [ 142.18077778186921, 26.63074386463768 ], [ 142.180775057822757, 26.630742414031261 ] ] ], [ [ [ 142.160749974331907, 26.634948802245503 ], [ 142.160853501587894, 26.634651891971316 ], [ 142.160049856615615, 26.634762108384621 ], [ 142.160701439719787, 26.634932440879481 ], [ 142.160749974331907, 26.634948802245503 ] ] ], [ [ [ 142.152605356851836, 26.63746927908403 ], [ 142.152545084288249, 26.637837413865611 ], [ 142.152610894876943, 26.637470973406721 ], [ 142.152605356851836, 26.63746927908403 ] ] ], [ [ [ 142.17349236138341, 26.637931197866521 ], [ 142.173570506173974, 26.638123080815603 ], [ 142.173495771612579, 26.637932467709277 ], [ 142.17349236138341, 26.637931197866521 ] ] ], [ [ [ 142.153217250175999, 26.639276026967138 ], [ 142.153140973277345, 26.639468107767016 ], [ 142.153226005076135, 26.639279721382081 ], [ 142.153217250175999, 26.639276026967138 ] ] ], [ [ [ 142.152045616112332, 26.643695495151007 ], [ 142.152136328928464, 26.64346658621406 ], [ 142.152033968992555, 26.643703080932482 ], [ 142.152045616112332, 26.643695495151007 ] ] ], [ [ [ 142.137383332974537, 26.644932224842364 ], [ 142.137342776248147, 26.644472774698841 ], [ 142.137086667315884, 26.644713613142756 ], [ 142.137342776248147, 26.644951386697187 ], [ 142.137383332974537, 26.644932224842364 ] ] ], [ [ [ 142.150875252790797, 26.647300585853429 ], [ 142.1505525814365, 26.647281720774856 ], [ 142.150841166686519, 26.64735461262535 ], [ 142.150875252790797, 26.647300585853429 ] ] ], [ [ [ 142.174913917043682, 26.64784027890579 ], [ 142.174686498283336, 26.647703802288675 ], [ 142.174906589367652, 26.647841802357334 ], [ 142.174913917043682, 26.64784027890579 ] ] ], [ [ [ 142.144922477390537, 26.647731198336203 ], [ 142.144380245551929, 26.64781725176482 ], [ 142.144930947205467, 26.647751864756799 ], [ 142.144922477390537, 26.647731198336203 ] ] ], [ [ [ 142.143219221689833, 26.64820058598832 ], [ 142.143726445618995, 26.648149613314047 ], [ 142.143872243709097, 26.64770691933893 ], [ 142.142685188071027, 26.648322532259101 ], [ 142.143083799977489, 26.648261999791487 ], [ 142.143219221689833, 26.64820058598832 ] ] ], [ [ [ 142.142568080152842, 26.648252693606992 ], [ 142.142204423095677, 26.648381332632425 ], [ 142.142567588223642, 26.648340251601383 ], [ 142.142568080152842, 26.648252693606992 ] ] ], [ [ [ 142.145018755211481, 26.648574080729304 ], [ 142.144570972872202, 26.648914721437279 ], [ 142.145027833867516, 26.648604865422271 ], [ 142.145018755211481, 26.648574080729304 ] ] ], [ [ [ 142.148364617233369, 26.648839973386089 ], [ 142.148310829681122, 26.649123999972687 ], [ 142.148376860603662, 26.64884174774852 ], [ 142.148364617233369, 26.648839973386089 ] ] ], [ [ [ 142.147979805423802, 26.649323108075009 ], [ 142.147520506366391, 26.649449225401497 ], [ 142.14731880731722, 26.650164225098933 ], [ 142.14799535739985, 26.649326774610984 ], [ 142.147979805423802, 26.649323108075009 ] ] ], [ [ [ 142.181098832645034, 26.653073279208513 ], [ 142.181039688730721, 26.653288801736835 ], [ 142.181107781798801, 26.653076252367214 ], [ 142.181098832645034, 26.653073279208513 ] ] ], [ [ [ 142.14550360580688, 26.653622801850872 ], [ 142.146177886000714, 26.652476053826888 ], [ 142.145359467865205, 26.65253844069656 ], [ 142.144934915913723, 26.653138414406328 ], [ 142.144439921865001, 26.653247414036969 ], [ 142.145493164677873, 26.653625251604126 ], [ 142.14550360580688, 26.653622801850872 ] ] ], [ [ [ 142.188624694973782, 26.655426135008156 ], [ 142.188515811355728, 26.65562153160846 ], [ 142.188614059591259, 26.655445000086729 ], [ 142.188624694973782, 26.655426135008156 ] ] ], [ [ [ 142.14414839223457, 26.657945279051432 ], [ 142.143582528910656, 26.658059305892323 ], [ 142.144128197058762, 26.657955748059351 ], [ 142.14414839223457, 26.657945279051432 ] ] ], [ [ [ 142.171002502863303, 26.658320828743285 ], [ 142.170720558207222, 26.658364161676786 ], [ 142.170893890840489, 26.658693891809719 ], [ 142.171031388188112, 26.658321945701289 ], [ 142.171002502863303, 26.658320828743285 ] ] ], [ [ [ 142.1849110507045, 26.660549640153818 ], [ 142.185258520864068, 26.659986134852318 ], [ 142.184954306296277, 26.659586747730259 ], [ 142.184662244267201, 26.659947919061267 ], [ 142.184907522664048, 26.660552080913874 ], [ 142.1849110507045, 26.660549640153818 ] ] ], [ [ [ 142.185343605722892, 26.660480829426774 ], [ 142.185041387650017, 26.660491107778455 ], [ 142.185363333251303, 26.660513892102472 ], [ 142.185343605722892, 26.660480829426774 ] ] ], [ [ [ 142.166943358849039, 26.660414386614718 ], [ 142.166925188047003, 26.659603027257958 ], [ 142.16630955893902, 26.660341919244217 ], [ 142.16681469464254, 26.660632054026109 ], [ 142.166938560066569, 26.660420775398507 ], [ 142.166943358849039, 26.660414386614718 ] ] ], [ [ [ 142.146562023318779, 26.661350224733155 ], [ 142.146624086432553, 26.661097413614812 ], [ 142.146317108248013, 26.661208053608846 ], [ 142.146548663889803, 26.661351053908049 ], [ 142.146562023318779, 26.661350224733155 ] ] ], [ [ [ 142.142225667780394, 26.664959107876598 ], [ 142.142523139231571, 26.664880278701958 ], [ 142.142195939790895, 26.664421973395406 ], [ 142.141927950814306, 26.664858495323358 ], [ 142.142220026333234, 26.664960829178995 ], [ 142.142225667780394, 26.664959107876598 ] ] ], [ [ [ 142.14182693896214, 26.66474333263875 ], [ 142.141478948994404, 26.664666224766506 ], [ 142.141504033784145, 26.66504161258041 ], [ 142.141822335332563, 26.664758414269443 ], [ 142.14182693896214, 26.66474333263875 ] ] ], [ [ [ 142.163947612792185, 26.665170667092639 ], [ 142.163654837600689, 26.665310080895551 ], [ 142.163957716675327, 26.665434027258584 ], [ 142.163955135621109, 26.665175532424939 ], [ 142.163947612792185, 26.665170667092639 ] ] ], [ [ [ 142.163611555928583, 26.665327468388 ], [ 142.163380117198699, 26.665265639997358 ], [ 142.163598469893486, 26.66538110755215 ], [ 142.163611555928583, 26.665327468388 ] ] ], [ [ [ 142.143068884721288, 26.665743892266846 ], [ 142.142737497137887, 26.665613612877962 ], [ 142.143055278878137, 26.66575249518155 ], [ 142.143068884721288, 26.665743892266846 ] ] ], [ [ [ 142.141556252019427, 26.666249558570314 ], [ 142.141673671103149, 26.666062864709488 ], [ 142.141551244594325, 26.666259387260936 ], [ 142.141556252019427, 26.666249558570314 ] ] ], [ [ [ 142.14195202296753, 26.665962558825072 ], [ 142.141766783310459, 26.666285802148082 ], [ 142.141942114237281, 26.665985585966098 ], [ 142.14195202296753, 26.665962558825072 ] ] ], [ [ [ 142.146018637650059, 26.666807279432476 ], [ 142.145816057265279, 26.666683360049092 ], [ 142.146015330842943, 26.666811161805697 ], [ 142.146018637650059, 26.666807279432476 ] ] ], [ [ [ 142.14049147899857, 26.666880639829742 ], [ 142.140545693728882, 26.666519251762111 ], [ 142.140261555626353, 26.666673972925537 ], [ 142.140487561551822, 26.666881720814843 ], [ 142.14049147899857, 26.666880639829742 ] ] ], [ [ [ 142.140956420402517, 26.666542775328878 ], [ 142.140756860840497, 26.666918918573288 ], [ 142.140954227855445, 26.666558107870458 ], [ 142.140956420402517, 26.666542775328878 ] ] ], [ [ [ 142.141658340360209, 26.666595134757699 ], [ 142.141634553292079, 26.666376639969997 ], [ 142.141441387909822, 26.667039080589177 ], [ 142.141655057834669, 26.66660769379007 ], [ 142.141658340360209, 26.666595134757699 ] ] ], [ [ [ 142.140309584819533, 26.667010161989424 ], [ 142.140416303769484, 26.667353414328659 ], [ 142.140320363194292, 26.667012865351523 ], [ 142.140309584819533, 26.667010161989424 ] ] ], [ [ [ 142.143814448777903, 26.670207919160191 ], [ 142.14412525267835, 26.670084864924604 ], [ 142.143343606022654, 26.669937252002626 ], [ 142.143080804335682, 26.670186802179217 ], [ 142.143638494620859, 26.670421305798698 ], [ 142.143800699942403, 26.670209197996144 ], [ 142.143814448777903, 26.670207919160191 ] ] ], [ [ [ 142.162645498790766, 26.670930027099132 ], [ 142.162435863224573, 26.671016918695898 ], [ 142.162649636571587, 26.670946532356652 ], [ 142.162645498790766, 26.670930027099132 ] ] ], [ [ [ 142.143804617389264, 26.671341000187056 ], [ 142.143581167337061, 26.671321558643058 ], [ 142.143827249727906, 26.67135794611238 ], [ 142.143804617389264, 26.671341000187056 ] ] ], [ [ [ 142.142412048677215, 26.673728586005495 ], [ 142.142543553841961, 26.673544332904669 ], [ 142.142139948000249, 26.673449494898307 ], [ 142.142402529353262, 26.673731026765552 ], [ 142.142412048677215, 26.673728586005495 ] ] ], [ [ [ 142.144174085865416, 26.675609973121823 ], [ 142.144408274722196, 26.675906612700089 ], [ 142.144179830734629, 26.675611946234369 ], [ 142.144174085865416, 26.675609973121823 ] ] ], [ [ [ 142.142889805420282, 26.67647227907247 ], [ 142.142841724965706, 26.676830667001752 ], [ 142.142894331708135, 26.676474000374867 ], [ 142.142889805420282, 26.67647227907247 ] ] ], [ [ [ 142.142011556288367, 26.676962666793713 ], [ 142.142146004934261, 26.676635945792327 ], [ 142.141661088688352, 26.676777332707786 ], [ 142.142002022575298, 26.676964558967256 ], [ 142.142011556288367, 26.676962666793713 ] ] ], [ [ [ 142.142470245605409, 26.676889279416741 ], [ 142.142400415047177, 26.677141891784913 ], [ 142.142476589423154, 26.676890613111368 ], [ 142.142470245605409, 26.676889279416741 ] ] ], [ [ [ 142.139459780344623, 26.678857107569513 ], [ 142.13928457802092, 26.678967027206568 ], [ 142.139468716008537, 26.678859441310237 ], [ 142.139459780344623, 26.678857107569513 ] ] ], [ [ [ 142.138268300941377, 26.680154161985058 ], [ 142.138397276313299, 26.679970279404927 ], [ 142.137869805047558, 26.679999666551396 ], [ 142.138254526924925, 26.680153000060955 ], [ 142.138268300941377, 26.680154161985058 ] ] ], [ [ [ 142.136926938727356, 26.680746108346284 ], [ 142.136679727687351, 26.680873053948346 ], [ 142.136926938727356, 26.680764441026156 ], [ 142.136926938727356, 26.680746108346284 ] ] ], [ [ [ 142.136722917628617, 26.681217053624152 ], [ 142.136478170731039, 26.681236891769174 ], [ 142.136696615156779, 26.681241999918427 ], [ 142.136722917628617, 26.681217053624152 ] ] ], [ [ [ 142.136530388966321, 26.681979774946683 ], [ 142.136368885115985, 26.681616640395703 ], [ 142.136530998706689, 26.681983946002333 ], [ 142.136530388966321, 26.681979774946683 ] ] ], [ [ [ 142.136271608148263, 26.682451026893432 ], [ 142.136519559330281, 26.682578495001621 ], [ 142.136289493865092, 26.682454080991079 ], [ 142.136271608148263, 26.682451026893432 ] ] ], [ [ [ 142.166927055938913, 26.682684224697255 ], [ 142.166885135840403, 26.682049720618181 ], [ 142.166919921617136, 26.682687197855955 ], [ 142.166927055938913, 26.682684224697255 ] ] ], [ [ [ 142.13615102524966, 26.684224359566599 ], [ 142.135900466933094, 26.684170080984472 ], [ 142.136095083821147, 26.684228107940896 ], [ 142.13615102524966, 26.684224359566599 ] ] ], [ [ [ 142.135582502630427, 26.684119108310256 ], [ 142.135150116684599, 26.684114558640033 ], [ 142.135593968986541, 26.684138864616955 ], [ 142.135582502630427, 26.684119108310256 ] ] ], [ [ [ 142.13587321657576, 26.684743801685158 ], [ 142.13571494219093, 26.684394468130279 ], [ 142.13535352804297, 26.684487333024038 ], [ 142.135873838906605, 26.684753386659509 ], [ 142.13587321657576, 26.684743801685158 ] ] ], [ [ [ 142.16730933885492, 26.684914531680363 ], [ 142.167087419448876, 26.685083026860241 ], [ 142.167328638306117, 26.684924251553014 ], [ 142.16730933885492, 26.684914531680363 ] ] ], [ [ [ 142.168353385200589, 26.684958054370782 ], [ 142.168094669133779, 26.685302359816092 ], [ 142.168369689009978, 26.684964360416927 ], [ 142.168353385200589, 26.684958054370782 ] ] ], [ [ [ 142.1341843320414, 26.686044108049202 ], [ 142.133873255646336, 26.685893946448516 ], [ 142.134176693199947, 26.686046108141454 ], [ 142.1341843320414, 26.686044108049202 ] ] ], [ [ [ 142.168408249241338, 26.68598158628123 ], [ 142.168279104796966, 26.686170639963109 ], [ 142.168415498676382, 26.68598589223518 ], [ 142.168408249241338, 26.68598158628123 ] ] ], [ [ [ 142.134142918261091, 26.68619958644183 ], [ 142.133757367208773, 26.686125467916042 ], [ 142.134160506302351, 26.686205801656456 ], [ 142.134142918261091, 26.68619958644183 ] ] ], [ [ [ 142.16870444905112, 26.686514720577918 ], [ 142.168502217603304, 26.686404162422207 ], [ 142.16869138819709, 26.686554440934742 ], [ 142.16870444905112, 26.686514720577918 ] ] ], [ [ [ 142.16207358033148, 26.687461864973159 ], [ 142.161821803433554, 26.687702694423876 ], [ 142.162091829374504, 26.687498918840106 ], [ 142.16207358033148, 26.687461864973159 ] ] ], [ [ [ 142.131934838022403, 26.687461640142601 ], [ 142.13185224428571, 26.687814359645017 ], [ 142.131938974903846, 26.687464332712807 ], [ 142.131934838022403, 26.687461640142601 ] ] ], [ [ [ 142.160156134897761, 26.687817865202362 ], [ 142.16044302222781, 26.68766264041858 ], [ 142.160214812063941, 26.687358531970744 ], [ 142.159422165800379, 26.687645386925112 ], [ 142.1600862782592, 26.687866864764032 ], [ 142.160156134897761, 26.687817865202362 ] ] ], [ [ [ 142.161955357253987, 26.687837919184688 ], [ 142.161762826793051, 26.688051440721438 ], [ 142.161959663207995, 26.687842531807462 ], [ 142.161955357253987, 26.687837919184688 ] ] ], [ [ [ 142.161885446656129, 26.688133802433072 ], [ 142.161798469623704, 26.688323278796304 ], [ 142.161956523674689, 26.688176945609598 ], [ 142.161885446656129, 26.688133802433072 ] ] ], [ [ [ 142.129977612876587, 26.688433134581544 ], [ 142.129603502100053, 26.688617531573868 ], [ 142.129977418623071, 26.688439161837891 ], [ 142.129977612876587, 26.688433134581544 ] ] ], [ [ [ 142.129516419846937, 26.688554053826579 ], [ 142.129267807663268, 26.688628747918415 ], [ 142.129521855349367, 26.68857499993635 ], [ 142.129516419846937, 26.688554053826579 ] ] ], [ [ [ 142.131258223188524, 26.688630080713722 ], [ 142.13092805418637, 26.688835198085997 ], [ 142.131254305741663, 26.688632613204561 ], [ 142.131258223188524, 26.688630080713722 ] ] ], [ [ [ 142.130229974333929, 26.688826360448218 ], [ 142.13003547255903, 26.68905272070657 ], [ 142.130238832656119, 26.688839333168744 ], [ 142.130229974333929, 26.688826360448218 ] ] ], [ [ [ 142.147427950839301, 26.688980945814023 ], [ 142.147008781330214, 26.689104224880111 ], [ 142.147329922038352, 26.689230441131997 ], [ 142.147443748330375, 26.688990494815528 ], [ 142.147427950839301, 26.688980945814023 ] ] ], [ [ [ 142.129567781927676, 26.689175559104797 ], [ 142.129303606076633, 26.689183054054752 ], [ 142.129556667206543, 26.689185558666622 ], [ 142.129567781927676, 26.689175559104797 ] ] ], [ [ [ 142.129744863834503, 26.689309162387985 ], [ 142.129553644585144, 26.689386333212781 ], [ 142.129752502675956, 26.689313224625664 ], [ 142.129744863834503, 26.689309162387985 ] ] ], [ [ [ 142.130445810725632, 26.68925472102859 ], [ 142.130691634111713, 26.689038667000943 ], [ 142.129964890167571, 26.689632000116774 ], [ 142.13042199667791, 26.689269558943067 ], [ 142.130445810725632, 26.68925472102859 ] ] ], [ [ [ 142.129089467604899, 26.69061974800303 ], [ 142.129169533347294, 26.690862305950702 ], [ 142.12909469536396, 26.690621918966428 ], [ 142.129089467604899, 26.69061974800303 ] ] ], [ [ [ 142.129858171217734, 26.690774107639015 ], [ 142.129607834134276, 26.690852495246531 ], [ 142.129856056911535, 26.690779251761114 ], [ 142.129858171217734, 26.690774107639015 ] ] ], [ [ [ 142.128278340273255, 26.692586225374043 ], [ 142.127881971275997, 26.692470666987731 ], [ 142.128263255944603, 26.692586135441843 ], [ 142.128278340273255, 26.692586225374043 ] ] ], [ [ [ 142.12839678278533, 26.692286081137809 ], [ 142.128255913879343, 26.692487135373028 ], [ 142.128831828925854, 26.692606107585846 ], [ 142.128417781955136, 26.692288865438854 ], [ 142.12839678278533, 26.692286081137809 ] ] ], [ [ [ 142.129598689827731, 26.693611467795051 ], [ 142.129832166421352, 26.69372049530466 ], [ 142.129609754186845, 26.693612919300847 ], [ 142.129598689827731, 26.693611467795051 ] ] ], [ [ [ 142.129512503299452, 26.694416693775452 ], [ 142.129046588829056, 26.694381666980405 ], [ 142.129504059564738, 26.694424667164697 ], [ 142.129512503299452, 26.694416693775452 ] ] ], [ [ [ 142.128626304160662, 26.694443972911074 ], [ 142.128413994910034, 26.694468251908347 ], [ 142.128635965577359, 26.694471225067048 ], [ 142.128626304160662, 26.694443972911074 ] ] ], [ [ [ 142.127986420337038, 26.694474054334194 ], [ 142.128079831119408, 26.694719386690394 ], [ 142.128014357776465, 26.694487748310962 ], [ 142.127986420337038, 26.694474054334194 ] ] ], [ [ [ 142.128827522971847, 26.694675306420322 ], [ 142.128491218794807, 26.694974829225032 ], [ 142.12885508359534, 26.694684386874997 ], [ 142.128827522971847, 26.694675306420322 ] ] ], [ [ [ 142.128717302061887, 26.695137360101114 ], [ 142.128972607000264, 26.694996946252104 ], [ 142.128712087792678, 26.695139441132369 ], [ 142.128717302061887, 26.695137360101114 ] ] ], [ [ [ 142.151564720735337, 26.696186946270586 ], [ 142.151583839422756, 26.696411495294342 ], [ 142.151571855057114, 26.696189919429287 ], [ 142.151564720735337, 26.696186946270586 ] ] ], [ [ [ 142.127193579819959, 26.697328775003029 ], [ 142.126924890271539, 26.697354108005754 ], [ 142.12719761327935, 26.697330495406106 ], [ 142.127193579819959, 26.697328775003029 ] ] ], [ [ [ 142.164381336029919, 26.699879864764 ], [ 142.163961192555007, 26.699901747967374 ], [ 142.164365109562254, 26.700265747666151 ], [ 142.164392918398562, 26.699889694353942 ], [ 142.164381336029919, 26.699879864764 ] ] ], [ [ [ 142.164003747574952, 26.700270495187226 ], [ 142.164252866076936, 26.70026822529843 ], [ 142.163592191726366, 26.700124585581193 ], [ 142.164001439914614, 26.700272774968653 ], [ 142.164003747574952, 26.700270495187226 ] ] ], [ [ [ 142.125581672756084, 26.700533892225394 ], [ 142.125562776201264, 26.700757225365692 ], [ 142.125602502853326, 26.70053861276682 ], [ 142.125581672756084, 26.700533892225394 ] ] ], [ [ [ 142.125738780720212, 26.700651919250731 ], [ 142.125623865349212, 26.700872162320479 ], [ 142.125747951107087, 26.700655973394532 ], [ 142.125738780720212, 26.700651919250731 ] ] ], [ [ [ 142.126866809355874, 26.700701999797502 ], [ 142.126958690391348, 26.700996161743547 ], [ 142.126876161405789, 26.700703721099899 ], [ 142.126866809355874, 26.700701999797502 ] ] ], [ [ [ 142.165809143776983, 26.701169667046543 ], [ 142.164663216834015, 26.700424918675083 ], [ 142.165806134645436, 26.701175919133391 ], [ 142.165809143776983, 26.701169667046543 ] ] ], [ [ [ 142.138047717028599, 26.701247864897084 ], [ 142.137616082915997, 26.701072360401156 ], [ 142.13804552538079, 26.701254359800942 ], [ 142.138047717028599, 26.701247864897084 ] ] ], [ [ [ 142.115881970976261, 26.701310107875202 ], [ 142.116025863402911, 26.701119278931628 ], [ 142.11577252887912, 26.701015386550921 ], [ 142.115862244347113, 26.7013223332591 ], [ 142.115881970976261, 26.701310107875202 ] ] ], [ [ [ 142.165485279022505, 26.701201639743942 ], [ 142.165621829384008, 26.701387161788148 ], [ 142.165506497626779, 26.701210748077585 ], [ 142.165485279022505, 26.701201639743942 ] ] ], [ [ [ 142.141390894574215, 26.702006468223999 ], [ 142.14149533104478, 26.702206945993794 ], [ 142.141404941984547, 26.702009360443697 ], [ 142.141390894574215, 26.702006468223999 ] ] ], [ [ [ 142.117013579812919, 26.702679305905292 ], [ 142.116765525208848, 26.702552918782203 ], [ 142.11699691267745, 26.702700693582187 ], [ 142.117013579812919, 26.702679305905292 ] ] ], [ [ [ 142.13357461687508, 26.702430162222242 ], [ 142.133416614984867, 26.702675640268637 ], [ 142.133681828653494, 26.702771775097403 ], [ 142.133578223156519, 26.702431414078546 ], [ 142.13357461687508, 26.702430162222242 ] ] ], [ [ [ 142.134126549700568, 26.702860801684722 ], [ 142.133786588880071, 26.702355135381254 ], [ 142.133845446810028, 26.702841225242423 ], [ 142.1341272502724, 26.702862360209792 ], [ 142.134126549700568, 26.702860801684722 ] ] ], [ [ [ 142.162188911189332, 26.703337197753513 ], [ 142.161983969184917, 26.703251387141847 ], [ 142.162183190601809, 26.703341440754912 ], [ 142.162188911189332, 26.703337197753513 ] ] ], [ [ [ 142.121469339238729, 26.705221198299739 ], [ 142.121754968417122, 26.705412306033168 ], [ 142.121479804649312, 26.705224999734014 ], [ 142.121469339238729, 26.705221198299739 ] ] ], [ [ [ 142.145953917039719, 26.706941999773505 ], [ 142.146110584336043, 26.706772161905803 ], [ 142.145739585213732, 26.706512774944656 ], [ 142.145617561601284, 26.706813721376193 ], [ 142.145939559363228, 26.706948973116653 ], [ 142.145953917039719, 26.706941999773505 ] ] ], [ [ [ 142.122452996108905, 26.706894720614912 ], [ 142.12258894932063, 26.706654413670321 ], [ 142.122207250064548, 26.70638955883112 ], [ 142.121688833173152, 26.706736440834106 ], [ 142.122385499291454, 26.70691653187248 ], [ 142.122452996108905, 26.706894720614912 ] ] ], [ [ [ 142.140898910556302, 26.707443558873194 ], [ 142.140703995093418, 26.707506747938112 ], [ 142.140955616408633, 26.707460467926296 ], [ 142.140898910556302, 26.707443558873194 ] ] ], [ [ [ 142.156282165789435, 26.708068945625371 ], [ 142.156113917023731, 26.708283252270348 ], [ 142.156296251870572, 26.708078251809923 ], [ 142.156282165789435, 26.708068945625371 ] ] ], [ [ [ 142.152592995670261, 26.708573918551565 ], [ 142.152329830657209, 26.708321558892862 ], [ 142.152262412080745, 26.708563640199884 ], [ 142.152593112582167, 26.70857772088516 ], [ 142.152592995670261, 26.708573918551565 ] ] ], [ [ [ 142.150164449329964, 26.708809585893732 ], [ 142.149844941790661, 26.70872922517367 ], [ 142.150168170724555, 26.708813161598187 ], [ 142.150164449329964, 26.708809585893732 ] ] ], [ [ [ 142.141956783079195, 26.709142333252146 ], [ 142.141768144884054, 26.709316081372094 ], [ 142.141961724853786, 26.709143864797568 ], [ 142.141956783079195, 26.709142333252146 ] ] ], [ [ [ 142.123031361807989, 26.709197919448457 ], [ 142.122919001410878, 26.709377360277017 ], [ 142.123036083248735, 26.709199972600686 ], [ 142.123031361807989, 26.709197919448457 ] ] ], [ [ [ 142.14207577237903, 26.709941747813446 ], [ 142.142020661024731, 26.709437252427335 ], [ 142.141758975396442, 26.709776359791249 ], [ 142.142073476409905, 26.70995053239119 ], [ 142.14207577237903, 26.709941747813446 ] ] ], [ [ [ 142.12220119313065, 26.710603027407842 ], [ 142.122096394233267, 26.71081974783317 ], [ 142.122212048847018, 26.710605162398394 ], [ 142.12220119313065, 26.710603027407842 ] ] ], [ [ [ 142.122428885284876, 26.710999721060318 ], [ 142.122277497008895, 26.711192225440925 ], [ 142.122440271601363, 26.711010000311319 ], [ 142.122428885284876, 26.710999721060318 ] ] ], [ [ [ 142.122111387730456, 26.711019026806696 ], [ 142.122443138640051, 26.710828467659724 ], [ 142.121779248313715, 26.711229162395966 ], [ 142.122108663684003, 26.711021640236538 ], [ 142.122111387730456, 26.711019026806696 ] ] ], [ [ [ 142.125999415940328, 26.71429341430968 ], [ 142.126097082314573, 26.714101332610483 ], [ 142.125511024714115, 26.714012865401457 ], [ 142.125320389124681, 26.713558467649193 ], [ 142.126713891333111, 26.712635828880423 ], [ 142.126676446261058, 26.712034802064522 ], [ 142.127356004575972, 26.711430892022122 ], [ 142.1271723872959, 26.711084892254007 ], [ 142.128630830448515, 26.711021026898948 ], [ 142.127367301859522, 26.709581667360112 ], [ 142.127960169126595, 26.7094725589115 ], [ 142.128585304967942, 26.709846026672835 ], [ 142.128432943625512, 26.709480613239748 ], [ 142.130005887561765, 26.709382224709941 ], [ 142.129680999378706, 26.708882386912649 ], [ 142.130596834776156, 26.708830279293977 ], [ 142.129911361620088, 26.708712585917169 ], [ 142.129651581655253, 26.708283531959466 ], [ 142.12907233462056, 26.708328278627221 ], [ 142.128975525300348, 26.708031053590275 ], [ 142.129576783241987, 26.707799333372577 ], [ 142.130273645412444, 26.708142494880292 ], [ 142.130477497438619, 26.707995918876634 ], [ 142.12969577164256, 26.707728829222162 ], [ 142.129933449868872, 26.707347252273905 ], [ 142.130978521441648, 26.707413359638906 ], [ 142.130564811716795, 26.706999252413596 ], [ 142.131255887649104, 26.706958612949677 ], [ 142.130943256326304, 26.706619694443418 ], [ 142.131495667591025, 26.706242332617592 ], [ 142.131182672042769, 26.705673891836682 ], [ 142.130716497668345, 26.705619613254612 ], [ 142.13106810560862, 26.704803054017759 ], [ 142.130828858964719, 26.704047413957028 ], [ 142.131432502807797, 26.703900999831319 ], [ 142.131273891177216, 26.703531161733792 ], [ 142.131921634176138, 26.704000559278427 ], [ 142.131644812058539, 26.703506532000915 ], [ 142.132393255744205, 26.70397872104121 ], [ 142.131611413935616, 26.702969775234976 ], [ 142.132041634314078, 26.703147197984833 ], [ 142.132015421774327, 26.702712613196582 ], [ 142.132442386606954, 26.702837135125719 ], [ 142.132894060312651, 26.702523667433354 ], [ 142.132911997290876, 26.701966279320402 ], [ 142.13264552457133, 26.701830252364289 ], [ 142.132940336727188, 26.701611531846766 ], [ 142.133180726409478, 26.701618161648867 ], [ 142.133242476559076, 26.702173135082148 ], [ 142.133608949393533, 26.702225865031721 ], [ 142.133672192417862, 26.701663919154612 ], [ 142.133196200144539, 26.70108333302943 ], [ 142.133826615006342, 26.70127238671131 ], [ 142.133763112977363, 26.700941721283471 ], [ 142.134130505818234, 26.700657135318579 ], [ 142.13391224395491, 26.699910413834573 ], [ 142.134577781839198, 26.699353333289764 ], [ 142.135310220290535, 26.69929658606867 ], [ 142.135308832636611, 26.699919026641794 ], [ 142.13632652434967, 26.700225946370381 ], [ 142.136258029284704, 26.700518828581153 ], [ 142.137054332191724, 26.699817162232307 ], [ 142.139069999780759, 26.699684333265395 ], [ 142.139535888170712, 26.700750775427991 ], [ 142.13960669269477, 26.700391721101084 ], [ 142.140333890796455, 26.700319973188243 ], [ 142.140747808264791, 26.699320640235385 ], [ 142.142058948761587, 26.698250802232792 ], [ 142.141886524443635, 26.69852094598491 ], [ 142.142473942718311, 26.697974532298872 ], [ 142.142942360901316, 26.698219135304896 ], [ 142.143127444975676, 26.698848441302573 ], [ 142.142216056725715, 26.699401027035833 ], [ 142.14232632889707, 26.699687774970869 ], [ 142.141473280567538, 26.700613198040685 ], [ 142.141976031268882, 26.700505720962326 ], [ 142.141283722365984, 26.701655720934809 ], [ 142.141864695199615, 26.70182519817439 ], [ 142.141698222594982, 26.702270558639441 ], [ 142.142117328252198, 26.702293333070941 ], [ 142.141929689203835, 26.703018225310927 ], [ 142.142302672230585, 26.703437134915873 ], [ 142.141347691143096, 26.704303054342517 ], [ 142.141882309321204, 26.70467386460723 ], [ 142.141074059820085, 26.705385413605995 ], [ 142.140921479043072, 26.706266161953863 ], [ 142.141293358601729, 26.707274640112587 ], [ 142.140639273583702, 26.708001640363477 ], [ 142.140882411594134, 26.708408667226252 ], [ 142.141857223631973, 26.708444891918305 ], [ 142.141967029954571, 26.708743197940294 ], [ 142.143036446175074, 26.708229053727905 ], [ 142.143417223625988, 26.707876198427869 ], [ 142.143180636277407, 26.707790585667055 ], [ 142.143881414096086, 26.707614775401623 ], [ 142.143517004306318, 26.706260495325637 ], [ 142.144338663598546, 26.706395224560026 ], [ 142.144829143949892, 26.70610155903978 ], [ 142.145243255671744, 26.706532306420854 ], [ 142.145325693825725, 26.706156198250028 ], [ 142.147947366877588, 26.707730278929262 ], [ 142.149707638696668, 26.707263135085668 ], [ 142.149709053330184, 26.706866891993513 ], [ 142.150121387991703, 26.706791161882677 ], [ 142.150389299626568, 26.70561141413549 ], [ 142.150952970403296, 26.705978558763547 ], [ 142.151206615193246, 26.70679589231662 ], [ 142.15185758765756, 26.706800252229925 ], [ 142.152442334945817, 26.706004225414745 ], [ 142.152832826873578, 26.706193000306769 ], [ 142.152602580644611, 26.707014558874846 ], [ 142.152799143665561, 26.708275467738702 ], [ 142.153463216554314, 26.708638972810377 ], [ 142.153752865702245, 26.708483414378122 ], [ 142.154074305884592, 26.709102162335 ], [ 142.153927755961263, 26.708493494878951 ], [ 142.154902801822914, 26.708839775235504 ], [ 142.155248663994712, 26.707893891689821 ], [ 142.15568163360058, 26.707911198243266 ], [ 142.155935746037926, 26.707205531709974 ], [ 142.15618213959408, 26.708120612576238 ], [ 142.156563060936605, 26.707391134693182 ], [ 142.156237107956258, 26.707469667091516 ], [ 142.156761555701337, 26.70703708059682 ], [ 142.156529533311414, 26.70669922508921 ], [ 142.157980362803528, 26.706175891604175 ], [ 142.158667082420038, 26.704585613235508 ], [ 142.158631802915465, 26.703642945665479 ], [ 142.159372723772208, 26.703887802280292 ], [ 142.159796808975671, 26.703290612871513 ], [ 142.161202529373327, 26.703132864590089 ], [ 142.161364034122926, 26.70389964005642 ], [ 142.161842917716513, 26.703848640402498 ], [ 142.161446329284786, 26.704615774698311 ], [ 142.162387108278494, 26.703974828775358 ], [ 142.161886083376089, 26.703246558681769 ], [ 142.162065551184355, 26.702950278832361 ], [ 142.162552140169169, 26.702853224896444 ], [ 142.163189494199855, 26.703274026675047 ], [ 142.163603838846143, 26.702772865075701 ], [ 142.163813695645558, 26.703001080635431 ], [ 142.165030609675, 26.702569828734681 ], [ 142.165068689668374, 26.702147999930276 ], [ 142.164296782670476, 26.701244999657035 ], [ 142.165193021840537, 26.701399945651019 ], [ 142.163581673255635, 26.700202585580882 ], [ 142.161694811966072, 26.700522468137422 ], [ 142.161180726209636, 26.701341360215679 ], [ 142.160296278050851, 26.701709720727081 ], [ 142.15988588772359, 26.701100198015752 ], [ 142.159187496705727, 26.701060197969809 ], [ 142.159005965852657, 26.700472694259474 ], [ 142.158420803977037, 26.700631865268406 ], [ 142.15826866386783, 26.700198586295755 ], [ 142.158554474709263, 26.699902918884675 ], [ 142.157197198092263, 26.700050558786302 ], [ 142.156815720069517, 26.699840774831955 ], [ 142.156866109083694, 26.699219613094726 ], [ 142.156485278572859, 26.699388828631584 ], [ 142.156350829926964, 26.699028829117196 ], [ 142.155479196208034, 26.698930667216587 ], [ 142.155232049019901, 26.69854372131573 ], [ 142.154442088131873, 26.698996693642528 ], [ 142.153951724692433, 26.69894966719346 ], [ 142.153580998964003, 26.698363441419758 ], [ 142.153061413853266, 26.698557360433881 ], [ 142.15244613458151, 26.697547080933077 ], [ 142.151254189329393, 26.69723099981087 ], [ 142.150904449281029, 26.69674800002025 ], [ 142.150867223643559, 26.696256828989533 ], [ 142.151315084223825, 26.696153279250495 ], [ 142.150918300639091, 26.694224441205051 ], [ 142.149117172619526, 26.694342774899212 ], [ 142.148808832861391, 26.694636161629603 ], [ 142.147818469746653, 26.694451279003374 ], [ 142.148314423371971, 26.693625945980671 ], [ 142.147728365771513, 26.69213919756595 ], [ 142.148129689133953, 26.693596162233177 ], [ 142.147781894318996, 26.694066252255766 ], [ 142.147425083800613, 26.693853053575594 ], [ 142.147113580227597, 26.694262279280792 ], [ 142.146153774277309, 26.693778999801054 ], [ 142.145722944158592, 26.693190225348644 ], [ 142.146080609932255, 26.692646559091486 ], [ 142.145487055583203, 26.691246999949158 ], [ 142.145827833887438, 26.69088497336287 ], [ 142.146327197742039, 26.690908558982869 ], [ 142.146608106379063, 26.689699666906165 ], [ 142.146955006368557, 26.689474080964089 ], [ 142.146592334968318, 26.6892241620655 ], [ 142.147041673134822, 26.688736829341224 ], [ 142.146481893724513, 26.688442161976241 ], [ 142.147237587744598, 26.687133107906675 ], [ 142.146605525324844, 26.686265612867771 ], [ 142.146614916045564, 26.685191468011908 ], [ 142.148310362932989, 26.684660973225391 ], [ 142.149110700198776, 26.683811559056267 ], [ 142.152322412149715, 26.683687666652531 ], [ 142.155502607359495, 26.684788387374226 ], [ 142.157157664794454, 26.685890747559995 ], [ 142.157818911113964, 26.686096197681422 ], [ 142.158329196335444, 26.685884586304667 ], [ 142.159271283842713, 26.686870720807178 ], [ 142.160737977375788, 26.686897332645856 ], [ 142.161139196416798, 26.686602080721514 ], [ 142.161333864566245, 26.687047585977382 ], [ 142.162175136273618, 26.68707674829335 ], [ 142.162801673258627, 26.686649359880107 ], [ 142.163152139959379, 26.687010468258563 ], [ 142.163559689328281, 26.686860892116556 ], [ 142.164167587863972, 26.687187945867038 ], [ 142.165302633010128, 26.686897332645856 ], [ 142.166032088410248, 26.68739600042511 ], [ 142.166283644974328, 26.687990161816572 ], [ 142.166406718994949, 26.68894058603928 ], [ 142.16616124544521, 26.689298026982385 ], [ 142.166900558314182, 26.68897836026315 ], [ 142.167191479103508, 26.68953691929346 ], [ 142.168614863984885, 26.689884467694071 ], [ 142.168452581321617, 26.689471802082039 ], [ 142.168772554709676, 26.689351080687857 ], [ 142.168068715598793, 26.689262748377189 ], [ 142.168707198278639, 26.688653251746246 ], [ 142.168056860735646, 26.68809810834108 ], [ 142.167227496951455, 26.687918386924082 ], [ 142.168315693714362, 26.687205468257787 ], [ 142.167907587665127, 26.687367892114594 ], [ 142.168053969415269, 26.686894279447472 ], [ 142.167655227107161, 26.68693310767685 ], [ 142.168020311388318, 26.686610440819265 ], [ 142.167787664868911, 26.685779666898156 ], [ 142.167315421869262, 26.685164802213876 ], [ 142.166666498060522, 26.685088667408138 ], [ 142.166621828734492, 26.684713413593215 ], [ 142.166024695083706, 26.684722774636384 ], [ 142.165933554190246, 26.684452639877463 ], [ 142.166164812156467, 26.682753081289718 ], [ 142.16635639383253, 26.682455531597554 ], [ 142.166644811808737, 26.682619198317411 ], [ 142.166755719800676, 26.682198359666643 ], [ 142.166403086633181, 26.682006775292507 ], [ 142.167094694964248, 26.68071872129201 ], [ 142.16624089480149, 26.680471612774738 ], [ 142.166269637134064, 26.679928999623712 ], [ 142.165925668035243, 26.680184387299676 ], [ 142.165292776440538, 26.67985333336469 ], [ 142.164881699031298, 26.678853054325032 ], [ 142.165388494883246, 26.678506495178681 ], [ 142.165377301921012, 26.678132108310194 ], [ 142.16436024602865, 26.678036414149233 ], [ 142.163903280711907, 26.677662558780128 ], [ 142.163663358677127, 26.676140081199833 ], [ 142.16277500566207, 26.674525135326803 ], [ 142.161876420160752, 26.673851802119032 ], [ 142.161661751089014, 26.673318972692471 ], [ 142.162847471233931, 26.669752306423845 ], [ 142.162554188824856, 26.668819495423406 ], [ 142.162837912339796, 26.668531413793744 ], [ 142.16219199676334, 26.668105865393443 ], [ 142.162234280187931, 26.667229081257119 ], [ 142.161892633138564, 26.666841441079669 ], [ 142.162254137218724, 26.666859531841965 ], [ 142.162673449720046, 26.665701251811356 ], [ 142.163094916097521, 26.665631081309414 ], [ 142.162897082334553, 26.664909828625753 ], [ 142.163915615813039, 26.664232864854853 ], [ 142.163579026550906, 26.663793135045182 ], [ 142.16385632890649, 26.6634584676342 ], [ 142.163507107766918, 26.662604278964352 ], [ 142.164298754883703, 26.661901386839588 ], [ 142.164530271854574, 26.660893972578833 ], [ 142.164055252647813, 26.660427945693186 ], [ 142.165744694761884, 26.660006973043437 ], [ 142.1658138391374, 26.659544747592065 ], [ 142.166793476038151, 26.659034161997056 ], [ 142.166429195750879, 26.658534252254015 ], [ 142.166765161782905, 26.658075694237937 ], [ 142.167295863413415, 26.658323640024037 ], [ 142.167606667313862, 26.657917829044607 ], [ 142.169768612331609, 26.658378666842054 ], [ 142.170706743721325, 26.657660774924864 ], [ 142.170976614978827, 26.657754225277301 ], [ 142.171250972954113, 26.657223774557622 ], [ 142.171565473068199, 26.657336586414374 ], [ 142.172773800370692, 26.656152774630868 ], [ 142.173259559281291, 26.656309612798452 ], [ 142.173351440316765, 26.655970640332839 ], [ 142.175013191405696, 26.65576280161207 ], [ 142.175094864236712, 26.656088829236126 ], [ 142.17570705613582, 26.656285305922154 ], [ 142.175757911898131, 26.656780135394968 ], [ 142.176490558092837, 26.656186027063541 ], [ 142.176492140000278, 26.65558766673746 ], [ 142.177230584124231, 26.655908278644176 ], [ 142.178679947721434, 26.655377693925459 ], [ 142.180550337028535, 26.656268027247734 ], [ 142.180674747441685, 26.656986802299116 ], [ 142.182276692715277, 26.656781666940446 ], [ 142.182678884822735, 26.658135919137408 ], [ 142.181879105136659, 26.659076225087745 ], [ 142.18228374789669, 26.659630828899708 ], [ 142.182644111636478, 26.659708080663449 ], [ 142.182923645210167, 26.658983639883104 ], [ 142.183167613294813, 26.659143080688693 ], [ 142.183060362845481, 26.659601585644737 ], [ 142.184088560438795, 26.659792775216431 ], [ 142.184691387697399, 26.658457360219074 ], [ 142.185036277702125, 26.658839531619151 ], [ 142.185214553009246, 26.658572585856177 ], [ 142.18571569392418, 26.658792441318155 ], [ 142.186259415939389, 26.659673775124645 ], [ 142.186970635786224, 26.659160864782109 ], [ 142.187267471416703, 26.65958805444518 ], [ 142.188144331995431, 26.659296891738222 ], [ 142.188730947175486, 26.659626639857606 ], [ 142.189156056706679, 26.659303026913221 ], [ 142.189083190936572, 26.658971865059584 ], [ 142.188177004365343, 26.658707252138015 ], [ 142.188115472750951, 26.657874468232194 ], [ 142.187366886972313, 26.657210747877741 ], [ 142.188256978376899, 26.657053414183792 ], [ 142.188375083643223, 26.656492107724659 ], [ 142.188618559798783, 26.656520027177578 ], [ 142.188172996087019, 26.656255891796036 ], [ 142.18846827499101, 26.655666891613805 ], [ 142.188185383348809, 26.655178306133962 ], [ 142.186909533148537, 26.655378468241793 ], [ 142.186548520997462, 26.655894721364348 ], [ 142.184672892240201, 26.656146748273841 ], [ 142.185587081878339, 26.654234973065627 ], [ 142.184962048559782, 26.65336166660768 ], [ 142.184198418022675, 26.653886639556845 ], [ 142.184190194621806, 26.654706413869974 ], [ 142.183856860905507, 26.654877532372268 ], [ 142.182382865776731, 26.654172945924756 ], [ 142.18213233533902, 26.654304053589271 ], [ 142.182056783294001, 26.653666613223663 ], [ 142.181114942200907, 26.653740747937206 ], [ 142.181003061142405, 26.65324833314412 ], [ 142.180562113650694, 26.653468134646744 ], [ 142.18026522675882, 26.653113612902985 ], [ 142.179362697730426, 26.654247468246126 ], [ 142.178863086562274, 26.654214494603309 ], [ 142.178319170293548, 26.654754532096035 ], [ 142.177042411777961, 26.654523694113266 ], [ 142.175928586135456, 26.6550661076148 ], [ 142.175122969849212, 26.654495558823044 ], [ 142.174391855200042, 26.654434639646979 ], [ 142.17428189419411, 26.652925278678708 ], [ 142.173819195699366, 26.652662027330734 ], [ 142.173767808437674, 26.652087278704983 ], [ 142.174218080100331, 26.651655918885581 ], [ 142.174125862718483, 26.650801865114033 ], [ 142.174417082082755, 26.65072858565577 ], [ 142.174045226805788, 26.650738053718271 ], [ 142.174049104682467, 26.650452197910681 ], [ 142.174720363154279, 26.649630251734777 ], [ 142.174466160784732, 26.648919918619413 ], [ 142.174044136827547, 26.648895892331609 ], [ 142.174718690415261, 26.648529585871756 ], [ 142.174463217303696, 26.648247278788915 ], [ 142.174759611366994, 26.647887747821358 ], [ 142.173783307353801, 26.647128945744328 ], [ 142.173396719383163, 26.647230224695193 ], [ 142.173436641188118, 26.645522494867294 ], [ 142.172881388065662, 26.645419197837782 ], [ 142.17335328122897, 26.645206865204727 ], [ 142.173511114946109, 26.644683865368165 ], [ 142.172680895007375, 26.644669081413042 ], [ 142.172069052944494, 26.643722865118207 ], [ 142.171214253634957, 26.643389278692325 ], [ 142.171695965596427, 26.642639612827907 ], [ 142.171457717199928, 26.642498359911428 ], [ 142.171774968340173, 26.641730829014591 ], [ 142.172230778028052, 26.641646441130376 ], [ 142.172634721115514, 26.640685558691644 ], [ 142.171700169027645, 26.640470413878575 ], [ 142.172954085662582, 26.639850306146741 ], [ 142.173254863920874, 26.639357027105177 ], [ 142.17267819704125, 26.63613919796569 ], [ 142.174040506264419, 26.635299640366156 ], [ 142.17504422790887, 26.635134585992375 ], [ 142.175097638645184, 26.634794829317968 ], [ 142.177236005237546, 26.634106468438802 ], [ 142.177134085969328, 26.633335828585643 ], [ 142.177389338747048, 26.632962558675217 ], [ 142.178207755983181, 26.632941467774572 ], [ 142.180485576848014, 26.63105138691202 ], [ 142.18062591425462, 26.630432639854519 ], [ 142.180169558678244, 26.630305586333805 ], [ 142.180092943634463, 26.629618774986511 ], [ 142.18109980481222, 26.628482531943348 ], [ 142.180392437660885, 26.627191666662156 ], [ 142.180610609592009, 26.625092053655408 ], [ 142.180236200240529, 26.624773360002621 ], [ 142.18024839234954, 26.624220107871736 ], [ 142.180779442017752, 26.623766747937111 ], [ 142.181371310137934, 26.62404691913008 ], [ 142.18188442282792, 26.622528305936612 ], [ 142.182154941597332, 26.622528135065409 ], [ 142.181687223986273, 26.621986162231678 ], [ 142.181740194954045, 26.621000864997995 ], [ 142.181319584731114, 26.620986054063223 ], [ 142.181756226268931, 26.620787197770994 ], [ 142.18167124483216, 26.620023306430483 ], [ 142.182008222601439, 26.620115225237498 ], [ 142.181586419877476, 26.619725801704419 ], [ 142.181870077741905, 26.619257531909625 ], [ 142.180836304352056, 26.618296802355587 ], [ 142.181442606591077, 26.616672107831562 ], [ 142.18088961076694, 26.616419440604773 ], [ 142.181303333082383, 26.615655559156778 ], [ 142.180979195833288, 26.615161162257891 ], [ 142.181546005244059, 26.614286414186722 ], [ 142.181248664194527, 26.614488802116568 ], [ 142.180704552772909, 26.614275026970972 ], [ 142.18197464281559, 26.613682891752092 ], [ 142.182218249372795, 26.611957558594497 ], [ 142.182929416159709, 26.612085999769135 ], [ 142.183384162848938, 26.611691945626831 ], [ 142.182977276280326, 26.61156591913192 ], [ 142.183056446297996, 26.611150694049343 ], [ 142.182626199839319, 26.610857080689755 ], [ 142.182109363956101, 26.611176027052068 ], [ 142.181445005982255, 26.61086763962993 ], [ 142.181620920569117, 26.61002597312023 ], [ 142.181386109381492, 26.609684693893541 ], [ 142.180786550259199, 26.609831332849808 ], [ 142.180531336152285, 26.609538667375659 ], [ 142.181002528743761, 26.609377224679235 ], [ 142.180544889834891, 26.609287081133914 ], [ 142.180378612383151, 26.608843639822169 ], [ 142.180357197726607, 26.609212946420371 ], [ 142.18004827520781, 26.608921495031041 ], [ 142.179602412021723, 26.609303000033492 ], [ 142.179119467989153, 26.609205305780279 ], [ 142.179183359424542, 26.608640892163521 ], [ 142.178475162198993, 26.607566197821825 ], [ 142.178063021791104, 26.607483864888479 ], [ 142.177465914220647, 26.607904865417254 ], [ 142.177010661213103, 26.608573107562904 ], [ 142.177308559842231, 26.609071278916417 ], [ 142.176790751791827, 26.609212558812601 ], [ 142.176757134234435, 26.608973829278852 ], [ 142.17669070041552, 26.609462162049169 ], [ 142.176345135919405, 26.609640585744501 ], [ 142.174885083879531, 26.609565828700113 ], [ 142.174606860618155, 26.608395387137477 ], [ 142.173909663000586, 26.608053865093837 ], [ 142.173423773688228, 26.608196531744568 ], [ 142.173871413934648, 26.608785495054576 ], [ 142.173433579895914, 26.609106999988114 ], [ 142.173559779959987, 26.609813251980029 ], [ 142.174527107839822, 26.610424252277483 ], [ 142.174409830849072, 26.610902134925652 ], [ 142.174706277972405, 26.611043225064861 ], [ 142.174437976931131, 26.611642721234659 ], [ 142.174952218270278, 26.611448107943886 ], [ 142.175257717070053, 26.611740386709528 ], [ 142.175163799969482, 26.61271019761756 ], [ 142.175862776446024, 26.6125405324197 ], [ 142.175908196706018, 26.613218441378024 ], [ 142.176787249831818, 26.613667495358698 ], [ 142.177439222342286, 26.614739107723722 ], [ 142.17813817093986, 26.614877532272374 ], [ 142.177953773947593, 26.615204693941507 ], [ 142.178322672253557, 26.615356054338463 ], [ 142.177423217107844, 26.61536358616064 ], [ 142.176879363791727, 26.616235027424636 ], [ 142.176488495048034, 26.616213946416565 ], [ 142.176478884892731, 26.615914197881978 ], [ 142.176288366215203, 26.616155054312344 ], [ 142.176582386967652, 26.616470972657339 ], [ 142.176454280340863, 26.617404828669976 ], [ 142.177265771897964, 26.617396251835601 ], [ 142.176820558022428, 26.618026639717698 ], [ 142.177134668729991, 26.618004865332296 ], [ 142.177416809438228, 26.619665000339523 ], [ 142.177176303743522, 26.620206161984811 ], [ 142.176444332040319, 26.619834278828932 ], [ 142.175844617335315, 26.620111865370347 ], [ 142.176566445585081, 26.620551278618677 ], [ 142.176694747364763, 26.621039972916492 ], [ 142.176267197972834, 26.621540828746276 ], [ 142.17559591432007, 26.62165025195759 ], [ 142.175404616829724, 26.62133530577978 ], [ 142.174187755860316, 26.622186972750626 ], [ 142.17472608284254, 26.623013494677082 ], [ 142.175297419440426, 26.622760134972282 ], [ 142.176119830565767, 26.622960333052959 ], [ 142.175948248912619, 26.623652224670479 ], [ 142.175568274556326, 26.623749918923693 ], [ 142.176400363286234, 26.623962532145185 ], [ 142.176428080391702, 26.624223278881288 ], [ 142.175233449763937, 26.62460113533416 ], [ 142.174608974924354, 26.624392333439459 ], [ 142.174349300180097, 26.624813162197711 ], [ 142.173964305808113, 26.624792000250636 ], [ 142.174266744214947, 26.6250905859618 ], [ 142.174088003058955, 26.625748639688027 ], [ 142.173246692680777, 26.62568249455154 ], [ 142.173435187883683, 26.626151107887381 ], [ 142.173208611788027, 26.626344278665556 ], [ 142.173368754964145, 26.62716708099606 ], [ 142.172951439857115, 26.627560892321355 ], [ 142.173097249638431, 26.628223946278126 ], [ 142.172767834268257, 26.628492359734651 ], [ 142.17196204890945, 26.628348999706645 ], [ 142.171972671701496, 26.629455774664336 ], [ 142.171460855833857, 26.629874495411684 ], [ 142.171165136262061, 26.630995027298695 ], [ 142.169335810899042, 26.632338359927417 ], [ 142.168276666734869, 26.632113134613519 ], [ 142.167394695308985, 26.631102972923884 ], [ 142.16607294371147, 26.631641864680375 ], [ 142.165070389386983, 26.631363639620304 ], [ 142.164963721698427, 26.630940252290884 ], [ 142.164181803447491, 26.630427558684914 ], [ 142.164098974987724, 26.629940054190172 ], [ 142.163670804164326, 26.629801919223269 ], [ 142.163208975313978, 26.630195279088923 ], [ 142.162711284198508, 26.629939027164426 ], [ 142.16183433188894, 26.63032627883473 ], [ 142.161014253605003, 26.631666080725097 ], [ 142.16138291808727, 26.632139919122039 ], [ 142.160830700176689, 26.632551135026915 ], [ 142.161419274080345, 26.633071918933979 ], [ 142.161275641557722, 26.633564919185744 ], [ 142.160939364360274, 26.633566305940292 ], [ 142.161304305649196, 26.634090586411503 ], [ 142.160706161160419, 26.635804467602156 ], [ 142.161328028865455, 26.636764775374161 ], [ 142.160987082388033, 26.638235306314414 ], [ 142.161460635699882, 26.639073306288083 ], [ 142.160740363277228, 26.639920332757185 ], [ 142.160412750148339, 26.639436359900117 ], [ 142.160563450442964, 26.639820161771127 ], [ 142.159982386777756, 26.63989258597411 ], [ 142.160097328229199, 26.638923026876228 ], [ 142.158609754236863, 26.637512891706649 ], [ 142.159284669352019, 26.638420278872843 ], [ 142.15855878066327, 26.638991081273446 ], [ 142.157566692648857, 26.637962918753772 ], [ 142.157345888402119, 26.637555161641444 ], [ 142.158418638409444, 26.637166667108033 ], [ 142.157297198207175, 26.637500359653927 ], [ 142.158543359088867, 26.637152440732621 ], [ 142.158331725229004, 26.63697935990956 ], [ 142.158512503349471, 26.636393359865735 ], [ 142.1583046691253, 26.636965864682963 ], [ 142.157526939017089, 26.637247278738982 ], [ 142.15794795123702, 26.636912107707644 ], [ 142.157428689882181, 26.636938946175462 ], [ 142.156849831354748, 26.635966802426026 ], [ 142.157791219189448, 26.635509134738811 ], [ 142.158389247665696, 26.635809054144602 ], [ 142.157802386970616, 26.635441774618243 ], [ 142.156699363984558, 26.635794747729449 ], [ 142.158930506437741, 26.634923333445158 ], [ 142.158807523248697, 26.634671161744791 ], [ 142.156444668786548, 26.635676801643115 ], [ 142.154078494926694, 26.635958107780482 ], [ 142.154012166328471, 26.637275027320698 ], [ 142.15327230936964, 26.638537000082522 ], [ 142.153496328692654, 26.63901344111747 ], [ 142.153060921024803, 26.639988108364548 ], [ 142.153212411823461, 26.640554612905134 ], [ 142.152844553133718, 26.641035224995676 ], [ 142.153238754764743, 26.641680081170875 ], [ 142.153204720821236, 26.642530586217617 ], [ 142.152299441665946, 26.643317108098131 ], [ 142.152293475563511, 26.64434864037753 ], [ 142.151569559087989, 26.645105278685719 ], [ 142.151694669173708, 26.645597197952384 ], [ 142.152743969358767, 26.646143494726573 ], [ 142.152857107669433, 26.646777747894816 ], [ 142.151949222278859, 26.647736414404051 ], [ 142.149315720444179, 26.648263441404765 ], [ 142.149455447211153, 26.649027748232072 ], [ 142.149020195126013, 26.649347918571664 ], [ 142.14857224371417, 26.649160441401307 ], [ 142.14877594015752, 26.651330613417144 ], [ 142.148233943042101, 26.651735386578878 ], [ 142.147457808331296, 26.651399414251614 ], [ 142.147079247709144, 26.651822413973264 ], [ 142.147565667621507, 26.65224244143559 ], [ 142.146337173022175, 26.653067639559993 ], [ 142.14674933861113, 26.653772000277627 ], [ 142.148241777036446, 26.652991946321322 ], [ 142.148680194735221, 26.6533992789536 ], [ 142.148850245742324, 26.654250387445472 ], [ 142.146914383991657, 26.655353494967869 ], [ 142.147479921761033, 26.65626294607813 ], [ 142.147199026613862, 26.656725224589479 ], [ 142.146520116710121, 26.656625720900365 ], [ 142.146259468000153, 26.656884945983506 ], [ 142.145775914227102, 26.656680639799731 ], [ 142.145623670695954, 26.656239495356488 ], [ 142.145229363844123, 26.656234306268288 ], [ 142.144966783390373, 26.656882586162453 ], [ 142.145299441715906, 26.65717153204065 ], [ 142.145228638091226, 26.658298531851813 ], [ 142.146355162161058, 26.658187161608282 ], [ 142.146782724143463, 26.659690775009324 ], [ 142.14773683468718, 26.660204108033213 ], [ 142.147567691096128, 26.66068891905843 ], [ 142.147958559839708, 26.660829946245087 ], [ 142.148108392288577, 26.661408026859021 ], [ 142.148435226604533, 26.661338892376023 ], [ 142.149252606922346, 26.662077748389436 ], [ 142.149178470410106, 26.663145359670636 ], [ 142.149595641625638, 26.663812251933905 ], [ 142.149293722127595, 26.664400081198835 ], [ 142.149454669297597, 26.665401639973766 ], [ 142.149021025200227, 26.665389107921044 ], [ 142.149309416196616, 26.665876748213407 ], [ 142.147933722363405, 26.667496251850594 ], [ 142.146776445976229, 26.667980559255454 ], [ 142.1456733591383, 26.667621531908196 ], [ 142.146055499062072, 26.66696274793253 ], [ 142.144554034141379, 26.666392387099052 ], [ 142.14425888473977, 26.666810775097247 ], [ 142.143884720903202, 26.666071559355032 ], [ 142.142868145248713, 26.666338306367777 ], [ 142.142336082943984, 26.665853134714439 ], [ 142.141807976756809, 26.666289721393582 ], [ 142.141515031593485, 26.667123972993011 ], [ 142.14197422812822, 26.667250864635719 ], [ 142.141671971384426, 26.667958278551737 ], [ 142.142158974956828, 26.668874972801802 ], [ 142.143724227890857, 26.668195251709562 ], [ 142.14311189389889, 26.668928531926269 ], [ 142.143533476289008, 26.669112586276867 ], [ 142.142961218785331, 26.669451027243156 ], [ 142.144124747259298, 26.669840135114214 ], [ 142.144325836568214, 26.670282495440858 ], [ 142.144389442019246, 26.670929802268631 ], [ 142.143559169919854, 26.672701865099043 ], [ 142.144366523696135, 26.673235054254405 ], [ 142.145069637054121, 26.674595054018596 ], [ 142.144710777880164, 26.676441640069697 ], [ 142.143947471098954, 26.677004666931907 ], [ 142.143222166070132, 26.677022279254857 ], [ 142.143221556329877, 26.67677369405078 ], [ 142.142719274175192, 26.677093558620868 ], [ 142.142439363785684, 26.677833721349202 ], [ 142.140395356760337, 26.678796414123269 ], [ 142.139773475565562, 26.678597108170038 ], [ 142.140051829228582, 26.679123252036504 ], [ 142.13914416327259, 26.679487721181431 ], [ 142.139278949164236, 26.679850891705314 ], [ 142.138465058215957, 26.680185468284776 ], [ 142.138180363433094, 26.68096933266861 ], [ 142.137188443591867, 26.680890586231612 ], [ 142.13673082986395, 26.681282865112166 ], [ 142.137072113587237, 26.681409162303055 ], [ 142.136483475831824, 26.681475251681547 ], [ 142.136639467737268, 26.682451586271725 ], [ 142.136512672322056, 26.6831208023832 ], [ 142.136185888368118, 26.683198386896095 ], [ 142.136554864015807, 26.683196585554015 ], [ 142.136705966307318, 26.683772864825926 ], [ 142.135949104967267, 26.684606531865995 ], [ 142.135902750311743, 26.685251252243575 ], [ 142.135440998803119, 26.685209440962979 ], [ 142.135078223081564, 26.686126306084191 ], [ 142.133661634376949, 26.686498081321474 ], [ 142.133623502222918, 26.686794360271563 ], [ 142.133201673418512, 26.686863802322648 ], [ 142.13343130990711, 26.687163720829119 ], [ 142.132280610262001, 26.687724693639723 ], [ 142.131941829352058, 26.688551918836026 ], [ 142.130687833576758, 26.689142026983006 ], [ 142.130462750355719, 26.689588865034125 ], [ 142.130850856381926, 26.689527306440084 ], [ 142.130958144602801, 26.690365026724635 ], [ 142.129830142946844, 26.691656359653336 ], [ 142.130396446039185, 26.69224255934671 ], [ 142.130092282732676, 26.692883053809965 ], [ 142.130121893810383, 26.694178946301406 ], [ 142.128354643252237, 26.695582973275634 ], [ 142.128740195203932, 26.695645081355451 ], [ 142.128307471112976, 26.696728694273872 ], [ 142.128547885976218, 26.697373865211773 ], [ 142.128218559638867, 26.697366224571681 ], [ 142.12859119282939, 26.69756202676615 ], [ 142.12835108913157, 26.698053640263311 ], [ 142.128903191029508, 26.698600386698558 ], [ 142.128081115351279, 26.699628224562957 ], [ 142.128557613043426, 26.700765467652275 ], [ 142.128153139355959, 26.701395333028245 ], [ 142.127314474783248, 26.701024279047317 ], [ 142.127019921632154, 26.701201639743942 ], [ 142.126398470313234, 26.701956531568726 ], [ 142.126395006124653, 26.70244241368647 ], [ 142.125736108834417, 26.702508801639908 ], [ 142.125681971445943, 26.702910053955861 ], [ 142.125405694317351, 26.702893161989891 ], [ 142.125311698975793, 26.704536747672819 ], [ 142.123303502055023, 26.705731945772754 ], [ 142.122719170253617, 26.706535972956829 ], [ 142.12343544698831, 26.707843892081996 ], [ 142.123182502770305, 26.708235494672408 ], [ 142.123444137137312, 26.708822612573556 ], [ 142.12302596587574, 26.709128586215343 ], [ 142.123304136976458, 26.709587252150016 ], [ 142.123026693427278, 26.709989613330038 ], [ 142.123242283404693, 26.710004026764466 ], [ 142.12289092097933, 26.710369801724994 ], [ 142.123186615370059, 26.710385081206596 ], [ 142.122577081866893, 26.710872946329459 ], [ 142.123120660889867, 26.711670585629065 ], [ 142.122848249047479, 26.712188918883555 ], [ 142.123113671358965, 26.712456306213596 ], [ 142.12302708193431, 26.712982531918385 ], [ 142.123616161256905, 26.713746161556173 ], [ 142.123088392315481, 26.714097945763626 ], [ 142.124169611238585, 26.714071360005335 ], [ 142.124699636579066, 26.71447238659141 ], [ 142.126022775830506, 26.714334999860398 ], [ 142.125999415940328, 26.71429341430968 ] ] ], [ [ [ 142.121306393775171, 26.715043054093712 ], [ 142.121400558189293, 26.714789440780123 ], [ 142.121231115123919, 26.715000829125017 ], [ 142.121306393775171, 26.715043054093712 ] ] ], [ [ [ 142.122821388096668, 26.715470000040511 ], [ 142.122835279025026, 26.715145000341522 ], [ 142.122609169677503, 26.715282774680361 ], [ 142.122802218147967, 26.715473892306363 ], [ 142.122821388096668, 26.715470000040511 ] ] ], [ [ [ 142.121603138574073, 26.715857332649819 ], [ 142.121451529964247, 26.716283891888168 ], [ 142.121875304901437, 26.71669691902764 ], [ 142.121607976926612, 26.715866279105569 ], [ 142.121603138574073, 26.715857332649819 ] ] ], [ [ [ 142.123113721720983, 26.716897305965972 ], [ 142.12370291795537, 26.717010080950502 ], [ 142.123197302013978, 26.716303387391463 ], [ 142.122923022279679, 26.716592306289954 ], [ 142.122662866398286, 26.716081081276911 ], [ 142.121744915795261, 26.715727332950109 ], [ 142.122540894946383, 26.717156306218612 ], [ 142.123039143641677, 26.717193973423207 ], [ 142.123081750822166, 26.716909332599698 ], [ 142.123113721720983, 26.716897305965972 ] ] ], [ [ [ 142.119696109088181, 26.716755559321655 ], [ 142.119492218391201, 26.716919440979495 ], [ 142.11969944197574, 26.717277774949423 ], [ 142.119736939208451, 26.716775559344626 ], [ 142.119696109088181, 26.716755559321655 ] ] ], [ [ [ 142.117243307132981, 26.721539359953567 ], [ 142.116813307088478, 26.721705748021918 ], [ 142.117155252712791, 26.722210747927704 ], [ 142.117211919894203, 26.721570468402433 ], [ 142.117243307132981, 26.721539359953567 ] ] ], [ [ [ 142.117886083176245, 26.724000558878743 ], [ 142.118077470598905, 26.723668054337281 ], [ 142.117506082739624, 26.723425278753666 ], [ 142.117449688952092, 26.723820000192916 ], [ 142.117867198312638, 26.724009161793447 ], [ 142.117886083176245, 26.724000558878743 ] ] ], [ [ [ 142.174577496854113, 27.029729441160839 ], [ 142.174231114874146, 27.029881946394767 ], [ 142.174577496854113, 27.030271108225122 ], [ 142.174646938905198, 27.029757775201233 ], [ 142.174577496854113, 27.029729441160839 ] ] ], [ [ [ 142.174300271840139, 27.030367225067437 ], [ 142.173436938863688, 27.030948332799369 ], [ 142.174331672568655, 27.030418053850156 ], [ 142.174300271840139, 27.030367225067437 ] ] ], [ [ [ 142.172647224389948, 27.032040829220932 ], [ 142.173029170060204, 27.031825829198738 ], [ 142.172733061081999, 27.031447774894957 ], [ 142.172355005878899, 27.031803332657717 ], [ 142.172591388182127, 27.03205472104861 ], [ 142.172647224389948, 27.032040829220932 ] ] ], [ [ [ 142.178391115157865, 27.032872774958662 ], [ 142.178224449199092, 27.032421387237264 ], [ 142.178349999952616, 27.032864162151441 ], [ 142.178391115157865, 27.032872774958662 ] ] ], [ [ [ 142.178004721440857, 27.033487225055467 ], [ 142.17774027219582, 27.03379194594163 ], [ 142.178020271618266, 27.033511666830009 ], [ 142.178004721440857, 27.033487225055467 ] ] ], [ [ [ 142.171034721075557, 27.034593332716156 ], [ 142.171388339899977, 27.033773053883408 ], [ 142.171107224418961, 27.033846107611851 ], [ 142.170981115186351, 27.034562494963211 ], [ 142.171034721075557, 27.034593332716156 ] ] ], [ [ [ 142.1765316732982, 27.034701387159316 ], [ 142.176226667326887, 27.034768613280903 ], [ 142.176554162644607, 27.034714440818846 ], [ 142.1765316732982, 27.034701387159316 ] ] ], [ [ [ 142.17277082990995, 27.03502222479591 ], [ 142.172543891387591, 27.035123892253864 ], [ 142.172776939004621, 27.035085278962526 ], [ 142.17277082990995, 27.03502222479591 ] ] ], [ [ [ 142.171311946089531, 27.035445559065352 ], [ 142.171173332683225, 27.03505889195435 ], [ 142.171226938572431, 27.035369441346688 ], [ 142.171311946089531, 27.035445559065352 ] ] ], [ [ [ 142.168735006215684, 27.036215558601214 ], [ 142.168681387735887, 27.036486386737408 ], [ 142.168750829787086, 27.036229441435637 ], [ 142.168735006215684, 27.036215558601214 ] ] ], [ [ [ 142.170354162714489, 27.037389162180148 ], [ 142.170621945746234, 27.037106945928883 ], [ 142.170320000167976, 27.036868333306984 ], [ 142.170328884570381, 27.03738361336309 ], [ 142.170354162714489, 27.037389162180148 ] ] ], [ [ [ 142.186305641991794, 27.037493945789038 ], [ 142.186624189055124, 27.037159306257024 ], [ 142.186232866153887, 27.036702386805757 ], [ 142.18593313920303, 27.037642279067995 ], [ 142.186296394263195, 27.037509828715656 ], [ 142.186305641991794, 27.037493945789038 ] ] ], [ [ [ 142.167972775922976, 27.037761666767551 ], [ 142.16829749683211, 27.037610828876723 ], [ 142.167641945919172, 27.037687495181785 ], [ 142.167929728074569, 27.037782495066153 ], [ 142.167972775922976, 27.037761666767551 ] ] ], [ [ [ 142.183585719805137, 27.037243161742595 ], [ 142.18316216610117, 27.03705382927086 ], [ 142.183294617352772, 27.037739892382206 ], [ 142.183672411752468, 27.037631891898343 ], [ 142.183593501638825, 27.037262559219755 ], [ 142.183585719805137, 27.037243161742595 ] ] ], [ [ [ 142.16772277608527, 27.038159441405128 ], [ 142.167799728374803, 27.037850278767394 ], [ 142.167528884950116, 27.03799000013845 ], [ 142.167701945988028, 27.038167494834056 ], [ 142.16772277608527, 27.038159441405128 ] ] ], [ [ [ 142.16963888512646, 27.038216107687276 ], [ 142.169371114685305, 27.038018053590349 ], [ 142.169634162786451, 27.038240559354392 ], [ 142.16963888512646, 27.038216107687276 ] ] ], [ [ [ 142.183333333166843, 27.038020495249725 ], [ 142.182600803884043, 27.03789763976431 ], [ 142.182489339211656, 27.038272559031441 ], [ 142.183329779945439, 27.038030278974247 ], [ 142.183333333166843, 27.038020495249725 ] ] ], [ [ [ 142.195188585784649, 27.038407135381021 ], [ 142.195012088437238, 27.03858105437223 ], [ 142.195191504983995, 27.038409134573953 ], [ 142.195188585784649, 27.038407135381021 ] ] ], [ [ [ 142.168348611599185, 27.038901107799916 ], [ 142.168321945801267, 27.038276667134539 ], [ 142.168313061398749, 27.038901107799916 ], [ 142.168348611599185, 27.038901107799916 ] ] ], [ [ [ 142.196654668678093, 27.038720639945609 ], [ 142.196712801754416, 27.038995495245956 ], [ 142.196665863438966, 27.038723161644668 ], [ 142.196654668678093, 27.038720639945609 ] ] ], [ [ [ 142.19682836643608, 27.039186306203135 ], [ 142.196923696371528, 27.038999802099227 ], [ 142.196815551096847, 27.039191559143205 ], [ 142.19682836643608, 27.039186306203135 ] ] ], [ [ [ 142.196599221876681, 27.039412559442098 ], [ 142.196523579899349, 27.039206252266752 ], [ 142.196597911564481, 27.039414278945856 ], [ 142.196599221876681, 27.039412559442098 ] ] ], [ [ [ 142.228670052381062, 27.039562586144484 ], [ 142.228648002803197, 27.039274413683302 ], [ 142.227826589025881, 27.039403198398929 ], [ 142.228664642958961, 27.039576306201639 ], [ 142.228670052381062, 27.039562586144484 ] ] ], [ [ [ 142.185333332767186, 27.039543278599467 ], [ 142.185116693280861, 27.03953291930884 ], [ 142.185335939901734, 27.039546080886964 ], [ 142.185333332767186, 27.039543278599467 ] ] ], [ [ [ 142.169197223573065, 27.039751108327039 ], [ 142.169046108691077, 27.039884162124451 ], [ 142.169210830315592, 27.039763332811617 ], [ 142.169197223573065, 27.039751108327039 ] ] ], [ [ [ 142.194242218403701, 27.039991945871634 ], [ 142.194024280296389, 27.03997255918631 ], [ 142.194240726428461, 27.040001494873138 ], [ 142.194242218403701, 27.039991945871634 ] ] ], [ [ [ 142.183854384172605, 27.040131161823695 ], [ 142.183751479247462, 27.039883081139351 ], [ 142.183487134323855, 27.040035532413924 ], [ 142.18385413685894, 27.040159693714941 ], [ 142.183854384172605, 27.040131161823695 ] ] ], [ [ [ 142.182556497884093, 27.040609693782415 ], [ 142.182476588623786, 27.040421251639486 ], [ 142.182548663889747, 27.040612053603468 ], [ 142.182556497884093, 27.040609693782415 ] ] ], [ [ [ 142.181714889830346, 27.041069386742834 ], [ 142.181465422391398, 27.040939198185526 ], [ 142.181700272249827, 27.041072305942237 ], [ 142.181714889830346, 27.041069386742834 ] ] ], [ [ [ 142.180739170376455, 27.04085500005823 ], [ 142.180640557915467, 27.04122333269072 ], [ 142.180918339609775, 27.041014162073964 ], [ 142.180745551066366, 27.040878332968759 ], [ 142.180739170376455, 27.04085500005823 ] ] ], [ [ [ 142.194192633383409, 27.041281694194879 ], [ 142.194320466616318, 27.040951080927698 ], [ 142.193899196290886, 27.041217666961813 ], [ 142.194177612906628, 27.04128480225188 ], [ 142.194192633383409, 27.041281694194879 ] ] ], [ [ [ 142.225180195409735, 27.041826197720923 ], [ 142.225044422961787, 27.041973333102874 ], [ 142.225188858579031, 27.04182961334601 ], [ 142.225180195409735, 27.041826197720923 ] ] ], [ [ [ 142.180657224151673, 27.041935279189829 ], [ 142.18041805395012, 27.041859441160341 ], [ 142.18058472080827, 27.042125829343604 ], [ 142.180687223736413, 27.041948613437796 ], [ 142.180657224151673, 27.041935279189829 ] ] ], [ [ [ 142.171935278790102, 27.042433332732173 ], [ 142.171201946412793, 27.042368053642804 ], [ 142.171942503044193, 27.042455829273138 ], [ 142.171935278790102, 27.042433332732173 ] ] ], [ [ [ 142.190615382993542, 27.042386306283049 ], [ 142.190460635749787, 27.042544279395031 ], [ 142.190618418205531, 27.042388279395652 ], [ 142.190615382993542, 27.042386306283049 ] ] ], [ [ [ 142.182774721076612, 27.042588224766803 ], [ 142.182761698893387, 27.042269080553694 ], [ 142.182466524310712, 27.042242946255044 ], [ 142.182767275589413, 27.042607559291469 ], [ 142.182774721076612, 27.042588224766803 ] ] ], [ [ [ 142.190430998591751, 27.042556413947409 ], [ 142.190216834939065, 27.042799667071051 ], [ 142.190431725244025, 27.042563441249854 ], [ 142.190430998591751, 27.042556413947409 ] ] ], [ [ [ 142.190396693053003, 27.042826694396467 ], [ 142.190173554166222, 27.042967973393331 ], [ 142.19038944181932, 27.042832666794197 ], [ 142.190396693053003, 27.042826694396467 ] ] ], [ [ [ 142.184190310634449, 27.04343282936162 ], [ 142.184349144397515, 27.043243531963469 ], [ 142.184019338721555, 27.043121306003513 ], [ 142.183863773994062, 27.043407251743304 ], [ 142.184176005118616, 27.043437279207126 ], [ 142.184190310634449, 27.04343282936162 ] ] ], [ [ [ 142.171187497005462, 27.043694999724494 ], [ 142.170915551011944, 27.043508332843317 ], [ 142.171180000256868, 27.043714161579317 ], [ 142.171187497005462, 27.043694999724494 ] ] ], [ [ [ 142.183447976942603, 27.043838494650856 ], [ 142.182975278886033, 27.043819802242126 ], [ 142.183447393282677, 27.04385041426525 ], [ 142.183447976942603, 27.043838494650856 ] ] ], [ [ [ 142.181927755761421, 27.043996640432681 ], [ 142.182905641682055, 27.043643721280773 ], [ 142.181479805248841, 27.043489973183739 ], [ 142.181574111755936, 27.043907468155169 ], [ 142.181917782279925, 27.043999440921539 ], [ 142.181927755761421, 27.043996640432681 ] ] ], [ [ [ 142.205268716078422, 27.044105774961622 ], [ 142.205073021802605, 27.044022747751683 ], [ 142.205275693918225, 27.044115494834273 ], [ 142.205268716078422, 27.044105774961622 ] ] ], [ [ [ 142.20310089489044, 27.044079585804297 ], [ 142.203254967642692, 27.044284053866022 ], [ 142.203112697592928, 27.04408100043787 ], [ 142.20310089489044, 27.044079585804297 ] ] ], [ [ [ 142.176933061411773, 27.044201107595086 ], [ 142.176688612189764, 27.044187775145758 ], [ 142.176955279162826, 27.044476945854399 ], [ 142.176990830262639, 27.044247494626234 ], [ 142.176933061411773, 27.044201107595086 ] ] ], [ [ [ 142.179096939072565, 27.044526108193395 ], [ 142.178805279040489, 27.043908053613848 ], [ 142.176622503026124, 27.043020829247951 ], [ 142.17695666681675, 27.043908891781996 ], [ 142.177744162663089, 27.043611946434226 ], [ 142.179115005553172, 27.044576386591018 ], [ 142.179096939072565, 27.044526108193395 ] ] ], [ [ [ 142.174010271956604, 27.044093892219394 ], [ 142.174583332554789, 27.043027774712073 ], [ 142.17472805415639, 27.041977495165327 ], [ 142.175492775571229, 27.041516946050251 ], [ 142.175885836861994, 27.040136108094941 ], [ 142.176423061275273, 27.039587224870559 ], [ 142.177719999678288, 27.036808333238014 ], [ 142.177513332774197, 27.036285559131272 ], [ 142.177973333302702, 27.035354721243436 ], [ 142.177576394135372, 27.034666387343975 ], [ 142.176838054332848, 27.034734721430311 ], [ 142.176986108821893, 27.035941946163916 ], [ 142.176397497146809, 27.036876946114205 ], [ 142.176236109309116, 27.03662472135386 ], [ 142.175275279030984, 27.036689720754055 ], [ 142.175546108965818, 27.035789720619164 ], [ 142.175143333198321, 27.035739161633046 ], [ 142.175205836979899, 27.035293053831424 ], [ 142.175810829805982, 27.034509161568621 ], [ 142.176198339581788, 27.034494999944343 ], [ 142.176272503073619, 27.03337749517533 ], [ 142.17686639376916, 27.032881108076708 ], [ 142.176658340110407, 27.032838892101267 ], [ 142.176919999658367, 27.031905278905526 ], [ 142.17656693931292, 27.0317019457882 ], [ 142.17591500637252, 27.032068891666086 ], [ 142.175646939154944, 27.031608892036786 ], [ 142.175265837048755, 27.031823332680688 ], [ 142.174892218201421, 27.03378055872588 ], [ 142.173993060731277, 27.035916667120546 ], [ 142.174160000084044, 27.037459440600742 ], [ 142.174533061351781, 27.037921666951434 ], [ 142.173627223717517, 27.03879500038903 ], [ 142.173701388108611, 27.03948444135392 ], [ 142.173148340123817, 27.040868613096052 ], [ 142.174381945570417, 27.040968332622526 ], [ 142.174482218179946, 27.041345558650676 ], [ 142.173865837238623, 27.042001107764975 ], [ 142.17262167285196, 27.042294999914361 ], [ 142.172768612181812, 27.042611946184422 ], [ 142.173405279130407, 27.042717225319734 ], [ 142.173203332767685, 27.04338055896568 ], [ 142.172573605887237, 27.043710279206095 ], [ 142.171957497440644, 27.043340279230563 ], [ 142.171585278837597, 27.043483053799946 ], [ 142.172124720979127, 27.044058612714878 ], [ 142.173139169736942, 27.044314720747821 ], [ 142.173109170152202, 27.044753892078518 ], [ 142.172629169600555, 27.045098333321505 ], [ 142.172819170268554, 27.045290000433226 ], [ 142.17341167331017, 27.045194162380767 ], [ 142.173432775901915, 27.044615829057307 ], [ 142.173978612223209, 27.044263053796953 ], [ 142.174010271956604, 27.044093892219394 ] ] ], [ [ [ 142.171461388232501, 27.045297495383181 ], [ 142.171928053636861, 27.044419161714984 ], [ 142.171215837341038, 27.045218613148506 ], [ 142.171422503345866, 27.04530194612795 ], [ 142.171461388232501, 27.045297495383181 ] ] ], [ [ [ 142.18110722421909, 27.045579720627643 ], [ 142.181162502847314, 27.045368333182068 ], [ 142.180289441904279, 27.045378892122244 ], [ 142.181085278962541, 27.045588891913894 ], [ 142.18110722421909, 27.045579720627643 ] ] ], [ [ [ 142.181856200303514, 27.045503225193727 ], [ 142.181761167144259, 27.045702639964929 ], [ 142.181861362412064, 27.045509891868051 ], [ 142.181856200303514, 27.045503225193727 ] ] ], [ [ [ 142.239640051946935, 27.045500162102826 ], [ 142.239428974767407, 27.045351162426243 ], [ 142.239289195839774, 27.045656558703286 ], [ 142.239645057573398, 27.045523441054002 ], [ 142.239640051946935, 27.045500162102826 ] ] ], [ [ [ 142.172519169923817, 27.046326387253032 ], [ 142.172296394363229, 27.046360558792799 ], [ 142.172508885276898, 27.046363333201327 ], [ 142.172519169923817, 27.046326387253032 ] ] ], [ [ [ 142.182996304136168, 27.047086666916186 ], [ 142.182965187593368, 27.046795891816998 ], [ 142.182677497168811, 27.046859721199212 ], [ 142.182991388441906, 27.047092919003035 ], [ 142.182996304136168, 27.047086666916186 ] ] ], [ [ [ 142.181837561854081, 27.047319054430886 ], [ 142.18193297003063, 27.046972972824506 ], [ 142.18255066128404, 27.046773531972974 ], [ 142.182491829434412, 27.045309612848428 ], [ 142.182139883349009, 27.045653667382908 ], [ 142.182197172861265, 27.046481441165611 ], [ 142.181444500563316, 27.046870333199365 ], [ 142.181507561924491, 27.04726786501999 ], [ 142.181831725254028, 27.047324107721465 ], [ 142.181837561854081, 27.047319054430886 ] ] ], [ [ [ 142.180317782239968, 27.047514441138617 ], [ 142.180642218064008, 27.047049720967891 ], [ 142.179970271610841, 27.04734777517973 ], [ 142.18025055791702, 27.047550558811281 ], [ 142.180317782239968, 27.047514441138617 ] ] ], [ [ [ 142.238408339573311, 27.047393162164781 ], [ 142.23851002591698, 27.047712333357538 ], [ 142.238436589077423, 27.0474028649503 ], [ 142.238408339573311, 27.047393162164781 ] ] ], [ [ [ 142.239042671881862, 27.047817305824083 ], [ 142.24131997383779, 27.046809387043652 ], [ 142.241587133639314, 27.045647224639765 ], [ 142.241265473123121, 27.045835135283312 ], [ 142.240484772554282, 27.04550966703755 ], [ 142.239985693784774, 27.045974162377718 ], [ 142.23937403428431, 27.045785667174869 ], [ 142.239682088057975, 27.0465878021854 ], [ 142.238687523310659, 27.047373558742777 ], [ 142.239023891339571, 27.047852532268621 ], [ 142.239042671881862, 27.047817305824083 ] ] ], [ [ [ 142.241767951329962, 27.047378306263852 ], [ 142.241171309608262, 27.047378891722531 ], [ 142.240720804121906, 27.047984198412053 ], [ 142.24175700388264, 27.047389251912477 ], [ 142.241767951329962, 27.047378306263852 ] ] ], [ [ [ 142.182501219255983, 27.047924720849267 ], [ 142.182023942750789, 27.04769925181904 ], [ 142.181684279605861, 27.047963252302281 ], [ 142.182490531712688, 27.047928080716417 ], [ 142.182501219255983, 27.047924720849267 ] ] ], [ [ [ 142.185348689590455, 27.04816858641118 ], [ 142.185597224432399, 27.047952080923835 ], [ 142.185343671373403, 27.048171108110182 ], [ 142.185348689590455, 27.04816858641118 ] ] ], [ [ [ 142.238466782915793, 27.048099054427894 ], [ 142.23848936399304, 27.048336586064636 ], [ 142.238482412233566, 27.048102279396744 ], [ 142.238466782915793, 27.048099054427894 ] ] ], [ [ [ 142.1838512446393, 27.047972892135306 ], [ 142.183566057027974, 27.04832949491032 ], [ 142.183846524097817, 27.047990865086433 ], [ 142.1838512446393, 27.047972892135306 ] ] ], [ [ [ 142.17212916992537, 27.049594162040989 ], [ 142.17193250258299, 27.049702224578027 ], [ 142.17214167319969, 27.049620279252508 ], [ 142.17212916992537, 27.049594162040989 ] ] ], [ [ [ 142.233380558266163, 27.049783613223212 ], [ 142.233335550795118, 27.049981946109995 ], [ 142.233401673448498, 27.049793054306065 ], [ 142.233380558266163, 27.049783613223212 ] ] ], [ [ [ 142.171235837364065, 27.051021108237592 ], [ 142.171002502863303, 27.051044162358266 ], [ 142.171231115024057, 27.051046387281019 ], [ 142.171235837364065, 27.051021108237592 ] ] ], [ [ [ 142.169688053760751, 27.051301667038331 ], [ 142.169537497357737, 27.051532225331982 ], [ 142.169708053783665, 27.051316387141583 ], [ 142.169688053760751, 27.051301667038331 ] ] ], [ [ [ 142.17076583727362, 27.052592224751436 ], [ 142.170579441987684, 27.052755829418061 ], [ 142.1709505580219, 27.052927224911571 ], [ 142.170805006346086, 27.052617494801609 ], [ 142.17076583727362, 27.052592224751436 ] ] ], [ [ [ 142.171199170205568, 27.053141107975819 ], [ 142.171301945628329, 27.053449161749484 ], [ 142.171231115024057, 27.053158613279436 ], [ 142.171199170205568, 27.053141107975819 ] ] ], [ [ [ 142.229613943029108, 27.054286775014702 ], [ 142.229519688682785, 27.054592108339193 ], [ 142.229619390222751, 27.054289386645905 ], [ 142.229613943029108, 27.054286775014702 ] ] ], [ [ [ 142.226489532765754, 27.054567494794128 ], [ 142.226282749849133, 27.054553225251198 ], [ 142.22650610906976, 27.054586694420436 ], [ 142.226489532765754, 27.054567494794128 ] ] ], [ [ [ 142.236503553896, 27.054833613180733 ], [ 142.236266588832109, 27.054997027191121 ], [ 142.236458079676709, 27.054879081104787 ], [ 142.236503553896, 27.054833613180733 ] ] ], [ [ [ 142.175205550995429, 27.05537055880427 ], [ 142.175389441669495, 27.055091946136429 ], [ 142.175169999895616, 27.055380278676978 ], [ 142.175205550995429, 27.05537055880427 ] ] ], [ [ [ 142.187174617314781, 27.060352332594107 ], [ 142.187138638137753, 27.06012205398963 ], [ 142.187170219630048, 27.060372829042876 ], [ 142.187174617314781, 27.060352332594107 ] ] ], [ [ [ 142.184578340218309, 27.061118332844842 ], [ 142.184571115064955, 27.061352224925315 ], [ 142.184592217656814, 27.061146387196061 ], [ 142.184578340218309, 27.061118332844842 ] ] ], [ [ [ 142.187711219397329, 27.061617387332603 ], [ 142.187549195738825, 27.061789108380708 ], [ 142.187717522745515, 27.0616399459268 ], [ 142.187711219397329, 27.061617387332603 ] ] ], [ [ [ 142.232877497298773, 27.062129161831422 ], [ 142.232424449428891, 27.062010278651485 ], [ 142.232892503386438, 27.062141945694293 ], [ 142.232877497298773, 27.062129161831422 ] ] ], [ [ [ 142.233069662634875, 27.062776251922514 ], [ 142.232876393830566, 27.062911332791828 ], [ 142.233083385389932, 27.062785441195217 ], [ 142.233069662634875, 27.062776251922514 ] ] ], [ [ [ 142.231928145067855, 27.064652054248938 ], [ 142.231938884771807, 27.064918748201706 ], [ 142.231978689664857, 27.064670585679039 ], [ 142.231928145067855, 27.064652054248938 ] ] ], [ [ [ 142.18902294355405, 27.068049027440736 ], [ 142.189331439794159, 27.067987333049018 ], [ 142.188682335221642, 27.067850747613988 ], [ 142.189003994838572, 27.06805105361326 ], [ 142.18902294355405, 27.068049027440736 ] ] ], [ [ [ 142.189373644977763, 27.068381774799093 ], [ 142.189582554791173, 27.068268414355884 ], [ 142.189386809253961, 27.068052252409586 ], [ 142.188990467236295, 27.068223081330189 ], [ 142.189370026105848, 27.068386667111042 ], [ 142.189373644977763, 27.068381774799093 ] ] ], [ [ [ 142.189751919615446, 27.068491467807064 ], [ 142.189674033829647, 27.068220359981694 ], [ 142.189754163423913, 27.068513774591054 ], [ 142.189751919615446, 27.068491467807064 ] ] ], [ [ [ 142.236118197097198, 27.06890913544828 ], [ 142.23501741881887, 27.068661053864616 ], [ 142.235038948588681, 27.068983135263522 ], [ 142.235857951283492, 27.069325107867485 ], [ 142.236159170209589, 27.068982081258071 ], [ 142.236118197097198, 27.06890913544828 ] ] ], [ [ [ 142.232341828712492, 27.069657694247269 ], [ 142.232202607364457, 27.069997828636929 ], [ 142.232346471912251, 27.069660667405913 ], [ 142.232341828712492, 27.069657694247269 ] ] ], [ [ [ 142.232595719916617, 27.070057945617748 ], [ 142.232450440735306, 27.070297532205416 ], [ 142.232601388343483, 27.070061613053042 ], [ 142.232595719916617, 27.070057945617748 ] ] ], [ [ [ 142.181460271974061, 27.070576667379328 ], [ 142.181609441622527, 27.070750278802393 ], [ 142.181485837001787, 27.070592224751408 ], [ 142.181460271974061, 27.070576667379328 ] ] ], [ [ [ 142.233982218204915, 27.072084441044183 ], [ 142.233741946333794, 27.072346386576555 ], [ 142.234007497248285, 27.072089441274727 ], [ 142.233982218204915, 27.072084441044183 ] ] ], [ [ [ 142.180172750372208, 27.07246469419033 ], [ 142.179970725768499, 27.072795640206664 ], [ 142.180395694106096, 27.072722081059226 ], [ 142.180233165028653, 27.072471720593455 ], [ 142.180172750372208, 27.07246469419033 ] ] ], [ [ [ 142.233845227175607, 27.072675586109483 ], [ 142.233693553814533, 27.072913667232001 ], [ 142.233847834310154, 27.072678107808485 ], [ 142.233845227175607, 27.072675586109483 ] ] ], [ [ [ 142.181246834973535, 27.072826864668116 ], [ 142.181275837210137, 27.072124081361324 ], [ 142.181111388080126, 27.073117946436128 ], [ 142.181246109220638, 27.072830387312592 ], [ 142.181246834973535, 27.072826864668116 ] ] ], [ [ [ 142.189558664300989, 27.07354591940873 ], [ 142.189459637252526, 27.073827197667072 ], [ 142.189584578265794, 27.073551918786052 ], [ 142.189558664300989, 27.07354591940873 ] ] ], [ [ [ 142.184243138609986, 27.075283747746823 ], [ 142.184154552690529, 27.075488107889896 ], [ 142.184247393302599, 27.075285198353299 ], [ 142.184243138609986, 27.075283747746823 ] ] ], [ [ [ 142.194961556430712, 27.076001027225686 ], [ 142.194841219047134, 27.076210667288535 ], [ 142.194972438227524, 27.076002360020937 ], [ 142.194961556430712, 27.076001027225686 ] ] ], [ [ [ 142.234401971373927, 27.076887972801728 ], [ 142.234264279772788, 27.077108865182026 ], [ 142.234404577609212, 27.076890386582136 ], [ 142.234401971373927, 27.076887972801728 ] ] ], [ [ [ 142.234775279055953, 27.077178891792471 ], [ 142.235040272390734, 27.077303332782606 ], [ 142.234804162582122, 27.077198891815442 ], [ 142.234775279055953, 27.077178891792471 ] ] ], [ [ [ 142.234031244746234, 27.077630053783992 ], [ 142.234344279864672, 27.077274198345606 ], [ 142.234029636758351, 27.077632134815246 ], [ 142.234031244746234, 27.077630053783992 ] ] ], [ [ [ 142.23333333306698, 27.077236162419013 ], [ 142.232879947951346, 27.077667532130931 ], [ 142.233333994968007, 27.077236252351213 ], [ 142.23333333306698, 27.077236162419013 ] ] ], [ [ [ 142.233372892445118, 27.077709468417311 ], [ 142.233262140035777, 27.077887467632593 ], [ 142.233378145385132, 27.077709559248831 ], [ 142.233372892445118, 27.077709468417311 ] ] ], [ [ [ 142.205320466666308, 27.078284494933541 ], [ 142.205450246032115, 27.078447667026239 ], [ 142.205322502731406, 27.078285494979639 ], [ 142.205320466666308, 27.078284494933541 ] ] ], [ [ [ 142.202465940251045, 27.079442134646854 ], [ 142.202495278834135, 27.079166532009879 ], [ 142.201836886962838, 27.079073613156766 ], [ 142.202431828965814, 27.079483891968096 ], [ 142.202465940251045, 27.079442134646854 ] ] ], [ [ [ 142.231810778144904, 27.081069639552254 ], [ 142.231716718951475, 27.081275945828281 ], [ 142.231819780358592, 27.081075774727253 ], [ 142.231810778144904, 27.081069639552254 ] ] ], [ [ [ 142.186498612221271, 27.083636945888372 ], [ 142.186142503174096, 27.083644721426822 ], [ 142.18649000031337, 27.083713613092812 ], [ 142.186498612221271, 27.083636945888372 ] ] ], [ [ [ 142.186663606340403, 27.084210000191433 ], [ 142.186254720578972, 27.084121666981389 ], [ 142.18659306082111, 27.084223892019054 ], [ 142.186663606340403, 27.084210000191433 ] ] ], [ [ [ 142.235967781887666, 27.084370945562739 ], [ 142.235825499247426, 27.084566585879259 ], [ 142.235973943142994, 27.084373279303463 ], [ 142.235967781887666, 27.084370945562739 ] ] ], [ [ [ 142.182832528598396, 27.086202054281443 ], [ 142.182707833999416, 27.086406667134042 ], [ 142.182827496891491, 27.086216251878568 ], [ 142.182832528598396, 27.086202054281443 ] ] ], [ [ [ 142.182412918421505, 27.08680453170382 ], [ 142.182257690939764, 27.086977667385497 ], [ 142.182436614658059, 27.086808558867972 ], [ 142.182412918421505, 27.08680453170382 ] ] ], [ [ [ 142.18380824895155, 27.087439586168045 ], [ 142.18435888495469, 27.087179999557407 ], [ 142.184673644972804, 27.086572612735949 ], [ 142.182873165364299, 27.086319973388129 ], [ 142.182550143274511, 27.087041558820943 ], [ 142.18280591406176, 27.087578080863807 ], [ 142.1836985856213, 27.087474468172218 ], [ 142.18380824895155, 27.087439586168045 ] ] ], [ [ [ 142.24915472091368, 27.091709441337684 ], [ 142.249435006320596, 27.091588054445197 ], [ 142.249164162895909, 27.09135944138518 ], [ 142.249129441870309, 27.091698054121935 ], [ 142.24915472091368, 27.091709441337684 ] ] ], [ [ [ 142.244313890673538, 27.091787224600807 ], [ 142.24420194576328, 27.092022495341951 ], [ 142.244347497439094, 27.091811107896376 ], [ 142.244313890673538, 27.091787224600807 ] ] ], [ [ [ 142.223152555146385, 27.09209233309474 ], [ 142.223274746932134, 27.091929332772565 ], [ 142.223150725925279, 27.092094333186992 ], [ 142.223152555146385, 27.09209233309474 ] ] ], [ [ [ 142.181103061257318, 27.092606387374929 ], [ 142.181287224425887, 27.092799720930429 ], [ 142.181119728392787, 27.0926211083775 ], [ 142.181103061257318, 27.092606387374929 ] ] ], [ [ [ 142.239249754272805, 27.092522468037544 ], [ 142.238819052757094, 27.09294813514839 ], [ 142.239245888087339, 27.092552802170133 ], [ 142.239249754272805, 27.092522468037544 ] ] ], [ [ [ 142.241833061346824, 27.093829441075911 ], [ 142.24173472138034, 27.094018892258134 ], [ 142.241846938785216, 27.093843892281882 ], [ 142.241833061346824, 27.093829441075911 ] ] ], [ [ [ 142.199492217691727, 27.095259721059335 ], [ 142.199662503421905, 27.095571387409677 ], [ 142.199525837047759, 27.095297495283205 ], [ 142.199492217691727, 27.095259721059335 ] ] ], [ [ [ 142.241307496643685, 27.095826945956844 ], [ 142.243984163238565, 27.095075828586687 ], [ 142.244888884814259, 27.095520000147928 ], [ 142.245572776062886, 27.095014440863793 ], [ 142.246371946008594, 27.095437775133291 ], [ 142.24613167323821, 27.094867495238759 ], [ 142.247031388287951, 27.095139720921452 ], [ 142.247463061071471, 27.094970278755397 ], [ 142.247163605715855, 27.094428612590434 ], [ 142.246486393732198, 27.094410000221387 ], [ 142.24754500639699, 27.093540279360468 ], [ 142.248153061414769, 27.093698333411396 ], [ 142.247951388445927, 27.093167225287289 ], [ 142.248615837251123, 27.092953333229786 ], [ 142.247752775870026, 27.092138053728263 ], [ 142.248865006115238, 27.091385000117725 ], [ 142.247941945564435, 27.090863054286558 ], [ 142.247010829786063, 27.090976386850798 ], [ 142.246951945775777, 27.090379162368492 ], [ 142.246647223990294, 27.090649162229113 ], [ 142.245738885341325, 27.090312224929278 ], [ 142.244947782314398, 27.091299161627035 ], [ 142.244745279271342, 27.092119441359159 ], [ 142.243263605730931, 27.092641666879501 ], [ 142.241143332598767, 27.094621667356137 ], [ 142.240709169592606, 27.095445279076444 ], [ 142.240814721222478, 27.095818054359768 ], [ 142.241263332736708, 27.095853332965021 ], [ 142.241307496643685, 27.095826945956844 ] ] ], [ [ [ 142.181342217969018, 27.096254721078594 ], [ 142.181188054385302, 27.096446945769969 ], [ 142.181356393982469, 27.096272495279493 ], [ 142.181342217969018, 27.096254721078594 ] ] ], [ [ [ 142.233510271981572, 27.098100000414718 ], [ 142.233299728100064, 27.098197495018439 ], [ 142.233519442368447, 27.098113892242395 ], [ 142.233510271981572, 27.098100000414718 ] ] ], [ [ [ 142.202812243989911, 27.098282134712804 ], [ 142.202672360740962, 27.0980649997 ], [ 142.202796420418508, 27.098289667434244 ], [ 142.202812243989911, 27.098282134712804 ] ] ], [ [ [ 142.236667496707696, 27.098646945600137 ], [ 142.23642360596466, 27.098795829264134 ], [ 142.236690000443218, 27.098663892424725 ], [ 142.236667496707696, 27.098646945600137 ] ] ], [ [ [ 142.21943868964388, 27.100355829258149 ], [ 142.21916557722966, 27.100305891703613 ], [ 142.219426472353916, 27.100357386883957 ], [ 142.21943868964388, 27.100355829258149 ] ] ], [ [ [ 142.219362970324937, 27.100841161890173 ], [ 142.219624941937582, 27.100757801931081 ], [ 142.219357951208508, 27.100843531603743 ], [ 142.219362970324937, 27.100841161890173 ] ] ], [ [ [ 142.219104033924054, 27.101016026968125 ], [ 142.218839222252313, 27.101134224864609 ], [ 142.219097082164694, 27.101018386789178 ], [ 142.219104033924054, 27.101016026968125 ] ] ], [ [ [ 142.214341440205317, 27.101155973169682 ], [ 142.214547781554984, 27.100950053602162 ], [ 142.21434155621796, 27.101162108344681 ], [ 142.214341440205317, 27.101155973169682 ] ] ], [ [ [ 142.211144526598673, 27.103501162248904 ], [ 142.210890726226125, 27.103475829246179 ], [ 142.211132827318238, 27.103507613085924 ], [ 142.211144526598673, 27.103501162248904 ] ] ], [ [ [ 142.20687800341716, 27.10369516220203 ], [ 142.206544383716391, 27.103927720587876 ], [ 142.206880337157941, 27.103697693793606 ], [ 142.20687800341716, 27.10369516220203 ] ] ], [ [ [ 142.202965006429963, 27.105592747907053 ], [ 142.20251055831568, 27.105543946196235 ], [ 142.202885863391998, 27.105620494690129 ], [ 142.202965006429963, 27.105592747907053 ] ] ], [ [ [ 142.193289079127794, 27.105828251572575 ], [ 142.193649558880111, 27.105540359699887 ], [ 142.193345006167192, 27.105495225424363 ], [ 142.193469532592871, 27.104891387327712 ], [ 142.193075226640417, 27.104393919244046 ], [ 142.194135966201998, 27.103546559126471 ], [ 142.195693671126037, 27.103912279228382 ], [ 142.195788611655189, 27.104627694412613 ], [ 142.195376030579382, 27.10486746805924 ], [ 142.196514189178515, 27.105583251965584 ], [ 142.19668802902936, 27.104919892239309 ], [ 142.197624501169912, 27.104490558592431 ], [ 142.198210699963852, 27.104679468382813 ], [ 142.198270531859635, 27.105374000409824 ], [ 142.198949753828174, 27.104726440872582 ], [ 142.200717808380205, 27.104897305766087 ], [ 142.201520699720618, 27.104544413593885 ], [ 142.201904137366114, 27.104649467898696 ], [ 142.201987664599073, 27.105226559258369 ], [ 142.202457003687869, 27.105154305926533 ], [ 142.202509662590955, 27.105503775279033 ], [ 142.204373112729058, 27.105244748046744 ], [ 142.204686744098012, 27.105456306363521 ], [ 142.205377173417901, 27.105278945666839 ], [ 142.204748521227316, 27.105046720929465 ], [ 142.20457997388678, 27.104428721208592 ], [ 142.205554228345022, 27.103380135085217 ], [ 142.206356420012867, 27.103442585806761 ], [ 142.207461997073551, 27.103012333052789 ], [ 142.208005667827365, 27.103059080712057 ], [ 142.207881920214504, 27.103278775195349 ], [ 142.208944642781148, 27.103130973415716 ], [ 142.210541088700325, 27.102569441226763 ], [ 142.211430947180588, 27.103385027397167 ], [ 142.211245694033664, 27.103837134576168 ], [ 142.211650661448971, 27.103369918786768 ], [ 142.212898975307553, 27.103245279046462 ], [ 142.213469468341373, 27.102746360356321 ], [ 142.212866886597567, 27.102915162205022 ], [ 142.212783553618124, 27.101878585628299 ], [ 142.21348686122974, 27.101660721265318 ], [ 142.215084942116505, 27.100285558931432 ], [ 142.216837418612045, 27.100116613191176 ], [ 142.216949779908532, 27.100446251593269 ], [ 142.217824448839337, 27.100657162398193 ], [ 142.217999027033557, 27.101231946097471 ], [ 142.217749339260649, 27.101338999595214 ], [ 142.218754137393603, 27.101149251636684 ], [ 142.219109143871947, 27.100469892071885 ], [ 142.218349973972181, 27.100646532411588 ], [ 142.217529857017325, 27.099921053813659 ], [ 142.217335383121508, 27.099436829146384 ], [ 142.217653554268168, 27.099263973153882 ], [ 142.217548560217892, 27.098479413594134 ], [ 142.218632477107235, 27.098061468062326 ], [ 142.218342503303916, 27.098037639625431 ], [ 142.218147691262971, 27.09749080235872 ], [ 142.218417275636853, 27.096929162251115 ], [ 142.219196913207043, 27.09687291865032 ], [ 142.218920052418525, 27.096544891833332 ], [ 142.219396303696499, 27.095896198251012 ], [ 142.220196861296131, 27.095919864809957 ], [ 142.22053583735908, 27.096334775129833 ], [ 142.221147056191739, 27.096086135067139 ], [ 142.221218249222943, 27.095826721126343 ], [ 142.220955227202012, 27.095860972705793 ], [ 142.221312723903111, 27.095506891629782 ], [ 142.220785472971215, 27.095749053875807 ], [ 142.221156860600672, 27.095372999664278 ], [ 142.220949753928039, 27.094615891909939 ], [ 142.221987860251602, 27.094208197750163 ], [ 142.221751828683978, 27.094138612706843 ], [ 142.222116278043814, 27.093112532117686 ], [ 142.222916304144178, 27.093033107591907 ], [ 142.222767249608978, 27.092205332909828 ], [ 142.22302092137852, 27.091612278583852 ], [ 142.223959533006109, 27.091605198221373 ], [ 142.223528755048051, 27.090795640206693 ], [ 142.22428717311459, 27.090645413854816 ], [ 142.224031894256541, 27.09026261292928 ], [ 142.224747664673032, 27.089869747690727 ], [ 142.224945109928967, 27.089262720598128 ], [ 142.224920699630616, 27.087842027387694 ], [ 142.224558664051187, 27.087924801888164 ], [ 142.224253748012075, 27.087238360162246 ], [ 142.224055888168778, 27.087372333066753 ], [ 142.224120026018454, 27.087124107591535 ], [ 142.223777198159269, 27.087036667408313 ], [ 142.223023086946, 27.08542910766721 ], [ 142.223314280229943, 27.08470589176352 ], [ 142.223894279997126, 27.084806305566588 ], [ 142.224043256291338, 27.084319667119019 ], [ 142.224588470281788, 27.084166359689789 ], [ 142.224309221793192, 27.083541134815562 ], [ 142.225050855812356, 27.083233802298196 ], [ 142.224348664259537, 27.082438946400316 ], [ 142.224618171291581, 27.081609775071115 ], [ 142.226120584097771, 27.08065749464771 ], [ 142.226521244659807, 27.081193693833939 ], [ 142.227834475180998, 27.080928467574779 ], [ 142.228187496855526, 27.081587053699593 ], [ 142.229024863706513, 27.081112108237278 ], [ 142.229670752303491, 27.081431306409741 ], [ 142.230317030306765, 27.08061413473456 ], [ 142.230095940075671, 27.080041360120731 ], [ 142.230721440142361, 27.07887755915209 ], [ 142.231478275402196, 27.07882477524322 ], [ 142.232137859774525, 27.07821777513027 ], [ 142.232221387906748, 27.078531197856535 ], [ 142.23243885926604, 27.077884945933533 ], [ 142.232601971104145, 27.078160532382697 ], [ 142.233018300554136, 27.076990640305837 ], [ 142.232683696095819, 27.076142414141145 ], [ 142.233378495221473, 27.075057613218348 ], [ 142.232962826773132, 27.075182585707807 ], [ 142.232450751900728, 27.074260829173966 ], [ 142.232817055662622, 27.072699026938608 ], [ 142.232270142852826, 27.072438828788961 ], [ 142.23229581130272, 27.071974694076914 ], [ 142.231900946871292, 27.072107026618028 ], [ 142.231391555575897, 27.071610531600811 ], [ 142.23140077812343, 27.070155225283486 ], [ 142.230752776119743, 27.068824892354939 ], [ 142.231276641104159, 27.067780918854396 ], [ 142.230952282621843, 27.067232612994758 ], [ 142.231386808954085, 27.066302694214016 ], [ 142.231164085554155, 27.065953386739466 ], [ 142.231814552599644, 27.06466749470917 ], [ 142.231753554283159, 27.063926775300502 ], [ 142.232194331803043, 27.063973162331649 ], [ 142.232802633234996, 27.062602865330007 ], [ 142.232132503412345, 27.062938441056247 ], [ 142.231526226354276, 27.062698558591649 ], [ 142.231093916850796, 27.061420053592656 ], [ 142.229998366331643, 27.060340748426825 ], [ 142.230276550022836, 27.059766333449602 ], [ 142.230054669287597, 27.059571748037797 ], [ 142.231050311422791, 27.059075864559532 ], [ 142.231236393744666, 27.058380559115562 ], [ 142.231579389777039, 27.058507720554928 ], [ 142.232255694344872, 27.057994026902861 ], [ 142.232214136673178, 27.057679360414227 ], [ 142.231906666559439, 27.057926828660243 ], [ 142.231682437694417, 27.057735225400393 ], [ 142.231851828599019, 27.056715198147913 ], [ 142.232769053449147, 27.0564413869605 ], [ 142.233106912554035, 27.056854828687449 ], [ 142.233469339338626, 27.056369801824928 ], [ 142.23471855971377, 27.056202919129476 ], [ 142.235408948564213, 27.055259945789942 ], [ 142.236499688609797, 27.05477782913357 ], [ 142.2364545777167, 27.054417891672415 ], [ 142.237348975075179, 27.053847585697554 ], [ 142.2367738388416, 27.053600333288784 ], [ 142.237858637965815, 27.052258640124194 ], [ 142.237167249968707, 27.052570721061954 ], [ 142.237602995781685, 27.051731134684189 ], [ 142.237267638590765, 27.05146527889957 ], [ 142.237469363720265, 27.051315828662609 ], [ 142.236987665248648, 27.051443721250791 ], [ 142.236781192598073, 27.050997197962374 ], [ 142.236444967561283, 27.051226107798698 ], [ 142.235273256155892, 27.05057633323122 ], [ 142.236307030445118, 27.050382080568625 ], [ 142.236909000649916, 27.049700080594278 ], [ 142.23659505811554, 27.049435251835462 ], [ 142.23650516188377, 27.049689640364647 ], [ 142.235267781982657, 27.049541972583995 ], [ 142.234681335875052, 27.049805440668592 ], [ 142.234326640562131, 27.049474613362747 ], [ 142.233911971260568, 27.050520828873232 ], [ 142.234773164749868, 27.050574279179671 ], [ 142.234532243568196, 27.051117135147706 ], [ 142.233463216754103, 27.051465135008016 ], [ 142.231410751604926, 27.053004359763463 ], [ 142.23141929966107, 27.053303279123099 ], [ 142.230398144658693, 27.053802802157634 ], [ 142.229469753826152, 27.055019720683617 ], [ 142.229739662855195, 27.056074864663344 ], [ 142.228668197079742, 27.056847305858525 ], [ 142.227964060293175, 27.056608829034303 ], [ 142.227440635976677, 27.055751694185403 ], [ 142.227020362999383, 27.055812027003469 ], [ 142.226925577153679, 27.055290829408307 ], [ 142.226288418275999, 27.055175973392522 ], [ 142.226497716596441, 27.05478608131267 ], [ 142.226111750956647, 27.054398252277565 ], [ 142.225569027188953, 27.054411386876041 ], [ 142.225192166285524, 27.053528640234617 ], [ 142.224112308936014, 27.053279440793631 ], [ 142.222878637838903, 27.05415835992045 ], [ 142.222237108255968, 27.053857721057057 ], [ 142.221849727982658, 27.053149081365063 ], [ 142.221933217444075, 27.052850305896925 ], [ 142.222625940035186, 27.052683387228569 ], [ 142.223076083094838, 27.051837775393096 ], [ 142.223777638827073, 27.052111693599841 ], [ 142.224479753937544, 27.051914612569362 ], [ 142.224824331877471, 27.050910306365608 ], [ 142.226302580799484, 27.049822134783767 ], [ 142.225699442375458, 27.048253252185873 ], [ 142.225163450033278, 27.048037946394174 ], [ 142.225516109281102, 27.046551278918457 ], [ 142.226029416224605, 27.04606216193929 ], [ 142.225845810635747, 27.045321531563502 ], [ 142.224693839349243, 27.045212000433537 ], [ 142.224380311402342, 27.045301667338151 ], [ 142.22464267242151, 27.045581225193416 ], [ 142.224430920750478, 27.045751613446271 ], [ 142.223354811775152, 27.045983134913797 ], [ 142.222691556370251, 27.045326558773695 ], [ 142.2227401953038, 27.0442296673653 ], [ 142.22383413693592, 27.043455135246347 ], [ 142.224992023063464, 27.044062720817976 ], [ 142.22519846963371, 27.043918694392289 ], [ 142.224901634003231, 27.043516252273264 ], [ 142.225158301414581, 27.043026467997151 ], [ 142.22400674381629, 27.042609694282021 ], [ 142.22441299636273, 27.042574467837483 ], [ 142.225200699952438, 27.041651053853116 ], [ 142.225887665083746, 27.04171330582443 ], [ 142.22697136163913, 27.041067305711636 ], [ 142.225985524812131, 27.040753802046368 ], [ 142.226194449014656, 27.040479721062354 ], [ 142.225904811557825, 27.040008134567813 ], [ 142.225000271645285, 27.039254224802676 ], [ 142.22585861158575, 27.038823107800226 ], [ 142.226835576600593, 27.039410107890205 ], [ 142.228321089346878, 27.039054640059646 ], [ 142.228673359188292, 27.03816049541058 ], [ 142.228331284061596, 27.038068081077142 ], [ 142.229466498280317, 27.037858747683117 ], [ 142.229981582284267, 27.037375107575201 ], [ 142.229380636407313, 27.036919305981257 ], [ 142.229414306125364, 27.036331107994272 ], [ 142.229658418101621, 27.036618640138158 ], [ 142.22974386538715, 27.036406305706521 ], [ 142.22940367074284, 27.035950252302371 ], [ 142.2268264457839, 27.035873198389424 ], [ 142.225474085760538, 27.036308532312944 ], [ 142.22307141381475, 27.035920359736849 ], [ 142.222739390410652, 27.036728693774251 ], [ 142.222251115196855, 27.036858802291931 ], [ 142.221828716222376, 27.035954278567147 ], [ 142.220487133674396, 27.036446026962608 ], [ 142.220296355092728, 27.036208053758742 ], [ 142.219464617098424, 27.036304197580705 ], [ 142.220654889611524, 27.03693549467738 ], [ 142.21920600535293, 27.037256468111593 ], [ 142.218844863699587, 27.037615080871319 ], [ 142.219057276372268, 27.038107108056636 ], [ 142.218778366028801, 27.038198532236549 ], [ 142.219362723910649, 27.039222946381926 ], [ 142.220457781601453, 27.039229441285727 ], [ 142.220624423278537, 27.040208748135285 ], [ 142.219692554767676, 27.041301532339901 ], [ 142.218329196035597, 27.041575413674479 ], [ 142.216560583903856, 27.041404135092819 ], [ 142.216298053812238, 27.041017864582841 ], [ 142.216490025794087, 27.04083497305561 ], [ 142.215530194662847, 27.040643027154033 ], [ 142.214126808905121, 27.039163585730932 ], [ 142.213455616083934, 27.039806802442058 ], [ 142.213110895151772, 27.03953519819089 ], [ 142.212367833908502, 27.040671225396807 ], [ 142.211619754448179, 27.040351919305692 ], [ 142.211293942661428, 27.04006602662588 ], [ 142.211615524936633, 27.038747224804638 ], [ 142.211304668875414, 27.03815289164271 ], [ 142.210430220278454, 27.038990198239105 ], [ 142.210728637816487, 27.040697053925953 ], [ 142.210066135144075, 27.040556532158291 ], [ 142.209827223947286, 27.040866468212982 ], [ 142.208755551327727, 27.040164864816688 ], [ 142.208076834778126, 27.040397108439834 ], [ 142.207385227346435, 27.042782278679283 ], [ 142.207019169998716, 27.042542558991954 ], [ 142.207111607714637, 27.04309569421099 ], [ 142.206284617241408, 27.044120081376718 ], [ 142.204538560106585, 27.04411919824247 ], [ 142.204019921981853, 27.04454461264379 ], [ 142.203540051831965, 27.044356495156194 ], [ 142.202632023449155, 27.044668468175303 ], [ 142.201622995804655, 27.044377134597141 ], [ 142.200478470005464, 27.045269531863482 ], [ 142.199253087060356, 27.045634278898888 ], [ 142.198344889604982, 27.045531305625332 ], [ 142.196309169832375, 27.044573559122512 ], [ 142.195719001430803, 27.044070359659429 ], [ 142.194582502980211, 27.041627134584644 ], [ 142.193710310782308, 27.041327135139227 ], [ 142.193645252926103, 27.042126919321902 ], [ 142.192806304167675, 27.042018053690299 ], [ 142.192748911233366, 27.042350360380851 ], [ 142.192131219080579, 27.042522774806287 ], [ 142.191984448823291, 27.042157441412826 ], [ 142.191735331220571, 27.042494161976038 ], [ 142.191150362699091, 27.042343973395703 ], [ 142.190233475994205, 27.043409161903355 ], [ 142.189954890306012, 27.043247161627278 ], [ 142.18978172494667, 27.043906747798246 ], [ 142.188366640807885, 27.044171919198789 ], [ 142.187701166775469, 27.044785026607769 ], [ 142.186991997382847, 27.044765945691893 ], [ 142.186209000844769, 27.043977748374459 ], [ 142.186327885823289, 27.042783224766083 ], [ 142.185928521184337, 27.041818252210646 ], [ 142.186358949306168, 27.040956440887101 ], [ 142.186176939114489, 27.04061982914186 ], [ 142.186575772254173, 27.040549360064972 ], [ 142.186225421566064, 27.039939134983172 ], [ 142.185744162862875, 27.040398999714114 ], [ 142.185605006266087, 27.041950000192401 ], [ 142.185154942346799, 27.042450918974794 ], [ 142.18528150483769, 27.043026666747323 ], [ 142.184696004816828, 27.043680107850776 ], [ 142.184444694667036, 27.04502989221578 ], [ 142.18400771678273, 27.045518467803106 ], [ 142.184447470874147, 27.045985802302994 ], [ 142.185072996121903, 27.045717279129178 ], [ 142.185316304104163, 27.045997747997717 ], [ 142.185863332926488, 27.046970918772956 ], [ 142.185911283878681, 27.047554162394704 ], [ 142.185600777653804, 27.047901531830291 ], [ 142.185835058241423, 27.048093748427789 ], [ 142.186352282631788, 27.04827663995502 ], [ 142.187747639242275, 27.047868720964743 ], [ 142.188943968689273, 27.048599829318732 ], [ 142.189788690195996, 27.050574801685798 ], [ 142.189562865933567, 27.051814359744981 ], [ 142.189089195709926, 27.052131892372984 ], [ 142.189248948580143, 27.052896891678245 ], [ 142.188710078407439, 27.053109973446567 ], [ 142.189549299660484, 27.05358613479234 ], [ 142.189265084216345, 27.054093495418556 ], [ 142.18953869035829, 27.054159198088598 ], [ 142.18938785966202, 27.054686333007908 ], [ 142.189712775724047, 27.054930495346127 ], [ 142.189501088804263, 27.055541359845904 ], [ 142.188860920794923, 27.05607446806232 ], [ 142.187649195853737, 27.056082332633594 ], [ 142.187206667353848, 27.054756586247493 ], [ 142.186216913080102, 27.05482261267349 ], [ 142.186245498930703, 27.05521772082119 ], [ 142.186803747694853, 27.055559332797031 ], [ 142.186466161084581, 27.055833973159395 ], [ 142.186838637793016, 27.055933386916308 ], [ 142.186498858635446, 27.05633513475874 ], [ 142.186699274352122, 27.056830748440348 ], [ 142.187472309099803, 27.0566534408037 ], [ 142.187982088002968, 27.057422828800554 ], [ 142.18766747097709, 27.058515026647228 ], [ 142.187947976717851, 27.058962612934295 ], [ 142.187245965928696, 27.061194613340774 ], [ 142.189679338930432, 27.061543640226887 ], [ 142.189641672625157, 27.061089414245146 ], [ 142.190167302079431, 27.061140332960065 ], [ 142.191032672020242, 27.060461693752188 ], [ 142.191087197915863, 27.060038224584446 ], [ 142.192306226251389, 27.05968227921386 ], [ 142.192253332625228, 27.059112666616329 ], [ 142.194207638571697, 27.059310162234226 ], [ 142.194832969565937, 27.060004359713503 ], [ 142.195295382975587, 27.061395135177406 ], [ 142.194153968830619, 27.061810198381977 ], [ 142.194854889641533, 27.062881945645302 ], [ 142.193563216769121, 27.063590080817619 ], [ 142.193666808776243, 27.064025531652987 ], [ 142.193084306195829, 27.064513721431126 ], [ 142.192356641346009, 27.064766081089829 ], [ 142.191641361959341, 27.063893441029506 ], [ 142.190955862722944, 27.064038972920287 ], [ 142.1913765502876, 27.065163108390777 ], [ 142.192591803269124, 27.066158252301534 ], [ 142.19314286555084, 27.066265440697578 ], [ 142.193329753665239, 27.066950413830568 ], [ 142.192928222559544, 27.067739468201921 ], [ 142.191126199714404, 27.068244945647791 ], [ 142.190171581952995, 27.068039802195187 ], [ 142.19005077782117, 27.067736693793449 ], [ 142.189695498848209, 27.068043162062338 ], [ 142.190252672023234, 27.068946252267779 ], [ 142.190000271895087, 27.069770640103002 ], [ 142.189318054284854, 27.070089892234762 ], [ 142.188744616870622, 27.069699667405757 ], [ 142.187941724630946, 27.069791999900929 ], [ 142.18778577229557, 27.070834333038079 ], [ 142.188039078940392, 27.071224360016231 ], [ 142.187188002824087, 27.071638774809685 ], [ 142.184925720445676, 27.070912225119173 ], [ 142.184371556402311, 27.07032482932749 ], [ 142.183737250173976, 27.070742747879535 ], [ 142.182537691261473, 27.07090161311902 ], [ 142.182497691215531, 27.071845494773811 ], [ 142.181706251842115, 27.072741892224599 ], [ 142.182482477384497, 27.073842468155419 ], [ 142.182316718841548, 27.074104332748789 ], [ 142.181836160710304, 27.07402608093895 ], [ 142.181788520923533, 27.074377775214202 ], [ 142.182452776374589, 27.074552919082009 ], [ 142.182848105755511, 27.07511199971907 ], [ 142.183901192985786, 27.075260279038673 ], [ 142.185342218068968, 27.073536999932628 ], [ 142.185707198028808, 27.07359625176565 ], [ 142.185803475849752, 27.07449916210669 ], [ 142.186505031581987, 27.072861494862138 ], [ 142.187201219260942, 27.072621224789771 ], [ 142.187223281429397, 27.072904495046487 ], [ 142.187831336447061, 27.072885999589232 ], [ 142.187891167443468, 27.073397053731071 ], [ 142.188131530146052, 27.072901747617607 ], [ 142.189216420101729, 27.07357841371288 ], [ 142.190358715582306, 27.073539586382878 ], [ 142.190397691300518, 27.073935666697707 ], [ 142.190858754827786, 27.073681333027139 ], [ 142.192125771886936, 27.075355162011192 ], [ 142.193844475242372, 27.0758745861433 ], [ 142.193907249719814, 27.075392134939136 ], [ 142.196082502905256, 27.074683586078663 ], [ 142.197484422767957, 27.074752467852136 ], [ 142.198551893754939, 27.075277197984349 ], [ 142.199823384941283, 27.074461693652268 ], [ 142.201021140713124, 27.074751973225034 ], [ 142.201181556383744, 27.074413999906199 ], [ 142.200873281376857, 27.073709161648537 ], [ 142.20202058428265, 27.072928694004077 ], [ 142.20312544728165, 27.072941558805951 ], [ 142.204878559597887, 27.074016495065223 ], [ 142.205273450109644, 27.074832135194924 ], [ 142.20579627817574, 27.074846694319547 ], [ 142.20583389142098, 27.076004828659961 ], [ 142.20510372195929, 27.076642224958789 ], [ 142.20490810592446, 27.077416721104839 ], [ 142.206330116641652, 27.077358694148472 ], [ 142.207201673018858, 27.078499000328634 ], [ 142.206948859202498, 27.078769225019755 ], [ 142.207193256263849, 27.079520891875688 ], [ 142.206827367089431, 27.07958830595561 ], [ 142.207192502631983, 27.079993586334979 ], [ 142.206798612166267, 27.080567387075291 ], [ 142.207355383344293, 27.081209919402284 ], [ 142.207039533347825, 27.081741107566131 ], [ 142.207205356641907, 27.082481053557842 ], [ 142.20741613524649, 27.082719748018008 ], [ 142.207995383180446, 27.082588467683706 ], [ 142.208357756005739, 27.083280666869314 ], [ 142.208213890558682, 27.084215027401626 ], [ 142.206951996937164, 27.085961386708675 ], [ 142.205910921052237, 27.086209414333041 ], [ 142.204005005826389, 27.084876666724824 ], [ 142.203737808253322, 27.0851179458366 ], [ 142.204129338897928, 27.085936279435771 ], [ 142.203741141140767, 27.086063278997187 ], [ 142.204172217673772, 27.086400414147818 ], [ 142.203997664660506, 27.086742027022979 ], [ 142.203533112663081, 27.086402053611948 ], [ 142.203528689797281, 27.08686058644696 ], [ 142.202784890210523, 27.08668174816421 ], [ 142.202745641997808, 27.087219666854196 ], [ 142.20209639443317, 27.087079162173666 ], [ 142.201918054374801, 27.087397134570153 ], [ 142.202202970390886, 27.088380613374682 ], [ 142.203332866018968, 27.089154747993291 ], [ 142.203739364080434, 27.089818441368038 ], [ 142.203231893736984, 27.091198864735873 ], [ 142.2036676386507, 27.091428666699642 ], [ 142.203746082915472, 27.093649332950406 ], [ 142.203123502048015, 27.095125107837532 ], [ 142.202490894639141, 27.095623252211396 ], [ 142.199520168620893, 27.095613332689197 ], [ 142.199215032248048, 27.096025251863921 ], [ 142.201332995921121, 27.095805080739922 ], [ 142.202306977884746, 27.097491748445464 ], [ 142.201630751558014, 27.097806108265331 ], [ 142.202334383824791, 27.097540278561041 ], [ 142.202572750032459, 27.097954748213112 ], [ 142.202858910710233, 27.097822946272004 ], [ 142.203342775648593, 27.098655026908034 ], [ 142.202960466652257, 27.098833964116182 ], [ 142.202811946314341, 27.098569162337014 ], [ 142.200597366675197, 27.099439802305085 ], [ 142.199950531991476, 27.098310162084374 ], [ 142.200085031898766, 27.098747972740796 ], [ 142.199757223616984, 27.098897467943857 ], [ 142.19823058397435, 27.098442559376679 ], [ 142.198906524316726, 27.097730747775813 ], [ 142.198351582359692, 27.09694538692014 ], [ 142.19863396858284, 27.09638033298603 ], [ 142.198074253923778, 27.096428694029044 ], [ 142.198150440890231, 27.096051585812063 ], [ 142.1961756681726, 27.094375027385638 ], [ 142.195344915835221, 27.094501829096203 ], [ 142.194602438251991, 27.09405110777243 ], [ 142.195217030441654, 27.093443279383905 ], [ 142.195740415188084, 27.093567640334413 ], [ 142.194563890611107, 27.09321430569571 ], [ 142.193780699819513, 27.093892667013051 ], [ 142.191860389145745, 27.092700108423344 ], [ 142.191086030595898, 27.090814332615423 ], [ 142.192302607379474, 27.090408694305836 ], [ 142.192237445201954, 27.090110586134699 ], [ 142.19344756215537, 27.089296694287043 ], [ 142.192551504648236, 27.089884494773685 ], [ 142.192237107956203, 27.089496558719247 ], [ 142.189742334641096, 27.089088360039852 ], [ 142.187757807876551, 27.08793166731266 ], [ 142.18656119334446, 27.087958162239431 ], [ 142.186152243731158, 27.088483027269945 ], [ 142.186534811732258, 27.090060748404881 ], [ 142.185978223116535, 27.091311279092281 ], [ 142.184506031128535, 27.0920464676704 ], [ 142.184084967647209, 27.092711054071913 ], [ 142.182577561805147, 27.093130828824769 ], [ 142.18187963663604, 27.094453558884709 ], [ 142.182023671155548, 27.095276864835512 ], [ 142.182731245150876, 27.096250999683946 ], [ 142.182872140137192, 27.097305026705669 ], [ 142.182254527124769, 27.098106224622597 ], [ 142.182282087748263, 27.098739892332219 ], [ 142.181613502061509, 27.100198134936022 ], [ 142.182979637000699, 27.103132000441519 ], [ 142.185928054436204, 27.104531162083504 ], [ 142.186318807167254, 27.105106747978084 ], [ 142.187340777854729, 27.105352892422104 ], [ 142.187116057060393, 27.105520080887061 ], [ 142.187953502152482, 27.105307586376057 ], [ 142.188498911295824, 27.104641559260585 ], [ 142.190105667942248, 27.104427748142086 ], [ 142.192258911119893, 27.105033694249641 ], [ 142.192629027107955, 27.105856494781449 ], [ 142.193296692788181, 27.105846198443373 ], [ 142.193289079127794, 27.105828251572575 ] ] ], [ [ [ 142.161284448618517, 27.106223892118976 ], [ 142.161524721388901, 27.105986386562563 ], [ 142.16085861243505, 27.106330828704813 ], [ 142.161247782359283, 27.106246946239651 ], [ 142.161284448618517, 27.106223892118976 ] ] ], [ [ [ 142.160482503364847, 27.106776387020716 ], [ 142.160946666855239, 27.106546666895213 ], [ 142.159998053867184, 27.106408612867256 ], [ 142.160464162591097, 27.106794440910789 ], [ 142.160482503364847, 27.106776387020716 ] ] ], [ [ [ 142.191666667083041, 27.1071061351401 ], [ 142.191969441836363, 27.107039441417157 ], [ 142.191772776292623, 27.106866107884628 ], [ 142.191646938655367, 27.107136107745248 ], [ 142.191666667083041, 27.1071061351401 ] ] ], [ [ [ 142.193554189374368, 27.106970892392837 ], [ 142.193374967980503, 27.106214252285952 ], [ 142.19222871638226, 27.106371972688464 ], [ 142.192880920917787, 27.10700586522853 ], [ 142.193302335134717, 27.106970162143341 ], [ 142.19347671907542, 27.107386468211018 ], [ 142.193992334578638, 27.107342252143269 ], [ 142.193566615307077, 27.106980197678013 ], [ 142.193554189374368, 27.106970892392837 ] ] ], [ [ [ 142.194111672815552, 27.107734999570653 ], [ 142.194090271648747, 27.107976107811169 ], [ 142.194134163061221, 27.107751666706122 ], [ 142.194111672815552, 27.107734999570653 ] ] ], [ [ [ 142.21527083018475, 27.108046945610113 ], [ 142.215075551395671, 27.10828694588588 ], [ 142.215283605953687, 27.108067774808035 ], [ 142.21527083018475, 27.108046945610113 ] ] ], [ [ [ 142.213967781787801, 27.108504440627485 ], [ 142.213423333120431, 27.108178054173891 ], [ 142.213890557903028, 27.108518891833455 ], [ 142.213967781787801, 27.108504440627485 ] ] ], [ [ [ 142.213899999885143, 27.109043891762269 ], [ 142.213717496865002, 27.108636107670293 ], [ 142.213846108910843, 27.109056386942768 ], [ 142.213899999885143, 27.109043891762269 ] ] ], [ [ [ 142.236383605918718, 27.112137494849549 ], [ 142.235868885240961, 27.111996667312383 ], [ 142.23637555069115, 27.112147774999869 ], [ 142.236383605918718, 27.112137494849549 ] ] ], [ [ [ 142.236755837112241, 27.112338612936696 ], [ 142.236614163313106, 27.112095829259147 ], [ 142.236481673390585, 27.112317225259801 ], [ 142.236738884891679, 27.112359999714272 ], [ 142.236755837112241, 27.112338612936696 ] ] ], [ [ [ 142.237353333189844, 27.112430829419282 ], [ 142.236968884706357, 27.112634721015638 ], [ 142.237339728245956, 27.11245444111961 ], [ 142.237353333189844, 27.112430829419282 ] ] ], [ [ [ 142.236264449344958, 27.113704162417207 ], [ 142.235748054129431, 27.11410361339108 ], [ 142.236278054288846, 27.113732494658962 ], [ 142.236264449344958, 27.113704162417207 ] ] ], [ [ [ 142.231748340013951, 27.114327774807009 ], [ 142.231793605590497, 27.114668332777399 ], [ 142.231809170157135, 27.114383054334553 ], [ 142.231748340013951, 27.114327774807009 ] ] ], [ [ [ 142.171912502559962, 27.114448891902896 ], [ 142.172131387653508, 27.114808054148455 ], [ 142.171933891136177, 27.114467774967864 ], [ 142.171912502559962, 27.114448891902896 ] ] ], [ [ [ 142.230154163084194, 27.114838613111544 ], [ 142.229930829943896, 27.114974999796459 ], [ 142.230155279142878, 27.114859161720972 ], [ 142.230154163084194, 27.114838613111544 ] ] ], [ [ [ 142.229768885425756, 27.115073332568272 ], [ 142.229441945889107, 27.115053891923651 ], [ 142.229756108757442, 27.115088053570844 ], [ 142.229768885425756, 27.115073332568272 ] ] ], [ [ [ 142.172408340172865, 27.115597225431657 ], [ 142.172052502720931, 27.115042225018726 ], [ 142.171623606144522, 27.115006666724355 ], [ 142.172165006110163, 27.1157033328426 ], [ 142.172402217588342, 27.115635279344701 ], [ 142.172408340172865, 27.115597225431657 ] ] ], [ [ [ 142.187954163154131, 27.115680829107021 ], [ 142.18797583681544, 27.115948613038086 ], [ 142.187997496987009, 27.115700829129992 ], [ 142.187954163154131, 27.115680829107021 ] ] ], [ [ [ 142.227722218205827, 27.115995000069233 ], [ 142.227496108858418, 27.11606582887498 ], [ 142.22775221779068, 27.116011945994558 ], [ 142.227722218205827, 27.115995000069233 ] ] ], [ [ [ 142.173714720557996, 27.116236108309806 ], [ 142.173458611625733, 27.116571666948914 ], [ 142.173737781873228, 27.11625833325553 ], [ 142.173714720557996, 27.116236108309806 ] ] ], [ [ [ 142.171960557833586, 27.116884999742979 ], [ 142.171984163238562, 27.117187494807069 ], [ 142.171977496564296, 27.116888613218975 ], [ 142.171960557833586, 27.116884999742979 ] ] ], [ [ [ 142.171831945787744, 27.117320000018026 ], [ 142.171809728036578, 27.117723891844207 ], [ 142.171855278698217, 27.11734222496375 ], [ 142.171831945787744, 27.117320000018026 ] ] ], [ [ [ 142.185672217998558, 27.118748054179434 ], [ 142.185841672755032, 27.118097224707185 ], [ 142.187390000448204, 27.117485828708084 ], [ 142.188420830357131, 27.116080000391776 ], [ 142.187685005958315, 27.115832774962655 ], [ 142.186458053696242, 27.116561946176944 ], [ 142.186089999853721, 27.116363332701667 ], [ 142.185201946312873, 27.117612494620971 ], [ 142.184825278763697, 27.117379721297141 ], [ 142.184658611905434, 27.118029162216089 ], [ 142.184188340219748, 27.118115559185753 ], [ 142.1849333332068, 27.118363891680303 ], [ 142.185096938772745, 27.118758333430378 ], [ 142.185648885088085, 27.118787225050426 ], [ 142.185672217998558, 27.118748054179434 ] ] ], [ [ [ 142.227267496697664, 27.119208332598532 ], [ 142.227426666807332, 27.118721107792965 ], [ 142.227086938911157, 27.118939440702661 ], [ 142.227236667038596, 27.119205828885924 ], [ 142.227267496697664, 27.119208332598532 ] ] ], [ [ [ 142.171251115046971, 27.119477495190324 ], [ 142.171052218285354, 27.119519161680046 ], [ 142.171303890861964, 27.120025559132273 ], [ 142.171505551240216, 27.11970777469412 ], [ 142.171273606192017, 27.119519161680046 ], [ 142.171251115046971, 27.119477495190324 ] ] ], [ [ [ 142.186498884715775, 27.12014861336786 ], [ 142.186655551112835, 27.119961666797508 ], [ 142.186460272323757, 27.120154720663891 ], [ 142.186498884715775, 27.12014861336786 ] ] ], [ [ [ 142.162723890894881, 27.120138612906715 ], [ 142.162931672958393, 27.119958333010686 ], [ 142.162691946076507, 27.120157495072363 ], [ 142.162723890894881, 27.120138612906715 ] ] ], [ [ [ 142.18707666675482, 27.120505828581202 ], [ 142.187198612126281, 27.120292225206072 ], [ 142.186785836796957, 27.120568333262042 ], [ 142.18706500614519, 27.120519440719647 ], [ 142.18707666675482, 27.120505828581202 ] ] ], [ [ [ 142.162440000106017, 27.120247224929528 ], [ 142.162177223599997, 27.120058333125598 ], [ 142.161675979263123, 27.120404775360157 ], [ 142.162085006218149, 27.120637494724633 ], [ 142.162445279126359, 27.120288612629395 ], [ 142.162440000106017, 27.120247224929528 ] ] ], [ [ [ 142.166275278581338, 27.120622494932263 ], [ 142.166546938590386, 27.120525279118397 ], [ 142.165911672785569, 27.120936666793796 ], [ 142.166261672738074, 27.120704999636075 ], [ 142.166275278581338, 27.120622494932263 ] ] ], [ [ [ 142.228878884852747, 27.121319161949828 ], [ 142.228687497430087, 27.121445279276259 ], [ 142.228897223827857, 27.121350828877723 ], [ 142.228878884852747, 27.121319161949828 ] ] ], [ [ [ 142.16841778205503, 27.12156916178742 ], [ 142.169279999872174, 27.121070558759357 ], [ 142.169186938926146, 27.1207011082696 ], [ 142.169859442059646, 27.119372494844811 ], [ 142.170363890681074, 27.119152494592015 ], [ 142.170862217617355, 27.117279161803935 ], [ 142.171665551424098, 27.116503612551753 ], [ 142.172207223884357, 27.116718054094974 ], [ 142.172157496771092, 27.11610777505382 ], [ 142.1713322177078, 27.116350279042194 ], [ 142.171226393583311, 27.11603277519248 ], [ 142.170746938920161, 27.115985279297263 ], [ 142.170438611752616, 27.114944721421807 ], [ 142.169965278774612, 27.115685829337622 ], [ 142.169504720666396, 27.114756945676561 ], [ 142.169087497290207, 27.114926666632414 ], [ 142.168947497129352, 27.114623053711 ], [ 142.168374449121643, 27.114581387221278 ], [ 142.167642775993386, 27.115176107991033 ], [ 142.166995279408638, 27.115031107599577 ], [ 142.166397497346679, 27.114330559108055 ], [ 142.166500271870063, 27.11376638740893 ], [ 142.165644163147704, 27.11290138708938 ], [ 142.165148884913151, 27.11318277506507 ], [ 142.164753605894248, 27.11291277520445 ], [ 142.161640000085981, 27.113106386650486 ], [ 142.161998054366791, 27.113834720595946 ], [ 142.161450271912599, 27.114022775130991 ], [ 142.161864163300606, 27.115067225272298 ], [ 142.165306938964136, 27.115531666653169 ], [ 142.165103605846753, 27.116131946132441 ], [ 142.165775837385013, 27.116969161897373 ], [ 142.165680000231873, 27.117360829238919 ], [ 142.164778339948498, 27.117677494920486 ], [ 142.165629728129488, 27.117752494781882 ], [ 142.164863890656079, 27.11887499978144 ], [ 142.164825550758678, 27.119431386948975 ], [ 142.164468885031056, 27.11936277497216 ], [ 142.163831673093341, 27.120080279281524 ], [ 142.163241115285359, 27.121469999840656 ], [ 142.164414449067635, 27.121177224649273 ], [ 142.165162218261798, 27.121363612740595 ], [ 142.165993606419875, 27.12044555871563 ], [ 142.166615550567258, 27.120277495210303 ], [ 142.168375550791097, 27.121598891575616 ], [ 142.16841778205503, 27.12156916178742 ] ] ], [ [ [ 142.228076108625601, 27.120992774596914 ], [ 142.227630272419219, 27.12100777528866 ], [ 142.227743605882779, 27.121628892059789 ], [ 142.228102217743185, 27.121004440602519 ], [ 142.228076108625601, 27.120992774596914 ] ] ], [ [ [ 142.228575836705545, 27.12146527929923 ], [ 142.228652217925628, 27.121730829314345 ], [ 142.22859639430817, 27.121486666976125 ], [ 142.228575836705545, 27.12146527929923 ] ] ], [ [ [ 142.168354720693856, 27.121959161785924 ], [ 142.168224449398849, 27.122209721001866 ], [ 142.168386938906224, 27.121980278766898 ], [ 142.168354720693856, 27.121959161785924 ] ] ], [ [ [ 142.19911333331379, 27.122217494741619 ], [ 142.198867782422326, 27.122351667295675 ], [ 142.199132775757107, 27.122252494557017 ], [ 142.19911333331379, 27.122217494741619 ] ] ], [ [ [ 142.188578340318259, 27.126630000374291 ], [ 142.188919728362862, 27.126358333170572 ], [ 142.188437496593224, 27.126474162252862 ], [ 142.18855610907724, 27.126651666840985 ], [ 142.188578340318259, 27.126630000374291 ] ] ], [ [ [ 142.179494449309459, 27.126678053849162 ], [ 142.179684720673436, 27.126405559269188 ], [ 142.179368611672203, 27.126215000122215 ], [ 142.179257224341541, 27.126683332869561 ], [ 142.179477497088897, 27.126700829179981 ], [ 142.179494449309459, 27.126678053849162 ] ] ], [ [ [ 142.187015005638045, 27.126656667071586 ], [ 142.186771388289003, 27.126941666724576 ], [ 142.18704055807541, 27.126672495139587 ], [ 142.187015005638045, 27.126656667071586 ] ] ], [ [ [ 142.176215279211874, 27.127090829178485 ], [ 142.17788500638801, 27.126510829411302 ], [ 142.17880555063573, 27.125635828630664 ], [ 142.176160558163247, 27.127115279046961 ], [ 142.176215279211874, 27.127090829178485 ] ] ], [ [ [ 142.183180829731555, 27.127563612670656 ], [ 142.183035278955003, 27.127711386571264 ], [ 142.183198885420325, 27.127585558826524 ], [ 142.183180829731555, 27.127563612670656 ] ] ], [ [ [ 142.182205005956348, 27.127777775424022 ], [ 142.182984163288552, 27.127396387333476 ], [ 142.182122503051119, 27.127388892383522 ], [ 142.182153891189159, 27.127786667021098 ], [ 142.182205005956348, 27.127777775424022 ] ] ], [ [ [ 142.179047782129487, 27.129402495129114 ], [ 142.179781387900789, 27.129077224734203 ], [ 142.179523891314602, 27.128408053588828 ], [ 142.179755551277708, 27.127870000000541 ], [ 142.181033890801473, 27.127338053708286 ], [ 142.181917782279925, 27.127396387333476 ], [ 142.182028612030877, 27.126993892154474 ], [ 142.179827223647521, 27.126904999566136 ], [ 142.178359441934731, 27.1278247209342 ], [ 142.178529170085199, 27.127958891689559 ], [ 142.177305836695041, 27.128063892035016 ], [ 142.176767782207435, 27.128533332747168 ], [ 142.176946938850165, 27.128986946290581 ], [ 142.178936667293442, 27.129408332628486 ], [ 142.179047782129487, 27.129402495129114 ] ] ], [ [ [ 142.219765836923898, 27.130639161867862 ], [ 142.220241946109013, 27.130475828796534 ], [ 142.220525836897878, 27.129800829144983 ], [ 142.219862503251989, 27.129788054275309 ], [ 142.219318884658833, 27.130170559323915 ], [ 142.219331115438649, 27.130542494640451 ], [ 142.219741946433714, 27.130658613304433 ], [ 142.219765836923898, 27.130639161867862 ] ] ], [ [ [ 142.205631388377924, 27.135105829170755 ], [ 142.205385005613607, 27.135327225171352 ], [ 142.205556108827409, 27.135667775047807 ], [ 142.205658054175956, 27.135117225379702 ], [ 142.205631388377924, 27.135105829170755 ] ] ], [ [ [ 142.199750271857624, 27.136342495010183 ], [ 142.200370271670749, 27.13565861275481 ], [ 142.200177781679372, 27.135160829009124 ], [ 142.199362217992075, 27.135572494575001 ], [ 142.199671946303397, 27.136326107563889 ], [ 142.199750271857624, 27.136342495010183 ] ] ], [ [ [ 142.187070557660149, 27.137789162439958 ], [ 142.186799727725315, 27.137654161610328 ], [ 142.187054449003654, 27.137811107696507 ], [ 142.187070557660149, 27.137789162439958 ] ] ], [ [ [ 142.188932218147443, 27.139126666562447 ], [ 142.189155837272097, 27.139034162296809 ], [ 142.189001387703911, 27.138668333376927 ], [ 142.188450829941871, 27.138443612582705 ], [ 142.188370272270276, 27.138962224626994 ], [ 142.188884721352906, 27.139132495068623 ], [ 142.188932218147443, 27.139126666562447 ] ] ], [ [ [ 142.189861387792917, 27.142622774721303 ], [ 142.189982775584667, 27.142438053973081 ], [ 142.18953805363833, 27.142367494963992 ], [ 142.189822502906281, 27.14263055925295 ], [ 142.189861387792917, 27.142622774721303 ] ] ], [ [ [ 142.194581115326287, 27.144077494680687 ], [ 142.194731946022557, 27.143821107857889 ], [ 142.194411114681316, 27.143839441437137 ], [ 142.194568612051853, 27.144089720963905 ], [ 142.194581115326287, 27.144077494680687 ] ] ], [ [ [ 142.191666667083041, 27.144172919045047 ], [ 142.192213060984045, 27.144058332825864 ], [ 142.192208885431796, 27.142951666686145 ], [ 142.192593606409901, 27.143008054178381 ], [ 142.193062503032138, 27.143675558879977 ], [ 142.194074162992251, 27.143601945773241 ], [ 142.193600272434651, 27.141932494688945 ], [ 142.193912217574848, 27.141682225054694 ], [ 142.193863333126387, 27.140688892378535 ], [ 142.194392218126382, 27.140124720679353 ], [ 142.196094721094596, 27.140255829243188 ], [ 142.195639170411482, 27.13987472084176 ], [ 142.196009170387015, 27.139683613108332 ], [ 142.19565444899365, 27.138847224719711 ], [ 142.194575837205207, 27.137841666659654 ], [ 142.197014721252458, 27.136210559070093 ], [ 142.196806939188946, 27.135543612847528 ], [ 142.197497782196933, 27.135005278670747 ], [ 142.197610829676137, 27.135256667061583 ], [ 142.198347496739643, 27.134743054348519 ], [ 142.19958833992996, 27.134761946406741 ], [ 142.200343333378214, 27.133499720935447 ], [ 142.20012639441768, 27.132577494955456 ], [ 142.200929999819664, 27.133072224603552 ], [ 142.201465005605542, 27.132782495415881 ], [ 142.201712502629903, 27.133236108059975 ], [ 142.202739728056031, 27.133173332683214 ], [ 142.203610557781076, 27.134551945715771 ], [ 142.205077781914156, 27.13380861287726 ], [ 142.204768884576424, 27.134310000206369 ], [ 142.204992217716722, 27.134878612757802 ], [ 142.20546888538081, 27.134321107733001 ], [ 142.205670829944893, 27.134662494878285 ], [ 142.206884162873848, 27.134058612714853 ], [ 142.206914720937675, 27.132856387312472 ], [ 142.205814448977662, 27.133020558552005 ], [ 142.206257497285719, 27.132520279187588 ], [ 142.206129170324971, 27.132083053989788 ], [ 142.204818340094334, 27.130938054247849 ], [ 142.205087223896385, 27.130551387136848 ], [ 142.204851945960627, 27.129947774770017 ], [ 142.205090271698737, 27.127814721372317 ], [ 142.205848339929048, 27.129048612803274 ], [ 142.208868053817696, 27.129274161873127 ], [ 142.209405836710062, 27.129719441399175 ], [ 142.209619727868244, 27.129509161918349 ], [ 142.209934449215552, 27.130404161822639 ], [ 142.210295278804097, 27.130505278895555 ], [ 142.210555005709011, 27.130117225029949 ], [ 142.211358885404252, 27.130831667147788 ], [ 142.211951946025579, 27.130637775113257 ], [ 142.213782775954428, 27.131260829024086 ], [ 142.215363061056451, 27.13241138657628 ], [ 142.216123891104758, 27.132300558623911 ], [ 142.2164569388367, 27.13254110838551 ], [ 142.21664944231793, 27.133603892106009 ], [ 142.219638611632718, 27.132662774967116 ], [ 142.219598884980655, 27.1317786127928 ], [ 142.219015551426651, 27.131536946073254 ], [ 142.219382217615362, 27.131061387273235 ], [ 142.219223332590786, 27.13044138656079 ], [ 142.218874721191469, 27.13044138656079 ], [ 142.218666939127957, 27.129658333365455 ], [ 142.217795836908408, 27.129122775395842 ], [ 142.218349169978296, 27.128611667294649 ], [ 142.219040000395808, 27.128890279063171 ], [ 142.219660271804173, 27.12827694592437 ], [ 142.220112775584198, 27.128326108263309 ], [ 142.220461387882779, 27.126906666909179 ], [ 142.221451387671436, 27.127618613408345 ], [ 142.221598053607408, 27.127268892245638 ], [ 142.22121917012862, 27.127224999933844 ], [ 142.221683606113629, 27.126880829386835 ], [ 142.221634720765792, 27.126457225320735 ], [ 142.222530271954497, 27.126317774645656 ], [ 142.223294449279479, 27.125479162233603 ], [ 142.223050000057469, 27.124648332554557 ], [ 142.22394861163923, 27.123650828822747 ], [ 142.22352999970974, 27.12356610818938 ], [ 142.223829441575504, 27.123106945828965 ], [ 142.224199441551036, 27.123044441148068 ], [ 142.224730830263638, 27.123504721365862 ], [ 142.225291946066477, 27.123352494921733 ], [ 142.225430557674144, 27.124039162377471 ], [ 142.22575693873182, 27.124201386584787 ], [ 142.226495006039727, 27.124118891773492 ], [ 142.226834448850809, 27.123725558887486 ], [ 142.226561115203367, 27.12243777468359 ], [ 142.227269727915655, 27.121640828761315 ], [ 142.226976394245298, 27.121288612879255 ], [ 142.226172217773751, 27.121318053985078 ], [ 142.225817782364857, 27.120396107694262 ], [ 142.226314449152596, 27.119673891836669 ], [ 142.227022503385911, 27.119977494865566 ], [ 142.227605550955445, 27.11954138662577 ], [ 142.226545836621085, 27.119385278707682 ], [ 142.227296108628593, 27.118201666573725 ], [ 142.226924163419426, 27.118001386654726 ], [ 142.226674162682571, 27.117043332583762 ], [ 142.225844720657392, 27.116781387051446 ], [ 142.226025836922872, 27.11621582859766 ], [ 142.227108611673202, 27.116192494787867 ], [ 142.227348611948969, 27.11518389162336 ], [ 142.229056938926647, 27.114857224581328 ], [ 142.229020557752619, 27.11435972142408 ], [ 142.230136109194177, 27.114743892017032 ], [ 142.230043890912953, 27.114356667326376 ], [ 142.231031115393762, 27.114423054380495 ], [ 142.231261672788037, 27.113937225322729 ], [ 142.232209442212024, 27.114490829088538 ], [ 142.232492502926789, 27.114390559177025 ], [ 142.232326108563143, 27.113931108134182 ], [ 142.232561114903547, 27.113780558925725 ], [ 142.234001388153615, 27.114402225182573 ], [ 142.235657224401393, 27.113970000215375 ], [ 142.236060271764245, 27.112483332739657 ], [ 142.235633606405827, 27.112021108187662 ], [ 142.236126939406745, 27.111863332926532 ], [ 142.2358725032135, 27.111765278944517 ], [ 142.236083890659074, 27.111593612755087 ], [ 142.234940829855532, 27.110406666834251 ], [ 142.235700272249801, 27.110161667227203 ], [ 142.235661114868662, 27.109695829199211 ], [ 142.23434527901145, 27.110118891873412 ], [ 142.233884449307993, 27.109100279254562 ], [ 142.232968053632817, 27.108950278632506 ], [ 142.231732776346576, 27.109151667415574 ], [ 142.230765006000297, 27.110311387260765 ], [ 142.229807782003604, 27.109788332565529 ], [ 142.227590829952874, 27.11054444117309 ], [ 142.2270566668318, 27.110161386638708 ], [ 142.227151946405229, 27.110612775259426 ], [ 142.226038340197306, 27.11113777518824 ], [ 142.225181387910766, 27.110562225266506 ], [ 142.225297781767267, 27.110358892149179 ], [ 142.22421221821935, 27.110482225174621 ], [ 142.223936939338387, 27.110793333045933 ], [ 142.222990830062827, 27.110578612712857 ], [ 142.222791945891686, 27.110119721048363 ], [ 142.22036778194763, 27.110815828687578 ], [ 142.219735006365568, 27.110266108194367 ], [ 142.219977781949183, 27.108812224604549 ], [ 142.219009728316337, 27.108764440926279 ], [ 142.218843333053428, 27.109115829432028 ], [ 142.218409727626863, 27.108884162274308 ], [ 142.217970829690103, 27.109191386873078 ], [ 142.217528884850253, 27.108609720662116 ], [ 142.21680944160255, 27.108416945585645 ], [ 142.21579221843615, 27.109098891600638 ], [ 142.215110272421157, 27.108971945998576 ], [ 142.212293605665423, 27.109643891552423 ], [ 142.211112217554842, 27.109625279183319 ], [ 142.209951114552382, 27.108860558667914 ], [ 142.209026938842271, 27.108744720592426 ], [ 142.208069728335317, 27.109031386689196 ], [ 142.207745279021424, 27.109516945950361 ], [ 142.20694749672964, 27.109501107989786 ], [ 142.206744448697464, 27.109143613087326 ], [ 142.205550272227356, 27.109785279367202 ], [ 142.205209441762349, 27.109504720566463 ], [ 142.204458884669862, 27.110381108101706 ], [ 142.200770272130399, 27.109798333026674 ], [ 142.200723891394546, 27.110502225197592 ], [ 142.200353061344799, 27.110799999720257 ], [ 142.200584721307905, 27.111270828985596 ], [ 142.201648053614804, 27.11181138718581 ], [ 142.202583333254324, 27.111722224800872 ], [ 142.202736109184116, 27.112090559232001 ], [ 142.202675836620642, 27.11249110827805 ], [ 142.202158053751191, 27.112478333408433 ], [ 142.201983332564851, 27.112868613096055 ], [ 142.202697781877191, 27.113388333105149 ], [ 142.202250558016885, 27.11391638713161 ], [ 142.201369727830752, 27.11420194616295 ], [ 142.202188054235421, 27.114797225411678 ], [ 142.202688339895076, 27.11424027886585 ], [ 142.203085279062407, 27.11424027886585 ], [ 142.20331834016929, 27.114849720638176 ], [ 142.20361138785529, 27.114642224559077 ], [ 142.204077496579316, 27.114942494700415 ], [ 142.203981946309796, 27.115347495390665 ], [ 142.205501115284278, 27.115830279343982 ], [ 142.206374162737461, 27.11706694608273 ], [ 142.206040272340715, 27.118448892002789 ], [ 142.205618054130014, 27.118663332646747 ], [ 142.205015550627195, 27.118397775437018 ], [ 142.203204720721374, 27.119553054429957 ], [ 142.202356667226468, 27.119506667398809 ], [ 142.2019477823643, 27.119933613345609 ], [ 142.202323891434503, 27.120939999681298 ], [ 142.202111115435741, 27.121332495298475 ], [ 142.201650558226788, 27.121184162019517 ], [ 142.201646666860256, 27.121676108265831 ], [ 142.201225551218272, 27.12203166692791 ], [ 142.199649727652854, 27.122306667019132 ], [ 142.197572775763092, 27.123456107613322 ], [ 142.196589727733794, 27.1231983331366 ], [ 142.195882776069311, 27.123374162287803 ], [ 142.194852502840831, 27.122960000203875 ], [ 142.193140830385119, 27.123250558566497 ], [ 142.192214162653499, 27.122023332910544 ], [ 142.190716667340439, 27.121346108336297 ], [ 142.191139169736971, 27.121125000118695 ], [ 142.19002333321032, 27.121046667369853 ], [ 142.190352503065583, 27.120644720777307 ], [ 142.187124448634449, 27.121533613385623 ], [ 142.18713055772912, 27.121994161601322 ], [ 142.187809169957291, 27.121662225431407 ], [ 142.188062776076322, 27.122651387051917 ], [ 142.188915551011974, 27.122913891962583 ], [ 142.189092775910922, 27.12270055928343 ], [ 142.190199169556081, 27.123247224779675 ], [ 142.190809728286354, 27.124925829163715 ], [ 142.189755837062307, 27.126165558993421 ], [ 142.188288612029851, 27.126808891717019 ], [ 142.18875944219451, 27.127403332797599 ], [ 142.188218339904552, 27.129419720743556 ], [ 142.187362502777319, 27.130372225098142 ], [ 142.186851945960598, 27.130200000429738 ], [ 142.186760271769231, 27.130436387229565 ], [ 142.18740834032269, 27.130909161728482 ], [ 142.187851672816464, 27.130331108094197 ], [ 142.18837111493508, 27.130344721132019 ], [ 142.189893061016051, 27.131857495027418 ], [ 142.193148339724189, 27.133614162363756 ], [ 142.192858339840541, 27.134082495111102 ], [ 142.192017497109873, 27.133969441336717 ], [ 142.191235005990848, 27.134860558867729 ], [ 142.191054720698844, 27.135340000041026 ], [ 142.191335837079237, 27.135916387231532 ], [ 142.190201945763306, 27.136006666574474 ], [ 142.190015551376632, 27.136747225004456 ], [ 142.189175006321534, 27.136651666641171 ], [ 142.188991388142085, 27.136922224980765 ], [ 142.189911388299947, 27.139475559449579 ], [ 142.190861945622373, 27.139899161716983 ], [ 142.190868053817667, 27.140945828687109 ], [ 142.191314163417928, 27.141074161943095 ], [ 142.191360000064037, 27.142128892234666 ], [ 142.190436938613857, 27.143716666890725 ], [ 142.191665837008827, 27.144173053943348 ], [ 142.191666667083041, 27.144172919045047 ] ] ], [ [ [ 142.195578611863539, 27.144451666611189 ], [ 142.19574306099355, 27.143655828653607 ], [ 142.195072775588187, 27.143523333335224 ], [ 142.194985837226682, 27.144145828767023 ], [ 142.195540830444997, 27.14447694565456 ], [ 142.195578611863539, 27.144451666611189 ] ] ], [ [ [ 142.184702503317908, 27.144684721422834 ], [ 142.18455583738205, 27.144832775012617 ], [ 142.184756394292208, 27.144695828949409 ], [ 142.184702503317908, 27.144684721422834 ] ] ], [ [ [ 142.184441672944899, 27.152792775166517 ], [ 142.18437749732368, 27.152477775029354 ], [ 142.184409442142055, 27.152814440733891 ], [ 142.184441672944899, 27.152792775166517 ] ] ], [ [ [ 142.184851946360254, 27.155807225323258 ], [ 142.184716666740883, 27.156057774646627 ], [ 142.184866108883853, 27.155841666659626 ], [ 142.184851946360254, 27.155807225323258 ] ] ], [ [ [ 142.200664721399789, 27.161140559389366 ], [ 142.200481114911554, 27.160918891793472 ], [ 142.200635836974357, 27.161149720783044 ], [ 142.200664721399789, 27.161140559389366 ] ] ], [ [ [ 142.200176939014568, 27.161339440862548 ], [ 142.199702218382754, 27.161527775086824 ], [ 142.200073061022977, 27.161748332919274 ], [ 142.200201387983725, 27.161378332943741 ], [ 142.200176939014568, 27.161339440862548 ] ] ], [ [ [ 142.201508611932923, 27.161916667120522 ], [ 142.201693606075082, 27.162620829088041 ], [ 142.201538053938066, 27.161945279051452 ], [ 142.201508611932923, 27.161916667120522 ] ] ], [ [ [ 142.20126472119, 27.162772495254501 ], [ 142.201080000441721, 27.162246107671763 ], [ 142.200946393561253, 27.162545278841606 ], [ 142.201231115323822, 27.162801386874548 ], [ 142.20126472119, 27.162772495254501 ] ] ], [ [ [ 142.201728053706802, 27.163060000418739 ], [ 142.202013606442847, 27.162893892039563 ], [ 142.201893332911027, 27.162628054241338 ], [ 142.201434163355998, 27.16276805440225 ], [ 142.201699170180632, 27.163084720983136 ], [ 142.201728053706802, 27.163060000418739 ] ] ], [ [ [ 142.200900557814521, 27.163257774826491 ], [ 142.200821672881943, 27.163509162318064 ], [ 142.200920000257838, 27.16327500044099 ], [ 142.200900557814521, 27.163257774826491 ] ] ], [ [ [ 142.202270829635154, 27.163287224925568 ], [ 142.20201306055435, 27.163454161580319 ], [ 142.202428339596281, 27.163775829291126 ], [ 142.202303606326382, 27.163311946389285 ], [ 142.202270829635154, 27.163287224925568 ] ] ], [ [ [ 142.202672502833821, 27.166946107676779 ], [ 142.202625279433164, 27.167210829416319 ], [ 142.202699999605329, 27.166958054270822 ], [ 142.202672502833821, 27.166946107676779 ] ] ], [ [ [ 142.196269169786433, 27.173807495119831 ], [ 142.196055837107224, 27.173844162278328 ], [ 142.196279441842876, 27.173828333311008 ], [ 142.196269169786433, 27.173807495119831 ] ] ], [ [ [ 142.195402503023161, 27.175498892360054 ], [ 142.195216938710814, 27.175602495159069 ], [ 142.195415278792098, 27.175513892152424 ], [ 142.195402503023161, 27.175498892360054 ] ] ], [ [ [ 142.195383890654057, 27.177447775394569 ], [ 142.194942503393918, 27.177707225308268 ], [ 142.195403060602871, 27.177474162402746 ], [ 142.195383890654057, 27.177447775394569 ] ] ], [ [ [ 142.185314162818372, 27.178304440797376 ], [ 142.185401388063724, 27.178581946399731 ], [ 142.1853461094355, 27.178321386722644 ], [ 142.185314162818372, 27.178304440797376 ] ] ], [ [ [ 142.19559333286611, 27.178673892186453 ], [ 142.195846667389901, 27.178196945732509 ], [ 142.195373891092231, 27.178576386790894 ], [ 142.195561673132829, 27.178716108161893 ], [ 142.19559333286611, 27.178673892186453 ] ] ], [ [ [ 142.19646138818257, 27.179064161981557 ], [ 142.196531115318749, 27.178828332761384 ], [ 142.195693061385782, 27.179153613048868 ], [ 142.19602944200517, 27.179387225440166 ], [ 142.196457496816038, 27.179093612979898 ], [ 142.19646138818257, 27.179064161981557 ] ] ], [ [ [ 142.18649610940804, 27.18444082898111 ], [ 142.18631055768617, 27.183795279428637 ], [ 142.185691114553379, 27.184247775114784 ], [ 142.186440272300842, 27.184445829211711 ], [ 142.18649610940804, 27.18444082898111 ] ] ], [ [ [ 142.189216108936307, 27.190032225306993 ], [ 142.189631673063332, 27.188930559397875 ], [ 142.188949170368005, 27.188260828874206 ], [ 142.188846108960774, 27.187481945835202 ], [ 142.189377224279497, 27.186906946298564 ], [ 142.19199944232048, 27.185717225069936 ], [ 142.192630000174404, 27.184843054363512 ], [ 142.193103890732004, 27.185354720943678 ], [ 142.194427224237074, 27.184831667147762 ], [ 142.19541306106396, 27.185325558627653 ], [ 142.195715005742954, 27.185057774696588 ], [ 142.195808340082863, 27.184611945684821 ], [ 142.194755006438413, 27.183488892098751 ], [ 142.194584720708349, 27.182783332584791 ], [ 142.195391945881624, 27.183392775256436 ], [ 142.195931673108248, 27.183144162173392 ], [ 142.196525837197669, 27.18332861312507 ], [ 142.197263605930743, 27.182507225428139 ], [ 142.198853333014995, 27.182862775097021 ], [ 142.199351114962042, 27.18374972067312 ], [ 142.199781672586141, 27.183650829422277 ], [ 142.20008389065913, 27.182831386958981 ], [ 142.199920271603332, 27.181373891691806 ], [ 142.199124448934185, 27.18082889174002 ], [ 142.198467224382966, 27.180978612672902 ], [ 142.198145006287064, 27.180453054265115 ], [ 142.197014448757841, 27.180698332661962 ], [ 142.197613605883248, 27.180322495187056 ], [ 142.197857781711377, 27.179456946281107 ], [ 142.19678527901749, 27.180089720963906 ], [ 142.196699728309909, 27.179461666822533 ], [ 142.195637781858181, 27.17969749514333 ], [ 142.194805279440175, 27.177739721411058 ], [ 142.194829169930358, 27.176696107639316 ], [ 142.194511945769705, 27.176446107801667 ], [ 142.195176667069632, 27.175063892085007 ], [ 142.195574448901766, 27.17501666688571 ], [ 142.195023061065513, 27.174130829274418 ], [ 142.195116109420951, 27.173288053900592 ], [ 142.196403060852617, 27.172746386836309 ], [ 142.197608885341879, 27.171048054024538 ], [ 142.19807221785868, 27.171001945783246 ], [ 142.197787782080582, 27.170164441335942 ], [ 142.198273605742429, 27.168565828949909 ], [ 142.198948054109451, 27.168487224605769 ], [ 142.199960830128248, 27.169339441062391 ], [ 142.200711114726232, 27.169376666699861 ], [ 142.201176939264428, 27.1689986132954 ], [ 142.201818885233479, 27.169536666883744 ], [ 142.202166394063852, 27.169178612602934 ], [ 142.20153972757646, 27.168315278727164 ], [ 142.201340829915466, 27.16735972117425 ], [ 142.201436393674726, 27.166883612888455 ], [ 142.202073605612441, 27.166424440635467 ], [ 142.200816938850721, 27.166225278573791 ], [ 142.199955837092261, 27.165486945965824 ], [ 142.200109728181474, 27.164417494671682 ], [ 142.200696108638567, 27.164057225360693 ], [ 142.200578053734262, 27.163063612995415 ], [ 142.200331115188874, 27.162633612950913 ], [ 142.199433891261151, 27.162230278704442 ], [ 142.198973605647438, 27.161011387065912 ], [ 142.19805944208963, 27.160898612980645 ], [ 142.197460558358102, 27.159600829214924 ], [ 142.197832502667893, 27.159189161850406 ], [ 142.198457782400851, 27.159197225171852 ], [ 142.19845555118286, 27.158551108147151 ], [ 142.199223332990528, 27.158661386613744 ], [ 142.199394448794806, 27.158162774592427 ], [ 142.197410557851072, 27.156933892385268 ], [ 142.197553890899371, 27.155898332941774 ], [ 142.196778339848606, 27.155317495006443 ], [ 142.196876667224501, 27.155110278616519 ], [ 142.196297496632269, 27.155020278962752 ], [ 142.196236938983589, 27.154540828796257 ], [ 142.194547496869518, 27.153297224687208 ], [ 142.193928053736727, 27.15328582937758 ], [ 142.193173061187849, 27.152548612828298 ], [ 142.19247360627196, 27.152379441358164 ], [ 142.192843061258372, 27.151927225361192 ], [ 142.192346938560377, 27.150543891787208 ], [ 142.191415278692261, 27.150173891811733 ], [ 142.189434449040618, 27.150709161998293 ], [ 142.187889727628885, 27.150133612975935 ], [ 142.188197497216834, 27.148712774974626 ], [ 142.187419728437817, 27.147679441353205 ], [ 142.187895279143845, 27.147259440870528 ], [ 142.188257782370783, 27.146296107779222 ], [ 142.188142217689233, 27.145572495274507 ], [ 142.188701114864671, 27.145213333028948 ], [ 142.18885472086879, 27.144651666841014 ], [ 142.188091945586848, 27.144320558946674 ], [ 142.187328885219927, 27.144745000281603 ], [ 142.183667782042562, 27.145489999563893 ], [ 142.183987782410327, 27.14629694594737 ], [ 142.183779170272601, 27.146590559306901 ], [ 142.181953060885121, 27.146056108402718 ], [ 142.180641114595801, 27.146449999767754 ], [ 142.180270830434551, 27.147699441376176 ], [ 142.179629170449971, 27.148345559300196 ], [ 142.180102218342768, 27.14965333273517 ], [ 142.180255836937363, 27.149248332944239 ], [ 142.180535278780212, 27.149743612977431 ], [ 142.181280830246237, 27.149789721218724 ], [ 142.181315837256193, 27.150064440721394 ], [ 142.180520271793171, 27.150348053619837 ], [ 142.1807772242895, 27.15077999979718 ], [ 142.183495006089743, 27.150082775199962 ], [ 142.184548053749722, 27.149518613393354 ], [ 142.185613605583512, 27.150432775152524 ], [ 142.185654449193521, 27.150869162182119 ], [ 142.185173332583304, 27.15131500018714 ], [ 142.184692502856819, 27.152583332954521 ], [ 142.186300829719585, 27.154545829026858 ], [ 142.186199727935104, 27.15511527884712 ], [ 142.184926108952823, 27.156407494910013 ], [ 142.184674720561929, 27.156312225229044 ], [ 142.184445550821579, 27.156884161674782 ], [ 142.183048053824677, 27.156910829271396 ], [ 142.181970272110448, 27.156523892363793 ], [ 142.180970830339561, 27.157656108242861 ], [ 142.181151945705778, 27.157919441429158 ], [ 142.183171672834533, 27.158071387284735 ], [ 142.183158885374269, 27.158884162174388 ], [ 142.184558885184515, 27.159460278668973 ], [ 142.184186109001757, 27.159663054206646 ], [ 142.184460557808507, 27.160236945778479 ], [ 142.183818340244216, 27.160592495447361 ], [ 142.184440271801122, 27.161755279282772 ], [ 142.183748053729801, 27.163282495390888 ], [ 142.183700000254817, 27.164871946383244 ], [ 142.183266667322869, 27.166048613053078 ], [ 142.184465550844607, 27.166833613280687 ], [ 142.183820557972467, 27.168944162043488 ], [ 142.183971672854454, 27.169457225270776 ], [ 142.184581114626781, 27.169639721096303 ], [ 142.185031945667788, 27.170472774798782 ], [ 142.183878611908426, 27.171821945826196 ], [ 142.186346108785983, 27.171454161780218 ], [ 142.187201945913102, 27.171567495243778 ], [ 142.187687223686453, 27.172311945939612 ], [ 142.187239999826147, 27.173886387247023 ], [ 142.18740111516945, 27.175241386780613 ], [ 142.187793891375009, 27.175734440991732 ], [ 142.187552218360224, 27.176693612919962 ], [ 142.186154721363323, 27.176873613126816 ], [ 142.185862502852274, 27.177390279038207 ], [ 142.186290557663142, 27.178479721362123 ], [ 142.18613194603256, 27.178884999942852 ], [ 142.185510000086538, 27.178949162074218 ], [ 142.18483778203813, 27.178316387391419 ], [ 142.184469999790736, 27.178390828773786 ], [ 142.18488555132717, 27.178651946030527 ], [ 142.184633891341036, 27.178982775135012 ], [ 142.184774163097245, 27.179499720735578 ], [ 142.185675836870473, 27.179973891881673 ], [ 142.187695551408638, 27.182161386638711 ], [ 142.187906938854212, 27.182977495315185 ], [ 142.187720829552745, 27.184463053926834 ], [ 142.187270000310377, 27.184350558631422 ], [ 142.186630272069465, 27.184918892393 ], [ 142.186182218134945, 27.184576945869424 ], [ 142.185751388016229, 27.184673613096834 ], [ 142.185347782174517, 27.186326387153088 ], [ 142.184205278950571, 27.187302774803243 ], [ 142.186524721338856, 27.187278054238845 ], [ 142.186602776197219, 27.187992775146483 ], [ 142.188435551359703, 27.189161386588751 ], [ 142.189183333144342, 27.19006833308714 ], [ 142.189216108936307, 27.190032225306993 ] ] ], [ [ [ 142.189775278606248, 27.191048053624854 ], [ 142.189758053891182, 27.190488053880642 ], [ 142.189738339852511, 27.191063333106399 ], [ 142.189775278606248, 27.191048053624854 ] ] ], [ [ [ 142.192317781640327, 27.192562774552471 ], [ 142.192502775782486, 27.191905828790993 ], [ 142.192224163114702, 27.1914449999868 ], [ 142.191733332927015, 27.191881387016451 ], [ 142.192283333109344, 27.192573891971563 ], [ 142.192317781640327, 27.192562774552471 ] ] ], [ [ [ 142.198754162974296, 27.194674720861713 ], [ 142.199138053878187, 27.194637495224299 ], [ 142.198245006401976, 27.194188053635798 ], [ 142.198739999551435, 27.194698053772242 ], [ 142.198754162974296, 27.194674720861713 ] ] ], [ [ [ 142.198560830318115, 27.196769721245687 ], [ 142.198534448705914, 27.195074440732924 ], [ 142.197728053606852, 27.19417749469568 ], [ 142.196558339595754, 27.194188053635798 ], [ 142.196155278743163, 27.193927494858031 ], [ 142.196229169740491, 27.193585559126291 ], [ 142.195549442352899, 27.193708053983528 ], [ 142.194956394322162, 27.192893892339328 ], [ 142.194325837367614, 27.19300110771502 ], [ 142.194414163383044, 27.193232495183565 ], [ 142.19346834009184, 27.19384166715929 ], [ 142.193651114707222, 27.195517495336219 ], [ 142.194194449114548, 27.195978054343811 ], [ 142.194830271599812, 27.196002495219034 ], [ 142.195309442077132, 27.196446387091157 ], [ 142.197415279291818, 27.195489162195145 ], [ 142.198534448705914, 27.196779162328539 ], [ 142.198560830318115, 27.196769721245687 ] ] ], [ [ [ 142.195650557627232, 27.196879162443452 ], [ 142.195625551078365, 27.19658305436451 ], [ 142.19522111516244, 27.196543612797541 ], [ 142.195608053868682, 27.1969027750431 ], [ 142.195650557627232, 27.196879162443452 ] ] ], [ [ [ 142.195482218029952, 27.197394721289413 ], [ 142.195284163033762, 27.197595279098891 ], [ 142.195498885165534, 27.197406945773992 ], [ 142.195482218029952, 27.197394721289413 ] ] ], [ [ [ 142.194467781862727, 27.199061666862463 ], [ 142.194788053825732, 27.19816610757988 ], [ 142.194008884802201, 27.199301667138286 ], [ 142.194390000398244, 27.199088053870639 ], [ 142.194467781862727, 27.199061666862463 ] ] ], [ [ [ 140.87575111472222, 27.243168054162425 ], [ 140.875548340083924, 27.243354161665252 ], [ 140.875786394226793, 27.243185000087749 ], [ 140.87575111472222, 27.243168054162425 ] ] ], [ [ [ 140.875380272081998, 27.249982774885211 ], [ 140.878536109154197, 27.247635000255116 ], [ 140.880026393703133, 27.247028892269611 ], [ 140.879480558281216, 27.245913332734176 ], [ 140.878587782400245, 27.245188053785682 ], [ 140.875877782433804, 27.243941386585789 ], [ 140.873922503420886, 27.244446945869925 ], [ 140.872455005893926, 27.245952775200465 ], [ 140.872530271954588, 27.247473053938336 ], [ 140.874224163014787, 27.248167225337227 ], [ 140.874390829872937, 27.249553891798712 ], [ 140.875373138659484, 27.249999999600334 ], [ 140.875380272081998, 27.249982774885211 ] ] ], [ [ [ 140.879235278984993, 27.251280558650933 ], [ 140.879266393729154, 27.251563613070346 ], [ 140.879256939156448, 27.251318612563978 ], [ 140.879235278984993, 27.251280558650933 ] ] ], [ [ [ 140.880234163176169, 27.251607494590246 ], [ 140.880152776329624, 27.252039721356084 ], [ 140.880255005863887, 27.251639162417462 ], [ 140.880234163176169, 27.251607494590246 ] ] ], [ [ [ 140.879766939292836, 27.251293613209725 ], [ 140.879454163179162, 27.251491107928359 ], [ 140.879606394119833, 27.25206110813366 ], [ 140.879796108803475, 27.251319721428047 ], [ 140.879766939292836, 27.251293613209725 ] ] ], [ [ [ 142.207816108726547, 27.485238332782899 ], [ 142.207765550639692, 27.484346946354549 ], [ 142.206525551013442, 27.484586666941198 ], [ 142.207547781604944, 27.485763332711713 ], [ 142.207844449062122, 27.485667224862596 ], [ 142.207850558156792, 27.485243892391793 ], [ 142.207816108726547, 27.485238332782899 ] ] ], [ [ [ 142.206951673181266, 27.48950499985591 ], [ 142.208771672574699, 27.488074441082631 ], [ 142.208841114625784, 27.487543892336816 ], [ 142.20821639427129, 27.487256108382724 ], [ 142.20818167324569, 27.486677495370145 ], [ 142.206235551129794, 27.486753891878664 ], [ 142.207686666606492, 27.487360559242461 ], [ 142.207074721121558, 27.487865278559809 ], [ 142.204787496945528, 27.487921666951422 ], [ 142.205052502870785, 27.488804999950844 ], [ 142.206131388053223, 27.489013891777745 ], [ 142.206888611820091, 27.48954166701435 ], [ 142.206951673181266, 27.48950499985591 ] ] ], [ [ [ 142.208137496748122, 27.489414721412288 ], [ 142.207702217683277, 27.489600828915172 ], [ 142.208102775722637, 27.489451386772146 ], [ 142.208137496748122, 27.489414721412288 ] ] ], [ [ [ 142.215380272281777, 27.492862775196954 ], [ 142.215922775715626, 27.492527224651724 ], [ 142.215714721157497, 27.492112495095625 ], [ 142.214578884607931, 27.492572224928267 ], [ 142.215298340446111, 27.492868333007209 ], [ 142.215380272281777, 27.492862775196954 ] ] ], [ [ [ 142.21543389076146, 27.492919161789928 ], [ 142.215282503384856, 27.493145000441473 ], [ 142.215452775625181, 27.492941946113945 ], [ 142.21543389076146, 27.492919161789928 ] ] ], [ [ [ 142.219556393812582, 27.493145279231328 ], [ 142.219156394252309, 27.493164999565124 ], [ 142.219216109236072, 27.493596387263494 ], [ 142.219547496819587, 27.493201666723564 ], [ 142.219556393812582, 27.493145279231328 ] ] ], [ [ [ 142.21065472073883, 27.493805279090395 ], [ 142.210499999575404, 27.493943612807527 ], [ 142.21068944176443, 27.493836386639998 ], [ 142.21065472073883, 27.493805279090395 ] ] ], [ [ [ 142.216900558214206, 27.493556945696525 ], [ 142.216456108762486, 27.49357389162185 ], [ 142.216518885038568, 27.493994440690926 ], [ 142.21688805404051, 27.493957775331126 ], [ 142.216903891101765, 27.493630279114143 ], [ 142.216900558214206, 27.493556945696525 ] ] ], [ [ [ 142.218462218356763, 27.496042775253898 ], [ 142.219203605961752, 27.49538277539483 ], [ 142.218812503394361, 27.49427110812519 ], [ 142.219045836995861, 27.493884441014188 ], [ 142.218739727556454, 27.493588054145448 ], [ 142.219197224372465, 27.492778333353442 ], [ 142.218831388258081, 27.492453892133483 ], [ 142.218348612398586, 27.492572494724925 ], [ 142.2180805577716, 27.493099721375074 ], [ 142.21796055763366, 27.494711107731462 ], [ 142.218339170416471, 27.496026108118429 ], [ 142.218462218356763, 27.496042775253898 ] ] ], [ [ [ 142.203626393942955, 27.496736945753469 ], [ 142.203260557828571, 27.496880829186978 ], [ 142.203645278806675, 27.496793333245762 ], [ 142.203626393942955, 27.496736945753469 ] ] ], [ [ [ 142.20368306112448, 27.498697775382084 ], [ 142.203209999741716, 27.498697775382084 ], [ 142.20353472065085, 27.499236945928374 ], [ 142.203746108995801, 27.498740279140634 ], [ 142.20368306112448, 27.498697775382084 ] ] ], [ [ [ 142.20358834002991, 27.499637494974479 ], [ 142.203250829861986, 27.499691108058244 ], [ 142.203607223994254, 27.499648892082746 ], [ 142.20358834002991, 27.499637494974479 ] ] ], [ [ [ 142.204096108948306, 27.499832225177101 ], [ 142.204380272231788, 27.499685559241243 ], [ 142.203881672801003, 27.499663053707025 ], [ 142.204005836799979, 27.499848612623452 ], [ 142.204096108948306, 27.499832225177101 ] ] ], [ [ [ 142.209623605744923, 27.501361945897145 ], [ 142.209777781919115, 27.500986387212038 ], [ 142.209544163232636, 27.501353333089924 ], [ 142.209623605744923, 27.501361945897145 ] ] ], [ [ [ 142.212689169769419, 27.50126582905483 ], [ 142.212531673298145, 27.501443613332128 ], [ 142.21288805394056, 27.501725828684073 ], [ 142.212739727856274, 27.501294162195904 ], [ 142.212689169769419, 27.50126582905483 ] ] ], [ [ [ 142.211408340022899, 27.502242224798863 ], [ 142.212146667234947, 27.501068333436876 ], [ 142.212733332777134, 27.500966666878242 ], [ 142.21254111528026, 27.500518053565372 ], [ 142.212090000053536, 27.500376946339031 ], [ 142.212645005862441, 27.500111945809692 ], [ 142.21193527889011, 27.499894720864745 ], [ 142.211837497402598, 27.499541945604335 ], [ 142.212891115232878, 27.499586945880878 ], [ 142.213118339739708, 27.49870666697916 ], [ 142.212146667234947, 27.497648333104166 ], [ 142.212069728435267, 27.496265558908476 ], [ 142.213448612163802, 27.496197775207236 ], [ 142.213489169789455, 27.495135279269789 ], [ 142.214244449222065, 27.494964999834906 ], [ 142.213067781652853, 27.494056386892794 ], [ 142.214323333255265, 27.493184441109122 ], [ 142.214490557693125, 27.49233777526814 ], [ 142.215522217676266, 27.492027775361578 ], [ 142.216260558378167, 27.491395559157752 ], [ 142.21472083000242, 27.491039999596353 ], [ 142.215102775672676, 27.489634720765821 ], [ 142.214809170406966, 27.489349999902629 ], [ 142.214061946201923, 27.489544441422879 ], [ 142.21340250302319, 27.489335558589232 ], [ 142.212941945814237, 27.489818053860176 ], [ 142.212320558347187, 27.48974194603403 ], [ 142.211705279075431, 27.490077775369116 ], [ 142.21182138784684, 27.490413612798022 ], [ 142.21111527884716, 27.492171387199789 ], [ 142.211285551087371, 27.492710558645399 ], [ 142.211862776446083, 27.492939440602754 ], [ 142.211976109010266, 27.493626667436786 ], [ 142.211328884920135, 27.494883333299242 ], [ 142.210367223668527, 27.495439440777602 ], [ 142.209004721091105, 27.495072225103172 ], [ 142.208307781578924, 27.495670278760429 ], [ 142.20833194636225, 27.496296107979049 ], [ 142.207496939332373, 27.49569582939904 ], [ 142.206970272060516, 27.495898891820445 ], [ 142.206683060974569, 27.496463053627053 ], [ 142.206093333240801, 27.496192224591539 ], [ 142.205389727953616, 27.496398333016714 ], [ 142.20447472083174, 27.497261666892484 ], [ 142.204985837026811, 27.497819721403062 ], [ 142.205847223870364, 27.497964441206022 ], [ 142.205843890982806, 27.49844694636954 ], [ 142.203884720603469, 27.498505828581187 ], [ 142.204080557871521, 27.499284720613389 ], [ 142.204913332784145, 27.49968277494014 ], [ 142.205320272412678, 27.500447494556283 ], [ 142.206257223891839, 27.500441945739283 ], [ 142.20662944159551, 27.49973055861841 ], [ 142.207026666747311, 27.500464441380927 ], [ 142.207761672763013, 27.500551946315341 ], [ 142.208279169647994, 27.499549999932583 ], [ 142.209310829631136, 27.499773054283082 ], [ 142.210386393617227, 27.500929999719745 ], [ 142.210903606316492, 27.502137774838502 ], [ 142.211345278661724, 27.502273333247786 ], [ 142.211408340022899, 27.502242224798863 ] ] ], [ [ [ 142.212859999589341, 27.502365558723625 ], [ 142.212563061436185, 27.502386108232372 ], [ 142.2128405580454, 27.502409441142845 ], [ 142.212859999589341, 27.502365558723625 ] ] ], [ [ [ 142.1850950061297, 27.619310559334906 ], [ 142.185566393874069, 27.618888612719331 ], [ 142.184917497044921, 27.61911444057904 ], [ 142.185062776226232, 27.619317774595686 ], [ 142.1850950061297, 27.619310559334906 ] ] ], [ [ [ 142.180926667331846, 27.621342775348865 ], [ 142.181311673395044, 27.620722225150644 ], [ 142.181148611918957, 27.620506386960244 ], [ 142.180718340279213, 27.620586946430478 ], [ 142.18088583721169, 27.621354721043588 ], [ 142.180926667331846, 27.621342775348865 ] ] ], [ [ [ 142.181607782373362, 27.621549441353693 ], [ 142.18181999989315, 27.6213099995569 ], [ 142.181446667030173, 27.621397494598739 ], [ 142.181582503329878, 27.621566107589842 ], [ 142.181607782373362, 27.621549441353693 ] ] ], [ [ [ 142.176965551219268, 27.621651946080476 ], [ 142.177251945720741, 27.621018333229529 ], [ 142.176054721448281, 27.620640558614923 ], [ 142.17605277621476, 27.621384162149411 ], [ 142.176680830356077, 27.621892774631874 ], [ 142.176889169999299, 27.621656666621902 ], [ 142.176965551219268, 27.621651946080476 ] ] ], [ [ [ 142.17874027244568, 27.624036386969749 ], [ 142.179016667385326, 27.623227495352694 ], [ 142.178348053819718, 27.623805000400523 ], [ 142.178703891271653, 27.624058333125618 ], [ 142.17874027244568, 27.624036386969749 ] ] ], [ [ [ 142.178624448759365, 27.625154999703511 ], [ 142.17843610913917, 27.624967494654186 ], [ 142.178592776435494, 27.625176667069582 ], [ 142.178624448759365, 27.625154999703511 ] ] ], [ [ [ 142.171120557767608, 27.625908333003224 ], [ 142.172043890813029, 27.625266666723348 ], [ 142.172514720977688, 27.624415828927397 ], [ 142.172386667410819, 27.623820558671923 ], [ 142.171579442237544, 27.623279441093359 ], [ 142.171138611657625, 27.623290278823333 ], [ 142.170909170322034, 27.623943891697309 ], [ 142.170805006346086, 27.62525861329442 ], [ 142.171096667277425, 27.625926946271591 ], [ 142.171120557767608, 27.625908333003224 ] ] ], [ [ [ 142.169639441806908, 27.630065000399497 ], [ 142.169447496804651, 27.630187495256735 ], [ 142.169677224124712, 27.630553891648844 ], [ 142.169683605713885, 27.630077224884076 ], [ 142.169639441806908, 27.630065000399497 ] ] ], [ [ [ 142.169416108666496, 27.630723892293872 ], [ 142.169101388218564, 27.630946387266022 ], [ 142.169415006097665, 27.6307444409033 ], [ 142.169416108666496, 27.630723892293872 ] ] ], [ [ [ 142.181090557982884, 27.631472774848703 ], [ 142.180936666893672, 27.631044720937155 ], [ 142.180695278963981, 27.631117225179821 ], [ 142.18107082955521, 27.631502494744382 ], [ 142.181090557982884, 27.631472774848703 ] ] ], [ [ [ 142.171049999657839, 27.632061387423164 ], [ 142.171079727647339, 27.631685279252281 ], [ 142.17064472107711, 27.631600558618914 ], [ 142.170601114749729, 27.631890000023532 ], [ 142.171016938780781, 27.63208638677736 ], [ 142.171049999657839, 27.632061387423164 ] ] ], [ [ [ 142.179022218001023, 27.631889721233676 ], [ 142.179033332722156, 27.63214638684633 ], [ 142.179038054162902, 27.631914720587929 ], [ 142.179022218001023, 27.631889721233676 ] ] ], [ [ [ 142.170313891073306, 27.635759441045423 ], [ 142.170471388443843, 27.635262775157003 ], [ 142.169986667350827, 27.635221945936109 ], [ 142.169846108710999, 27.635658612654879 ], [ 142.170275551175791, 27.635783891813219 ], [ 142.170313891073306, 27.635759441045423 ] ] ], [ [ [ 142.175066666893258, 27.63588666723598 ], [ 142.175048339609248, 27.635290828608902 ], [ 142.175491673002398, 27.635180279446388 ], [ 142.175397496897062, 27.634728333246017 ], [ 142.176031387638545, 27.633854721018622 ], [ 142.177042218423708, 27.634188613214008 ], [ 142.1773269392869, 27.633766666598433 ], [ 142.178181387860832, 27.633723892143962 ], [ 142.178666108953848, 27.630679440603728 ], [ 142.178796938727828, 27.631139720821523 ], [ 142.179327223972223, 27.631264440601512 ], [ 142.179247223880338, 27.630723612604697 ], [ 142.179586939185924, 27.630406946023811 ], [ 142.181504720966132, 27.630831945837656 ], [ 142.18309416296529, 27.630383053734988 ], [ 142.183909169972253, 27.629310828931636 ], [ 142.183691388346915, 27.628754720553957 ], [ 142.184175550960958, 27.628064721110036 ], [ 142.184217223745918, 27.627051945990559 ], [ 142.184618885253371, 27.62723389233031 ], [ 142.184784448643427, 27.626836107800159 ], [ 142.185762776131241, 27.626635828780536 ], [ 142.185900557664695, 27.626115559285665 ], [ 142.184800558199299, 27.625771946318309 ], [ 142.185958054021057, 27.624906945998816 ], [ 142.185494163025282, 27.624498332731946 ], [ 142.185914448592939, 27.624363332801636 ], [ 142.186189999968633, 27.623669162302065 ], [ 142.185793060801188, 27.623381945820199 ], [ 142.186235836614628, 27.623086666916208 ], [ 142.185829727959685, 27.62281472092269 ], [ 142.186130558378636, 27.622437225097883 ], [ 142.18724416278792, 27.622508892071778 ], [ 142.187473891007357, 27.622143332948497 ], [ 142.186901945568366, 27.622022494642465 ], [ 142.186810272276261, 27.621336667153514 ], [ 142.18616055796349, 27.621036945598632 ], [ 142.186720830202262, 27.620510558915214 ], [ 142.18602944220504, 27.620343892057008 ], [ 142.185491946196407, 27.619473892406234 ], [ 142.184789170084173, 27.619448332774368 ], [ 142.184658340310193, 27.620291666627168 ], [ 142.183053061249893, 27.621126107983571 ], [ 142.182770558114839, 27.621804441421887 ], [ 142.182976939034575, 27.622153053720524 ], [ 142.181778339698667, 27.623344161703756 ], [ 142.181346394420643, 27.622722495446851 ], [ 142.18175999982418, 27.621851666621183 ], [ 142.180946667354874, 27.622743053948852 ], [ 142.180361115173355, 27.622722495446851 ], [ 142.179881114621821, 27.623805000400523 ], [ 142.17918500608323, 27.624209721401598 ], [ 142.17904610939047, 27.624954162204858 ], [ 142.178349442372905, 27.625559441015469 ], [ 142.178289999883646, 27.626161666627638 ], [ 142.177736109234161, 27.626521667041345 ], [ 142.177222217731241, 27.626027225176358 ], [ 142.177833060647345, 27.625508333442895 ], [ 142.17777167292445, 27.624188613413821 ], [ 142.177178612303123, 27.624034721425289 ], [ 142.176893332960958, 27.624738612696888 ], [ 142.176608053618793, 27.62470722455879 ], [ 142.177212218169416, 27.62325194612049 ], [ 142.17687250286383, 27.622873613026854 ], [ 142.176231672953463, 27.622799999920119 ], [ 142.175485006328017, 27.621807494620214 ], [ 142.175000830224235, 27.622344162353272 ], [ 142.175829728159442, 27.623242774834239 ], [ 142.175436939363294, 27.623639440607747 ], [ 142.175133606131112, 27.623467494729141 ], [ 142.174841946099036, 27.624071667373585 ], [ 142.174479441972721, 27.624152494841837 ], [ 142.174042776153215, 27.623639440607747 ], [ 142.173647782219405, 27.623911386601264 ], [ 142.173266666623476, 27.626538333277495 ], [ 142.172212217819606, 27.626482224575057 ], [ 142.172430557923917, 27.625856387262502 ], [ 142.17204000034576, 27.625741945834193 ], [ 142.17154389113773, 27.62690527915538 ], [ 142.172019441843872, 27.626987225380219 ], [ 142.17201027235626, 27.627481667245206 ], [ 142.172490272008531, 27.62721416210394 ], [ 142.172779727802208, 27.627711667059828 ], [ 142.172177781879213, 27.628212774699819 ], [ 142.17235693942132, 27.628934441071635 ], [ 142.172134162961356, 27.629228891700052 ], [ 142.172905551050349, 27.629298332851818 ], [ 142.171288884774299, 27.630920558736875 ], [ 142.171608340152829, 27.631409162203113 ], [ 142.170659728064038, 27.633838053883153 ], [ 142.170181946140019, 27.633568054022533 ], [ 142.169766108619115, 27.634186667081053 ], [ 142.170540000420715, 27.634844999597078 ], [ 142.170771946368291, 27.634320559046614 ], [ 142.171851388231062, 27.633802224892804 ], [ 142.172191387722478, 27.633100000064985 ], [ 142.172956109137203, 27.632967225057428 ], [ 142.173546393551305, 27.633765558633684 ], [ 142.173796939277395, 27.635198613025636 ], [ 142.175000000149907, 27.635899360267331 ], [ 142.175066666893258, 27.63588666723598 ] ] ], [ [ [ 142.169453060910087, 27.63653944104243 ], [ 142.169131946282391, 27.635801666913437 ], [ 142.1686736059022, 27.635715829322123 ], [ 142.1687274968765, 27.636319721378072 ], [ 142.169430558073827, 27.636551667325648 ], [ 142.169453060910087, 27.63653944104243 ] ] ], [ [ [ 142.168886938581409, 27.636788612604448 ], [ 142.168523061190399, 27.636514440788858 ], [ 142.168862218017011, 27.636816387266492 ], [ 142.168886938581409, 27.636788612604448 ] ] ], [ [ [ 142.168269169986274, 27.638440278695953 ], [ 142.169071672819541, 27.638075278951021 ], [ 142.169152502985639, 27.63726777498789 ], [ 142.167980000176954, 27.636628613319886 ], [ 142.168245278596828, 27.637625829268643 ], [ 142.167631387878259, 27.637879161993794 ], [ 142.168238611922447, 27.63845972113927 ], [ 142.168269169986274, 27.638440278695953 ] ] ], [ [ [ 142.162923606039612, 27.645398053677297 ], [ 142.162825278663718, 27.645883891728261 ], [ 142.163083061234374, 27.645742225123627 ], [ 142.162951672981421, 27.645412494990694 ], [ 142.162923606039612, 27.645398053677297 ] ] ], [ [ [ 142.156748611759099, 27.6583208294428 ], [ 142.157721672817047, 27.658134161662304 ], [ 142.157825005819404, 27.657503891591375 ], [ 142.157005279170335, 27.657433053792431 ], [ 142.156994448634919, 27.657940829006122 ], [ 142.15652972756493, 27.658209720901937 ], [ 142.156721776888503, 27.658333332717177 ], [ 142.156748611759099, 27.6583208294428 ] ] ], [ [ [ 142.159591387632531, 27.659865558948411 ], [ 142.159696939262403, 27.659604162002552 ], [ 142.159418611679598, 27.659653613023863 ], [ 142.159539727876222, 27.659874161863115 ], [ 142.159591387632531, 27.659865558948411 ] ] ], [ [ [ 142.155705837054825, 27.659970829090526 ], [ 142.156001387554056, 27.659717775155229 ], [ 142.155712502829829, 27.659245279446168 ], [ 142.1550930605963, 27.659585278937527 ], [ 142.155255006013817, 27.659972775223423 ], [ 142.155663605790892, 27.659982774785306 ], [ 142.155705837054825, 27.659970829090526 ] ] ], [ [ [ 142.157223060795673, 27.661258892084277 ], [ 142.156890272068495, 27.661395278769135 ], [ 142.156965005730513, 27.661698333211575 ], [ 142.157250830061798, 27.661278892107248 ], [ 142.157223060795673, 27.661258892084277 ] ] ], [ [ [ 142.160308053773747, 27.662248891872935 ], [ 142.160490271708682, 27.662094161716254 ], [ 142.160279727827287, 27.662256386822833 ], [ 142.160308053773747, 27.662248891872935 ] ] ], [ [ [ 142.159492502676926, 27.662504161737729 ], [ 142.159557496681145, 27.662258612644905 ], [ 142.159447223610528, 27.662510000136422 ], [ 142.159492502676926, 27.662504161737729 ] ] ], [ [ [ 142.159251673226208, 27.662983333114369 ], [ 142.159422217961037, 27.662751108376995 ], [ 142.159223332890519, 27.662986108422217 ], [ 142.159251673226208, 27.662983333114369 ] ] ], [ [ [ 142.157072502594019, 27.664433333431646 ], [ 142.158306108939883, 27.663718332834833 ], [ 142.159115005952799, 27.662365828919917 ], [ 142.158545550736676, 27.661944440783373 ], [ 142.15849277582106, 27.660109440698193 ], [ 142.158013891328096, 27.659739721311155 ], [ 142.158146393841093, 27.659119440909535 ], [ 142.158755837412059, 27.659081666685609 ], [ 142.158654448743846, 27.658515558746103 ], [ 142.15921306083419, 27.658208333248012 ], [ 142.159004448696464, 27.657604999671037 ], [ 142.159425279253355, 27.657277224664256 ], [ 142.159466939447725, 27.656163053682008 ], [ 142.159017223566025, 27.655783612623679 ], [ 142.158990271783637, 27.655082225064689 ], [ 142.158311673045318, 27.654768892270624 ], [ 142.158260829873484, 27.655693891759768 ], [ 142.158665550874503, 27.655779440668709 ], [ 142.158926393838101, 27.656317225359714 ], [ 142.158703333192307, 27.656863053587131 ], [ 142.158917224350489, 27.657256387372456 ], [ 142.158113606357915, 27.657544441123093 ], [ 142.15774583670111, 27.658249999737734 ], [ 142.156225550768568, 27.658974999896373 ], [ 142.156401673098799, 27.659592774786802 ], [ 142.157591388032188, 27.6595774953052 ], [ 142.157515005912842, 27.659865558948411 ], [ 142.157814448677982, 27.659906107580866 ], [ 142.157819727698325, 27.660720828603417 ], [ 142.157495279283808, 27.661049720568201 ], [ 142.157787224400977, 27.66138082936186 ], [ 142.157819727698325, 27.662369161807419 ], [ 142.157417224425444, 27.663269440732165 ], [ 142.156813060774198, 27.663553333319726 ], [ 142.157025279193363, 27.664448054434217 ], [ 142.157072502594019, 27.664433333431646 ] ] ], [ [ [ 142.156253606019163, 27.664999721060326 ], [ 142.156529441580574, 27.664682225304489 ], [ 142.156113605858309, 27.66444972087794 ], [ 142.155903606066659, 27.664901387389193 ], [ 142.156210558170756, 27.665008054178429 ], [ 142.156253606019163, 27.664999721060326 ] ] ], [ [ [ 142.156994448634919, 27.664797495008429 ], [ 142.156790830432556, 27.665012774719855 ], [ 142.157016108806488, 27.664811108046251 ], [ 142.156994448634919, 27.664797495008429 ] ] ], [ [ [ 142.156948054409213, 27.665931108433938 ], [ 142.15661805358036, 27.666307775083794 ], [ 142.156974448612004, 27.665944440883266 ], [ 142.156948054409213, 27.665931108433938 ] ] ], [ [ [ 142.140915005722945, 27.671089721313649 ], [ 142.141117497074902, 27.671247775364577 ], [ 142.140948884983118, 27.671109161958327 ], [ 142.140915005722945, 27.671089721313649 ] ] ], [ [ [ 142.137147496559805, 27.671430828769758 ], [ 142.137472502554033, 27.671026667147032 ], [ 142.136913891363065, 27.670908891931845 ], [ 142.136693061035999, 27.67118638674242 ], [ 142.137109170152144, 27.67143833271291 ], [ 142.137147496559805, 27.671430828769758 ] ] ], [ [ [ 142.153805550685661, 27.671094720644874 ], [ 142.153566938963081, 27.671074440932728 ], [ 142.153557782066059, 27.671429999594864 ], [ 142.153809728036549, 27.671123332575803 ], [ 142.153805550685661, 27.671094720644874 ] ] ], [ [ [ 142.137693332881099, 27.671748332619529 ], [ 142.137942502644478, 27.671466946442479 ], [ 142.13747389110722, 27.671284440724435 ], [ 142.137263061241356, 27.671555559341641 ], [ 142.137678885272408, 27.671768613230995 ], [ 142.137693332881099, 27.671748332619529 ] ] ], [ [ [ 142.149113605908269, 27.671514441438376 ], [ 142.149063332906508, 27.671817774670615 ], [ 142.149152218300287, 27.671523054245597 ], [ 142.149113605908269, 27.671514441438376 ] ] ], [ [ [ 142.139340272135883, 27.67183194618741 ], [ 142.139114162788474, 27.671703891721279 ], [ 142.13931138771045, 27.671848613322879 ], [ 142.139340272135883, 27.67183194618741 ] ] ], [ [ [ 142.13803693865384, 27.672113333263781 ], [ 142.137828884995088, 27.672372224698449 ], [ 142.138076667104542, 27.672676387105639 ], [ 142.138670000220372, 27.672587775105796 ], [ 142.138134449445374, 27.672114999707503 ], [ 142.13803693865384, 27.672113333263781 ] ] ], [ [ [ 142.150126667012159, 27.673249441408643 ], [ 142.149695279313732, 27.673665829314643 ], [ 142.150115278897033, 27.673671945603871 ], [ 142.150153606204071, 27.673276108105938 ], [ 142.150126667012159, 27.673249441408643 ] ] ], [ [ [ 142.15017639412531, 27.674397224552308 ], [ 142.1503197280731, 27.674143053659066 ], [ 142.150054162769493, 27.674156666696888 ], [ 142.150155006448472, 27.674409720632127 ], [ 142.15017639412531, 27.674397224552308 ] ] ], [ [ [ 142.149094162565575, 27.67486499972 ], [ 142.149028611881022, 27.675113612803045 ], [ 142.149122217816171, 27.674874721391348 ], [ 142.149094162565575, 27.67486499972 ] ] ], [ [ [ 142.13066416342042, 27.678036108179924 ], [ 142.130790557738123, 27.677680559410362 ], [ 142.130448053634836, 27.677900828560439 ], [ 142.130653332885117, 27.678054440859796 ], [ 142.13066416342042, 27.678036108179924 ] ] ], [ [ [ 142.135005005676589, 27.678996666862759 ], [ 142.134751946345318, 27.679042224718955 ], [ 142.134988340339646, 27.679418612578957 ], [ 142.13501888491362, 27.67901249493076 ], [ 142.135005005676589, 27.678996666862759 ] ] ], [ [ [ 142.148716939235442, 27.679580828692337 ], [ 142.149035837034262, 27.679430559172999 ], [ 142.148797496907036, 27.679157775011333 ], [ 142.148211673130277, 27.679237775103275 ], [ 142.148683060874646, 27.67960389180621 ], [ 142.148716939235442, 27.679580828692337 ] ] ], [ [ [ 142.124075278651276, 27.679951108356988 ], [ 142.124217224045765, 27.67964666716 ], [ 142.123616109096247, 27.679573054053265 ], [ 142.12363333291205, 27.679902224807904 ], [ 142.124048611953981, 27.679969162247119 ], [ 142.124075278651276, 27.679951108356988 ] ] ], [ [ [ 142.126096109248124, 27.681678613377358 ], [ 142.125928884810264, 27.681499441446135 ], [ 142.12607138778435, 27.681680000131962 ], [ 142.126096109248124, 27.681678613377358 ] ] ], [ [ [ 142.126970557845084, 27.680828054371261 ], [ 142.127142502824313, 27.679561108358541 ], [ 142.125872217628853, 27.677620278752897 ], [ 142.125298612041433, 27.677976946279102 ], [ 142.125656393827626, 27.678527225251287 ], [ 142.123561388047733, 27.679185278977513 ], [ 142.125242503338882, 27.679926666582446 ], [ 142.124698612251223, 27.680298333001701 ], [ 142.124823606324412, 27.680652774705834 ], [ 142.125955005619062, 27.681156108167897 ], [ 142.126411114781149, 27.681718332834862 ], [ 142.126717496715173, 27.681656946011287 ], [ 142.126973605647436, 27.680940000180897 ], [ 142.126970557845084, 27.680828054371261 ] ] ], [ [ [ 142.126066393849101, 27.681868613146037 ], [ 142.125820271888074, 27.681875000131186 ], [ 142.125878885202496, 27.682260559277438 ], [ 142.126082503404859, 27.681896108118963 ], [ 142.126066393849101, 27.681868613146037 ] ] ], [ [ [ 142.152969441986215, 27.682424720624397 ], [ 142.153172218423151, 27.682033892350319 ], [ 142.152969441986215, 27.681846666990168 ], [ 142.152759169699948, 27.682094441005688 ], [ 142.15294778181476, 27.68243138729872 ], [ 142.152969441986215, 27.682424720624397 ] ] ], [ [ [ 142.124819441564, 27.682841387320195 ], [ 142.124869728055614, 27.682615000082251 ], [ 142.124542775928376, 27.682657494847547 ], [ 142.12477138808913, 27.682850558606447 ], [ 142.124819441564, 27.682841387320195 ] ] ], [ [ [ 142.153940830305146, 27.68291722534974 ], [ 142.154003605681964, 27.68258722542015 ], [ 142.153254721328381, 27.68268138713637 ], [ 142.153907496933471, 27.682924999988813 ], [ 142.153940830305146, 27.68291722534974 ] ] ], [ [ [ 142.125779170172677, 27.683113333313713 ], [ 142.125126108583117, 27.682782495216031 ], [ 142.124805836620112, 27.68308027873195 ], [ 142.12567639385054, 27.683641107651056 ], [ 142.12593333285713, 27.683529721219713 ], [ 142.125865550954472, 27.683142494730419 ], [ 142.125779170172677, 27.683113333313713 ] ] ], [ [ [ 142.151837496803068, 27.683871666844027 ], [ 142.151904448631512, 27.683550278822338 ], [ 142.15145111477716, 27.683673333057925 ], [ 142.151807782303422, 27.68388889155915 ], [ 142.151837496803068, 27.683871666844027 ] ] ], [ [ [ 142.151367781797717, 27.684152775130542 ], [ 142.151332218107427, 27.683925279028472 ], [ 142.150936666593907, 27.684060278958782 ], [ 142.151351388056128, 27.684165828790015 ], [ 142.151367781797717, 27.684152775130542 ] ] ], [ [ [ 142.147651114907148, 27.684543053918844 ], [ 142.147898340336155, 27.684429721354604 ], [ 142.147700000254872, 27.684184162369263 ], [ 142.147628884565393, 27.684544161883593 ], [ 142.147651114907148, 27.684543053918844 ] ] ], [ [ [ 142.148777496884009, 27.684928891854952 ], [ 142.148495278834162, 27.684996946252113 ], [ 142.148790000158442, 27.684954721283418 ], [ 142.148777496884009, 27.684928891854952 ] ] ], [ [ [ 142.124847781899689, 27.686173612921948 ], [ 142.124629727779734, 27.686336386614983 ], [ 142.124871388204042, 27.686202224852821 ], [ 142.124847781899689, 27.686173612921948 ] ] ], [ [ [ 142.134946939150041, 27.686846107961571 ], [ 142.135110558205724, 27.687086387027193 ], [ 142.134991945721822, 27.686858053656294 ], [ 142.134946939150041, 27.686846107961571 ] ] ], [ [ [ 142.13633055780906, 27.687911387300744 ], [ 142.136418612229249, 27.687727775416533 ], [ 142.136307497393204, 27.687914999877421 ], [ 142.13633055780906, 27.687911387300744 ] ] ], [ [ [ 142.143789999808746, 27.687873613076817 ], [ 142.143581946149993, 27.688081946424745 ], [ 142.143823890760018, 27.68832389193409 ], [ 142.143809442252063, 27.687892225445921 ], [ 142.143789999808746, 27.687873613076817 ] ] ], [ [ [ 142.144195279288738, 27.688019162054729 ], [ 142.14414555127621, 27.688336666803764 ], [ 142.144389999598843, 27.688222495172056 ], [ 142.144213605673372, 27.688038892281099 ], [ 142.144195279288738, 27.688019162054729 ] ] ], [ [ [ 142.137772217813676, 27.688338612936661 ], [ 142.137442502969179, 27.688050559186024 ], [ 142.13776167326273, 27.688369440797089 ], [ 142.137772217813676, 27.688338612936661 ] ] ], [ [ [ 142.131246666900211, 27.688738332807873 ], [ 142.132309170032272, 27.688608891587137 ], [ 142.132445551321211, 27.688967224657745 ], [ 142.132980000426755, 27.688926107653799 ], [ 142.132204720971117, 27.687689720604169 ], [ 142.132520272392753, 27.685690559172031 ], [ 142.132820000242873, 27.685486946365529 ], [ 142.135260000348808, 27.686552494601983 ], [ 142.135464721120002, 27.687016107707279 ], [ 142.136245837175693, 27.687362774772282 ], [ 142.136569170430903, 27.687244720767296 ], [ 142.136625550728695, 27.686563333231277 ], [ 142.137413060964036, 27.686978891962326 ], [ 142.138196393848602, 27.686557225035983 ], [ 142.138719169753927, 27.685633613200764 ], [ 142.140345278911582, 27.686675829426065 ], [ 142.140110271671801, 27.688588333085136 ], [ 142.141452218445238, 27.68895027873242 ], [ 142.142482775859435, 27.688851107792459 ], [ 142.142375278996042, 27.687320558796785 ], [ 142.143193891385067, 27.686365828620126 ], [ 142.14443888494668, 27.685992775446266 ], [ 142.144764449419881, 27.686235559123816 ], [ 142.145222217831133, 27.685305000025778 ], [ 142.146467781562933, 27.685078891577632 ], [ 142.148126939007057, 27.683622774971127 ], [ 142.148343890558181, 27.682500000174912 ], [ 142.147640830260229, 27.682401386814604 ], [ 142.147564720635387, 27.682000828775301 ], [ 142.147988339989979, 27.681881666805509 ], [ 142.148641114695806, 27.68083499983544 ], [ 142.148341946223923, 27.679843332703683 ], [ 142.147899999585434, 27.679531386664223 ], [ 142.148301672783987, 27.678823891809202 ], [ 142.148050557787087, 27.678138891696562 ], [ 142.148586938636413, 27.67717582930112 ], [ 142.148273605842292, 27.674461386683674 ], [ 142.148819999743296, 27.673423053730971 ], [ 142.146917224050753, 27.671218613048609 ], [ 142.145545837070813, 27.670598332646989 ], [ 142.14358778185067, 27.671648333403937 ], [ 142.142591387882362, 27.671272225233054 ], [ 142.142241946408717, 27.671525558857525 ], [ 142.140916394276246, 27.671502494844333 ], [ 142.140862218216853, 27.672116107672309 ], [ 142.141583060809694, 27.672836107600347 ], [ 142.140627223567549, 27.672928333076186 ], [ 142.139663061301349, 27.672074999661561 ], [ 142.138608340002975, 27.672690558622435 ], [ 142.138612502964747, 27.673035559243715 ], [ 142.139548611779105, 27.673441107621045 ], [ 142.137815005757943, 27.674403892125952 ], [ 142.138158339935558, 27.674731667132789 ], [ 142.139010272206406, 27.674686945646101 ], [ 142.138503890941934, 27.675112225149121 ], [ 142.139536393589765, 27.676128891635074 ], [ 142.138475836590601, 27.676254721178509 ], [ 142.138072218158413, 27.67685222534999 ], [ 142.138313061098984, 27.677624162025495 ], [ 142.139106109359545, 27.67788833337994 ], [ 142.138951945775716, 27.678778333053685 ], [ 142.1385991696161, 27.679185829362609 ], [ 142.137483605583952, 27.679223892268851 ], [ 142.137281115131373, 27.680060278858832 ], [ 142.136770558314652, 27.679785829152763 ], [ 142.135422503345922, 27.680086108287298 ], [ 142.135170829869935, 27.681267224802639 ], [ 142.134689441664477, 27.68171082889171 ], [ 142.132992217716719, 27.680986387212045 ], [ 142.133135005776012, 27.678928332776366 ], [ 142.132606666664401, 27.678928332776366 ], [ 142.132373605557518, 27.679618891598636 ], [ 142.131654449193547, 27.679724161740751 ], [ 142.131636666898771, 27.678557494632742 ], [ 142.131106394244739, 27.678378891972329 ], [ 142.129945278651803, 27.679804721210985 ], [ 142.129358884704857, 27.680077775169252 ], [ 142.129031387588498, 27.681562494713432 ], [ 142.127159169959782, 27.681794721249446 ], [ 142.12711916991384, 27.682778891632609 ], [ 142.126471114850119, 27.68402582862916 ], [ 142.125618884903702, 27.684274440812828 ], [ 142.12520306087265, 27.684128053666768 ], [ 142.124861672828047, 27.683435558604174 ], [ 142.123923332795584, 27.683508892021791 ], [ 142.123943606212492, 27.684165558993413 ], [ 142.123591946111446, 27.684453054265077 ], [ 142.123979728381869, 27.68480138687454 ], [ 142.12396360623552, 27.685337495229248 ], [ 142.125056394037415, 27.685533053707502 ], [ 142.125281114831637, 27.68706249473837 ], [ 142.127761945957104, 27.687589440800082 ], [ 142.12816138793778, 27.688185279427159 ], [ 142.129468885280858, 27.687842494735378 ], [ 142.129718054144973, 27.688670279309974 ], [ 142.130328611975983, 27.688689162374999 ], [ 142.130933333206826, 27.689245559435051 ], [ 142.131305005921377, 27.689118891723524 ], [ 142.131306938564421, 27.688774161798165 ], [ 142.131246666900211, 27.688738332807873 ] ] ], [ [ [ 142.130217497139824, 27.690832225227041 ], [ 142.129632775931896, 27.690989162320022 ], [ 142.130193333255761, 27.691321666861484 ], [ 142.130253333324731, 27.690832225227041 ], [ 142.130217497139824, 27.690832225227041 ] ] ], [ [ [ 142.157140271906087, 27.692947495430644 ], [ 142.158123891004834, 27.691772495204532 ], [ 142.158037224238569, 27.691351386757162 ], [ 142.157735278660198, 27.691364999794928 ], [ 142.156927496806588, 27.692428892379553 ], [ 142.157105550880487, 27.692962774912189 ], [ 142.157140271906087, 27.692947495430644 ] ] ], [ [ [ 142.102171388199054, 27.712698613050577 ], [ 142.1027230611204, 27.712356946216119 ], [ 142.101969441836331, 27.712126946401497 ], [ 142.101833606435889, 27.712614720692841 ], [ 142.102136667173568, 27.712711946399281 ], [ 142.102171388199054, 27.712698613050577 ] ] ], [ [ [ 142.102881946144976, 27.712672225143137 ], [ 142.102491115172938, 27.71304777483499 ], [ 142.10290194616789, 27.713006666824242 ], [ 142.102908611943008, 27.712699999805182 ], [ 142.102881946144976, 27.712672225143137 ] ] ], [ [ [ 142.103475836840516, 27.713832775062542 ], [ 142.103321388171594, 27.713587494867056 ], [ 142.103452503030667, 27.713843054313543 ], [ 142.103475836840516, 27.713832775062542 ] ] ], [ [ [ 142.103136108944341, 27.714067495418647 ], [ 142.102863332876609, 27.713814721172469 ], [ 142.103124449233974, 27.714096108248839 ], [ 142.103136108944341, 27.714067495418647 ] ] ], [ [ [ 142.103022217901071, 27.714428333101125 ], [ 142.103189999918641, 27.714311387060889 ], [ 142.102829727909693, 27.71408972126369 ], [ 142.102982776334102, 27.714438613251446 ], [ 142.103022217901071, 27.714428333101125 ] ] ], [ [ [ 142.10858416322867, 27.71470389167132 ], [ 142.108768053902622, 27.714474441342418 ], [ 142.10856000024387, 27.714721108292565 ], [ 142.10858416322867, 27.71470389167132 ] ] ], [ [ [ 142.102873060843194, 27.714887775150771 ], [ 142.102616394331221, 27.714533053757464 ], [ 142.102844162927795, 27.714906945998791 ], [ 142.102873060843194, 27.714887775150771 ] ] ], [ [ [ 142.101687782265458, 27.714916108291789 ], [ 142.101278053839224, 27.715123332775647 ], [ 142.101705278575764, 27.714936945583645 ], [ 142.101687782265458, 27.714916108291789 ] ] ], [ [ [ 142.094198053797186, 27.714857225180822 ], [ 142.09399722439241, 27.714959999704263 ], [ 142.094291388137094, 27.715363333051414 ], [ 142.094506666949201, 27.715185829362611 ], [ 142.094249441958254, 27.714874162112949 ], [ 142.094198053797186, 27.714857225180822 ] ] ], [ [ [ 142.10114666738491, 27.715180829132009 ], [ 142.100880272006975, 27.715413892037532 ], [ 142.101149727777738, 27.715195828924436 ], [ 142.10114666738491, 27.715180829132009 ] ] ], [ [ [ 142.10251917042342, 27.71466138701345 ], [ 142.101915005872911, 27.714633613250726 ], [ 142.102166939252925, 27.715347774780014 ], [ 142.102795550973951, 27.715240559404322 ], [ 142.102543605902724, 27.714677224974025 ], [ 142.10251917042342, 27.71466138701345 ] ] ], [ [ [ 142.10119444926454, 27.715775828691619 ], [ 142.101555278853084, 27.715396667322409 ], [ 142.100913606278027, 27.715585559126282 ], [ 142.101163891200713, 27.715804161832637 ], [ 142.10119444926454, 27.715775828691619 ] ] ], [ [ [ 142.108636667448309, 27.715896387308476 ], [ 142.109139728415812, 27.715608892036812 ], [ 142.109005278870541, 27.715198053847132 ], [ 142.108391673237179, 27.715093891669824 ], [ 142.107604448986194, 27.715435278815107 ], [ 142.107767223578549, 27.715828892289608 ], [ 142.108597496577318, 27.715904161947549 ], [ 142.108636667448309, 27.715896387308476 ] ] ], [ [ [ 142.107669442091151, 27.716586386752397 ], [ 142.10805778194117, 27.716070828805755 ], [ 142.107039441816823, 27.715921386662728 ], [ 142.10763778235787, 27.716601387444143 ], [ 142.107669442091151, 27.716586386752397 ] ] ], [ [ [ 142.10092416341945, 27.716626108008541 ], [ 142.100726109322522, 27.716360828689346 ], [ 142.100620830187268, 27.716590279018192 ], [ 142.100893891340093, 27.716640559214511 ], [ 142.10092416341945, 27.716626108008541 ] ] ], [ [ [ 142.106975006291577, 27.716802224942796 ], [ 142.107068339732109, 27.716544161783702 ], [ 142.106695005969868, 27.716548054049497 ], [ 142.106948884583403, 27.716812495200543 ], [ 142.106975006291577, 27.716802224942796 ] ] ], [ [ [ 142.094285005648544, 27.71671416242873 ], [ 142.094136393579788, 27.716901108099705 ], [ 142.094316667180465, 27.716723613404099 ], [ 142.094285005648544, 27.71671416242873 ] ] ], [ [ [ 142.098995837088296, 27.71688582861816 ], [ 142.098897223727931, 27.716630558753309 ], [ 142.098718053595348, 27.716841946198883 ], [ 142.098947496729693, 27.716905279155355 ], [ 142.098995837088296, 27.71688582861816 ] ] ], [ [ [ 142.12371861202439, 27.717331666623181 ], [ 142.123522218076005, 27.717562775301872 ], [ 142.123760829798471, 27.717363053861902 ], [ 142.12371861202439, 27.717331666623181 ] ] ], [ [ [ 142.106717497114914, 27.718017495011452 ], [ 142.108134449145609, 27.717381945920124 ], [ 142.108396108693569, 27.717706666829258 ], [ 142.1089547207838, 27.717600559418315 ], [ 142.109867224193067, 27.717991946171423 ], [ 142.110588611775029, 27.717569162287077 ], [ 142.110010829736098, 27.71720305367802 ], [ 142.109229169590549, 27.717361945897153 ], [ 142.109927781841748, 27.717112224849359 ], [ 142.109810000331322, 27.716879440733635 ], [ 142.108558885084562, 27.717210000041518 ], [ 142.109794163270067, 27.716497495063379 ], [ 142.10883027169973, 27.716115829082298 ], [ 142.107394163210074, 27.716791387212822 ], [ 142.107397223603016, 27.717106387349929 ], [ 142.106305836944898, 27.717100558843754 ], [ 142.106187782040593, 27.717815829237168 ], [ 142.10665055787706, 27.718014720602923 ], [ 142.106717497114914, 27.718017495011452 ] ] ], [ [ [ 142.124521388251537, 27.718188054135453 ], [ 142.125785279267234, 27.71769444144536 ], [ 142.126522217926095, 27.716959162035778 ], [ 142.124930272214328, 27.716867774728087 ], [ 142.124750557991888, 27.717433891660846 ], [ 142.123943061223372, 27.71780777490892 ], [ 142.124450557647151, 27.718192225191103 ], [ 142.124521388251537, 27.718188054135453 ] ] ], [ [ [ 142.111967223908323, 27.718419440704679 ], [ 142.112432218372192, 27.718163332671736 ], [ 142.112204448876241, 27.717764162286301 ], [ 142.111597782411764, 27.718020559001673 ], [ 142.111914720587947, 27.718422225005725 ], [ 142.111967223908323, 27.718419440704679 ] ] ], [ [ [ 142.123040272290837, 27.718640558814798 ], [ 142.123400557789523, 27.718079999692293 ], [ 142.122518339949465, 27.716860278878812 ], [ 142.122708053733732, 27.717522224870834 ], [ 142.122319442288472, 27.717592774886725 ], [ 142.12224472121693, 27.718046386631499 ], [ 142.122981673365643, 27.718636386859828 ], [ 142.123040272290837, 27.718640558814798 ] ] ], [ [ [ 142.106575005831928, 27.718631107839428 ], [ 142.106678339733662, 27.718303613421085 ], [ 142.106223333140406, 27.718409999621827 ], [ 142.106535279179866, 27.718641387090372 ], [ 142.106575005831928, 27.718631107839428 ] ] ], [ [ [ 142.110100830289184, 27.718836945568626 ], [ 142.111014162873403, 27.717921945641308 ], [ 142.110496666887684, 27.717900279174614 ], [ 142.10963805355334, 27.718576946169208 ], [ 142.110055278728169, 27.71885582863365 ], [ 142.110100830289184, 27.718836945568626 ] ] ], [ [ [ 142.105660829683643, 27.71905861316452 ], [ 142.105421672971943, 27.719331667122788 ], [ 142.105688884934125, 27.719079440563803 ], [ 142.105660829683643, 27.71905861316452 ] ] ], [ [ [ 142.093430557973988, 27.719729721449539 ], [ 142.093216394321189, 27.719878332619032 ], [ 142.093572775862981, 27.720046945610079 ], [ 142.093477497188815, 27.719744721241966 ], [ 142.093430557973988, 27.719729721449539 ] ] ], [ [ [ 142.09657167314424, 27.720539999821199 ], [ 142.097081673280627, 27.720080558670873 ], [ 142.097723060770704, 27.72038305373502 ], [ 142.098548884823231, 27.720109720986898 ], [ 142.099228884705326, 27.720258054265855 ], [ 142.099416109166214, 27.719420000332775 ], [ 142.100387496585768, 27.719753333149868 ], [ 142.100939170406491, 27.719435558604175 ], [ 142.101001673288692, 27.718320278757915 ], [ 142.101442217884141, 27.718329441050912 ], [ 142.101549728237387, 27.718921667101313 ], [ 142.102076938699838, 27.718952494961741 ], [ 142.102240000175925, 27.718647224589802 ], [ 142.10148749695054, 27.71794694589488 ], [ 142.101646938655335, 27.717419161665021 ], [ 142.102600829764583, 27.71730027938446 ], [ 142.102337224083726, 27.716817495431144 ], [ 142.102909442017221, 27.716613612828041 ], [ 142.102895551088864, 27.716203333117392 ], [ 142.102035550999972, 27.715692775401294 ], [ 142.101445836756056, 27.715825559402106 ], [ 142.100786666971203, 27.716931667062852 ], [ 142.09926000034875, 27.717423892099021 ], [ 142.098136393679738, 27.718593053926327 ], [ 142.096467496577816, 27.71928110813667 ], [ 142.096471115449731, 27.720512225159098 ], [ 142.09657167314424, 27.720539999821199 ] ] ], [ [ [ 142.101468612086819, 27.720967224557796 ], [ 142.101347224295068, 27.720728333146099 ], [ 142.10145277592494, 27.720982225249543 ], [ 142.101468612086819, 27.720967224557796 ] ] ], [ [ [ 142.096839441786869, 27.72144972072806 ], [ 142.097369441946284, 27.721020558851762 ], [ 142.096754448658999, 27.720788333215069 ], [ 142.096262503311891, 27.721024999704014 ], [ 142.096792775965923, 27.721463892244856 ], [ 142.096839441786869, 27.72144972072806 ] ] ], [ [ [ 142.099720271573347, 27.721355279322722 ], [ 142.099628054191385, 27.721718892313106 ], [ 142.099735837039361, 27.721376945789473 ], [ 142.099720271573347, 27.721355279322722 ] ] ], [ [ [ 142.099504448671382, 27.72117500032607 ], [ 142.099225005929384, 27.721286107967558 ], [ 142.099364163425435, 27.721716386801859 ], [ 142.099528611656183, 27.721205278700722 ], [ 142.099504448671382, 27.72117500032607 ] ] ], [ [ [ 142.095395837447995, 27.72204361322224 ], [ 142.094706108700052, 27.721755829268147 ], [ 142.095343890807953, 27.722054720748815 ], [ 142.095395837447995, 27.72204361322224 ] ] ], [ [ [ 142.096847497014437, 27.72298305402478 ], [ 142.096750829787084, 27.722661666902468 ], [ 142.096221945686352, 27.722570829080553 ], [ 142.096829169730427, 27.7230058293556 ], [ 142.096847497014437, 27.72298305402478 ] ] ], [ [ [ 142.095324163279543, 27.723181666600681 ], [ 142.096316939275425, 27.723014720952676 ], [ 142.095711114576375, 27.722675558730089 ], [ 142.095032218162373, 27.723017775050323 ], [ 142.095316939025565, 27.723204441032181 ], [ 142.095324163279543, 27.723181666600681 ] ] ], [ [ [ 142.097921673346605, 27.723599441261229 ], [ 142.097873332988001, 27.723320000317813 ], [ 142.097468054407273, 27.723336666553962 ], [ 142.097878054428747, 27.72359305427608 ], [ 142.097921673346605, 27.723599441261229 ] ] ], [ [ [ 142.095444720997193, 27.723378054253828 ], [ 142.095148885412755, 27.723535558819037 ], [ 142.095605278760672, 27.723650829422297 ], [ 142.095466393759125, 27.723397494898506 ], [ 142.095444720997193, 27.723378054253828 ] ] ], [ [ [ 142.097192776425572, 27.724681946214901 ], [ 142.097385836587137, 27.724384721178012 ], [ 142.096891115033031, 27.724342495309941 ], [ 142.096791388311999, 27.724604721430808 ], [ 142.097147223965294, 27.724689720853974 ], [ 142.097192776425572, 27.724681946214901 ] ] ], [ [ [ 142.097233890731559, 27.725228054131435 ], [ 142.097552775939903, 27.724849721037856 ], [ 142.096843605647905, 27.724975278985994 ], [ 142.097175279215776, 27.725235828770508 ], [ 142.097233890731559, 27.725228054131435 ] ] ], [ [ [ 142.093707223609499, 27.725315828862449 ], [ 142.093867497187262, 27.725154720713817 ], [ 142.093330557859076, 27.724908053763727 ], [ 142.093662776416068, 27.725322775225948 ], [ 142.093707223609499, 27.725315828862449 ] ] ], [ [ [ 142.109618340414158, 27.727982494996184 ], [ 142.109397496597239, 27.728082225314495 ], [ 142.109643332573796, 27.728406667433831 ], [ 142.109643332573796, 27.728010829036577 ], [ 142.109618340414158, 27.727982494996184 ] ] ], [ [ [ 142.113088054370223, 27.728856666601928 ], [ 142.113349169828439, 27.728564720585439 ], [ 142.112942217609316, 27.72810889201179 ], [ 142.112596939097557, 27.728446946269628 ], [ 142.113034163396037, 27.72887555866015 ], [ 142.113088054370223, 27.728856666601928 ] ] ], [ [ [ 142.116989442009185, 27.737064721359843 ], [ 142.116847781699789, 27.737301946327818 ], [ 142.116999727555481, 27.73708582934762 ], [ 142.116989442009185, 27.737064721359843 ] ] ], [ [ [ 142.115573606037174, 27.741322225240538 ], [ 142.115370829600124, 27.741515000317065 ], [ 142.115616938970675, 27.741334721320356 ], [ 142.115573606037174, 27.741322225240538 ] ] ], [ [ [ 140.341862723885697, 29.793843585613047 ], [ 140.341529662663902, 29.794133865185756 ], [ 140.34222632878209, 29.794310531605788 ], [ 140.342306887353061, 29.79401164012512 ], [ 140.34195856013946, 29.793851918731093 ], [ 140.341862723885697, 29.793843585613047 ] ] ], [ [ [ 140.286403061252372, 30.482755829218206 ], [ 140.286746667025113, 30.48293416208196 ], [ 140.286450829642149, 30.482769721045827 ], [ 140.286403061252372, 30.482755829218206 ] ] ], [ [ [ 140.286808053848631, 30.485285278592812 ], [ 140.28698055820621, 30.485164441186043 ], [ 140.286372775683162, 30.485401107675045 ], [ 140.286773606217025, 30.485297494983456 ], [ 140.286808053848631, 30.485285278592812 ] ] ], [ [ [ 140.315155836772533, 30.487356386687964 ], [ 140.31505500568403, 30.487533892175463 ], [ 140.315185278777676, 30.487368053592832 ], [ 140.315155836772533, 30.487356386687964 ] ] ], [ [ [ 140.303960830428082, 30.495761667267175 ], [ 140.30459861163672, 30.49594610832628 ], [ 140.305798053637318, 30.495551666576205 ], [ 140.306031945717791, 30.495047494945993 ], [ 140.307067497067351, 30.495093891869658 ], [ 140.308125551253283, 30.493707495204774 ], [ 140.309158053901115, 30.493444440808332 ], [ 140.309995006164627, 30.492762775381834 ], [ 140.310083890659143, 30.492359441135363 ], [ 140.312960558383111, 30.489404721250935 ], [ 140.314438884646847, 30.486981667070324 ], [ 140.313516939255351, 30.483778054413733 ], [ 140.31382055757274, 30.481777495435097 ], [ 140.313115278647274, 30.481182494976224 ], [ 140.312479170177653, 30.479236666938675 ], [ 140.311301388348511, 30.477696945757486 ], [ 140.310904449181066, 30.476246108171381 ], [ 140.310198611776627, 30.476074162292832 ], [ 140.31016167302289, 30.475552774940638 ], [ 140.309272218338265, 30.475239720936429 ], [ 140.308903332622776, 30.474642775243922 ], [ 140.304026393703225, 30.47425666661195 ], [ 140.300720830302112, 30.47297055874435 ], [ 140.298213605873229, 30.472913612773084 ], [ 140.295662776016343, 30.474482775060096 ], [ 140.291558611940445, 30.478226387437871 ], [ 140.290361387667986, 30.478847774904921 ], [ 140.289684449078095, 30.48087694581443 ], [ 140.28807055810978, 30.482501107939811 ], [ 140.287235278585285, 30.482438053773194 ], [ 140.287128054216396, 30.483034720675846 ], [ 140.286472775798075, 30.483314720997612 ], [ 140.28684861237366, 30.483784999877912 ], [ 140.286505550690663, 30.484129162331044 ], [ 140.287191673157281, 30.484071666874001 ], [ 140.286263061091404, 30.484716387251524 ], [ 140.287658885349288, 30.484990828863715 ], [ 140.288224720794346, 30.486435278565295 ], [ 140.287892503136618, 30.487016945675578 ], [ 140.288253061129922, 30.486839162297542 ], [ 140.288438885346295, 30.487098333421386 ], [ 140.288161387837818, 30.487599441061434 ], [ 140.28943055787397, 30.488129441220792 ], [ 140.290706393685241, 30.490178891842447 ], [ 140.290581946399811, 30.490626945776967 ], [ 140.291016666985684, 30.490696946307082 ], [ 140.291637224378519, 30.491885278982465 ], [ 140.292025836723042, 30.49192582941356 ], [ 140.292720557607709, 30.493005279370209 ], [ 140.293103060857675, 30.492946387265988 ], [ 140.293736667413327, 30.493682494951258 ], [ 140.294267496747693, 30.493467774618182 ], [ 140.295233061056933, 30.493620000162935 ], [ 140.295820557572711, 30.494064721209952 ], [ 140.296132502712908, 30.493752494581997 ], [ 140.297902775892453, 30.494056945671559 ], [ 140.298542775728606, 30.495343333228277 ], [ 140.299842776323089, 30.495226108398242 ], [ 140.301358612410127, 30.495838892051268 ], [ 140.302669727725856, 30.495962774562429 ], [ 140.302962502917239, 30.495656666921718 ], [ 140.303689999593871, 30.496020829397821 ], [ 140.303949999892666, 30.495778613192499 ], [ 140.303960830428082, 30.495761667267175 ] ] ], [ [ [ 140.053768585551893, 31.438148801725845 ], [ 140.053683022253722, 31.438405747926993 ], [ 140.053794968063357, 31.438182693576493 ], [ 140.053768585551893, 31.438148801725845 ] ] ], [ [ [ 140.050762192421303, 31.440221026779 ], [ 140.050754968167325, 31.439274639612961 ], [ 140.051600532338739, 31.438133801933475 ], [ 140.051091088882686, 31.437812135121987 ], [ 140.05033274995651, 31.437848802280428 ], [ 140.050019143768509, 31.438812135371791 ], [ 140.050019416263126, 31.439913532383684 ], [ 140.050729415729961, 31.440254918629648 ], [ 140.050762192421303, 31.440221026779 ] ] ], [ [ [ 139.917201906742662, 31.886977450049358 ], [ 139.917394955213126, 31.886479954985987 ], [ 139.917094060042928, 31.88664137789732 ], [ 139.917193981916853, 31.88696033325283 ], [ 139.917201906742662, 31.886977450049358 ] ] ], [ [ [ 139.917554267415539, 31.887220604247545 ], [ 139.917277069381271, 31.887247838417068 ], [ 139.91756319138824, 31.887221712212295 ], [ 139.917554267415539, 31.887220604247545 ] ] ], [ [ [ 139.918150649233098, 31.887530694086308 ], [ 139.918423684305594, 31.887492468402741 ], [ 139.91813911812585, 31.887573910107903 ], [ 139.918150649233098, 31.887530694086308 ] ] ], [ [ [ 139.918013981959803, 31.88816801843933 ], [ 139.917729546181704, 31.888136359605369 ], [ 139.918029973704392, 31.88820432407033 ], [ 139.918013981959803, 31.88816801843933 ] ] ], [ [ [ 139.771628339576296, 32.443516945650572 ], [ 139.771406394089922, 32.443592774686863 ], [ 139.771642217914064, 32.443521107713025 ], [ 139.771628339576296, 32.443516945650572 ] ] ], [ [ [ 139.758436939013563, 32.473473053638543 ], [ 139.759516939355308, 32.473358891899409 ], [ 139.763177781729269, 32.471121386742652 ], [ 139.767166108629112, 32.470305000175642 ], [ 139.769835005980781, 32.469090559281938 ], [ 139.770008885401808, 32.468334440781859 ], [ 139.770743061343296, 32.467727494628207 ], [ 139.771865278559858, 32.46563499975548 ], [ 139.772473891157233, 32.465359162395487 ], [ 139.773335837379022, 32.464095278574291 ], [ 139.776142217689312, 32.46205249462696 ], [ 139.777137781583406, 32.461640559264424 ], [ 139.777524162710051, 32.461994721279439 ], [ 139.778066938638403, 32.460690278933271 ], [ 139.779306109089703, 32.459586666891198 ], [ 139.779774449031606, 32.458693613119806 ], [ 139.780251114897055, 32.45850777541358 ], [ 139.780443476285427, 32.457475829446025 ], [ 139.780663606040662, 32.457275027020955 ], [ 139.781275226870321, 32.457477387071833 ], [ 139.780368612221764, 32.456366666788313 ], [ 139.780173333432685, 32.454968891900876 ], [ 139.780341946423732, 32.453586107812669 ], [ 139.781019170098716, 32.453047494846089 ], [ 139.781401114869595, 32.452175558954934 ], [ 139.78101389107826, 32.451276108305819 ], [ 139.781101387918739, 32.450380828712355 ], [ 139.780575836705566, 32.449746667274951 ], [ 139.780579169593011, 32.448930278909302 ], [ 139.779409442092174, 32.447476666914724 ], [ 139.776782218424728, 32.446089441074889 ], [ 139.77318555077261, 32.444763054371492 ], [ 139.771665279229296, 32.443735828945421 ], [ 139.768471673329145, 32.442861107853901 ], [ 139.767345837240669, 32.443007494999961 ], [ 139.766554720723889, 32.443516387171599 ], [ 139.765894720864708, 32.444537224713201 ], [ 139.764203891096713, 32.445699999555359 ], [ 139.762632776381565, 32.445718054344809 ], [ 139.760271946293301, 32.446333332717188 ], [ 139.759513994975009, 32.446194026832927 ], [ 139.76015583662263, 32.446634441026674 ], [ 139.759113358694663, 32.447852972936403 ], [ 139.757934941944086, 32.446753027430304 ], [ 139.757735005566133, 32.446914468328089 ], [ 139.759026834920519, 32.44790030605435 ], [ 139.757192776425541, 32.449322225040703 ], [ 139.755624721203958, 32.449746107896601 ], [ 139.7546097283564, 32.451379441308234 ], [ 139.75475999967432, 32.452484720693349 ], [ 139.75441306101402, 32.453468613185976 ], [ 139.754856109322077, 32.455043891762273 ], [ 139.754893890740505, 32.459903053782966 ], [ 139.754433061037048, 32.467146946274624 ], [ 139.755122502901258, 32.471662495327962 ], [ 139.756073061122947, 32.472654161560342 ], [ 139.758361115373191, 32.473452495136598 ], [ 139.758436939013563, 32.473473053638543 ] ] ], [ [ [ 139.783908611793095, 33.069042494715404 ], [ 139.783981672716095, 33.069341108305537 ], [ 139.7839188847488, 33.069051108421945 ], [ 139.783908611793095, 33.069042494715404 ] ] ], [ [ [ 139.782441387660015, 33.070895278894056 ], [ 139.782525005724551, 33.071147224864603 ], [ 139.782458053896107, 33.070905279355202 ], [ 139.782441387660015, 33.070895278894056 ] ] ], [ [ [ 139.840683800017473, 33.072615054241396 ], [ 139.84167795107669, 33.073233080941975 ], [ 139.841062944299551, 33.072824775243248 ], [ 139.840683800017473, 33.072615054241396 ] ] ], [ [ [ 139.779840829790487, 33.074667495108883 ], [ 139.780059169894798, 33.074865828894929 ], [ 139.779891387877342, 33.074689161575577 ], [ 139.779840829790487, 33.074667495108883 ] ] ], [ [ [ 139.769231219145468, 33.099989332741586 ], [ 139.768824034002023, 33.099920594859611 ], [ 139.769468053807714, 33.100134666781514 ], [ 139.769261946281858, 33.099999999600357 ], [ 139.769231219145468, 33.099989332741586 ] ] ], [ [ [ 139.768469728095511, 33.100278053789225 ], [ 139.768266108993771, 33.100334999760491 ], [ 139.768502776382093, 33.100357224706215 ], [ 139.768469728095511, 33.100278053789225 ] ] ], [ [ [ 139.752936393999448, 33.10619194610149 ], [ 139.752607224144185, 33.106198333086638 ], [ 139.752608340202755, 33.106504161937551 ], [ 139.752970272360244, 33.106228892049785 ], [ 139.752936393999448, 33.10619194610149 ] ] ], [ [ [ 139.688802218047954, 33.114279999822202 ], [ 139.688395005924804, 33.113967224607791 ], [ 139.688239948415003, 33.114592495347438 ], [ 139.68879527887907, 33.114318053735246 ], [ 139.688802218047954, 33.114279999822202 ] ] ], [ [ [ 139.68379999997012, 33.116199162061719 ], [ 139.683698339706666, 33.115850558756335 ], [ 139.683125005714487, 33.115816666905687 ], [ 139.683271388363892, 33.116179721417041 ], [ 139.683732503152555, 33.116239000229712 ], [ 139.68379999997012, 33.116199162061719 ] ] ], [ [ [ 139.844536108954344, 33.117032224757395 ], [ 139.844377223929769, 33.117303613171259 ], [ 139.844543333208321, 33.117068891915892 ], [ 139.844536108954344, 33.117032224757395 ] ] ], [ [ [ 139.845995551253736, 33.11719749496848 ], [ 139.846117781710291, 33.117472225263043 ], [ 139.846080830366077, 33.117202495199024 ], [ 139.845995551253736, 33.11719749496848 ] ] ], [ [ [ 139.844973579666998, 33.117166053770404 ], [ 139.844793696372108, 33.117402224732928 ], [ 139.845063528059427, 33.117545775417227 ], [ 139.844997756141652, 33.117208999995398 ], [ 139.844973579666998, 33.117166053770404 ] ] ], [ [ [ 139.701157782405744, 33.117367494714188 ], [ 139.701470557620155, 33.118511107701522 ], [ 139.701635836824494, 33.117862495058148 ], [ 139.701232502578023, 33.117377225378675 ], [ 139.701157782405744, 33.117367494714188 ] ] ], [ [ [ 139.835923165022109, 33.118494550283344 ], [ 139.835683748406382, 33.118678765612572 ], [ 139.835942282810151, 33.118509243406891 ], [ 139.835923165022109, 33.118494550283344 ] ] ], [ [ [ 139.837192775726066, 33.118756946376038 ], [ 139.836784163358516, 33.119038891931382 ], [ 139.837248054354291, 33.119160559412364 ], [ 139.837255914428965, 33.118797054340632 ], [ 139.837192775726066, 33.118756946376038 ] ] ], [ [ [ 139.838425837082809, 33.11945305401531 ], [ 139.838626667386848, 33.118958053671292 ], [ 139.838393332886085, 33.118576386790892 ], [ 139.838092503366397, 33.119203612656634 ], [ 139.838354162914356, 33.119464999710033 ], [ 139.838425837082809, 33.11945305401531 ] ] ], [ [ [ 139.818643333123418, 33.124952775250449 ], [ 139.818838054332787, 33.124790828933669 ], [ 139.818599170115704, 33.124622494732421 ], [ 139.818332503142528, 33.124871667193759 ], [ 139.818576667279444, 33.124938892416026 ], [ 139.818643333123418, 33.124952775250449 ] ] ], [ [ [ 139.818713606148094, 33.125500829299881 ], [ 139.818891387727376, 33.125160279423426 ], [ 139.818194163130215, 33.125199161612045 ], [ 139.818654448743928, 33.125486666776283 ], [ 139.818713606148094, 33.125500829299881 ] ] ], [ [ [ 139.81788610935655, 33.125882774970137 ], [ 139.817579169842929, 33.125704999686036 ], [ 139.817841387869862, 33.125926667281931 ], [ 139.81788610935655, 33.125882774970137 ] ] ], [ [ [ 139.816234721155524, 33.128639161967783 ], [ 139.816016938630924, 33.128812775189488 ], [ 139.816261115358202, 33.128698054072004 ], [ 139.816234721155524, 33.128639161967783 ] ] ], [ [ [ 139.675838339667735, 33.129408612917189 ], [ 139.67539805407705, 33.129244440778393 ], [ 139.675846393995926, 33.129435278715164 ], [ 139.675838339667735, 33.129408612917189 ] ] ], [ [ [ 139.693778612093297, 33.129792225031224 ], [ 139.693969727920717, 33.129722495197029 ], [ 139.69372333256581, 33.129782774955174 ], [ 139.693778612093297, 33.129792225031224 ] ] ], [ [ [ 139.693427496981485, 33.129933891635858 ], [ 139.69308389120863, 33.129904721225955 ], [ 139.693348339554291, 33.129954441144605 ], [ 139.693427496981485, 33.129933891635858 ] ] ], [ [ [ 139.675304449041164, 33.129937774908456 ], [ 139.67503999979624, 33.130011108326016 ], [ 139.675034163196187, 33.130606946053774 ], [ 139.67541111493108, 33.130484999782993 ], [ 139.675373332613276, 33.129966946217621 ], [ 139.675304449041164, 33.129937774908456 ] ] ], [ [ [ 139.698140830335092, 33.130661107723995 ], [ 139.699062775726588, 33.130095559162783 ], [ 139.699222775910471, 33.129446945620089 ], [ 139.69837778190913, 33.129605559049367 ], [ 139.698009442082139, 33.13005082868284 ], [ 139.698077055811495, 33.13064686516077 ], [ 139.698140830335092, 33.130661107723995 ] ] ], [ [ [ 139.677686939300884, 33.136324162030519 ], [ 139.677469170266022, 33.136427495032933 ], [ 139.677692218321226, 33.136393613074858 ], [ 139.677686939300884, 33.136324162030519 ] ] ], [ [ [ 139.685855836677547, 33.136620828588434 ], [ 139.68647834020328, 33.136050558586476 ], [ 139.687421114792642, 33.135974162077957 ], [ 139.687177497443599, 33.135676386655973 ], [ 139.687685551447089, 33.133859441360187 ], [ 139.689879999762297, 33.131250559365867 ], [ 139.692246393955998, 33.12991749519631 ], [ 139.695257224341503, 33.12924555863566 ], [ 139.694948884583368, 33.129175559004921 ], [ 139.695786109341498, 33.128950000042494 ], [ 139.697240557705641, 33.127741667344139 ], [ 139.698299170370433, 33.125264721289909 ], [ 139.699015006437435, 33.124547494871024 ], [ 139.699403061202361, 33.11936861307106 ], [ 139.699918054374734, 33.118406108255328 ], [ 139.701115837126281, 33.11857722495904 ], [ 139.701283333159381, 33.118260278688979 ], [ 139.70102444891927, 33.11759110844298 ], [ 139.699903890951873, 33.11708833256057 ], [ 139.700105226674964, 33.116320973434256 ], [ 139.698481673390575, 33.115905000115731 ], [ 139.699115550642205, 33.115825559402083 ], [ 139.698579728271852, 33.115533332797099 ], [ 139.698170272340235, 33.115990000438217 ], [ 139.698400829734624, 33.116559999744254 ], [ 139.698171388398919, 33.116756945876375 ], [ 139.695820000292883, 33.117395828754525 ], [ 139.692858611935435, 33.117626666737351 ], [ 139.690155006148643, 33.117161108398477 ], [ 139.688662776366073, 33.116179440828603 ], [ 139.684948884783239, 33.117624162125423 ], [ 139.683825550608731, 33.118574161868139 ], [ 139.683512502899703, 33.12023305401226 ], [ 139.682413332609258, 33.121820000392745 ], [ 139.680856393907561, 33.12558694568105 ], [ 139.67727306140273, 33.129326946381525 ], [ 139.676824448989237, 33.129723333365177 ], [ 139.676037223838875, 33.129502494944234 ], [ 139.675571672694559, 33.130621945846201 ], [ 139.67506888512105, 33.130813891747778 ], [ 139.675190000418297, 33.131086108437216 ], [ 139.675526109442444, 33.130907494984967 ], [ 139.676649441818313, 33.132034440836833 ], [ 139.676598884630835, 33.132769721145792 ], [ 139.675578054283847, 33.13294166702434 ], [ 139.675288340384668, 33.133418332889789 ], [ 139.676016667135514, 33.133530559287919 ], [ 139.675641388139638, 33.133815279251792 ], [ 139.676021387676997, 33.133986946340542 ], [ 139.675870830374606, 33.13430277475328 ], [ 139.67636888481627, 33.134329999929605 ], [ 139.676151114882146, 33.134699999905138 ], [ 139.676589441749456, 33.134565278764683 ], [ 139.675882217590356, 33.135384721227979 ], [ 139.676226939421781, 33.135442775163995 ], [ 139.676133605981249, 33.135848333433898 ], [ 139.676725278948538, 33.13642333297048 ], [ 139.677191115177834, 33.136494440566025 ], [ 139.677614721042573, 33.136146667334856 ], [ 139.677847782149456, 33.13537777486448 ], [ 139.678419170008738, 33.135277495060393 ], [ 139.67859138838196, 33.134497495063385 ], [ 139.679090000403221, 33.13419889226509 ], [ 139.679520272042964, 33.134300279134607 ], [ 139.679882776169279, 33.135009441332727 ], [ 139.680663891325594, 33.134780559375372 ], [ 139.681839727921215, 33.13530749464519 ], [ 139.68249666738734, 33.136368891611085 ], [ 139.683002217678222, 33.136612494571011 ], [ 139.685096939272398, 33.136279161753976 ], [ 139.685802503282957, 33.1366602791486 ], [ 139.685855836677547, 33.136620828588434 ] ] ], [ [ [ 139.683826939162032, 33.13674249517004 ], [ 139.683660272303769, 33.136873892416247 ], [ 139.683846666690329, 33.136774162097936 ], [ 139.683826939162032, 33.13674249517004 ] ] ], [ [ [ 139.795538339622794, 33.143103613141307 ], [ 139.795318392429976, 33.143111054131907 ], [ 139.795543332658781, 33.143141667054351 ], [ 139.795538339622794, 33.143103613141307 ] ] ], [ [ [ 139.747428053661793, 33.156836667278412 ], [ 139.747156393652745, 33.156862225111638 ], [ 139.747410558250749, 33.156914440648961 ], [ 139.747428053661793, 33.156836667278412 ] ] ], [ [ [ 139.76001391730847, 33.158977351423687 ], [ 139.760514474563365, 33.158977351423687 ], [ 139.760605122628363, 33.159259135101081 ], [ 139.762244746797705, 33.159149738869417 ], [ 139.763896187159389, 33.158704405384071 ], [ 139.765140349747412, 33.157920927708687 ], [ 139.766417912256884, 33.157926883019286 ], [ 139.766896809340324, 33.158511206726871 ], [ 139.767068274980943, 33.158083532329215 ], [ 139.767387536105957, 33.158692721392015 ], [ 139.767302789392261, 33.158140721117434 ], [ 139.76764570718376, 33.15826836009677 ], [ 139.767622062208488, 33.157830739197323 ], [ 139.768130531698716, 33.157502522623361 ], [ 139.769151388126147, 33.15800976633767 ], [ 139.769619130918272, 33.157788739059129 ], [ 139.770182775614671, 33.158288252201146 ], [ 139.771419117698201, 33.158284937300095 ], [ 139.771731153669862, 33.158663441264878 ], [ 139.771413203756424, 33.158751847319934 ], [ 139.772012334801502, 33.158855729808124 ], [ 139.771854669257664, 33.158698801708397 ], [ 139.772227807867125, 33.158589395584215 ], [ 139.772004448646499, 33.157799783633152 ], [ 139.77234343729981, 33.15750139577284 ], [ 139.773849130832787, 33.157387018196403 ], [ 139.774229493696225, 33.157887640202489 ], [ 139.774210285076606, 33.157209649405843 ], [ 139.774919053371718, 33.156699278748761 ], [ 139.775058728877298, 33.156106234315303 ], [ 139.775555383074561, 33.156346811056551 ], [ 139.776302567709422, 33.156100639632882 ], [ 139.77609939017475, 33.155425270360013 ], [ 139.777059196125037, 33.154525099353918 ], [ 139.777865265669561, 33.15479365760126 ], [ 139.778202283009023, 33.154423973287805 ], [ 139.777999287137504, 33.153913377800222 ], [ 139.780279532574468, 33.152263891665314 ], [ 139.780860920894838, 33.151249333190208 ], [ 139.781613100364325, 33.151341063139625 ], [ 139.781498793834317, 33.151023874052612 ], [ 139.782288443556922, 33.149952928085213 ], [ 139.783712659411776, 33.148662062804021 ], [ 139.785717768959898, 33.147678783648985 ], [ 139.786144020630104, 33.147932432036157 ], [ 139.786474942364748, 33.147205036083619 ], [ 139.786504877198354, 33.147858297322614 ], [ 139.786769274282619, 33.14795761305345 ], [ 139.786942204918887, 33.146869314667185 ], [ 139.787045304996923, 33.147149081165196 ], [ 139.78760403399906, 33.147200847041518 ], [ 139.78769797717996, 33.146385314830468 ], [ 139.788403034872204, 33.146155901373788 ], [ 139.788419663336867, 33.145779613338561 ], [ 139.789237794588644, 33.145989441359688 ], [ 139.788901906797605, 33.145298404997448 ], [ 139.79032198397249, 33.145181603748085 ], [ 139.79065123206874, 33.145498441200175 ], [ 139.790844955030707, 33.145293513584818 ], [ 139.790486602175065, 33.144966180145161 ], [ 139.791189157053964, 33.144312909912912 ], [ 139.792751517768352, 33.143790694285144 ], [ 139.792942335020825, 33.144243928314665 ], [ 139.792992840047646, 33.143726954835131 ], [ 139.793242580880474, 33.143920523113707 ], [ 139.793152788970133, 33.143363422783807 ], [ 139.793979637350503, 33.143121846895781 ], [ 139.794978637554095, 33.142163954702824 ], [ 139.795436342113589, 33.142542712276395 ], [ 139.796077367176849, 33.142473990582232 ], [ 139.79575561582908, 33.142124612960572 ], [ 139.79624013007799, 33.142001856400611 ], [ 139.796013774316293, 33.141625730243334 ], [ 139.796777017245631, 33.141580089649494 ], [ 139.796017690863778, 33.141053559074521 ], [ 139.796299571667987, 33.140875180345347 ], [ 139.796035161993245, 33.140556207003385 ], [ 139.796456719202297, 33.140444991443246 ], [ 139.796059273716537, 33.140192468107955 ], [ 139.796424008161466, 33.140128108125737 ], [ 139.796150181685562, 33.139967694253755 ], [ 139.796104175967002, 33.138871323552792 ], [ 139.796956278209791, 33.137494946234824 ], [ 139.796779247564245, 33.135622269951853 ], [ 139.797015396043776, 33.135303278623439 ], [ 139.797679455442562, 33.13563066692177 ], [ 139.797420038803807, 33.135457179605226 ], [ 139.797561946426754, 33.13519600928845 ], [ 139.798577444693365, 33.135283694087263 ], [ 139.798872347680799, 33.134641350617869 ], [ 139.798097782286845, 33.134472216020015 ], [ 139.798033229849693, 33.133517377924704 ], [ 139.798608689839284, 33.133217999910812 ], [ 139.798458352870739, 33.133519431976254 ], [ 139.799052723804266, 33.133186847395166 ], [ 139.799269741005787, 33.133364549834141 ], [ 139.799472022815621, 33.132946532356641 ], [ 139.799611088580946, 33.133293891899655 ], [ 139.799687173024722, 33.132759729677844 ], [ 139.799945784770216, 33.132927991034023 ], [ 139.80120806689888, 33.132406072182562 ], [ 139.802845383407771, 33.132894413946076 ], [ 139.803256692842183, 33.132524738625818 ], [ 139.80394405997049, 33.132653631260098 ], [ 139.804752334652562, 33.132202622153329 ], [ 139.8055472759861, 33.132447225159353 ], [ 139.805828002960084, 33.13202869416898 ], [ 139.804994837741674, 33.131932748197812 ], [ 139.80581955922537, 33.130585359626707 ], [ 139.804999416190185, 33.130349278596384 ], [ 139.80533097284615, 33.130544828980703 ], [ 139.804847392992883, 33.131582829184254 ], [ 139.804474112290563, 33.131463359646375 ], [ 139.804321829189121, 33.131751972775362 ], [ 139.803764358338526, 33.131596107674284 ], [ 139.803902438446812, 33.131447161956999 ], [ 139.803451361890893, 33.132066107764729 ], [ 139.802364475440299, 33.132445198087453 ], [ 139.801997004358327, 33.131692252395567 ], [ 139.804149273570147, 33.131116919210513 ], [ 139.805086718777147, 33.129543387117678 ], [ 139.805750311427801, 33.129967973243424 ], [ 139.805729662993599, 33.129365982354273 ], [ 139.805939662785249, 33.129769811227845 ], [ 139.806674902624763, 33.129744026765479 ], [ 139.807172165663019, 33.130149351211628 ], [ 139.806723087400655, 33.131099720575719 ], [ 139.80626269836489, 33.131050828932644 ], [ 139.806803554240673, 33.131533468095142 ], [ 139.805703501715243, 33.133577946365165 ], [ 139.806031114844131, 33.133689107966006 ], [ 139.806842555139838, 33.131929891951017 ], [ 139.807410855626586, 33.131404468441531 ], [ 139.807483358969876, 33.131162558905032 ], [ 139.807194643318212, 33.131181891631059 ], [ 139.807695446987395, 33.130370649186148 ], [ 139.809008366343051, 33.130049081300115 ], [ 139.80892855960542, 33.130261883379262 ], [ 139.810053384855905, 33.130213332579274 ], [ 139.809963463443182, 33.129952288167601 ], [ 139.810367756366873, 33.129958595113123 ], [ 139.810074371435121, 33.129703234416809 ], [ 139.810488378835657, 33.129277963906986 ], [ 139.810374461712058, 33.129023855966238 ], [ 139.811109636800325, 33.128655928028707 ], [ 139.810974889579597, 33.128356035602621 ], [ 139.811255317978635, 33.1285055406982 ], [ 139.811951518248065, 33.128142423234294 ], [ 139.811715343688206, 33.128712242675931 ], [ 139.812233852310555, 33.12819695542521 ], [ 139.813308572732467, 33.128369027208862 ], [ 139.814149234699471, 33.128097054235695 ], [ 139.813796990938499, 33.129019576991936 ], [ 139.814164630193545, 33.128988188853896 ], [ 139.814431038161956, 33.128338143590497 ], [ 139.815514410062065, 33.127333937211461 ], [ 139.815206278047413, 33.126899080827968 ], [ 139.815330077820931, 33.126364468045836 ], [ 139.815869779866489, 33.125967586435024 ], [ 139.816274086280146, 33.126110747712914 ], [ 139.816060635789768, 33.125943802064853 ], [ 139.816267392626173, 33.125830134952821 ], [ 139.816644747257328, 33.126253278566026 ], [ 139.817160026414172, 33.125639359968545 ], [ 139.816510220370446, 33.125851640440885 ], [ 139.816216082706092, 33.125221999895416 ], [ 139.816886226018596, 33.12391741365775 ], [ 139.818038054312865, 33.124482161822357 ], [ 139.818283165435787, 33.124259900673906 ], [ 139.817179339355107, 33.123884279036304 ], [ 139.817451880699764, 33.123490036036401 ], [ 139.816963502064027, 33.123792918708261 ], [ 139.816966328633271, 33.123354874228141 ], [ 139.817781296969315, 33.123069189291698 ], [ 139.819370777639392, 33.123781008986441 ], [ 139.819763450423011, 33.123065162127602 ], [ 139.821296549895919, 33.123720161756125 ], [ 139.816769144180739, 33.121881532007137 ], [ 139.817031245295766, 33.121439080848972 ], [ 139.816842554939967, 33.121263667184564 ], [ 139.81729277624072, 33.12110213455594 ], [ 139.81707572036828, 33.120776107831148 ], [ 139.817438470009392, 33.120811053687248 ], [ 139.817573942983131, 33.121259613040763 ], [ 139.817569974274988, 33.120724252022683 ], [ 139.81697941556763, 33.12058474828757 ], [ 139.817206393660172, 33.120115694283925 ], [ 139.817882022837125, 33.120193053966318 ], [ 139.81769228297253, 33.119981748359066 ], [ 139.817909416186694, 33.119822359714192 ], [ 139.820532529053025, 33.120314721447301 ], [ 139.82147361921227, 33.119790846570368 ], [ 139.822514564695439, 33.119790630733064 ], [ 139.822627366659731, 33.120035224745891 ], [ 139.822706912593958, 33.119702026827156 ], [ 139.823954331627192, 33.11933284703332 ], [ 139.826295161692428, 33.117702108165815 ], [ 139.8278181060208, 33.117301891868863 ], [ 139.832363865100319, 33.117315801682935 ], [ 139.834179545949382, 33.117794505412121 ], [ 139.834446873924207, 33.118207703422854 ], [ 139.834850610167564, 33.117861072330697 ], [ 139.836063619340621, 33.118141125712441 ], [ 139.837689390353148, 33.118012576619151 ], [ 139.838900557714624, 33.117300963768514 ], [ 139.842728935691866, 33.116277162061408 ], [ 139.844870271845593, 33.116286351334111 ], [ 139.845604060179312, 33.117036982171044 ], [ 139.846651542834479, 33.117000252060052 ], [ 139.846054162769406, 33.116554918574707 ], [ 139.84546228295801, 33.116642053887745 ], [ 139.84532311287137, 33.116084342018837 ], [ 139.845859702363441, 33.116015631116511 ], [ 139.845810025612309, 33.11544390061556 ], [ 139.846043255791642, 33.115399135062091 ], [ 139.846538339772678, 33.116091234422981 ], [ 139.846619650176763, 33.115565810913495 ], [ 139.845981880659338, 33.11487232389868 ], [ 139.847066693273291, 33.114059225253072 ], [ 139.847952658588383, 33.112551576594058 ], [ 139.849098261775453, 33.111420667429911 ], [ 139.849868417793346, 33.107866972982492 ], [ 139.851056394337206, 33.105381414121041 ], [ 139.853034410010082, 33.102873775104683 ], [ 139.853424656422817, 33.103015721398492 ], [ 139.853236304212146, 33.102703856297978 ], [ 139.854285537847318, 33.102074035888108 ], [ 139.854233825930351, 33.101786513636739 ], [ 139.855199585392597, 33.101645089849058 ], [ 139.855020467420673, 33.10133580220554 ], [ 139.856019467624378, 33.100085467570295 ], [ 139.857492061609378, 33.099085351307963 ], [ 139.856845162174523, 33.097417703364385 ], [ 139.855008534316426, 33.095345441439008 ], [ 139.855227652334406, 33.095039784358619 ], [ 139.854372541859334, 33.093572278737724 ], [ 139.854675369672691, 33.092565144166144 ], [ 139.854398404562744, 33.091426413598185 ], [ 139.85512220502585, 33.090173702954075 ], [ 139.855679092216405, 33.089858018432835 ], [ 139.85572053207693, 33.089297269553413 ], [ 139.856304526632698, 33.088750936806321 ], [ 139.856392231216546, 33.087941144068623 ], [ 139.858654590936681, 33.085832332795974 ], [ 139.858446718940968, 33.085379532239699 ], [ 139.858705837004891, 33.084333585626553 ], [ 139.859452944298027, 33.084009505034658 ], [ 139.858491283945682, 33.082989009235462 ], [ 139.85822782125706, 33.082228522728201 ], [ 139.858384553304518, 33.081642829353143 ], [ 139.857406056744139, 33.080286161577135 ], [ 139.857749078856955, 33.079817765877237 ], [ 139.858461180039512, 33.079949315108877 ], [ 139.858596096332803, 33.079363288085347 ], [ 139.854893216948426, 33.077427242873 ], [ 139.852658741607684, 33.077616188636227 ], [ 139.851683969139913, 33.077325197699793 ], [ 139.849948741641128, 33.078008972935777 ], [ 139.848470297566223, 33.077838721379919 ], [ 139.846440375722864, 33.076839963993223 ], [ 139.845304746916554, 33.075402252012395 ], [ 139.844965409326278, 33.07576596392812 ], [ 139.844264578447564, 33.075690676283727 ], [ 139.842401452964737, 33.07640081064892 ], [ 139.841834085974369, 33.075897891774332 ], [ 139.840456667241483, 33.075671341759062 ], [ 139.840556860710649, 33.075441054161388 ], [ 139.841278249191873, 33.075599919400815 ], [ 139.840720726180621, 33.07525330629511 ], [ 139.840929273567212, 33.074136828551843 ], [ 139.84073089481501, 33.075072774588932 ], [ 139.840030466832673, 33.076002802187645 ], [ 139.838946161436297, 33.074999468150963 ], [ 139.839160117345614, 33.074409000275182 ], [ 139.840214811664282, 33.07463735972641 ], [ 139.839096056837661, 33.074238108402028 ], [ 139.838872672435969, 33.073125612856813 ], [ 139.837377781559439, 33.070076305876853 ], [ 139.835495810783073, 33.068085541414632 ], [ 139.833998170679138, 33.067734449685133 ], [ 139.83326885917063, 33.066773495300595 ], [ 139.83316635534311, 33.065480108320401 ], [ 139.833882361381939, 33.064224395739302 ], [ 139.833852412159104, 33.062456135242485 ], [ 139.834357924678557, 33.062958667408623 ], [ 139.833593501838664, 33.059452369031646 ], [ 139.833642737022728, 33.058942712436306 ], [ 139.834049494088958, 33.059049107630244 ], [ 139.833437639435601, 33.054869828579797 ], [ 139.836430947430358, 33.051864955303472 ], [ 139.836536134834773, 33.051064000203496 ], [ 139.836912386897211, 33.050670386728996 ], [ 139.836569948444435, 33.049993360005601 ], [ 139.837041284028146, 33.049576440600333 ], [ 139.836671310132942, 33.049147053893478 ], [ 139.836275136288577, 33.049408108197667 ], [ 139.834291530429823, 33.04697808067391 ], [ 139.832948301223155, 33.046465333108699 ], [ 139.833009753697183, 33.046253333224797 ], [ 139.831578300997876, 33.046776892439709 ], [ 139.832855473201562, 33.045761413958132 ], [ 139.832603332977556, 33.045277558912289 ], [ 139.831144137092338, 33.046625198394224 ], [ 139.830207664951786, 33.047028081181054 ], [ 139.830288365615615, 33.047563999778845 ], [ 139.829706393635206, 33.048310305776056 ], [ 139.82708744462991, 33.050123721232808 ], [ 139.824376782762329, 33.053380532385688 ], [ 139.819211024769061, 33.058525945915733 ], [ 139.816123216912956, 33.059419747923073 ], [ 139.81537055810486, 33.058584613189396 ], [ 139.815721996972684, 33.059230224795101 ], [ 139.815178053724253, 33.059515639934887 ], [ 139.81430632917386, 33.058628359810996 ], [ 139.815555551347643, 33.058337639570482 ], [ 139.815092244011907, 33.058016559116936 ], [ 139.813997562237773, 33.058337054111803 ], [ 139.813931530415857, 33.059533387156137 ], [ 139.813681141171742, 33.059236054200596 ], [ 139.813726666652428, 33.059541748153208 ], [ 139.812668715888549, 33.059695864972241 ], [ 139.810189105143195, 33.058754891724902 ], [ 139.810237224268576, 33.058331080814753 ], [ 139.809992192285904, 33.058756225419529 ], [ 139.807614474728325, 33.059340441208462 ], [ 139.80632111472778, 33.059916386831844 ], [ 139.806292633198495, 33.060219559085454 ], [ 139.806068145328709, 33.059989305661986 ], [ 139.805497833957929, 33.060171973258036 ], [ 139.805496808730823, 33.060391279234182 ], [ 139.806268144659157, 33.060438775129398 ], [ 139.805525694055632, 33.061827135014312 ], [ 139.803775278806143, 33.063159360116401 ], [ 139.801913864733137, 33.063885360321194 ], [ 139.800276887268637, 33.063729747929585 ], [ 139.799452633432338, 33.063030468381442 ], [ 139.798623527753648, 33.062798865075592 ], [ 139.797633748298949, 33.06260280207772 ], [ 139.797504501331787, 33.062847252198992 ], [ 139.797487496950453, 33.062236305860893 ], [ 139.797099947604579, 33.062978865282446 ], [ 139.796695006269601, 33.06279136023312 ], [ 139.796884642712143, 33.063111278762563 ], [ 139.796425109831034, 33.063134494761186 ], [ 139.796195188257343, 33.062341864685379 ], [ 139.795703113407967, 33.062840586423988 ], [ 139.795881192662932, 33.063122891708133 ], [ 139.795205615646751, 33.063189053931751 ], [ 139.794675188309384, 33.064619252076852 ], [ 139.793427691035163, 33.065740197652076 ], [ 139.790875110198272, 33.066549865384047 ], [ 139.790562606579101, 33.06609633277958 ], [ 139.790294837936472, 33.06661277475979 ], [ 139.788163747758858, 33.067601162064022 ], [ 139.787534746631309, 33.068455532396968 ], [ 139.785719065782359, 33.069451242880632 ], [ 139.784595331409491, 33.069771576896812 ], [ 139.784137950606009, 33.069302612825368 ], [ 139.784284773023955, 33.069707558656944 ], [ 139.781509883374497, 33.07229753240523 ], [ 139.780359843831775, 33.075244712373603 ], [ 139.779479196208058, 33.075324865350296 ], [ 139.779586005090096, 33.075640333134913 ], [ 139.780277990237096, 33.075595811297717 ], [ 139.780124812310305, 33.075876387185588 ], [ 139.780474681861165, 33.075966188988502 ], [ 139.780188262178626, 33.077801955296025 ], [ 139.780445926938, 33.07810064892584 ], [ 139.780447328081777, 33.081761558749008 ], [ 139.779553061124943, 33.086476197918273 ], [ 139.779929689103938, 33.087361693787216 ], [ 139.780109001329379, 33.089489198367858 ], [ 139.779805472944304, 33.090272945839843 ], [ 139.779778145245245, 33.092611441265035 ], [ 139.779111504792127, 33.093095864682482 ], [ 139.779569999855653, 33.093492829030879 ], [ 139.779365771912921, 33.094601891863874 ], [ 139.778971581972996, 33.095198135185854 ], [ 139.778697911979066, 33.095132559320234 ], [ 139.778830829978915, 33.095855919115422 ], [ 139.777913191440689, 33.096807386551689 ], [ 139.776462943809861, 33.095951332687889 ], [ 139.774578520582281, 33.096206386715437 ], [ 139.776516615349578, 33.096122891858045 ], [ 139.777862165706438, 33.096840558944677 ], [ 139.777073864966951, 33.09788894631788 ], [ 139.776681362155159, 33.098166945648074 ], [ 139.776379779902982, 33.098003494765521 ], [ 139.776149170348049, 33.098414892333494 ], [ 139.777029026568357, 33.099130278739437 ], [ 139.776125913879923, 33.099387667406972 ], [ 139.777205836879943, 33.099275639759014 ], [ 139.778389299726427, 33.100034973335426 ], [ 139.779629830852059, 33.100070494757574 ], [ 139.779465331360029, 33.100870467797904 ], [ 139.77856661455769, 33.10073933315374 ], [ 139.778641413870218, 33.100388225236429 ], [ 139.777590052438995, 33.099891413657872 ], [ 139.777451725017158, 33.100436386630008 ], [ 139.776551893954775, 33.100256532113292 ], [ 139.776497755666924, 33.09980302738785 ], [ 139.775574162717476, 33.099907278598096 ], [ 139.775281245433234, 33.099431306109921 ], [ 139.775981439591874, 33.099049793013592 ], [ 139.775562541678028, 33.09852478409158 ], [ 139.775738145099353, 33.097495721350526 ], [ 139.775128560334906, 33.099046514085387 ], [ 139.774775409157883, 33.09868986544501 ], [ 139.774025213592836, 33.098979144072302 ], [ 139.774097224107663, 33.09871749531618 ], [ 139.77377727590067, 33.09886852296404 ], [ 139.772960868649193, 33.098124072268149 ], [ 139.772558961626828, 33.098348550245476 ], [ 139.772630466722717, 33.097629532377084 ], [ 139.772298612391069, 33.097679450146586 ], [ 139.772158262393987, 33.098257928260807 ], [ 139.771392179405666, 33.098356702599801 ], [ 139.771700907670834, 33.098512476869359 ], [ 139.771603333027429, 33.098838404668697 ], [ 139.770815499036075, 33.098883856404882 ], [ 139.770629727879736, 33.096658224997157 ], [ 139.770098106242699, 33.096718639653545 ], [ 139.770482918052267, 33.098990972855177 ], [ 139.77072450113485, 33.099010586169641 ], [ 139.77049710755557, 33.099517441376861 ], [ 139.770934553087272, 33.099511252242564 ], [ 139.771206355189179, 33.100273279288444 ], [ 139.77010561558177, 33.099342811021984 ], [ 139.769443631818262, 33.099165676055179 ], [ 139.769037535753682, 33.099425009056972 ], [ 139.769791504874092, 33.099674793057318 ], [ 139.76978102507428, 33.100261658248996 ], [ 139.769418066790422, 33.100224143929154 ], [ 139.769669481261644, 33.100665225419846 ], [ 139.769023760837968, 33.100391828819909 ], [ 139.768800479858328, 33.10079601832166 ], [ 139.767955602768893, 33.100647756988451 ], [ 139.767937276384259, 33.101673027288427 ], [ 139.767590946564951, 33.101368306402264 ], [ 139.767282256970702, 33.101819802042257 ], [ 139.766612684727647, 33.101539702795094 ], [ 139.76602745810078, 33.101800350605743 ], [ 139.765198495414324, 33.10106142264658 ], [ 139.765308638083297, 33.101928486010877 ], [ 139.764705291915789, 33.102205846822415 ], [ 139.763877146713071, 33.102303595034925 ], [ 139.763572451007917, 33.101566026850719 ], [ 139.761364125254204, 33.102519981811781 ], [ 139.758337664651549, 33.102345495348402 ], [ 139.756525109846052, 33.103319739014808 ], [ 139.756235200793981, 33.103844801896116 ], [ 139.755641153616466, 33.103533423328884 ], [ 139.755659856817033, 33.103855820389867 ], [ 139.755257095438651, 33.103838819605869 ], [ 139.755089001356396, 33.104296820042237 ], [ 139.755372476658522, 33.104322431834817 ], [ 139.755480829676571, 33.104846089975126 ], [ 139.755212685117385, 33.105230568136278 ], [ 139.754650803991467, 33.104742667040512 ], [ 139.754308781025543, 33.105279829400672 ], [ 139.754068885071092, 33.105117856104243 ], [ 139.754071996725315, 33.105575396087715 ], [ 139.753980648987863, 33.104928982286765 ], [ 139.753641932829055, 33.105049423092453 ], [ 139.753961790204471, 33.105835125690533 ], [ 139.753398884750823, 33.105975990999241 ], [ 139.753459507150637, 33.106816027038064 ], [ 139.75292996114888, 33.106852981979614 ], [ 139.753473151664707, 33.107081972754884 ], [ 139.752831505169866, 33.107380107905726 ], [ 139.753330454436991, 33.107579153055497 ], [ 139.752961996798831, 33.107769981999127 ], [ 139.753223230068102, 33.107937396193904 ], [ 139.752936277986919, 33.10791872986556 ], [ 139.752884125402147, 33.108768937236732 ], [ 139.752355019168817, 33.108866685449243 ], [ 139.752561245405218, 33.108917396420736 ], [ 139.751833657897009, 33.11011875667532 ], [ 139.752589222414713, 33.111795937432646 ], [ 139.751333527820066, 33.115243395866059 ], [ 139.749450026397653, 33.117008604063869 ], [ 139.749009014154694, 33.11782938741635 ], [ 139.74807564197738, 33.1182751166034 ], [ 139.74771862461489, 33.119214369447661 ], [ 139.746490194766693, 33.119841559340557 ], [ 139.746271361833919, 33.120446359711764 ], [ 139.745602918240138, 33.120479523111555 ], [ 139.745753826278133, 33.120890586131679 ], [ 139.745500232749578, 33.121295099389386 ], [ 139.744454253760864, 33.121175973392496 ], [ 139.744238184444725, 33.121680413920046 ], [ 139.744634734205647, 33.122525936722639 ], [ 139.74413140074364, 33.123003531587756 ], [ 139.744379791694087, 33.123813963743487 ], [ 139.743495473037683, 33.126096441297761 ], [ 139.743234073393864, 33.126464351248842 ], [ 139.742460725682008, 33.126248324200844 ], [ 139.743024007951703, 33.126656810663349 ], [ 139.742778157585917, 33.126933071604014 ], [ 139.741853864964014, 33.12671442303224 ], [ 139.742000143291989, 33.127175287809337 ], [ 139.742502750101949, 33.12713076597214 ], [ 139.742029714799514, 33.127748747706619 ], [ 139.741435291705443, 33.127924198243193 ], [ 139.74119358001974, 33.12932425201268 ], [ 139.739813489401058, 33.131416666845723 ], [ 139.739953671225067, 33.132729495369972 ], [ 139.73969728889881, 33.1332928019213 ], [ 139.739130129651812, 33.133426252319737 ], [ 139.739718508402461, 33.133668341720636 ], [ 139.739842541999792, 33.134353081029928 ], [ 139.739088846273262, 33.135789008755808 ], [ 139.739238872076385, 33.136066278735825 ], [ 139.7382632812255, 33.138701071996934 ], [ 139.738785317888187, 33.140330576994586 ], [ 139.738394851141493, 33.141941739419792 ], [ 139.738820064994115, 33.141865693646878 ], [ 139.739022061718856, 33.142498882917153 ], [ 139.738800699892408, 33.142668045394032 ], [ 139.739171492170726, 33.142858937290157 ], [ 139.738928910840627, 33.143115000357056 ], [ 139.73952753556739, 33.143142161681453 ], [ 139.739259571771868, 33.144974224580835 ], [ 139.739604085859924, 33.14538976622481 ], [ 139.738582983018318, 33.145870477240805 ], [ 139.7394740339995, 33.145822757414351 ], [ 139.739581958040958, 33.146258071552836 ], [ 139.740627990089706, 33.14658631510639 ], [ 139.740417664743518, 33.146948305719775 ], [ 139.741060959695574, 33.146942405267851 ], [ 139.740933657962046, 33.147289270183705 ], [ 139.741363981762447, 33.147332342313803 ], [ 139.741590895103741, 33.148010936555522 ], [ 139.742010156343667, 33.148017918891867 ], [ 139.741564604323116, 33.148709323976163 ], [ 139.742498598831389, 33.149376279191983 ], [ 139.742618988375625, 33.150423856276007 ], [ 139.743126122372701, 33.150534441411367 ], [ 139.742899882623533, 33.150887125840256 ], [ 139.74310950739789, 33.151063467605013 ], [ 139.742432865584306, 33.151201395727867 ], [ 139.743196693072946, 33.151119332591179 ], [ 139.743846355225173, 33.152692459089792 ], [ 139.743830440822194, 33.153420523238594 ], [ 139.743247872591269, 33.153826756899377 ], [ 139.743704514152114, 33.153813955050055 ], [ 139.743729428970028, 33.154096801726098 ], [ 139.744314305760668, 33.153726648865813 ], [ 139.74575381278828, 33.155568676253438 ], [ 139.746119144383101, 33.1555145496568 ], [ 139.745774564644535, 33.155907396009582 ], [ 139.746872645856001, 33.155566927971392 ], [ 139.74799408605827, 33.156609738648569 ], [ 139.750116680340625, 33.157271820438211 ], [ 139.751827393219742, 33.157222712058569 ], [ 139.752124851180952, 33.157346594569731 ], [ 139.752088067110662, 33.15769355931036 ], [ 139.752834254397385, 33.157543278999185 ], [ 139.752960376220472, 33.158027260849451 ], [ 139.754013100124553, 33.158023577226345 ], [ 139.754710245581464, 33.157647882743618 ], [ 139.755396874366284, 33.158185649448228 ], [ 139.755536432960071, 33.157974964373182 ], [ 139.756188042144458, 33.158128928307463 ], [ 139.756322917968305, 33.158519368973771 ], [ 139.756808729039676, 33.158136783885539 ], [ 139.756871790400851, 33.158712874299738 ], [ 139.757034695394964, 33.158530170730842 ], [ 139.757428379016574, 33.159178458718941 ], [ 139.758433423563702, 33.159549748322263 ], [ 139.759399066114042, 33.159567440684896 ], [ 139.75992326834421, 33.159080116953874 ], [ 139.76001391730847, 33.158977351423687 ] ] ], [ [ [ 139.760041387999763, 33.160241666919433 ], [ 139.75980916955757, 33.160352225075201 ], [ 139.760047782179413, 33.160285278642732 ], [ 139.760041387999763, 33.160241666919433 ] ] ], [ [ [ 139.299035720422239, 33.652276134935732 ], [ 139.299527224202052, 33.651435053884654 ], [ 139.298845887927428, 33.650720892355366 ], [ 139.298489274360577, 33.651879891843578 ], [ 139.299011945944585, 33.652300829419801 ], [ 139.299035720422239, 33.652276134935732 ] ] ], [ [ [ 139.621877223655019, 33.850247774814989 ], [ 139.621726938847246, 33.850395000129197 ], [ 139.621903164599416, 33.85029016166169 ], [ 139.621877223655019, 33.850247774814989 ] ] ], [ [ [ 139.621503502284895, 33.850274224775717 ], [ 139.621293333420681, 33.850557774721551 ], [ 139.621506938594393, 33.850321108232606 ], [ 139.621503502284895, 33.850274224775717 ] ] ], [ [ [ 139.619750272157376, 33.850360558792829 ], [ 139.619402503422862, 33.85066305385692 ], [ 139.619776005358403, 33.8504042793341 ], [ 139.619750272157376, 33.850360558792829 ] ] ], [ [ [ 139.619096667377335, 33.850854720968641 ], [ 139.618924163019756, 33.851180558835779 ], [ 139.619140000310836, 33.850877775089316 ], [ 139.619096667377335, 33.850854720968641 ] ] ], [ [ [ 139.619564721334882, 33.851635559133797 ], [ 139.620784163358508, 33.850529161891359 ], [ 139.61938167332562, 33.850782775204948 ], [ 139.619162775641598, 33.851399720920426 ], [ 139.619498053692269, 33.851640829160999 ], [ 139.619564721334882, 33.851635559133797 ] ] ], [ [ [ 139.592725551143303, 33.853957775031347 ], [ 139.592512502649924, 33.854031945717793 ], [ 139.592803606001667, 33.853977775054318 ], [ 139.592725551143303, 33.853957775031347 ] ] ], [ [ [ 139.629174162657591, 33.876991107853371 ], [ 139.629000142942346, 33.877118558874429 ], [ 139.629181608144791, 33.877027305565775 ], [ 139.629174162657591, 33.876991107853371 ] ] ], [ [ [ 139.593309442277018, 33.898943053579103 ], [ 139.59308472058342, 33.899015000242116 ], [ 139.593343060733787, 33.898978891562649 ], [ 139.593309442277018, 33.898943053579103 ] ] ], [ [ [ 139.603623307269913, 33.901140252021094 ], [ 139.605721387831863, 33.900870279140122 ], [ 139.607592502891748, 33.899619440884521 ], [ 139.609862723585934, 33.898782747625773 ], [ 139.611323060710788, 33.897632225147106 ], [ 139.613234163226139, 33.895388054215402 ], [ 139.613754448908708, 33.8949527751505 ], [ 139.614096393633758, 33.895109161858386 ], [ 139.61405111456736, 33.894814999912342 ], [ 139.615941115390228, 33.893670558649433 ], [ 139.616574448552001, 33.892778612842733 ], [ 139.618525006124173, 33.892425279103406 ], [ 139.621115550942022, 33.888630278564563 ], [ 139.625312477389002, 33.883762386824742 ], [ 139.626817782414832, 33.880184161569844 ], [ 139.627613060994008, 33.879790000408263 ], [ 139.627314163218102, 33.879361945597338 ], [ 139.628060829843434, 33.877815278952028 ], [ 139.628452218395182, 33.877773613361626 ], [ 139.628199468430807, 33.877519197852735 ], [ 139.628849441748457, 33.87715582857868 ], [ 139.628664721000177, 33.877025828878971 ], [ 139.629511089165476, 33.875851666821006 ], [ 139.629988339590227, 33.873942495150061 ], [ 139.63081861168962, 33.873249161919318 ], [ 139.630852776034885, 33.872705000135682 ], [ 139.631920558187289, 33.871303054192651 ], [ 139.632007781633888, 33.869837224908053 ], [ 139.631394163409936, 33.867735829445053 ], [ 139.628319727573398, 33.862426946146684 ], [ 139.628239105150669, 33.861836945918355 ], [ 139.626946939449795, 33.859947494581263 ], [ 139.625786225853744, 33.859005161559026 ], [ 139.624421115242285, 33.856615278872084 ], [ 139.624660000358745, 33.856135000429958 ], [ 139.621982776184268, 33.853691108058229 ], [ 139.621550272427157, 33.852962775012088 ], [ 139.619723606359457, 33.851720000077989 ], [ 139.617905278805665, 33.852168892180657 ], [ 139.616381388390437, 33.852150000122435 ], [ 139.615554163194133, 33.852513053734469 ], [ 139.61397888461795, 33.852429441065908 ], [ 139.610932775627134, 33.853540828646373 ], [ 139.604502218302741, 33.854353332840105 ], [ 139.591491114723226, 33.85456889224065 ], [ 139.58339055772808, 33.857611386856092 ], [ 139.579448053984606, 33.859572495274506 ], [ 139.578296108778432, 33.861072774888726 ], [ 139.577077781914113, 33.86447305398832 ], [ 139.576565550559735, 33.866546946384517 ], [ 139.577288885173971, 33.873131386704188 ], [ 139.577130557729106, 33.876168613091068 ], [ 139.576589170353941, 33.877794161971053 ], [ 139.576871672589732, 33.879559162425437 ], [ 139.578795005884899, 33.883805279090382 ], [ 139.582613890618632, 33.888848892062754 ], [ 139.587443332743646, 33.894117775315124 ], [ 139.58909693867281, 33.895239999726243 ], [ 139.58866377391405, 33.895950585551134 ], [ 139.588148715990542, 33.895882891782094 ], [ 139.588435421657437, 33.896138864916736 ], [ 139.58704005155721, 33.897220027182584 ], [ 139.587212555015412, 33.897368107752015 ], [ 139.589469895619231, 33.895953377946114 ], [ 139.590441505171384, 33.896990945575737 ], [ 139.589945667558595, 33.897404972761308 ], [ 139.590397301694225, 33.897234667246153 ], [ 139.590887082373001, 33.89767938739385 ], [ 139.590487107993681, 33.898316414071303 ], [ 139.58969547256811, 33.897605640288134 ], [ 139.589474695300964, 33.897773774839891 ], [ 139.590443838912051, 33.898622332854416 ], [ 139.591242411707981, 33.898010945848512 ], [ 139.593993332626269, 33.899066386604488 ], [ 139.599312827025415, 33.900170639863177 ], [ 139.600361946446696, 33.900651386852076 ], [ 139.600269728165472, 33.901037494584784 ], [ 139.601085005868413, 33.900859441410148 ], [ 139.603579170342528, 33.901158054100961 ], [ 139.603623307269913, 33.901140252021094 ] ] ], [ [ [ 139.601645005612568, 33.90124610762183 ], [ 139.601623606244516, 33.901475828646653 ], [ 139.60166055758873, 33.901264720890197 ], [ 139.601645005612568, 33.90124610762183 ] ] ], [ [ [ 138.817698340106404, 33.942910000096504 ], [ 138.817386939056064, 33.942911667439546 ], [ 138.817400272404711, 33.943294161696258 ], [ 138.81769722404772, 33.943034441086638 ], [ 138.817698340106404, 33.942910000096504 ] ] ], [ [ [ 138.8175719457887, 33.943406387195068 ], [ 138.817258339600812, 33.943502225247528 ], [ 138.817370830399568, 33.94391777498538 ], [ 138.817600557719629, 33.943456386802836 ], [ 138.8175719457887, 33.943406387195068 ] ] ], [ [ [ 138.816771673274161, 33.946517494686702 ], [ 138.816948339694136, 33.946330828704845 ], [ 138.816399728065107, 33.94657333269322 ], [ 138.816759441594968, 33.946551667125789 ], [ 138.816771673274161, 33.946517494686702 ] ] ], [ [ [ 138.815420000332779, 33.946971387019971 ], [ 138.815710000216427, 33.94641027931101 ], [ 138.815390272343279, 33.946969440887017 ], [ 138.815420000332779, 33.946971387019971 ] ] ], [ [ [ 138.815902217713187, 33.946893612750102 ], [ 138.815672217898623, 33.947161107998795 ], [ 138.8159127757541, 33.9469011077 ], [ 138.815902217713187, 33.946893612750102 ] ] ], [ [ [ 138.816086394371723, 33.947198892115239 ], [ 138.81617610894034, 33.946982495445866 ], [ 138.8158588847798, 33.947360829438765 ], [ 138.81604999970773, 33.94725305378546 ], [ 138.816086394371723, 33.947198892115239 ] ] ], [ [ [ 138.838066109363467, 33.963129440571265 ], [ 138.838049442227998, 33.962913332584264 ], [ 138.83805861171561, 33.963138612756836 ], [ 138.838066109363467, 33.963129440571265 ] ] ], [ [ [ 139.384473891357061, 34.044031387038956 ], [ 139.384440272001029, 34.044403612836504 ], [ 139.384492217741695, 34.044054720848749 ], [ 139.384473891357061, 34.044031387038956 ] ] ], [ [ [ 139.501333890746537, 34.04412333282562 ], [ 139.501145551126342, 34.044424162345251 ], [ 139.501654162709542, 34.044847225019453 ], [ 139.501354163264068, 34.044127774577191 ], [ 139.501333890746537, 34.04412333282562 ] ] ], [ [ [ 139.379731672678645, 34.04539027883834 ], [ 139.379590829852987, 34.045611387055942 ], [ 139.37975917034953, 34.045415558781087 ], [ 139.379731672678645, 34.04539027883834 ] ] ], [ [ [ 139.378596938697797, 34.045772774893692 ], [ 139.379008612357666, 34.045459441200308 ], [ 139.377992502552047, 34.045481945835206 ], [ 139.378541672660162, 34.045807495019915 ], [ 139.378596938697797, 34.045772774893692 ] ] ], [ [ [ 139.379485550717618, 34.045888612969179 ], [ 139.379242217554406, 34.046028613130034 ], [ 139.379506939293833, 34.045903612761549 ], [ 139.379485550717618, 34.045888612969179 ] ] ], [ [ [ 139.384937782352836, 34.046115829382074 ], [ 139.386186393886987, 34.045106666839274 ], [ 139.384826109037817, 34.045308332613502 ], [ 139.384443605787851, 34.04631833332445 ], [ 139.384924449004188, 34.046138891596627 ], [ 139.384937782352836, 34.046115829382074 ] ] ], [ [ [ 139.385001387803868, 34.046306386730407 ], [ 139.384696666917762, 34.046595829034345 ], [ 139.385024449119101, 34.046324721208975 ], [ 139.385001387803868, 34.046306386730407 ] ] ], [ [ [ 139.380208340342733, 34.046251666581213 ], [ 139.380067496617698, 34.045921666651623 ], [ 139.379347496689661, 34.046321945901127 ], [ 139.379840558095339, 34.046475559099804 ], [ 139.379981673415614, 34.046931946152426 ], [ 139.380361946346852, 34.046764441126129 ], [ 139.380242217804152, 34.046267775237709 ], [ 139.380208340342733, 34.046251666581213 ] ] ], [ [ [ 139.385506667398886, 34.047484441054166 ], [ 139.385973606197012, 34.047203332767651 ], [ 139.3854897277688, 34.047500279014741 ], [ 139.385506667398886, 34.047484441054166 ] ] ], [ [ [ 139.382458612275173, 34.048508053903618 ], [ 139.381787224300979, 34.04834416235326 ], [ 139.382390830372628, 34.048541107586118 ], [ 139.382458612275173, 34.048508053903618 ] ] ], [ [ [ 139.383754163024264, 34.049416108366756 ], [ 139.384446393686176, 34.049330000079465 ], [ 139.384984449073158, 34.04881194561483 ], [ 139.384283333109352, 34.047908332903319 ], [ 139.383371114785177, 34.048320000267836 ], [ 139.382948339894028, 34.048969999665815 ], [ 139.383705278575803, 34.04943416225683 ], [ 139.383754163024264, 34.049416108366756 ] ] ], [ [ [ 139.479778832926854, 34.054216225398534 ], [ 139.479576821812884, 34.054187649440507 ], [ 139.479802048925535, 34.054284540599099 ], [ 139.479778832926854, 34.054216225398534 ] ] ], [ [ [ 139.543687833926469, 34.055759197628902 ], [ 139.543500051885985, 34.055898640210103 ], [ 139.543682554906013, 34.055799748059997 ], [ 139.543687833926469, 34.055759197628902 ] ] ], [ [ [ 139.480616537023593, 34.0565819280136 ], [ 139.480221374916596, 34.05661901785345 ], [ 139.480600790793915, 34.056617179639204 ], [ 139.480616537023593, 34.0565819280136 ] ] ], [ [ [ 139.549565187683356, 34.057306865219687 ], [ 139.549257976574381, 34.057421865127026 ], [ 139.549861025066321, 34.057865748005895 ], [ 139.549579363696694, 34.057327135039316 ], [ 139.549565187683356, 34.057306865219687 ] ] ], [ [ [ 139.477462503092056, 34.061987494727134 ], [ 139.477206394159793, 34.062037225437678 ], [ 139.477477496589245, 34.062035558993898 ], [ 139.477462503092056, 34.061987494727134 ] ] ], [ [ [ 139.477912840405338, 34.065580684700876 ], [ 139.477613216876534, 34.065571197752604 ], [ 139.477505746093357, 34.066840640283374 ], [ 139.477809144076787, 34.066854495238829 ], [ 139.477890752156554, 34.065836360159949 ], [ 139.477912840405338, 34.065580684700876 ] ] ], [ [ [ 139.476784163358502, 34.071938054297846 ], [ 139.476642776442986, 34.07222805418138 ], [ 139.476858340340186, 34.072004441351964 ], [ 139.476784163358502, 34.071938054297846 ] ] ], [ [ [ 139.476077781864205, 34.080072774738824 ], [ 139.475932217597801, 34.080407495209784 ], [ 139.476131946232385, 34.080149720733061 ], [ 139.476077781864205, 34.080072774738824 ] ] ], [ [ [ 139.519080558021415, 34.123766386709406 ], [ 139.51893416278142, 34.124386945900881 ], [ 139.51913306134179, 34.123804440622507 ], [ 139.519080558021415, 34.123766386709406 ] ] ], [ [ [ 139.532377393302113, 34.12463334215505 ], [ 139.532579987176746, 34.124356036202187 ], [ 139.533132554923554, 34.124546224828464 ], [ 139.53393883311071, 34.123894558986763 ], [ 139.53590019513797, 34.123991891712478 ], [ 139.53608481156482, 34.12331697299993 ], [ 139.538784838049878, 34.123603333327196 ], [ 139.539795161617462, 34.124249224622076 ], [ 139.539733890806474, 34.12369286533351 ], [ 139.540572503218527, 34.123451080802795 ], [ 139.541358391976246, 34.12237958624894 ], [ 139.54236325575971, 34.122369720686095 ], [ 139.54222802920026, 34.122125775084498 ], [ 139.542583281193515, 34.12184325216441 ], [ 139.54437869042431, 34.121344864973594 ], [ 139.544783307104012, 34.120859026922631 ], [ 139.546617755904776, 34.119967585635607 ], [ 139.547232970425284, 34.119090775419011 ], [ 139.547086887250089, 34.117405891968417 ], [ 139.547514163248138, 34.116833558921655 ], [ 139.549632283403184, 34.116790306027838 ], [ 139.551104500572364, 34.116360135112188 ], [ 139.551398781228841, 34.115589134630909 ], [ 139.552437859719475, 34.114907999804416 ], [ 139.554228339766155, 34.115095279123864 ], [ 139.55433033727536, 34.114831972917273 ], [ 139.553717808130386, 34.11455541430098 ], [ 139.553694643393101, 34.114218162238444 ], [ 139.555399052924031, 34.112580225197291 ], [ 139.555750609603024, 34.112700306274178 ], [ 139.555610272196418, 34.112492972972404 ], [ 139.556756614626124, 34.111874162062975 ], [ 139.557760725676985, 34.111827667113175 ], [ 139.558298029230741, 34.111428279091854 ], [ 139.559467444666893, 34.111717332888645 ], [ 139.558832049359694, 34.111309198061122 ], [ 139.559453086990402, 34.111302559265766 ], [ 139.558959027337323, 34.110892305635446 ], [ 139.559362309423136, 34.11013597309676 ], [ 139.560297756336468, 34.10908469440318 ], [ 139.561881829382969, 34.108633440680819 ], [ 139.561590219712912, 34.108105802141097 ], [ 139.561941725130623, 34.107901828706474 ], [ 139.561851802818524, 34.107311081141518 ], [ 139.562579143912444, 34.106692027415193 ], [ 139.562865006015272, 34.105686305678489 ], [ 139.563355641949329, 34.105490107782316 ], [ 139.56291275012336, 34.104235279234786 ], [ 139.563232826933472, 34.102624999943828 ], [ 139.564464668809478, 34.102169693876306 ], [ 139.565362218291853, 34.102292359604746 ], [ 139.56530641985546, 34.101909693577568 ], [ 139.565660725761973, 34.102085829397538 ], [ 139.565356328631765, 34.101686107727744 ], [ 139.565685499386404, 34.101133972554862 ], [ 139.565334332113821, 34.10092944064121 ], [ 139.564802750046965, 34.101231225240895 ], [ 139.563788002714205, 34.100703558822261 ], [ 139.563668612316633, 34.100318918783103 ], [ 139.563974968170328, 34.09964089201361 ], [ 139.564830505823238, 34.099099161996776 ], [ 139.565539533123001, 34.0974464410005 ], [ 139.565610245916218, 34.095774864818225 ], [ 139.564945253021051, 34.094679225266077 ], [ 139.565107173257502, 34.093952332933895 ], [ 139.566010389367989, 34.093976495019263 ], [ 139.566512023111386, 34.09349827872262 ], [ 139.56439783389294, 34.092629135226446 ], [ 139.564623579914382, 34.092110468323483 ], [ 139.564184527294174, 34.092128197558338 ], [ 139.56391247697934, 34.091828693639343 ], [ 139.56419705574956, 34.091630081063443 ], [ 139.563931725169027, 34.091740748037125 ], [ 139.563850609917722, 34.091486134677439 ], [ 139.564262776406053, 34.091474973191509 ], [ 139.564275032366936, 34.091164666616123 ], [ 139.56321389080847, 34.091122748316252 ], [ 139.562863385436913, 34.089946468354867 ], [ 139.563392283027497, 34.088526332724143 ], [ 139.562994863622066, 34.087618279160324 ], [ 139.561943333118393, 34.087233026682895 ], [ 139.561327081679565, 34.086380999983191 ], [ 139.561304137276124, 34.083522612778381 ], [ 139.561752827031455, 34.082475468268285 ], [ 139.562582114373186, 34.0820979193835 ], [ 139.563299999995024, 34.080011198158331 ], [ 139.569420751666371, 34.080845766319101 ], [ 139.569064371023956, 34.080473422710327 ], [ 139.566839027399283, 34.080244504780126 ], [ 139.566929624202885, 34.079615577397021 ], [ 139.563893397862103, 34.079442054107574 ], [ 139.563147716893695, 34.078591198325171 ], [ 139.563034501241304, 34.075552532123709 ], [ 139.563252996029064, 34.075053694372571 ], [ 139.563711284248484, 34.07489105377914 ], [ 139.5631686378224, 34.074662386759769 ], [ 139.563923994596735, 34.074336413994388 ], [ 139.56359230933765, 34.074246864900942 ], [ 139.563712022591858, 34.073527107789857 ], [ 139.563245331107169, 34.072619081205687 ], [ 139.563429247861563, 34.071749532115291 ], [ 139.562780947282931, 34.071363999948687 ], [ 139.563028106162278, 34.070600891917707 ], [ 139.562888689661349, 34.070798748163725 ], [ 139.562696199669972, 34.070588440803931 ], [ 139.562800557899436, 34.069932387169956 ], [ 139.562520440665821, 34.069744694162353 ], [ 139.563214059881034, 34.069059080712066 ], [ 139.561932970230487, 34.068570667002746 ], [ 139.560899559267341, 34.068723720823129 ], [ 139.560556808749766, 34.068167586365064 ], [ 139.560885551427077, 34.067916585581997 ], [ 139.560799195826235, 34.067518251566128 ], [ 139.559812217759713, 34.067218774626781 ], [ 139.559541387824879, 34.065629278668325 ], [ 139.558238223415287, 34.06582291889265 ], [ 139.559029857042333, 34.06524622503332 ], [ 139.558700699777546, 34.065127640428329 ], [ 139.55874055773063, 34.064352973411019 ], [ 139.557284254065166, 34.064639586447811 ], [ 139.557463410707896, 34.064210108010116 ], [ 139.557091024831038, 34.064326829219851 ], [ 139.556874889864389, 34.063896359729256 ], [ 139.555332048934929, 34.063710774732499 ], [ 139.555419754418153, 34.063067945629257 ], [ 139.554860973255359, 34.062765640322084 ], [ 139.555520725800875, 34.062695531873374 ], [ 139.555273645162629, 34.062555386921645 ], [ 139.555645772034836, 34.062418467838086 ], [ 139.555588171357044, 34.062109919437262 ], [ 139.554597107670475, 34.061888224861718 ], [ 139.553480194655322, 34.060214919283169 ], [ 139.552582217994996, 34.060260468146112 ], [ 139.551048339709155, 34.059457946427131 ], [ 139.550775330716988, 34.058448053634834 ], [ 139.550214747312793, 34.058671440734429 ], [ 139.546670830294602, 34.057957279205141 ], [ 139.546340454448455, 34.057848981945028 ], [ 139.546454034326302, 34.057044891808346 ], [ 139.546105978708056, 34.057417855949325 ], [ 139.545156835119883, 34.05671194569976 ], [ 139.544577859680544, 34.057212494860778 ], [ 139.545189689152949, 34.056993694303628 ], [ 139.545461946311889, 34.057175360054885 ], [ 139.545221310215311, 34.05747766716064 ], [ 139.54552444919409, 34.057209332844479 ], [ 139.546035746152825, 34.057493801897465 ], [ 139.545604811712792, 34.05820264033963 ], [ 139.543948807291713, 34.05756689159881 ], [ 139.543708754855174, 34.057380413575288 ], [ 139.543903839390737, 34.057034108037726 ], [ 139.542754227925343, 34.056415891580173 ], [ 139.544194889682444, 34.05697682931725 ], [ 139.545200078121184, 34.056161891558077 ], [ 139.546146523743118, 34.056349748242326 ], [ 139.546210726344043, 34.056103225183733 ], [ 139.545239105100677, 34.055926306054232 ], [ 139.544124188580554, 34.056790198408976 ], [ 139.542622244321137, 34.056199801579623 ], [ 139.541477392967408, 34.056699829133834 ], [ 139.540512749563845, 34.056320864716213 ], [ 139.539471920093092, 34.054859387250985 ], [ 139.538339390350643, 34.054024864955579 ], [ 139.538688222983183, 34.053669279313851 ], [ 139.538589105103142, 34.053324721159015 ], [ 139.537541996566006, 34.053783468032691 ], [ 139.533744694662005, 34.052761667317156 ], [ 139.5340626068039, 34.051773198174601 ], [ 139.533560169066618, 34.050657667417454 ], [ 139.534048028793563, 34.050194801648843 ], [ 139.53394345023014, 34.049407278822912 ], [ 139.533447807770131, 34.049340532039992 ], [ 139.533404474836743, 34.048883748386345 ], [ 139.532767003894151, 34.048741359626092 ], [ 139.532472243898951, 34.048287026625019 ], [ 139.531451362290568, 34.048902305896775 ], [ 139.532117976663358, 34.047332532070754 ], [ 139.531804553037773, 34.046920162335653 ], [ 139.531750531661714, 34.047127332860157 ], [ 139.531248949179712, 34.046847586147237 ], [ 139.530994501295254, 34.047194972669899 ], [ 139.529921089386789, 34.047261494622319 ], [ 139.529703696268598, 34.04696099965048 ], [ 139.529926160663877, 34.046505585664306 ], [ 139.529401802850998, 34.047298080841813 ], [ 139.529216782628509, 34.046519359680758 ], [ 139.52815233516219, 34.046566467968148 ], [ 139.528628197033754, 34.046767468244127 ], [ 139.527127419195153, 34.04778616180198 ], [ 139.527171361868909, 34.04825166708082 ], [ 139.526949390302207, 34.048081973104615 ], [ 139.52602613459851, 34.049185945774809 ], [ 139.525180778170466, 34.049443865042406 ], [ 139.523203838986092, 34.048986918611433 ], [ 139.521818170772008, 34.047799864772003 ], [ 139.521801581877526, 34.047208919356194 ], [ 139.520650920903336, 34.047367027366477 ], [ 139.520365836714063, 34.046869053863816 ], [ 139.519647275701232, 34.047669026904146 ], [ 139.519208520756706, 34.047013612688147 ], [ 139.519005227209504, 34.048099613306533 ], [ 139.517285888033371, 34.047824359606579 ], [ 139.512156887130686, 34.048802559390651 ], [ 139.509724616697781, 34.048367306406135 ], [ 139.509302776202276, 34.047607945850075 ], [ 139.509132943730378, 34.047866532414616 ], [ 139.508518755336354, 34.04739946771133 ], [ 139.506646743652368, 34.04776733269631 ], [ 139.505931089248406, 34.047612802189121 ], [ 139.5059033586532, 34.047218278600724 ], [ 139.505253086760604, 34.047401721412371 ], [ 139.505267250183465, 34.047043999880714 ], [ 139.504739053164826, 34.04719738734957 ], [ 139.504590661429916, 34.046750251622882 ], [ 139.503526160903675, 34.046664639761389 ], [ 139.502975227224965, 34.045876053936809 ], [ 139.502740558130313, 34.046198918645246 ], [ 139.501867497187277, 34.046051413641862 ], [ 139.501766393604271, 34.045229053777859 ], [ 139.501709637389922, 34.045811532076584 ], [ 139.501192048774101, 34.045688666698652 ], [ 139.501229222250913, 34.045962946432894 ], [ 139.500489883301498, 34.045545026981472 ], [ 139.500815668108658, 34.046022693792338 ], [ 139.50053844399406, 34.04603655864031 ], [ 139.500605188079021, 34.046308829289103 ], [ 139.500215811310682, 34.046228251832417 ], [ 139.500094812025964, 34.046702440964907 ], [ 139.498954577791551, 34.046818720607519 ], [ 139.496828664111604, 34.048341864585439 ], [ 139.494330219763924, 34.048928081365887 ], [ 139.493733774094494, 34.048807054202257 ], [ 139.493688807092781, 34.048463613005367 ], [ 139.493144306264753, 34.048190639986103 ], [ 139.492626082727611, 34.048226774745899 ], [ 139.492650337443138, 34.048558918659239 ], [ 139.492079390251774, 34.048777774974383 ], [ 139.491993307145435, 34.049607829437832 ], [ 139.49156600506717, 34.049311081041594 ], [ 139.491348521117402, 34.049631198321208 ], [ 139.490642438198051, 34.049651495120429 ], [ 139.491069533432324, 34.050350891580422 ], [ 139.490670077961795, 34.050345197972547 ], [ 139.489588780797703, 34.051546441315281 ], [ 139.488863190683787, 34.051055747824535 ], [ 139.489113384774896, 34.051324747639057 ], [ 139.488952387242989, 34.051661864803293 ], [ 139.48780094655649, 34.052382441196755 ], [ 139.486752996253813, 34.05240033320888 ], [ 139.486188910889609, 34.051694946364762 ], [ 139.486423256228363, 34.052271559285089 ], [ 139.484958196763387, 34.052650774613596 ], [ 139.483088755341896, 34.051614639603997 ], [ 139.482469001043683, 34.051860468385939 ], [ 139.482407756313023, 34.051508918901561 ], [ 139.482046640739895, 34.051473197829864 ], [ 139.481906056919001, 34.052129972720138 ], [ 139.481363021985885, 34.0520573596595 ], [ 139.481614812373778, 34.052595972626079 ], [ 139.481244527313152, 34.052842054117548 ], [ 139.481410142863865, 34.053103639921119 ], [ 139.481030830408599, 34.053834467686613 ], [ 139.481341504806664, 34.054957945752619 ], [ 139.481095032110147, 34.056960162181781 ], [ 139.480122944118648, 34.057684972583445 ], [ 139.479123916935237, 34.056987586108278 ], [ 139.478865966191506, 34.057361386618766 ], [ 139.479015811230738, 34.057745972698513 ], [ 139.478465472903281, 34.057780000346781 ], [ 139.478837302099919, 34.059329224664054 ], [ 139.478351803093346, 34.060228440590095 ], [ 139.477636109119203, 34.05998744116755 ], [ 139.478119079232215, 34.060368775298798 ], [ 139.477547639212275, 34.060498053742265 ], [ 139.477842335355604, 34.060745135279831 ], [ 139.477526783034705, 34.061339802090231 ], [ 139.477881310174439, 34.061195666846572 ], [ 139.477546640964761, 34.061593667214026 ], [ 139.477844864249164, 34.061700918562622 ], [ 139.477506109419437, 34.061804891882332 ], [ 139.478031893557159, 34.061974558878831 ], [ 139.478046109140678, 34.062410891949128 ], [ 139.477730117051351, 34.062563972749217 ], [ 139.478099441636004, 34.062634359987783 ], [ 139.477861997233504, 34.06285935957186 ], [ 139.478324475394288, 34.063381468180239 ], [ 139.477694422959303, 34.063768414081096 ], [ 139.478259339297097, 34.063959558686747 ], [ 139.477912672232151, 34.064216333117315 ], [ 139.478339273738584, 34.064248386753718 ], [ 139.478597587808508, 34.064940666878329 ], [ 139.478050752340437, 34.065291972646492 ], [ 139.47891674371283, 34.064962134594907 ], [ 139.47848269761846, 34.065601135284226 ], [ 139.479024111973217, 34.0651738017296 ], [ 139.479214034400229, 34.06559161326237 ], [ 139.479944059970421, 34.065626613077768 ], [ 139.480114137057853, 34.06609549531089 ], [ 139.480475642037277, 34.065893666759393 ], [ 139.480214189333424, 34.065406693763975 ], [ 139.480869390410135, 34.065275828916413 ], [ 139.4812708954355, 34.066063278897275 ], [ 139.480737976976116, 34.066224774653676 ], [ 139.480735862670031, 34.066628413770331 ], [ 139.481395577444005, 34.066536360065015 ], [ 139.48182972785969, 34.067547386902447 ], [ 139.481232775871945, 34.067733306446996 ], [ 139.480555771631657, 34.066995586277358 ], [ 139.480257392764543, 34.067083531879518 ], [ 139.480512632951672, 34.067685531761924 ], [ 139.479905524920127, 34.067859252002904 ], [ 139.479283995360106, 34.066400828635381 ], [ 139.480140272255881, 34.066431134889001 ], [ 139.479496536635907, 34.066061766237567 ], [ 139.478731245050994, 34.066531585564292 ], [ 139.479154344597418, 34.066482468191396 ], [ 139.479886095966663, 34.068202423403193 ], [ 139.47906223063751, 34.068464856368053 ], [ 139.477311140896518, 34.067704252049623 ], [ 139.479494163325057, 34.068798973393939 ], [ 139.48017358044649, 34.068588414223996 ], [ 139.480490752446372, 34.069699026588864 ], [ 139.479905304586168, 34.070155440621136 ], [ 139.480175031952172, 34.070641918989395 ], [ 139.478378559722842, 34.072573224774544 ], [ 139.477801245331307, 34.07271319795575 ], [ 139.477818170572164, 34.072447612867109 ], [ 139.478330725682554, 34.072457305760111 ], [ 139.477486083316194, 34.072322586418295 ], [ 139.477627756216066, 34.072774162097971 ], [ 139.476295058070491, 34.072729640260718 ], [ 139.47522011731462, 34.073233026782816 ], [ 139.475291946166408, 34.073621559087712 ], [ 139.47490007827605, 34.073740414388681 ], [ 139.475296083047851, 34.074054359621073 ], [ 139.474553865368648, 34.073936134744883 ], [ 139.474808469735194, 34.074422224606053 ], [ 139.474398417552948, 34.074464748149637 ], [ 139.474630026254772, 34.074729333192238 ], [ 139.473942192378331, 34.075050440625375 ], [ 139.474322022843126, 34.075288585599822 ], [ 139.473971996810292, 34.075942306392392 ], [ 139.474112943957266, 34.076282919221399 ], [ 139.473308029142345, 34.076179748096934 ], [ 139.473729339037845, 34.076267531821202 ], [ 139.473524111948223, 34.076709000020401 ], [ 139.472873475830283, 34.076579054279989 ], [ 139.473427886287936, 34.077143198100146 ], [ 139.47340861201792, 34.077859559371234 ], [ 139.474049027340811, 34.078101252171109 ], [ 139.473679363711767, 34.078582359788129 ], [ 139.474257588217142, 34.078338891726503 ], [ 139.474912087822645, 34.078684306035939 ], [ 139.474846666640474, 34.078936108114931 ], [ 139.475497056344125, 34.079028440610102 ], [ 139.476161750664346, 34.079893865409588 ], [ 139.477298715863071, 34.079865053829224 ], [ 139.477303280821843, 34.080123558555442 ], [ 139.478806226026563, 34.080548134788614 ], [ 139.47947697818006, 34.081532440969454 ], [ 139.48185277568507, 34.083397748207574 ], [ 139.482261088578412, 34.084839775135549 ], [ 139.48198630432455, 34.085359387225992 ], [ 139.481204941854685, 34.085479774971702 ], [ 139.481444916050123, 34.085913413673154 ], [ 139.4817959664108, 34.085894305777629 ], [ 139.481646303933871, 34.086349639724119 ], [ 139.481312802044272, 34.086387639677866 ], [ 139.480966030657896, 34.085949891973996 ], [ 139.480239248042949, 34.086104053759129 ], [ 139.480641414070078, 34.086359468414798 ], [ 139.480305939967252, 34.086536748172421 ], [ 139.48087666682477, 34.086464467860935 ], [ 139.480974915959678, 34.086781558921871 ], [ 139.480450116579732, 34.086835225065613 ], [ 139.480719363707749, 34.087052467997069 ], [ 139.480951192743419, 34.086836666678892 ], [ 139.48182182911421, 34.087298532401405 ], [ 139.482016667235484, 34.086952332983856 ], [ 139.482246251563311, 34.087123467673962 ], [ 139.482229856922459, 34.087706332681137 ], [ 139.481722283156955, 34.08838682898903 ], [ 139.48175224407089, 34.088739440572795 ], [ 139.482243333263227, 34.088799829148854 ], [ 139.482085888053348, 34.090399532412562 ], [ 139.482513671268975, 34.09062489172544 ], [ 139.483268028896532, 34.091963413880478 ], [ 139.484404085779943, 34.092858585555348 ], [ 139.485714306270324, 34.093148386688767 ], [ 139.488297197857491, 34.095608197960019 ], [ 139.487757690964713, 34.098096999776772 ], [ 139.487439222142484, 34.098215559200753 ], [ 139.488155187711754, 34.099009198315912 ], [ 139.488320583827999, 34.100425612552044 ], [ 139.487842192163498, 34.100660386867389 ], [ 139.487968520830691, 34.101206135055122 ], [ 139.489459026612849, 34.102000954980156 ], [ 139.488560324199625, 34.103155314865944 ], [ 139.488835874675942, 34.103307287701227 ], [ 139.489862633353937, 34.101950467939787 ], [ 139.488448028553762, 34.101281946104962 ], [ 139.488545863101194, 34.100490693790562 ], [ 139.489070660682501, 34.100722360048906 ], [ 139.488785473071175, 34.101186332883003 ], [ 139.48898639420679, 34.101271639874312 ], [ 139.489155161881285, 34.100729360371759 ], [ 139.489617808215371, 34.100632828941968 ], [ 139.489919196214032, 34.100747198424529 ], [ 139.489650310613456, 34.101145386750261 ], [ 139.489873410829318, 34.101239413568123 ], [ 139.489956446133192, 34.100810667178621 ], [ 139.491416498172953, 34.101280332721217 ], [ 139.492970272160392, 34.102551386837092 ], [ 139.493395136176673, 34.102495306013623 ], [ 139.492963968812205, 34.102579585979186 ], [ 139.49290477273712, 34.102992999827109 ], [ 139.493684034390753, 34.103568747599695 ], [ 139.4948578340219, 34.10324082870136 ], [ 139.493693281219976, 34.103583386763944 ], [ 139.494135616365611, 34.104558865199522 ], [ 139.493925966410302, 34.105625532192619 ], [ 139.491844642916021, 34.107829559186882 ], [ 139.491818690280411, 34.109270801906007 ], [ 139.489213021563728, 34.112513332724177 ], [ 139.489242387126524, 34.113345134570352 ], [ 139.489785447240706, 34.113941721433378 ], [ 139.490169533297376, 34.115360026943733 ], [ 139.490535382901612, 34.115433891860675 ], [ 139.491535965912135, 34.118388775421693 ], [ 139.491868637727521, 34.118339387352876 ], [ 139.492800725672964, 34.119631892098198 ], [ 139.496004864432962, 34.120333892095516 ], [ 139.496372995617321, 34.120148279219734 ], [ 139.496341776551844, 34.120395386837686 ], [ 139.496554137063868, 34.120147864632315 ], [ 139.497297224387466, 34.120512531628094 ], [ 139.498437690646938, 34.121829891836114 ], [ 139.499742633016126, 34.121874026964804 ], [ 139.502147003781261, 34.121293775387471 ], [ 139.505015499365868, 34.12196080164972 ], [ 139.506486200278005, 34.122740918558577 ], [ 139.507759702348494, 34.122247431773587 ], [ 139.508170661047188, 34.122536586294473 ], [ 139.50785658901043, 34.122047676159355 ], [ 139.508202477262557, 34.121477586021854 ], [ 139.508761166694512, 34.121288694217924 ], [ 139.508970078306561, 34.12151097335277 ], [ 139.508378003342273, 34.121901774647256 ], [ 139.508965914445412, 34.121586494820917 ], [ 139.50913036267616, 34.121925495165499 ], [ 139.508608833231165, 34.122800558898746 ], [ 139.509268859170561, 34.121966891858619 ], [ 139.509105252705353, 34.121632495143615 ], [ 139.509464811551879, 34.121612693870759 ], [ 139.509105965867661, 34.121361306379242 ], [ 139.509357445090131, 34.121112107837575 ], [ 139.511010077952847, 34.120348306429264 ], [ 139.512760895199222, 34.120303306152721 ], [ 139.514027781856726, 34.120583468352436 ], [ 139.516786743613352, 34.122028775107935 ], [ 139.517529947848857, 34.122012197904667 ], [ 139.519332048934984, 34.123937305562265 ], [ 139.52081152992821, 34.1246794953625 ], [ 139.522612335091253, 34.124894586216215 ], [ 139.525068833260093, 34.124114414448741 ], [ 139.526172114351652, 34.124274305814595 ], [ 139.527477613401174, 34.125202532071228 ], [ 139.528799468420743, 34.12493858644666 ], [ 139.529749494243788, 34.125145586099961 ], [ 139.531232218192372, 34.12469961319664 ], [ 139.531489390123284, 34.125209026975085 ], [ 139.53139769075085, 34.124307107686946 ], [ 139.532030921389946, 34.124448865123099 ], [ 139.532130855854348, 34.124110279365937 ], [ 139.529857276192388, 34.124655026608252 ], [ 139.529917807760739, 34.124098440690545 ], [ 139.532346667065099, 34.123729613430953 ], [ 139.532000830074367, 34.12556010791269 ], [ 139.532346328919971, 34.12473833260799 ], [ 139.532377393302113, 34.12463334215505 ] ] ], [ [ [ 139.072344162653053, 34.181414161934072 ], [ 139.071935006195645, 34.181441666799515 ], [ 139.072188339820059, 34.181763613300177 ], [ 139.072371387829321, 34.181459162210615 ], [ 139.072344162653053, 34.181414161934072 ] ] ], [ [ [ 139.128664137440069, 34.183350946389112 ], [ 139.128693411272025, 34.183680359960704 ], [ 139.128680363008357, 34.183358441339067 ], [ 139.128664137440069, 34.183350946389112 ] ] ], [ [ [ 139.070363061406169, 34.18394055900967 ], [ 139.069966667227959, 34.184142775168993 ], [ 139.070390829773032, 34.18398972134861 ], [ 139.070363061406169, 34.18394055900967 ] ] ], [ [ [ 139.128055446601593, 34.184916918780857 ], [ 139.128494034272308, 34.184213495156712 ], [ 139.128171802686666, 34.183968305792746 ], [ 139.128045383187896, 34.184923802191747 ], [ 139.128055446601593, 34.184916918780857 ] ] ], [ [ [ 139.127652580901895, 34.185234026928867 ], [ 139.127543138804867, 34.184946135056123 ], [ 139.127344669221202, 34.18507013537851 ], [ 139.127661582216319, 34.185260666646514 ], [ 139.127652580901895, 34.185234026928867 ] ] ], [ [ [ 139.077857224431455, 34.185412224894321 ], [ 139.07747027223536, 34.185549161964332 ], [ 139.077832502967681, 34.185434440846848 ], [ 139.077857224431455, 34.185412224894321 ] ] ], [ [ [ 139.07737555114079, 34.185633891590896 ], [ 139.077205278900578, 34.185831387208793 ], [ 139.077396393828622, 34.185652225170088 ], [ 139.07737555114079, 34.185633891590896 ] ] ], [ [ [ 139.075690829568202, 34.185742775208951 ], [ 139.075486393881988, 34.185871945733766 ], [ 139.075740271596374, 34.185804721410818 ], [ 139.075690829568202, 34.185742775208951 ] ] ], [ [ [ 139.074198053897135, 34.185938892166178 ], [ 139.076129728404339, 34.184455829173203 ], [ 139.076105279435183, 34.184068612576482 ], [ 139.074662503371883, 34.184845559375105 ], [ 139.074111114636253, 34.18460389175624 ], [ 139.073191672957364, 34.183431108359002 ], [ 139.07245944224951, 34.183526946411519 ], [ 139.071958340005494, 34.184100559193496 ], [ 139.072160557963457, 34.184496386798855 ], [ 139.074140558440035, 34.185943892396779 ], [ 139.074198053897135, 34.185938892166178 ] ] ], [ [ [ 139.140531751239337, 34.186077531652813 ], [ 139.140399144405023, 34.185830747790817 ], [ 139.140534383555064, 34.186085387230889 ], [ 139.140531751239337, 34.186077531652813 ] ] ], [ [ [ 139.128258392111206, 34.18623741402547 ], [ 139.12822875495317, 34.18583633258072 ], [ 139.128246614589671, 34.186243225444571 ], [ 139.128258392111206, 34.18623741402547 ] ] ], [ [ [ 139.134207807644316, 34.186127134659614 ], [ 139.134115550692172, 34.186316387091665 ], [ 139.134245057563476, 34.186148251640532 ], [ 139.134207807644316, 34.186127134659614 ] ] ], [ [ [ 139.135726031431318, 34.186293720578817 ], [ 139.135558911314774, 34.186020332972021 ], [ 139.135720441245439, 34.186298387160889 ], [ 139.135726031431318, 34.186293720578817 ] ] ], [ [ [ 139.136874162612571, 34.186556747995553 ], [ 139.136895525108457, 34.18633408125288 ], [ 139.136873838856673, 34.18656874764963 ], [ 139.136874162612571, 34.186556747995553 ] ] ], [ [ [ 139.125480142594597, 34.186714224681793 ], [ 139.125903773640289, 34.186560532342753 ], [ 139.125137249984164, 34.186435279264799 ], [ 139.125467690581559, 34.186723892393786 ], [ 139.125480142594597, 34.186714224681793 ] ] ], [ [ [ 139.127285357133587, 34.18675764035288 ], [ 139.127263021571252, 34.186390305967905 ], [ 139.126801556046985, 34.186204972781297 ], [ 139.127267198022878, 34.186802135210428 ], [ 139.127285357133587, 34.18675764035288 ] ] ], [ [ [ 139.140824577692115, 34.186700278894818 ], [ 139.140835577300095, 34.186917720576389 ], [ 139.140833410833352, 34.186705027315213 ], [ 139.140824577692115, 34.186700278894818 ] ] ], [ [ [ 139.135197951324471, 34.186709495147113 ], [ 139.135252244295657, 34.186952973101256 ], [ 139.13520749672864, 34.186720558606964 ], [ 139.135197951324471, 34.186709495147113 ] ] ], [ [ [ 139.078571946238412, 34.187308054223365 ], [ 139.079021387826856, 34.185972224638533 ], [ 139.078103332902515, 34.18674194628386 ], [ 139.07852500612421, 34.187331666823013 ], [ 139.078571946238412, 34.187308054223365 ] ] ], [ [ [ 139.07979416267051, 34.186873613326668 ], [ 139.079448340068893, 34.187330000379291 ], [ 139.079845005842458, 34.186920558836789 ], [ 139.07979416267051, 34.186873613326668 ] ] ], [ [ [ 139.078558340395148, 34.187627774901955 ], [ 139.078415551436592, 34.187814440883812 ], [ 139.078581114826648, 34.187692224816374 ], [ 139.078558340395148, 34.187627774901955 ] ] ], [ [ [ 139.07677722408971, 34.188161946116963 ], [ 139.077549728237386, 34.187194720759805 ], [ 139.076791115017954, 34.186435558953917 ], [ 139.076741387904804, 34.186062225191563 ], [ 139.077248885227959, 34.186040000245839 ], [ 139.076459169854843, 34.185768892420526 ], [ 139.074974449411343, 34.18629333297099 ], [ 139.07500527907041, 34.187192774626908 ], [ 139.076715837266192, 34.188163054081713 ], [ 139.07677722408971, 34.188161946116963 ] ] ], [ [ [ 139.077454448663957, 34.187886667235944 ], [ 139.077272503223526, 34.188174999776493 ], [ 139.077523605629949, 34.187897774762575 ], [ 139.077454448663957, 34.187886667235944 ] ] ], [ [ [ 139.143422192080607, 34.188396892202888 ], [ 139.143516394266271, 34.187845918954054 ], [ 139.143401854811827, 34.188400829434784 ], [ 139.143422192080607, 34.188396892202888 ] ] ], [ [ [ 139.07470444865146, 34.188139999961095 ], [ 139.074571115164872, 34.188404720801259 ], [ 139.074707497353188, 34.188204440882316 ], [ 139.07470444865146, 34.188139999961095 ] ] ], [ [ [ 139.07805805383623, 34.188148054289343 ], [ 139.07798138843043, 34.188427774921934 ], [ 139.078092218181382, 34.18815527944264 ], [ 139.07805805383623, 34.188148054289343 ] ] ], [ [ [ 139.125450856172165, 34.188375829181211 ], [ 139.125461192979742, 34.188061775130848 ], [ 139.125145253051073, 34.188388586064434 ], [ 139.125405422422318, 34.18843813511188 ], [ 139.125450856172165, 34.188375829181211 ] ] ], [ [ [ 139.075253606169099, 34.188466667003127 ], [ 139.075047781929698, 34.18853861276682 ], [ 139.075261945582383, 34.188526387382922 ], [ 139.075253606169099, 34.188466667003127 ] ] ], [ [ [ 139.124259000852248, 34.188606423447709 ], [ 139.124097016763926, 34.1884765586463 ], [ 139.124262399390318, 34.188615279071939 ], [ 139.124259000852248, 34.188606423447709 ] ] ], [ [ [ 139.124391724598468, 34.189107558966725 ], [ 139.124438987569306, 34.189318531824824 ], [ 139.124395161807342, 34.189110738969475 ], [ 139.124391724598468, 34.189107558966725 ] ] ], [ [ [ 139.124602620114842, 34.189290170804782 ], [ 139.124561530090659, 34.188897035769628 ], [ 139.124592283307265, 34.189293901192627 ], [ 139.124602620114842, 34.189290170804782 ] ] ], [ [ [ 139.119987185160539, 34.190394981643124 ], [ 139.119865615705635, 34.190608306228398 ], [ 139.119993618910485, 34.190403404693427 ], [ 139.119987185160539, 34.190394981643124 ] ] ], [ [ [ 139.147213306648837, 34.190232720563642 ], [ 139.146926199884319, 34.190986640221297 ], [ 139.147212580895939, 34.190252829404585 ], [ 139.147213306648837, 34.190232720563642 ] ] ], [ [ [ 139.146810921187125, 34.190777278948303 ], [ 139.146668832800401, 34.190251054142891 ], [ 139.146428560030131, 34.190768640060753 ], [ 139.146727638569701, 34.191040972762721 ], [ 139.146830219738945, 34.190806774912801 ], [ 139.146810921187125, 34.190777278948303 ] ] ], [ [ [ 139.146530777873181, 34.191060333367716 ], [ 139.14667252901404, 34.191349720813037 ], [ 139.146538885261407, 34.191063359586451 ], [ 139.146530777873181, 34.191060333367716 ] ] ], [ [ [ 139.14778933860714, 34.191056387142623 ], [ 139.147957445279985, 34.191615386840681 ], [ 139.147891724623491, 34.191086892146416 ], [ 139.14778933860714, 34.191056387142623 ] ] ], [ [ [ 139.119208884882141, 34.194161667027345 ], [ 139.119089169829408, 34.19443305364257 ], [ 139.119288611580259, 34.194213333078892 ], [ 139.119208884882141, 34.194161667027345 ] ] ], [ [ [ 139.149889441744449, 34.194511387290731 ], [ 139.149723333365159, 34.194655559406613 ], [ 139.149937223624079, 34.194563054241598 ], [ 139.149889441744449, 34.194511387290731 ] ] ], [ [ [ 139.149793645060754, 34.194812946160596 ], [ 139.15042527940318, 34.194534559222575 ], [ 139.149776200011729, 34.194822306304445 ], [ 139.149793645060754, 34.194812946160596 ] ] ], [ [ [ 139.149601024667618, 34.194853892293338 ], [ 139.149502048880549, 34.195058891854444 ], [ 139.149604254133124, 34.19487282931766 ], [ 139.149601024667618, 34.194853892293338 ] ] ], [ [ [ 139.120397340764725, 34.195185594639554 ], [ 139.119971025242648, 34.194980622058097 ], [ 139.1203994676614, 34.195189837640953 ], [ 139.120397340764725, 34.195185594639554 ] ] ], [ [ [ 139.119897807837674, 34.195442342090473 ], [ 139.119663152232761, 34.195091882584393 ], [ 139.11989547319763, 34.195462072316843 ], [ 139.119897807837674, 34.195442342090473 ] ] ], [ [ [ 139.120282723968558, 34.195485684916491 ], [ 139.120211492266662, 34.195724999908862 ], [ 139.120284941696809, 34.195492910069788 ], [ 139.120282723968558, 34.195485684916491 ] ] ], [ [ [ 139.120103061007512, 34.196142494880291 ], [ 139.119935550585296, 34.1962616667426 ], [ 139.120139442181539, 34.196149720932908 ], [ 139.120103061007512, 34.196142494880291 ] ] ], [ [ [ 139.156665161568071, 34.196218892288073 ], [ 139.15587396860883, 34.195959829082881 ], [ 139.156400195212882, 34.196693918689448 ], [ 139.156656420157674, 34.196293775237564 ], [ 139.156665161568071, 34.196218892288073 ] ] ], [ [ [ 139.121549402882692, 34.196964216225638 ], [ 139.121293786778892, 34.19658912608736 ], [ 139.121524785740348, 34.196977063041061 ], [ 139.121549402882692, 34.196964216225638 ] ] ], [ [ [ 139.120687794805917, 34.197531171326546 ], [ 139.120660129861221, 34.197324910016619 ], [ 139.120684968236787, 34.197532324257395 ], [ 139.120687794805917, 34.197531171326546 ] ] ], [ [ [ 139.121224553370553, 34.197725783717999 ], [ 139.121273527751214, 34.197514107590052 ], [ 139.121197081779997, 34.197766189358219 ], [ 139.121224553370553, 34.197725783717999 ] ] ], [ [ [ 139.121544228183666, 34.19844509926196 ], [ 139.121539584983907, 34.198236720947989 ], [ 139.121540077812369, 34.198449765844089 ], [ 139.121544228183666, 34.19844509926196 ] ] ], [ [ [ 139.154215668218626, 34.200774891947731 ], [ 139.15372547295226, 34.200826612857952 ], [ 139.15422250306608, 34.200789972679161 ], [ 139.154215668218626, 34.200774891947731 ] ] ], [ [ [ 139.192945551296248, 34.205253054385025 ], [ 139.193390558327678, 34.205005278570809 ], [ 139.193161946166924, 34.204221108417471 ], [ 139.193689441714469, 34.204457774906416 ], [ 139.193981115236397, 34.204299720855488 ], [ 139.193797782142042, 34.204035278805122 ], [ 139.192968611712104, 34.204018892258148 ], [ 139.192522503011219, 34.204916108091993 ], [ 139.192901388288533, 34.205258333405425 ], [ 139.192945551296248, 34.205253054385025 ] ] ], [ [ [ 139.193859728343796, 34.205901945818198 ], [ 139.193797223662955, 34.205475278661254 ], [ 139.192801114779741, 34.205598892275134 ], [ 139.193803891236712, 34.205913333033948 ], [ 139.193859728343796, 34.205901945818198 ] ] ], [ [ [ 139.17601980497011, 34.206007000123009 ], [ 139.17624805380467, 34.205160918841386 ], [ 139.175702218382753, 34.205609945842355 ], [ 139.176016005334418, 34.206008054128461 ], [ 139.17601980497011, 34.206007000123009 ] ] ], [ [ [ 139.192386939205903, 34.209338892076232 ], [ 139.192989727793815, 34.208910278786391 ], [ 139.193098612311132, 34.208052775215435 ], [ 139.192068339981915, 34.206713333053926 ], [ 139.192404720601417, 34.206139999961067 ], [ 139.192097496902079, 34.205958891789464 ], [ 139.190116108771463, 34.207186387242018 ], [ 139.189228054331352, 34.20857249522453 ], [ 139.190814163442951, 34.208583892332797 ], [ 139.192217497039906, 34.209355829008359 ], [ 139.192386939205903, 34.209338892076232 ] ] ], [ [ [ 139.189015550827094, 34.209485279222292 ], [ 139.189254449433406, 34.209274161573376 ], [ 139.188943332568783, 34.209226108098449 ], [ 139.188962775911477, 34.209448333273997 ], [ 139.189015550827094, 34.209485279222292 ] ] ], [ [ [ 139.176355357313923, 34.210099667265865 ], [ 139.176497782047022, 34.209884224777227 ], [ 139.176082438253957, 34.209903559301893 ], [ 139.176345187780271, 34.210107891565997 ], [ 139.176355357313923, 34.210099667265865 ] ] ], [ [ [ 139.175659442129586, 34.210138386677272 ], [ 139.175254668967909, 34.210069135282424 ], [ 139.175648637674499, 34.210160613421635 ], [ 139.175659442129586, 34.210138386677272 ] ] ], [ [ [ 139.176927392685116, 34.210222802440455 ], [ 139.176977612626729, 34.209903467570996 ], [ 139.176584279740837, 34.209909919307393 ], [ 139.176918223197504, 34.210229053627984 ], [ 139.176927392685116, 34.210222802440455 ] ] ], [ [ [ 139.177507691027131, 34.210327613028994 ], [ 139.177656355256659, 34.210172252447535 ], [ 139.177277755963701, 34.210156694176135 ], [ 139.177498249045016, 34.210341720693918 ], [ 139.177507691027131, 34.210327613028994 ] ] ], [ [ [ 139.13078972826338, 34.210797774997388 ], [ 139.130598884930691, 34.210944440933247 ], [ 139.130828053771779, 34.210811108346036 ], [ 139.13078972826338, 34.210797774997388 ] ] ], [ [ [ 139.130910803990446, 34.212049278751238 ], [ 139.131039882784421, 34.211677829068606 ], [ 139.130906328963988, 34.21205330591539 ], [ 139.130910803990446, 34.212049278751238 ] ] ], [ [ [ 139.129723799613771, 34.212467467999318 ], [ 139.129663411037654, 34.212239828905012 ], [ 139.129722386778781, 34.212467918559639 ], [ 139.129723799613771, 34.212467467999318 ] ] ], [ [ [ 139.18912972785472, 34.212526945562161 ], [ 139.190956938911654, 34.211856946141211 ], [ 139.1884711147502, 34.211148891907897 ], [ 139.188245837275645, 34.210853053625556 ], [ 139.188860272083957, 34.209508613032142 ], [ 139.188625550828533, 34.209211945574907 ], [ 139.187973606197033, 34.210620279402406 ], [ 139.187695551108845, 34.210536387044669 ], [ 139.186684448728442, 34.211625000193635 ], [ 139.187596667052617, 34.212448333124144 ], [ 139.189065006345004, 34.212521946230879 ], [ 139.18912972785472, 34.212526945562161 ] ] ], [ [ [ 139.130565031750848, 34.214288387399222 ], [ 139.130413255867097, 34.214127333209888 ], [ 139.130549144327574, 34.214306252431641 ], [ 139.130565031750848, 34.214288387399222 ] ] ], [ [ [ 139.174277613121376, 34.21441205407308 ], [ 139.174457613328286, 34.214292667272844 ], [ 139.174258003404248, 34.214420720839655 ], [ 139.174277613121376, 34.21441205407308 ] ] ], [ [ [ 139.129959441774872, 34.214945828687121 ], [ 139.130042218073982, 34.215185828962888 ], [ 139.12999250265193, 34.214953332630273 ], [ 139.129959441774872, 34.214945828687121 ] ] ], [ [ [ 139.129611387955265, 34.216422251985421 ], [ 139.129342282920106, 34.21646994573149 ], [ 139.129604812112461, 34.216429612936338 ], [ 139.129611387955265, 34.216422251985421 ] ] ], [ [ [ 139.130220558132351, 34.216252279219361 ], [ 139.129977393142212, 34.215658829191682 ], [ 139.13008204904736, 34.21664664003049 ], [ 139.130211051398987, 34.216258640124181 ], [ 139.130220558132351, 34.216252279219361 ] ] ], [ [ [ 139.17545204857322, 34.217095495260935 ], [ 139.175369247992421, 34.217316107952058 ], [ 139.175456782604442, 34.217102000057309 ], [ 139.17545204857322, 34.217095495260935 ] ] ], [ [ [ 139.183580829891412, 34.222015559370618 ], [ 139.183587496565792, 34.22173389170581 ], [ 139.183355005629096, 34.221873053698516 ], [ 139.183547781604943, 34.222029999784695 ], [ 139.183580829891412, 34.222015559370618 ] ] ], [ [ [ 139.128380661238566, 34.222288251801444 ], [ 139.128311776767191, 34.222494225328262 ], [ 139.128397638640195, 34.222295558793064 ], [ 139.128380661238566, 34.222288251801444 ] ] ], [ [ [ 139.127677496619185, 34.22276582868011 ], [ 139.12781888533334, 34.223027495422627 ], [ 139.127700557934418, 34.222770279424935 ], [ 139.127677496619185, 34.22276582868011 ] ] ], [ [ [ 139.183688611840012, 34.22369805422187 ], [ 139.1835183395998, 34.222880558790791 ], [ 139.182909727901688, 34.223036666708879 ], [ 139.183076938849695, 34.223743612977387 ], [ 139.183683891298642, 34.223722774786268 ], [ 139.183688611840012, 34.22369805422187 ] ] ], [ [ [ 139.131878910683213, 34.223847999985253 ], [ 139.132149882711019, 34.223748386578848 ], [ 139.131854553444896, 34.223853612654125 ], [ 139.131878910683213, 34.223847999985253 ] ] ], [ [ [ 139.18017722419961, 34.224097224607306 ], [ 139.180366393894019, 34.22371889241299 ], [ 139.179915551161798, 34.223945278751671 ], [ 139.180131115058998, 34.224118613183521 ], [ 139.18017722419961, 34.224097224607306 ] ] ], [ [ [ 139.171688170872471, 34.227732108050418 ], [ 139.171269221697344, 34.227673054068248 ], [ 139.171680246046549, 34.227742720949891 ], [ 139.171688170872471, 34.227732108050418 ] ] ], [ [ [ 139.134518170876959, 34.232001467693635 ], [ 139.13430097291166, 34.231920532306788 ], [ 139.134489247780607, 34.232017972951155 ], [ 139.134518170876959, 34.232001467693635 ] ] ], [ [ [ 139.16046277643602, 34.237463054076727 ], [ 139.160250000437259, 34.237463332866582 ], [ 139.16045055824668, 34.237491108427946 ], [ 139.16046277643602, 34.237463054076727 ] ] ], [ [ [ 139.136510725889366, 34.240108559162707 ], [ 139.136328365861459, 34.239353559419271 ], [ 139.136166913272518, 34.239779440568782 ], [ 139.136506860603163, 34.240139828590259 ], [ 139.136510725889366, 34.240108559162707 ] ] ], [ [ [ 139.148568975278067, 34.240894775273716 ], [ 139.148331672968425, 34.240691693966539 ], [ 139.148237004034627, 34.24098902692208 ], [ 139.148565940066192, 34.240904414207421 ], [ 139.148568975278067, 34.240894775273716 ] ] ], [ [ [ 139.148147249895715, 34.241226640397201 ], [ 139.148031479269434, 34.240979054339959 ], [ 139.148148494557404, 34.241246748338824 ], [ 139.148147249895715, 34.241226640397201 ] ] ], [ [ [ 139.147320752250948, 34.24152519822934 ], [ 139.147183605638929, 34.241367666684539 ], [ 139.147315162065183, 34.241531387363693 ], [ 139.147320752250948, 34.24152519822934 ] ] ], [ [ [ 139.148334332263744, 34.241421775294725 ], [ 139.148375524810717, 34.241642162256028 ], [ 139.148347250125539, 34.241436829046449 ], [ 139.148334332263744, 34.241421775294725 ] ] ], [ [ [ 139.146720700300193, 34.241931693592846 ], [ 139.146807419227116, 34.242202197973086 ], [ 139.146735524724704, 34.241937108410866 ], [ 139.146720700300193, 34.241931693592846 ] ] ], [ [ [ 139.136863164803231, 34.242209054404384 ], [ 139.137156109067291, 34.241702585905671 ], [ 139.136733995177792, 34.240281666965416 ], [ 139.136167612945087, 34.240826162397525 ], [ 139.136664111559526, 34.241305162003698 ], [ 139.136552438244507, 34.241802387270411 ], [ 139.136942088406727, 34.241682801720003 ], [ 139.136625421825784, 34.242115468254326 ], [ 139.136854060066867, 34.242221613436755 ], [ 139.136863164803231, 34.242209054404384 ] ] ], [ [ [ 139.146594941803187, 34.242606161745016 ], [ 139.14637949391863, 34.242546999844194 ], [ 139.1465948635622, 34.242613919297014 ], [ 139.146594941803187, 34.242606161745016 ] ] ], [ [ [ 139.146779830724654, 34.242925359917479 ], [ 139.146716354776004, 34.242706467629432 ], [ 139.146764916367829, 34.242930531918546 ], [ 139.146779830724654, 34.242925359917479 ] ] ], [ [ [ 139.147127834182243, 34.243010972678292 ], [ 139.147101504730699, 34.243233161880994 ], [ 139.14713732832513, 34.243015802037689 ], [ 139.147127834182243, 34.243010972678292 ] ] ], [ [ [ 139.139658521223851, 34.243301000440852 ], [ 139.139668663777911, 34.243518864803832 ], [ 139.139671115329747, 34.243301162318858 ], [ 139.139658521223851, 34.243301000440852 ] ] ], [ [ [ 139.139509779652712, 34.243328278677154 ], [ 139.139421894305087, 34.243587892267442 ], [ 139.139532581063804, 34.243341585945473 ], [ 139.139509779652712, 34.243328278677154 ] ] ], [ [ [ 139.139316393936497, 34.243585386756251 ], [ 139.139071530127126, 34.243355558712096 ], [ 139.139324085837984, 34.243599864941871 ], [ 139.139316393936497, 34.243585386756251 ] ] ], [ [ [ 139.143311413590936, 34.243736332565732 ], [ 139.144638780555397, 34.242553558599923 ], [ 139.146204059569754, 34.24253302707757 ], [ 139.146661414292907, 34.242159359666744 ], [ 139.146380531736213, 34.242125802363944 ], [ 139.146748444385253, 34.241843495281159 ], [ 139.146403060652801, 34.241637639565454 ], [ 139.146532140346039, 34.241369414067265 ], [ 139.147397418556125, 34.240825225303979 ], [ 139.14802267220864, 34.2408702786405 ], [ 139.148914279870155, 34.239620197614101 ], [ 139.150273332648226, 34.239295081003263 ], [ 139.152222996294313, 34.239956946056282 ], [ 139.156213333178812, 34.239426748046014 ], [ 139.15870252889863, 34.237483197991253 ], [ 139.159962387354312, 34.237238026613682 ], [ 139.161125940110082, 34.236602134880684 ], [ 139.161942633345916, 34.236595972726036 ], [ 139.163236861192217, 34.235696279259912 ], [ 139.167696446334048, 34.234145973058276 ], [ 139.168095914395053, 34.233262080680504 ], [ 139.170330973395721, 34.231151000418379 ], [ 139.171023165386828, 34.229209802090736 ], [ 139.170761192874807, 34.228841721268452 ], [ 139.171762114030457, 34.224286000398649 ], [ 139.171580947402845, 34.221969532068329 ], [ 139.171818949385056, 34.221165198215374 ], [ 139.172152671608615, 34.221055999834562 ], [ 139.171845913758034, 34.22086755859101 ], [ 139.17248902704705, 34.220567360395421 ], [ 139.171830804248316, 34.220384387029867 ], [ 139.171828494789224, 34.219458748122804 ], [ 139.172908559882217, 34.218253946162747 ], [ 139.173869856908482, 34.218064558832396 ], [ 139.174224747374296, 34.217507414435659 ], [ 139.174113333063929, 34.217963721448655 ], [ 139.174356005225491, 34.217907585766511 ], [ 139.175170025676152, 34.216783197586551 ], [ 139.175664254401909, 34.216770532434168 ], [ 139.175595447272144, 34.216240026855814 ], [ 139.175096783090112, 34.216322919167453 ], [ 139.173957276407236, 34.215204278554666 ], [ 139.173580440684873, 34.214244864708803 ], [ 139.17398858630429, 34.213957305585211 ], [ 139.173473671372903, 34.214173775099709 ], [ 139.173292476866322, 34.213753135199056 ], [ 139.173258495083587, 34.212056027263884 ], [ 139.17473418903171, 34.209916414211193 ], [ 139.174932476952335, 34.210014864794232 ], [ 139.174885615978496, 34.209230333113453 ], [ 139.17535330660985, 34.208981747909377 ], [ 139.174657716980164, 34.208911107961342 ], [ 139.174668418013198, 34.208233198103642 ], [ 139.175804253663387, 34.208079360074464 ], [ 139.176223450152179, 34.20765930563249 ], [ 139.175665109657189, 34.207412892291188 ], [ 139.175699274002341, 34.206980134925345 ], [ 139.174936226225896, 34.207005892408063 ], [ 139.174665304560222, 34.206693747618431 ], [ 139.175325136246101, 34.205749829091417 ], [ 139.17523527868525, 34.204341279426558 ], [ 139.173689559026002, 34.205549559064934 ], [ 139.172771725334883, 34.205359080856965 ], [ 139.171835693862249, 34.205955108341641 ], [ 139.171274694971316, 34.205661225185452 ], [ 139.171630532423251, 34.205187467727512 ], [ 139.170925472932254, 34.204762747602786 ], [ 139.170984747248326, 34.204386026993575 ], [ 139.170373112928928, 34.204532468098989 ], [ 139.169829494335772, 34.206785532426409 ], [ 139.168818301123792, 34.207650612785585 ], [ 139.169292995675278, 34.208018585689217 ], [ 139.168331919882235, 34.208634359588075 ], [ 139.165586834664737, 34.208307251878239 ], [ 139.162605642336644, 34.207213694256609 ], [ 139.16139902734335, 34.206262081130205 ], [ 139.157278392184139, 34.205057558859323 ], [ 139.155640116997915, 34.203764613446197 ], [ 139.154652866436663, 34.202166612599171 ], [ 139.157658469962485, 34.200654333330874 ], [ 139.157545641917864, 34.200448973141647 ], [ 139.153777665107214, 34.201867134760505 ], [ 139.153370246139957, 34.20053625234624 ], [ 139.154420829657624, 34.200466865153771 ], [ 139.153518366279627, 34.200469973210772 ], [ 139.153505136353033, 34.19957636006103 ], [ 139.154243890743032, 34.198866224796461 ], [ 139.15506856006607, 34.198903694150204 ], [ 139.154695693951226, 34.19997649541898 ], [ 139.154851336020442, 34.200609801601104 ], [ 139.155305252635344, 34.20056561341238 ], [ 139.155043333183357, 34.199898532291456 ], [ 139.155387328362622, 34.198742360271751 ], [ 139.156377639316702, 34.197901531930199 ], [ 139.157445746124381, 34.199490586321531 ], [ 139.158413216996451, 34.200277027263041 ], [ 139.15875416257461, 34.200071278566725 ], [ 139.156484384346868, 34.197481919055349 ], [ 139.156267082060253, 34.197616305648012 ], [ 139.156489026647364, 34.196916919080593 ], [ 139.156094189195528, 34.197038802398879 ], [ 139.156022192170553, 34.197492972622626 ], [ 139.155976666689867, 34.196510558615444 ], [ 139.155385226647013, 34.195318107944388 ], [ 139.154513839342258, 34.195198802083098 ], [ 139.154836615017871, 34.194995918626773 ], [ 139.154541388274538, 34.195023945998344 ], [ 139.154495031820375, 34.194662441018863 ], [ 139.154898974907837, 34.194282134812738 ], [ 139.153861829060247, 34.194783441202901 ], [ 139.15391282691553, 34.194364386807081 ], [ 139.153586719251734, 34.19431877499153 ], [ 139.153179688791624, 34.194568333261998 ], [ 139.153402969771264, 34.194596694282041 ], [ 139.153260000049045, 34.194945278701709 ], [ 139.152326692622864, 34.195089829432106 ], [ 139.153733385187593, 34.193996467862746 ], [ 139.153622335102796, 34.193259279192432 ], [ 139.153442503069073, 34.193727801696753 ], [ 139.152677445307972, 34.193621865157013 ], [ 139.152133502059542, 34.192912828863996 ], [ 139.151580337162841, 34.192744332784798 ], [ 139.15125666666188, 34.193245972823433 ], [ 139.15140260684484, 34.193784467978844 ], [ 139.151157108114148, 34.193481802043607 ], [ 139.150935472893821, 34.193696945957356 ], [ 139.151441140995871, 34.194104026779485 ], [ 139.151169026829166, 34.194602333031298 ], [ 139.150514227749454, 34.194995279208797 ], [ 139.150030000384277, 34.194831667347614 ], [ 139.149106550427064, 34.195425081402448 ], [ 139.149175719983532, 34.196720748164068 ], [ 139.148873580151644, 34.196959865305587 ], [ 139.147574306209322, 34.196740919058243 ], [ 139.146326887176201, 34.19550582883096 ], [ 139.146097613114421, 34.194343224860006 ], [ 139.146416977661488, 34.193202639889989 ], [ 139.146266718934044, 34.191727999947318 ], [ 139.14659522688828, 34.191622999601805 ], [ 139.145456445958303, 34.190487946361714 ], [ 139.14598693894618, 34.190453333254766 ], [ 139.146442801693979, 34.18911974837772 ], [ 139.145269170236134, 34.187764801904109 ], [ 139.144065110216729, 34.188915640044797 ], [ 139.144139831288271, 34.188198332686966 ], [ 139.14390861199297, 34.188216865016386 ], [ 139.143665473083161, 34.188964612626819 ], [ 139.143942995772704, 34.189615828807518 ], [ 139.143477082201684, 34.189771080570949 ], [ 139.142941803021813, 34.187504494936547 ], [ 139.142299143890455, 34.187033413861002 ], [ 139.142236809181441, 34.185751774724679 ], [ 139.141657859822431, 34.186011667104822 ], [ 139.141370388832456, 34.187960945841041 ], [ 139.141242918026364, 34.187337801998012 ], [ 139.140940999427698, 34.187745053691344 ], [ 139.140949300170178, 34.187154468004337 ], [ 139.140734578038405, 34.187303919140618 ], [ 139.140600466638261, 34.187014027175678 ], [ 139.140448275267772, 34.187343865227263 ], [ 139.140603280616915, 34.186445413724925 ], [ 139.140261582306266, 34.186332865369479 ], [ 139.140151724722386, 34.186793026876728 ], [ 139.139996277806063, 34.186367775252677 ], [ 139.14003153033093, 34.187588613024104 ], [ 139.13941269783777, 34.186158108210179 ], [ 139.138341218572464, 34.186095973150714 ], [ 139.138580804260755, 34.18549563971203 ], [ 139.138258715667234, 34.185455865395909 ], [ 139.138209831218774, 34.185107198238654 ], [ 139.137771581693187, 34.186305161753864 ], [ 139.137439494437217, 34.185710666713931 ], [ 139.137312555130393, 34.185977197889429 ], [ 139.137874060339641, 34.186880387020324 ], [ 139.137284383867268, 34.186908161682368 ], [ 139.136936329148284, 34.18637038688388 ], [ 139.136579052781144, 34.187098441140222 ], [ 139.136484526839467, 34.186270640377813 ], [ 139.135989805285362, 34.185892495242513 ], [ 139.136096498154984, 34.186808747925454 ], [ 139.135701802796007, 34.186613999736323 ], [ 139.135501970739369, 34.187112802413935 ], [ 139.134754162874401, 34.186491585818089 ], [ 139.134196109263144, 34.186795748225279 ], [ 139.134242309235219, 34.186509135188487 ], [ 139.133555472706917, 34.186389919259398 ], [ 139.133444890269516, 34.18669427861812 ], [ 139.134061088648423, 34.187012440771582 ], [ 139.133332633294458, 34.187110440794243 ], [ 139.133208275041966, 34.186877386881974 ], [ 139.133079144087333, 34.187145865089633 ], [ 139.133049637330942, 34.186855386766752 ], [ 139.132544228233655, 34.186695197725271 ], [ 139.132620336959008, 34.18643769394447 ], [ 139.132978884967656, 34.186541775182832 ], [ 139.132609441672457, 34.185603748114545 ], [ 139.132361309726775, 34.185489107936007 ], [ 139.132220169225548, 34.185921135052411 ], [ 139.131761309936564, 34.185142162081149 ], [ 139.131684747053441, 34.185807198143721 ], [ 139.131510025867101, 34.185445828961861 ], [ 139.131239611419005, 34.18568933299639 ], [ 139.130908392008791, 34.18497033311445 ], [ 139.130876589283275, 34.186217558793373 ], [ 139.130288392195553, 34.184672224943256 ], [ 139.128975498920227, 34.185465305579442 ], [ 139.129148339624294, 34.184380721393211 ], [ 139.128350894578148, 34.185512278968531 ], [ 139.128675305221236, 34.185727359929786 ], [ 139.128402891580208, 34.186079306015188 ], [ 139.128402244068411, 34.187239161658056 ], [ 139.12809050577232, 34.187013802345177 ], [ 139.127529221796181, 34.187268332967221 ], [ 139.127549663386276, 34.186767612935057 ], [ 139.12746294356009, 34.187384251981712 ], [ 139.12710433169957, 34.187389666799731 ], [ 139.126898197194123, 34.186884495123422 ], [ 139.126476277558254, 34.187378468441636 ], [ 139.126233358982404, 34.186860386997296 ], [ 139.125959274401112, 34.187149108044935 ], [ 139.125856667151538, 34.186732640099308 ], [ 139.12558717270997, 34.186798865275478 ], [ 139.125338611787583, 34.187694775293721 ], [ 139.125681439646769, 34.187774278959864 ], [ 139.125640972852693, 34.188189747758713 ], [ 139.1250698314077, 34.188960107922696 ], [ 139.125021920025688, 34.189720224808582 ], [ 139.123968144814057, 34.189564730228142 ], [ 139.123966017917496, 34.18911880229092 ], [ 139.123619558595806, 34.189486712242001 ], [ 139.123807951276035, 34.188650874238533 ], [ 139.123290454391054, 34.189478945696862 ], [ 139.12331688726465, 34.189263540979709 ], [ 139.122783877973689, 34.189663631371559 ], [ 139.123348340153825, 34.18879923359782 ], [ 139.122660064710317, 34.188772891555743 ], [ 139.123161012270998, 34.188431477430811 ], [ 139.122784746718708, 34.188188135274288 ], [ 139.119437717376854, 34.189990685122098 ], [ 139.119248353428816, 34.190715793199331 ], [ 139.119506822182188, 34.190866685049514 ], [ 139.120045175244741, 34.189860513651809 ], [ 139.120413995309718, 34.190254117233792 ], [ 139.121129715364191, 34.189311901123403 ], [ 139.121776847723368, 34.189393278976695 ], [ 139.120681906944469, 34.190467991304786 ], [ 139.1198071471822, 34.19083895535357 ], [ 139.119966978293519, 34.191737657766737 ], [ 139.12087600492373, 34.191357341668038 ], [ 139.120264590938177, 34.191865251779973 ], [ 139.120254954702432, 34.192198685321102 ], [ 139.120569961134834, 34.192232882941255 ], [ 139.120105395647556, 34.192874261438078 ], [ 139.120432982696116, 34.193232278846665 ], [ 139.120712593611415, 34.192971909825815 ], [ 139.120769026969128, 34.193899144130228 ], [ 139.120344513688451, 34.194062559039935 ], [ 139.119933566680857, 34.1934897574464 ], [ 139.119816173677577, 34.194056874425257 ], [ 139.120155498677377, 34.194733856182552 ], [ 139.120210077633033, 34.194333603912753 ], [ 139.120237444902273, 34.194833685426318 ], [ 139.120576381394926, 34.194861342277193 ], [ 139.120493242669113, 34.195817873795875 ], [ 139.12088748387032, 34.195243072110145 ], [ 139.121047367142296, 34.196023494788506 ], [ 139.121714915910729, 34.196751963632266 ], [ 139.12185916986482, 34.197314476981603 ], [ 139.121400414897266, 34.19763872125003 ], [ 139.121796679573208, 34.198153378075972 ], [ 139.121582361237074, 34.19865999136556 ], [ 139.121981894049213, 34.199289972754116 ], [ 139.12293475993124, 34.199060368641142 ], [ 139.122862217917032, 34.199352143786484 ], [ 139.123578249136926, 34.199350432376605 ], [ 139.123903243439941, 34.199878918976992 ], [ 139.12492018242051, 34.199771919438604 ], [ 139.12596975420081, 34.200306197672944 ], [ 139.12570116717518, 34.200686359987571 ], [ 139.126092049408612, 34.200913919042193 ], [ 139.126431970658928, 34.200567802362229 ], [ 139.129352283381195, 34.201379586198982 ], [ 139.131509922445048, 34.20120136035456 ], [ 139.132361244975527, 34.201964278628623 ], [ 139.13311769082884, 34.205056891562322 ], [ 139.132727859902843, 34.207201387034445 ], [ 139.130929390279221, 34.207874865033034 ], [ 139.130035252824769, 34.20942446796488 ], [ 139.12738693915594, 34.2090129462905 ], [ 139.127330194632805, 34.209274080634373 ], [ 139.12995243785474, 34.209597278991282 ], [ 139.129958249273841, 34.209890054182722 ], [ 139.130216718926476, 34.209642162355976 ], [ 139.131157911608398, 34.209745999878066 ], [ 139.131250025568306, 34.210299198049597 ], [ 139.131675447164184, 34.20948563985047 ], [ 139.131131115408721, 34.209603135376426 ], [ 139.130993385136662, 34.209263802282692 ], [ 139.131287950878345, 34.209087802260342 ], [ 139.131695887855017, 34.209414694132875 ], [ 139.131867807653293, 34.208885468289793 ], [ 139.131392891868472, 34.208812694250469 ], [ 139.131689195999684, 34.208349359935085 ], [ 139.132764553141669, 34.208351639716454 ], [ 139.132673164934658, 34.208812640291171 ], [ 139.132376420135756, 34.208833919150095 ], [ 139.132723553948949, 34.209935828775542 ], [ 139.131964721294935, 34.209908305923648 ], [ 139.132688663850786, 34.210022440683133 ], [ 139.132764357988776, 34.210725197909596 ], [ 139.132402503173012, 34.211151359647602 ], [ 139.132206497731772, 34.210967054386117 ], [ 139.132182776314153, 34.211383972892065 ], [ 139.13165627811486, 34.211377360177096 ], [ 139.131317471124476, 34.210724305782151 ], [ 139.131113450025737, 34.210828360040807 ], [ 139.131553748207011, 34.211675999847557 ], [ 139.130873527990957, 34.212814027145669 ], [ 139.13082416330451, 34.213361359938858 ], [ 139.13125941628914, 34.213811386985981 ], [ 139.131094552571653, 34.214689919404293 ], [ 139.130755577408081, 34.214774972786813 ], [ 139.130941388134602, 34.215033161851011 ], [ 139.13045155619443, 34.215238999580208 ], [ 139.13044988255615, 34.215856000154361 ], [ 139.130889364152949, 34.21639846761525 ], [ 139.13390391683231, 34.217066919302908 ], [ 139.133638222925697, 34.217162305895727 ], [ 139.133776719420098, 34.217803667305475 ], [ 139.134251529984226, 34.21796116197811 ], [ 139.133775746353649, 34.217817080693749 ], [ 139.133593671410836, 34.218378972611561 ], [ 139.13262883285438, 34.21886463979132 ], [ 139.131431140934524, 34.218689468044545 ], [ 139.131418170911957, 34.219048586223323 ], [ 139.130960636324403, 34.219030359663407 ], [ 139.130596160884238, 34.219975558825013 ], [ 139.129928859429356, 34.220098945809752 ], [ 139.129907639026328, 34.22034286533102 ], [ 139.129320415005168, 34.220022864963312 ], [ 139.128926082972384, 34.220406468084093 ], [ 139.128669662874699, 34.220036639879083 ], [ 139.128409364000959, 34.220511694159427 ], [ 139.128848754766295, 34.22066163992281 ], [ 139.12838083031113, 34.221302666784709 ], [ 139.128806329248732, 34.221061775280759 ], [ 139.128897301969005, 34.221308694041056 ], [ 139.128480610092197, 34.221926468032109 ], [ 139.128398002865652, 34.222968468420106 ], [ 139.128701193105599, 34.222780278986761 ], [ 139.129482387402277, 34.223085972939373 ], [ 139.129756031315878, 34.222860333038 ], [ 139.129934253562965, 34.223135081319015 ], [ 139.130742555224856, 34.22285435974095 ], [ 139.131324669298124, 34.223465252119752 ], [ 139.13165214033404, 34.223383027105058 ], [ 139.131651089026604, 34.223655107996876 ], [ 139.133154331907008, 34.223572721104233 ], [ 139.133393696362077, 34.223306162049766 ], [ 139.134465576725006, 34.223489414205176 ], [ 139.134721582235329, 34.224073747805278 ], [ 139.135782361366978, 34.223869278844177 ], [ 139.135412554745699, 34.224069828559777 ], [ 139.13638741894431, 34.224940251791224 ], [ 139.136886887120227, 34.225972748143874 ], [ 139.136765719662321, 34.227531414443263 ], [ 139.137640388593127, 34.227540000270835 ], [ 139.136897003593958, 34.227577612616756 ], [ 139.136962412185653, 34.228492413793902 ], [ 139.136261218880236, 34.229206161635091 ], [ 139.136493839319314, 34.230747918881377 ], [ 139.134870414638044, 34.231958865009688 ], [ 139.136019222109439, 34.232663386706008 ], [ 139.136130116611639, 34.233288440709032 ], [ 139.134175498600484, 34.23509827866269 ], [ 139.134758690061517, 34.235325360177285 ], [ 139.134519921856963, 34.235702026827141 ], [ 139.13492082973255, 34.235855134606823 ], [ 139.134987859801981, 34.2364171083629 ], [ 139.135317782389848, 34.236280252231893 ], [ 139.13539005190944, 34.236679134834276 ], [ 139.135873579602048, 34.236818946137532 ], [ 139.135550999079442, 34.237247865196878 ], [ 139.135796278375665, 34.237006559105453 ], [ 139.137462335418491, 34.23740433284371 ], [ 139.137475084207836, 34.238281721324427 ], [ 139.137848301058284, 34.23846386461571 ], [ 139.137112334566609, 34.239712054367885 ], [ 139.137313890623659, 34.2400068287522 ], [ 139.13707827544215, 34.240750080651765 ], [ 139.137688495128032, 34.242069828559806 ], [ 139.138649468398285, 34.241935081338966 ], [ 139.138691310255808, 34.24244625239271 ], [ 139.139794889922314, 34.243392108059368 ], [ 139.143199441700972, 34.243781775308719 ], [ 139.143311413590936, 34.243736332565732 ] ] ], [ [ [ 139.138889662927681, 34.244071802171959 ], [ 139.138842697632413, 34.243576225362574 ], [ 139.138608145449666, 34.244033532421611 ], [ 139.138879078806553, 34.244075802356463 ], [ 139.138889662927681, 34.244071802171959 ] ] ], [ [ [ 139.140019441643972, 34.243953892058528 ], [ 139.139824721333866, 34.244095558663162 ], [ 139.140073606012152, 34.243983891643325 ], [ 139.140019441643972, 34.243953892058528 ] ] ], [ [ [ 139.140961946436732, 34.244044162408215 ], [ 139.140779441617951, 34.244138054327777 ], [ 139.14101082998593, 34.244154440874809 ], [ 139.140961946436732, 34.244044162408215 ] ] ], [ [ [ 139.144281088701291, 34.244296864708588 ], [ 139.144095642200227, 34.244393558915647 ], [ 139.144302166112084, 34.244306802217181 ], [ 139.144281088701291, 34.244296864708588 ] ] ], [ [ [ 139.14310055764463, 34.244420495409599 ], [ 139.143570026235807, 34.244226251740201 ], [ 139.143099947904375, 34.244428802447317 ], [ 139.14310055764463, 34.244420495409599 ] ] ], [ [ [ 139.143625720350769, 34.24498469408843 ], [ 139.143179805004024, 34.244938000388458 ], [ 139.14362221839076, 34.244987278739984 ], [ 139.143625720350769, 34.24498469408843 ] ] ], [ [ [ 139.143330699552166, 34.245033494899928 ], [ 139.1430558883186, 34.244996531864501 ], [ 139.143325305418557, 34.245040693972896 ], [ 139.143330699552166, 34.245033494899928 ] ] ], [ [ [ 139.142914163258069, 34.245695000224146 ], [ 139.142778340448103, 34.245847224869578 ], [ 139.142946394060914, 34.245719720788543 ], [ 139.142914163258069, 34.245695000224146 ] ] ], [ [ [ 139.210636446215062, 34.315228360400567 ], [ 139.210330117341073, 34.315145468088929 ], [ 139.210691051251047, 34.315279946412431 ], [ 139.210636446215062, 34.315228360400567 ] ] ], [ [ [ 139.210399169985749, 34.315274440762892 ], [ 139.210311388060177, 34.315478612947686 ], [ 139.210625005939391, 34.315501667068304 ], [ 139.210450272162348, 34.315301945628335 ], [ 139.210399169985749, 34.315274440762892 ] ] ], [ [ [ 139.212771479020603, 34.315766333049908 ], [ 139.212535227119133, 34.315414892383444 ], [ 139.212750142605046, 34.315768666790575 ], [ 139.212771479020603, 34.315766333049908 ] ] ], [ [ [ 139.201539416111245, 34.315990107757329 ], [ 139.201546743787276, 34.315244639928267 ], [ 139.200960116915894, 34.315388134854572 ], [ 139.201025642419495, 34.315070387288586 ], [ 139.200121025165231, 34.315467359730917 ], [ 139.201529974129016, 34.315987891827774 ], [ 139.201539416111245, 34.315990107757329 ] ] ], [ [ [ 139.21123652424626, 34.31593849476576 ], [ 139.21134949438374, 34.315690414081416 ], [ 139.210759170399456, 34.315605829245669 ], [ 139.210843501626414, 34.316028640109721 ], [ 139.211222022678271, 34.315944027395005 ], [ 139.21123652424626, 34.31593849476576 ] ] ], [ [ [ 139.209153411101056, 34.315934586312153 ], [ 139.209260636369322, 34.316641748418022 ], [ 139.209182282936126, 34.315939494811914 ], [ 139.209153411101056, 34.315934586312153 ] ] ], [ [ [ 139.217101724565055, 34.316269359843147 ], [ 139.216967497152382, 34.316643000274269 ], [ 139.217205446973821, 34.316319387329941 ], [ 139.217101724565055, 34.316269359843147 ] ] ], [ [ [ 139.216253994826047, 34.316726252314766 ], [ 139.215974279589432, 34.316242667065467 ], [ 139.215624578211759, 34.316277054442537 ], [ 139.216020999369675, 34.316909532349086 ], [ 139.216255667565065, 34.316738494785739 ], [ 139.216253994826047, 34.316726252314766 ] ] ], [ [ [ 139.20820635483949, 34.317020360301456 ], [ 139.208573333092886, 34.316427919313071 ], [ 139.208209143637077, 34.316471864684843 ], [ 139.208188664275553, 34.317031973247026 ], [ 139.20820635483949, 34.317020360301456 ] ] ], [ [ [ 139.218511115095907, 34.317142775119009 ], [ 139.218684721123054, 34.317013892377304 ], [ 139.218483890819016, 34.317159441355159 ], [ 139.218511115095907, 34.317142775119009 ] ] ], [ [ [ 139.195392917749018, 34.317179945897863 ], [ 139.19579396861684, 34.316748197571314 ], [ 139.195507638866502, 34.316736440734189 ], [ 139.195363994652666, 34.317182053908709 ], [ 139.195392917749018, 34.317179945897863 ] ] ], [ [ [ 139.217875887961895, 34.317177333367283 ], [ 139.21792625179512, 34.31648519803349 ], [ 139.217864474665816, 34.317192135308858 ], [ 139.217875887961895, 34.317177333367283 ] ] ], [ [ [ 139.208939753766685, 34.317452613147623 ], [ 139.208902672020713, 34.317043999880752 ], [ 139.208935694226966, 34.317455919055476 ], [ 139.208939753766685, 34.317452613147623 ] ] ], [ [ [ 139.209435836894386, 34.317326467942166 ], [ 139.209294085753527, 34.316850359656428 ], [ 139.209424034191898, 34.317335891937887 ], [ 139.209435836894386, 34.317326467942166 ] ] ], [ [ [ 139.219250466635799, 34.317613919147107 ], [ 139.21902583667304, 34.317591251734939 ], [ 139.219252892107306, 34.317623945688581 ], [ 139.219250466635799, 34.317613919147107 ] ] ], [ [ [ 139.218211582398681, 34.317689829122344 ], [ 139.218472114196743, 34.317590721134934 ], [ 139.217895447317119, 34.317580333065962 ], [ 139.218183968715266, 34.317690775209144 ], [ 139.218211582398681, 34.317689829122344 ] ] ], [ [ [ 139.217555551247756, 34.318279225006279 ], [ 139.217648248867704, 34.318056197635485 ], [ 139.217535252649895, 34.318292748111901 ], [ 139.217555551247756, 34.318279225006279 ] ] ], [ [ [ 139.218792360978796, 34.318702667194373 ], [ 139.218433696058241, 34.318657135418505 ], [ 139.218777886390399, 34.318720721084446 ], [ 139.218792360978796, 34.318702667194373 ] ] ], [ [ [ 139.219702554929086, 34.318411532366383 ], [ 139.219395940070626, 34.318483559069023 ], [ 139.219533217084404, 34.318851279263185 ], [ 139.219705188143962, 34.318423279310935 ], [ 139.219702554929086, 34.318411532366383 ] ] ], [ [ [ 139.224171698964824, 34.318937802137896 ], [ 139.223825331373973, 34.31828272067105 ], [ 139.223858301419568, 34.318817891932213 ], [ 139.224174812417687, 34.3189429732397 ], [ 139.224171698964824, 34.318937802137896 ] ] ], [ [ [ 139.206992826757642, 34.319764162186402 ], [ 139.207021114932559, 34.32000916179345 ], [ 139.207007134072001, 34.319769107558329 ], [ 139.206992826757642, 34.319764162186402 ] ] ], [ [ [ 139.219869780266208, 34.320442865246093 ], [ 139.219708340267744, 34.320736305935839 ], [ 139.219881829382985, 34.320458694213414 ], [ 139.219869780266208, 34.320442865246093 ] ] ], [ [ [ 139.224881414245942, 34.320764828833831 ], [ 139.224841607554254, 34.320467306121316 ], [ 139.224845914407524, 34.320806305566578 ], [ 139.224881414245942, 34.320764828833831 ] ] ], [ [ [ 139.224605422202558, 34.321002559220801 ], [ 139.224595226588463, 34.320699225089243 ], [ 139.224159363863578, 34.320838306142946 ], [ 139.224600505608919, 34.321008386827657 ], [ 139.224605422202558, 34.321002559220801 ] ] ], [ [ [ 139.221368054392315, 34.321124892200089 ], [ 139.221171504861104, 34.32118322492596 ], [ 139.221373748000133, 34.321148081219008 ], [ 139.221368054392315, 34.321124892200089 ] ] ], [ [ [ 139.225242724072473, 34.320612359572806 ], [ 139.22505021969198, 34.320498721239062 ], [ 139.225511829107745, 34.321282386872724 ], [ 139.225250895312683, 34.320626026569926 ], [ 139.225242724072473, 34.320612359572806 ] ] ], [ [ [ 139.206811244643291, 34.321315721143662 ], [ 139.206432087770736, 34.321334251674443 ], [ 139.206754034271285, 34.321367252296909 ], [ 139.206811244643291, 34.321315721143662 ] ] ], [ [ [ 139.225188469772093, 34.321581531962181 ], [ 139.225001362223111, 34.321082494561551 ], [ 139.224510726289054, 34.321147865381761 ], [ 139.22518450106395, 34.321590251788734 ], [ 139.225188469772093, 34.321581531962181 ] ] ], [ [ [ 139.223572139842418, 34.321470080779648 ], [ 139.22340946777274, 34.321667802127422 ], [ 139.223603087312654, 34.321489999863672 ], [ 139.223572139842418, 34.321470080779648 ] ] ], [ [ [ 139.225042633011185, 34.321700441222447 ], [ 139.224746160706786, 34.321497467833922 ], [ 139.225038612142271, 34.321704586197768 ], [ 139.225042633011185, 34.321700441222447 ] ] ], [ [ [ 139.22067027221533, 34.321821278629159 ], [ 139.221115084093867, 34.321856134553002 ], [ 139.220461698748409, 34.321350891830264 ], [ 139.220363358782038, 34.321917748005717 ], [ 139.220630051835542, 34.321837026657533 ], [ 139.22067027221533, 34.321821278629159 ] ] ], [ [ [ 139.223683696245644, 34.322229134666884 ], [ 139.222958755442278, 34.321949720703117 ], [ 139.222860220323014, 34.322185999584292 ], [ 139.222829078599148, 34.321849000231225 ], [ 139.223404357824961, 34.321816279297877 ], [ 139.223193527958983, 34.321386441131381 ], [ 139.222843696179666, 34.321589532331132 ], [ 139.223080921147698, 34.32123991908702 ], [ 139.222865136017276, 34.321012440971401 ], [ 139.222589299556603, 34.322172197688815 ], [ 139.222298975017793, 34.321722748006493 ], [ 139.222045331127219, 34.32194813519834 ], [ 139.222243968884072, 34.322056161762532 ], [ 139.222023449722542, 34.322765027184289 ], [ 139.222731218870763, 34.322879721322124 ], [ 139.223666161264418, 34.322261585803574 ], [ 139.223683696245644, 34.322229134666884 ] ] ], [ [ [ 139.224593061020983, 34.323030891962162 ], [ 139.224223917200106, 34.323243080703662 ], [ 139.224591114888085, 34.323045666924031 ], [ 139.224593061020983, 34.323030891962162 ] ] ], [ [ [ 139.224841582373188, 34.323136531725595 ], [ 139.224615032357974, 34.323271359885382 ], [ 139.224852502840804, 34.323143891777249 ], [ 139.224841582373188, 34.323136531725595 ] ] ], [ [ [ 139.224143670693934, 34.323176774588546 ], [ 139.223729948378491, 34.323391828570095 ], [ 139.224167276099024, 34.323186107752747 ], [ 139.224143670693934, 34.323176774588546 ] ] ], [ [ [ 139.225371088804764, 34.323924053652206 ], [ 139.225098521379778, 34.324044667127737 ], [ 139.225352606837419, 34.323951359767477 ], [ 139.225371088804764, 34.323924053652206 ] ] ], [ [ [ 139.226239883363974, 34.324945413699936 ], [ 139.226288339735106, 34.324044197681644 ], [ 139.225800855924831, 34.323861198235761 ], [ 139.225688275193761, 34.324253333224817 ], [ 139.226040751879282, 34.324367612775177 ], [ 139.225575550571307, 34.32493769391948 ], [ 139.226231141054427, 34.324967802322249 ], [ 139.226239883363974, 34.324945413699936 ] ] ], [ [ [ 139.22654910535698, 34.324681333177011 ], [ 139.226687029882555, 34.325237026967272 ], [ 139.226572724251923, 34.324720495054862 ], [ 139.22654910535698, 34.324681333177011 ] ] ], [ [ [ 139.276011166782041, 34.327400667207087 ], [ 139.278230143206656, 34.327103134602055 ], [ 139.27967280235805, 34.325504441277019 ], [ 139.280313021628672, 34.32549255943411 ], [ 139.280760116885972, 34.325110306195711 ], [ 139.279709248283211, 34.324617639592418 ], [ 139.279065473093169, 34.325204801560403 ], [ 139.278820388949839, 34.324778333153631 ], [ 139.278022723569848, 34.324685828887937 ], [ 139.277527367094422, 34.324151306038004 ], [ 139.276945499435328, 34.324341775252776 ], [ 139.275193605700451, 34.325946252117888 ], [ 139.275169170221147, 34.326649891579279 ], [ 139.275584526604689, 34.326598945884712 ], [ 139.275964500960981, 34.32742722508641 ], [ 139.276011166782041, 34.327400667207087 ] ] ], [ [ [ 139.276728469643217, 34.327719639649729 ], [ 139.276482412433438, 34.327511360261099 ], [ 139.276698300985913, 34.32772825155763 ], [ 139.276728469643217, 34.327719639649729 ] ] ], [ [ [ 139.227828222794301, 34.328233945740067 ], [ 139.227476809107543, 34.328399612552118 ], [ 139.227852892097303, 34.328251720840285 ], [ 139.227828222794301, 34.328233945740067 ] ] ], [ [ [ 139.226836938773772, 34.328503639831183 ], [ 139.226918494692882, 34.328133054396972 ], [ 139.226617107593484, 34.328474161853137 ], [ 139.226826808810188, 34.328538305998052 ], [ 139.226836938773772, 34.328503639831183 ] ] ], [ [ [ 139.200008340112845, 34.329183666692927 ], [ 139.200133086872484, 34.328909693627509 ], [ 139.200004253593534, 34.329192918918125 ], [ 139.200008340112845, 34.329183666692927 ] ] ], [ [ [ 139.206153164836792, 34.329043162012397 ], [ 139.205989300266083, 34.329246891730747 ], [ 139.206127302133382, 34.329074495291763 ], [ 139.206153164836792, 34.329043162012397 ] ] ], [ [ [ 139.20226719787297, 34.329270864958517 ], [ 139.202720725980839, 34.328147802379249 ], [ 139.202161996978589, 34.328718387143908 ], [ 139.20223992233457, 34.329287134593642 ], [ 139.20226719787297, 34.329270864958517 ] ] ], [ [ [ 139.226970558244716, 34.329237359816375 ], [ 139.226757716595444, 34.329274161873116 ], [ 139.22696272425037, 34.329268252427937 ], [ 139.226970558244716, 34.329237359816375 ] ] ], [ [ [ 139.200796835105962, 34.329420414120875 ], [ 139.200560505862768, 34.329400081348751 ], [ 139.200783644749436, 34.329425586121943 ], [ 139.200796835105962, 34.329420414120875 ] ] ], [ [ [ 139.20082622584971, 34.329529197914212 ], [ 139.200569921764554, 34.329448640242617 ], [ 139.200814501388209, 34.329527613308755 ], [ 139.20082622584971, 34.329529197914212 ] ] ], [ [ [ 139.205079610835469, 34.329566775186549 ], [ 139.204820311108506, 34.329872613030716 ], [ 139.205075577376078, 34.329580468264055 ], [ 139.205079610835469, 34.329566775186549 ] ] ], [ [ [ 139.22693902711444, 34.33018989204993 ], [ 139.227091893875922, 34.329894197659144 ], [ 139.226649247564751, 34.329806081185723 ], [ 139.226897613334245, 34.330209251755605 ], [ 139.22693902711444, 34.33018989204993 ] ] ], [ [ [ 139.225826420053295, 34.330431666688128 ], [ 139.225768444358323, 34.330212305853308 ], [ 139.225805939792394, 34.330453108324321 ], [ 139.225826420053295, 34.330431666688128 ] ] ], [ [ [ 139.226515447330144, 34.330445080975778 ], [ 139.2271557196608, 34.330190586326523 ], [ 139.225972244223726, 34.330479802001321 ], [ 139.226149078817002, 34.330687135303094 ], [ 139.226511996631416, 34.330455441165725 ], [ 139.226515447330144, 34.330445080975778 ] ] ], [ [ [ 139.206816472402352, 34.331167748293012 ], [ 139.207001336142866, 34.330742252053369 ], [ 139.206401750940131, 34.331229802413475 ], [ 139.206795109906466, 34.331220559181531 ], [ 139.206816472402352, 34.331167748293012 ] ] ], [ [ [ 139.208098144813562, 34.331393279376414 ], [ 139.208282361042166, 34.331261053854575 ], [ 139.208072529423703, 34.331403251958591 ], [ 139.208098144813562, 34.331393279376414 ] ] ], [ [ [ 139.206195473442449, 34.331243721220801 ], [ 139.206012309420657, 34.331542801559124 ], [ 139.206196978008165, 34.331261026874927 ], [ 139.206195473442449, 34.331243721220801 ] ] ], [ [ [ 139.205645668412899, 34.331493694078745 ], [ 139.205650168620423, 34.331213252189912 ], [ 139.205630895249669, 34.331509306309499 ], [ 139.205645668412899, 34.331493694078745 ] ] ], [ [ [ 139.207293553754539, 34.33147419767613 ], [ 139.20708163391032, 34.331650694124278 ], [ 139.207278780591309, 34.33148980181295 ], [ 139.207293553754539, 34.33147419767613 ] ] ], [ [ [ 139.208333332817119, 34.331583946442038 ], [ 139.208162672069761, 34.331691224770282 ], [ 139.208337755682919, 34.331585720804412 ], [ 139.208333332817119, 34.331583946442038 ] ] ], [ [ [ 139.216641855337457, 34.333607919270094 ], [ 139.216392995840124, 34.33357391860153 ], [ 139.216643773591386, 34.333625494720877 ], [ 139.216641855337457, 34.333607919270094 ] ] ], [ [ [ 139.20746194641174, 34.33420549538738 ], [ 139.207284527259162, 34.3340344407369 ], [ 139.207460531778224, 34.334206026886704 ], [ 139.20746194641174, 34.33420549538738 ] ] ], [ [ [ 139.214774577684693, 34.335141586215286 ], [ 139.214604577938985, 34.335367279176637 ], [ 139.214775226995243, 34.335172252197708 ], [ 139.214774577684693, 34.335141586215286 ] ] ], [ [ [ 139.207598949132262, 34.33573225194192 ], [ 139.208112996217892, 34.335497865234345 ], [ 139.207239000879213, 34.335393945873932 ], [ 139.20759552541324, 34.335740531999988 ], [ 139.207598949132262, 34.33573225194192 ] ] ], [ [ [ 139.214536135034677, 34.335497829261442 ], [ 139.214407808073929, 34.335803802003909 ], [ 139.214554279756271, 34.335513532323716 ], [ 139.214536135034677, 34.335497829261442 ] ] ], [ [ [ 139.213870195153504, 34.33624555888548 ], [ 139.213631945857628, 34.336379054250017 ], [ 139.213875031707403, 34.336250441304855 ], [ 139.213870195153504, 34.33624555888548 ] ] ], [ [ [ 139.208364694874831, 34.336364441166097 ], [ 139.207803891136678, 34.335722306339392 ], [ 139.207415668198564, 34.33597138706989 ], [ 139.208353164666846, 34.336380162214766 ], [ 139.208364694874831, 34.336364441166097 ] ] ], [ [ [ 139.212872970211492, 34.336931559044274 ], [ 139.213999104874802, 34.335441865349878 ], [ 139.213769611378552, 34.335039306319004 ], [ 139.213966445994743, 34.334861081373845 ], [ 139.214056808974647, 34.335281305787703 ], [ 139.214237587994376, 34.334745531980786 ], [ 139.214513839042525, 34.335114585869519 ], [ 139.21552411224809, 34.335369054438388 ], [ 139.21546082965358, 34.335759720834517 ], [ 139.216538391933341, 34.334233252062972 ], [ 139.216300246059518, 34.334115108125786 ], [ 139.215907250419377, 34.334665495016623 ], [ 139.214868106278118, 34.334157279135184 ], [ 139.214669779686687, 34.333104081288354 ], [ 139.214113359244152, 34.332494802293354 ], [ 139.21428024643626, 34.332263494864435 ], [ 139.21476367070693, 34.332260161976933 ], [ 139.215088716271339, 34.333181225133501 ], [ 139.215728975112143, 34.332862667278334 ], [ 139.215899053098838, 34.333429000048341 ], [ 139.216699248271766, 34.333293278861788 ], [ 139.216787327872908, 34.333759829152825 ], [ 139.217212724287833, 34.333445161764871 ], [ 139.217543799806549, 34.334301945878167 ], [ 139.217653190642295, 34.333373639581851 ], [ 139.216908807395612, 34.333380252296877 ], [ 139.217539584684118, 34.333063829432263 ], [ 139.217681283664319, 34.332489802062753 ], [ 139.21809863834153, 34.333091694026507 ], [ 139.219561167114193, 34.332576413970401 ], [ 139.220248275237736, 34.332810467928823 ], [ 139.220867716571888, 34.332600801785645 ], [ 139.22096708176548, 34.332013108318336 ], [ 139.223510804280295, 34.331378134793113 ], [ 139.223536835156892, 34.330890532272292 ], [ 139.223056524339199, 34.330735332669519 ], [ 139.222343942918656, 34.331200134678511 ], [ 139.221860116651101, 34.33104930578088 ], [ 139.22277033668172, 34.330592080560109 ], [ 139.222598274790585, 34.330295612752366 ], [ 139.222873995238729, 34.330037694384146 ], [ 139.223787004067049, 34.33037716237618 ], [ 139.223423139266515, 34.330532414139668 ], [ 139.223673917017777, 34.330747945661187 ], [ 139.224602360910239, 34.330847414276775 ], [ 139.223872528694301, 34.331701531900251 ], [ 139.224637912010053, 34.331235081433931 ], [ 139.224817003901649, 34.330741108115717 ], [ 139.225506057258826, 34.330930080858593 ], [ 139.225530635730365, 34.330186774999731 ], [ 139.226451555894641, 34.330126333363637 ], [ 139.226617275766671, 34.329733441145436 ], [ 139.22609469501424, 34.329683532369188 ], [ 139.227054384052622, 34.328552134873178 ], [ 139.226180026287238, 34.329214134824497 ], [ 139.226646251923057, 34.32773186503357 ], [ 139.226005940022219, 34.327297225386701 ], [ 139.226630557854037, 34.327209251905515 ], [ 139.226831309917088, 34.326720332777199 ], [ 139.226134474726337, 34.326532081290566 ], [ 139.226821284274934, 34.326632945653955 ], [ 139.22696978033116, 34.32617369426066 ], [ 139.226474332124781, 34.325632558695702 ], [ 139.22568182885334, 34.326156748335336 ], [ 139.225905006410926, 34.32560746761061 ], [ 139.225516135061639, 34.325491053969017 ], [ 139.225180415443901, 34.324836828656771 ], [ 139.225343255686766, 34.324226748365788 ], [ 139.224808365913418, 34.324503108231909 ], [ 139.224872698016611, 34.324199251594223 ], [ 139.22413483755281, 34.324325135096956 ], [ 139.225161479318899, 34.323381802028621 ], [ 139.222736471810776, 34.323836197982189 ], [ 139.222195161777336, 34.323541586375143 ], [ 139.222043839151866, 34.323024612895608 ], [ 139.219800583730034, 34.322141865354865 ], [ 139.219932671655556, 34.321893495088773 ], [ 139.219585083684706, 34.321859305562555 ], [ 139.219501607713141, 34.321429197599457 ], [ 139.219915887608181, 34.321408999725634 ], [ 139.220043747820796, 34.320933359986611 ], [ 139.219572048911004, 34.321053531895018 ], [ 139.219694500600781, 34.32056513527283 ], [ 139.219372826594736, 34.320401494633302 ], [ 139.221178910778121, 34.319993667373922 ], [ 139.218850310593439, 34.319758973098203 ], [ 139.218700506023652, 34.319934467701557 ], [ 139.219320143409959, 34.320045667073941 ], [ 139.21906355423971, 34.320840441133498 ], [ 139.218469078984867, 34.320776612650604 ], [ 139.218514772638741, 34.320397107740405 ], [ 139.217817755784836, 34.320066161724014 ], [ 139.217634060263777, 34.318538999575196 ], [ 139.217118417780853, 34.31808600026875 ], [ 139.217621024590699, 34.317796585843837 ], [ 139.217632049379631, 34.317148892307614 ], [ 139.216889468374347, 34.316971224942108 ], [ 139.216812918081814, 34.316639694366472 ], [ 139.216605499344382, 34.317603612916457 ], [ 139.216255057824696, 34.317516721319691 ], [ 139.216084189333969, 34.317851973289976 ], [ 139.215817328107278, 34.317704747975768 ], [ 139.215973865001956, 34.317161892007789 ], [ 139.215368807424625, 34.317300107913695 ], [ 139.215437419401496, 34.316938135286762 ], [ 139.215032943915276, 34.317257945897552 ], [ 139.215046109090736, 34.317772612616011 ], [ 139.214730466837636, 34.317592161848836 ], [ 139.214823774197839, 34.317196495222106 ], [ 139.21445452695491, 34.317497440754323 ], [ 139.214253281164019, 34.316553333369711 ], [ 139.214032113591202, 34.31783169357783 ], [ 139.213774331919922, 34.317008721275499 ], [ 139.213219273950358, 34.316984080750785 ], [ 139.213493502423262, 34.31614891903746 ], [ 139.212771166955804, 34.316011999953901 ], [ 139.212574358419943, 34.317022197616382 ], [ 139.212213527932022, 34.316810945968427 ], [ 139.212414059661228, 34.31625938726097 ], [ 139.211960220387937, 34.315737972929185 ], [ 139.211392335388041, 34.316145748027907 ], [ 139.211977833610149, 34.316638080982727 ], [ 139.211558495028612, 34.317053027275449 ], [ 139.21097516237387, 34.316695559352638 ], [ 139.211456498418784, 34.317522558819064 ], [ 139.210835226964264, 34.317019225357001 ], [ 139.211380947272914, 34.318278775345277 ], [ 139.210392996139944, 34.317516973129841 ], [ 139.21023861222227, 34.317998360436036 ], [ 139.209512244194798, 34.317455161826331 ], [ 139.209532218137383, 34.317690919100698 ], [ 139.209085356703895, 34.317773666621463 ], [ 139.208334772631702, 34.317390639966106 ], [ 139.207971088594945, 34.317730305808993 ], [ 139.208148716390269, 34.318157278735498 ], [ 139.207121997282457, 34.317617946311202 ], [ 139.207007003670356, 34.318281081206976 ], [ 139.207741024928396, 34.318859775158558 ], [ 139.207099000718358, 34.319175802321467 ], [ 139.207111361899933, 34.319515135415202 ], [ 139.20670797729133, 34.319334306033454 ], [ 139.206652411779487, 34.319732414319503 ], [ 139.207055005883831, 34.319803252118447 ], [ 139.206820415030165, 34.320269775429836 ], [ 139.207454838170293, 34.320087305684638 ], [ 139.207174577944443, 34.320735161998186 ], [ 139.207476225847245, 34.321116720959935 ], [ 139.206703217179779, 34.321667494559279 ], [ 139.205187523185714, 34.321138080757862 ], [ 139.204094163414993, 34.321981027002835 ], [ 139.203839221802696, 34.321751081147511 ], [ 139.204722386628873, 34.320796440903052 ], [ 139.204575447299135, 34.320304440697441 ], [ 139.204123994826546, 34.319950134790929 ], [ 139.203687418939353, 34.320297360334962 ], [ 139.20341871590108, 34.321383414013383 ], [ 139.20307269814657, 34.32129049516027 ], [ 139.203275472784867, 34.320269279004094 ], [ 139.202866978228485, 34.32097280155358 ], [ 139.202547173013727, 34.320814386874531 ], [ 139.202497834407609, 34.319435828700591 ], [ 139.201903554305659, 34.31860974834126 ], [ 139.202184552874883, 34.31805772108703 ], [ 139.201714163378028, 34.317624999694033 ], [ 139.201831633723032, 34.317318440593624 ], [ 139.201303450194132, 34.316362667203407 ], [ 139.200141750941157, 34.316079360074468 ], [ 139.199896718958485, 34.316242721024821 ], [ 139.200204448976251, 34.316325892126258 ], [ 139.199760117335586, 34.316403559376795 ], [ 139.199996861166255, 34.316623865399094 ], [ 139.197731945572855, 34.315958054120927 ], [ 139.196792360878817, 34.316666945623069 ], [ 139.196072113637229, 34.316346305837385 ], [ 139.196077107572478, 34.316877333022546 ], [ 139.197227639044399, 34.317141613194963 ], [ 139.19777749713387, 34.317638531792852 ], [ 139.196639221622831, 34.317579774586989 ], [ 139.196312775814022, 34.317929413911372 ], [ 139.194905888096287, 34.318203108186935 ], [ 139.194209274138757, 34.31920497273137 ], [ 139.194312334646611, 34.319816775224069 ], [ 139.193930726222106, 34.320316026663363 ], [ 139.19482905271866, 34.320798828603131 ], [ 139.194727224282019, 34.321317946066415 ], [ 139.195315110204206, 34.321804973021131 ], [ 139.195513553707656, 34.322861892262551 ], [ 139.195880117373576, 34.322627775351577 ], [ 139.196424746804723, 34.323603027158015 ], [ 139.196731115248781, 34.323240026606015 ], [ 139.196925252798223, 34.323836973197785 ], [ 139.197295771682548, 34.323766135398898 ], [ 139.197567055775039, 34.324323531605728 ], [ 139.198208806591197, 34.324181721109596 ], [ 139.198259831426185, 34.324592999967024 ], [ 139.199205383122035, 34.32470194563831 ], [ 139.198912437958711, 34.324988198046981 ], [ 139.199649780413097, 34.324927107999713 ], [ 139.199363994752616, 34.325314197792068 ], [ 139.200071634398455, 34.325010252121501 ], [ 139.20091574616481, 34.32537577527188 ], [ 139.200849753913076, 34.325728197997989 ], [ 139.201653695661548, 34.325696468117542 ], [ 139.201420310798767, 34.326301918698618 ], [ 139.200460661330567, 34.326560667141109 ], [ 139.200773696449005, 34.326610162229258 ], [ 139.200804228432503, 34.32718894611304 ], [ 139.201347392868001, 34.327719135130053 ], [ 139.200265162207529, 34.329047135217195 ], [ 139.200811309694245, 34.329344414213381 ], [ 139.201766913112579, 34.329060829193963 ], [ 139.202729390049399, 34.327642892405606 ], [ 139.203576472276495, 34.327467279091707 ], [ 139.204346226297389, 34.326721251884294 ], [ 139.205157755626033, 34.32683891918083 ], [ 139.205547638712574, 34.3275412519273 ], [ 139.204749415752985, 34.32834844112773 ], [ 139.205182438418888, 34.329036107730246 ], [ 139.204781555724253, 34.329460585937341 ], [ 139.205464773380641, 34.328919107730712 ], [ 139.205538910792143, 34.328041828967287 ], [ 139.206264553066717, 34.327903918830827 ], [ 139.20658997364842, 34.328261946131988 ], [ 139.206369247642783, 34.329724332811736 ], [ 139.206843256011553, 34.329773360252432 ], [ 139.20650805440323, 34.330478918867072 ], [ 139.20810788627, 34.329919559440157 ], [ 139.208562918044322, 34.330181441120658 ], [ 139.208299467946176, 34.331004387342659 ], [ 139.208669974240024, 34.330824081366302 ], [ 139.208459221715771, 34.331164134817016 ], [ 139.208835253444249, 34.33104741360728 ], [ 139.20807778236383, 34.332028666589736 ], [ 139.20848077756591, 34.3325379463692 ], [ 139.207587756170028, 34.332293748058078 ], [ 139.207225771851995, 34.332655864576566 ], [ 139.207629222110995, 34.333104467996861 ], [ 139.206910143088749, 34.333216000118341 ], [ 139.206892776280711, 34.333448053984569 ], [ 139.207473800375624, 34.33339666672282 ], [ 139.207219196009191, 34.333732198382279 ], [ 139.207690751926748, 34.334490999560046 ], [ 139.207090661305074, 34.334895973270591 ], [ 139.207197808332239, 34.3343876944366 ], [ 139.206425162091591, 34.334128495433788 ], [ 139.20653795056603, 34.33468777482102 ], [ 139.206269364439663, 34.334373198264529 ], [ 139.206086134767361, 34.334678694366289 ], [ 139.206883139145589, 34.334905468312741 ], [ 139.206905304736097, 34.335254586030374 ], [ 139.208016031314855, 34.335299386657425 ], [ 139.207734694600504, 34.335015387050532 ], [ 139.208800506338321, 34.334838801569504 ], [ 139.208887030112464, 34.335467999648529 ], [ 139.209314384351387, 34.335583666852813 ], [ 139.208667912094484, 34.336115640124717 ], [ 139.208957859817474, 34.336086720625701 ], [ 139.209030660836447, 34.336440333154883 ], [ 139.209119170313556, 34.336245225237008 ], [ 139.209234527251738, 34.336737613050445 ], [ 139.210791439873105, 34.33655513521137 ], [ 139.2107615050395, 34.336005027110389 ], [ 139.211228495099022, 34.335842532207153 ], [ 139.212866719023964, 34.336939080973877 ], [ 139.212872970211492, 34.336931559044274 ] ] ], [ [ [ 139.210574695166088, 34.338368666680651 ], [ 139.21094564212774, 34.337896531599711 ], [ 139.211506783111645, 34.338058495003565 ], [ 139.211883994750565, 34.337517225439626 ], [ 139.211712633431375, 34.337969107788126 ], [ 139.212049221794246, 34.337970999961726 ], [ 139.212456200093584, 34.336869387112586 ], [ 139.21072380006342, 34.33682453162686 ], [ 139.211568612401607, 34.337102279146904 ], [ 139.211028340185862, 34.337531639773431 ], [ 139.209649780213226, 34.337639026919589 ], [ 139.210507612935999, 34.338371666819 ], [ 139.210574695166088, 34.338368666680651 ] ] ], [ [ [ 139.229384501393724, 34.364679558914588 ], [ 139.229417859946352, 34.364375721162673 ], [ 139.228926912846759, 34.364736531865503 ], [ 139.229196667192468, 34.364915306296382 ], [ 139.229393139381955, 34.364687532303833 ], [ 139.229384501393724, 34.364679558914588 ] ] ], [ [ [ 139.229213139175044, 34.365378774610804 ], [ 139.229540388977853, 34.365287801890588 ], [ 139.228775913977302, 34.365131306364731 ], [ 139.229204527267143, 34.36538277479525 ], [ 139.229213139175044, 34.365378774610804 ] ] ], [ [ [ 139.229090855658569, 34.365371946058531 ], [ 139.228888806773057, 34.365518531954763 ], [ 139.229139857018822, 34.36537713514673 ], [ 139.229090855658569, 34.365371946058531 ] ] ], [ [ [ 139.228391970912753, 34.36525958566142 ], [ 139.228521050606105, 34.365542414351012 ], [ 139.228424915777282, 34.365303198284039 ], [ 139.228391970912753, 34.36525958566142 ] ] ], [ [ [ 139.229169027428725, 34.366162639893957 ], [ 139.229392360569022, 34.365659864910867 ], [ 139.228263774353763, 34.365760305693584 ], [ 139.22913756194896, 34.366183666942732 ], [ 139.229169027428725, 34.366162639893957 ] ] ], [ [ [ 139.228927911993651, 34.366233829327825 ], [ 139.228552502596017, 34.366114134959389 ], [ 139.22848347603167, 34.366400667057178 ], [ 139.228922335297625, 34.366253000175846 ], [ 139.228927911993651, 34.366233829327825 ] ] ], [ [ [ 139.226585473041268, 34.366541946054042 ], [ 139.22627938968219, 34.366564585587184 ], [ 139.226614527438528, 34.366599053903258 ], [ 139.226585473041268, 34.366541946054042 ] ] ], [ [ [ 139.227013748185982, 34.366782973355612 ], [ 139.226961829424909, 34.366998639775431 ], [ 139.227042387096503, 34.366791775020431 ], [ 139.227013748185982, 34.366782973355612 ] ] ], [ [ [ 139.22824702987657, 34.367030694311154 ], [ 139.22820367086274, 34.366648387113401 ], [ 139.228229467915639, 34.367037360086158 ], [ 139.22824702987657, 34.367030694311154 ] ] ], [ [ [ 139.229151335965412, 34.367884414434229 ], [ 139.228901024962397, 34.367874252095135 ], [ 139.229166226040547, 34.367898468139856 ], [ 139.229151335965412, 34.367884414434229 ] ] ], [ [ [ 139.225886589194829, 34.369320279207557 ], [ 139.225715667644067, 34.369486946065763 ], [ 139.225913645298533, 34.369337198153232 ], [ 139.225886589194829, 34.369320279207557 ] ] ], [ [ [ 139.227029468335331, 34.369428721258544 ], [ 139.226740699623633, 34.369428640319541 ], [ 139.227002308809574, 34.369442224579075 ], [ 139.227029468335331, 34.369428721258544 ] ] ], [ [ [ 139.227068365812443, 34.370412693790854 ], [ 139.227367250098609, 34.370125224599462 ], [ 139.227044033755192, 34.370411494994528 ], [ 139.227068365812443, 34.370412693790854 ] ] ], [ [ [ 139.225159079028344, 34.372255278758132 ], [ 139.225096835150907, 34.372054999738509 ], [ 139.225131945582916, 34.37226522525998 ], [ 139.225159079028344, 34.372255278758132 ] ] ], [ [ [ 139.225341335634198, 34.372553865368616 ], [ 139.225111309739191, 34.372308945801251 ], [ 139.225314162618588, 34.372568332762398 ], [ 139.225341335634198, 34.372553865368616 ] ] ], [ [ [ 139.224785498851702, 34.372587161868069 ], [ 139.224755109860553, 34.372821494616346 ], [ 139.224813138615559, 34.372614360064745 ], [ 139.224785498851702, 34.372587161868069 ] ] ], [ [ [ 139.223733410768318, 34.373025864651993 ], [ 139.223363410792786, 34.3729510806279 ], [ 139.223699727560415, 34.373037667354538 ], [ 139.223733410768318, 34.373025864651993 ] ] ], [ [ [ 139.224040505864764, 34.373171278731604 ], [ 139.223772140072242, 34.373172359716705 ], [ 139.224049053021417, 34.373191251774927 ], [ 139.224040505864764, 34.373171278731604 ] ] ], [ [ [ 139.22247885921206, 34.373629945565597 ], [ 139.222638300916969, 34.373458198437163 ], [ 139.222187470775225, 34.373539332574182 ], [ 139.22245574573617, 34.373636694078243 ], [ 139.22247885921206, 34.373629945565597 ] ] ], [ [ [ 139.22367533075203, 34.373990667235546 ], [ 139.223928910790619, 34.373834613276813 ], [ 139.223654163408924, 34.373997774577674 ], [ 139.22367533075203, 34.373990667235546 ] ] ], [ [ [ 139.222299222331344, 34.373783666682925 ], [ 139.222266978038647, 34.374044586088814 ], [ 139.222327587847985, 34.373799494750926 ], [ 139.222299222331344, 34.373783666682925 ] ] ], [ [ [ 139.22278489041048, 34.374342080922361 ], [ 139.2235019972195, 34.373917494796615 ], [ 139.223058560404297, 34.37372733314993 ], [ 139.223761725023678, 34.37368105403749 ], [ 139.223544864304131, 34.373465134908088 ], [ 139.222744034209882, 34.37370753187713 ], [ 139.222761724773818, 34.374355586041531 ], [ 139.22278489041048, 34.374342080922361 ] ] ], [ [ [ 139.22170824903651, 34.374623666748846 ], [ 139.221973942943123, 34.374074865362786 ], [ 139.221671529717355, 34.37463591911245 ], [ 139.22170824903651, 34.374623666748846 ] ] ], [ [ [ 139.22651732781253, 34.374847026868849 ], [ 139.226516471657874, 34.375117586107763 ], [ 139.226556523864588, 34.374857135248647 ], [ 139.22651732781253, 34.374847026868849 ] ] ], [ [ [ 139.224426549745544, 34.375612865241578 ], [ 139.225908833026324, 34.375018198431178 ], [ 139.226058418161529, 34.374405494817779 ], [ 139.226542503433848, 34.374523494863467 ], [ 139.226839636739896, 34.37392380174208 ], [ 139.229445161564968, 34.37263153171989 ], [ 139.229338418333441, 34.371220532301777 ], [ 139.228910583856418, 34.37128044063985 ], [ 139.229176108690581, 34.370989278832212 ], [ 139.228739532803274, 34.370801864614407 ], [ 139.228452140054287, 34.369186747870174 ], [ 139.228901673373571, 34.368116414341102 ], [ 139.228676109015282, 34.367807053852516 ], [ 139.228929974139078, 34.367716612631625 ], [ 139.228899611228144, 34.367085107791524 ], [ 139.227998223439272, 34.367339413583124 ], [ 139.227507302420122, 34.366997279101213 ], [ 139.227079610935334, 34.367447387087282 ], [ 139.227192386819297, 34.367110829301396 ], [ 139.226812503294468, 34.367127721267366 ], [ 139.225905837384516, 34.367810829206462 ], [ 139.226808171260132, 34.367609468302362 ], [ 139.226434720585985, 34.368332107740628 ], [ 139.226900078375934, 34.368131747782002 ], [ 139.226916031449719, 34.368574225020495 ], [ 139.227202309039399, 34.368558414039626 ], [ 139.227012140198212, 34.368923251906608 ], [ 139.22752466922816, 34.369070747916737 ], [ 139.227360272258807, 34.369450108036119 ], [ 139.227925524943089, 34.370161801825759 ], [ 139.227504227638065, 34.370599134942154 ], [ 139.227839948155179, 34.370421919036403 ], [ 139.227985278597771, 34.370892251876001 ], [ 139.227172826564811, 34.371789973128784 ], [ 139.226055253447271, 34.37208733306403 ], [ 139.226587912002628, 34.372252721086284 ], [ 139.226070246045083, 34.372282054273455 ], [ 139.225006938919137, 34.373329973099828 ], [ 139.224447562405089, 34.373386053923298 ], [ 139.223774721126574, 34.374302748173363 ], [ 139.223987911712811, 34.374816162136199 ], [ 139.223560829968392, 34.375430586152675 ], [ 139.224423256428167, 34.375618360099281 ], [ 139.224426549745544, 34.375612865241578 ] ] ], [ [ [ 139.285211478626934, 34.397873306308099 ], [ 139.28535313893633, 34.398313000144867 ], [ 139.285361803004889, 34.397967468024262 ], [ 139.285211478626934, 34.397873306308099 ] ] ], [ [ [ 139.286767471241888, 34.398180108225461 ], [ 139.286945304981941, 34.397708694400762 ], [ 139.286373332563358, 34.39822669400678 ], [ 139.286694746665262, 34.398507332847203 ], [ 139.286756030966103, 34.398201000375934 ], [ 139.286767471241888, 34.398180108225461 ] ] ], [ [ [ 139.286360245628885, 34.39838494590856 ], [ 139.286224111653496, 34.398544892133145 ], [ 139.286396693352799, 34.398397360150113 ], [ 139.286360245628885, 34.39838494590856 ] ] ], [ [ [ 139.287102607199586, 34.398558026731621 ], [ 139.286790337404227, 34.398594828788362 ], [ 139.287097249938142, 34.398580359595996 ], [ 139.287102607199586, 34.398558026731621 ] ] ], [ [ [ 139.256076549693034, 34.399025080643014 ], [ 139.255913410875223, 34.399166775126616 ], [ 139.256097470621853, 34.399033667369906 ], [ 139.256076549693034, 34.399025080643014 ] ] ], [ [ [ 139.255518638174635, 34.39949325241173 ], [ 139.255677951276539, 34.399276639905054 ], [ 139.255501310037516, 34.399513559103525 ], [ 139.255518638174635, 34.39949325241173 ] ] ], [ [ [ 139.255620116775049, 34.399589468179443 ], [ 139.255338105569194, 34.399664495020488 ], [ 139.255590610018658, 34.399625666791167 ], [ 139.255620116775049, 34.399589468179443 ] ] ], [ [ [ 139.255108910647778, 34.39981155935601 ], [ 139.254852632642951, 34.399988107964873 ], [ 139.255118560373376, 34.399818720657493 ], [ 139.255108910647778, 34.39981155935601 ] ] ], [ [ [ 139.257854033636818, 34.402287053904445 ], [ 139.257383722380951, 34.402192721317078 ], [ 139.257847885871342, 34.402309305829874 ], [ 139.257854033636818, 34.402287053904445 ] ] ], [ [ [ 139.266067470837129, 34.410540305890436 ], [ 139.26583608336864, 34.410572586155979 ], [ 139.266063942796791, 34.410592026800657 ], [ 139.266067470837129, 34.410540305890436 ] ] ], [ [ [ 139.266258145097368, 34.410896467997645 ], [ 139.266104254008155, 34.411166332959965 ], [ 139.266278145120395, 34.41093030588894 ], [ 139.266258145097368, 34.410896467997645 ] ] ], [ [ [ 139.265862723985606, 34.411008413807281 ], [ 139.265534838362214, 34.411449306440375 ], [ 139.265858664445886, 34.411386414151764 ], [ 139.265885252902194, 34.411026386758408 ], [ 139.265862723985606, 34.411008413807281 ] ] ], [ [ [ 139.265958222993618, 34.411622828830559 ], [ 139.265929689303789, 34.412029558917084 ], [ 139.265990946624925, 34.411626945926855 ], [ 139.265958222993618, 34.411622828830559 ] ] ], [ [ [ 139.262668080267758, 34.415049612749499 ], [ 139.262432217772698, 34.415260721405218 ], [ 139.262702776112292, 34.41506961277247 ], [ 139.262668080267758, 34.415049612749499 ] ] ], [ [ [ 139.291888716391213, 34.416687946391676 ], [ 139.291937445256963, 34.416486667325898 ], [ 139.291852865817191, 34.416684162044476 ], [ 139.291888716391213, 34.416687946391676 ] ] ], [ [ [ 139.292079610985297, 34.416727639768794 ], [ 139.291768611931957, 34.416958946298394 ], [ 139.292254253930764, 34.416959198108543 ], [ 139.292179363786659, 34.41674602730734 ], [ 139.292079610985297, 34.416727639768794 ] ] ], [ [ [ 139.291679052946051, 34.417080162319678 ], [ 139.291284112072162, 34.417073108037584 ], [ 139.29166666658341, 34.417104999795981 ], [ 139.291679052946051, 34.417080162319678 ] ] ], [ [ [ 139.291687833926403, 34.418168919360198 ], [ 139.291463501639328, 34.418168919360198 ], [ 139.29166666658341, 34.418194279342572 ], [ 139.291687833926403, 34.418168919360198 ] ] ], [ [ [ 139.292976640659504, 34.418558774567828 ], [ 139.291810219965782, 34.41828477542208 ], [ 139.292959052618244, 34.418803107777251 ], [ 139.293028974907315, 34.418573973110426 ], [ 139.292976640659504, 34.418558774567828 ] ] ], [ [ [ 139.291478559887651, 34.421418613278433 ], [ 139.291335331160667, 34.421157053555248 ], [ 139.291454889731426, 34.421458332735938 ], [ 139.291478559887651, 34.421418613278433 ] ] ], [ [ [ 139.285501855326402, 34.430721973040647 ], [ 139.285923022229781, 34.430356386937774 ], [ 139.28513128428142, 34.430455252108231 ], [ 139.285126134763345, 34.430738495385299 ], [ 139.285493995251727, 34.430724721368847 ], [ 139.285501855326402, 34.430721973040647 ] ] ], [ [ [ 139.27929953334683, 34.431389919309368 ], [ 139.280799300347553, 34.430478225289903 ], [ 139.281518884788738, 34.431179801706548 ], [ 139.281948974765442, 34.430703305812983 ], [ 139.283194694979215, 34.430551585687169 ], [ 139.284075577326121, 34.428584135249707 ], [ 139.285833113407534, 34.428842198408802 ], [ 139.28768163390032, 34.427824693754644 ], [ 139.288519559230394, 34.426863667424357 ], [ 139.288380532135875, 34.425955198373742 ], [ 139.288749947552105, 34.425106865189719 ], [ 139.289796782695475, 34.424371000321457 ], [ 139.290972723612413, 34.42422494592455 ], [ 139.291365863144165, 34.423119865289607 ], [ 139.290985836627101, 34.422716000443131 ], [ 139.291121089266881, 34.419223558820249 ], [ 139.291598145438115, 34.418869108122919 ], [ 139.292418028569273, 34.418842532257088 ], [ 139.290615693659447, 34.418138640086227 ], [ 139.290319105342519, 34.417286197899784 ], [ 139.289584111917293, 34.41682149481619 ], [ 139.289459143924432, 34.416344945862591 ], [ 139.288720804121908, 34.416331640392968 ], [ 139.288849364006978, 34.415712306078092 ], [ 139.28687705633115, 34.414363467799831 ], [ 139.286476912879266, 34.411760360352389 ], [ 139.287861608026901, 34.410600919297053 ], [ 139.288225577148751, 34.409780081085898 ], [ 139.291342282920141, 34.408192774976612 ], [ 139.291486743718337, 34.40753069408629 ], [ 139.290332503442301, 34.407168467850568 ], [ 139.290181803147789, 34.406401305675786 ], [ 139.289261855150585, 34.406355468130414 ], [ 139.289047716678851, 34.405312613386457 ], [ 139.289874358215116, 34.402422748111405 ], [ 139.289167419141108, 34.40135713512376 ], [ 139.287889363803174, 34.400659612850916 ], [ 139.286758079621791, 34.400626161668072 ], [ 139.285235862844843, 34.400084640293983 ], [ 139.284520051958907, 34.398508694420741 ], [ 139.283171362068742, 34.397847558717899 ], [ 139.283112282905563, 34.397438288046601 ], [ 139.284718365959861, 34.396453694082766 ], [ 139.284613476231016, 34.396177532067497 ], [ 139.283820480131112, 34.396723044632836 ], [ 139.283235421677432, 34.395961108418476 ], [ 139.284163787329021, 34.395343757108776 ], [ 139.285485499356355, 34.396543387067709 ], [ 139.285695863373462, 34.396406225167198 ], [ 139.283922165575518, 34.394583559283888 ], [ 139.281933164683892, 34.395983801910972 ], [ 139.279726303925827, 34.393608278699162 ], [ 139.277882191909725, 34.39035425184727 ], [ 139.276641388289477, 34.38347836013827 ], [ 139.275829921913441, 34.37032616192289 ], [ 139.276008340212798, 34.353413224640633 ], [ 139.276405253299913, 34.349296559088998 ], [ 139.275785382989056, 34.345662919408255 ], [ 139.275991854740369, 34.343959467655338 ], [ 139.275453579918803, 34.342538775344281 ], [ 139.274028948577211, 34.341887945872031 ], [ 139.273186523938989, 34.34075289173262 ], [ 139.272241192576985, 34.336767386905422 ], [ 139.272018560008632, 34.333576828807679 ], [ 139.27159983116735, 34.33251846795298 ], [ 139.27190050600359, 34.330989919049557 ], [ 139.270929143764988, 34.330878892347073 ], [ 139.266026304370484, 34.332876586085604 ], [ 139.260906498136478, 34.334141333255957 ], [ 139.257721024805505, 34.33577708134726 ], [ 139.255180856411471, 34.338429558877067 ], [ 139.252559585356607, 34.339299054008166 ], [ 139.251806109064773, 34.339894198358593 ], [ 139.249759922082831, 34.343195251659608 ], [ 139.248918806857546, 34.345444305910064 ], [ 139.246952750369246, 34.346369360257825 ], [ 139.246474968445114, 34.347094801983587 ], [ 139.244629805121463, 34.348283828935621 ], [ 139.244394746620287, 34.348867279401475 ], [ 139.244483139185604, 34.350992666978073 ], [ 139.245087977328353, 34.352221414286873 ], [ 139.245067223673459, 34.353605387278833 ], [ 139.245729442160041, 34.354337558631471 ], [ 139.245240142618513, 34.358959973224216 ], [ 139.243613994790053, 34.362195494726336 ], [ 139.242615642098258, 34.362709333169221 ], [ 139.242285577417533, 34.362028252302082 ], [ 139.241629974343937, 34.36226822469888 ], [ 139.24184647173729, 34.362758640299035 ], [ 139.242815252921673, 34.363067134740504 ], [ 139.242373022097354, 34.363356559057991 ], [ 139.2427322176178, 34.363603865426114 ], [ 139.24226308717175, 34.363638467741168 ], [ 139.242023747897747, 34.364064026933363 ], [ 139.243193800053859, 34.365219775372395 ], [ 139.243324384312928, 34.366073559347342 ], [ 139.243037755987757, 34.367010586369531 ], [ 139.243336835426703, 34.367881225438282 ], [ 139.239892438285437, 34.37064863992282 ], [ 139.241281219053121, 34.369917892197009 ], [ 139.241757756315451, 34.370228892149726 ], [ 139.241643332873537, 34.370530081398215 ], [ 139.243788689896178, 34.369012667001016 ], [ 139.244141751141001, 34.369207225433172 ], [ 139.243872022875621, 34.368955278563305 ], [ 139.244134034058447, 34.3674990270585 ], [ 139.245763995012453, 34.367826080809039 ], [ 139.246479170077691, 34.36838766695729 ], [ 139.246718366359573, 34.369013333398641 ], [ 139.245869830828042, 34.369594999609603 ], [ 139.246628884715278, 34.369228441339544 ], [ 139.247069727885673, 34.369735613108105 ], [ 139.246332503242456, 34.370181774869081 ], [ 139.247128521064496, 34.369830639972122 ], [ 139.247387561786582, 34.370418333439375 ], [ 139.247703943282431, 34.370231162038522 ], [ 139.248187808220791, 34.370806864845008 ], [ 139.246954085862399, 34.371572053907187 ], [ 139.246443332993522, 34.370986495430486 ], [ 139.247127108229506, 34.370534747980287 ], [ 139.246419804930156, 34.370960585962337 ], [ 139.245311115315758, 34.369626386848324 ], [ 139.245021608260686, 34.369836053890822 ], [ 139.246802282999056, 34.371775360044865 ], [ 139.248508885077058, 34.370786306343007 ], [ 139.248899805082033, 34.370966945967837 ], [ 139.249629000578011, 34.372056251594813 ], [ 139.249357301898044, 34.372254946008979 ], [ 139.249700699927416, 34.372081946124979 ], [ 139.25037583717517, 34.373045747763115 ], [ 139.249262114055341, 34.374190278958281 ], [ 139.247890778336796, 34.372915161705407 ], [ 139.247672243978968, 34.373082531833404 ], [ 139.249076743996625, 34.374329946369983 ], [ 139.250728080036879, 34.373710162394104 ], [ 139.25106483837169, 34.374526054334012 ], [ 139.250486278419089, 34.374777720615384 ], [ 139.25128988292181, 34.37476386476061 ], [ 139.252458612175246, 34.376440693882955 ], [ 139.25270953291863, 34.377281252427906 ], [ 139.25211975392358, 34.377548441007775 ], [ 139.25269766456563, 34.377360694040874 ], [ 139.253146977551069, 34.377987161778151 ], [ 139.253910609886816, 34.379963440860138 ], [ 139.253532023184334, 34.380115467654775 ], [ 139.253957301788091, 34.380021558648082 ], [ 139.254191192969188, 34.380291413717828 ], [ 139.255073995368662, 34.382668640245583 ], [ 139.254331414363378, 34.382958811000378 ], [ 139.25545286625686, 34.382794027322575 ], [ 139.254739247917996, 34.383021802214444 ], [ 139.255753022184308, 34.38421438688448 ], [ 139.256505966077498, 34.38771677500921 ], [ 139.25665477329926, 34.39023566724228 ], [ 139.257276588843524, 34.392476332616695 ], [ 139.257209027274826, 34.395148278670149 ], [ 139.255859662893158, 34.395402197753299 ], [ 139.255109804573863, 34.396363305921909 ], [ 139.255478196561626, 34.396644162398218 ], [ 139.255097885858845, 34.397286162326566 ], [ 139.255436744110511, 34.397466828931044 ], [ 139.255207470948108, 34.39778525188791 ], [ 139.256027249757835, 34.397651802388793 ], [ 139.255491192664522, 34.398121135182294 ], [ 139.256240142668503, 34.398344468322591 ], [ 139.256490194666867, 34.398753161629145 ], [ 139.255562386594875, 34.400136801871952 ], [ 139.256150116934464, 34.400380639554896 ], [ 139.255713410645399, 34.400444495017496 ], [ 139.255322698383907, 34.401084359955291 ], [ 139.256283113175186, 34.400654162059993 ], [ 139.256159558916579, 34.401588494713337 ], [ 139.256516108631558, 34.401379585799305 ], [ 139.256774279709362, 34.401623495427998 ], [ 139.257332361199587, 34.40122655895857 ], [ 139.258106692769729, 34.401717026719439 ], [ 139.257893307030599, 34.402079081184695 ], [ 139.258813800016924, 34.401997134959856 ], [ 139.259070946766883, 34.402921252214071 ], [ 139.25953693857889, 34.402850414415127 ], [ 139.260106615028349, 34.404039694076687 ], [ 139.261059026752719, 34.404803613296167 ], [ 139.263278469925467, 34.405620305632624 ], [ 139.265015382753745, 34.40714280209869 ], [ 139.266195473142602, 34.407464558842378 ], [ 139.267138585877092, 34.40815182884387 ], [ 139.266877134072502, 34.409144945682726 ], [ 139.266100466963053, 34.410128000007262 ], [ 139.266982995968533, 34.410964945975536 ], [ 139.267502724071505, 34.411033054332052 ], [ 139.267839196421846, 34.411581054422186 ], [ 139.267022387173483, 34.413383775141142 ], [ 139.267368494860193, 34.413632864864894 ], [ 139.267285135800421, 34.414298251663013 ], [ 139.268031218765827, 34.413789197613426 ], [ 139.26816608289846, 34.414508414231989 ], [ 139.268703527645698, 34.414643972641272 ], [ 139.268580584026836, 34.415115197608316 ], [ 139.269047612757163, 34.41465800026657 ], [ 139.268688196902872, 34.415385891745586 ], [ 139.269408781390212, 34.415208441116704 ], [ 139.269738948593613, 34.415435612563499 ], [ 139.269730388846483, 34.416013468346932 ], [ 139.269248521302302, 34.415907306077372 ], [ 139.269391167268623, 34.416359198318389 ], [ 139.270978054293892, 34.415995053828738 ], [ 139.272437082005808, 34.41667944060373 ], [ 139.27339875494863, 34.416270586318547 ], [ 139.274749195818799, 34.416812559152334 ], [ 139.274906783121651, 34.417527027350502 ], [ 139.276611284383307, 34.419507080887115 ], [ 139.2767758630157, 34.419231414398325 ], [ 139.276062866108418, 34.418065278789641 ], [ 139.275234033823722, 34.417390467995745 ], [ 139.275115888087839, 34.416587829364857 ], [ 139.273943476110617, 34.41618372080211 ], [ 139.273861361712534, 34.41528441404455 ], [ 139.274720336574319, 34.415264467980876 ], [ 139.274727886382948, 34.41548664009639 ], [ 139.276433475824319, 34.415773000423656 ], [ 139.275885006288036, 34.416768693820188 ], [ 139.276467197703028, 34.416004108203083 ], [ 139.27780474679173, 34.416819892224282 ], [ 139.276759688708694, 34.417696748306355 ], [ 139.276227612914113, 34.417404667391565 ], [ 139.276656278364612, 34.417953225061353 ], [ 139.278061166889415, 34.416884054355648 ], [ 139.278736743905711, 34.41739316236459 ], [ 139.278797108200024, 34.417986559332292 ], [ 139.27949252875726, 34.417997468108695 ], [ 139.279897444911171, 34.418359467715334 ], [ 139.280086666766351, 34.418814891594025 ], [ 139.278930699791999, 34.419156559327803 ], [ 139.280032970045568, 34.41903858626182 ], [ 139.280879300439437, 34.420253000175876 ], [ 139.281680531631309, 34.422706667278931 ], [ 139.281742334840942, 34.424032919084027 ], [ 139.2812864460127, 34.425825305693365 ], [ 139.280418443756275, 34.42696497335487 ], [ 139.280362529307354, 34.428123667073635 ], [ 139.280692801731448, 34.429134693911067 ], [ 139.27948639358226, 34.429553613408586 ], [ 139.278517392963408, 34.431167107775877 ], [ 139.279273476389903, 34.431398279407119 ], [ 139.27929953334683, 34.431389919309368 ] ] ], [ [ [ 139.291185550872569, 34.468954999573612 ], [ 139.290933890886436, 34.468971946398256 ], [ 139.291246667000109, 34.468983053924831 ], [ 139.291185550872569, 34.468954999573612 ] ] ], [ [ [ 139.292123890904918, 34.469039441417124 ], [ 139.29145055769709, 34.469050828632874 ], [ 139.29180416303177, 34.469766108019542 ], [ 139.29225999969924, 34.469552224955294 ], [ 139.292110271571801, 34.469061946052022 ], [ 139.292123890904918, 34.469039441417124 ] ] ], [ [ [ 139.301527497196275, 34.472859999789193 ], [ 139.30184722417016, 34.472764161736734 ], [ 139.301745278821613, 34.472538612666881 ], [ 139.301357496551304, 34.472679441103367 ], [ 139.301507223779367, 34.472854162289821 ], [ 139.301527497196275, 34.472859999789193 ] ] ], [ [ [ 139.302125836837945, 34.473130279338989 ], [ 139.302350271647811, 34.472814720722852 ], [ 139.302064449115051, 34.473028891570152 ], [ 139.302125836837945, 34.473130279338989 ] ] ], [ [ [ 139.300833890571653, 34.472690829218436 ], [ 139.3009011148946, 34.473277494760623 ], [ 139.301274162672485, 34.472883892078016 ], [ 139.300888340024926, 34.472707775143761 ], [ 139.300833890571653, 34.472690829218436 ] ] ], [ [ [ 139.300364720555422, 34.473434721435297 ], [ 139.300235550929983, 34.473665829214724 ], [ 139.300407496808589, 34.473465828984899 ], [ 139.300364720555422, 34.473434721435297 ] ] ], [ [ [ 139.30065639407735, 34.474064720810247 ], [ 139.301138884851753, 34.473817775070302 ], [ 139.301045551411107, 34.473465278599804 ], [ 139.30042194621592, 34.473681945965097 ], [ 139.300534721200506, 34.474043333133352 ], [ 139.30065639407735, 34.474064720810247 ] ] ], [ [ [ 139.296023333310245, 34.474925559067344 ], [ 139.295951672631645, 34.474482494571532 ], [ 139.29551666696068, 34.474561386698667 ], [ 139.295849728182475, 34.474921945591348 ], [ 139.296023333310245, 34.474925559067344 ] ] ], [ [ [ 139.282033332971992, 34.477744721441809 ], [ 139.282286109016809, 34.477420279322473 ], [ 139.283459170304582, 34.477239720636646 ], [ 139.281148884813206, 34.4768149996126 ], [ 139.28186306073178, 34.477755828968384 ], [ 139.282033332971992, 34.477744721441809 ] ] ], [ [ [ 139.286506939443711, 34.478353333139864 ], [ 139.288850272322293, 34.47785110764255 ], [ 139.289006938719353, 34.477368892060781 ], [ 139.288608340302744, 34.476826108038495 ], [ 139.29054082959567, 34.476436946208139 ], [ 139.291858339990426, 34.475310558835247 ], [ 139.294238340027391, 34.474510828611926 ], [ 139.295658339860552, 34.474441945939134 ], [ 139.295666109103763, 34.473913333433643 ], [ 139.297426394412582, 34.472999161781956 ], [ 139.298086939260884, 34.472070829405311 ], [ 139.299066109413502, 34.471479161833884 ], [ 139.299548885272884, 34.471597494628725 ], [ 139.298898054002052, 34.470986945790969 ], [ 139.299361388317493, 34.470322225390419 ], [ 139.297835550869991, 34.469760828999085 ], [ 139.297217782274856, 34.470017224815138 ], [ 139.294659999759233, 34.46977777492441 ], [ 139.291668340221804, 34.470126666912222 ], [ 139.291805279090454, 34.47108861324898 ], [ 139.290974721006592, 34.472205829335621 ], [ 139.290693890610669, 34.473268333366946 ], [ 139.290260557678607, 34.47333861268686 ], [ 139.289458339930547, 34.475056946420978 ], [ 139.288374163137178, 34.476052495026693 ], [ 139.288213891358055, 34.476414721262415 ], [ 139.288491946446243, 34.476643333423169 ], [ 139.287663061101398, 34.476938892016278 ], [ 139.287654720788851, 34.477441945789224 ], [ 139.286457781601371, 34.477972495434358 ], [ 139.286452502581028, 34.478347494741115 ], [ 139.286506939443711, 34.478353333139864 ] ] ], [ [ [ 139.286179442327466, 34.478432495063657 ], [ 139.285840829590711, 34.478713613242689 ], [ 139.286196393648765, 34.478437774983377 ], [ 139.286179442327466, 34.478432495063657 ] ] ], [ [ [ 139.2815705580349, 34.478967224757696 ], [ 139.281835837354038, 34.478584162129437 ], [ 139.281482217630355, 34.478663054256629 ], [ 139.2815705580349, 34.478961666947441 ], [ 139.2815705580349, 34.478967224757696 ] ] ], [ [ [ 139.280578716434661, 34.53333333336667 ], [ 139.2807186122742, 34.532256666811747 ], [ 139.282965006330073, 34.532352774660865 ], [ 139.282913605578528, 34.532921387212298 ], [ 139.281483061194422, 34.532844720907178 ], [ 139.281466394058953, 34.533047775234706 ], [ 139.283048885198014, 34.533165000064741 ], [ 139.283102217693227, 34.532640558614958 ], [ 139.284571114565324, 34.53214138721529 ], [ 139.284905550850567, 34.532344721231937 ], [ 139.284939727786309, 34.532018612668878 ], [ 139.28771527933668, 34.531009162343025 ], [ 139.290267781932698, 34.5293524951216 ], [ 139.292357782086015, 34.526821107708031 ], [ 139.292949728447297, 34.525369162157176 ], [ 139.293078612088379, 34.523795828814514 ], [ 139.292731945922583, 34.522918053625347 ], [ 139.290325279188323, 34.51989166676708 ], [ 139.289886393842039, 34.519894162385754 ], [ 139.28827722431447, 34.518621108177626 ], [ 139.281854448823765, 34.512490829088563 ], [ 139.280889442094121, 34.511811946164414 ], [ 139.279072218008537, 34.511214720782789 ], [ 139.276332776036838, 34.511050829232431 ], [ 139.271482776309199, 34.513109161558589 ], [ 139.268166108978789, 34.517251386742146 ], [ 139.267642217914045, 34.519018891808457 ], [ 139.267374720866769, 34.521873613376613 ], [ 139.267766666998114, 34.525368332982225 ], [ 139.268658054325783, 34.52727861261792 ], [ 139.271355006028784, 34.530452494586996 ], [ 139.273960000253851, 34.532231386869057 ], [ 139.275550272327223, 34.532218891688558 ], [ 139.275655837447061, 34.533760279313469 ], [ 139.27594055831014, 34.533739162332552 ], [ 139.275694448939703, 34.532264721139995 ], [ 139.279289169559547, 34.532243053773982 ], [ 139.280246109370523, 34.532572225427941 ], [ 139.280622776020323, 34.53503389200057 ], [ 139.280843606347389, 34.535002494869275 ], [ 139.280703332792655, 34.53407833264896 ], [ 139.280578716434661, 34.53333333336667 ] ] ], [ [ [ 139.430592633143533, 34.677844667197689 ], [ 139.430379105311545, 34.677818279290193 ], [ 139.430586912556009, 34.677852865417435 ], [ 139.430592633143533, 34.677844667197689 ] ] ], [ [ [ 139.43101121899258, 34.678054468239168 ], [ 139.430752476845441, 34.67801297262065 ], [ 139.431025252913173, 34.678061919122342 ], [ 139.43101121899258, 34.678054468239168 ] ] ], [ [ [ 139.430205226789894, 34.678072918730265 ], [ 139.430408859381373, 34.678001829121172 ], [ 139.430160751717381, 34.678088081299961 ], [ 139.430205226789894, 34.678072918730265 ] ] ], [ [ [ 139.431152749799594, 34.678325135396733 ], [ 139.430659637132635, 34.678250306406539 ], [ 139.43117289191548, 34.678338720555587 ], [ 139.431152749799594, 34.678325135396733 ] ] ], [ [ [ 139.430074720771813, 34.678517918567138 ], [ 139.430693773598819, 34.67820874783547 ], [ 139.430032555158391, 34.678531748341584 ], [ 139.430074720771813, 34.678517918567138 ] ] ], [ [ [ 139.430756420372518, 34.678413694336598 ], [ 139.430370505994119, 34.678533054157185 ], [ 139.430889532625883, 34.678442441165771 ], [ 139.430756420372518, 34.678413694336598 ] ] ], [ [ [ 139.423974863948843, 34.681919918969129 ], [ 139.423984578425575, 34.681630197875393 ], [ 139.423965811373137, 34.681921413642385 ], [ 139.423974863948843, 34.681919918969129 ] ] ], [ [ [ 139.403663942636854, 34.681885332841887 ], [ 139.403647690988237, 34.682140054120225 ], [ 139.403681025259175, 34.681895306323383 ], [ 139.403663942636854, 34.681885332841887 ] ] ], [ [ [ 139.396900169407331, 34.683565252034782 ], [ 139.39672830087045, 34.683247586307118 ], [ 139.396908444069481, 34.68357197266846 ], [ 139.396900169407331, 34.683565252034782 ] ] ], [ [ [ 139.448142309320133, 34.694166026840719 ], [ 139.447854746599319, 34.694297999653031 ], [ 139.447931855370939, 34.694663639715259 ], [ 139.448165421896761, 34.694194225083493 ], [ 139.448142309320133, 34.694166026840719 ] ] ], [ [ [ 139.449286861199766, 34.69479972063067 ], [ 139.448780752429798, 34.694890973040003 ], [ 139.449244527413043, 34.694822027414659 ], [ 139.449286861199766, 34.69479972063067 ] ] ], [ [ [ 139.367134188891782, 34.700000000000045 ], [ 139.367120778201411, 34.700263162315139 ], [ 139.367139493992568, 34.700001278835998 ], [ 139.367134188891782, 34.700000000000045 ] ] ], [ [ [ 139.36190075241791, 34.701253865373644 ], [ 139.36171669267128, 34.701468252058248 ], [ 139.362039585258685, 34.70144966666885 ], [ 139.361940506049564, 34.701269161942321 ], [ 139.36190075241791, 34.701253865373644 ] ] ], [ [ [ 139.445541335963981, 34.702814558744933 ], [ 139.445228859324516, 34.702524531881693 ], [ 139.445245162234528, 34.702817198255161 ], [ 139.445546225577914, 34.702823026761337 ], [ 139.445541335963981, 34.702814558744933 ] ] ], [ [ [ 139.445890000423219, 34.724865467667257 ], [ 139.445508638413003, 34.724742107662166 ], [ 139.445864941713808, 34.724921559282564 ], [ 139.445890000423219, 34.724865467667257 ] ] ], [ [ [ 139.3526730607133, 34.744525224959204 ], [ 139.3526506999699, 34.744745558860529 ], [ 139.352719856935892, 34.744549108254773 ], [ 139.3526730607133, 34.744525224959204 ] ] ], [ [ [ 139.351983449776412, 34.747708225154497 ], [ 139.351704423420415, 34.747482026774151 ], [ 139.352014214684345, 34.747857368722634 ], [ 139.352128365631643, 34.749892603760713 ], [ 139.351817612992477, 34.750154332556463 ], [ 139.352184332241222, 34.749908332903317 ], [ 139.352076277798005, 34.74782163955706 ], [ 139.351983449776412, 34.747708225154497 ] ] ], [ [ [ 139.441928197228549, 34.756565414162594 ], [ 139.441597444566469, 34.756591026854437 ], [ 139.441808637758527, 34.756784891909263 ], [ 139.441928885209904, 34.756577748364464 ], [ 139.441928197228549, 34.756565414162594 ] ] ], [ [ [ 139.441283449871435, 34.756669972940927 ], [ 139.441326744134017, 34.757077775019354 ], [ 139.441316082671165, 34.756699918566426 ], [ 139.441283449871435, 34.756669972940927 ] ] ], [ [ [ 139.441182114263256, 34.757127693688176 ], [ 139.440928884960158, 34.757019332576192 ], [ 139.441178444129946, 34.757140134909378 ], [ 139.441182114263256, 34.757127693688176 ] ] ], [ [ [ 139.441547392798043, 34.756986892231339 ], [ 139.441408145369678, 34.757189639890044 ], [ 139.441555694439785, 34.75698819804694 ], [ 139.441547392798043, 34.756986892231339 ] ] ], [ [ [ 139.351490635684399, 34.768959721314161 ], [ 139.351706277822473, 34.768942829348134 ], [ 139.351464811651795, 34.768950333291286 ], [ 139.351490635684399, 34.768959721314161 ] ] ], [ [ [ 139.428184720848208, 34.77607127856669 ], [ 139.427945005657534, 34.775987027379472 ], [ 139.428196251955569, 34.776083666727914 ], [ 139.428184720848208, 34.77607127856669 ] ] ], [ [ [ 139.428935939841836, 34.775878972936312 ], [ 139.429087004361804, 34.776179865408494 ], [ 139.428957950748895, 34.775889135275406 ], [ 139.428935939841836, 34.775878972936312 ] ] ], [ [ [ 139.427545810990409, 34.776963081381155 ], [ 139.427324772919974, 34.776763225042828 ], [ 139.427519299875826, 34.776972919065031 ], [ 139.427545810990409, 34.776963081381155 ] ] ], [ [ [ 139.424857639368611, 34.779401135354192 ], [ 139.424908391708982, 34.779609440823094 ], [ 139.42487486408379, 34.779409559303758 ], [ 139.424857639368611, 34.779401135354192 ] ] ], [ [ [ 139.349792632923709, 34.779892828890979 ], [ 139.349649974366912, 34.780091775115409 ], [ 139.349793969316352, 34.77992691859248 ], [ 139.349792632923709, 34.779892828890979 ] ] ], [ [ [ 139.413344228053802, 34.786161305899611 ], [ 139.413178080104331, 34.786041559370517 ], [ 139.413334669159667, 34.786169666896683 ], [ 139.413344228053802, 34.786161305899611 ] ] ], [ [ [ 139.4000109207675, 34.789360775379521 ], [ 139.399768911406227, 34.788998864805819 ], [ 139.399727833972406, 34.78930866686153 ], [ 139.400008586127456, 34.789364558827401 ], [ 139.4000109207675, 34.789360775379521 ] ] ], [ [ [ 139.395845499370353, 34.789237694164285 ], [ 139.39618535676891, 34.788986224834446 ], [ 139.395815032138103, 34.789253999772313 ], [ 139.395845499370353, 34.789237694164285 ] ] ], [ [ [ 139.35949389143002, 34.795281721074616 ], [ 139.359171530341882, 34.795523332935545 ], [ 139.359523087020875, 34.795313279184541 ], [ 139.35949389143002, 34.795281721074616 ] ] ], [ [ [ 139.359618521277753, 34.795842918715778 ], [ 139.359410363297684, 34.795956252179337 ], [ 139.359637301820044, 34.795846775008727 ], [ 139.359618521277753, 34.795842918715778 ] ] ], [ [ [ 139.36109136167704, 34.799072946259514 ], [ 139.36350780763928, 34.798472891610686 ], [ 139.364675304821503, 34.797391802189964 ], [ 139.367553022054381, 34.7962589459936 ], [ 139.371404500917038, 34.798194973219495 ], [ 139.372836304352063, 34.798300107563989 ], [ 139.376772360855853, 34.794269748150384 ], [ 139.377946977970737, 34.793899026918609 ], [ 139.380390363124775, 34.794358558900399 ], [ 139.380875136378449, 34.794156161977355 ], [ 139.380878715680296, 34.793479864604137 ], [ 139.382114034335245, 34.791373774679982 ], [ 139.384797613119417, 34.789780945834025 ], [ 139.386628470027972, 34.789769000139302 ], [ 139.38821085594634, 34.789261775310706 ], [ 139.388379520198782, 34.788950955222447 ], [ 139.388963229669343, 34.789764739151451 ], [ 139.389514942160872, 34.789974387308177 ], [ 139.388726834775639, 34.789305225156056 ], [ 139.389431440108979, 34.788957558944219 ], [ 139.389838806915463, 34.789103440671283 ], [ 139.38992655017023, 34.788611026777517 ], [ 139.391499247692195, 34.789237775103288 ], [ 139.390814577630749, 34.789473829153962 ], [ 139.390071439945018, 34.789161278770052 ], [ 139.389475382782734, 34.78946533325859 ], [ 139.390072257428756, 34.789231333259465 ], [ 139.391704824618046, 34.789686386617518 ], [ 139.389250557667197, 34.791552108443113 ], [ 139.388499882763426, 34.792763495239171 ], [ 139.389384396572723, 34.793126883398998 ], [ 139.390058885409303, 34.792041577057205 ], [ 139.39318018221968, 34.789572991100727 ], [ 139.393866277706593, 34.789843305724048 ], [ 139.393905006111254, 34.789364747684999 ], [ 139.394526328827055, 34.789547748030202 ], [ 139.394217081653096, 34.789243558643363 ], [ 139.394660336805146, 34.788780774713018 ], [ 139.396060143261025, 34.788796720592245 ], [ 139.397495278684232, 34.787996585673966 ], [ 139.399746004774329, 34.787966586089112 ], [ 139.400178754945614, 34.788610414339189 ], [ 139.40080296988117, 34.788535224720874 ], [ 139.401178807356132, 34.787751801904164 ], [ 139.402733864676179, 34.787095892161744 ], [ 139.404046277713633, 34.787631225300856 ], [ 139.404547301716661, 34.787628467979459 ], [ 139.40477586261602, 34.787255802413426 ], [ 139.405693306900616, 34.787615387340281 ], [ 139.406842334706084, 34.787207080742235 ], [ 139.407546199897297, 34.786364468145734 ], [ 139.408268611807102, 34.786147945571258 ], [ 139.408661854760908, 34.786146973404129 ], [ 139.408941284013167, 34.786553252031013 ], [ 139.40887544734403, 34.786222720602098 ], [ 139.409357393129198, 34.786101161939143 ], [ 139.410602607024771, 34.786553252031013 ], [ 139.411282944152617, 34.786401918613706 ], [ 139.411904228197614, 34.787135558559214 ], [ 139.412066809435828, 34.78677108132041 ], [ 139.412213579693002, 34.787070161658676 ], [ 139.412623022134881, 34.786785640444975 ], [ 139.413194279592403, 34.786880197862899 ], [ 139.413371919978204, 34.786668413816301 ], [ 139.412667107800871, 34.786023386769955 ], [ 139.413499442045691, 34.785458865234489 ], [ 139.413396615361535, 34.785010359840271 ], [ 139.413877445088133, 34.785108865281984 ], [ 139.413786498448189, 34.784550864730647 ], [ 139.414348494687374, 34.784867694088859 ], [ 139.414021970637464, 34.784422224805894 ], [ 139.414317886261529, 34.783943108287872 ], [ 139.415017860086209, 34.783963081331194 ], [ 139.414585642313568, 34.784408027208713 ], [ 139.414658222998696, 34.785268306087517 ], [ 139.415038469849605, 34.78488025222191 ], [ 139.415351361975809, 34.783479945742954 ], [ 139.416202581084349, 34.783518586013997 ], [ 139.415874279974105, 34.784137585781025 ], [ 139.416660168731823, 34.783546748283868 ], [ 139.416112282855579, 34.783400532009011 ], [ 139.416154694883289, 34.782894666955372 ], [ 139.417284746993573, 34.782820829018078 ], [ 139.417543449570644, 34.782353640208385 ], [ 139.417987249711814, 34.782399440881534 ], [ 139.417942308790543, 34.781948531599483 ], [ 139.418347367037427, 34.781683972637268 ], [ 139.418983969234887, 34.781963440560389 ], [ 139.419122437850319, 34.781646945750026 ], [ 139.420110829651094, 34.781584585860003 ], [ 139.420143475940677, 34.781217613002468 ], [ 139.420666938928207, 34.781068919095389 ], [ 139.420866083003375, 34.781426666707375 ], [ 139.421502476558089, 34.781202197723303 ], [ 139.422089883141666, 34.781749134814788 ], [ 139.422708689554497, 34.781449945658494 ], [ 139.422522776305186, 34.780998666755124 ], [ 139.423316743672899, 34.781056054293515 ], [ 139.423434422660534, 34.780305586233851 ], [ 139.424027781856694, 34.780314162168906 ], [ 139.424082088317732, 34.779756945826421 ], [ 139.424785836597152, 34.779449919078559 ], [ 139.424331310241882, 34.779141251967246 ], [ 139.424672412302016, 34.778694802423217 ], [ 139.425725084045439, 34.778349828781643 ], [ 139.425722698144114, 34.777725891736566 ], [ 139.426580752100108, 34.777227613363721 ], [ 139.426990117200262, 34.777479494583076 ], [ 139.426666083373107, 34.776890828948638 ], [ 139.427315252696872, 34.776744531734778 ], [ 139.427455006443438, 34.776298467999936 ], [ 139.427955837092327, 34.776406775152623 ], [ 139.427974890129121, 34.775863332826589 ], [ 139.428590895153775, 34.775996386624001 ], [ 139.428358417706932, 34.775812135321814 ], [ 139.428793838864635, 34.775241775387656 ], [ 139.429185187846201, 34.775419225117219 ], [ 139.429809883019743, 34.775114161589329 ], [ 139.430800116632099, 34.773779081139708 ], [ 139.432848910748703, 34.772716387351466 ], [ 139.434248029223227, 34.770400613297738 ], [ 139.435269026844139, 34.769976359921145 ], [ 139.435765499378363, 34.770123387384444 ], [ 139.435323969125989, 34.76981508090131 ], [ 139.435533255755217, 34.769576495259116 ], [ 139.435342503253992, 34.769326802090291 ], [ 139.436000804293712, 34.768779945937808 ], [ 139.436495498868226, 34.767655865325992 ], [ 139.436822282822163, 34.767607495289724 ], [ 139.436751971126682, 34.766913135033235 ], [ 139.437356719337231, 34.765772080617069 ], [ 139.437104383960218, 34.765543999955696 ], [ 139.437154837725643, 34.764769305958737 ], [ 139.437914837699623, 34.764287585903446 ], [ 139.437844228328572, 34.76349333255132 ], [ 139.438354448798805, 34.763000225280223 ], [ 139.438845836566202, 34.761131306364746 ], [ 139.439730895364619, 34.760254387330178 ], [ 139.439522996389201, 34.760022586173477 ], [ 139.439821335686133, 34.758779467698332 ], [ 139.440877496799089, 34.75728113511633 ], [ 139.440904500742135, 34.75612353227524 ], [ 139.441303164809256, 34.75590025219492 ], [ 139.44096834001698, 34.755724360091222 ], [ 139.441521725247526, 34.755347251874241 ], [ 139.440811505446732, 34.755143198399935 ], [ 139.44064847005086, 34.754734559052736 ], [ 139.44070537015682, 34.752458595287976 ], [ 139.441468560026124, 34.752217495141338 ], [ 139.441195472792856, 34.751919946348494 ], [ 139.441799104944835, 34.751655495304931 ], [ 139.441376056659806, 34.751592828746084 ], [ 139.442084941866597, 34.751260027428373 ], [ 139.441812555205274, 34.751070468327498 ], [ 139.442250246251888, 34.750206054365947 ], [ 139.442085383433778, 34.75000963973315 ], [ 139.443288002739223, 34.747783440853141 ], [ 139.444889533425339, 34.747241252182107 ], [ 139.445490777877126, 34.747661386663708 ], [ 139.447154746694309, 34.745284721312885 ], [ 139.447553890999302, 34.745272279192363 ], [ 139.447493256009011, 34.744923468143611 ], [ 139.44812603069181, 34.74443208127559 ], [ 139.448347224344957, 34.743788585774666 ], [ 139.448131024627173, 34.743497162264305 ], [ 139.448534034218369, 34.743005108099339 ], [ 139.448310946592983, 34.742804197755561 ], [ 139.448564889957765, 34.741978585943059 ], [ 139.448897860348097, 34.74195294627151 ], [ 139.448559974263503, 34.741644747706971 ], [ 139.449053579758925, 34.741465359938445 ], [ 139.448800415207074, 34.7414190538463 ], [ 139.44866058411867, 34.740673612996886 ], [ 139.44926814540861, 34.740290748219479 ], [ 139.448622826981932, 34.74050427874954 ], [ 139.448167664805965, 34.73983969414661 ], [ 139.448323112621665, 34.738820666940285 ], [ 139.448077587810531, 34.738282053973649 ], [ 139.448531336252245, 34.737980387185189 ], [ 139.447709221903096, 34.737999891681682 ], [ 139.447365031571053, 34.7374321982374 ], [ 139.447640388693003, 34.737091586307713 ], [ 139.447151724972173, 34.737040162173798 ], [ 139.446716471987656, 34.736115386615836 ], [ 139.446086939360839, 34.736135999976455 ], [ 139.446242775683572, 34.735596333004423 ], [ 139.445486251589273, 34.735703441360783 ], [ 139.444320116879908, 34.734253000375702 ], [ 139.444544423086768, 34.733946387315996 ], [ 139.444233645266536, 34.733714080740299 ], [ 139.444622503126084, 34.733502467564904 ], [ 139.444115447370109, 34.733230748200526 ], [ 139.443881802603187, 34.731985748343675 ], [ 139.444104422581063, 34.73141255914237 ], [ 139.44442953289672, 34.731453802051362 ], [ 139.445043891262685, 34.730727360279502 ], [ 139.444931089298393, 34.729725332957798 ], [ 139.445377172818326, 34.729136440694219 ], [ 139.445528974782405, 34.728172774853704 ], [ 139.444785965699793, 34.726989694219071 ], [ 139.444848339978989, 34.725123693603621 ], [ 139.445623579864332, 34.723601251996229 ], [ 139.446527859872845, 34.723508828669537 ], [ 139.44593202304452, 34.723133639605862 ], [ 139.446191855170014, 34.722301108409454 ], [ 139.447187613317737, 34.721527441438298 ], [ 139.447369779991391, 34.721686413697114 ], [ 139.4474602715743, 34.721309495237051 ], [ 139.447907249919695, 34.721290999779853 ], [ 139.447397523177187, 34.721043278824311 ], [ 139.44744983134467, 34.720739162282541 ], [ 139.449005939972267, 34.719862864679499 ], [ 139.448781310009508, 34.719586666691384 ], [ 139.449032166001757, 34.718816829033472 ], [ 139.448816200107558, 34.717284413944583 ], [ 139.449211855043131, 34.716722027399669 ], [ 139.449273839016541, 34.71564149465928 ], [ 139.449646743802305, 34.715343559157986 ], [ 139.449233943291915, 34.715202333221157 ], [ 139.448842802053719, 34.713849027110939 ], [ 139.448988249408217, 34.713206973223294 ], [ 139.448086393971948, 34.71268125203818 ], [ 139.44831216607372, 34.71247219833333 ], [ 139.447876692755244, 34.712535891917923 ], [ 139.447424305887125, 34.711918108034297 ], [ 139.446857976714341, 34.712027640063582 ], [ 139.446941089359825, 34.711806585805334 ], [ 139.446009442082186, 34.711497945673727 ], [ 139.444545188409734, 34.710154252416885 ], [ 139.443698054022093, 34.706752135102988 ], [ 139.443597133900653, 34.703639612977781 ], [ 139.443851724777346, 34.702727305620726 ], [ 139.445169637169101, 34.701811134776108 ], [ 139.446138689948611, 34.700604053934001 ], [ 139.447700947240946, 34.700018694207415 ], [ 139.449431361568145, 34.698421892156659 ], [ 139.449653450046753, 34.697932161839844 ], [ 139.449408301152289, 34.698212865431458 ], [ 139.449421192933755, 34.697405053900184 ], [ 139.449879662816215, 34.697095305803771 ], [ 139.450004085819955, 34.696526559253357 ], [ 139.448972113772129, 34.695052054208986 ], [ 139.447890143015798, 34.694694332677386 ], [ 139.44723333305194, 34.694093386800432 ], [ 139.446616667025637, 34.69305313469448 ], [ 139.445794280181985, 34.689840973082482 ], [ 139.444415577217228, 34.689046585731376 ], [ 139.444740194704309, 34.684535107908971 ], [ 139.442568028891515, 34.684322080999266 ], [ 139.44210319090962, 34.684893666709399 ], [ 139.439335616345716, 34.685375440724044 ], [ 139.438804384115087, 34.686651639861338 ], [ 139.439412022746751, 34.687233639720773 ], [ 139.439344811913656, 34.6876015856447 ], [ 139.437874280074084, 34.688698279202299 ], [ 139.437205161988686, 34.688737945599769 ], [ 139.436377173267942, 34.687537134830961 ], [ 139.436486161207426, 34.686859305912265 ], [ 139.437217444929161, 34.686250080876562 ], [ 139.437289922192235, 34.685518558834474 ], [ 139.437774720626976, 34.685101197862025 ], [ 139.438423139016663, 34.685277197884432 ], [ 139.439508494821212, 34.683825225353928 ], [ 139.439458859438901, 34.683387919217125 ], [ 139.440307172837834, 34.682785829402576 ], [ 139.440414552789434, 34.683289946174114 ], [ 139.440119999638341, 34.68350238672582 ], [ 139.440520078338977, 34.683315441054788 ], [ 139.440187055788101, 34.682381945670329 ], [ 139.440788832638532, 34.682007306092373 ], [ 139.440156782809368, 34.681585080687 ], [ 139.440454968322229, 34.681644999816967 ], [ 139.440657003717774, 34.681267468019257 ], [ 139.44272766484994, 34.681594413851144 ], [ 139.442814890095178, 34.681213999726367 ], [ 139.440444941780697, 34.681133639905624 ], [ 139.440651724697432, 34.680653775151654 ], [ 139.440026328951944, 34.680391693821662 ], [ 139.440139585073894, 34.679705919392745 ], [ 139.438702776012406, 34.67866910809289 ], [ 139.436518586263787, 34.67852869424388 ], [ 139.435236225871222, 34.678098559301134 ], [ 139.434691478628906, 34.678251640101166 ], [ 139.434300466893092, 34.677885613330432 ], [ 139.433077496829128, 34.678543134658014 ], [ 139.432865110236662, 34.678249891819121 ], [ 139.432598301170742, 34.678863305896925 ], [ 139.432131776959977, 34.678634054318195 ], [ 139.431919688942571, 34.679166972777637 ], [ 139.43089386466022, 34.678650000197422 ], [ 139.431329078973931, 34.678873387297017 ], [ 139.431202139667107, 34.678632081205649 ], [ 139.431544942345226, 34.67873713461114 ], [ 139.431340830415024, 34.678519225282059 ], [ 139.430120506156527, 34.678689081136213 ], [ 139.429890804017418, 34.679609864603606 ], [ 139.429591245239862, 34.67931297321519 ], [ 139.429355422314984, 34.679560026873787 ], [ 139.429698223194464, 34.679869468301376 ], [ 139.429273217085324, 34.679749162393989 ], [ 139.42901472135236, 34.680570747941715 ], [ 139.428483838958073, 34.680696748356297 ], [ 139.428757613273319, 34.680996864713563 ], [ 139.428245227235493, 34.680801135364163 ], [ 139.42805167334609, 34.681395134877619 ], [ 139.426850856282044, 34.68093174840152 ], [ 139.426638949028302, 34.681263135085658 ], [ 139.426861440403172, 34.681264612671782 ], [ 139.425765862904314, 34.682205387168949 ], [ 139.426029831011988, 34.682365559123298 ], [ 139.424373968683767, 34.682852495246493 ], [ 139.424303281071616, 34.682624829172596 ], [ 139.424065305169734, 34.682767919404 ], [ 139.423805161878818, 34.681854054421137 ], [ 139.423797717290881, 34.682142892380625 ], [ 139.421514254079625, 34.682516441080963 ], [ 139.416568974778443, 34.681145558620699 ], [ 139.416347691193096, 34.680766360379266 ], [ 139.416385331417928, 34.681098333421403 ], [ 139.415997030238827, 34.680773640391237 ], [ 139.415500635945705, 34.681198694164436 ], [ 139.414491218894682, 34.680688414338874 ], [ 139.413196886726951, 34.680934467951374 ], [ 139.41455352842263, 34.680905441433026 ], [ 139.415053916605075, 34.681123332775655 ], [ 139.415068339931963, 34.681466134554512 ], [ 139.413655719935605, 34.681296495436982 ], [ 139.412914358410944, 34.681815999608773 ], [ 139.412075745998891, 34.681374161788199 ], [ 139.411134577598773, 34.681593386825398 ], [ 139.410489079307581, 34.681223694418009 ], [ 139.410507497423168, 34.680800333168918 ], [ 139.40991016861949, 34.680748305589873 ], [ 139.410369779741586, 34.680670107739331 ], [ 139.409880466710206, 34.680643531873557 ], [ 139.408745694058553, 34.681120721144396 ], [ 139.408406977899745, 34.680684198317124 ], [ 139.407699222241376, 34.681143027029123 ], [ 139.40665294377834, 34.681084667323603 ], [ 139.40599603129192, 34.681710000116482 ], [ 139.405497003783807, 34.681640531985011 ], [ 139.404885109560269, 34.682317775445028 ], [ 139.404132502912717, 34.682554747703477 ], [ 139.403133839055499, 34.68227653163666 ], [ 139.402902048690635, 34.682461414262889 ], [ 139.40266263297417, 34.682038224784321 ], [ 139.40121977956926, 34.681939359613807 ], [ 139.401196588751645, 34.682218666558242 ], [ 139.400211672830551, 34.682555468060457 ], [ 139.400330195382253, 34.683160081372705 ], [ 139.399740000001088, 34.684000639917656 ], [ 139.398319533419794, 34.683785801773411 ], [ 139.398058495303417, 34.683985802003235 ], [ 139.397257717369826, 34.683583467802862 ], [ 139.397008806611211, 34.68401233290291 ], [ 139.396027107565033, 34.683958801657411 ], [ 139.396004111900311, 34.683721081163014 ], [ 139.395725161986661, 34.683931386724169 ], [ 139.395477250374825, 34.684712107977475 ], [ 139.394917587876421, 34.684649495377982 ], [ 139.395389883036728, 34.685446694009784 ], [ 139.394666355068352, 34.685930747805799 ], [ 139.394946472301967, 34.685858197697712 ], [ 139.394721219108987, 34.687204134763078 ], [ 139.394381504702778, 34.687195612787377 ], [ 139.394393721992742, 34.686866252275763 ], [ 139.3934715562674, 34.687476495344015 ], [ 139.393699493936538, 34.687278693956614 ], [ 139.393471945673809, 34.686925495115531 ], [ 139.392980661328465, 34.687364721304903 ], [ 139.392454449113643, 34.68690558592408 ], [ 139.391991633706994, 34.687078252159665 ], [ 139.391503695739061, 34.686478891787488 ], [ 139.390881414345813, 34.686597414339246 ], [ 139.391362308823545, 34.687622829430097 ], [ 139.390442528999529, 34.68771144142994 ], [ 139.3903886119449, 34.688410468268557 ], [ 139.38983158176211, 34.688017558963224 ], [ 139.389756977602474, 34.688457946177323 ], [ 139.388989390048323, 34.689150559051086 ], [ 139.388149947562056, 34.689137224803119 ], [ 139.387293917080683, 34.689958161939671 ], [ 139.386327833862538, 34.690174054089368 ], [ 139.385943995119305, 34.691341640304529 ], [ 139.385490271858657, 34.691427225186317 ], [ 139.385171219376389, 34.692119865039786 ], [ 139.384615576847409, 34.692057224561324 ], [ 139.385174501002439, 34.692379693568057 ], [ 139.384619389972954, 34.692281558647039 ], [ 139.384079248158855, 34.69282289206285 ], [ 139.383628910845573, 34.692700053664623 ], [ 139.383580661318547, 34.693085198223343 ], [ 139.384059026902605, 34.693171080780814 ], [ 139.383772581139738, 34.693298027282196 ], [ 139.383962749981038, 34.693634360237581 ], [ 139.382427781716842, 34.694830667201586 ], [ 139.37985247681047, 34.696117134797987 ], [ 139.379107833659646, 34.696138775184352 ], [ 139.378520635718814, 34.695753720557832 ], [ 139.378270466808658, 34.696007829397843 ], [ 139.377841634084234, 34.695607306432123 ], [ 139.377352140289076, 34.695938306407754 ], [ 139.377293190628279, 34.695580467964305 ], [ 139.377075863160599, 34.696401999552677 ], [ 139.376387755890278, 34.695866640333236 ], [ 139.37596175063436, 34.696737693989462 ], [ 139.376209882580042, 34.696969864767482 ], [ 139.375176354705104, 34.696627197886926 ], [ 139.375411050779462, 34.697037197908401 ], [ 139.37504263271137, 34.697220081341754 ], [ 139.374856005400375, 34.696804224935079 ], [ 139.374700661006727, 34.697026495076727 ], [ 139.375126743604369, 34.697608747645631 ], [ 139.374145810780647, 34.697286278638899 ], [ 139.374096524335187, 34.69799064025591 ], [ 139.373427173325467, 34.698094666635598 ], [ 139.373638340437083, 34.698714251861304 ], [ 139.372573410934251, 34.699620747799315 ], [ 139.371430051555649, 34.699791693631823 ], [ 139.370971088844726, 34.699509945927332 ], [ 139.370749027345823, 34.699948494927128 ], [ 139.369235330745937, 34.699856107573339 ], [ 139.368381413671386, 34.700225801779368 ], [ 139.368099689349265, 34.699615467879596 ], [ 139.367672801858362, 34.70057061264373 ], [ 139.366966135278972, 34.700237775353116 ], [ 139.366747082012239, 34.700503802008882 ], [ 139.364321530414372, 34.700598532096649 ], [ 139.364422309342217, 34.700805612688953 ], [ 139.363813358599714, 34.700819865144695 ], [ 139.363982308836512, 34.701271000156567 ], [ 139.362835577000396, 34.70111980163756 ], [ 139.362294136565197, 34.70148813516937 ], [ 139.362569053019456, 34.70163030629368 ], [ 139.362293553804534, 34.701724081301336 ], [ 139.362409999821693, 34.701941693854167 ], [ 139.362095641800465, 34.702036666758829 ], [ 139.362012529154981, 34.701756332788591 ], [ 139.361934423035223, 34.702075441028853 ], [ 139.360818859003189, 34.701201612964098 ], [ 139.361164890247551, 34.70200710784178 ], [ 139.360846887274079, 34.702129027132969 ], [ 139.360936523601708, 34.701815107980906 ], [ 139.360695032249964, 34.702169278989061 ], [ 139.360842334905897, 34.701911107911371 ], [ 139.360190506286926, 34.701516864911412 ], [ 139.359747588380515, 34.701968332672493 ], [ 139.360203139063628, 34.702327639708869 ], [ 139.359226278370102, 34.702133279127565 ], [ 139.358460725981786, 34.701031613218447 ], [ 139.358043358714099, 34.701269332813524 ], [ 139.358965188093066, 34.702532080790945 ], [ 139.358733449888859, 34.702724999758971 ], [ 139.359038858756435, 34.704064639771389 ], [ 139.359389442368979, 34.704205387268871 ], [ 139.359733890806524, 34.705272864551091 ], [ 139.359880506380364, 34.707380414074919 ], [ 139.361231089343391, 34.709705774901636 ], [ 139.360256304285031, 34.711340108359366 ], [ 139.359702049410089, 34.711469224924826 ], [ 139.359077029581272, 34.712433468130087 ], [ 139.356992750015479, 34.713964305808133 ], [ 139.356124059777585, 34.715676468394349 ], [ 139.353621244724764, 34.717065694326379 ], [ 139.353312724202965, 34.717872747729189 ], [ 139.352672282799631, 34.718420612921022 ], [ 139.352379027370262, 34.72100377520411 ], [ 139.352462087855088, 34.724401081145004 ], [ 139.352366251601325, 34.725076107776204 ], [ 139.352082995733781, 34.724985278947543 ], [ 139.352163994972443, 34.725512612617024 ], [ 139.352514227849383, 34.7251096668777 ], [ 139.352730972556401, 34.725390999994715 ], [ 139.352690219777855, 34.726055332787439 ], [ 139.353070415367483, 34.726280945709107 ], [ 139.353241440340298, 34.727052494776842 ], [ 139.352881167431974, 34.728417305913979 ], [ 139.353259585061892, 34.728821775104905 ], [ 139.353146355020385, 34.730953639598852 ], [ 139.352634942049008, 34.731833467940248 ], [ 139.353793969416188, 34.733588494913135 ], [ 139.354061530315448, 34.733473162256701 ], [ 139.353081218923194, 34.731756360068005 ], [ 139.353444188898266, 34.73125077470354 ], [ 139.353902335024827, 34.731486252288789 ], [ 139.354616446192153, 34.732571946238352 ], [ 139.354034332118772, 34.732923946283165 ], [ 139.354990921194144, 34.732623161729578 ], [ 139.354973307072555, 34.733043467981702 ], [ 139.355842283294805, 34.733561197791119 ], [ 139.356835939726921, 34.735057441247989 ], [ 139.356788340409594, 34.736672387121018 ], [ 139.356361388167556, 34.737424721273896 ], [ 139.356776860563741, 34.738994135371115 ], [ 139.356060414756371, 34.739894999754483 ], [ 139.356573579607129, 34.741131081034609 ], [ 139.356398248680307, 34.741539586382885 ], [ 139.356886782898755, 34.741913919292017 ], [ 139.356230972981052, 34.743260802444127 ], [ 139.355218780622295, 34.744305802071153 ], [ 139.354733256434656, 34.744658278756617 ], [ 139.353865136367062, 34.744464748249584 ], [ 139.353532113816073, 34.744812495400367 ], [ 139.353733969347218, 34.745050919164612 ], [ 139.352768690123071, 34.746926774551071 ], [ 139.352009506733452, 34.746759080667118 ], [ 139.351229170389956, 34.747205270307006 ], [ 139.35169883323465, 34.747011693934553 ], [ 139.352397562397641, 34.748056027163955 ], [ 139.352589883316568, 34.747603532377184 ], [ 139.351814475257925, 34.746976891970064 ], [ 139.352818858803403, 34.747070107599427 ], [ 139.353088301084313, 34.747369748215363 ], [ 139.352943773736229, 34.748055667435153 ], [ 139.352693579645006, 34.748070197781431 ], [ 139.353084423207633, 34.749625026673698 ], [ 139.352798053887113, 34.749641279221692 ], [ 139.353111284158558, 34.750099494596043 ], [ 139.352946808948104, 34.750869081343069 ], [ 139.352491478598949, 34.751092667192893 ], [ 139.352415057808685, 34.750707865275785 ], [ 139.352042386846733, 34.750614720692852 ], [ 139.352272411842364, 34.75153677490232 ], [ 139.352010726214075, 34.75164805431433 ], [ 139.348596640722462, 34.751774251680445 ], [ 139.348621440427223, 34.752223386600065 ], [ 139.35162593958546, 34.751888107650075 ], [ 139.351818612139255, 34.753341413875205 ], [ 139.351695693701345, 34.751880386970356 ], [ 139.351999921759102, 34.751872224723456 ], [ 139.352035110432098, 34.7525458915797 ], [ 139.352338676588715, 34.752789595263664 ], [ 139.351861362312093, 34.753410161649697 ], [ 139.351918196767429, 34.754062000161241 ], [ 139.351045057583406, 34.754114891988706 ], [ 139.351725227437328, 34.754189333371073 ], [ 139.351309999656792, 34.75532369413321 ], [ 139.350845577161749, 34.755749252426085 ], [ 139.349923217182777, 34.75572008111692 ], [ 139.35068566780933, 34.755939441052419 ], [ 139.350774085555713, 34.756530279448896 ], [ 139.349094448749838, 34.759038892430965 ], [ 139.349479000655379, 34.760022864963275 ], [ 139.349016393891475, 34.761557999602076 ], [ 139.349252360707965, 34.761926918592451 ], [ 139.348722437890274, 34.762659278802744 ], [ 139.349212918241619, 34.763742828768557 ], [ 139.348689753829149, 34.76520794579011 ], [ 139.348914811869122, 34.766044252340407 ], [ 139.351232309023885, 34.767035279154868 ], [ 139.351253502447207, 34.768502999713689 ], [ 139.351447886410938, 34.768925828564193 ], [ 139.351949663146456, 34.768644748156646 ], [ 139.352092411635567, 34.769118252005796 ], [ 139.351084553109672, 34.770221107717987 ], [ 139.351535357171088, 34.771678000439408 ], [ 139.350366589246732, 34.773066468242973 ], [ 139.350076304278105, 34.774097162354224 ], [ 139.349623670995697, 34.774305494802775 ], [ 139.349313748430859, 34.775104721405796 ], [ 139.349914643046418, 34.775312197699805 ], [ 139.350038469799642, 34.77569500042398 ], [ 139.349275031717411, 34.777485494859775 ], [ 139.349442166223071, 34.778238197734709 ], [ 139.349164552702064, 34.778609305674991 ], [ 139.34976730171968, 34.778786586331933 ], [ 139.34993752269861, 34.779797667128662 ], [ 139.349642438048136, 34.782805413738913 ], [ 139.350034253777835, 34.782977359617519 ], [ 139.350607639031409, 34.784054224922613 ], [ 139.352325577063766, 34.784250946224233 ], [ 139.352720609668495, 34.784660892286411 ], [ 139.352599804637293, 34.785328612825253 ], [ 139.353100117276654, 34.785788080955228 ], [ 139.353234475090972, 34.786453197956746 ], [ 139.352939053194859, 34.78684174824815 ], [ 139.353831529601507, 34.788927721237371 ], [ 139.353601218621407, 34.789239278769742 ], [ 139.354199442250547, 34.789436613409009 ], [ 139.354089883241613, 34.789958972928332 ], [ 139.354450025748179, 34.789965054143977 ], [ 139.354037250418855, 34.790087945602238 ], [ 139.355372476558614, 34.790804467851956 ], [ 139.356317030006949, 34.791776919169536 ], [ 139.357459728383787, 34.792026053859331 ], [ 139.357716834664302, 34.792600135188138 ], [ 139.358781724596952, 34.793213532178811 ], [ 139.359259727754306, 34.794970972932106 ], [ 139.360044668626642, 34.794972305727356 ], [ 139.359958170932941, 34.796454386660685 ], [ 139.360611024779018, 34.796320081006968 ], [ 139.360278495056605, 34.796700108423295 ], [ 139.360822891563203, 34.796885413730934 ], [ 139.360297886238527, 34.798739802300076 ], [ 139.360497782147036, 34.799083613118285 ], [ 139.361058248639324, 34.799075333060216 ], [ 139.36109136167704, 34.799072946259514 ] ] ], [ [ [ 139.816666667332925, 35.533259134601451 ], [ 139.802451414701068, 35.520966306050241 ], [ 139.79984703021637, 35.522917504839029 ], [ 139.801788611655184, 35.524648531604498 ], [ 139.800430531943562, 35.525666639703729 ], [ 139.80060569379782, 35.52631461292907 ], [ 139.804423942710855, 35.529682802419472 ], [ 139.804295149001973, 35.530175801771861 ], [ 139.806479221838686, 35.531257467658065 ], [ 139.807110414614044, 35.530764333407319 ], [ 139.807319000671441, 35.530929504692949 ], [ 139.807088689691341, 35.531106747578406 ], [ 139.819801919822794, 35.542383252285333 ], [ 139.823087496690732, 35.543843720711209 ], [ 139.826027781556945, 35.541570170726857 ], [ 139.816669364399672, 35.533261504315021 ], [ 139.816666667332925, 35.533259134601451 ] ] ], [ [ [ 139.753496303811403, 35.562603666725863 ], [ 139.753129390309141, 35.562710134764984 ], [ 139.75330822229671, 35.562815838380288 ], [ 139.753496303811403, 35.562603666725863 ] ] ], [ [ [ 139.764228911135433, 35.575000000050011 ], [ 139.773533606390856, 35.574922865198118 ], [ 139.77380199736433, 35.574520531897065 ], [ 139.765610557581226, 35.564896332699618 ], [ 139.758479663106073, 35.568441918859492 ], [ 139.757141219192022, 35.571500559003653 ], [ 139.757357197676583, 35.572869278594396 ], [ 139.757135006675298, 35.57281389204752 ], [ 139.757608443075242, 35.574460387037277 ], [ 139.761582672202621, 35.574453332755127 ], [ 139.761736977879309, 35.574906279001652 ], [ 139.761734838392158, 35.574453053965328 ], [ 139.763529974228959, 35.574505306374817 ], [ 139.763612672287081, 35.574822386643859 ], [ 139.763803645122152, 35.574440027285505 ], [ 139.764228911135433, 35.57500002702966 ], [ 139.764228911135433, 35.575000000050011 ] ] ], [ [ [ 139.804375006101736, 35.600614253145295 ], [ 139.80387260703526, 35.600347332563388 ], [ 139.80406858639617, 35.600096331780321 ], [ 139.803516084299872, 35.599795585897596 ], [ 139.803664720650431, 35.599611466795807 ], [ 139.802293501843678, 35.598864864921609 ], [ 139.802141334754879, 35.599050252067514 ], [ 139.80057219315222, 35.598198280226484 ], [ 139.800299882933359, 35.598536413624629 ], [ 139.804346161246372, 35.600648947191189 ], [ 139.804375006101736, 35.600614253145295 ] ] ], [ [ [ 139.826636420234649, 35.597596468302413 ], [ 139.832210311256972, 35.588932612849874 ], [ 139.813426160888639, 35.578728466945222 ], [ 139.808477302285723, 35.583870304770812 ], [ 139.794668080067936, 35.591996720872032 ], [ 139.794148273723863, 35.591636278891201 ], [ 139.793753331950825, 35.592019945863854 ], [ 139.794005187989114, 35.592190747804807 ], [ 139.793734643139373, 35.592114774877018 ], [ 139.794156107718209, 35.59229346926827 ], [ 139.793361052170894, 35.592827108084634 ], [ 139.803777730357979, 35.598419928037288 ], [ 139.805614189143625, 35.596159045003958 ], [ 139.807435498849259, 35.597142954583717 ], [ 139.80559618831353, 35.599405432115077 ], [ 139.820259948138187, 35.607492135054031 ], [ 139.826358002719758, 35.598029505357431 ], [ 139.826636420234649, 35.597596468302413 ] ] ], [ [ [ 139.819368495160006, 35.608985369379354 ], [ 139.819164085554121, 35.608989026022812 ], [ 139.824441919758897, 35.609977999684986 ], [ 139.821474683110182, 35.609389612840403 ], [ 139.819368495160006, 35.608985369379354 ] ] ], [ [ [ 139.810091336246273, 35.613546639965534 ], [ 139.81150289234472, 35.613330836848718 ], [ 139.81107403443923, 35.612936135194559 ], [ 139.811695135921809, 35.61261553228104 ], [ 139.81168522719156, 35.612961747886402 ], [ 139.812805226679984, 35.612385531567099 ], [ 139.812414500928526, 35.612244026840415 ], [ 139.813467134001144, 35.611700586313077 ], [ 139.813454877140884, 35.612046541115035 ], [ 139.815140051971866, 35.610838945860735 ], [ 139.815745772349601, 35.611599891022195 ], [ 139.815158808232468, 35.610829386966714 ], [ 139.818944228293617, 35.608875802276486 ], [ 139.791595772027335, 35.593958198012501 ], [ 139.790436472165538, 35.592485468229825 ], [ 139.791494695423921, 35.593951387446623 ], [ 139.790263385047297, 35.595454838070395 ], [ 139.791415966074055, 35.597000224980434 ], [ 139.791140530711004, 35.597134170905292 ], [ 139.794130050761282, 35.601141198307687 ], [ 139.794404501366671, 35.601001199046152 ], [ 139.795214252735605, 35.601505612593996 ], [ 139.794992905298386, 35.601782476979793 ], [ 139.798524086117709, 35.606791775420163 ], [ 139.808750078353455, 35.61218766812641 ], [ 139.808176354954867, 35.612890413661717 ], [ 139.808940078122191, 35.613342612571557 ], [ 139.809372190674139, 35.613542612801382 ], [ 139.809947274746946, 35.612834973155543 ], [ 139.810626226019622, 35.613167305926481 ], [ 139.810051971121652, 35.613369863828211 ], [ 139.810091336246273, 35.613546639965534 ] ] ], [ [ [ 139.755006031703033, 35.617707839045579 ], [ 139.756337249564467, 35.61766233335004 ], [ 139.75635069982502, 35.616988108014823 ], [ 139.756885862992249, 35.616993414014871 ], [ 139.756876834698232, 35.617661134553771 ], [ 139.756956523624694, 35.616996801761047 ], [ 139.757434383789814, 35.616997198362071 ], [ 139.757434423359996, 35.617674584814267 ], [ 139.757989441759378, 35.617679171356713 ], [ 139.760116523658667, 35.616120891765775 ], [ 139.760283087094876, 35.615802359990994 ], [ 139.759775227344903, 35.615395360107811 ], [ 139.760473721784933, 35.615050080696733 ], [ 139.760249493819174, 35.614860134887351 ], [ 139.760957860117173, 35.615088161589426 ], [ 139.761463449978351, 35.614559171368739 ], [ 139.76194630407872, 35.614649332900456 ], [ 139.763878689949593, 35.608923252306283 ], [ 139.763478756039831, 35.608717224820111 ], [ 139.773209532993633, 35.595675305970644 ], [ 139.772878145410118, 35.595514532369805 ], [ 139.776778910718235, 35.59028766724208 ], [ 139.773771828707027, 35.587524108151115 ], [ 139.773208145339709, 35.587283251720748 ], [ 139.772885863391934, 35.587519694278512 ], [ 139.76905896210144, 35.584010676351681 ], [ 139.772886640406227, 35.587473756908423 ], [ 139.773239195332621, 35.587216360146954 ], [ 139.773178002762734, 35.586869944892101 ], [ 139.771050207701023, 35.584924242759655 ], [ 139.773329804726814, 35.583261495221905 ], [ 139.776044526134001, 35.585586224724523 ], [ 139.773440584115747, 35.583180702827235 ], [ 139.776337223983774, 35.585827305985447 ], [ 139.777161996728864, 35.58522736015459 ], [ 139.77783323001961, 35.585844377815818 ], [ 139.77744320394072, 35.58616134207233 ], [ 139.777857536895908, 35.585865784378484 ], [ 139.778533527600302, 35.586484277827196 ], [ 139.777797497256756, 35.587161225410284 ], [ 139.781419728137962, 35.584537081021551 ], [ 139.781768340436656, 35.584481252008231 ], [ 139.784024253816369, 35.586050170578972 ], [ 139.78183191980736, 35.584432774952631 ], [ 139.782553891049247, 35.583713775070692 ], [ 139.782903943162523, 35.584033657627231 ], [ 139.783336005352453, 35.583723504835916 ], [ 139.783033385282579, 35.583442135745997 ], [ 139.787532776216722, 35.580059468969353 ], [ 139.787409468372289, 35.579393584846116 ], [ 139.786952698208552, 35.579759559456136 ], [ 139.786137782932428, 35.579276801583205 ], [ 139.784965332284287, 35.577630946011425 ], [ 139.785135499303919, 35.577249504860788 ], [ 139.766670467068479, 35.577144197846508 ], [ 139.766531284391363, 35.57854325156984 ], [ 139.766887004032128, 35.578812054432831 ], [ 139.767872607035201, 35.57871886488374 ], [ 139.770409481212596, 35.58106468528706 ], [ 139.769118560173524, 35.580098441090229 ], [ 139.767796783394942, 35.58122494627429 ], [ 139.767812996372754, 35.581516000163333 ], [ 139.765317833651125, 35.579432946373402 ], [ 139.76510871609446, 35.579568946349866 ], [ 139.765281724971715, 35.579319999618349 ], [ 139.764026108618054, 35.578021197820078 ], [ 139.763492555237349, 35.577975279335703 ], [ 139.762477003910703, 35.577155505022574 ], [ 139.755865693646911, 35.577068251898368 ], [ 139.754074085850448, 35.578340107310169 ], [ 139.749321828040024, 35.589130837817947 ], [ 139.750113721571097, 35.589647864357516 ], [ 139.750169143191442, 35.590699640376158 ], [ 139.749858520954035, 35.590970559343873 ], [ 139.750181972020414, 35.591354008680582 ], [ 139.749433022915696, 35.592133054496912 ], [ 139.748331505394731, 35.592075586019519 ], [ 139.748691440157927, 35.593598361275383 ], [ 139.74907581129969, 35.60071191862022 ], [ 139.751746225807779, 35.604665838357789 ], [ 139.753018611819584, 35.61764781109764 ], [ 139.754901141074811, 35.617707865125908 ], [ 139.755006031703033, 35.617707839045579 ] ] ], [ [ [ 139.821995122576936, 35.619217773781259 ], [ 139.817690544583002, 35.617583495182203 ], [ 139.821958533659426, 35.619283405404872 ], [ 139.821995122576936, 35.619217773781259 ] ] ], [ [ [ 139.797627587942884, 35.617379694417423 ], [ 139.797345771889923, 35.617077279392959 ], [ 139.797006498151404, 35.617178586222849 ], [ 139.794879143757498, 35.613789946149154 ], [ 139.794406860288404, 35.613909027179886 ], [ 139.785288144832066, 35.625133360416328 ], [ 139.789878145160287, 35.627622639773051 ], [ 139.795729689273799, 35.62043244130416 ], [ 139.795513942814296, 35.620244197911461 ], [ 139.797917729919391, 35.617731730435082 ], [ 139.797657807861583, 35.617411080756824 ], [ 139.797627587942884, 35.617379694417423 ] ] ], [ [ [ 139.820821284274871, 35.628827666563609 ], [ 139.820875641997304, 35.62845027865751 ], [ 139.821961802695114, 35.628531946092494 ], [ 139.807254358302089, 35.627130386857914 ], [ 139.811085939664395, 35.627511170604066 ], [ 139.810941141620447, 35.628521612882196 ], [ 139.811110894951867, 35.627513693202445 ], [ 139.820853995315701, 35.628445666934056 ], [ 139.820757249847247, 35.628822531434707 ], [ 139.820821284274871, 35.628827666563609 ] ] ], [ [ [ 139.820748003018025, 35.629331972192801 ], [ 139.820732244197757, 35.629000359778843 ], [ 139.820686497483962, 35.629326468341901 ], [ 139.820748003018025, 35.629331972192801 ] ] ], [ [ [ 139.766890726325983, 35.627741774763138 ], [ 139.767607664961815, 35.627338441415986 ], [ 139.766679300209603, 35.627591775040457 ], [ 139.766373087348143, 35.627252504899218 ], [ 139.76598963711217, 35.627405973307077 ], [ 139.767700245669857, 35.629709864618633 ], [ 139.76812788589325, 35.629562215723752 ], [ 139.766864111789346, 35.627743225369613 ], [ 139.766890726325983, 35.627741774763138 ] ] ], [ [ [ 139.518310311171945, 35.629570693632672 ], [ 139.51823503162143, 35.629212107852538 ], [ 139.517050855612524, 35.629478505029056 ], [ 139.517403086783133, 35.629884027326057 ], [ 139.518282243330873, 35.629631800767072 ], [ 139.518310311171945, 35.629570693632672 ] ] ], [ [ [ 139.813741893973315, 35.63000944138264 ], [ 139.811544280044586, 35.629819054006191 ], [ 139.813739143846419, 35.630028837960538 ], [ 139.813741893973315, 35.63000944138264 ] ] ], [ [ [ 139.815931218850778, 35.630216837637022 ], [ 139.813956082807067, 35.630050865055409 ], [ 139.815928144967984, 35.630238387191866 ], [ 139.815931218850778, 35.630216837637022 ] ] ], [ [ [ 139.816666667332925, 35.630287134943387 ], [ 139.816147717143508, 35.630259693929759 ], [ 139.818131167419551, 35.630428585710717 ], [ 139.816670169292934, 35.63028746769254 ], [ 139.816666667332925, 35.630287134943387 ] ] ], [ [ [ 139.819445524791149, 35.630557107824302 ], [ 139.818342141176913, 35.630470361018411 ], [ 139.819441894228135, 35.630576026862229 ], [ 139.819445524791149, 35.630557107824302 ] ] ], [ [ [ 139.810649494178847, 35.630736054025704 ], [ 139.810970894791012, 35.628708000074198 ], [ 139.810678974854909, 35.630738946245401 ], [ 139.810649494178847, 35.630736054025704 ] ] ], [ [ [ 139.840115772025342, 35.631160134732511 ], [ 139.838683917329035, 35.614207334101252 ], [ 139.835524331882425, 35.612490135311532 ], [ 139.832486977791859, 35.616226748265888 ], [ 139.828045667773381, 35.612034838237264 ], [ 139.832446718741153, 35.616267485755941 ], [ 139.830629986584654, 35.618485604227317 ], [ 139.83293564236601, 35.61973905411412 ], [ 139.831712335056295, 35.621242386926667 ], [ 139.829410855726451, 35.619989505411411 ], [ 139.827417056052354, 35.619797775347081 ], [ 139.82585131028975, 35.63069908109776 ], [ 139.837011996706337, 35.631772775393301 ], [ 139.837114552694516, 35.631044358710255 ], [ 139.838488144812118, 35.631072333021791 ], [ 139.839219170428464, 35.631246198053645 ], [ 139.839114111627055, 35.631975136343499 ], [ 139.840173942873207, 35.632140586418984 ], [ 139.840144188803379, 35.631523414074366 ], [ 139.840115772025342, 35.631160134732511 ] ] ], [ [ [ 139.813425472907284, 35.632249972758075 ], [ 139.811254863820977, 35.632043440752227 ], [ 139.81342369584695, 35.632262386999628 ], [ 139.813425472907284, 35.632249972758075 ] ] ], [ [ [ 139.770216200717186, 35.631987802395201 ], [ 139.770461855030703, 35.631685441330092 ], [ 139.769822826462359, 35.631526198375411 ], [ 139.76857377426029, 35.629975532444917 ], [ 139.768095498608432, 35.630101360189656 ], [ 139.769777860360023, 35.632392838158978 ], [ 139.770248884778312, 35.63211310763387 ], [ 139.770216200717186, 35.631987802395201 ] ] ], [ [ [ 139.815609585314178, 35.632456720601226 ], [ 139.813633138958266, 35.632282892441594 ], [ 139.815607691341938, 35.632470413678675 ], [ 139.815609585314178, 35.632456720601226 ] ] ], [ [ [ 139.816666666433548, 35.632558612889738 ], [ 139.815824668973391, 35.632492613443389 ], [ 139.817807470838147, 35.632670027200049 ], [ 139.816670194474, 35.63255897261854 ], [ 139.816666666433548, 35.632558612889738 ] ] ], [ [ [ 139.820220143245024, 35.632900305804526 ], [ 139.818015162070083, 35.632701332600448 ], [ 139.820215057578935, 35.632915278617247 ], [ 139.820220143245024, 35.632900305804526 ] ] ], [ [ [ 139.810325278688765, 35.632974468397038 ], [ 139.810652217326037, 35.630946802053302 ], [ 139.810355305253211, 35.632977277879149 ], [ 139.810325278688765, 35.632974468397038 ] ] ], [ [ [ 139.758007224054268, 35.633797919138715 ], [ 139.759199753865573, 35.633595837877692 ], [ 139.759749558895123, 35.619353027320415 ], [ 139.759387990063715, 35.619349919263414 ], [ 139.759272243719124, 35.618823639599327 ], [ 139.758870895175733, 35.618815361339898 ], [ 139.759243579627537, 35.619032386635411 ], [ 139.753132412031277, 35.61899108077381 ], [ 139.753307393121759, 35.621398252027745 ], [ 139.752866939357773, 35.621420306102323 ], [ 139.752917210560895, 35.622141810596133 ], [ 139.753360466612321, 35.622119639609707 ], [ 139.754005446893871, 35.630919054370906 ], [ 139.755255913729457, 35.633610467149367 ], [ 139.757869222186969, 35.633796026965115 ], [ 139.758007224054268, 35.633797919138715 ] ] ], [ [ [ 139.766666667432787, 35.632979694357459 ], [ 139.765548807431628, 35.63321269431043 ], [ 139.766056588940501, 35.634378080783847 ], [ 139.767629494205835, 35.634037171178534 ], [ 139.767238209975517, 35.633202189329609 ], [ 139.766670026400675, 35.632981000173061 ], [ 139.766666667432787, 35.632979694357459 ] ] ], [ [ [ 139.811254254080609, 35.634308775429702 ], [ 139.81089946793611, 35.634295918721705 ], [ 139.813096693357807, 35.634483171061561 ], [ 139.811254254080609, 35.634308775429702 ] ] ], [ [ [ 139.815290558012862, 35.634694251838312 ], [ 139.813317276371322, 35.634523585694978 ], [ 139.81528778180575, 35.634713560282648 ], [ 139.815290558012862, 35.634694251838312 ] ] ], [ [ [ 139.816666667332925, 35.634824223659052 ], [ 139.815510142778976, 35.634735467767655 ], [ 139.817487172794813, 35.63490333342213 ], [ 139.816670195373263, 35.634824586085813 ], [ 139.816666667332925, 35.634824223659052 ] ] ], [ [ [ 139.829393360315407, 35.635113027444334 ], [ 139.828649494178876, 35.635060559197484 ], [ 139.829390388955403, 35.63513150491508 ], [ 139.829393360315407, 35.635113027444334 ] ] ], [ [ [ 139.817956666566943, 35.634951612626878 ], [ 139.817699947894312, 35.634946973024455 ], [ 139.819896497925129, 35.635138748054828 ], [ 139.817956666566943, 35.634951612626878 ] ] ], [ [ [ 139.810272867099229, 35.633333225048375 ], [ 139.809979948016235, 35.635214414313793 ], [ 139.810272867099229, 35.63333333296697 ], [ 139.810272867099229, 35.633333225048375 ] ] ], [ [ [ 139.810072606965264, 35.633160028212785 ], [ 139.809761555751265, 35.635224666585145 ], [ 139.810048003312772, 35.633333225048375 ], [ 139.810072606965264, 35.633160028212785 ] ] ], [ [ [ 139.830099468415824, 35.635180667254019 ], [ 139.829664643508522, 35.635157918902905 ], [ 139.830406978099631, 35.635210135339548 ], [ 139.830099468415824, 35.635180667254019 ] ] ], [ [ [ 139.83136800263128, 35.635302359916011 ], [ 139.830623695826944, 35.635249891669218 ], [ 139.831366355073328, 35.635321027143732 ], [ 139.83136800263128, 35.635302359916011 ] ] ], [ [ [ 139.862852217955606, 35.63532474853838 ], [ 139.863662606943876, 35.635134891761879 ], [ 139.863076550242681, 35.634910613434101 ], [ 139.862279196028112, 35.635361305979529 ], [ 139.86282031090866, 35.635326838562776 ], [ 139.862852217955606, 35.63532474853838 ] ] ], [ [ [ 139.826399610753469, 35.634952359963506 ], [ 139.827420726185665, 35.634923667093631 ], [ 139.826358002719758, 35.634954693704231 ], [ 139.82624771705855, 35.635721945811213 ], [ 139.826381387790889, 35.634963721098927 ], [ 139.826399610753469, 35.634952359963506 ] ] ], [ [ [ 139.776589830956027, 35.636113332564321 ], [ 139.77700647157144, 35.636093631116239 ], [ 139.784947367427094, 35.626349440774106 ], [ 139.784655227157032, 35.62586025184919 ], [ 139.780991933231235, 35.6238828558092 ], [ 139.792628119092456, 35.609578911137874 ], [ 139.790853956345018, 35.607204792667119 ], [ 139.790109248443173, 35.606807748279039 ], [ 139.790343721485669, 35.606524612920623 ], [ 139.786729830917011, 35.601840449976862 ], [ 139.777134279623397, 35.613621999555676 ], [ 139.777469636814317, 35.61379586458753 ], [ 139.777022243881561, 35.613782945826358 ], [ 139.775099442085661, 35.616131467793082 ], [ 139.773497003983607, 35.615257693687681 ], [ 139.773047327672089, 35.615332838339896 ], [ 139.775057781891178, 35.616179586019143 ], [ 139.774624577562236, 35.616705612973703 ], [ 139.77299000038829, 35.615872640210227 ], [ 139.77459605736226, 35.616749134764802 ], [ 139.772887562211281, 35.61853355877679 ], [ 139.774252114343653, 35.619274000294922 ], [ 139.773440895281169, 35.620266467823285 ], [ 139.770626147678627, 35.618735865767633 ], [ 139.768441841917479, 35.621193116669076 ], [ 139.768778093034598, 35.621462522977083 ], [ 139.768476160946079, 35.621724332711835 ], [ 139.768172334885435, 35.62149402712771 ], [ 139.767656860575698, 35.622077134951894 ], [ 139.767598612386109, 35.625816748044542 ], [ 139.770613915999434, 35.62751925191202 ], [ 139.771305187984126, 35.628320305937393 ], [ 139.772009974081129, 35.628267135320073 ], [ 139.772766394753376, 35.628669531573678 ], [ 139.772573306712843, 35.629098386781152 ], [ 139.772872555224353, 35.628733027307419 ], [ 139.774014253555038, 35.629354107206325 ], [ 139.773909026580327, 35.629968972789925 ], [ 139.774250751870795, 35.629787693747119 ], [ 139.77722841795719, 35.631548945827262 ], [ 139.776735836789499, 35.632895559182771 ], [ 139.775150947158522, 35.634640081174837 ], [ 139.774775058422279, 35.634829359687274 ], [ 139.773216030595449, 35.633948945887198 ], [ 139.772658664066171, 35.632573531743162 ], [ 139.770858250108176, 35.633073668115344 ], [ 139.771519894827293, 35.634382134927648 ], [ 139.771312515660156, 35.634727161629257 ], [ 139.771546135246012, 35.634398413555971 ], [ 139.773132632864758, 35.634408891557143 ], [ 139.776633644127401, 35.63613469416083 ], [ 139.776589830956027, 35.636113332564321 ] ] ], [ [ [ 139.832506834822652, 35.635411532216494 ], [ 139.831636978164056, 35.635346999564433 ], [ 139.83264438523031, 35.635557108174055 ], [ 139.832710660768498, 35.636344198426059 ], [ 139.832665914100744, 35.635545225431883 ], [ 139.832506834822652, 35.635411532216494 ] ] ], [ [ [ 139.81125364434024, 35.636582694136052 ], [ 139.810582750093886, 35.63653658589476 ], [ 139.811676977710363, 35.636618917928786 ], [ 139.81125364434024, 35.636582694136052 ] ] ], [ [ [ 139.812772917636153, 35.63672466740951 ], [ 139.811894475149984, 35.636658080705899 ], [ 139.812770271830686, 35.636742865191138 ], [ 139.812772917636153, 35.63672466740951 ] ] ], [ [ [ 139.813868585966588, 35.636829504977698 ], [ 139.812991556315296, 35.636763359841211 ], [ 139.813865836739069, 35.636848333184105 ], [ 139.813868585966588, 35.636829504977698 ] ] ], [ [ [ 139.826235551029868, 35.635946666605435 ], [ 139.826105420928457, 35.636711109230362 ], [ 139.827154695033187, 35.636946693834886 ], [ 139.82612705591896, 35.636704803184159 ], [ 139.826235551029868, 35.635946666605435 ] ] ], [ [ [ 139.814970311230923, 35.636932945898764 ], [ 139.814090751786807, 35.636868198308775 ], [ 139.814967419011282, 35.63695297290144 ], [ 139.814970311230923, 35.636932945898764 ] ] ], [ [ [ 139.828145888222252, 35.637023000411205 ], [ 139.827374421892159, 35.636948972716993 ], [ 139.828143476240484, 35.637041467989434 ], [ 139.828145888222252, 35.637023000411205 ] ] ], [ [ [ 139.816063190763657, 35.637041558820954 ], [ 139.815185499211452, 35.636976000042409 ], [ 139.816060414556546, 35.637060837587626 ], [ 139.816063190763657, 35.637041558820954 ] ] ], [ [ [ 139.829132243957929, 35.637117413937574 ], [ 139.82836141434791, 35.637062414099205 ], [ 139.829128715018214, 35.63713589230764 ], [ 139.829132243957929, 35.637117413937574 ] ] ], [ [ [ 139.816666667332925, 35.637096748416241 ], [ 139.816283555241966, 35.637080252151975 ], [ 139.817159494015527, 35.637144360324044 ], [ 139.816670219654952, 35.637097108145099 ], [ 139.816666667332925, 35.637096748416241 ] ] ], [ [ [ 139.830099416255166, 35.637210107960186 ], [ 139.829347808754392, 35.63715700029536 ], [ 139.830117197650566, 35.637211721343931 ], [ 139.830099416255166, 35.637210107960186 ] ] ], [ [ [ 139.818256809004652, 35.637249440709184 ], [ 139.817377665047275, 35.637185945874762 ], [ 139.818252139724564, 35.637267640289394 ], [ 139.818256809004652, 35.637249440709184 ] ] ], [ [ [ 139.831104085785, 35.637306224802501 ], [ 139.830334162691543, 35.63725150555257 ], [ 139.831101335658218, 35.637324892030222 ], [ 139.831104085785, 35.637306224802501 ] ] ], [ [ [ 139.863798520585306, 35.637220918710454 ], [ 139.866073528370748, 35.636318838443685 ], [ 139.867417860146247, 35.635307306187258 ], [ 139.867449027051066, 35.634332279211378 ], [ 139.866225745821566, 35.632789000312187 ], [ 139.865827471160969, 35.632714109268761 ], [ 139.867184746878593, 35.634190838336565 ], [ 139.867353216877518, 35.634949027076004 ], [ 139.866796328787586, 35.635070252090486 ], [ 139.864774188777801, 35.636689108215819 ], [ 139.863689610886922, 35.637087170636448 ], [ 139.862881829033199, 35.637173946220685 ], [ 139.863920726760171, 35.636833639161182 ], [ 139.863191479103534, 35.636032973642898 ], [ 139.860592191976139, 35.636718107754518 ], [ 139.858155499576696, 35.634590837896894 ], [ 139.860648340248758, 35.636917467667047 ], [ 139.862125083705678, 35.637328695263136 ], [ 139.863682282311515, 35.637247721205426 ], [ 139.863798520585306, 35.637220918710454 ] ] ], [ [ [ 139.819574501062448, 35.637375665954266 ], [ 139.818474423356065, 35.637290838301624 ], [ 139.819568520570783, 35.637393972553866 ], [ 139.819574501062448, 35.637375665954266 ] ] ], [ [ [ 139.832646939304823, 35.637472999579302 ], [ 139.832752827281183, 35.636570000205381 ], [ 139.832642866275364, 35.637453693832981 ], [ 139.831319727923187, 35.637346613355589 ], [ 139.832646939304823, 35.637472999579302 ] ] ], [ [ [ 139.809451479402355, 35.637509054299471 ], [ 139.80931177691707, 35.638362170977473 ], [ 139.809360636184465, 35.638159999784193 ], [ 139.809451479402355, 35.637509054299471 ] ] ], [ [ [ 139.8195793394151, 35.638933171228928 ], [ 139.819468612186711, 35.6387358383883 ], [ 139.819563410623005, 35.638938107607657 ], [ 139.8195793394151, 35.638933171228928 ] ] ], [ [ [ 139.819068171059257, 35.639158278731657 ], [ 139.819605498894703, 35.638955414161103 ], [ 139.819033721629012, 35.639119224772458 ], [ 139.819068171059257, 35.639158278731657 ] ] ], [ [ [ 139.818451945700758, 35.639556693686529 ], [ 139.818896782760362, 35.639269918771788 ], [ 139.818444227718942, 35.639534612632303 ], [ 139.809891945756704, 35.638719504901303 ], [ 139.809557665953548, 35.63837205362745 ], [ 139.809650895072764, 35.637525305948145 ], [ 139.80952894880204, 35.638378721201093 ], [ 139.809877366847104, 35.638740774766973 ], [ 139.816751725212043, 35.639393440654828 ], [ 139.818451945700758, 35.639556693686529 ] ] ], [ [ [ 139.855604747061534, 35.638563612820519 ], [ 139.858059881858139, 35.638129585611921 ], [ 139.858911440010957, 35.6374860811178 ], [ 139.858977418772952, 35.636563413570741 ], [ 139.857693695907415, 35.635103559381832 ], [ 139.857386641280527, 35.635174279369551 ], [ 139.85860900070486, 35.63635869369881 ], [ 139.857643164800265, 35.63734817098134 ], [ 139.855846199742359, 35.638039972666661 ], [ 139.852462219056179, 35.638539919281925 ], [ 139.849919223193638, 35.638391107563621 ], [ 139.849566743810215, 35.635742837961629 ], [ 139.849770362911954, 35.63920986474352 ], [ 139.850704720746307, 35.640224225367774 ], [ 139.852345279311294, 35.640280306191244 ], [ 139.854834553272099, 35.639286945636059 ], [ 139.855571414589122, 35.63857930599022 ], [ 139.855604747061534, 35.638563612820519 ] ] ], [ [ [ 139.82819194610147, 35.64067927872577 ], [ 139.827421114692697, 35.640621197810106 ], [ 139.828189300296003, 35.640697107785343 ], [ 139.82819194610147, 35.64067927872577 ] ] ], [ [ [ 139.829181802898006, 35.64077258608603 ], [ 139.828409805068532, 35.640716586201563 ], [ 139.829179143602687, 35.640790441225931 ], [ 139.829181802898006, 35.64077258608603 ] ] ], [ [ [ 139.830099169840878, 35.640859694419419 ], [ 139.829395577144282, 35.64081019843195 ], [ 139.830166744000053, 35.640866198316473 ], [ 139.830099169840878, 35.640859694419419 ] ] ], [ [ [ 139.831149947612062, 35.640960135202135 ], [ 139.830380752070141, 35.640903864621691 ], [ 139.831147418718501, 35.640977973254905 ], [ 139.831149947612062, 35.640960135202135 ] ] ], [ [ [ 139.832135811418652, 35.641054892269494 ], [ 139.831369026959123, 35.640997639629404 ], [ 139.83213313863348, 35.641072838240916 ], [ 139.832135811418652, 35.641054892269494 ] ] ], [ [ [ 139.826207886085172, 35.640655559106847 ], [ 139.827203580381024, 35.640584946138404 ], [ 139.826182944287552, 35.640652667786469 ], [ 139.826576641398901, 35.641462107989923 ], [ 139.826207886085172, 35.640655559106847 ] ] ], [ [ [ 139.833014306065479, 35.641139135362835 ], [ 139.832348911173426, 35.641093558620867 ], [ 139.83300138820357, 35.641156000349213 ], [ 139.833202243688675, 35.642011585666182 ], [ 139.833138781229877, 35.641296693887341 ], [ 139.833014306065479, 35.641139135362835 ] ] ], [ [ [ 139.826672528914173, 35.641666531984924 ], [ 139.826960532302792, 35.642351170570123 ], [ 139.827902671970833, 35.64253608107532 ], [ 139.826979079021385, 35.642340000090996 ], [ 139.826672581074831, 35.641666666883225 ], [ 139.826672528914173, 35.641666531984924 ] ] ], [ [ [ 139.828918443631323, 35.642616531727583 ], [ 139.82817341107409, 35.642562774752321 ], [ 139.828915914737763, 35.642634467806488 ], [ 139.828918443631323, 35.642616531727583 ] ] ], [ [ [ 139.829880025742682, 35.642708694250871 ], [ 139.829134227862369, 35.642654865329803 ], [ 139.829877367346739, 35.642726640222293 ], [ 139.829880025742682, 35.642708694250871 ] ] ], [ [ [ 139.830892387174003, 35.642804972971192 ], [ 139.830148029108273, 35.64275286535252 ], [ 139.830889857381067, 35.642822918942613 ], [ 139.830892387174003, 35.642804972971192 ] ] ], [ [ [ 139.824808755020058, 35.639673773725747 ], [ 139.832953798778817, 35.640359387176034 ], [ 139.832768495269875, 35.638205440728541 ], [ 139.825123969195943, 35.637464054022928 ], [ 139.825557081793932, 35.634258333355433 ], [ 139.825498444197933, 35.634477801209584 ], [ 139.82115836636558, 35.634060945656188 ], [ 139.820440467253775, 35.639057559159085 ], [ 139.820099274362065, 35.639048252075213 ], [ 139.820438248626374, 35.63908027873191 ], [ 139.822955498697411, 35.641683252180371 ], [ 139.822864112289039, 35.642322584719579 ], [ 139.826128559585413, 35.642830305973916 ], [ 139.824945746049366, 35.639973134652507 ], [ 139.824808755020058, 35.639673773725747 ] ] ], [ [ [ 139.831851193078137, 35.642897468243632 ], [ 139.831107392592116, 35.642844026930334 ], [ 139.831848664184577, 35.642915333276051 ], [ 139.831851193078137, 35.642897468243632 ] ] ], [ [ [ 139.833107418272789, 35.643036802006861 ], [ 139.833217392768574, 35.642214747912362 ], [ 139.833099804612402, 35.643017972901191 ], [ 139.83208169921113, 35.642939468381826 ], [ 139.833107418272789, 35.643036802006861 ] ] ], [ [ [ 139.782467755782363, 35.639003053947818 ], [ 139.782267445286379, 35.639381109150918 ], [ 139.789841388069703, 35.643499108397179 ], [ 139.790212361111685, 35.643395585637791 ], [ 139.78251985710574, 35.639013891677791 ], [ 139.782467755782363, 35.639003053947818 ] ] ], [ [ [ 139.796673216595764, 35.646701359480232 ], [ 139.791250777701293, 35.643728377962304 ], [ 139.790858222728843, 35.643843802349636 ], [ 139.79645983085652, 35.647075197762206 ], [ 139.796838171144714, 35.647071774942503 ], [ 139.796769495315971, 35.646749802361569 ], [ 139.796673216595764, 35.646701359480232 ] ] ], [ [ [ 139.019116808893727, 35.898263720594286 ], [ 139.020891802614642, 35.897157891723396 ], [ 139.024007394125988, 35.8972937208286 ], [ 139.025445965858694, 35.89552817088844 ], [ 139.029329583793356, 35.892908468251278 ], [ 139.037415446765522, 35.889217360093141 ], [ 139.039315966059007, 35.887016252298281 ], [ 139.040348754691308, 35.886307360796138 ], [ 139.042870972617379, 35.885601251796402 ], [ 139.044437639285661, 35.883823468378409 ], [ 139.045752918462426, 35.883433468379906 ], [ 139.047293747608478, 35.881496531939433 ], [ 139.048326523650189, 35.881208747985397 ], [ 139.049842088141872, 35.878832918104763 ], [ 139.051167640274457, 35.878247667196149 ], [ 139.055390143440377, 35.877476837586016 ], [ 139.05796902674922, 35.877440999602527 ], [ 139.059314863989812, 35.874898224973151 ], [ 139.061631802665602, 35.873629332827477 ], [ 139.065057912093039, 35.872727667148183 ], [ 139.066203774284872, 35.872804891932276 ], [ 139.070071828552159, 35.871577134776999 ], [ 139.072239610169959, 35.87159519766027 ], [ 139.075136861576993, 35.874292134974098 ], [ 139.076112697942676, 35.874829080597635 ], [ 139.077761854925711, 35.875340197692026 ], [ 139.079970776929827, 35.8753199188792 ], [ 139.08253938998098, 35.874872999889078 ], [ 139.083992995680319, 35.873429667145501 ], [ 139.085878560147535, 35.872805775066524 ], [ 139.089227716386063, 35.871033559351361 ], [ 139.091656718682657, 35.869033945560204 ], [ 139.094495551028899, 35.869506170573345 ], [ 139.099091361876958, 35.86867441369327 ], [ 139.101372438287513, 35.865690531492874 ], [ 139.102677470588901, 35.866579135418817 ], [ 139.105348859062701, 35.866297197957351 ], [ 139.106982191574957, 35.865753028079837 ], [ 139.109668858631039, 35.865707225608048 ], [ 139.111734163401024, 35.864680278971775 ], [ 139.114446393686194, 35.865368891661092 ], [ 139.115771673324161, 35.864465000159669 ], [ 139.117353605984249, 35.864588612874229 ], [ 139.119269753696244, 35.864291108148166 ], [ 139.121822802180645, 35.864929197824267 ], [ 139.126083942919649, 35.865036693788454 ], [ 139.127415330753024, 35.865638081232532 ], [ 139.129196718653702, 35.865560865441637 ], [ 139.131237561864054, 35.864468360026819 ], [ 139.131887833756537, 35.864429225128674 ], [ 139.135360635984625, 35.865387000409783 ], [ 139.141759804271601, 35.863263108405761 ], [ 139.143073695794442, 35.863388107874925 ], [ 139.144360947599694, 35.862857306419585 ], [ 139.147543165384832, 35.862710638685087 ], [ 139.153299000948209, 35.859324801798209 ], [ 139.159400660911842, 35.857065108567951 ], [ 139.160002335239597, 35.855639837808326 ], [ 139.161143994000213, 35.854428720808869 ], [ 139.162153994711161, 35.852107891665923 ], [ 139.163247055906936, 35.850970387773202 ], [ 139.166166783170524, 35.849967613114927 ], [ 139.16909316541728, 35.849984559040195 ], [ 139.171112891646658, 35.848610386859946 ], [ 139.173209000894758, 35.848650135095738 ], [ 139.174357613213374, 35.8483120808379 ], [ 139.175443721750412, 35.847202080911359 ], [ 139.177532891829514, 35.846498197733695 ], [ 139.180258715367472, 35.844892639883483 ], [ 139.181072892300222, 35.844765134903128 ], [ 139.181831218635921, 35.843787080809193 ], [ 139.183628172002614, 35.843574586298189 ], [ 139.184158171262652, 35.842791531304158 ], [ 139.186762049429149, 35.842915694403814 ], [ 139.187477613001533, 35.842228748158277 ], [ 139.188839273813528, 35.841868198258794 ], [ 139.189277055691605, 35.841370972992081 ], [ 139.192441503772443, 35.840271531106339 ], [ 139.195809559263807, 35.840046000022937 ], [ 139.196815110129251, 35.840248225175515 ], [ 139.198245965678893, 35.841102108075859 ], [ 139.203137911585372, 35.841199054093124 ], [ 139.203697367239783, 35.841490721319758 ], [ 139.204802385821495, 35.843027945982953 ], [ 139.204942671067442, 35.844663224628164 ], [ 139.206326278035363, 35.845907387216187 ], [ 139.207605720127958, 35.846436837889826 ], [ 139.209868222840328, 35.84618322457618 ], [ 139.212649362777938, 35.846611278487785 ], [ 139.212877690752862, 35.845895721210638 ], [ 139.21368654999435, 35.84553127904536 ], [ 139.21492158176568, 35.84577961333855 ], [ 139.215838494550894, 35.844307108386374 ], [ 139.217547108412418, 35.843530999755899 ], [ 139.218218780572329, 35.842744612773686 ], [ 139.219332671865345, 35.84252099994427 ], [ 139.220180441174534, 35.841295170935439 ], [ 139.221981555704247, 35.840696279110034 ], [ 139.224547108362458, 35.840499054188058 ], [ 139.227654331682174, 35.839124613110471 ], [ 139.228039882734492, 35.838328775152888 ], [ 139.230048222647383, 35.836905170837042 ], [ 139.231272387011131, 35.836640441003624 ], [ 139.232810725934314, 35.836747386582658 ], [ 139.234231829235569, 35.838132666289596 ], [ 139.234897664795426, 35.837868504827668 ], [ 139.235360999110867, 35.838048774831123 ], [ 139.237023502932402, 35.840153225291147 ], [ 139.239037691136559, 35.840524891710459 ], [ 139.241234358079282, 35.840037666904834 ], [ 139.241711557242638, 35.838195440767038 ], [ 139.242779882585523, 35.836600440957625 ], [ 139.24681016915406, 35.836892947251783 ], [ 139.24837961113019, 35.837574892367456 ], [ 139.251134357764499, 35.83755571972074 ], [ 139.252255473311493, 35.838249053850802 ], [ 139.256416303669539, 35.837769332988387 ], [ 139.256694642943444, 35.837065440817469 ], [ 139.258804643119902, 35.837271558235898 ], [ 139.258885188200907, 35.836389333201225 ], [ 139.260426304230577, 35.835991558563649 ], [ 139.263115188115535, 35.837310721013012 ], [ 139.265548249052472, 35.837514332920193 ], [ 139.266639921695059, 35.838208775015005 ], [ 139.268240467623514, 35.838241838590022 ], [ 139.271522438210013, 35.839681838446154 ], [ 139.276297716866225, 35.839395999725639 ], [ 139.278408559707373, 35.839599892221315 ], [ 139.279920220242047, 35.839246000002959 ], [ 139.280264942073472, 35.840686559237383 ], [ 139.281169390255172, 35.840355440551207 ], [ 139.28167910530658, 35.839763504981818 ], [ 139.282884384806607, 35.837168504922602 ], [ 139.284940505699865, 35.836007667220144 ], [ 139.286563838650295, 35.837071279216218 ], [ 139.290910505815305, 35.837957107834313 ], [ 139.292403280586996, 35.837002385751532 ], [ 139.295604384135117, 35.833845441613903 ], [ 139.295961335846982, 35.834029333187232 ], [ 139.29661549910611, 35.835446278922689 ], [ 139.297924111608495, 35.835403775164139 ], [ 139.299745498655852, 35.834779053910268 ], [ 139.300049661962362, 35.835156558728272 ], [ 139.301168558881955, 35.834959892285269 ], [ 139.302077172723443, 35.834129053612969 ], [ 139.301387173279522, 35.833940170802293 ], [ 139.301231050072943, 35.832765170576238 ], [ 139.301756328791612, 35.831087387273158 ], [ 139.301172970056541, 35.829692946172599 ], [ 139.302052970168461, 35.828555170684638 ], [ 139.302052970168461, 35.827228224602948 ], [ 139.302691310755449, 35.826013774715989 ], [ 139.302439882794374, 35.824205999807077 ], [ 139.303618494697844, 35.824308775229838 ], [ 139.304864616908617, 35.823868225238471 ], [ 139.304766550336126, 35.822397667318569 ], [ 139.312142140447463, 35.825447108297453 ], [ 139.314921581565841, 35.82524489123881 ], [ 139.315241856226748, 35.824986559182435 ], [ 139.315246030879734, 35.824404053904004 ], [ 139.316159080177499, 35.823667668328255 ], [ 139.315949922151276, 35.822457947076657 ], [ 139.316500998822107, 35.820900171106075 ], [ 139.316496834961072, 35.819359054177085 ], [ 139.315049857265194, 35.816890720930076 ], [ 139.31502486420618, 35.814269054173565 ], [ 139.316752087738678, 35.812688775366723 ], [ 139.316789001311463, 35.811470170611926 ], [ 139.318018716290794, 35.8104198919645 ], [ 139.319091478888708, 35.806978774650759 ], [ 139.319711751196451, 35.806305999922017 ], [ 139.320768663243257, 35.803437694094384 ], [ 139.322619494094397, 35.800268801564016 ], [ 139.322253916984778, 35.799497134685055 ], [ 139.325167223988274, 35.795586305963297 ], [ 139.325729442359943, 35.795211865135514 ], [ 139.330360271909058, 35.794338531697917 ], [ 139.33036583691387, 35.793616865326101 ], [ 139.332783307203954, 35.791890197574617 ], [ 139.334879441633007, 35.793698801658422 ], [ 139.336665550974431, 35.793770467732941 ], [ 139.338499468275927, 35.794594081251887 ], [ 139.342879727817262, 35.794026305969282 ], [ 139.343359467565392, 35.794191586072884 ], [ 139.343351139843321, 35.794699080698081 ], [ 139.346858663096896, 35.796413252369746 ], [ 139.347608948594143, 35.796024360335991 ], [ 139.347868080147805, 35.795246026782763 ], [ 139.349708638043239, 35.794906864560176 ], [ 139.35026472123991, 35.793405747677184 ], [ 139.350657782530675, 35.793274918802524 ], [ 139.352712529259861, 35.793496865188217 ], [ 139.353486666576487, 35.792874081074046 ], [ 139.353550310698324, 35.793270747746874 ], [ 139.354004747121394, 35.793206585615508 ], [ 139.354917808110372, 35.793718252195617 ], [ 139.355223358171543, 35.793440467803407 ], [ 139.356654747918355, 35.793477135861167 ], [ 139.358574747426701, 35.792976306111711 ], [ 139.358893333160836, 35.79193102679551 ], [ 139.359842217744244, 35.79162158626724 ], [ 139.362730272683962, 35.791906864710086 ], [ 139.367273332898094, 35.791783802380621 ], [ 139.367504448771342, 35.791448251835391 ], [ 139.369920558387093, 35.791727413989008 ], [ 139.370258054165902, 35.790902973093807 ], [ 139.368714422732523, 35.790288801786801 ], [ 139.369868832980274, 35.7876074416302 ], [ 139.367827133615378, 35.78704105400152 ], [ 139.368153773677818, 35.786058279366159 ], [ 139.367193774373277, 35.785601892313537 ], [ 139.367672087796677, 35.784157467792966 ], [ 139.369421244894625, 35.783255251728519 ], [ 139.369895136351488, 35.78261469431277 ], [ 139.369910699119487, 35.781541640334467 ], [ 139.371448754756329, 35.781601359814942 ], [ 139.371729026673279, 35.780393027116588 ], [ 139.373008469665251, 35.779715531846364 ], [ 139.371460660880871, 35.778811360655823 ], [ 139.370442335145754, 35.778767748932523 ], [ 139.37026788555454, 35.778288026271468 ], [ 139.371039001149029, 35.778205802156094 ], [ 139.375520999194805, 35.780458559814747 ], [ 139.377564616813629, 35.779961332749338 ], [ 139.379934059709171, 35.778906919019164 ], [ 139.380190998715648, 35.778174693707228 ], [ 139.379880700234139, 35.777006639844615 ], [ 139.381336004752825, 35.777295252074282 ], [ 139.381544331805571, 35.77702802662219 ], [ 139.381479300029696, 35.774270802355716 ], [ 139.380341218772287, 35.773305252435478 ], [ 139.380014552629518, 35.77198774833596 ], [ 139.379185109705077, 35.77144246779568 ], [ 139.378954527129736, 35.770889134725849 ], [ 139.379693411022117, 35.767208586407207 ], [ 139.380110636196946, 35.766514135319142 ], [ 139.381303695709107, 35.765840532314769 ], [ 139.382074253723886, 35.765984973327932 ], [ 139.385068974553633, 35.765228585930572 ], [ 139.389601504605821, 35.767135801576046 ], [ 139.391661219189928, 35.767408585737712 ], [ 139.391816497933064, 35.766831360379058 ], [ 139.390458144827562, 35.763995531768444 ], [ 139.391014811684272, 35.763503865211248 ], [ 139.392152049377614, 35.763285251713057 ], [ 139.39591121912747, 35.76424441374877 ], [ 139.398241803216706, 35.764298026832535 ], [ 139.39883041489179, 35.76496608101985 ], [ 139.39898014301923, 35.765899134837241 ], [ 139.399987366623691, 35.766768027422586 ], [ 139.400474332424551, 35.768034414057013 ], [ 139.401506835971759, 35.768553027000621 ], [ 139.403097950709935, 35.768432748072939 ], [ 139.404590441295909, 35.76914358570798 ], [ 139.407344357855891, 35.768465531958782 ], [ 139.409509079080749, 35.768689413685536 ], [ 139.411983527717666, 35.76794025234085 ], [ 139.412861025016355, 35.768089973273675 ], [ 139.413682696899059, 35.767167197807964 ], [ 139.415442698022161, 35.766926918742342 ], [ 139.416031309697246, 35.766231919067877 ], [ 139.41956075212704, 35.76590497323599 ], [ 139.4204952268733, 35.766226080669128 ], [ 139.422212438253496, 35.767803026588467 ], [ 139.423352166169593, 35.767193585715461 ], [ 139.424949663396319, 35.767260251559435 ], [ 139.427622996204377, 35.766445802132125 ], [ 139.429169416435457, 35.766974973116589 ], [ 139.431805252910181, 35.766354693614289 ], [ 139.43251136190986, 35.766504413647851 ], [ 139.433220246217502, 35.767345531571095 ], [ 139.436408859980929, 35.767206359685815 ], [ 139.438269728165437, 35.767955531822395 ], [ 139.438479727957088, 35.768541081305898 ], [ 139.437955279312746, 35.769075532210081 ], [ 139.438655836797466, 35.769588586444172 ], [ 139.439629727929628, 35.769161081119023 ], [ 139.440000271995018, 35.767607468110214 ], [ 139.440883333399142, 35.766928586085442 ], [ 139.444968340116816, 35.766659972979426 ], [ 139.446502528668816, 35.768089135105527 ], [ 139.449977250050097, 35.76872746759858 ], [ 139.451020310738841, 35.769326080634187 ], [ 139.453191971132583, 35.768504135357603 ], [ 139.453796693262802, 35.769353865188805 ], [ 139.455043113149259, 35.769599693970747 ], [ 139.456753112865954, 35.769698026742617 ], [ 139.458058391581517, 35.769308026744113 ], [ 139.458662826828004, 35.769863865325192 ], [ 139.459195914360066, 35.772156640116918 ], [ 139.459639805332813, 35.772504134558233 ], [ 139.46079036288495, 35.772573585602572 ], [ 139.461338417833758, 35.77343494636574 ], [ 139.462504527362057, 35.77345661193317 ], [ 139.46332313885182, 35.772879386574459 ], [ 139.464669273767981, 35.773718838053981 ], [ 139.469846498117477, 35.774206613244644 ], [ 139.471155109720598, 35.773403837916817 ], [ 139.472258716366696, 35.774326332794089 ], [ 139.474072632745902, 35.774657721276867 ], [ 139.473970973381824, 35.775683837838869 ], [ 139.474510973102952, 35.775341613424757 ], [ 139.476714034225324, 35.775331891753467 ], [ 139.476944305635243, 35.775743558218664 ], [ 139.476311530053181, 35.776349387414371 ], [ 139.475637081686045, 35.776167720763738 ], [ 139.475348196961818, 35.776846613580403 ], [ 139.476412917822017, 35.777274108113659 ], [ 139.476928495553693, 35.777886891766684 ], [ 139.478420998730144, 35.778357170646984 ], [ 139.479403216685114, 35.779413838078199 ], [ 139.479499338923461, 35.779937441359891 ], [ 139.482230751747807, 35.780657441287929 ], [ 139.482519637371411, 35.781089945044982 ], [ 139.482771024862927, 35.78068938700568 ], [ 139.485487690604486, 35.780705224966198 ], [ 139.488578807066347, 35.77938772086668 ], [ 139.489697133815753, 35.78007689203497 ], [ 139.489611582208795, 35.779606891944582 ], [ 139.488958806603705, 35.779467720958621 ], [ 139.48957936399654, 35.779147171105137 ], [ 139.490082412373454, 35.77936077537953 ], [ 139.48973992176002, 35.780456333093355 ], [ 139.490071581838151, 35.780825225104081 ], [ 139.490809662635911, 35.780606054026237 ], [ 139.491055745926019, 35.780007720679805 ], [ 139.491473256185941, 35.780296054119674 ], [ 139.493751050970332, 35.779580504936405 ], [ 139.493419389992937, 35.7804571352886 ], [ 139.493494111963741, 35.781700198005808 ], [ 139.495762437786311, 35.781668252288057 ], [ 139.496054112207617, 35.781436026651363 ], [ 139.49635383915836, 35.779221027028825 ], [ 139.49692272420441, 35.778726333353632 ], [ 139.498031335577707, 35.781207694179784 ], [ 139.498549104957306, 35.781327694317667 ], [ 139.499380531786187, 35.782172694614189 ], [ 139.500387197811051, 35.782157972712298 ], [ 139.504500246289354, 35.783148801675907 ], [ 139.505098585931023, 35.782842972824994 ], [ 139.506703022326633, 35.78277019788635 ], [ 139.507767781857751, 35.783542414251087 ], [ 139.508462502742418, 35.784658532265496 ], [ 139.512561413878188, 35.785357972792269 ], [ 139.513145031618023, 35.786013801595743 ], [ 139.513538637897909, 35.787704080978585 ], [ 139.514039753631778, 35.788500721131413 ], [ 139.516840336912082, 35.788952667331785 ], [ 139.520282825691879, 35.788369612567635 ], [ 139.521175615961965, 35.788457945777623 ], [ 139.522558391956295, 35.789229612656527 ], [ 139.523720921283598, 35.790326000444622 ], [ 139.523020920479212, 35.791214613363763 ], [ 139.523108418218953, 35.791709891598259 ], [ 139.52551508405395, 35.791884891574512 ], [ 139.525938144929455, 35.792511558961337 ], [ 139.527688444166415, 35.792904891847343 ], [ 139.529263721843336, 35.794128775622539 ], [ 139.531766808491511, 35.796835171106295 ], [ 139.534088494688376, 35.800606532065842 ], [ 139.536859921947894, 35.803943467417128 ], [ 139.541695226753404, 35.807306802367066 ], [ 139.544291894155663, 35.806636251661757 ], [ 139.545258831729711, 35.804576251992501 ], [ 139.546673554341169, 35.803687639972679 ], [ 139.547199364559106, 35.802658197717676 ], [ 139.546222412134625, 35.799234027228636 ], [ 139.545019882761494, 35.79769069437009 ], [ 139.544786277564754, 35.796758199031729 ], [ 139.540235422027195, 35.794047946355704 ], [ 139.538659831386212, 35.792211838305718 ], [ 139.537330947265446, 35.791501837939506 ], [ 139.53757900097014, 35.790758774897597 ], [ 139.540773450434472, 35.789855440076565 ], [ 139.540744280024569, 35.789491279399101 ], [ 139.541269273658145, 35.789578504644339 ], [ 139.541400660112458, 35.789228775387699 ], [ 139.54379289092924, 35.788194332902208 ], [ 139.543738689688894, 35.782078225329883 ], [ 139.542978947820302, 35.779807413781157 ], [ 139.539769753971086, 35.778335468207331 ], [ 139.53987197091476, 35.777781865340842 ], [ 139.537493917010693, 35.776878532318449 ], [ 139.53682919571088, 35.776110747812822 ], [ 139.536202245037657, 35.775964919145736 ], [ 139.536479194858998, 35.775629918985601 ], [ 139.535954162554617, 35.775178251575085 ], [ 139.53337221795357, 35.773779359729701 ], [ 139.530746667025142, 35.773225747870015 ], [ 139.528081361565683, 35.773437414105445 ], [ 139.528446083420022, 35.773043801530264 ], [ 139.526345525225906, 35.771615748268232 ], [ 139.525951633860927, 35.772140467608551 ], [ 139.522815811200758, 35.771892693592974 ], [ 139.520554384077627, 35.770027720902647 ], [ 139.516374916169525, 35.765573278983709 ], [ 139.517702412636254, 35.765864946210343 ], [ 139.521378274587732, 35.767569945696494 ], [ 139.527049105332026, 35.768261613382776 ], [ 139.527268003016047, 35.76780994597226 ], [ 139.530301893817409, 35.768349107525353 ], [ 139.532786083011388, 35.769443532093362 ], [ 139.536607755643445, 35.770259639870517 ], [ 139.541667222764204, 35.771999080693092 ], [ 139.544073916478169, 35.773310467604063 ], [ 139.547662528902606, 35.774228251832426 ], [ 139.547648080394652, 35.771081026668071 ], [ 139.546947782813959, 35.769551027158229 ], [ 139.547023333060451, 35.768007973089539 ], [ 139.547636083438533, 35.766172134836211 ], [ 139.547125524823173, 35.764904080858685 ], [ 139.547139974230504, 35.762750774728545 ], [ 139.546688028929452, 35.762692441103354 ], [ 139.546979662881199, 35.760302721193682 ], [ 139.545827172685904, 35.758073279358427 ], [ 139.545123528727913, 35.757581891591087 ], [ 139.544350467000527, 35.755483277731116 ], [ 139.544831855205985, 35.75461661276654 ], [ 139.546779078991335, 35.755089107576282 ], [ 139.547172970356314, 35.754112720825447 ], [ 139.546924915752356, 35.753500775340569 ], [ 139.547158249353743, 35.753384108090188 ], [ 139.550061025296145, 35.754375224836792 ], [ 139.550002697966192, 35.755264108451911 ], [ 139.551505188113993, 35.755249387449339 ], [ 139.552044942320322, 35.755963558871201 ], [ 139.553561893566552, 35.755584667298592 ], [ 139.555246329154784, 35.755736053775934 ], [ 139.555392165915805, 35.757746613215659 ], [ 139.555771336278212, 35.757746613215659 ], [ 139.556150531821686, 35.758883278940232 ], [ 139.557200804173817, 35.758999947089933 ], [ 139.557784422812915, 35.759583000954763 ], [ 139.55986997312084, 35.759204107583571 ], [ 139.561834423420009, 35.759603000078471 ], [ 139.561805253010107, 35.761074387173267 ], [ 139.562678885921969, 35.761387441177533 ], [ 139.563584720858216, 35.762837694204279 ], [ 139.564737223643988, 35.762823251991563 ], [ 139.565028885474703, 35.761963559470757 ], [ 139.565612218129445, 35.761876054536344 ], [ 139.566779170322548, 35.761963558571438 ], [ 139.566793891325119, 35.762823251991563 ], [ 139.567669169996293, 35.763041864590434 ], [ 139.568369169901302, 35.762823251991563 ], [ 139.568238054142967, 35.763508252104202 ], [ 139.569310583816446, 35.763634080748261 ], [ 139.569733606021146, 35.763007414260812 ], [ 139.571075577076272, 35.763342694110122 ], [ 139.570871970565008, 35.764164640285969 ], [ 139.570215031998146, 35.764683252330258 ], [ 139.570040024827335, 35.765586587151347 ], [ 139.570346420251212, 35.765732414019737 ], [ 139.570711141206289, 35.765397135069804 ], [ 139.5724319714584, 35.765819918954151 ], [ 139.572388366030282, 35.766446026063306 ], [ 139.57459089475401, 35.766227972842728 ], [ 139.574336719364169, 35.768191027394039 ], [ 139.57688949445469, 35.768074360143657 ], [ 139.577385331168216, 35.769138250929586 ], [ 139.578070636150983, 35.769473251989041 ], [ 139.578165083851559, 35.770851305643305 ], [ 139.580682022757173, 35.771090748339418 ], [ 139.580652865837123, 35.771789919069533 ], [ 139.580900921340458, 35.771789919069533 ], [ 139.581002580704649, 35.771119918749321 ], [ 139.582242581230162, 35.771207135900681 ], [ 139.581863450437936, 35.772445747873007 ], [ 139.583774279559407, 35.772853801761585 ], [ 139.583605668366999, 35.773637134646094 ], [ 139.583999558832602, 35.773899359867642 ], [ 139.583984863910359, 35.774831838118871 ], [ 139.586683475761902, 35.775283775326045 ], [ 139.587937638811013, 35.776813505039286 ], [ 139.588760998721227, 35.778528504986582 ], [ 139.593414060410623, 35.777188224656868 ], [ 139.593822386793818, 35.777421278569193 ], [ 139.594143528401219, 35.778703505862154 ], [ 139.597200752113054, 35.778366000190829 ], [ 139.596938495415316, 35.776412107932515 ], [ 139.604383800072355, 35.775017387142782 ], [ 139.604471310402687, 35.774652945876824 ], [ 139.603975160725099, 35.774215720679024 ], [ 139.602677108062153, 35.774361559238628 ], [ 139.598440142898312, 35.772141586365194 ], [ 139.597390143040684, 35.770976027221934 ], [ 139.598352917653074, 35.770174359858856 ], [ 139.597681803072874, 35.769926864633135 ], [ 139.5982070557111, 35.769140197961804 ], [ 139.59864428000958, 35.76909630565001 ], [ 139.602860142581562, 35.770961586807857 ], [ 139.604289300211121, 35.769970747951731 ], [ 139.606356835299721, 35.770949640213757 ], [ 139.607144577560234, 35.769376027181977 ], [ 139.608749027445697, 35.768837135425485 ], [ 139.609901283817294, 35.770323251616844 ], [ 139.61127238751078, 35.771066559274345 ], [ 139.611432944374997, 35.770337693829561 ], [ 139.611739338899383, 35.770192134959132 ], [ 139.611316277124502, 35.769711585821085 ], [ 139.611710170288234, 35.769376305971775 ], [ 139.612483216727128, 35.770425171784325 ], [ 139.615424357747997, 35.770873505408019 ], [ 139.617232969925681, 35.770348224890711 ], [ 139.61681766480342, 35.768436586379437 ], [ 139.617583217191736, 35.767726027534195 ], [ 139.617729053053381, 35.766647972426028 ], [ 139.622992114094814, 35.766871864944676 ], [ 139.624083281318462, 35.771253225256203 ], [ 139.625024695233606, 35.772514054080375 ], [ 139.625263021870978, 35.772276000836825 ], [ 139.62560163370847, 35.773015441409541 ], [ 139.625263021870978, 35.773692108404134 ], [ 139.624209415732025, 35.774330720586363 ], [ 139.624576108900328, 35.777132107860552 ], [ 139.624438053973108, 35.778184586249722 ], [ 139.624726419788544, 35.77872346811364 ], [ 139.6245266929526, 35.780811252337458 ], [ 139.625818391905341, 35.782039306269041 ], [ 139.627172581149807, 35.782565414162605 ], [ 139.627737029840091, 35.783129027382756 ], [ 139.627874812272808, 35.78465764013805 ], [ 139.629066497620784, 35.785737919269593 ], [ 139.630345668118139, 35.785362080895368 ], [ 139.631692360614011, 35.786335945947201 ], [ 139.632130972566415, 35.787438171234669 ], [ 139.631567082354991, 35.788202612960276 ], [ 139.632294061022208, 35.78895427891689 ], [ 139.63371683526384, 35.789495945981173 ], [ 139.634231025341592, 35.790335386668801 ], [ 139.634857976914191, 35.79057344081167 ], [ 139.636111854878209, 35.790448170646584 ], [ 139.63791771692911, 35.791200108198495 ], [ 139.63765438374287, 35.791545946088604 ], [ 139.639410220105674, 35.792848721091673 ], [ 139.640568340056916, 35.797692028064716 ], [ 139.641396109343077, 35.798068135336223 ], [ 139.643690855448654, 35.798218413848758 ], [ 139.647872282979506, 35.797473413667149 ], [ 139.653362308623741, 35.800225919190893 ], [ 139.657776523867597, 35.800501747557632 ], [ 139.667371283757802, 35.80045453225091 ], [ 139.6710582487392, 35.800003694015345 ], [ 139.673834642954489, 35.799169802144718 ], [ 139.678381894009249, 35.798822585593882 ], [ 139.681893280750387, 35.799298694778997 ], [ 139.687832477287088, 35.800840918773417 ], [ 139.692604968044861, 35.800515107885985 ], [ 139.696166356192407, 35.799287332744257 ], [ 139.705258029034894, 35.793407890761614 ], [ 139.707302191642839, 35.792530945646661 ], [ 139.709754967517824, 35.791953999977181 ], [ 139.718316082621186, 35.79187902709549 ], [ 139.72073635519871, 35.791427919063267 ], [ 139.722241089154977, 35.790726532403596 ], [ 139.723145498665872, 35.788389027131927 ], [ 139.723722166444873, 35.787600134638581 ], [ 139.724462166395938, 35.78727430576464 ], [ 139.726588832808488, 35.787491251919789 ], [ 139.733871633569152, 35.790047081107957 ], [ 139.735326355327061, 35.789570972822162 ], [ 139.738536913447888, 35.787403747884696 ], [ 139.737832970015575, 35.78052791912819 ], [ 139.738049078901895, 35.780220693630156 ], [ 139.742618275213317, 35.781696251780659 ], [ 139.745819662947156, 35.783282918471969 ], [ 139.746590246143001, 35.784932640229215 ], [ 139.746768301116276, 35.786849865329089 ], [ 139.748855811046951, 35.78599958601211 ], [ 139.750033306891623, 35.785936531845493 ], [ 139.751220804096874, 35.786430134643069 ], [ 139.751420532731458, 35.786115135405225 ], [ 139.753071116039223, 35.786377640315891 ], [ 139.753781387101412, 35.786948198100902 ], [ 139.755000830024301, 35.786895693881206 ], [ 139.755400272004977, 35.787189586030649 ], [ 139.75531610895132, 35.78758874832215 ], [ 139.75626221822688, 35.788639305759432 ], [ 139.755596134454095, 35.790029027217884 ], [ 139.759969780381084, 35.794337638671152 ], [ 139.760769248002475, 35.797410414359206 ], [ 139.759812580686116, 35.798933197708948 ], [ 139.756276471581941, 35.801745134930059 ], [ 139.755099000918221, 35.803372918625371 ], [ 139.750655668324498, 35.806668747764547 ], [ 139.750497885868754, 35.807519585560499 ], [ 139.750928716886847, 35.807887080924104 ], [ 139.750298196804351, 35.808622080644568 ], [ 139.75083403356382, 35.808905694442274 ], [ 139.750445136134203, 35.809294585576708 ], [ 139.750804578068937, 35.809593198267521 ], [ 139.750773190830159, 35.810170694322153 ], [ 139.751908469800128, 35.810937639760311 ], [ 139.752475966292877, 35.810570135403452 ], [ 139.753012088137439, 35.810937639760311 ], [ 139.753842632731335, 35.810465135057996 ], [ 139.754462633443836, 35.810874865282869 ], [ 139.754778196556572, 35.810570414193307 ], [ 139.755201244841601, 35.810731532234456 ], [ 139.755610725954284, 35.812710413055186 ], [ 139.757587950223751, 35.811972612845864 ], [ 139.7612743324446, 35.812888171252155 ], [ 139.765783800282179, 35.815744838053888 ], [ 139.765146589243727, 35.81643510819373 ], [ 139.76621883293285, 35.817474837793554 ], [ 139.76810050693291, 35.817705945572982 ], [ 139.771306615208232, 35.817202053631945 ], [ 139.777150194925639, 35.811018441148178 ], [ 139.778505745743587, 35.808944000165525 ], [ 139.781137108091116, 35.807229838386377 ], [ 139.78723046731227, 35.806878440887374 ], [ 139.791779079041362, 35.805417027274018 ], [ 139.794001310112435, 35.805198413775827 ], [ 139.798841025193269, 35.806193973173379 ], [ 139.802303839550632, 35.808553135019224 ], [ 139.804711050374749, 35.80879480173877 ], [ 139.812393864185537, 35.80825786510843 ], [ 139.814696082758132, 35.808709224950803 ], [ 139.817929728274407, 35.810424775283195 ], [ 139.818127782371334, 35.81141838764853 ], [ 139.818603604672717, 35.811766721157312 ], [ 139.818607782023605, 35.8110619998115 ], [ 139.819653644999789, 35.811779775716104 ], [ 139.820526108792933, 35.811233387211075 ], [ 139.821098080312254, 35.811438386772181 ], [ 139.820109754161876, 35.812803667355411 ], [ 139.821055616123886, 35.81507699970382 ], [ 139.823686446072657, 35.813878946256409 ], [ 139.824928910740709, 35.811464774679678 ], [ 139.824645031642945, 35.810645891594675 ], [ 139.822921114917563, 35.809406722042638 ], [ 139.82075191956551, 35.80553533308921 ], [ 139.820224384447897, 35.802597837919961 ], [ 139.820319104642977, 35.80102258632337 ], [ 139.819645187775222, 35.799587306109345 ], [ 139.819676860998356, 35.798978135032939 ], [ 139.821214358156112, 35.7967525863628 ], [ 139.82277044070338, 35.795460918886363 ], [ 139.82444182892732, 35.79494619820855 ], [ 139.825072671866337, 35.793938135536564 ], [ 139.826050169279938, 35.793360359792814 ], [ 139.830852412309014, 35.79462922495884 ], [ 139.832765498728804, 35.795679505404905 ], [ 139.836904137416127, 35.800459774399144 ], [ 139.838007755753438, 35.800806440564827 ], [ 139.843386666561514, 35.799798081116592 ], [ 139.845856912666477, 35.797540027350408 ], [ 139.847207197054558, 35.795830586112686 ], [ 139.848521361971393, 35.795284468303635 ], [ 139.853562750020956, 35.791558080640982 ], [ 139.855286913160626, 35.790854468159239 ], [ 139.856485252592392, 35.790959467605376 ], [ 139.857368301406041, 35.79176836012175 ], [ 139.858991115447679, 35.794850027406881 ], [ 139.859537781843187, 35.79522835960114 ], [ 139.863848611923913, 35.794827774582188 ], [ 139.868723086701152, 35.797006386735404 ], [ 139.87135700402257, 35.79734638712614 ], [ 139.873391167068803, 35.797170279185082 ], [ 139.874313384954803, 35.79685917131377 ], [ 139.875690336939556, 35.795531108274076 ], [ 139.876264501005949, 35.794793612934939 ], [ 139.876576692560434, 35.793195837817734 ], [ 139.87595863798083, 35.792186668080319 ], [ 139.873258339900531, 35.790395000029264 ], [ 139.871554694793417, 35.787978892212152 ], [ 139.871193865204759, 35.786634467806493 ], [ 139.871758301304681, 35.784750585970812 ], [ 139.872035252924661, 35.78503946799708 ], [ 139.873361607252491, 35.78292474727931 ], [ 139.874542437783361, 35.781775865164093 ], [ 139.877249389947451, 35.781166107729746 ], [ 139.883116639821083, 35.782568613051126 ], [ 139.887239728330883, 35.784019170948056 ], [ 139.893778054114023, 35.782746387435907 ], [ 139.894568300986407, 35.780563332631743 ], [ 139.893803307077064, 35.778706387290015 ], [ 139.892000777913609, 35.777426107928591 ], [ 139.881751556189442, 35.772858360425062 ], [ 139.880287950928277, 35.770801693643307 ], [ 139.879461529725859, 35.768486135426883 ], [ 139.879461529725859, 35.767524467879923 ], [ 139.880789558591346, 35.764766973816847 ], [ 139.88247455265855, 35.762584197802539 ], [ 139.883208418333879, 35.75862335958044 ], [ 139.884045083713659, 35.757405306110059 ], [ 139.891391971062717, 35.74927169363383 ], [ 139.892878080059404, 35.748081973304465 ], [ 139.897667523037853, 35.746125866015973 ], [ 139.89945055759722, 35.744385586125929 ], [ 139.900682775389782, 35.741351135046898 ], [ 139.901021088652328, 35.738503640430736 ], [ 139.90035885937391, 35.736173080623246 ], [ 139.897938559816794, 35.731871694323274 ], [ 139.897574112255597, 35.730583080944484 ], [ 139.897141024838447, 35.727835027064884 ], [ 139.897654060186824, 35.724998918765152 ], [ 139.898654332031811, 35.723451135161838 ], [ 139.904779584810058, 35.718884748332528 ], [ 139.90812345033703, 35.71386225234113 ], [ 139.913437327570705, 35.710507774814005 ], [ 139.916210921297079, 35.708001386754631 ], [ 139.916986446267515, 35.703522774656392 ], [ 139.918649468098579, 35.699838891651552 ], [ 139.918908364929166, 35.698274171116168 ], [ 139.913852529270912, 35.690929721829264 ], [ 139.908645862916273, 35.685505558934437 ], [ 139.907153917319533, 35.684383613313173 ], [ 139.90593724970438, 35.683671945603862 ], [ 139.90378863803528, 35.683115838125502 ], [ 139.895978910997997, 35.682358892249113 ], [ 139.89204530514678, 35.68164363984215 ], [ 139.889082503055192, 35.680554198417553 ], [ 139.886939999581386, 35.679260027228509 ], [ 139.886207197803969, 35.677735586428241 ], [ 139.885530778122984, 35.672769468036563 ], [ 139.887367691965437, 35.667920864955988 ], [ 139.887110440894162, 35.664513359803777 ], [ 139.887389221735248, 35.656165586372765 ], [ 139.886903916982192, 35.653733639695758 ], [ 139.883777717068028, 35.645634197859977 ], [ 139.883146056645273, 35.64475669336673 ], [ 139.871460610418922, 35.63864172073886 ], [ 139.869043139229575, 35.639132999688229 ], [ 139.864656667171516, 35.638469360272836 ], [ 139.861136860977467, 35.63855761344314 ], [ 139.856400077801368, 35.639667305801595 ], [ 139.853600389346525, 35.640945414199564 ], [ 139.851884279635897, 35.64212974758982 ], [ 139.849884889775922, 35.642393586195112 ], [ 139.849441166976362, 35.64276150513939 ], [ 139.840977887319696, 35.642980413615248 ], [ 139.840254163299051, 35.633892224746432 ], [ 139.821666004882331, 35.63197725244828 ], [ 139.821803255815666, 35.630313054304054 ], [ 139.820632943755413, 35.630149892103873 ], [ 139.820629467875733, 35.629743359868201 ], [ 139.82060905326523, 35.630238468130869 ], [ 139.821700362581737, 35.630342613221103 ], [ 139.821247004445809, 35.633439972776557 ], [ 139.825586057050941, 35.633854774278461 ], [ 139.825582724163496, 35.634076531806556 ], [ 139.825613451299773, 35.633857224931035 ], [ 139.833675331151653, 35.634625081382467 ], [ 139.83448036287848, 35.644067613029961 ], [ 139.826064383964194, 35.643060332768187 ], [ 139.821672891890557, 35.642941080866251 ], [ 139.820415252961652, 35.641631080709885 ], [ 139.808124136719584, 35.640462053780823 ], [ 139.807715577412068, 35.643344945712727 ], [ 139.808785720284845, 35.643679667083006 ], [ 139.80861358015261, 35.64501683755708 ], [ 139.80915141430637, 35.645243080903526 ], [ 139.80917457814428, 35.645681611916928 ], [ 139.808754163074241, 35.64539325239673 ], [ 139.807368249345245, 35.645496892067968 ], [ 139.806036693338797, 35.644884747832918 ], [ 139.806990466636762, 35.63690074837092 ], [ 139.801369468226426, 35.636358964394731 ], [ 139.801485798231056, 35.632811207271459 ], [ 139.800334331464342, 35.631064694180338 ], [ 139.80219272381521, 35.626223864839517 ], [ 139.798618585979057, 35.621762332665583 ], [ 139.792478003357246, 35.629310440624408 ], [ 139.791975668142641, 35.629030225364659 ], [ 139.792433138878323, 35.629366134739371 ], [ 139.792020504742595, 35.629870224531317 ], [ 139.787298780714195, 35.627269225994041 ], [ 139.785268637637614, 35.629732360260277 ], [ 139.784929637292976, 35.629612251304422 ], [ 139.778650946683911, 35.637269224894851 ], [ 139.781214746563364, 35.638784026761471 ], [ 139.781968079863077, 35.63850619830248 ], [ 139.782634890288023, 35.637688108419525 ], [ 139.784139688995538, 35.638503945500759 ], [ 139.784370363301718, 35.639441197353449 ], [ 139.794438418398386, 35.644898171113766 ], [ 139.795883865448104, 35.643119504561525 ], [ 139.796288444356264, 35.643176053931768 ], [ 139.798093995241743, 35.64474155867606 ], [ 139.797693968701765, 35.647863558756285 ], [ 139.796763995062406, 35.64842591922087 ], [ 139.794830610044642, 35.650429332647661 ], [ 139.794562113850589, 35.650255838136445 ], [ 139.793986134952206, 35.650826386928259 ], [ 139.793039948335036, 35.650307053627671 ], [ 139.795086329570495, 35.648344613313327 ], [ 139.794697612904542, 35.647216504638038 ], [ 139.780161284315909, 35.639354386695629 ], [ 139.778797055939435, 35.639358386880076 ], [ 139.77608610898676, 35.642032440944433 ], [ 139.776129144244692, 35.642411468314663 ], [ 139.786602917690516, 35.649498395834371 ], [ 139.792418638209597, 35.652934197255433 ], [ 139.790946394960201, 35.65438208056861 ], [ 139.790915330578059, 35.654639613127699 ], [ 139.791874916194502, 35.655197720698311 ], [ 139.790911114556366, 35.654913972901568 ], [ 139.790694449888974, 35.656345467869073 ], [ 139.788526082812496, 35.656176026602395 ], [ 139.780188859328405, 35.650544945892591 ], [ 139.779512309245774, 35.650581945800184 ], [ 139.772787755450622, 35.646038801949203 ], [ 139.769489533215506, 35.649265558658669 ], [ 139.769757756015679, 35.649447224409926 ], [ 139.769569339053874, 35.649607505182246 ], [ 139.769791634376475, 35.649470134639046 ], [ 139.772763332561794, 35.651482640211725 ], [ 139.771629300052268, 35.652586171314795 ], [ 139.768361439828595, 35.650372559346181 ], [ 139.767646030939659, 35.651078135047953 ], [ 139.767310973222948, 35.651054721198477 ], [ 139.76723866413306, 35.655209080934412 ], [ 139.768091582060947, 35.65578553197679 ], [ 139.769644500793106, 35.654261774661222 ], [ 139.770650751331118, 35.654939973201238 ], [ 139.767210557621183, 35.658121252094134 ], [ 139.764350778265907, 35.655907053767578 ], [ 139.764538249140969, 35.655725171279698 ], [ 139.762504306428696, 35.65187583819943 ], [ 139.761344136922389, 35.652359026847648 ], [ 139.76067131003299, 35.650954891954768 ], [ 139.759079610735512, 35.645411198368151 ], [ 139.759083423860943, 35.644970946052354 ], [ 139.760354021121202, 35.644978135232805 ], [ 139.760425771732002, 35.636778332653989 ], [ 139.759651970761865, 35.636775170637691 ], [ 139.758351555579907, 35.635749170987481 ], [ 139.759602606974795, 35.636804612642834 ], [ 139.758787716879738, 35.637280613009921 ], [ 139.758053385355538, 35.636380306206206 ], [ 139.758749948051673, 35.637301134639699 ], [ 139.756748171391109, 35.638387666757467 ], [ 139.756182412388512, 35.636937973109013 ], [ 139.756700090936533, 35.638413667057137 ], [ 139.755533021831525, 35.639047135117266 ], [ 139.754804838072914, 35.638875585839685 ], [ 139.753759636997756, 35.636835079875084 ], [ 139.754612140338054, 35.636520441265418 ], [ 139.753737276254355, 35.636790999605012 ], [ 139.752625862593504, 35.63442333287054 ], [ 139.751921971321963, 35.626100774631084 ], [ 139.750897224427376, 35.62618727862008 ], [ 139.750931672958359, 35.625780332696252 ], [ 139.751377172818366, 35.625850225307715 ], [ 139.750281439736682, 35.625334250974959 ], [ 139.750230778227888, 35.62456000034382 ], [ 139.751877444988168, 35.624716252153348 ], [ 139.751754254055641, 35.622164054427628 ], [ 139.752197626119596, 35.622116703323229 ], [ 139.752167392711044, 35.621517440977186 ], [ 139.751610973167885, 35.621286135346907 ], [ 139.750403877936719, 35.607407999879342 ], [ 139.750805032226481, 35.607299108167354 ], [ 139.750725084295254, 35.606580504886438 ], [ 139.748449947906806, 35.602778441072246 ], [ 139.74771571980466, 35.602718504855147 ], [ 139.746957133564933, 35.592191333263486 ], [ 139.746709494447714, 35.592193864855005 ], [ 139.746337301924996, 35.590631135418619 ], [ 139.746707327980857, 35.589793026626921 ], [ 139.747411141011412, 35.589519225332026 ], [ 139.747846783402451, 35.588686305628528 ], [ 139.752097224007798, 35.578962665694519 ], [ 139.751691854595492, 35.577179170682257 ], [ 139.750088418245923, 35.576702135195433 ], [ 139.749872114206823, 35.576186468430819 ], [ 139.750564033703313, 35.575222306164562 ], [ 139.752341854892734, 35.575621107827942 ], [ 139.754092607387975, 35.574484800932851 ], [ 139.756355253092465, 35.569070640297866 ], [ 139.756006666874214, 35.568539774990654 ], [ 139.750237665236114, 35.567378054153949 ], [ 139.749784227959822, 35.566625801839336 ], [ 139.752964475330373, 35.563382306048652 ], [ 139.752671751400271, 35.563211639905319 ], [ 139.753397030348765, 35.562250612675712 ], [ 139.754952581396537, 35.561546224978372 ], [ 139.755271025037814, 35.561597613139384 ], [ 139.755684695192599, 35.562730305659159 ], [ 139.758591777088895, 35.564367802032507 ], [ 139.761019689407249, 35.56316313497075 ], [ 139.763100610005267, 35.560703838111692 ], [ 139.763733256084947, 35.560462532020267 ], [ 139.770996666562951, 35.568973721260306 ], [ 139.779623359330685, 35.569902107596249 ], [ 139.780727471395721, 35.570266865423548 ], [ 139.7854365239765, 35.570560558822763 ], [ 139.785972048671169, 35.569803532007427 ], [ 139.7864665238111, 35.569987693377414 ], [ 139.786222970313929, 35.569741891575063 ], [ 139.786328145127868, 35.569108251744467 ], [ 139.787412244579514, 35.567583613093348 ], [ 139.787990115651382, 35.56776183803845 ], [ 139.787756913350904, 35.567528386625781 ], [ 139.788001608087825, 35.566751946145473 ], [ 139.78920910531599, 35.565059946359497 ], [ 139.789716031569696, 35.565237414075455 ], [ 139.78980236109021, 35.564322801755964 ], [ 139.790844228378546, 35.562934864552403 ], [ 139.791456472438313, 35.562945079951533 ], [ 139.792280362948418, 35.560914278571147 ], [ 139.792733307396247, 35.560434612567349 ], [ 139.793026693227375, 35.560555666710684 ], [ 139.793019999573403, 35.55995553112291 ], [ 139.7942807780355, 35.558094585596677 ], [ 139.794698104833742, 35.558227107894766 ], [ 139.794601219071069, 35.55785986524063 ], [ 139.795841218697319, 35.555848802180549 ], [ 139.796400441427295, 35.555904505288765 ], [ 139.796249053151314, 35.555265000079714 ], [ 139.797602361060171, 35.553363945689568 ], [ 139.79806944195127, 35.553467721158484 ], [ 139.797785577242621, 35.553342719890679 ], [ 139.797922386608889, 35.552914333229921 ], [ 139.799217638783034, 35.551122505099556 ], [ 139.799629805271366, 35.551190531617806 ], [ 139.799444669036347, 35.550804720661404 ], [ 139.800752776119793, 35.548940080720229 ], [ 139.801331607667635, 35.548875306150535 ], [ 139.801255084354693, 35.548304440797381 ], [ 139.803955693600415, 35.546030280173341 ], [ 139.809166252220848, 35.539070170552009 ], [ 139.809021388526276, 35.53853217092302 ], [ 139.807677302265802, 35.537802586020575 ], [ 139.806243864762564, 35.53752138780186 ], [ 139.803577588035296, 35.536348440728034 ], [ 139.794898418027628, 35.532132865039728 ], [ 139.787619415104018, 35.534312559077364 ], [ 139.786544915915215, 35.535804386862992 ], [ 139.785215252981629, 35.535164054277743 ], [ 139.784416913110135, 35.53538033313589 ], [ 139.781957562291723, 35.538830467951811 ], [ 139.778785187586436, 35.53699910832222 ], [ 139.776496380603589, 35.534469999790701 ], [ 139.768079104866842, 35.539339225225092 ], [ 139.756486912940773, 35.544553134719422 ], [ 139.750083865877741, 35.544583973371743 ], [ 139.746777198109271, 35.543828441229607 ], [ 139.7395952527188, 35.545155945790327 ], [ 139.737667755562484, 35.544390944686427 ], [ 139.734949105916598, 35.541219305626498 ], [ 139.733647976672842, 35.540865693996636 ], [ 139.733027173765095, 35.541014865443742 ], [ 139.730355771801442, 35.542914026760968 ], [ 139.726563281270501, 35.543574864788241 ], [ 139.722945188170002, 35.541868775323792 ], [ 139.719507951430842, 35.539121001133367 ], [ 139.717302386595975, 35.538004053944007 ], [ 139.709007368295488, 35.536378801840272 ], [ 139.704791803399075, 35.536292973242155 ], [ 139.702226525034121, 35.537027413584326 ], [ 139.699932359890568, 35.538362172076631 ], [ 139.698830701176007, 35.539748279159824 ], [ 139.697942671916849, 35.541451614000835 ], [ 139.697761555651368, 35.543756892966314 ], [ 139.698446030559921, 35.54540161269432 ], [ 139.703533554729802, 35.549411026897417 ], [ 139.70422581057278, 35.551174081218903 ], [ 139.703735525374213, 35.552607694089886 ], [ 139.700879416152247, 35.554888532180087 ], [ 139.698294422849358, 35.555971865409333 ], [ 139.691361919716883, 35.556745505400784 ], [ 139.689617755654922, 35.557286890977309 ], [ 139.686092218980775, 35.559372720974352 ], [ 139.681551114792228, 35.561194135001358 ], [ 139.678789727563981, 35.562987748285991 ], [ 139.675989468039575, 35.566884134795032 ], [ 139.67125894954097, 35.578521639961764 ], [ 139.669309222043012, 35.584718837604328 ], [ 139.6672909212391, 35.587182170620736 ], [ 139.664492827282174, 35.589522441307679 ], [ 139.663329779945457, 35.589866081254684 ], [ 139.65879533163934, 35.589434413867139 ], [ 139.658642554810172, 35.589787198120746 ], [ 139.656290610023689, 35.589728306016582 ], [ 139.651051140897493, 35.592234413487461 ], [ 139.650113645328588, 35.592913585993244 ], [ 139.648765031880771, 35.595040532094913 ], [ 139.639762802011774, 35.600215250933161 ], [ 139.637002802437451, 35.603049973377608 ], [ 139.635176978135064, 35.603463306286585 ], [ 139.631799195576491, 35.60579107999439 ], [ 139.632124474964598, 35.60655663957732 ], [ 139.631847808429711, 35.606833027322409 ], [ 139.629400310675805, 35.607973305623602 ], [ 139.62860557708575, 35.608222198395765 ], [ 139.628531413593919, 35.607999694430418 ], [ 139.627231698983792, 35.608947197655084 ], [ 139.625436109888597, 35.609408585837627 ], [ 139.623723359145743, 35.611160531733219 ], [ 139.618520829672661, 35.613786359652806 ], [ 139.615581388370401, 35.613327746778168 ], [ 139.613116666800806, 35.614694135326147 ], [ 139.612191672707581, 35.615853026895707 ], [ 139.609671114930052, 35.616411360196196 ], [ 139.608758884914664, 35.616436053780888 ], [ 139.606839728071009, 35.615525776193692 ], [ 139.605348054069509, 35.615573279283467 ], [ 139.59983500578096, 35.618458837705248 ], [ 139.596623060905586, 35.61849883775119 ], [ 139.593100557644675, 35.617570505374601 ], [ 139.591889728428328, 35.617709107989015 ], [ 139.584992801576618, 35.621019640144311 ], [ 139.579731699258559, 35.622062693638441 ], [ 139.578431413578983, 35.621781026872952 ], [ 139.57654557661715, 35.621982135067526 ], [ 139.571117523255111, 35.624410747957711 ], [ 139.567928106397062, 35.626838504693296 ], [ 139.56563033677071, 35.627201837994505 ], [ 139.566160336930125, 35.629544332704825 ], [ 139.562657301293484, 35.631390441215956 ], [ 139.562510637156265, 35.632384026601585 ], [ 139.557425084300235, 35.633994866170212 ], [ 139.551036498335748, 35.634082640001907 ], [ 139.549428170573719, 35.634374586018396 ], [ 139.547529273657119, 35.636798748163756 ], [ 139.5463995587927, 35.636851225403802 ], [ 139.545959000707398, 35.637420107751836 ], [ 139.54344705483777, 35.637713999901223 ], [ 139.540397912433832, 35.638729559321746 ], [ 139.535950972659293, 35.639482333243109 ], [ 139.530887640252445, 35.641958441129191 ], [ 139.52551819660755, 35.642666775951 ], [ 139.524283190916549, 35.641528441084745 ], [ 139.523392335088261, 35.638820387251144 ], [ 139.522106744330813, 35.63754513509997 ], [ 139.52096258095844, 35.637631531170257 ], [ 139.521183138790889, 35.636770414123362 ], [ 139.521810077772898, 35.636435413963227 ], [ 139.522107301910523, 35.634566252230798 ], [ 139.523392282028226, 35.633544304925806 ], [ 139.523492283042515, 35.63239402706273 ], [ 139.520309494187927, 35.631242640335643 ], [ 139.519695887655189, 35.631550134730958 ], [ 139.51906311297239, 35.631436802166718 ], [ 139.518441971020252, 35.630602081121197 ], [ 139.517272801998274, 35.630515972833905 ], [ 139.516598080237259, 35.629594612901144 ], [ 139.516938079728675, 35.62813127923522 ], [ 139.516803605901714, 35.627176558951078 ], [ 139.515735006265572, 35.625365170566226 ], [ 139.514370271570897, 35.624660171329879 ], [ 139.51194469479185, 35.624290441151004 ], [ 139.51040386474665, 35.62334961269454 ], [ 139.509289689267803, 35.624104053959002 ], [ 139.5074352530346, 35.623660171080076 ], [ 139.506078028578258, 35.622823801577226 ], [ 139.50341910380871, 35.62286158569367 ], [ 139.502954942116958, 35.622192413649032 ], [ 139.501128002655264, 35.621741305616808 ], [ 139.499402995951527, 35.620399080952893 ], [ 139.497897976910167, 35.618319360050464 ], [ 139.494677950726896, 35.617286027328362 ], [ 139.494363501874204, 35.615697413604778 ], [ 139.495117392753514, 35.614470467638 ], [ 139.495545161580026, 35.61271213475726 ], [ 139.500023476002639, 35.607280467919338 ], [ 139.499764838176816, 35.605467413990027 ], [ 139.498809559413644, 35.605467413090707 ], [ 139.497739558633839, 35.604894639376141 ], [ 139.493635667951821, 35.605824108495881 ], [ 139.491216783028221, 35.605232171127852 ], [ 139.489771478071361, 35.604336612744532 ], [ 139.489287031271488, 35.604409107994002 ], [ 139.487905668112148, 35.607689666644831 ], [ 139.486551218963655, 35.608434108347467 ], [ 139.483257055368881, 35.608707720784764 ], [ 139.48236927432265, 35.609691613277391 ], [ 139.481119274235198, 35.610225774599883 ], [ 139.479658715877122, 35.613264108052192 ], [ 139.478145109209436, 35.613762441283711 ], [ 139.476953449941789, 35.613022441332646 ], [ 139.476043721840369, 35.61323966717697 ], [ 139.476655669123943, 35.613931054274815 ], [ 139.476743995139373, 35.61504661291093 ], [ 139.47598708163855, 35.617624667044822 ], [ 139.475946809097991, 35.618259946339492 ], [ 139.476325135896332, 35.618629946315025 ], [ 139.47546680944572, 35.619700504674597 ], [ 139.475072362299784, 35.619982171440085 ], [ 139.474138470314188, 35.619668279267728 ], [ 139.472423748257484, 35.619748559048787 ], [ 139.467862087365461, 35.620521639662002 ], [ 139.465863747913659, 35.622376360080978 ], [ 139.466022088848376, 35.622824973393847 ], [ 139.46545902691264, 35.623976081331136 ], [ 139.462357639293714, 35.625008585777664 ], [ 139.460735940411382, 35.622161081268928 ], [ 139.458327055948985, 35.620522468836896 ], [ 139.457039805042996, 35.619104972716343 ], [ 139.456139533312921, 35.619004972601431 ], [ 139.455160920740013, 35.618089693884315 ], [ 139.45356730228923, 35.61808941419514 ], [ 139.4530173021069, 35.618558026631661 ], [ 139.45232671900294, 35.616788586224345 ], [ 139.452414228434009, 35.615783000285262 ], [ 139.4514328270634, 35.6150668917237 ], [ 139.450826719977158, 35.614042721294595 ], [ 139.450719466830037, 35.61318383816365 ], [ 139.449280583931909, 35.61177605382187 ], [ 139.449897523352092, 35.610774108338489 ], [ 139.451192801606567, 35.609790775224155 ], [ 139.451615032407858, 35.608578838043002 ], [ 139.452866135064141, 35.607683559348857 ], [ 139.452515031643429, 35.606717720746246 ], [ 139.453441945789223, 35.604487721331338 ], [ 139.455151388825584, 35.605160505053334 ], [ 139.457918367138973, 35.607476892444708 ], [ 139.459265305149756, 35.607586053953298 ], [ 139.460633942902177, 35.608411892394997 ], [ 139.463074228093205, 35.608026612937863 ], [ 139.463270051871405, 35.6087916131425 ], [ 139.463798105897922, 35.609161053739683 ], [ 139.465035887796034, 35.608752721061308 ], [ 139.465594228291025, 35.609540775386506 ], [ 139.466048948899925, 35.609500504644643 ], [ 139.466665058245894, 35.608632171437591 ], [ 139.466467005048344, 35.606731332884749 ], [ 139.470275058347283, 35.603486054637756 ], [ 139.471059753704708, 35.601158000341513 ], [ 139.473972529208936, 35.599697441084118 ], [ 139.47657836519943, 35.599625224624447 ], [ 139.478020856177636, 35.598974387957696 ], [ 139.479635032231045, 35.595091892376956 ], [ 139.479491140703658, 35.595885505411786 ], [ 139.480578911187877, 35.595994945710231 ], [ 139.480780584156719, 35.595741891774935 ], [ 139.480826419903451, 35.595511891960314 ], [ 139.480245031582967, 35.59538522514805 ], [ 139.480302802232586, 35.594694946015011 ], [ 139.481263916696435, 35.594850505346585 ], [ 139.481885862642457, 35.595368279222782 ], [ 139.48293169863905, 35.594866891893616 ], [ 139.483910311211957, 35.595298278692667 ], [ 139.483184189598774, 35.593414945443442 ], [ 139.484536978598726, 35.594162999722698 ], [ 139.484663645410933, 35.593702720404281 ], [ 139.484255032144119, 35.592816891786185 ], [ 139.485118366019833, 35.592920505377094 ], [ 139.485777808299304, 35.591911892320013 ], [ 139.487096134379158, 35.591716612631615 ], [ 139.487115004853649, 35.590022440982921 ], [ 139.487880855816911, 35.590948838018505 ], [ 139.488629196080637, 35.590718559414029 ], [ 139.488151388076176, 35.590275774607392 ], [ 139.488231945747771, 35.589947999600554 ], [ 139.489175838194456, 35.590143837767926 ], [ 139.490688053610825, 35.588991333183515 ], [ 139.491194449264526, 35.589370775141219 ], [ 139.491442217884128, 35.588916333322175 ], [ 139.491988885179012, 35.588973836873151 ], [ 139.491934720810832, 35.588469387352404 ], [ 139.492883644964309, 35.589139107983499 ], [ 139.493678079979418, 35.589075775027027 ], [ 139.49393138842288, 35.588609945992289 ], [ 139.493605005566565, 35.587612441361159 ], [ 139.493990558417636, 35.586579107739681 ], [ 139.49445861237507, 35.586235505564161 ], [ 139.493481945035796, 35.585379666638346 ], [ 139.493103060657745, 35.584282170885558 ], [ 139.493752775870007, 35.584163560200182 ], [ 139.493598301120755, 35.583525504698343 ], [ 139.493936083783296, 35.582730225219791 ], [ 139.494373578777754, 35.582929666970585 ], [ 139.494827197717086, 35.582563559260905 ], [ 139.495320245632911, 35.582685504632366 ], [ 139.496601633858404, 35.581561892567322 ], [ 139.497153306779751, 35.581503558942131 ], [ 139.497405811229214, 35.582094945925064 ], [ 139.499216355150679, 35.580969946206096 ], [ 139.500624422778969, 35.57914161279524 ], [ 139.502264695359486, 35.578224108256052 ], [ 139.502359415554679, 35.577061053724719 ], [ 139.503672750397186, 35.576696331870266 ], [ 139.505457445105094, 35.574786892201359 ], [ 139.506898858695422, 35.575823838399458 ], [ 139.507591361851951, 35.575140775426519 ], [ 139.506894383668964, 35.574851891601554 ], [ 139.507271335403857, 35.574537719740022 ], [ 139.507349105177127, 35.573765505173981 ], [ 139.506451051175191, 35.57160217070367 ], [ 139.505609663455289, 35.571231053770191 ], [ 139.504337173122053, 35.571607170934271 ], [ 139.500601855191576, 35.57044272065508 ], [ 139.500457133589862, 35.569710224647224 ], [ 139.500828520320056, 35.568534387152283 ], [ 139.497893256368798, 35.567796892712465 ], [ 139.496267107640961, 35.564640224666675 ], [ 139.494669882908852, 35.564855505277421 ], [ 139.492997366935015, 35.562625773860418 ], [ 139.491030973200964, 35.56142577517943 ], [ 139.489512088412198, 35.561679946072729 ], [ 139.488953476321967, 35.562090775269098 ], [ 139.489079027075491, 35.563204108083198 ], [ 139.487689611386486, 35.565796054044711 ], [ 139.487358222903708, 35.567063838225579 ], [ 139.486036550446556, 35.567582720965845 ], [ 139.486357951058608, 35.569040504915449 ], [ 139.48488878079263, 35.570108558663094 ], [ 139.484004616819675, 35.570291612967594 ], [ 139.482867951095159, 35.571383837793917 ], [ 139.483748807361621, 35.571957721271872 ], [ 139.484472140177218, 35.573694107996744 ], [ 139.484783800232208, 35.575646612601133 ], [ 139.486058275369146, 35.578362999552837 ], [ 139.488379105411468, 35.578474666572674 ], [ 139.489869416040733, 35.583578559303135 ], [ 139.489763580225144, 35.584317170700899 ], [ 139.488280531621285, 35.583936892373742 ], [ 139.486837471372269, 35.584696054179631 ], [ 139.485166913222542, 35.584686333407603 ], [ 139.482077716813251, 35.581607441430322 ], [ 139.48051328136296, 35.581675774617338 ], [ 139.477949663146546, 35.580636613389061 ], [ 139.477192723565395, 35.581191891692526 ], [ 139.478001607987835, 35.581706892059458 ], [ 139.477832724300811, 35.582221612737271 ], [ 139.477007172742901, 35.581809109003245 ], [ 139.476488833193116, 35.582009666812723 ], [ 139.476006328928975, 35.580731614172691 ], [ 139.475244942200334, 35.580348279049872 ], [ 139.475233279792064, 35.579738559387067 ], [ 139.473344085661097, 35.576869080843437 ], [ 139.473228806963903, 35.57639741430927 ], [ 139.47367769097275, 35.575323252366275 ], [ 139.473251828708953, 35.573851027103274 ], [ 139.472319882856368, 35.572570197356754 ], [ 139.471730726192163, 35.571045467874114 ], [ 139.470455695274154, 35.570475467668757 ], [ 139.469667081570606, 35.569498251742971 ], [ 139.469174863728995, 35.566742135441245 ], [ 139.469650700419606, 35.565301864889193 ], [ 139.469020388979857, 35.564877694250242 ], [ 139.46826566802622, 35.563139359593833 ], [ 139.469476783227037, 35.562440467653516 ], [ 139.47040983074919, 35.560405198441231 ], [ 139.471799274317164, 35.56040574792695 ], [ 139.474739559183377, 35.559605198421195 ], [ 139.475352893221498, 35.559999080792977 ], [ 139.475362049219257, 35.56133435999277 ], [ 139.476485940074099, 35.562552134673354 ], [ 139.47753011592215, 35.561437171388377 ], [ 139.477889558756146, 35.560441333201027 ], [ 139.479727612939087, 35.559388558934927 ], [ 139.480350117364083, 35.557808000438911 ], [ 139.481860363265241, 35.555956053529087 ], [ 139.482209804738773, 35.553339108213322 ], [ 139.481959222140404, 35.550449946208118 ], [ 139.482581724766874, 35.548536332785602 ], [ 139.482303112998352, 35.547221612087753 ], [ 139.481618638089685, 35.546261612783269 ], [ 139.480883087084862, 35.545957999861855 ], [ 139.480332529322823, 35.543146333336665 ], [ 139.4811711408355, 35.541741891774961 ], [ 139.48163722437846, 35.539945774777721 ], [ 139.483981673315611, 35.539181332152793 ], [ 139.484921115017528, 35.538184386900014 ], [ 139.485037497182816, 35.536992170951976 ], [ 139.484531633927872, 35.536097721432725 ], [ 139.486816355290671, 35.535525505297869 ], [ 139.486314694567568, 35.534265225060153 ], [ 139.486560246358295, 35.53397744110606 ], [ 139.485786056881125, 35.531128000357 ], [ 139.486788559944102, 35.528878586377687 ], [ 139.487797717090984, 35.527882467601842 ], [ 139.486529637033186, 35.526499414616353 ], [ 139.486718806727595, 35.525834694215803 ], [ 139.487573800290761, 35.524922467797694 ], [ 139.487468521155392, 35.524117468446491 ], [ 139.485693773848652, 35.522207748189089 ], [ 139.485841000062123, 35.521298306072026 ], [ 139.486414889835373, 35.520525252438517 ], [ 139.486337665051224, 35.519839135367874 ], [ 139.484544332355085, 35.519958026641689 ], [ 139.483283216647237, 35.519153027290429 ], [ 139.482540142813377, 35.517645532415429 ], [ 139.480351530199073, 35.514734134672608 ], [ 139.476972893284483, 35.511396080564737 ], [ 139.480763943101579, 35.506293613259686 ], [ 139.481061167239091, 35.505355000732777 ], [ 139.484938391893365, 35.503968891850946 ], [ 139.480351996947206, 35.502970558944185 ], [ 139.476383087309728, 35.501353612978903 ], [ 139.473814189173595, 35.501252225210067 ], [ 139.471429467695884, 35.50205972107932 ], [ 139.46868613525703, 35.502004413672807 ], [ 139.467722528771787, 35.502373306582911 ], [ 139.4682797801878, 35.505256918871737 ], [ 139.468087276706569, 35.506781919050354 ], [ 139.464848145325732, 35.510901612619364 ], [ 139.464102334854942, 35.513058278616711 ], [ 139.464026523805046, 35.516126054074164 ], [ 139.463442917756538, 35.517624386656166 ], [ 139.461447367102323, 35.519146586345926 ], [ 139.456127638879479, 35.520322135158438 ], [ 139.454894305927496, 35.521381693910087 ], [ 139.454823086816077, 35.522741360025805 ], [ 139.456966977943694, 35.525344134724094 ], [ 139.45758891129924, 35.527061080804287 ], [ 139.458419000836329, 35.526727360379425 ], [ 139.458316978146058, 35.52798946803955 ], [ 139.45782383939877, 35.528038748189715 ], [ 139.45775330736933, 35.528619972833553 ], [ 139.457306743611412, 35.528393748372821 ], [ 139.455482217930125, 35.529558412690619 ], [ 139.454145330742449, 35.531435332874366 ], [ 139.450578910888112, 35.533509693817393 ], [ 139.450525188086999, 35.533982774985134 ], [ 139.449639922444476, 35.534316838051666 ], [ 139.449849441998253, 35.534745080820869 ], [ 139.449226083217241, 35.53463738610651 ], [ 139.448956277610137, 35.534887359863831 ], [ 139.448260220332941, 35.535999892281268 ], [ 139.448149948161699, 35.537802387270403 ], [ 139.445097471071449, 35.541130720606304 ], [ 139.445098715733252, 35.542072414210622 ], [ 139.444353916999717, 35.542417225074928 ], [ 139.443772892904803, 35.541907332857193 ], [ 139.440439248172879, 35.543095839101738 ], [ 139.439050829832013, 35.544429441065915 ], [ 139.43877535669742, 35.544268135066432 ], [ 139.438988638115234, 35.544507918605632 ], [ 139.438147173053608, 35.545580801712674 ], [ 139.437687524159969, 35.545494170919312 ], [ 139.437892503036664, 35.545783332634755 ], [ 139.436006938569449, 35.54682955893702 ], [ 139.435214253634967, 35.546227198426493 ], [ 139.434699690338448, 35.546537666879885 ], [ 139.433392477181087, 35.546355171054358 ], [ 139.433107471232915, 35.547289613424994 ], [ 139.43270830084748, 35.547312386957117 ], [ 139.431985862857346, 35.54873930617407 ], [ 139.427369416165675, 35.551199837802301 ], [ 139.427656109242093, 35.551782080478688 ], [ 139.428028611131595, 35.551679198935915 ], [ 139.427848197236585, 35.552269171285275 ], [ 139.427488003468625, 35.552391774960483 ], [ 139.427157588052296, 35.553301504860599 ], [ 139.426879026645793, 35.553241306041514 ], [ 139.423643605867824, 35.556223198042233 ], [ 139.423072022855649, 35.558473612966907 ], [ 139.422441193406371, 35.559435413613471 ], [ 139.419416615084742, 35.560865892347124 ], [ 139.417998028985949, 35.561917612607772 ], [ 139.416232801902311, 35.561885945679876 ], [ 139.415799195576483, 35.562438721170111 ], [ 139.416234423380047, 35.563812719781254 ], [ 139.413427055614193, 35.566247135097285 ], [ 139.412849196233537, 35.566220107771812 ], [ 139.411841776576807, 35.569399972930455 ], [ 139.410511413970653, 35.571423279360886 ], [ 139.409103748339362, 35.575221135247261 ], [ 139.407347081902344, 35.57582777473209 ], [ 139.40332377497225, 35.575530332958579 ], [ 139.402662477391459, 35.57601601812479 ], [ 139.402991581596325, 35.576604874415466 ], [ 139.40239281477659, 35.576739657609153 ], [ 139.402106420275118, 35.576453432180188 ], [ 139.401512100602986, 35.577027703265969 ], [ 139.401154513969686, 35.577887143976568 ], [ 139.401051894129637, 35.580135018316469 ], [ 139.400330921135151, 35.580611748033789 ], [ 139.400696472164555, 35.581468694025034 ], [ 139.399643696099815, 35.581934801849684 ], [ 139.399212023316295, 35.583332558750612 ], [ 139.399796743624847, 35.584425892441061 ], [ 139.398948416736062, 35.584658666664211 ], [ 139.397848144776162, 35.584209774561486 ], [ 139.397507030125439, 35.584508945731329 ], [ 139.396673969228345, 35.58445922491336 ], [ 139.396081478777319, 35.58387617104853 ], [ 139.395590635999156, 35.584308387022475 ], [ 139.394858417881778, 35.584083945917428 ], [ 139.39478369591086, 35.584815333061215 ], [ 139.394157301917971, 35.585641999778545 ], [ 139.391084527129237, 35.585259504622513 ], [ 139.390627030313226, 35.585550332781679 ], [ 139.389420920738985, 35.587837802472677 ], [ 139.388618145411101, 35.588533080936998 ], [ 139.387946252017969, 35.588554323823018 ], [ 139.387520440116305, 35.588159341580422 ], [ 139.387546510563084, 35.58858882001806 ], [ 139.385329583693419, 35.588192657864909 ], [ 139.385233554085289, 35.587483233964122 ], [ 139.384368898206162, 35.587608297285158 ], [ 139.384510894861933, 35.588476973133879 ], [ 139.382959831431094, 35.58911660424792 ], [ 139.382993475968192, 35.589950468239579 ], [ 139.381996706083214, 35.589514882505853 ], [ 139.381006718885033, 35.58992383841445 ], [ 139.380722399119463, 35.590522577355102 ], [ 139.379156835020012, 35.590202162399919 ], [ 139.37887984382985, 35.590450476008698 ], [ 139.379099934914166, 35.590711170584086 ], [ 139.37658367139943, 35.592096062683197 ], [ 139.375039623579823, 35.594094757367202 ], [ 139.373326978057662, 35.594908856058908 ], [ 139.372854085747576, 35.595023909925544 ], [ 139.372512554710738, 35.594495233568239 ], [ 139.371555304633716, 35.594328206981231 ], [ 139.370137380435835, 35.594507360026682 ], [ 139.366273047563141, 35.597485595383944 ], [ 139.363969780381126, 35.598633784121887 ], [ 139.36356564214077, 35.598520540590528 ], [ 139.363463087051855, 35.598881918765585 ], [ 139.362766031527144, 35.599132405136459 ], [ 139.361725122916141, 35.599186946320572 ], [ 139.361474993576167, 35.599097405321061 ], [ 139.361587300913243, 35.598822729885114 ], [ 139.361072438142514, 35.59871513499553 ], [ 139.357933396808903, 35.598710376682618 ], [ 139.356182620031973, 35.599228468019419 ], [ 139.354836925783616, 35.60054873033971 ], [ 139.353559507165642, 35.600355036156031 ], [ 139.3533578341968, 35.600028153276696 ], [ 139.352987042817858, 35.600348125765436 ], [ 139.353070623110852, 35.600805144142157 ], [ 139.351890155906062, 35.601228125877356 ], [ 139.351026134948256, 35.600816622189427 ], [ 139.350868053917566, 35.601098928372892 ], [ 139.350148962304843, 35.600905144257069 ], [ 139.34964297044678, 35.601395261282335 ], [ 139.348916043940335, 35.601312567720868 ], [ 139.348300999391654, 35.602241577287032 ], [ 139.347427755886315, 35.601895892281675 ], [ 139.347293255979025, 35.602345765544669 ], [ 139.347244655716395, 35.601952215922097 ], [ 139.346035188073529, 35.602035306084588 ], [ 139.34419824905001, 35.602594820194838 ], [ 139.342994980434014, 35.603648504574892 ], [ 139.342563384992332, 35.603151172288847 ], [ 139.341882724108473, 35.604544721261902 ], [ 139.341268262320568, 35.604981000372902 ], [ 139.340825732921303, 35.604845153281246 ], [ 139.340004266983442, 35.605525485912494 ], [ 139.339273528250828, 35.605499955058917 ], [ 139.337891064321184, 35.604346927968379 ], [ 139.335911919999148, 35.604504080898664 ], [ 139.335463982077158, 35.60419054126055 ], [ 139.335146407181014, 35.604535621921457 ], [ 139.334920012748398, 35.604147369305679 ], [ 139.334296304131158, 35.604399243330477 ], [ 139.33345661433134, 35.603722891997904 ], [ 139.332805758778818, 35.604148882864706 ], [ 139.332067794892851, 35.60429391023581 ], [ 139.331471777300749, 35.604015332641552 ], [ 139.331009312629703, 35.604246233576873 ], [ 139.330234409990112, 35.603153423291928 ], [ 139.329570999002499, 35.603679306354934 ], [ 139.329194708269256, 35.603350442269175 ], [ 139.327424837985973, 35.603979668227169 ], [ 139.326872230668982, 35.603873144430111 ], [ 139.326874397135839, 35.604316360012035 ], [ 139.326195265998763, 35.604687396006568 ], [ 139.325638340137402, 35.604600856044726 ], [ 139.324887977298431, 35.605150775288109 ], [ 139.324714384761137, 35.60469395476224 ], [ 139.324416835068973, 35.605145990894812 ], [ 139.324191893940792, 35.604833170714301 ], [ 139.323404449355962, 35.605538044944865 ], [ 139.322995720076506, 35.605245622287669 ], [ 139.322241569293055, 35.606006341719365 ], [ 139.321606666814318, 35.605838602869255 ], [ 139.321459079073293, 35.606327333139973 ], [ 139.320749766688436, 35.606526134573528 ], [ 139.319831582261827, 35.606264702554029 ], [ 139.320018741971467, 35.605733784186839 ], [ 139.318961505269272, 35.606093882626624 ], [ 139.317846095920686, 35.605643117236127 ], [ 139.317279273919439, 35.60579031467131 ], [ 139.317121102057285, 35.605379332590189 ], [ 139.314619325721424, 35.605479278745747 ], [ 139.314772036000704, 35.605091170920844 ], [ 139.314284045872114, 35.604295323970064 ], [ 139.313637263349051, 35.604671747802968 ], [ 139.313083293559203, 35.604333865315709 ], [ 139.313017393038308, 35.604899189046364 ], [ 139.311567315379421, 35.604289721193709 ], [ 139.30897765189718, 35.604161576795377 ], [ 139.308409247988493, 35.605107431562772 ], [ 139.30787053159986, 35.604465377675069 ], [ 139.307588093215941, 35.604820458797178 ], [ 139.307835862734919, 35.605277098559327 ], [ 139.307140130112998, 35.605370864573786 ], [ 139.30699834030122, 35.605096144171796 ], [ 139.306366070138097, 35.605509270236666 ], [ 139.305474085660535, 35.604930828994611 ], [ 139.304988768317116, 35.605102216394243 ], [ 139.305042269884893, 35.605373945651138 ], [ 139.304584902571264, 35.605306323827847 ], [ 139.30483726312923, 35.604726764728468 ], [ 139.304186225913668, 35.604620613250745 ], [ 139.30180404681937, 35.606030234008131 ], [ 139.301072153357268, 35.605815090094382 ], [ 139.30115569408008, 35.606500504794496 ], [ 139.300359014357127, 35.606151396070118 ], [ 139.299167731006037, 35.606239685213382 ], [ 139.299014681682252, 35.606898179607356 ], [ 139.298429921803518, 35.607080000042004 ], [ 139.298753684035319, 35.607639116651967 ], [ 139.297003047552721, 35.608000359029404 ], [ 139.296602801578047, 35.609937243309162 ], [ 139.296112412058278, 35.610280099047372 ], [ 139.295294955298004, 35.610263838405444 ], [ 139.294353891219203, 35.611165864712916 ], [ 139.294241076664434, 35.610886296965077 ], [ 139.293295032140122, 35.610670784329272 ], [ 139.292524475024607, 35.611179395912416 ], [ 139.292542528914623, 35.611843422935692 ], [ 139.292139960890495, 35.61172876567008 ], [ 139.292185110454511, 35.611941333026152 ], [ 139.291423229998145, 35.612192540653268 ], [ 139.291199558712719, 35.611921036226875 ], [ 139.291043411224564, 35.612291153114256 ], [ 139.290161244645788, 35.612584992203665 ], [ 139.289620065014105, 35.611961694576621 ], [ 139.28732434494259, 35.612598404692676 ], [ 139.285998029285679, 35.612513514087482 ], [ 139.285248418279934, 35.61338867584675 ], [ 139.284630636194947, 35.612931658369405 ], [ 139.284156367922151, 35.613329252243261 ], [ 139.28377024580027, 35.613006703196845 ], [ 139.282807925345537, 35.613266135124093 ], [ 139.281564734025324, 35.612842216295292 ], [ 139.279879494443207, 35.611480891829729 ], [ 139.277553671364899, 35.61153897274545 ], [ 139.276030610124621, 35.610852864668004 ], [ 139.274058392380994, 35.611021467766591 ], [ 139.272718105755985, 35.610348134558819 ], [ 139.271813112585164, 35.61029119758075 ], [ 139.271251166707998, 35.609803134607034 ], [ 139.268271440274816, 35.609235081433894 ], [ 139.267376160681351, 35.608301198441609 ], [ 139.266155616088895, 35.60811119777361 ], [ 139.265833385402516, 35.606757864683743 ], [ 139.266135057586894, 35.605626747776228 ], [ 139.264775057822703, 35.602458694313327 ], [ 139.263486719636489, 35.60234650478742 ], [ 139.262138106188672, 35.602959837926221 ], [ 139.261200337225887, 35.602868721314508 ], [ 139.257705330736485, 35.604230667211596 ], [ 139.252223670585977, 35.601667333180956 ], [ 139.250748392124706, 35.603200667376939 ], [ 139.249251166608133, 35.603659837831287 ], [ 139.248347561990499, 35.604547892271455 ], [ 139.24721616089721, 35.605096198131093 ], [ 139.245490336709736, 35.605125080757944 ], [ 139.242830052165232, 35.60624925220128 ], [ 139.240592555102353, 35.6062492531006 ], [ 139.238637562073905, 35.606976747978592 ], [ 139.238086445832892, 35.607880640379278 ], [ 139.237799779736065, 35.609798414065608 ], [ 139.236495331094716, 35.609835081224048 ], [ 139.234551725282017, 35.611687027234552 ], [ 139.233067003939141, 35.612263972904088 ], [ 139.229881439776705, 35.61456755934546 ], [ 139.230480051912878, 35.616897000396307 ], [ 139.22966450081617, 35.618991441401931 ], [ 139.228587833361871, 35.620526999621404 ], [ 139.227584501123943, 35.620820891770791 ], [ 139.22616644562504, 35.622316440951067 ], [ 139.225905642231623, 35.623477278653525 ], [ 139.223454772919467, 35.624642000527956 ], [ 139.219640609626481, 35.625895026834087 ], [ 139.219478949294171, 35.626677531442965 ], [ 139.221154526560213, 35.628562532035289 ], [ 139.221433969302325, 35.629466413644138 ], [ 139.220739248417658, 35.63061253214272 ], [ 139.219159532586445, 35.631972252217736 ], [ 139.218542022996076, 35.633651414181486 ], [ 139.216789247925476, 35.634478080898759 ], [ 139.216429248411146, 35.635973639971553 ], [ 139.21537119332595, 35.637075865259021 ], [ 139.215521750628341, 35.639265585838189 ], [ 139.214426744198931, 35.641551107597593 ], [ 139.214812607316048, 35.643961387807849 ], [ 139.215738444073963, 35.645372225347955 ], [ 139.215455668444406, 35.646121946070991 ], [ 139.213665940231067, 35.647782504658892 ], [ 139.212739830978535, 35.648105837914159 ], [ 139.211461218960153, 35.649116666900682 ], [ 139.20732344991734, 35.649715279036968 ], [ 139.205636498026024, 35.651361387318218 ], [ 139.20355678341889, 35.651691945726782 ], [ 139.202109000829751, 35.653007197923898 ], [ 139.201308170735501, 35.652536919043655 ], [ 139.198257860112221, 35.652999972770601 ], [ 139.197071192981184, 35.652448585833611 ], [ 139.195730078080715, 35.651287468441978 ], [ 139.194807587700097, 35.651331640442891 ], [ 139.193991750618807, 35.651784973397866 ], [ 139.19247450079763, 35.650256359743253 ], [ 139.191823942021415, 35.647611081286414 ], [ 139.189825057580379, 35.646534413832171 ], [ 139.187936718704691, 35.646548865038142 ], [ 139.184232529008113, 35.645074693642243 ], [ 139.181368911346226, 35.645739135252938 ], [ 139.179086420302156, 35.645572468394732 ], [ 139.17611780769073, 35.648187999976244 ], [ 139.175846420176185, 35.649155505022577 ], [ 139.174950583902387, 35.64988910809592 ], [ 139.17332114095791, 35.650441890780712 ], [ 139.171791387862299, 35.650341333086089 ], [ 139.169566394073854, 35.65148966661485 ], [ 139.166954720583931, 35.651065504969154 ], [ 139.166593060921059, 35.652337721009076 ], [ 139.167836420414574, 35.653862440599198 ], [ 139.167955576988334, 35.655756613377037 ], [ 139.168627523441501, 35.656819108415164 ], [ 139.168360310579942, 35.658555747849562 ], [ 139.167016692866127, 35.659303802128818 ], [ 139.166926134733444, 35.660637973363805 ], [ 139.16722616115851, 35.661759918085806 ], [ 139.165134228362035, 35.663337134701067 ], [ 139.164981439841654, 35.665278802474802 ], [ 139.164218948745543, 35.665536026566429 ], [ 139.163666160664889, 35.66644630595232 ], [ 139.162098663922279, 35.666982134617854 ], [ 139.16160367077282, 35.667906586419861 ], [ 139.15933949442217, 35.667520198098714 ], [ 139.157080856096741, 35.666460197779941 ], [ 139.155880310627936, 35.666583802400623 ], [ 139.153597807892538, 35.666021558847888 ], [ 139.15139642040856, 35.666717386798041 ], [ 139.147160311399261, 35.666817108123098 ], [ 139.145673644822864, 35.667469613032267 ], [ 139.144358365646099, 35.66859433306206 ], [ 139.143148079620232, 35.669032387434811 ], [ 139.142787807611285, 35.67000822469987 ], [ 139.140755032218976, 35.670583773722228 ], [ 139.138930856374031, 35.67054430607493 ], [ 139.136731414123574, 35.672412081052755 ], [ 139.135601140780068, 35.672337919359563 ], [ 139.133515279306721, 35.672896532349114 ], [ 139.131093333090917, 35.672010414149327 ], [ 139.128719169654005, 35.6753793060102 ], [ 139.127741414135016, 35.676251802178967 ], [ 139.124826420003387, 35.677713721211319 ], [ 139.123325006343975, 35.677517332658852 ], [ 139.122343332478863, 35.678703999789832 ], [ 139.119515551001996, 35.680302613075185 ], [ 139.118932528613414, 35.681492891883522 ], [ 139.116486135226978, 35.68382483754624 ], [ 139.113625032069649, 35.684362613244048 ], [ 139.112615032257963, 35.684963694019302 ], [ 139.111160856388437, 35.686484252446348 ], [ 139.110493644865869, 35.687740359829775 ], [ 139.108263358567228, 35.689741747083986 ], [ 139.10585919644484, 35.690979802376035 ], [ 139.104723087400657, 35.690901748416991 ], [ 139.099283359039873, 35.69235005441152 ], [ 139.097408080118839, 35.692331999622127 ], [ 139.095706938724334, 35.69111783841754 ], [ 139.093110272221338, 35.691514225401249 ], [ 139.092106666589416, 35.690552838442784 ], [ 139.087670830744287, 35.691802837630917 ], [ 139.085789170234079, 35.693082838202486 ], [ 139.084395006124737, 35.693076721013938 ], [ 139.083577497203805, 35.69438086478516 ], [ 139.082014721002679, 35.695552801920314 ], [ 139.078161946216937, 35.695709198520774 ], [ 139.07632277687469, 35.694885585001771 ], [ 139.075493333050986, 35.694969748055485 ], [ 139.074808340132904, 35.695558640319064 ], [ 139.072205810949526, 35.695360305633642 ], [ 139.070690830117769, 35.697590027158071 ], [ 139.066736083003889, 35.698401694082975 ], [ 139.065305525129929, 35.697836414419044 ], [ 139.0627208304021, 35.700727225780895 ], [ 139.058537782292888, 35.702073614305903 ], [ 139.053176108790467, 35.70459194626136 ], [ 139.052088341004151, 35.704832505016157 ], [ 139.051757781696324, 35.705992224861347 ], [ 139.050681672721112, 35.707368863882039 ], [ 139.048421672821974, 35.708005802425873 ], [ 139.047375837724758, 35.709249693418656 ], [ 139.043619442383374, 35.709520251758249 ], [ 139.040692218371191, 35.710872198093512 ], [ 139.039033333421685, 35.711124694449154 ], [ 139.037584720758332, 35.712747468021291 ], [ 139.036160271979043, 35.713534667091267 ], [ 139.034777781969183, 35.714958837980021 ], [ 139.0323497536383, 35.716214946262824 ], [ 139.029735032345911, 35.716413279149549 ], [ 139.025226977343209, 35.719358559749764 ], [ 139.022083360258989, 35.722658559045328 ], [ 139.022065330650548, 35.724804360332996 ], [ 139.020899494516129, 35.727280747908253 ], [ 139.018483113305138, 35.729865467817149 ], [ 139.017930336915583, 35.731217693841529 ], [ 139.016655913939303, 35.732032135174961 ], [ 139.015748144561258, 35.733114080750283 ], [ 139.014979247594283, 35.733234359678022 ], [ 139.014522310156508, 35.734364332647885 ], [ 139.013794811681237, 35.734989332691612 ], [ 139.012415914462963, 35.738488505740008 ], [ 139.011881478847272, 35.738863225357591 ], [ 139.01143011720626, 35.740591558653534 ], [ 139.01068066088385, 35.741216279008142 ], [ 139.010389274245654, 35.742292108294237 ], [ 139.008587885422685, 35.744400720816657 ], [ 139.008095110001364, 35.745615134730713 ], [ 139.007123165002099, 35.746274864793236 ], [ 139.005183190651792, 35.74895902723739 ], [ 139.005155422284929, 35.75045153221248 ], [ 139.003211802982378, 35.750500135173127 ], [ 139.002153476301942, 35.750118197596805 ], [ 139.000383191431183, 35.750485972649585 ], [ 138.997217951047674, 35.751978197935557 ], [ 138.995610725854362, 35.753768197744193 ], [ 138.992572672091228, 35.755380972653825 ], [ 138.992752113819051, 35.757583468102609 ], [ 138.991096030257609, 35.759360134562598 ], [ 138.989362140050844, 35.763489585775801 ], [ 138.987340751874285, 35.765028198092921 ], [ 138.986511854838341, 35.766463468414372 ], [ 138.984396886806962, 35.767764864756771 ], [ 138.984284669402086, 35.768781251553548 ], [ 138.983772995627305, 35.769475413959242 ], [ 138.983954668573119, 35.770963198392963 ], [ 138.983664942083465, 35.772231252370432 ], [ 138.985321335910953, 35.7744167749143 ], [ 138.985616057235347, 35.777977332987575 ], [ 138.986704941979497, 35.780894838026427 ], [ 138.986709947606073, 35.781234838417106 ], [ 138.986083553613184, 35.781516224594156 ], [ 138.986425226742881, 35.782252891657663 ], [ 138.98468858640922, 35.783835666982498 ], [ 138.985045253036105, 35.785267613409701 ], [ 138.984864422754981, 35.785609280244159 ], [ 138.983395524983507, 35.786059558202112 ], [ 138.981675524805723, 35.787133170659331 ], [ 138.980761088753297, 35.787330667176604 ], [ 138.979520245562981, 35.787087891592989 ], [ 138.979088028689603, 35.787811225307848 ], [ 138.976719974347361, 35.789244838178774 ], [ 138.976078859351901, 35.791865666767137 ], [ 138.976993022010447, 35.792200666927272 ], [ 138.977105252905176, 35.792751775074407 ], [ 138.975924694868809, 35.793734558702965 ], [ 138.975646666760326, 35.794495108162778 ], [ 138.974678612228217, 35.794893720968503 ], [ 138.973586393697133, 35.79757650475193 ], [ 138.97179610880346, 35.798998198008462 ], [ 138.971105836864922, 35.80141958574535 ], [ 138.97139527916886, 35.802861531734379 ], [ 138.971241388079648, 35.803702081286076 ], [ 138.970221387806873, 35.804872360071386 ], [ 138.970944449027115, 35.807956801765044 ], [ 138.970855837027329, 35.809445694163514 ], [ 138.9710833331294, 35.809981532721622 ], [ 138.972056420267677, 35.810662919358322 ], [ 138.972233916761866, 35.811523747722845 ], [ 138.971848638204165, 35.814380413625258 ], [ 138.969629195930679, 35.816214304846369 ], [ 138.96976141425796, 35.817448466973246 ], [ 138.969453087090415, 35.819062919118494 ], [ 138.970074474557464, 35.821281532216972 ], [ 138.969646978225569, 35.822730134987808 ], [ 138.96972922212592, 35.824510414024417 ], [ 138.970090895278645, 35.824999027383285 ], [ 138.970479221638811, 35.827357080365005 ], [ 138.969765615890537, 35.831225414321466 ], [ 138.969296720167563, 35.831382918886675 ], [ 138.964253942665437, 35.829381531632407 ], [ 138.962195330650047, 35.829607640080553 ], [ 138.961388106376035, 35.830655999574788 ], [ 138.959076445821438, 35.83154377612442 ], [ 138.958319779634166, 35.832910170068374 ], [ 138.953261997843015, 35.836517386768037 ], [ 138.94911949297034, 35.840470998937519 ], [ 138.947322827386643, 35.843179080650089 ], [ 138.947975888076826, 35.844821305658797 ], [ 138.947810894856957, 35.847558252011765 ], [ 138.94841535708315, 35.848394359811891 ], [ 138.948547588000906, 35.849544359784431 ], [ 138.946120077679552, 35.853727693878 ], [ 138.945183967965818, 35.854452134658345 ], [ 138.943933411198032, 35.854818801746376 ], [ 138.943748144561255, 35.855997251771782 ], [ 138.943020077714436, 35.857203532217284 ], [ 138.943221971017238, 35.858191801710348 ], [ 138.942867587769001, 35.86016213537431 ], [ 138.943897886178547, 35.860862414069231 ], [ 138.94488983120084, 35.862750198063225 ], [ 138.946583722261039, 35.864472414170621 ], [ 138.946000947186008, 35.865321865211968 ], [ 138.945881777122395, 35.866367972803744 ], [ 138.945329274126721, 35.86704102722166 ], [ 138.94526121793092, 35.868119080531187 ], [ 138.946607082151218, 35.868741027376586 ], [ 138.949093695917441, 35.868967748263003 ], [ 138.949930998916557, 35.869486224509728 ], [ 138.952264163160635, 35.872162945963225 ], [ 138.954236057148364, 35.873869639772124 ], [ 138.954458494563937, 35.874910468343501 ], [ 138.955234254257448, 35.875304613317326 ], [ 138.960083255737686, 35.876782107708152 ], [ 138.962291309896045, 35.876774333069079 ], [ 138.96520408629965, 35.877785720534632 ], [ 138.966655226957187, 35.879366837509622 ], [ 138.966696328672697, 35.880639892617012 ], [ 138.967583839023064, 35.882025999700204 ], [ 138.973033580435413, 35.882119612829911 ], [ 138.975900245899652, 35.883237387395582 ], [ 138.978927782091546, 35.885010693988363 ], [ 138.983056939226458, 35.882992919287858 ], [ 138.984266394278734, 35.881812080663053 ], [ 138.98556360607563, 35.881165693841751 ], [ 138.988751387066941, 35.88114680178353 ], [ 138.993272802397996, 35.883090135101725 ], [ 138.994582244075332, 35.883256801959874 ], [ 138.995214188683917, 35.884142359882048 ], [ 138.995880856116628, 35.884447080768211 ], [ 139.000930856074206, 35.884008467916487 ], [ 139.002894500580851, 35.886220694029873 ], [ 139.004957834036873, 35.887380693564182 ], [ 139.005679247699163, 35.888237892264954 ], [ 139.006657030197857, 35.889624558726439 ], [ 139.006805109867969, 35.893637892175036 ], [ 139.010323449267844, 35.897172054246937 ], [ 139.013378755625126, 35.898255668064678 ], [ 139.018795965861159, 35.898384000421345 ], [ 139.019116808893727, 35.898263720594286 ] ], [ [ 139.381095344374671, 35.590560179808506 ], [ 139.380852789125015, 35.590321170585582 ], [ 139.38114635482043, 35.590531090337606 ], [ 139.381095344374671, 35.590560179808506 ] ] ] ] } }
]
}
