regioncode,folder,filename,path
01,hukenyohoukutou,01_hokkaido_forecast.geojson,GAS\hukenyohoukutou\01_hokkaido_forecast.geojson
0110000,sityousontou,01_hokkaido_region.geojson,GAS\sityousontou\01_hokkaido_region.geojson
011011,1saibun,01_hokkaido_area.geojson,GAS\1saibun\01_hokkaido_area.geojson
011011,sikutyousonnwomatometatiikitou,01_hokkaido_region.geojson,GAS\sikutyousonnwomatometatiikitou\01_hokkaido_region.geojson
011012,1saibun,01_hokkaido_area.geojson,GAS\1saibun\01_hokkaido_area.geojson
011012,sikutyousonnwomatometatiikitou,01_hokkaido_region.geojson,GAS\sikutyousonnwomatometatiikitou\01_hokkaido_region.geojson
011013,1saibun,01_hokkaido_area.geojson,GAS\1saibun\01_hokkaido_area.geojson
011013,sikutyousonnwomatometatiikitou,01_hokkaido_region.geojson,GAS\sikutyousonnwomatometatiikitou\01_hokkaido_region.geojson
012011,1saibun,01_hokkaido_area.geojson,GAS\1saibun\01_hokkaido_area.geojson
012011,sikutyousonnwomatometatiikitou,01_hokkaido_region.geojson,GAS\sikutyousonnwomatometatiikitou\01_hokkaido_region.geojson
012012,1saibun,01_hokkaido_area.geojson,GAS\1saibun\01_hokkaido_area.geojson
012012,sikutyousonnwomatometatiikitou,01_hokkaido_region.geojson,GAS\sikutyousonnwomatometatiikitou\01_hokkaido_region.geojson
012013,1saibun,01_hokkaido_area.geojson,GAS\1saibun\01_hokkaido_area.geojson
012013,sikutyousonnwomatometatiikitou,01_hokkaido_region.geojson,GAS\sikutyousonnwomatometatiikitou\01_hokkaido_region.geojson
0120200,sityousontou,01_hokkaido_region.geojson,GAS\sityousontou\01_hokkaido_region.geojson
012021,1saibun,01_hokkaido_area.geojson,GAS\1saibun\01_hokkaido_area.geojson
012021,sikutyousonnwomatometatiikitou,01_hokkaido_region.geojson,GAS\sikutyousonnwomatometatiikitou\01_hokkaido_region.geojson
012022,1saibun,01_hokkaido_area.geojson,GAS\1saibun\01_hokkaido_area.geojson
012022,sikutyousonnwomatometatiikitou,01_hokkaido_region.geojson,GAS\sikutyousonnwomatometatiikitou\01_hokkaido_region.geojson
012023,1saibun,01_hokkaido_area.geojson,GAS\1saibun\01_hokkaido_area.geojson
012023,sikutyousonnwomatometatiikitou,01_hokkaido_region.geojson,GAS\sikutyousonnwomatometatiikitou\01_hokkaido_region.geojson
0120300,sityousontou,01_hokkaido_region.geojson,GAS\sityousontou\01_hokkaido_region.geojson
0120400,sityousontou,01_hokkaido_region.geojson,GAS\sityousontou\01_hokkaido_region.geojson
0120500,sityousontou,01_hokkaido_region.geojson,GAS\sityousontou\01_hokkaido_region.geojson
0120601,sityousontou,01_hokkaido_region.geojson,GAS\sityousontou\01_hokkaido_region.geojson
0120602,sityousontou,01_hokkaido_region.geojson,GAS\sityousontou\01_hokkaido_region.geojson
0120603,sityousontou,01_hokkaido_region.geojson,GAS\sityousontou\01_hokkaido_region.geojson
0120700,sityousontou,01_hokkaido_region.geojson,GAS\sityousontou\01_hokkaido_region.geojson
0120801,sityousontou,01_hokkaido_region.geojson,GAS\sityousontou\01_hokkaido_region.geojson
0120802,sityousontou,01_hokkaido_region.geojson,GAS\sityousontou\01_hokkaido_region.geojson
0120900,sityousontou,01_hokkaido_region.geojson,GAS\sityousontou\01_hokkaido_region.geojson
0121000,sityousontou,01_hokkaido_region.geojson,GAS\sityousontou\01_hokkaido_region.geojson
0121100,sityousontou,01_hokkaido_region.geojson,GAS\sityousontou\01_hokkaido_region.geojson
0121200,sityousontou,01_hokkaido_region.geojson,GAS\sityousontou\01_hokkaido_region.geojson
0121300,sityousontou,01_hokkaido_region.geojson,GAS\sityousontou\01_hokkaido_region.geojson
0121400,sityousontou,01_hokkaido_region.geojson,GAS\sityousontou\01_hokkaido_region.geojson
0121500,sityousontou,01_hokkaido_region.geojson,GAS\sityousontou\01_hokkaido_region.geojson
0121600,sityousontou,01_hokkaido_region.geojson,GAS\sityousontou\01_hokkaido_region.geojson
0121700,sityousontou,01_hokkaido_region.geojson,GAS\sityousontou\01_hokkaido_region.geojson
0121800,sityousontou,01_hokkaido_region.geojson,GAS\sityousontou\01_hokkaido_region.geojson
0121900,sityousontou,01_hokkaido_region.geojson,GAS\sityousontou\01_hokkaido_region.geojson
0122000,sityousontou,01_hokkaido_region.geojson,GAS\sityousontou\01_hokkaido_region.geojson
0122100,sityousontou,01_hokkaido_region.geojson,GAS\sityousontou\01_hokkaido_region.geojson
0122200,sityousontou,01_hokkaido_region.geojson,GAS\sityousontou\01_hokkaido_region.geojson
0122300,sityousontou,01_hokkaido_region.geojson,GAS\sityousontou\01_hokkaido_region.geojson
0122400,sityousontou,01_hokkaido_region.geojson,GAS\sityousontou\01_hokkaido_region.geojson
0122500,sityousontou,01_hokkaido_region.geojson,GAS\sityousontou\01_hokkaido_region.geojson
0122600,sityousontou,01_hokkaido_region.geojson,GAS\sityousontou\01_hokkaido_region.geojson
0122700,sityousontou,01_hokkaido_region.geojson,GAS\sityousontou\01_hokkaido_region.geojson
0122800,sityousontou,01_hokkaido_region.geojson,GAS\sityousontou\01_hokkaido_region.geojson
0122900,sityousontou,01_hokkaido_region.geojson,GAS\sityousontou\01_hokkaido_region.geojson
0123000,sityousontou,01_hokkaido_region.geojson,GAS\sityousontou\01_hokkaido_region.geojson
0123100,sityousontou,01_hokkaido_region.geojson,GAS\sityousontou\01_hokkaido_region.geojson
0123301,sityousontou,01_hokkaido_region.geojson,GAS\sityousontou\01_hokkaido_region.geojson
0123302,sityousontou,01_hokkaido_region.geojson,GAS\sityousontou\01_hokkaido_region.geojson
0123400,sityousontou,01_hokkaido_region.geojson,GAS\sityousontou\01_hokkaido_region.geojson
0123500,sityousontou,01_hokkaido_region.geojson,GAS\sityousontou\01_hokkaido_region.geojson
0123600,sityousontou,01_hokkaido_region.geojson,GAS\sityousontou\01_hokkaido_region.geojson
013011,1saibun,01_hokkaido_area.geojson,GAS\1saibun\01_hokkaido_area.geojson
013011,sikutyousonnwomatometatiikitou,01_hokkaido_region.geojson,GAS\sikutyousonnwomatometatiikitou\01_hokkaido_region.geojson
013012,1saibun,01_hokkaido_area.geojson,GAS\1saibun\01_hokkaido_area.geojson
013012,sikutyousonnwomatometatiikitou,01_hokkaido_region.geojson,GAS\sikutyousonnwomatometatiikitou\01_hokkaido_region.geojson
013013,1saibun,01_hokkaido_area.geojson,GAS\1saibun\01_hokkaido_area.geojson
013013,sikutyousonnwomatometatiikitou,01_hokkaido_region.geojson,GAS\sikutyousonnwomatometatiikitou\01_hokkaido_region.geojson
013020,1saibun,01_hokkaido_area.geojson,GAS\1saibun\01_hokkaido_area.geojson
013020,sikutyousonnwomatometatiikitou,01_hokkaido_region.geojson,GAS\sikutyousonnwomatometatiikitou\01_hokkaido_region.geojson
0130300,sityousontou,01_hokkaido_region.geojson,GAS\sityousontou\01_hokkaido_region.geojson
013031,1saibun,01_hokkaido_area.geojson,GAS\1saibun\01_hokkaido_area.geojson
013031,sikutyousonnwomatometatiikitou,01_hokkaido_region.geojson,GAS\sikutyousonnwomatometatiikitou\01_hokkaido_region.geojson
013032,1saibun,01_hokkaido_area.geojson,GAS\1saibun\01_hokkaido_area.geojson
013032,sikutyousonnwomatometatiikitou,01_hokkaido_region.geojson,GAS\sikutyousonnwomatometatiikitou\01_hokkaido_region.geojson
0130400,sityousontou,01_hokkaido_region.geojson,GAS\sityousontou\01_hokkaido_region.geojson
0133100,sityousontou,01_hokkaido_region.geojson,GAS\sityousontou\01_hokkaido_region.geojson
0133200,sityousontou,01_hokkaido_region.geojson,GAS\sityousontou\01_hokkaido_region.geojson
0133300,sityousontou,01_hokkaido_region.geojson,GAS\sityousontou\01_hokkaido_region.geojson
0133400,sityousontou,01_hokkaido_region.geojson,GAS\sityousontou\01_hokkaido_region.geojson
0133700,sityousontou,01_hokkaido_region.geojson,GAS\sityousontou\01_hokkaido_region.geojson
0134300,sityousontou,01_hokkaido_region.geojson,GAS\sityousontou\01_hokkaido_region.geojson
0134500,sityousontou,01_hokkaido_region.geojson,GAS\sityousontou\01_hokkaido_region.geojson
0134601,sityousontou,01_hokkaido_region.geojson,GAS\sityousontou\01_hokkaido_region.geojson
0134602,sityousontou,01_hokkaido_region.geojson,GAS\sityousontou\01_hokkaido_region.geojson
0134700,sityousontou,01_hokkaido_region.geojson,GAS\sityousontou\01_hokkaido_region.geojson
0136100,sityousontou,01_hokkaido_region.geojson,GAS\sityousontou\01_hokkaido_region.geojson
0136200,sityousontou,01_hokkaido_region.geojson,GAS\sityousontou\01_hokkaido_region.geojson
0136300,sityousontou,01_hokkaido_region.geojson,GAS\sityousontou\01_hokkaido_region.geojson
0136400,sityousontou,01_hokkaido_region.geojson,GAS\sityousontou\01_hokkaido_region.geojson
0136700,sityousontou,01_hokkaido_region.geojson,GAS\sityousontou\01_hokkaido_region.geojson
0137000,sityousontou,01_hokkaido_region.geojson,GAS\sityousontou\01_hokkaido_region.geojson
0137100,sityousontou,01_hokkaido_region.geojson,GAS\sityousontou\01_hokkaido_region.geojson
0139100,sityousontou,01_hokkaido_region.geojson,GAS\sityousontou\01_hokkaido_region.geojson
0139200,sityousontou,01_hokkaido_region.geojson,GAS\sityousontou\01_hokkaido_region.geojson
0139300,sityousontou,01_hokkaido_region.geojson,GAS\sityousontou\01_hokkaido_region.geojson
0139400,sityousontou,01_hokkaido_region.geojson,GAS\sityousontou\01_hokkaido_region.geojson
0139500,sityousontou,01_hokkaido_region.geojson,GAS\sityousontou\01_hokkaido_region.geojson
0139600,sityousontou,01_hokkaido_region.geojson,GAS\sityousontou\01_hokkaido_region.geojson
0139700,sityousontou,01_hokkaido_region.geojson,GAS\sityousontou\01_hokkaido_region.geojson
0139800,sityousontou,01_hokkaido_region.geojson,GAS\sityousontou\01_hokkaido_region.geojson
0139900,sityousontou,01_hokkaido_region.geojson,GAS\sityousontou\01_hokkaido_region.geojson
0140000,sityousontou,01_hokkaido_region.geojson,GAS\sityousontou\01_hokkaido_region.geojson
0140100,sityousontou,01_hokkaido_region.geojson,GAS\sityousontou\01_hokkaido_region.geojson
014011,1saibun,01_hokkaido_area.geojson,GAS\1saibun\01_hokkaido_area.geojson
014011,sikutyousonnwomatometatiikitou,01_hokkaido_region.geojson,GAS\sikutyousonnwomatometatiikitou\01_hokkaido_region.geojson
014012,1saibun,01_hokkaido_area.geojson,GAS\1saibun\01_hokkaido_area.geojson
014012,sikutyousonnwomatometatiikitou,01_hokkaido_region.geojson,GAS\sikutyousonnwomatometatiikitou\01_hokkaido_region.geojson
014013,1saibun,01_hokkaido_area.geojson,GAS\1saibun\01_hokkaido_area.geojson
014013,sikutyousonnwomatometatiikitou,01_hokkaido_region.geojson,GAS\sikutyousonnwomatometatiikitou\01_hokkaido_region.geojson
0140200,sityousontou,01_hokkaido_region.geojson,GAS\sityousontou\01_hokkaido_region.geojson
014021,1saibun,01_hokkaido_area.geojson,GAS\1saibun\01_hokkaido_area.geojson
014021,sikutyousonnwomatometatiikitou,01_hokkaido_region.geojson,GAS\sikutyousonnwomatometatiikitou\01_hokkaido_region.geojson
014022,1saibun,01_hokkaido_area.geojson,GAS\1saibun\01_hokkaido_area.geojson
014022,sikutyousonnwomatometatiikitou,01_hokkaido_region.geojson,GAS\sikutyousonnwomatometatiikitou\01_hokkaido_region.geojson
014023,1saibun,01_hokkaido_area.geojson,GAS\1saibun\01_hokkaido_area.geojson
014023,sikutyousonnwomatometatiikitou,01_hokkaido_region.geojson,GAS\sikutyousonnwomatometatiikitou\01_hokkaido_region.geojson
014024,1saibun,01_hokkaido_area.geojson,GAS\1saibun\01_hokkaido_area.geojson
014024,sikutyousonnwomatometatiikitou,01_hokkaido_region.geojson,GAS\sikutyousonnwomatometatiikitou\01_hokkaido_region.geojson
0140300,sityousontou,01_hokkaido_region.geojson,GAS\sityousontou\01_hokkaido_region.geojson
014031,1saibun,01_hokkaido_area.geojson,GAS\1saibun\01_hokkaido_area.geojson
014031,sikutyousonnwomatometatiikitou,01_hokkaido_region.geojson,GAS\sikutyousonnwomatometatiikitou\01_hokkaido_region.geojson
014032,1saibun,01_hokkaido_area.geojson,GAS\1saibun\01_hokkaido_area.geojson
014032,sikutyousonnwomatometatiikitou,01_hokkaido_region.geojson,GAS\sikutyousonnwomatometatiikitou\01_hokkaido_region.geojson
014033,1saibun,01_hokkaido_area.geojson,GAS\1saibun\01_hokkaido_area.geojson
014033,sikutyousonnwomatometatiikitou,01_hokkaido_region.geojson,GAS\sikutyousonnwomatometatiikitou\01_hokkaido_region.geojson
0140400,sityousontou,01_hokkaido_region.geojson,GAS\sityousontou\01_hokkaido_region.geojson
0140500,sityousontou,01_hokkaido_region.geojson,GAS\sityousontou\01_hokkaido_region.geojson
0140600,sityousontou,01_hokkaido_region.geojson,GAS\sityousontou\01_hokkaido_region.geojson
0140700,sityousontou,01_hokkaido_region.geojson,GAS\sityousontou\01_hokkaido_region.geojson
0140800,sityousontou,01_hokkaido_region.geojson,GAS\sityousontou\01_hokkaido_region.geojson
0140900,sityousontou,01_hokkaido_region.geojson,GAS\sityousontou\01_hokkaido_region.geojson
0142300,sityousontou,01_hokkaido_region.geojson,GAS\sityousontou\01_hokkaido_region.geojson
0142400,sityousontou,01_hokkaido_region.geojson,GAS\sityousontou\01_hokkaido_region.geojson
0142500,sityousontou,01_hokkaido_region.geojson,GAS\sityousontou\01_hokkaido_region.geojson
0142700,sityousontou,01_hokkaido_region.geojson,GAS\sityousontou\01_hokkaido_region.geojson
0142800,sityousontou,01_hokkaido_region.geojson,GAS\sityousontou\01_hokkaido_region.geojson
0142900,sityousontou,01_hokkaido_region.geojson,GAS\sityousontou\01_hokkaido_region.geojson
0143000,sityousontou,01_hokkaido_region.geojson,GAS\sityousontou\01_hokkaido_region.geojson
0143100,sityousontou,01_hokkaido_region.geojson,GAS\sityousontou\01_hokkaido_region.geojson
0143200,sityousontou,01_hokkaido_region.geojson,GAS\sityousontou\01_hokkaido_region.geojson
0143300,sityousontou,01_hokkaido_region.geojson,GAS\sityousontou\01_hokkaido_region.geojson
0143400,sityousontou,01_hokkaido_region.geojson,GAS\sityousontou\01_hokkaido_region.geojson
0143600,sityousontou,01_hokkaido_region.geojson,GAS\sityousontou\01_hokkaido_region.geojson
0143700,sityousontou,01_hokkaido_region.geojson,GAS\sityousontou\01_hokkaido_region.geojson
0143800,sityousontou,01_hokkaido_region.geojson,GAS\sityousontou\01_hokkaido_region.geojson
0145200,sityousontou,01_hokkaido_region.geojson,GAS\sityousontou\01_hokkaido_region.geojson
0145300,sityousontou,01_hokkaido_region.geojson,GAS\sityousontou\01_hokkaido_region.geojson
0145400,sityousontou,01_hokkaido_region.geojson,GAS\sityousontou\01_hokkaido_region.geojson
0145500,sityousontou,01_hokkaido_region.geojson,GAS\sityousontou\01_hokkaido_region.geojson
0145600,sityousontou,01_hokkaido_region.geojson,GAS\sityousontou\01_hokkaido_region.geojson
0145700,sityousontou,01_hokkaido_region.geojson,GAS\sityousontou\01_hokkaido_region.geojson
0145800,sityousontou,01_hokkaido_region.geojson,GAS\sityousontou\01_hokkaido_region.geojson
0145900,sityousontou,01_hokkaido_region.geojson,GAS\sityousontou\01_hokkaido_region.geojson
0146000,sityousontou,01_hokkaido_region.geojson,GAS\sityousontou\01_hokkaido_region.geojson
0146100,sityousontou,01_hokkaido_region.geojson,GAS\sityousontou\01_hokkaido_region.geojson
0146200,sityousontou,01_hokkaido_region.geojson,GAS\sityousontou\01_hokkaido_region.geojson
0146300,sityousontou,01_hokkaido_region.geojson,GAS\sityousontou\01_hokkaido_region.geojson
0146400,sityousontou,01_hokkaido_region.geojson,GAS\sityousontou\01_hokkaido_region.geojson
0146500,sityousontou,01_hokkaido_region.geojson,GAS\sityousontou\01_hokkaido_region.geojson
0146800,sityousontou,01_hokkaido_region.geojson,GAS\sityousontou\01_hokkaido_region.geojson
0146900,sityousontou,01_hokkaido_region.geojson,GAS\sityousontou\01_hokkaido_region.geojson
0147000,sityousontou,01_hokkaido_region.geojson,GAS\sityousontou\01_hokkaido_region.geojson
0147100,sityousontou,01_hokkaido_region.geojson,GAS\sityousontou\01_hokkaido_region.geojson
0147200,sityousontou,01_hokkaido_region.geojson,GAS\sityousontou\01_hokkaido_region.geojson
0148100,sityousontou,01_hokkaido_region.geojson,GAS\sityousontou\01_hokkaido_region.geojson
0148200,sityousontou,01_hokkaido_region.geojson,GAS\sityousontou\01_hokkaido_region.geojson
0148300,sityousontou,01_hokkaido_region.geojson,GAS\sityousontou\01_hokkaido_region.geojson
0148401,sityousontou,01_hokkaido_region.geojson,GAS\sityousontou\01_hokkaido_region.geojson
0148402,sityousontou,01_hokkaido_region.geojson,GAS\sityousontou\01_hokkaido_region.geojson
0148500,sityousontou,01_hokkaido_region.geojson,GAS\sityousontou\01_hokkaido_region.geojson
0148600,sityousontou,01_hokkaido_region.geojson,GAS\sityousontou\01_hokkaido_region.geojson
0148700,sityousontou,01_hokkaido_region.geojson,GAS\sityousontou\01_hokkaido_region.geojson
015011,1saibun,01_hokkaido_area.geojson,GAS\1saibun\01_hokkaido_area.geojson
015011,sikutyousonnwomatometatiikitou,01_hokkaido_region.geojson,GAS\sikutyousonnwomatometatiikitou\01_hokkaido_region.geojson
015012,1saibun,01_hokkaido_area.geojson,GAS\1saibun\01_hokkaido_area.geojson
015012,sikutyousonnwomatometatiikitou,01_hokkaido_region.geojson,GAS\sikutyousonnwomatometatiikitou\01_hokkaido_region.geojson
015013,1saibun,01_hokkaido_area.geojson,GAS\1saibun\01_hokkaido_area.geojson
015013,sikutyousonnwomatometatiikitou,01_hokkaido_region.geojson,GAS\sikutyousonnwomatometatiikitou\01_hokkaido_region.geojson
015021,1saibun,01_hokkaido_area.geojson,GAS\1saibun\01_hokkaido_area.geojson
015021,sikutyousonnwomatometatiikitou,01_hokkaido_region.geojson,GAS\sikutyousonnwomatometatiikitou\01_hokkaido_region.geojson
015022,1saibun,01_hokkaido_area.geojson,GAS\1saibun\01_hokkaido_area.geojson
015022,sikutyousonnwomatometatiikitou,01_hokkaido_region.geojson,GAS\sikutyousonnwomatometatiikitou\01_hokkaido_region.geojson
015023,1saibun,01_hokkaido_area.geojson,GAS\1saibun\01_hokkaido_area.geojson
015023,sikutyousonnwomatometatiikitou,01_hokkaido_region.geojson,GAS\sikutyousonnwomatometatiikitou\01_hokkaido_region.geojson
0151100,sityousontou,01_hokkaido_region.geojson,GAS\sityousontou\01_hokkaido_region.geojson
0151200,sityousontou,01_hokkaido_region.geojson,GAS\sityousontou\01_hokkaido_region.geojson
0151300,sityousontou,01_hokkaido_region.geojson,GAS\sityousontou\01_hokkaido_region.geojson
0151400,sityousontou,01_hokkaido_region.geojson,GAS\sityousontou\01_hokkaido_region.geojson
0151600,sityousontou,01_hokkaido_region.geojson,GAS\sityousontou\01_hokkaido_region.geojson
0151700,sityousontou,01_hokkaido_region.geojson,GAS\sityousontou\01_hokkaido_region.geojson
0151800,sityousontou,01_hokkaido_region.geojson,GAS\sityousontou\01_hokkaido_region.geojson
0151900,sityousontou,01_hokkaido_region.geojson,GAS\sityousontou\01_hokkaido_region.geojson
0152000,sityousontou,01_hokkaido_region.geojson,GAS\sityousontou\01_hokkaido_region.geojson
0154300,sityousontou,01_hokkaido_region.geojson,GAS\sityousontou\01_hokkaido_region.geojson
0154400,sityousontou,01_hokkaido_region.geojson,GAS\sityousontou\01_hokkaido_region.geojson
0154500,sityousontou,01_hokkaido_region.geojson,GAS\sityousontou\01_hokkaido_region.geojson
0154600,sityousontou,01_hokkaido_region.geojson,GAS\sityousontou\01_hokkaido_region.geojson
0154700,sityousontou,01_hokkaido_region.geojson,GAS\sityousontou\01_hokkaido_region.geojson
0154900,sityousontou,01_hokkaido_region.geojson,GAS\sityousontou\01_hokkaido_region.geojson
0155000,sityousontou,01_hokkaido_region.geojson,GAS\sityousontou\01_hokkaido_region.geojson
0155200,sityousontou,01_hokkaido_region.geojson,GAS\sityousontou\01_hokkaido_region.geojson
0155500,sityousontou,01_hokkaido_region.geojson,GAS\sityousontou\01_hokkaido_region.geojson
0155900,sityousontou,01_hokkaido_region.geojson,GAS\sityousontou\01_hokkaido_region.geojson
0156000,sityousontou,01_hokkaido_region.geojson,GAS\sityousontou\01_hokkaido_region.geojson
0156100,sityousontou,01_hokkaido_region.geojson,GAS\sityousontou\01_hokkaido_region.geojson
0156200,sityousontou,01_hokkaido_region.geojson,GAS\sityousontou\01_hokkaido_region.geojson
0156300,sityousontou,01_hokkaido_region.geojson,GAS\sityousontou\01_hokkaido_region.geojson
0156400,sityousontou,01_hokkaido_region.geojson,GAS\sityousontou\01_hokkaido_region.geojson
0157100,sityousontou,01_hokkaido_region.geojson,GAS\sityousontou\01_hokkaido_region.geojson
0157500,sityousontou,01_hokkaido_region.geojson,GAS\sityousontou\01_hokkaido_region.geojson
0157800,sityousontou,01_hokkaido_region.geojson,GAS\sityousontou\01_hokkaido_region.geojson
0158100,sityousontou,01_hokkaido_region.geojson,GAS\sityousontou\01_hokkaido_region.geojson
0158400,sityousontou,01_hokkaido_region.geojson,GAS\sityousontou\01_hokkaido_region.geojson
0158500,sityousontou,01_hokkaido_region.geojson,GAS\sityousontou\01_hokkaido_region.geojson
0158600,sityousontou,01_hokkaido_region.geojson,GAS\sityousontou\01_hokkaido_region.geojson
0160101,sityousontou,01_hokkaido_region.geojson,GAS\sityousontou\01_hokkaido_region.geojson
0160102,sityousontou,01_hokkaido_region.geojson,GAS\sityousontou\01_hokkaido_region.geojson
016011,1saibun,01_hokkaido_area.geojson,GAS\1saibun\01_hokkaido_area.geojson
016011,sikutyousonnwomatometatiikitou,01_hokkaido_region.geojson,GAS\sikutyousonnwomatometatiikitou\01_hokkaido_region.geojson
016012,1saibun,01_hokkaido_area.geojson,GAS\1saibun\01_hokkaido_area.geojson
016012,sikutyousonnwomatometatiikitou,01_hokkaido_region.geojson,GAS\sikutyousonnwomatometatiikitou\01_hokkaido_region.geojson
016013,1saibun,01_hokkaido_area.geojson,GAS\1saibun\01_hokkaido_area.geojson
016013,sikutyousonnwomatometatiikitou,01_hokkaido_region.geojson,GAS\sikutyousonnwomatometatiikitou\01_hokkaido_region.geojson
0160200,sityousontou,01_hokkaido_region.geojson,GAS\sityousontou\01_hokkaido_region.geojson
016021,1saibun,01_hokkaido_area.geojson,GAS\1saibun\01_hokkaido_area.geojson
016021,sikutyousonnwomatometatiikitou,01_hokkaido_region.geojson,GAS\sikutyousonnwomatometatiikitou\01_hokkaido_region.geojson
016022,1saibun,01_hokkaido_area.geojson,GAS\1saibun\01_hokkaido_area.geojson
016022,sikutyousonnwomatometatiikitou,01_hokkaido_region.geojson,GAS\sikutyousonnwomatometatiikitou\01_hokkaido_region.geojson
016023,1saibun,01_hokkaido_area.geojson,GAS\1saibun\01_hokkaido_area.geojson
016023,sikutyousonnwomatometatiikitou,01_hokkaido_region.geojson,GAS\sikutyousonnwomatometatiikitou\01_hokkaido_region.geojson
016031,1saibun,01_hokkaido_area.geojson,GAS\1saibun\01_hokkaido_area.geojson
016031,sikutyousonnwomatometatiikitou,01_hokkaido_region.geojson,GAS\sikutyousonnwomatometatiikitou\01_hokkaido_region.geojson
016032,1saibun,01_hokkaido_area.geojson,GAS\1saibun\01_hokkaido_area.geojson
016032,sikutyousonnwomatometatiikitou,01_hokkaido_region.geojson,GAS\sikutyousonnwomatometatiikitou\01_hokkaido_region.geojson
016033,1saibun,01_hokkaido_area.geojson,GAS\1saibun\01_hokkaido_area.geojson
016033,sikutyousonnwomatometatiikitou,01_hokkaido_region.geojson,GAS\sikutyousonnwomatometatiikitou\01_hokkaido_region.geojson
0160400,sityousontou,01_hokkaido_region.geojson,GAS\sityousontou\01_hokkaido_region.geojson
0160700,sityousontou,01_hokkaido_region.geojson,GAS\sityousontou\01_hokkaido_region.geojson
0160800,sityousontou,01_hokkaido_region.geojson,GAS\sityousontou\01_hokkaido_region.geojson
0160900,sityousontou,01_hokkaido_region.geojson,GAS\sityousontou\01_hokkaido_region.geojson
0161000,sityousontou,01_hokkaido_region.geojson,GAS\sityousontou\01_hokkaido_region.geojson
0163100,sityousontou,01_hokkaido_region.geojson,GAS\sityousontou\01_hokkaido_region.geojson
0163200,sityousontou,01_hokkaido_region.geojson,GAS\sityousontou\01_hokkaido_region.geojson
0163300,sityousontou,01_hokkaido_region.geojson,GAS\sityousontou\01_hokkaido_region.geojson
0163400,sityousontou,01_hokkaido_region.geojson,GAS\sityousontou\01_hokkaido_region.geojson
0163500,sityousontou,01_hokkaido_region.geojson,GAS\sityousontou\01_hokkaido_region.geojson
0163600,sityousontou,01_hokkaido_region.geojson,GAS\sityousontou\01_hokkaido_region.geojson
0163700,sityousontou,01_hokkaido_region.geojson,GAS\sityousontou\01_hokkaido_region.geojson
0163800,sityousontou,01_hokkaido_region.geojson,GAS\sityousontou\01_hokkaido_region.geojson
0163900,sityousontou,01_hokkaido_region.geojson,GAS\sityousontou\01_hokkaido_region.geojson
0164100,sityousontou,01_hokkaido_region.geojson,GAS\sityousontou\01_hokkaido_region.geojson
0164200,sityousontou,01_hokkaido_region.geojson,GAS\sityousontou\01_hokkaido_region.geojson
0164300,sityousontou,01_hokkaido_region.geojson,GAS\sityousontou\01_hokkaido_region.geojson
0164400,sityousontou,01_hokkaido_region.geojson,GAS\sityousontou\01_hokkaido_region.geojson
0164500,sityousontou,01_hokkaido_region.geojson,GAS\sityousontou\01_hokkaido_region.geojson
0164600,sityousontou,01_hokkaido_region.geojson,GAS\sityousontou\01_hokkaido_region.geojson
0164700,sityousontou,01_hokkaido_region.geojson,GAS\sityousontou\01_hokkaido_region.geojson
0164800,sityousontou,01_hokkaido_region.geojson,GAS\sityousontou\01_hokkaido_region.geojson
0164900,sityousontou,01_hokkaido_region.geojson,GAS\sityousontou\01_hokkaido_region.geojson
0166100,sityousontou,01_hokkaido_region.geojson,GAS\sityousontou\01_hokkaido_region.geojson
0166200,sityousontou,01_hokkaido_region.geojson,GAS\sityousontou\01_hokkaido_region.geojson
0166300,sityousontou,01_hokkaido_region.geojson,GAS\sityousontou\01_hokkaido_region.geojson
0166400,sityousontou,01_hokkaido_region.geojson,GAS\sityousontou\01_hokkaido_region.geojson
0166500,sityousontou,01_hokkaido_region.geojson,GAS\sityousontou\01_hokkaido_region.geojson
0166700,sityousontou,01_hokkaido_region.geojson,GAS\sityousontou\01_hokkaido_region.geojson
0166800,sityousontou,01_hokkaido_region.geojson,GAS\sityousontou\01_hokkaido_region.geojson
0169100,sityousontou,01_hokkaido_region.geojson,GAS\sityousontou\01_hokkaido_region.geojson
0169200,sityousontou,01_hokkaido_region.geojson,GAS\sityousontou\01_hokkaido_region.geojson
0169300,sityousontou,01_hokkaido_region.geojson,GAS\sityousontou\01_hokkaido_region.geojson
0169400,sityousontou,01_hokkaido_region.geojson,GAS\sityousontou\01_hokkaido_region.geojson
017011,1saibun,01_hokkaido_area.geojson,GAS\1saibun\01_hokkaido_area.geojson
017011,sikutyousonnwomatometatiikitou,01_hokkaido_region.geojson,GAS\sikutyousonnwomatometatiikitou\01_hokkaido_region.geojson
017012,1saibun,01_hokkaido_area.geojson,GAS\1saibun\01_hokkaido_area.geojson
017012,sikutyousonnwomatometatiikitou,01_hokkaido_region.geojson,GAS\sikutyousonnwomatometatiikitou\01_hokkaido_region.geojson
017013,1saibun,01_hokkaido_area.geojson,GAS\1saibun\01_hokkaido_area.geojson
017013,sikutyousonnwomatometatiikitou,01_hokkaido_region.geojson,GAS\sikutyousonnwomatometatiikitou\01_hokkaido_region.geojson
017021,1saibun,01_hokkaido_area.geojson,GAS\1saibun\01_hokkaido_area.geojson
017021,sikutyousonnwomatometatiikitou,01_hokkaido_region.geojson,GAS\sikutyousonnwomatometatiikitou\01_hokkaido_region.geojson
017022,1saibun,01_hokkaido_area.geojson,GAS\1saibun\01_hokkaido_area.geojson
017022,sikutyousonnwomatometatiikitou,01_hokkaido_region.geojson,GAS\sikutyousonnwomatometatiikitou\01_hokkaido_region.geojson
017023,1saibun,01_hokkaido_area.geojson,GAS\1saibun\01_hokkaido_area.geojson
017023,sikutyousonnwomatometatiikitou,01_hokkaido_region.geojson,GAS\sikutyousonnwomatometatiikitou\01_hokkaido_region.geojson
02,hukenyohoukutou,02_aomori_forecast.geojson,GAS\hukenyohoukutou\02_aomori_forecast.geojson
020011,1saibun,02_aomori_area.geojson,GAS\1saibun\02_aomori_area.geojson
020011,sikutyousonnwomatometatiikitou,02_aomori_region.geojson,GAS\sikutyousonnwomatometatiikitou\02_aomori_region.geojson
020012,1saibun,02_aomori_area.geojson,GAS\1saibun\02_aomori_area.geojson
020012,sikutyousonnwomatometatiikitou,02_aomori_region.geojson,GAS\sikutyousonnwomatometatiikitou\02_aomori_region.geojson
020013,1saibun,02_aomori_area.geojson,GAS\1saibun\02_aomori_area.geojson
020013,sikutyousonnwomatometatiikitou,02_aomori_region.geojson,GAS\sikutyousonnwomatometatiikitou\02_aomori_region.geojson
020014,1saibun,02_aomori_area.geojson,GAS\1saibun\02_aomori_area.geojson
020014,sikutyousonnwomatometatiikitou,02_aomori_region.geojson,GAS\sikutyousonnwomatometatiikitou\02_aomori_region.geojson
020020,1saibun,02_aomori_area.geojson,GAS\1saibun\02_aomori_area.geojson
020020,sikutyousonnwomatometatiikitou,02_aomori_region.geojson,GAS\sikutyousonnwomatometatiikitou\02_aomori_region.geojson
020031,1saibun,02_aomori_area.geojson,GAS\1saibun\02_aomori_area.geojson
020031,sikutyousonnwomatometatiikitou,02_aomori_region.geojson,GAS\sikutyousonnwomatometatiikitou\02_aomori_region.geojson
020032,1saibun,02_aomori_area.geojson,GAS\1saibun\02_aomori_area.geojson
020032,sikutyousonnwomatometatiikitou,02_aomori_region.geojson,GAS\sikutyousonnwomatometatiikitou\02_aomori_region.geojson
0220100,sityousontou,02_aomori_region.geojson,GAS\sityousontou\02_aomori_region.geojson
0220200,sityousontou,02_aomori_region.geojson,GAS\sityousontou\02_aomori_region.geojson
0220300,sityousontou,02_aomori_region.geojson,GAS\sityousontou\02_aomori_region.geojson
0220400,sityousontou,02_aomori_region.geojson,GAS\sityousontou\02_aomori_region.geojson
0220500,sityousontou,02_aomori_region.geojson,GAS\sityousontou\02_aomori_region.geojson
0220600,sityousontou,02_aomori_region.geojson,GAS\sityousontou\02_aomori_region.geojson
0220700,sityousontou,02_aomori_region.geojson,GAS\sityousontou\02_aomori_region.geojson
0220800,sityousontou,02_aomori_region.geojson,GAS\sityousontou\02_aomori_region.geojson
0220900,sityousontou,02_aomori_region.geojson,GAS\sityousontou\02_aomori_region.geojson
0221000,sityousontou,02_aomori_region.geojson,GAS\sityousontou\02_aomori_region.geojson
0230100,sityousontou,02_aomori_region.geojson,GAS\sityousontou\02_aomori_region.geojson
0230300,sityousontou,02_aomori_region.geojson,GAS\sityousontou\02_aomori_region.geojson
0230400,sityousontou,02_aomori_region.geojson,GAS\sityousontou\02_aomori_region.geojson
0230700,sityousontou,02_aomori_region.geojson,GAS\sityousontou\02_aomori_region.geojson
0232100,sityousontou,02_aomori_region.geojson,GAS\sityousontou\02_aomori_region.geojson
0232300,sityousontou,02_aomori_region.geojson,GAS\sityousontou\02_aomori_region.geojson
0234300,sityousontou,02_aomori_region.geojson,GAS\sityousontou\02_aomori_region.geojson
0236100,sityousontou,02_aomori_region.geojson,GAS\sityousontou\02_aomori_region.geojson
0236200,sityousontou,02_aomori_region.geojson,GAS\sityousontou\02_aomori_region.geojson
0236700,sityousontou,02_aomori_region.geojson,GAS\sityousontou\02_aomori_region.geojson
0238100,sityousontou,02_aomori_region.geojson,GAS\sityousontou\02_aomori_region.geojson
0238400,sityousontou,02_aomori_region.geojson,GAS\sityousontou\02_aomori_region.geojson
0238700,sityousontou,02_aomori_region.geojson,GAS\sityousontou\02_aomori_region.geojson
0240100,sityousontou,02_aomori_region.geojson,GAS\sityousontou\02_aomori_region.geojson
0240200,sityousontou,02_aomori_region.geojson,GAS\sityousontou\02_aomori_region.geojson
0240500,sityousontou,02_aomori_region.geojson,GAS\sityousontou\02_aomori_region.geojson
0240600,sityousontou,02_aomori_region.geojson,GAS\sityousontou\02_aomori_region.geojson
0240800,sityousontou,02_aomori_region.geojson,GAS\sityousontou\02_aomori_region.geojson
0241100,sityousontou,02_aomori_region.geojson,GAS\sityousontou\02_aomori_region.geojson
0241200,sityousontou,02_aomori_region.geojson,GAS\sityousontou\02_aomori_region.geojson
0242300,sityousontou,02_aomori_region.geojson,GAS\sityousontou\02_aomori_region.geojson
0242400,sityousontou,02_aomori_region.geojson,GAS\sityousontou\02_aomori_region.geojson
0242500,sityousontou,02_aomori_region.geojson,GAS\sityousontou\02_aomori_region.geojson
0242600,sityousontou,02_aomori_region.geojson,GAS\sityousontou\02_aomori_region.geojson
0244100,sityousontou,02_aomori_region.geojson,GAS\sityousontou\02_aomori_region.geojson
0244200,sityousontou,02_aomori_region.geojson,GAS\sityousontou\02_aomori_region.geojson
0244300,sityousontou,02_aomori_region.geojson,GAS\sityousontou\02_aomori_region.geojson
0244500,sityousontou,02_aomori_region.geojson,GAS\sityousontou\02_aomori_region.geojson
0244600,sityousontou,02_aomori_region.geojson,GAS\sityousontou\02_aomori_region.geojson
0245000,sityousontou,02_aomori_region.geojson,GAS\sityousontou\02_aomori_region.geojson
03,hukenyohoukutou,03_iwate_forecast.geojson,GAS\hukenyohoukutou\03_iwate_forecast.geojson
030011,1saibun,03_iwate_area.geojson,GAS\1saibun\03_iwate_area.geojson
030011,sikutyousonnwomatometatiikitou,03_iwate_region.geojson,GAS\sikutyousonnwomatometatiikitou\03_iwate_region.geojson
030012,1saibun,03_iwate_area.geojson,GAS\1saibun\03_iwate_area.geojson
030012,sikutyousonnwomatometatiikitou,03_iwate_region.geojson,GAS\sikutyousonnwomatometatiikitou\03_iwate_region.geojson
030013,1saibun,03_iwate_area.geojson,GAS\1saibun\03_iwate_area.geojson
030013,sikutyousonnwomatometatiikitou,03_iwate_region.geojson,GAS\sikutyousonnwomatometatiikitou\03_iwate_region.geojson
030014,1saibun,03_iwate_area.geojson,GAS\1saibun\03_iwate_area.geojson
030014,sikutyousonnwomatometatiikitou,03_iwate_region.geojson,GAS\sikutyousonnwomatometatiikitou\03_iwate_region.geojson
030015,1saibun,03_iwate_area.geojson,GAS\1saibun\03_iwate_area.geojson
030015,sikutyousonnwomatometatiikitou,03_iwate_region.geojson,GAS\sikutyousonnwomatometatiikitou\03_iwate_region.geojson
030016,1saibun,03_iwate_area.geojson,GAS\1saibun\03_iwate_area.geojson
030016,sikutyousonnwomatometatiikitou,03_iwate_region.geojson,GAS\sikutyousonnwomatometatiikitou\03_iwate_region.geojson
030021,1saibun,03_iwate_area.geojson,GAS\1saibun\03_iwate_area.geojson
030021,sikutyousonnwomatometatiikitou,03_iwate_region.geojson,GAS\sikutyousonnwomatometatiikitou\03_iwate_region.geojson
030022,1saibun,03_iwate_area.geojson,GAS\1saibun\03_iwate_area.geojson
030022,sikutyousonnwomatometatiikitou,03_iwate_region.geojson,GAS\sikutyousonnwomatometatiikitou\03_iwate_region.geojson
030031,1saibun,03_iwate_area.geojson,GAS\1saibun\03_iwate_area.geojson
030031,sikutyousonnwomatometatiikitou,03_iwate_region.geojson,GAS\sikutyousonnwomatometatiikitou\03_iwate_region.geojson
030032,1saibun,03_iwate_area.geojson,GAS\1saibun\03_iwate_area.geojson
030032,sikutyousonnwomatometatiikitou,03_iwate_region.geojson,GAS\sikutyousonnwomatometatiikitou\03_iwate_region.geojson
0320100,sityousontou,03_iwate_region.geojson,GAS\sityousontou\03_iwate_region.geojson
0320200,sityousontou,03_iwate_region.geojson,GAS\sityousontou\03_iwate_region.geojson
0320300,sityousontou,03_iwate_region.geojson,GAS\sityousontou\03_iwate_region.geojson
0320500,sityousontou,03_iwate_region.geojson,GAS\sityousontou\03_iwate_region.geojson
0320600,sityousontou,03_iwate_region.geojson,GAS\sityousontou\03_iwate_region.geojson
0320700,sityousontou,03_iwate_region.geojson,GAS\sityousontou\03_iwate_region.geojson
0320800,sityousontou,03_iwate_region.geojson,GAS\sityousontou\03_iwate_region.geojson
0320900,sityousontou,03_iwate_region.geojson,GAS\sityousontou\03_iwate_region.geojson
0321000,sityousontou,03_iwate_region.geojson,GAS\sityousontou\03_iwate_region.geojson
0321100,sityousontou,03_iwate_region.geojson,GAS\sityousontou\03_iwate_region.geojson
0321300,sityousontou,03_iwate_region.geojson,GAS\sityousontou\03_iwate_region.geojson
0321400,sityousontou,03_iwate_region.geojson,GAS\sityousontou\03_iwate_region.geojson
0321500,sityousontou,03_iwate_region.geojson,GAS\sityousontou\03_iwate_region.geojson
0321600,sityousontou,03_iwate_region.geojson,GAS\sityousontou\03_iwate_region.geojson
0330100,sityousontou,03_iwate_region.geojson,GAS\sityousontou\03_iwate_region.geojson
0330200,sityousontou,03_iwate_region.geojson,GAS\sityousontou\03_iwate_region.geojson
0330300,sityousontou,03_iwate_region.geojson,GAS\sityousontou\03_iwate_region.geojson
0332100,sityousontou,03_iwate_region.geojson,GAS\sityousontou\03_iwate_region.geojson
0332200,sityousontou,03_iwate_region.geojson,GAS\sityousontou\03_iwate_region.geojson
0336600,sityousontou,03_iwate_region.geojson,GAS\sityousontou\03_iwate_region.geojson
0338100,sityousontou,03_iwate_region.geojson,GAS\sityousontou\03_iwate_region.geojson
0340200,sityousontou,03_iwate_region.geojson,GAS\sityousontou\03_iwate_region.geojson
0344100,sityousontou,03_iwate_region.geojson,GAS\sityousontou\03_iwate_region.geojson
0346100,sityousontou,03_iwate_region.geojson,GAS\sityousontou\03_iwate_region.geojson
0348200,sityousontou,03_iwate_region.geojson,GAS\sityousontou\03_iwate_region.geojson
0348300,sityousontou,03_iwate_region.geojson,GAS\sityousontou\03_iwate_region.geojson
0348400,sityousontou,03_iwate_region.geojson,GAS\sityousontou\03_iwate_region.geojson
0348500,sityousontou,03_iwate_region.geojson,GAS\sityousontou\03_iwate_region.geojson
0350100,sityousontou,03_iwate_region.geojson,GAS\sityousontou\03_iwate_region.geojson
0350300,sityousontou,03_iwate_region.geojson,GAS\sityousontou\03_iwate_region.geojson
0350600,sityousontou,03_iwate_region.geojson,GAS\sityousontou\03_iwate_region.geojson
0350700,sityousontou,03_iwate_region.geojson,GAS\sityousontou\03_iwate_region.geojson
0352400,sityousontou,03_iwate_region.geojson,GAS\sityousontou\03_iwate_region.geojson
04,hukenyohoukutou,04_miyagi_forecast.geojson,GAS\hukenyohoukutou\04_miyagi_forecast.geojson
040011,1saibun,04_miyagi_area.geojson,GAS\1saibun\04_miyagi_area.geojson
040011,sikutyousonnwomatometatiikitou,04_miyagi_region.geojson,GAS\sikutyousonnwomatometatiikitou\04_miyagi_region.geojson
040012,1saibun,04_miyagi_area.geojson,GAS\1saibun\04_miyagi_area.geojson
040012,sikutyousonnwomatometatiikitou,04_miyagi_region.geojson,GAS\sikutyousonnwomatometatiikitou\04_miyagi_region.geojson
040013,1saibun,04_miyagi_area.geojson,GAS\1saibun\04_miyagi_area.geojson
040013,sikutyousonnwomatometatiikitou,04_miyagi_region.geojson,GAS\sikutyousonnwomatometatiikitou\04_miyagi_region.geojson
040014,1saibun,04_miyagi_area.geojson,GAS\1saibun\04_miyagi_area.geojson
040014,sikutyousonnwomatometatiikitou,04_miyagi_region.geojson,GAS\sikutyousonnwomatometatiikitou\04_miyagi_region.geojson
040015,1saibun,04_miyagi_area.geojson,GAS\1saibun\04_miyagi_area.geojson
040015,sikutyousonnwomatometatiikitou,04_miyagi_region.geojson,GAS\sikutyousonnwomatometatiikitou\04_miyagi_region.geojson
040016,1saibun,04_miyagi_area.geojson,GAS\1saibun\04_miyagi_area.geojson
040016,sikutyousonnwomatometatiikitou,04_miyagi_region.geojson,GAS\sikutyousonnwomatometatiikitou\04_miyagi_region.geojson
040021,1saibun,04_miyagi_area.geojson,GAS\1saibun\04_miyagi_area.geojson
040021,sikutyousonnwomatometatiikitou,04_miyagi_region.geojson,GAS\sikutyousonnwomatometatiikitou\04_miyagi_region.geojson
040022,1saibun,04_miyagi_area.geojson,GAS\1saibun\04_miyagi_area.geojson
040022,sikutyousonnwomatometatiikitou,04_miyagi_region.geojson,GAS\sikutyousonnwomatometatiikitou\04_miyagi_region.geojson
040023,1saibun,04_miyagi_area.geojson,GAS\1saibun\04_miyagi_area.geojson
040023,sikutyousonnwomatometatiikitou,04_miyagi_region.geojson,GAS\sikutyousonnwomatometatiikitou\04_miyagi_region.geojson
040024,1saibun,04_miyagi_area.geojson,GAS\1saibun\04_miyagi_area.geojson
040024,sikutyousonnwomatometatiikitou,04_miyagi_region.geojson,GAS\sikutyousonnwomatometatiikitou\04_miyagi_region.geojson
0410001,sityousontou,04_miyagi_region.geojson,GAS\sityousontou\04_miyagi_region.geojson
0410002,sityousontou,04_miyagi_region.geojson,GAS\sityousontou\04_miyagi_region.geojson
0420200,sityousontou,04_miyagi_region.geojson,GAS\sityousontou\04_miyagi_region.geojson
0420300,sityousontou,04_miyagi_region.geojson,GAS\sityousontou\04_miyagi_region.geojson
0420500,sityousontou,04_miyagi_region.geojson,GAS\sityousontou\04_miyagi_region.geojson
0420600,sityousontou,04_miyagi_region.geojson,GAS\sityousontou\04_miyagi_region.geojson
0420700,sityousontou,04_miyagi_region.geojson,GAS\sityousontou\04_miyagi_region.geojson
0420800,sityousontou,04_miyagi_region.geojson,GAS\sityousontou\04_miyagi_region.geojson
0420900,sityousontou,04_miyagi_region.geojson,GAS\sityousontou\04_miyagi_region.geojson
0421100,sityousontou,04_miyagi_region.geojson,GAS\sityousontou\04_miyagi_region.geojson
0421200,sityousontou,04_miyagi_region.geojson,GAS\sityousontou\04_miyagi_region.geojson
0421301,sityousontou,04_miyagi_region.geojson,GAS\sityousontou\04_miyagi_region.geojson
0421302,sityousontou,04_miyagi_region.geojson,GAS\sityousontou\04_miyagi_region.geojson
0421400,sityousontou,04_miyagi_region.geojson,GAS\sityousontou\04_miyagi_region.geojson
0421501,sityousontou,04_miyagi_region.geojson,GAS\sityousontou\04_miyagi_region.geojson
0421502,sityousontou,04_miyagi_region.geojson,GAS\sityousontou\04_miyagi_region.geojson
0421600,sityousontou,04_miyagi_region.geojson,GAS\sityousontou\04_miyagi_region.geojson
0430100,sityousontou,04_miyagi_region.geojson,GAS\sityousontou\04_miyagi_region.geojson
0430200,sityousontou,04_miyagi_region.geojson,GAS\sityousontou\04_miyagi_region.geojson
0432100,sityousontou,04_miyagi_region.geojson,GAS\sityousontou\04_miyagi_region.geojson
0432200,sityousontou,04_miyagi_region.geojson,GAS\sityousontou\04_miyagi_region.geojson
0432300,sityousontou,04_miyagi_region.geojson,GAS\sityousontou\04_miyagi_region.geojson
0432400,sityousontou,04_miyagi_region.geojson,GAS\sityousontou\04_miyagi_region.geojson
0434100,sityousontou,04_miyagi_region.geojson,GAS\sityousontou\04_miyagi_region.geojson
0436100,sityousontou,04_miyagi_region.geojson,GAS\sityousontou\04_miyagi_region.geojson
0436200,sityousontou,04_miyagi_region.geojson,GAS\sityousontou\04_miyagi_region.geojson
0440100,sityousontou,04_miyagi_region.geojson,GAS\sityousontou\04_miyagi_region.geojson
0440400,sityousontou,04_miyagi_region.geojson,GAS\sityousontou\04_miyagi_region.geojson
0440600,sityousontou,04_miyagi_region.geojson,GAS\sityousontou\04_miyagi_region.geojson
0442101,sityousontou,04_miyagi_region.geojson,GAS\sityousontou\04_miyagi_region.geojson
0442102,sityousontou,04_miyagi_region.geojson,GAS\sityousontou\04_miyagi_region.geojson
0442200,sityousontou,04_miyagi_region.geojson,GAS\sityousontou\04_miyagi_region.geojson
0442400,sityousontou,04_miyagi_region.geojson,GAS\sityousontou\04_miyagi_region.geojson
0444400,sityousontou,04_miyagi_region.geojson,GAS\sityousontou\04_miyagi_region.geojson
0444500,sityousontou,04_miyagi_region.geojson,GAS\sityousontou\04_miyagi_region.geojson
0450100,sityousontou,04_miyagi_region.geojson,GAS\sityousontou\04_miyagi_region.geojson
0450500,sityousontou,04_miyagi_region.geojson,GAS\sityousontou\04_miyagi_region.geojson
0458100,sityousontou,04_miyagi_region.geojson,GAS\sityousontou\04_miyagi_region.geojson
0460600,sityousontou,04_miyagi_region.geojson,GAS\sityousontou\04_miyagi_region.geojson
05,hukenyohoukutou,05_akita_forecast.geojson,GAS\hukenyohoukutou\05_akita_forecast.geojson
050011,1saibun,05_akita_area.geojson,GAS\1saibun\05_akita_area.geojson
050011,sikutyousonnwomatometatiikitou,05_akita_region.geojson,GAS\sikutyousonnwomatometatiikitou\05_akita_region.geojson
050012,1saibun,05_akita_area.geojson,GAS\1saibun\05_akita_area.geojson
050012,sikutyousonnwomatometatiikitou,05_akita_region.geojson,GAS\sikutyousonnwomatometatiikitou\05_akita_region.geojson
050013,1saibun,05_akita_area.geojson,GAS\1saibun\05_akita_area.geojson
050013,sikutyousonnwomatometatiikitou,05_akita_region.geojson,GAS\sikutyousonnwomatometatiikitou\05_akita_region.geojson
050021,1saibun,05_akita_area.geojson,GAS\1saibun\05_akita_area.geojson
050021,sikutyousonnwomatometatiikitou,05_akita_region.geojson,GAS\sikutyousonnwomatometatiikitou\05_akita_region.geojson
050022,1saibun,05_akita_area.geojson,GAS\1saibun\05_akita_area.geojson
050022,sikutyousonnwomatometatiikitou,05_akita_region.geojson,GAS\sikutyousonnwomatometatiikitou\05_akita_region.geojson
050023,1saibun,05_akita_area.geojson,GAS\1saibun\05_akita_area.geojson
050023,sikutyousonnwomatometatiikitou,05_akita_region.geojson,GAS\sikutyousonnwomatometatiikitou\05_akita_region.geojson
0520100,sityousontou,05_akita_region.geojson,GAS\sityousontou\05_akita_region.geojson
0520200,sityousontou,05_akita_region.geojson,GAS\sityousontou\05_akita_region.geojson
0520300,sityousontou,05_akita_region.geojson,GAS\sityousontou\05_akita_region.geojson
0520400,sityousontou,05_akita_region.geojson,GAS\sityousontou\05_akita_region.geojson
0520600,sityousontou,05_akita_region.geojson,GAS\sityousontou\05_akita_region.geojson
0520700,sityousontou,05_akita_region.geojson,GAS\sityousontou\05_akita_region.geojson
0520900,sityousontou,05_akita_region.geojson,GAS\sityousontou\05_akita_region.geojson
0521000,sityousontou,05_akita_region.geojson,GAS\sityousontou\05_akita_region.geojson
0521100,sityousontou,05_akita_region.geojson,GAS\sityousontou\05_akita_region.geojson
0521200,sityousontou,05_akita_region.geojson,GAS\sityousontou\05_akita_region.geojson
0521300,sityousontou,05_akita_region.geojson,GAS\sityousontou\05_akita_region.geojson
0521400,sityousontou,05_akita_region.geojson,GAS\sityousontou\05_akita_region.geojson
0521500,sityousontou,05_akita_region.geojson,GAS\sityousontou\05_akita_region.geojson
0530300,sityousontou,05_akita_region.geojson,GAS\sityousontou\05_akita_region.geojson
0532700,sityousontou,05_akita_region.geojson,GAS\sityousontou\05_akita_region.geojson
0534600,sityousontou,05_akita_region.geojson,GAS\sityousontou\05_akita_region.geojson
0534800,sityousontou,05_akita_region.geojson,GAS\sityousontou\05_akita_region.geojson
0534900,sityousontou,05_akita_region.geojson,GAS\sityousontou\05_akita_region.geojson
0536100,sityousontou,05_akita_region.geojson,GAS\sityousontou\05_akita_region.geojson
0536300,sityousontou,05_akita_region.geojson,GAS\sityousontou\05_akita_region.geojson
0536600,sityousontou,05_akita_region.geojson,GAS\sityousontou\05_akita_region.geojson
0536800,sityousontou,05_akita_region.geojson,GAS\sityousontou\05_akita_region.geojson
0543400,sityousontou,05_akita_region.geojson,GAS\sityousontou\05_akita_region.geojson
0546300,sityousontou,05_akita_region.geojson,GAS\sityousontou\05_akita_region.geojson
0546400,sityousontou,05_akita_region.geojson,GAS\sityousontou\05_akita_region.geojson
06,hukenyohoukutou,06_yamagata_forecast.geojson,GAS\hukenyohoukutou\06_yamagata_forecast.geojson
060011,1saibun,06_yamagata_area.geojson,GAS\1saibun\06_yamagata_area.geojson
060011,sikutyousonnwomatometatiikitou,06_yamagata_region.geojson,GAS\sikutyousonnwomatometatiikitou\06_yamagata_region.geojson
060012,1saibun,06_yamagata_area.geojson,GAS\1saibun\06_yamagata_area.geojson
060012,sikutyousonnwomatometatiikitou,06_yamagata_region.geojson,GAS\sikutyousonnwomatometatiikitou\06_yamagata_region.geojson
060013,1saibun,06_yamagata_area.geojson,GAS\1saibun\06_yamagata_area.geojson
060013,sikutyousonnwomatometatiikitou,06_yamagata_region.geojson,GAS\sikutyousonnwomatometatiikitou\06_yamagata_region.geojson
060021,1saibun,06_yamagata_area.geojson,GAS\1saibun\06_yamagata_area.geojson
060021,sikutyousonnwomatometatiikitou,06_yamagata_region.geojson,GAS\sikutyousonnwomatometatiikitou\06_yamagata_region.geojson
060022,1saibun,06_yamagata_area.geojson,GAS\1saibun\06_yamagata_area.geojson
060022,sikutyousonnwomatometatiikitou,06_yamagata_region.geojson,GAS\sikutyousonnwomatometatiikitou\06_yamagata_region.geojson
060031,1saibun,06_yamagata_area.geojson,GAS\1saibun\06_yamagata_area.geojson
060031,sikutyousonnwomatometatiikitou,06_yamagata_region.geojson,GAS\sikutyousonnwomatometatiikitou\06_yamagata_region.geojson
060032,1saibun,06_yamagata_area.geojson,GAS\1saibun\06_yamagata_area.geojson
060032,sikutyousonnwomatometatiikitou,06_yamagata_region.geojson,GAS\sikutyousonnwomatometatiikitou\06_yamagata_region.geojson
060040,1saibun,06_yamagata_area.geojson,GAS\1saibun\06_yamagata_area.geojson
060040,sikutyousonnwomatometatiikitou,06_yamagata_region.geojson,GAS\sikutyousonnwomatometatiikitou\06_yamagata_region.geojson
0620100,sityousontou,06_yamagata_region.geojson,GAS\sityousontou\06_yamagata_region.geojson
0620200,sityousontou,06_yamagata_region.geojson,GAS\sityousontou\06_yamagata_region.geojson
0620300,sityousontou,06_yamagata_region.geojson,GAS\sityousontou\06_yamagata_region.geojson
0620400,sityousontou,06_yamagata_region.geojson,GAS\sityousontou\06_yamagata_region.geojson
0620500,sityousontou,06_yamagata_region.geojson,GAS\sityousontou\06_yamagata_region.geojson
0620600,sityousontou,06_yamagata_region.geojson,GAS\sityousontou\06_yamagata_region.geojson
0620700,sityousontou,06_yamagata_region.geojson,GAS\sityousontou\06_yamagata_region.geojson
0620800,sityousontou,06_yamagata_region.geojson,GAS\sityousontou\06_yamagata_region.geojson
0620900,sityousontou,06_yamagata_region.geojson,GAS\sityousontou\06_yamagata_region.geojson
0621000,sityousontou,06_yamagata_region.geojson,GAS\sityousontou\06_yamagata_region.geojson
0621100,sityousontou,06_yamagata_region.geojson,GAS\sityousontou\06_yamagata_region.geojson
0621200,sityousontou,06_yamagata_region.geojson,GAS\sityousontou\06_yamagata_region.geojson
0621300,sityousontou,06_yamagata_region.geojson,GAS\sityousontou\06_yamagata_region.geojson
0630100,sityousontou,06_yamagata_region.geojson,GAS\sityousontou\06_yamagata_region.geojson
0630200,sityousontou,06_yamagata_region.geojson,GAS\sityousontou\06_yamagata_region.geojson
0632100,sityousontou,06_yamagata_region.geojson,GAS\sityousontou\06_yamagata_region.geojson
0632200,sityousontou,06_yamagata_region.geojson,GAS\sityousontou\06_yamagata_region.geojson
0632300,sityousontou,06_yamagata_region.geojson,GAS\sityousontou\06_yamagata_region.geojson
0632400,sityousontou,06_yamagata_region.geojson,GAS\sityousontou\06_yamagata_region.geojson
0634100,sityousontou,06_yamagata_region.geojson,GAS\sityousontou\06_yamagata_region.geojson
0636100,sityousontou,06_yamagata_region.geojson,GAS\sityousontou\06_yamagata_region.geojson
0636200,sityousontou,06_yamagata_region.geojson,GAS\sityousontou\06_yamagata_region.geojson
0636300,sityousontou,06_yamagata_region.geojson,GAS\sityousontou\06_yamagata_region.geojson
0636400,sityousontou,06_yamagata_region.geojson,GAS\sityousontou\06_yamagata_region.geojson
0636500,sityousontou,06_yamagata_region.geojson,GAS\sityousontou\06_yamagata_region.geojson
0636600,sityousontou,06_yamagata_region.geojson,GAS\sityousontou\06_yamagata_region.geojson
0636700,sityousontou,06_yamagata_region.geojson,GAS\sityousontou\06_yamagata_region.geojson
0638100,sityousontou,06_yamagata_region.geojson,GAS\sityousontou\06_yamagata_region.geojson
0638200,sityousontou,06_yamagata_region.geojson,GAS\sityousontou\06_yamagata_region.geojson
0640100,sityousontou,06_yamagata_region.geojson,GAS\sityousontou\06_yamagata_region.geojson
0640200,sityousontou,06_yamagata_region.geojson,GAS\sityousontou\06_yamagata_region.geojson
0640300,sityousontou,06_yamagata_region.geojson,GAS\sityousontou\06_yamagata_region.geojson
0642600,sityousontou,06_yamagata_region.geojson,GAS\sityousontou\06_yamagata_region.geojson
0642800,sityousontou,06_yamagata_region.geojson,GAS\sityousontou\06_yamagata_region.geojson
0646100,sityousontou,06_yamagata_region.geojson,GAS\sityousontou\06_yamagata_region.geojson
07,hukenyohoukutou,07_fukushima_forecast.geojson,GAS\hukenyohoukutou\07_fukushima_forecast.geojson
070011,1saibun,07_fukushima_area.geojson,GAS\1saibun\07_fukushima_area.geojson
070011,sikutyousonnwomatometatiikitou,07_fukushima_region.geojson,GAS\sikutyousonnwomatometatiikitou\07_fukushima_region.geojson
070012,1saibun,07_fukushima_area.geojson,GAS\1saibun\07_fukushima_area.geojson
070012,sikutyousonnwomatometatiikitou,07_fukushima_region.geojson,GAS\sikutyousonnwomatometatiikitou\07_fukushima_region.geojson
070013,1saibun,07_fukushima_area.geojson,GAS\1saibun\07_fukushima_area.geojson
070013,sikutyousonnwomatometatiikitou,07_fukushima_region.geojson,GAS\sikutyousonnwomatometatiikitou\07_fukushima_region.geojson
070021,1saibun,07_fukushima_area.geojson,GAS\1saibun\07_fukushima_area.geojson
070021,sikutyousonnwomatometatiikitou,07_fukushima_region.geojson,GAS\sikutyousonnwomatometatiikitou\07_fukushima_region.geojson
070022,1saibun,07_fukushima_area.geojson,GAS\1saibun\07_fukushima_area.geojson
070022,sikutyousonnwomatometatiikitou,07_fukushima_region.geojson,GAS\sikutyousonnwomatometatiikitou\07_fukushima_region.geojson
070023,1saibun,07_fukushima_area.geojson,GAS\1saibun\07_fukushima_area.geojson
070023,sikutyousonnwomatometatiikitou,07_fukushima_region.geojson,GAS\sikutyousonnwomatometatiikitou\07_fukushima_region.geojson
070031,1saibun,07_fukushima_area.geojson,GAS\1saibun\07_fukushima_area.geojson
070031,sikutyousonnwomatometatiikitou,07_fukushima_region.geojson,GAS\sikutyousonnwomatometatiikitou\07_fukushima_region.geojson
070032,1saibun,07_fukushima_area.geojson,GAS\1saibun\07_fukushima_area.geojson
070032,sikutyousonnwomatometatiikitou,07_fukushima_region.geojson,GAS\sikutyousonnwomatometatiikitou\07_fukushima_region.geojson
070033,1saibun,07_fukushima_area.geojson,GAS\1saibun\07_fukushima_area.geojson
070033,sikutyousonnwomatometatiikitou,07_fukushima_region.geojson,GAS\sikutyousonnwomatometatiikitou\07_fukushima_region.geojson
0720100,sityousontou,07_fukushima_region.geojson,GAS\sityousontou\07_fukushima_region.geojson
0720200,sityousontou,07_fukushima_region.geojson,GAS\sityousontou\07_fukushima_region.geojson
0720301,sityousontou,07_fukushima_region.geojson,GAS\sityousontou\07_fukushima_region.geojson
0720302,sityousontou,07_fukushima_region.geojson,GAS\sityousontou\07_fukushima_region.geojson
0720400,sityousontou,07_fukushima_region.geojson,GAS\sityousontou\07_fukushima_region.geojson
0720500,sityousontou,07_fukushima_region.geojson,GAS\sityousontou\07_fukushima_region.geojson
0720700,sityousontou,07_fukushima_region.geojson,GAS\sityousontou\07_fukushima_region.geojson
0720800,sityousontou,07_fukushima_region.geojson,GAS\sityousontou\07_fukushima_region.geojson
0720900,sityousontou,07_fukushima_region.geojson,GAS\sityousontou\07_fukushima_region.geojson
0721000,sityousontou,07_fukushima_region.geojson,GAS\sityousontou\07_fukushima_region.geojson
0721100,sityousontou,07_fukushima_region.geojson,GAS\sityousontou\07_fukushima_region.geojson
0721200,sityousontou,07_fukushima_region.geojson,GAS\sityousontou\07_fukushima_region.geojson
0721300,sityousontou,07_fukushima_region.geojson,GAS\sityousontou\07_fukushima_region.geojson
0721400,sityousontou,07_fukushima_region.geojson,GAS\sityousontou\07_fukushima_region.geojson
0730100,sityousontou,07_fukushima_region.geojson,GAS\sityousontou\07_fukushima_region.geojson
0730300,sityousontou,07_fukushima_region.geojson,GAS\sityousontou\07_fukushima_region.geojson
0730800,sityousontou,07_fukushima_region.geojson,GAS\sityousontou\07_fukushima_region.geojson
0732200,sityousontou,07_fukushima_region.geojson,GAS\sityousontou\07_fukushima_region.geojson
0734200,sityousontou,07_fukushima_region.geojson,GAS\sityousontou\07_fukushima_region.geojson
0734401,sityousontou,07_fukushima_region.geojson,GAS\sityousontou\07_fukushima_region.geojson
0734402,sityousontou,07_fukushima_region.geojson,GAS\sityousontou\07_fukushima_region.geojson
0736200,sityousontou,07_fukushima_region.geojson,GAS\sityousontou\07_fukushima_region.geojson
0736400,sityousontou,07_fukushima_region.geojson,GAS\sityousontou\07_fukushima_region.geojson
0736700,sityousontou,07_fukushima_region.geojson,GAS\sityousontou\07_fukushima_region.geojson
0736800,sityousontou,07_fukushima_region.geojson,GAS\sityousontou\07_fukushima_region.geojson
0740200,sityousontou,07_fukushima_region.geojson,GAS\sityousontou\07_fukushima_region.geojson
0740500,sityousontou,07_fukushima_region.geojson,GAS\sityousontou\07_fukushima_region.geojson
0740700,sityousontou,07_fukushima_region.geojson,GAS\sityousontou\07_fukushima_region.geojson
0740800,sityousontou,07_fukushima_region.geojson,GAS\sityousontou\07_fukushima_region.geojson
0742100,sityousontou,07_fukushima_region.geojson,GAS\sityousontou\07_fukushima_region.geojson
0742200,sityousontou,07_fukushima_region.geojson,GAS\sityousontou\07_fukushima_region.geojson
0742300,sityousontou,07_fukushima_region.geojson,GAS\sityousontou\07_fukushima_region.geojson
0744400,sityousontou,07_fukushima_region.geojson,GAS\sityousontou\07_fukushima_region.geojson
0744500,sityousontou,07_fukushima_region.geojson,GAS\sityousontou\07_fukushima_region.geojson
0744600,sityousontou,07_fukushima_region.geojson,GAS\sityousontou\07_fukushima_region.geojson
0744700,sityousontou,07_fukushima_region.geojson,GAS\sityousontou\07_fukushima_region.geojson
0746100,sityousontou,07_fukushima_region.geojson,GAS\sityousontou\07_fukushima_region.geojson
0746400,sityousontou,07_fukushima_region.geojson,GAS\sityousontou\07_fukushima_region.geojson
0746500,sityousontou,07_fukushima_region.geojson,GAS\sityousontou\07_fukushima_region.geojson
0746600,sityousontou,07_fukushima_region.geojson,GAS\sityousontou\07_fukushima_region.geojson
0748100,sityousontou,07_fukushima_region.geojson,GAS\sityousontou\07_fukushima_region.geojson
0748200,sityousontou,07_fukushima_region.geojson,GAS\sityousontou\07_fukushima_region.geojson
0748300,sityousontou,07_fukushima_region.geojson,GAS\sityousontou\07_fukushima_region.geojson
0748400,sityousontou,07_fukushima_region.geojson,GAS\sityousontou\07_fukushima_region.geojson
0750100,sityousontou,07_fukushima_region.geojson,GAS\sityousontou\07_fukushima_region.geojson
0750200,sityousontou,07_fukushima_region.geojson,GAS\sityousontou\07_fukushima_region.geojson
0750300,sityousontou,07_fukushima_region.geojson,GAS\sityousontou\07_fukushima_region.geojson
0750400,sityousontou,07_fukushima_region.geojson,GAS\sityousontou\07_fukushima_region.geojson
0750500,sityousontou,07_fukushima_region.geojson,GAS\sityousontou\07_fukushima_region.geojson
0752100,sityousontou,07_fukushima_region.geojson,GAS\sityousontou\07_fukushima_region.geojson
0752200,sityousontou,07_fukushima_region.geojson,GAS\sityousontou\07_fukushima_region.geojson
0754100,sityousontou,07_fukushima_region.geojson,GAS\sityousontou\07_fukushima_region.geojson
0754200,sityousontou,07_fukushima_region.geojson,GAS\sityousontou\07_fukushima_region.geojson
0754300,sityousontou,07_fukushima_region.geojson,GAS\sityousontou\07_fukushima_region.geojson
0754400,sityousontou,07_fukushima_region.geojson,GAS\sityousontou\07_fukushima_region.geojson
0754500,sityousontou,07_fukushima_region.geojson,GAS\sityousontou\07_fukushima_region.geojson
0754600,sityousontou,07_fukushima_region.geojson,GAS\sityousontou\07_fukushima_region.geojson
0754700,sityousontou,07_fukushima_region.geojson,GAS\sityousontou\07_fukushima_region.geojson
0754800,sityousontou,07_fukushima_region.geojson,GAS\sityousontou\07_fukushima_region.geojson
0756100,sityousontou,07_fukushima_region.geojson,GAS\sityousontou\07_fukushima_region.geojson
0756400,sityousontou,07_fukushima_region.geojson,GAS\sityousontou\07_fukushima_region.geojson
08,hukenyohoukutou,08_ibaraki_forecast.geojson,GAS\hukenyohoukutou\08_ibaraki_forecast.geojson
080011,1saibun,08_ibaraki_area.geojson,GAS\1saibun\08_ibaraki_area.geojson
080011,sikutyousonnwomatometatiikitou,08_ibaraki_region.geojson,GAS\sikutyousonnwomatometatiikitou\08_ibaraki_region.geojson
080012,1saibun,08_ibaraki_area.geojson,GAS\1saibun\08_ibaraki_area.geojson
080012,sikutyousonnwomatometatiikitou,08_ibaraki_region.geojson,GAS\sikutyousonnwomatometatiikitou\08_ibaraki_region.geojson
080021,1saibun,08_ibaraki_area.geojson,GAS\1saibun\08_ibaraki_area.geojson
080021,sikutyousonnwomatometatiikitou,08_ibaraki_region.geojson,GAS\sikutyousonnwomatometatiikitou\08_ibaraki_region.geojson
080022,1saibun,08_ibaraki_area.geojson,GAS\1saibun\08_ibaraki_area.geojson
080022,sikutyousonnwomatometatiikitou,08_ibaraki_region.geojson,GAS\sikutyousonnwomatometatiikitou\08_ibaraki_region.geojson
080023,1saibun,08_ibaraki_area.geojson,GAS\1saibun\08_ibaraki_area.geojson
080023,sikutyousonnwomatometatiikitou,08_ibaraki_region.geojson,GAS\sikutyousonnwomatometatiikitou\08_ibaraki_region.geojson
0820100,sityousontou,08_ibaraki_region.geojson,GAS\sityousontou\08_ibaraki_region.geojson
0820200,sityousontou,08_ibaraki_region.geojson,GAS\sityousontou\08_ibaraki_region.geojson
0820300,sityousontou,08_ibaraki_region.geojson,GAS\sityousontou\08_ibaraki_region.geojson
0820400,sityousontou,08_ibaraki_region.geojson,GAS\sityousontou\08_ibaraki_region.geojson
0820500,sityousontou,08_ibaraki_region.geojson,GAS\sityousontou\08_ibaraki_region.geojson
0820700,sityousontou,08_ibaraki_region.geojson,GAS\sityousontou\08_ibaraki_region.geojson
0820800,sityousontou,08_ibaraki_region.geojson,GAS\sityousontou\08_ibaraki_region.geojson
0821000,sityousontou,08_ibaraki_region.geojson,GAS\sityousontou\08_ibaraki_region.geojson
0821100,sityousontou,08_ibaraki_region.geojson,GAS\sityousontou\08_ibaraki_region.geojson
0821200,sityousontou,08_ibaraki_region.geojson,GAS\sityousontou\08_ibaraki_region.geojson
0821400,sityousontou,08_ibaraki_region.geojson,GAS\sityousontou\08_ibaraki_region.geojson
0821500,sityousontou,08_ibaraki_region.geojson,GAS\sityousontou\08_ibaraki_region.geojson
0821600,sityousontou,08_ibaraki_region.geojson,GAS\sityousontou\08_ibaraki_region.geojson
0821700,sityousontou,08_ibaraki_region.geojson,GAS\sityousontou\08_ibaraki_region.geojson
0821900,sityousontou,08_ibaraki_region.geojson,GAS\sityousontou\08_ibaraki_region.geojson
0822000,sityousontou,08_ibaraki_region.geojson,GAS\sityousontou\08_ibaraki_region.geojson
0822100,sityousontou,08_ibaraki_region.geojson,GAS\sityousontou\08_ibaraki_region.geojson
0822200,sityousontou,08_ibaraki_region.geojson,GAS\sityousontou\08_ibaraki_region.geojson
0822300,sityousontou,08_ibaraki_region.geojson,GAS\sityousontou\08_ibaraki_region.geojson
0822400,sityousontou,08_ibaraki_region.geojson,GAS\sityousontou\08_ibaraki_region.geojson
0822500,sityousontou,08_ibaraki_region.geojson,GAS\sityousontou\08_ibaraki_region.geojson
0822600,sityousontou,08_ibaraki_region.geojson,GAS\sityousontou\08_ibaraki_region.geojson
0822700,sityousontou,08_ibaraki_region.geojson,GAS\sityousontou\08_ibaraki_region.geojson
0822800,sityousontou,08_ibaraki_region.geojson,GAS\sityousontou\08_ibaraki_region.geojson
0822900,sityousontou,08_ibaraki_region.geojson,GAS\sityousontou\08_ibaraki_region.geojson
0823000,sityousontou,08_ibaraki_region.geojson,GAS\sityousontou\08_ibaraki_region.geojson
0823100,sityousontou,08_ibaraki_region.geojson,GAS\sityousontou\08_ibaraki_region.geojson
0823200,sityousontou,08_ibaraki_region.geojson,GAS\sityousontou\08_ibaraki_region.geojson
0823300,sityousontou,08_ibaraki_region.geojson,GAS\sityousontou\08_ibaraki_region.geojson
0823400,sityousontou,08_ibaraki_region.geojson,GAS\sityousontou\08_ibaraki_region.geojson
0823500,sityousontou,08_ibaraki_region.geojson,GAS\sityousontou\08_ibaraki_region.geojson
0823600,sityousontou,08_ibaraki_region.geojson,GAS\sityousontou\08_ibaraki_region.geojson
0830200,sityousontou,08_ibaraki_region.geojson,GAS\sityousontou\08_ibaraki_region.geojson
0830900,sityousontou,08_ibaraki_region.geojson,GAS\sityousontou\08_ibaraki_region.geojson
0831000,sityousontou,08_ibaraki_region.geojson,GAS\sityousontou\08_ibaraki_region.geojson
0834100,sityousontou,08_ibaraki_region.geojson,GAS\sityousontou\08_ibaraki_region.geojson
0836400,sityousontou,08_ibaraki_region.geojson,GAS\sityousontou\08_ibaraki_region.geojson
0844200,sityousontou,08_ibaraki_region.geojson,GAS\sityousontou\08_ibaraki_region.geojson
0844300,sityousontou,08_ibaraki_region.geojson,GAS\sityousontou\08_ibaraki_region.geojson
0844700,sityousontou,08_ibaraki_region.geojson,GAS\sityousontou\08_ibaraki_region.geojson
0852100,sityousontou,08_ibaraki_region.geojson,GAS\sityousontou\08_ibaraki_region.geojson
0854200,sityousontou,08_ibaraki_region.geojson,GAS\sityousontou\08_ibaraki_region.geojson
0854600,sityousontou,08_ibaraki_region.geojson,GAS\sityousontou\08_ibaraki_region.geojson
0856400,sityousontou,08_ibaraki_region.geojson,GAS\sityousontou\08_ibaraki_region.geojson
09,hukenyohoukutou,09_tochigi_forecast.geojson,GAS\hukenyohoukutou\09_tochigi_forecast.geojson
090011,1saibun,09_tochigi_area.geojson,GAS\1saibun\09_tochigi_area.geojson
090011,sikutyousonnwomatometatiikitou,09_tochigi_region.geojson,GAS\sikutyousonnwomatometatiikitou\09_tochigi_region.geojson
090012,1saibun,09_tochigi_area.geojson,GAS\1saibun\09_tochigi_area.geojson
090012,sikutyousonnwomatometatiikitou,09_tochigi_region.geojson,GAS\sikutyousonnwomatometatiikitou\09_tochigi_region.geojson
090013,1saibun,09_tochigi_area.geojson,GAS\1saibun\09_tochigi_area.geojson
090013,sikutyousonnwomatometatiikitou,09_tochigi_region.geojson,GAS\sikutyousonnwomatometatiikitou\09_tochigi_region.geojson
090021,1saibun,09_tochigi_area.geojson,GAS\1saibun\09_tochigi_area.geojson
090021,sikutyousonnwomatometatiikitou,09_tochigi_region.geojson,GAS\sikutyousonnwomatometatiikitou\09_tochigi_region.geojson
090022,1saibun,09_tochigi_area.geojson,GAS\1saibun\09_tochigi_area.geojson
090022,sikutyousonnwomatometatiikitou,09_tochigi_region.geojson,GAS\sikutyousonnwomatometatiikitou\09_tochigi_region.geojson
0920100,sityousontou,09_tochigi_region.geojson,GAS\sityousontou\09_tochigi_region.geojson
0920200,sityousontou,09_tochigi_region.geojson,GAS\sityousontou\09_tochigi_region.geojson
0920300,sityousontou,09_tochigi_region.geojson,GAS\sityousontou\09_tochigi_region.geojson
0920400,sityousontou,09_tochigi_region.geojson,GAS\sityousontou\09_tochigi_region.geojson
0920500,sityousontou,09_tochigi_region.geojson,GAS\sityousontou\09_tochigi_region.geojson
0920601,sityousontou,09_tochigi_region.geojson,GAS\sityousontou\09_tochigi_region.geojson
0920602,sityousontou,09_tochigi_region.geojson,GAS\sityousontou\09_tochigi_region.geojson
0920603,sityousontou,09_tochigi_region.geojson,GAS\sityousontou\09_tochigi_region.geojson
0920604,sityousontou,09_tochigi_region.geojson,GAS\sityousontou\09_tochigi_region.geojson
0920605,sityousontou,09_tochigi_region.geojson,GAS\sityousontou\09_tochigi_region.geojson
0920800,sityousontou,09_tochigi_region.geojson,GAS\sityousontou\09_tochigi_region.geojson
0920900,sityousontou,09_tochigi_region.geojson,GAS\sityousontou\09_tochigi_region.geojson
0921000,sityousontou,09_tochigi_region.geojson,GAS\sityousontou\09_tochigi_region.geojson
0921100,sityousontou,09_tochigi_region.geojson,GAS\sityousontou\09_tochigi_region.geojson
0921300,sityousontou,09_tochigi_region.geojson,GAS\sityousontou\09_tochigi_region.geojson
0921400,sityousontou,09_tochigi_region.geojson,GAS\sityousontou\09_tochigi_region.geojson
0921500,sityousontou,09_tochigi_region.geojson,GAS\sityousontou\09_tochigi_region.geojson
0921600,sityousontou,09_tochigi_region.geojson,GAS\sityousontou\09_tochigi_region.geojson
0930100,sityousontou,09_tochigi_region.geojson,GAS\sityousontou\09_tochigi_region.geojson
0934200,sityousontou,09_tochigi_region.geojson,GAS\sityousontou\09_tochigi_region.geojson
0934300,sityousontou,09_tochigi_region.geojson,GAS\sityousontou\09_tochigi_region.geojson
0934400,sityousontou,09_tochigi_region.geojson,GAS\sityousontou\09_tochigi_region.geojson
0934500,sityousontou,09_tochigi_region.geojson,GAS\sityousontou\09_tochigi_region.geojson
0936100,sityousontou,09_tochigi_region.geojson,GAS\sityousontou\09_tochigi_region.geojson
0936400,sityousontou,09_tochigi_region.geojson,GAS\sityousontou\09_tochigi_region.geojson
0938400,sityousontou,09_tochigi_region.geojson,GAS\sityousontou\09_tochigi_region.geojson
0938600,sityousontou,09_tochigi_region.geojson,GAS\sityousontou\09_tochigi_region.geojson
0940700,sityousontou,09_tochigi_region.geojson,GAS\sityousontou\09_tochigi_region.geojson
0941100,sityousontou,09_tochigi_region.geojson,GAS\sityousontou\09_tochigi_region.geojson
10,hukenyohoukutou,10_gunma_forecast.geojson,GAS\hukenyohoukutou\10_gunma_forecast.geojson
100011,1saibun,10_gunma_area.geojson,GAS\1saibun\10_gunma_area.geojson
100011,sikutyousonnwomatometatiikitou,10_gunma_region.geojson,GAS\sikutyousonnwomatometatiikitou\10_gunma_region.geojson
100012,1saibun,10_gunma_area.geojson,GAS\1saibun\10_gunma_area.geojson
100012,sikutyousonnwomatometatiikitou,10_gunma_region.geojson,GAS\sikutyousonnwomatometatiikitou\10_gunma_region.geojson
100013,1saibun,10_gunma_area.geojson,GAS\1saibun\10_gunma_area.geojson
100013,sikutyousonnwomatometatiikitou,10_gunma_region.geojson,GAS\sikutyousonnwomatometatiikitou\10_gunma_region.geojson
100021,1saibun,10_gunma_area.geojson,GAS\1saibun\10_gunma_area.geojson
100021,sikutyousonnwomatometatiikitou,10_gunma_region.geojson,GAS\sikutyousonnwomatometatiikitou\10_gunma_region.geojson
100022,1saibun,10_gunma_area.geojson,GAS\1saibun\10_gunma_area.geojson
100022,sikutyousonnwomatometatiikitou,10_gunma_region.geojson,GAS\sikutyousonnwomatometatiikitou\10_gunma_region.geojson
1020100,sityousontou,10_gunma_region.geojson,GAS\sityousontou\10_gunma_region.geojson
1020200,sityousontou,10_gunma_region.geojson,GAS\sityousontou\10_gunma_region.geojson
1020300,sityousontou,10_gunma_region.geojson,GAS\sityousontou\10_gunma_region.geojson
1020400,sityousontou,10_gunma_region.geojson,GAS\sityousontou\10_gunma_region.geojson
1020500,sityousontou,10_gunma_region.geojson,GAS\sityousontou\10_gunma_region.geojson
1020600,sityousontou,10_gunma_region.geojson,GAS\sityousontou\10_gunma_region.geojson
1020700,sityousontou,10_gunma_region.geojson,GAS\sityousontou\10_gunma_region.geojson
1020800,sityousontou,10_gunma_region.geojson,GAS\sityousontou\10_gunma_region.geojson
1020900,sityousontou,10_gunma_region.geojson,GAS\sityousontou\10_gunma_region.geojson
1021000,sityousontou,10_gunma_region.geojson,GAS\sityousontou\10_gunma_region.geojson
1021100,sityousontou,10_gunma_region.geojson,GAS\sityousontou\10_gunma_region.geojson
1021200,sityousontou,10_gunma_region.geojson,GAS\sityousontou\10_gunma_region.geojson
1034400,sityousontou,10_gunma_region.geojson,GAS\sityousontou\10_gunma_region.geojson
1034500,sityousontou,10_gunma_region.geojson,GAS\sityousontou\10_gunma_region.geojson
1036600,sityousontou,10_gunma_region.geojson,GAS\sityousontou\10_gunma_region.geojson
1036700,sityousontou,10_gunma_region.geojson,GAS\sityousontou\10_gunma_region.geojson
1038200,sityousontou,10_gunma_region.geojson,GAS\sityousontou\10_gunma_region.geojson
1038300,sityousontou,10_gunma_region.geojson,GAS\sityousontou\10_gunma_region.geojson
1038400,sityousontou,10_gunma_region.geojson,GAS\sityousontou\10_gunma_region.geojson
1042100,sityousontou,10_gunma_region.geojson,GAS\sityousontou\10_gunma_region.geojson
1042400,sityousontou,10_gunma_region.geojson,GAS\sityousontou\10_gunma_region.geojson
1042500,sityousontou,10_gunma_region.geojson,GAS\sityousontou\10_gunma_region.geojson
1042600,sityousontou,10_gunma_region.geojson,GAS\sityousontou\10_gunma_region.geojson
1042800,sityousontou,10_gunma_region.geojson,GAS\sityousontou\10_gunma_region.geojson
1042900,sityousontou,10_gunma_region.geojson,GAS\sityousontou\10_gunma_region.geojson
1044300,sityousontou,10_gunma_region.geojson,GAS\sityousontou\10_gunma_region.geojson
1044400,sityousontou,10_gunma_region.geojson,GAS\sityousontou\10_gunma_region.geojson
1044800,sityousontou,10_gunma_region.geojson,GAS\sityousontou\10_gunma_region.geojson
1044900,sityousontou,10_gunma_region.geojson,GAS\sityousontou\10_gunma_region.geojson
1046400,sityousontou,10_gunma_region.geojson,GAS\sityousontou\10_gunma_region.geojson
1052100,sityousontou,10_gunma_region.geojson,GAS\sityousontou\10_gunma_region.geojson
1052200,sityousontou,10_gunma_region.geojson,GAS\sityousontou\10_gunma_region.geojson
1052300,sityousontou,10_gunma_region.geojson,GAS\sityousontou\10_gunma_region.geojson
1052400,sityousontou,10_gunma_region.geojson,GAS\sityousontou\10_gunma_region.geojson
1052500,sityousontou,10_gunma_region.geojson,GAS\sityousontou\10_gunma_region.geojson
11,hukenyohoukutou,11_saitama_forecast.geojson,GAS\hukenyohoukutou\11_saitama_forecast.geojson
110011,1saibun,11_saitama_area.geojson,GAS\1saibun\11_saitama_area.geojson
110011,sikutyousonnwomatometatiikitou,11_saitama_region.geojson,GAS\sikutyousonnwomatometatiikitou\11_saitama_region.geojson
110012,1saibun,11_saitama_area.geojson,GAS\1saibun\11_saitama_area.geojson
110012,sikutyousonnwomatometatiikitou,11_saitama_region.geojson,GAS\sikutyousonnwomatometatiikitou\11_saitama_region.geojson
110013,1saibun,11_saitama_area.geojson,GAS\1saibun\11_saitama_area.geojson
110013,sikutyousonnwomatometatiikitou,11_saitama_region.geojson,GAS\sikutyousonnwomatometatiikitou\11_saitama_region.geojson
110021,1saibun,11_saitama_area.geojson,GAS\1saibun\11_saitama_area.geojson
110021,sikutyousonnwomatometatiikitou,11_saitama_region.geojson,GAS\sikutyousonnwomatometatiikitou\11_saitama_region.geojson
110022,1saibun,11_saitama_area.geojson,GAS\1saibun\11_saitama_area.geojson
110022,sikutyousonnwomatometatiikitou,11_saitama_region.geojson,GAS\sikutyousonnwomatometatiikitou\11_saitama_region.geojson
110030,1saibun,11_saitama_area.geojson,GAS\1saibun\11_saitama_area.geojson
110030,sikutyousonnwomatometatiikitou,11_saitama_region.geojson,GAS\sikutyousonnwomatometatiikitou\11_saitama_region.geojson
1110000,sityousontou,11_saitama_region.geojson,GAS\sityousontou\11_saitama_region.geojson
1120100,sityousontou,11_saitama_region.geojson,GAS\sityousontou\11_saitama_region.geojson
1120200,sityousontou,11_saitama_region.geojson,GAS\sityousontou\11_saitama_region.geojson
1120300,sityousontou,11_saitama_region.geojson,GAS\sityousontou\11_saitama_region.geojson
1120600,sityousontou,11_saitama_region.geojson,GAS\sityousontou\11_saitama_region.geojson
1120700,sityousontou,11_saitama_region.geojson,GAS\sityousontou\11_saitama_region.geojson
1120800,sityousontou,11_saitama_region.geojson,GAS\sityousontou\11_saitama_region.geojson
1120900,sityousontou,11_saitama_region.geojson,GAS\sityousontou\11_saitama_region.geojson
1121000,sityousontou,11_saitama_region.geojson,GAS\sityousontou\11_saitama_region.geojson
1121100,sityousontou,11_saitama_region.geojson,GAS\sityousontou\11_saitama_region.geojson
1121200,sityousontou,11_saitama_region.geojson,GAS\sityousontou\11_saitama_region.geojson
1121400,sityousontou,11_saitama_region.geojson,GAS\sityousontou\11_saitama_region.geojson
1121500,sityousontou,11_saitama_region.geojson,GAS\sityousontou\11_saitama_region.geojson
1121600,sityousontou,11_saitama_region.geojson,GAS\sityousontou\11_saitama_region.geojson
1121700,sityousontou,11_saitama_region.geojson,GAS\sityousontou\11_saitama_region.geojson
1121800,sityousontou,11_saitama_region.geojson,GAS\sityousontou\11_saitama_region.geojson
1121900,sityousontou,11_saitama_region.geojson,GAS\sityousontou\11_saitama_region.geojson
1122100,sityousontou,11_saitama_region.geojson,GAS\sityousontou\11_saitama_region.geojson
1122200,sityousontou,11_saitama_region.geojson,GAS\sityousontou\11_saitama_region.geojson
1122300,sityousontou,11_saitama_region.geojson,GAS\sityousontou\11_saitama_region.geojson
1122400,sityousontou,11_saitama_region.geojson,GAS\sityousontou\11_saitama_region.geojson
1122500,sityousontou,11_saitama_region.geojson,GAS\sityousontou\11_saitama_region.geojson
1122700,sityousontou,11_saitama_region.geojson,GAS\sityousontou\11_saitama_region.geojson
1122800,sityousontou,11_saitama_region.geojson,GAS\sityousontou\11_saitama_region.geojson
1122900,sityousontou,11_saitama_region.geojson,GAS\sityousontou\11_saitama_region.geojson
1123000,sityousontou,11_saitama_region.geojson,GAS\sityousontou\11_saitama_region.geojson
1123100,sityousontou,11_saitama_region.geojson,GAS\sityousontou\11_saitama_region.geojson
1123200,sityousontou,11_saitama_region.geojson,GAS\sityousontou\11_saitama_region.geojson
1123300,sityousontou,11_saitama_region.geojson,GAS\sityousontou\11_saitama_region.geojson
1123400,sityousontou,11_saitama_region.geojson,GAS\sityousontou\11_saitama_region.geojson
1123500,sityousontou,11_saitama_region.geojson,GAS\sityousontou\11_saitama_region.geojson
1123700,sityousontou,11_saitama_region.geojson,GAS\sityousontou\11_saitama_region.geojson
1123800,sityousontou,11_saitama_region.geojson,GAS\sityousontou\11_saitama_region.geojson
1123900,sityousontou,11_saitama_region.geojson,GAS\sityousontou\11_saitama_region.geojson
1124000,sityousontou,11_saitama_region.geojson,GAS\sityousontou\11_saitama_region.geojson
1124100,sityousontou,11_saitama_region.geojson,GAS\sityousontou\11_saitama_region.geojson
1124200,sityousontou,11_saitama_region.geojson,GAS\sityousontou\11_saitama_region.geojson
1124300,sityousontou,11_saitama_region.geojson,GAS\sityousontou\11_saitama_region.geojson
1124500,sityousontou,11_saitama_region.geojson,GAS\sityousontou\11_saitama_region.geojson
1124600,sityousontou,11_saitama_region.geojson,GAS\sityousontou\11_saitama_region.geojson
1130100,sityousontou,11_saitama_region.geojson,GAS\sityousontou\11_saitama_region.geojson
1132400,sityousontou,11_saitama_region.geojson,GAS\sityousontou\11_saitama_region.geojson
1132600,sityousontou,11_saitama_region.geojson,GAS\sityousontou\11_saitama_region.geojson
1132700,sityousontou,11_saitama_region.geojson,GAS\sityousontou\11_saitama_region.geojson
1134100,sityousontou,11_saitama_region.geojson,GAS\sityousontou\11_saitama_region.geojson
1134200,sityousontou,11_saitama_region.geojson,GAS\sityousontou\11_saitama_region.geojson
1134300,sityousontou,11_saitama_region.geojson,GAS\sityousontou\11_saitama_region.geojson
1134600,sityousontou,11_saitama_region.geojson,GAS\sityousontou\11_saitama_region.geojson
1134700,sityousontou,11_saitama_region.geojson,GAS\sityousontou\11_saitama_region.geojson
1134800,sityousontou,11_saitama_region.geojson,GAS\sityousontou\11_saitama_region.geojson
1134900,sityousontou,11_saitama_region.geojson,GAS\sityousontou\11_saitama_region.geojson
1136100,sityousontou,11_saitama_region.geojson,GAS\sityousontou\11_saitama_region.geojson
1136200,sityousontou,11_saitama_region.geojson,GAS\sityousontou\11_saitama_region.geojson
1136300,sityousontou,11_saitama_region.geojson,GAS\sityousontou\11_saitama_region.geojson
1136500,sityousontou,11_saitama_region.geojson,GAS\sityousontou\11_saitama_region.geojson
1136900,sityousontou,11_saitama_region.geojson,GAS\sityousontou\11_saitama_region.geojson
1138100,sityousontou,11_saitama_region.geojson,GAS\sityousontou\11_saitama_region.geojson
1138300,sityousontou,11_saitama_region.geojson,GAS\sityousontou\11_saitama_region.geojson
1138500,sityousontou,11_saitama_region.geojson,GAS\sityousontou\11_saitama_region.geojson
1140800,sityousontou,11_saitama_region.geojson,GAS\sityousontou\11_saitama_region.geojson
1144200,sityousontou,11_saitama_region.geojson,GAS\sityousontou\11_saitama_region.geojson
1146400,sityousontou,11_saitama_region.geojson,GAS\sityousontou\11_saitama_region.geojson
1146500,sityousontou,11_saitama_region.geojson,GAS\sityousontou\11_saitama_region.geojson
12,hukenyohoukutou,12_chiba_forecast.geojson,GAS\hukenyohoukutou\12_chiba_forecast.geojson
120011,1saibun,12_chiba_area.geojson,GAS\1saibun\12_chiba_area.geojson
120011,sikutyousonnwomatometatiikitou,12_chiba_region.geojson,GAS\sikutyousonnwomatometatiikitou\12_chiba_region.geojson
120012,1saibun,12_chiba_area.geojson,GAS\1saibun\12_chiba_area.geojson
120012,sikutyousonnwomatometatiikitou,12_chiba_region.geojson,GAS\sikutyousonnwomatometatiikitou\12_chiba_region.geojson
120013,1saibun,12_chiba_area.geojson,GAS\1saibun\12_chiba_area.geojson
120013,sikutyousonnwomatometatiikitou,12_chiba_region.geojson,GAS\sikutyousonnwomatometatiikitou\12_chiba_region.geojson
120021,1saibun,12_chiba_area.geojson,GAS\1saibun\12_chiba_area.geojson
120021,sikutyousonnwomatometatiikitou,12_chiba_region.geojson,GAS\sikutyousonnwomatometatiikitou\12_chiba_region.geojson
120022,1saibun,12_chiba_area.geojson,GAS\1saibun\12_chiba_area.geojson
120022,sikutyousonnwomatometatiikitou,12_chiba_region.geojson,GAS\sikutyousonnwomatometatiikitou\12_chiba_region.geojson
120031,1saibun,12_chiba_area.geojson,GAS\1saibun\12_chiba_area.geojson
120031,sikutyousonnwomatometatiikitou,12_chiba_region.geojson,GAS\sikutyousonnwomatometatiikitou\12_chiba_region.geojson
120032,1saibun,12_chiba_area.geojson,GAS\1saibun\12_chiba_area.geojson
120032,sikutyousonnwomatometatiikitou,12_chiba_region.geojson,GAS\sikutyousonnwomatometatiikitou\12_chiba_region.geojson
1210000,sityousontou,12_chiba_region.geojson,GAS\sityousontou\12_chiba_region.geojson
1220200,sityousontou,12_chiba_region.geojson,GAS\sityousontou\12_chiba_region.geojson
1220300,sityousontou,12_chiba_region.geojson,GAS\sityousontou\12_chiba_region.geojson
1220400,sityousontou,12_chiba_region.geojson,GAS\sityousontou\12_chiba_region.geojson
1220500,sityousontou,12_chiba_region.geojson,GAS\sityousontou\12_chiba_region.geojson
1220600,sityousontou,12_chiba_region.geojson,GAS\sityousontou\12_chiba_region.geojson
1220700,sityousontou,12_chiba_region.geojson,GAS\sityousontou\12_chiba_region.geojson
1220800,sityousontou,12_chiba_region.geojson,GAS\sityousontou\12_chiba_region.geojson
1221000,sityousontou,12_chiba_region.geojson,GAS\sityousontou\12_chiba_region.geojson
1221100,sityousontou,12_chiba_region.geojson,GAS\sityousontou\12_chiba_region.geojson
1221200,sityousontou,12_chiba_region.geojson,GAS\sityousontou\12_chiba_region.geojson
1221300,sityousontou,12_chiba_region.geojson,GAS\sityousontou\12_chiba_region.geojson
1221500,sityousontou,12_chiba_region.geojson,GAS\sityousontou\12_chiba_region.geojson
1221600,sityousontou,12_chiba_region.geojson,GAS\sityousontou\12_chiba_region.geojson
1221700,sityousontou,12_chiba_region.geojson,GAS\sityousontou\12_chiba_region.geojson
1221800,sityousontou,12_chiba_region.geojson,GAS\sityousontou\12_chiba_region.geojson
1221900,sityousontou,12_chiba_region.geojson,GAS\sityousontou\12_chiba_region.geojson
1222000,sityousontou,12_chiba_region.geojson,GAS\sityousontou\12_chiba_region.geojson
1222100,sityousontou,12_chiba_region.geojson,GAS\sityousontou\12_chiba_region.geojson
1222200,sityousontou,12_chiba_region.geojson,GAS\sityousontou\12_chiba_region.geojson
1222300,sityousontou,12_chiba_region.geojson,GAS\sityousontou\12_chiba_region.geojson
1222400,sityousontou,12_chiba_region.geojson,GAS\sityousontou\12_chiba_region.geojson
1222500,sityousontou,12_chiba_region.geojson,GAS\sityousontou\12_chiba_region.geojson
1222600,sityousontou,12_chiba_region.geojson,GAS\sityousontou\12_chiba_region.geojson
1222700,sityousontou,12_chiba_region.geojson,GAS\sityousontou\12_chiba_region.geojson
1222800,sityousontou,12_chiba_region.geojson,GAS\sityousontou\12_chiba_region.geojson
1222900,sityousontou,12_chiba_region.geojson,GAS\sityousontou\12_chiba_region.geojson
1223000,sityousontou,12_chiba_region.geojson,GAS\sityousontou\12_chiba_region.geojson
1223100,sityousontou,12_chiba_region.geojson,GAS\sityousontou\12_chiba_region.geojson
1223200,sityousontou,12_chiba_region.geojson,GAS\sityousontou\12_chiba_region.geojson
1223300,sityousontou,12_chiba_region.geojson,GAS\sityousontou\12_chiba_region.geojson
1223400,sityousontou,12_chiba_region.geojson,GAS\sityousontou\12_chiba_region.geojson
1223500,sityousontou,12_chiba_region.geojson,GAS\sityousontou\12_chiba_region.geojson
1223600,sityousontou,12_chiba_region.geojson,GAS\sityousontou\12_chiba_region.geojson
1223700,sityousontou,12_chiba_region.geojson,GAS\sityousontou\12_chiba_region.geojson
1223800,sityousontou,12_chiba_region.geojson,GAS\sityousontou\12_chiba_region.geojson
1223900,sityousontou,12_chiba_region.geojson,GAS\sityousontou\12_chiba_region.geojson
1232200,sityousontou,12_chiba_region.geojson,GAS\sityousontou\12_chiba_region.geojson
1232900,sityousontou,12_chiba_region.geojson,GAS\sityousontou\12_chiba_region.geojson
1234200,sityousontou,12_chiba_region.geojson,GAS\sityousontou\12_chiba_region.geojson
1234700,sityousontou,12_chiba_region.geojson,GAS\sityousontou\12_chiba_region.geojson
1234900,sityousontou,12_chiba_region.geojson,GAS\sityousontou\12_chiba_region.geojson
1240300,sityousontou,12_chiba_region.geojson,GAS\sityousontou\12_chiba_region.geojson
1240900,sityousontou,12_chiba_region.geojson,GAS\sityousontou\12_chiba_region.geojson
1241000,sityousontou,12_chiba_region.geojson,GAS\sityousontou\12_chiba_region.geojson
1242100,sityousontou,12_chiba_region.geojson,GAS\sityousontou\12_chiba_region.geojson
1242200,sityousontou,12_chiba_region.geojson,GAS\sityousontou\12_chiba_region.geojson
1242300,sityousontou,12_chiba_region.geojson,GAS\sityousontou\12_chiba_region.geojson
1242400,sityousontou,12_chiba_region.geojson,GAS\sityousontou\12_chiba_region.geojson
1242600,sityousontou,12_chiba_region.geojson,GAS\sityousontou\12_chiba_region.geojson
1242700,sityousontou,12_chiba_region.geojson,GAS\sityousontou\12_chiba_region.geojson
1244100,sityousontou,12_chiba_region.geojson,GAS\sityousontou\12_chiba_region.geojson
1244300,sityousontou,12_chiba_region.geojson,GAS\sityousontou\12_chiba_region.geojson
1246300,sityousontou,12_chiba_region.geojson,GAS\sityousontou\12_chiba_region.geojson
13,hukenyohoukutou,13_tokyo_forecast.geojson,GAS\hukenyohoukutou\13_tokyo_forecast.geojson
130011,1saibun,13_tokyo_area.geojson,GAS\1saibun\13_tokyo_area.geojson
130011,sikutyousonnwomatometatiikitou,13_tokyo_region.geojson,GAS\sikutyousonnwomatometatiikitou\13_tokyo_region.geojson
130012,1saibun,13_tokyo_area.geojson,GAS\1saibun\13_tokyo_area.geojson
130012,sikutyousonnwomatometatiikitou,13_tokyo_region.geojson,GAS\sikutyousonnwomatometatiikitou\13_tokyo_region.geojson
130013,1saibun,13_tokyo_area.geojson,GAS\1saibun\13_tokyo_area.geojson
130013,sikutyousonnwomatometatiikitou,13_tokyo_region.geojson,GAS\sikutyousonnwomatometatiikitou\13_tokyo_region.geojson
130014,1saibun,13_tokyo_area.geojson,GAS\1saibun\13_tokyo_area.geojson
130014,sikutyousonnwomatometatiikitou,13_tokyo_region.geojson,GAS\sikutyousonnwomatometatiikitou\13_tokyo_region.geojson
130015,1saibun,13_tokyo_area.geojson,GAS\1saibun\13_tokyo_area.geojson
130015,sikutyousonnwomatometatiikitou,13_tokyo_region.geojson,GAS\sikutyousonnwomatometatiikitou\13_tokyo_region.geojson
130021,1saibun,13_tokyo_area.geojson,GAS\1saibun\13_tokyo_area.geojson
130021,sikutyousonnwomatometatiikitou,13_tokyo_region.geojson,GAS\sikutyousonnwomatometatiikitou\13_tokyo_region.geojson
130022,1saibun,13_tokyo_area.geojson,GAS\1saibun\13_tokyo_area.geojson
130022,sikutyousonnwomatometatiikitou,13_tokyo_region.geojson,GAS\sikutyousonnwomatometatiikitou\13_tokyo_region.geojson
130031,1saibun,13_tokyo_area.geojson,GAS\1saibun\13_tokyo_area.geojson
130031,sikutyousonnwomatometatiikitou,13_tokyo_region.geojson,GAS\sikutyousonnwomatometatiikitou\13_tokyo_region.geojson
130032,1saibun,13_tokyo_area.geojson,GAS\1saibun\13_tokyo_area.geojson
130032,sikutyousonnwomatometatiikitou,13_tokyo_region.geojson,GAS\sikutyousonnwomatometatiikitou\13_tokyo_region.geojson
130040,1saibun,13_tokyo_area.geojson,GAS\1saibun\13_tokyo_area.geojson
130040,sikutyousonnwomatometatiikitou,13_tokyo_region.geojson,GAS\sikutyousonnwomatometatiikitou\13_tokyo_region.geojson
1310100,sityousontou,13_tokyo_region.geojson,GAS\sityousontou\13_tokyo_region.geojson
1310200,sityousontou,13_tokyo_region.geojson,GAS\sityousontou\13_tokyo_region.geojson
1310300,sityousontou,13_tokyo_region.geojson,GAS\sityousontou\13_tokyo_region.geojson
1310400,sityousontou,13_tokyo_region.geojson,GAS\sityousontou\13_tokyo_region.geojson
1310500,sityousontou,13_tokyo_region.geojson,GAS\sityousontou\13_tokyo_region.geojson
1310600,sityousontou,13_tokyo_region.geojson,GAS\sityousontou\13_tokyo_region.geojson
1310700,sityousontou,13_tokyo_region.geojson,GAS\sityousontou\13_tokyo_region.geojson
1310800,sityousontou,13_tokyo_region.geojson,GAS\sityousontou\13_tokyo_region.geojson
1310900,sityousontou,13_tokyo_region.geojson,GAS\sityousontou\13_tokyo_region.geojson
1311000,sityousontou,13_tokyo_region.geojson,GAS\sityousontou\13_tokyo_region.geojson
1311100,sityousontou,13_tokyo_region.geojson,GAS\sityousontou\13_tokyo_region.geojson
1311200,sityousontou,13_tokyo_region.geojson,GAS\sityousontou\13_tokyo_region.geojson
1311300,sityousontou,13_tokyo_region.geojson,GAS\sityousontou\13_tokyo_region.geojson
1311400,sityousontou,13_tokyo_region.geojson,GAS\sityousontou\13_tokyo_region.geojson
1311500,sityousontou,13_tokyo_region.geojson,GAS\sityousontou\13_tokyo_region.geojson
1311600,sityousontou,13_tokyo_region.geojson,GAS\sityousontou\13_tokyo_region.geojson
1311700,sityousontou,13_tokyo_region.geojson,GAS\sityousontou\13_tokyo_region.geojson
1311800,sityousontou,13_tokyo_region.geojson,GAS\sityousontou\13_tokyo_region.geojson
1311900,sityousontou,13_tokyo_region.geojson,GAS\sityousontou\13_tokyo_region.geojson
1312000,sityousontou,13_tokyo_region.geojson,GAS\sityousontou\13_tokyo_region.geojson
1312100,sityousontou,13_tokyo_region.geojson,GAS\sityousontou\13_tokyo_region.geojson
1312200,sityousontou,13_tokyo_region.geojson,GAS\sityousontou\13_tokyo_region.geojson
1312300,sityousontou,13_tokyo_region.geojson,GAS\sityousontou\13_tokyo_region.geojson
1320100,sityousontou,13_tokyo_region.geojson,GAS\sityousontou\13_tokyo_region.geojson
1320200,sityousontou,13_tokyo_region.geojson,GAS\sityousontou\13_tokyo_region.geojson
1320300,sityousontou,13_tokyo_region.geojson,GAS\sityousontou\13_tokyo_region.geojson
1320400,sityousontou,13_tokyo_region.geojson,GAS\sityousontou\13_tokyo_region.geojson
1320500,sityousontou,13_tokyo_region.geojson,GAS\sityousontou\13_tokyo_region.geojson
1320600,sityousontou,13_tokyo_region.geojson,GAS\sityousontou\13_tokyo_region.geojson
1320700,sityousontou,13_tokyo_region.geojson,GAS\sityousontou\13_tokyo_region.geojson
1320800,sityousontou,13_tokyo_region.geojson,GAS\sityousontou\13_tokyo_region.geojson
1320900,sityousontou,13_tokyo_region.geojson,GAS\sityousontou\13_tokyo_region.geojson
1321000,sityousontou,13_tokyo_region.geojson,GAS\sityousontou\13_tokyo_region.geojson
1321100,sityousontou,13_tokyo_region.geojson,GAS\sityousontou\13_tokyo_region.geojson
1321200,sityousontou,13_tokyo_region.geojson,GAS\sityousontou\13_tokyo_region.geojson
1321300,sityousontou,13_tokyo_region.geojson,GAS\sityousontou\13_tokyo_region.geojson
1321400,sityousontou,13_tokyo_region.geojson,GAS\sityousontou\13_tokyo_region.geojson
1321500,sityousontou,13_tokyo_region.geojson,GAS\sityousontou\13_tokyo_region.geojson
1321800,sityousontou,13_tokyo_region.geojson,GAS\sityousontou\13_tokyo_region.geojson
1321900,sityousontou,13_tokyo_region.geojson,GAS\sityousontou\13_tokyo_region.geojson
1322000,sityousontou,13_tokyo_region.geojson,GAS\sityousontou\13_tokyo_region.geojson
1322100,sityousontou,13_tokyo_region.geojson,GAS\sityousontou\13_tokyo_region.geojson
1322200,sityousontou,13_tokyo_region.geojson,GAS\sityousontou\13_tokyo_region.geojson
1322300,sityousontou,13_tokyo_region.geojson,GAS\sityousontou\13_tokyo_region.geojson
1322400,sityousontou,13_tokyo_region.geojson,GAS\sityousontou\13_tokyo_region.geojson
1322500,sityousontou,13_tokyo_region.geojson,GAS\sityousontou\13_tokyo_region.geojson
1322700,sityousontou,13_tokyo_region.geojson,GAS\sityousontou\13_tokyo_region.geojson
1322800,sityousontou,13_tokyo_region.geojson,GAS\sityousontou\13_tokyo_region.geojson
1322900,sityousontou,13_tokyo_region.geojson,GAS\sityousontou\13_tokyo_region.geojson
1330300,sityousontou,13_tokyo_region.geojson,GAS\sityousontou\13_tokyo_region.geojson
1330500,sityousontou,13_tokyo_region.geojson,GAS\sityousontou\13_tokyo_region.geojson
1330700,sityousontou,13_tokyo_region.geojson,GAS\sityousontou\13_tokyo_region.geojson
1330800,sityousontou,13_tokyo_region.geojson,GAS\sityousontou\13_tokyo_region.geojson
1336100,sityousontou,13_tokyo_region.geojson,GAS\sityousontou\13_tokyo_region.geojson
1336200,sityousontou,13_tokyo_region.geojson,GAS\sityousontou\13_tokyo_region.geojson
1336300,sityousontou,13_tokyo_region.geojson,GAS\sityousontou\13_tokyo_region.geojson
1336400,sityousontou,13_tokyo_region.geojson,GAS\sityousontou\13_tokyo_region.geojson
1338100,sityousontou,13_tokyo_region.geojson,GAS\sityousontou\13_tokyo_region.geojson
1338200,sityousontou,13_tokyo_region.geojson,GAS\sityousontou\13_tokyo_region.geojson
1340100,sityousontou,13_tokyo_region.geojson,GAS\sityousontou\13_tokyo_region.geojson
1340200,sityousontou,13_tokyo_region.geojson,GAS\sityousontou\13_tokyo_region.geojson
1342100,sityousontou,13_tokyo_region.geojson,GAS\sityousontou\13_tokyo_region.geojson
14,hukenyohoukutou,14_kanagawa_forecast.geojson,GAS\hukenyohoukutou\14_kanagawa_forecast.geojson
140011,1saibun,14_kanagawa_area.geojson,GAS\1saibun\14_kanagawa_area.geojson
140011,sikutyousonnwomatometatiikitou,14_kanagawa_region.geojson,GAS\sikutyousonnwomatometatiikitou\14_kanagawa_region.geojson
140012,1saibun,14_kanagawa_area.geojson,GAS\1saibun\14_kanagawa_area.geojson
140012,sikutyousonnwomatometatiikitou,14_kanagawa_region.geojson,GAS\sikutyousonnwomatometatiikitou\14_kanagawa_region.geojson
140013,1saibun,14_kanagawa_area.geojson,GAS\1saibun\14_kanagawa_area.geojson
140013,sikutyousonnwomatometatiikitou,14_kanagawa_region.geojson,GAS\sikutyousonnwomatometatiikitou\14_kanagawa_region.geojson
140021,1saibun,14_kanagawa_area.geojson,GAS\1saibun\14_kanagawa_area.geojson
140021,sikutyousonnwomatometatiikitou,14_kanagawa_region.geojson,GAS\sikutyousonnwomatometatiikitou\14_kanagawa_region.geojson
140022,1saibun,14_kanagawa_area.geojson,GAS\1saibun\14_kanagawa_area.geojson
140022,sikutyousonnwomatometatiikitou,14_kanagawa_region.geojson,GAS\sikutyousonnwomatometatiikitou\14_kanagawa_region.geojson
140023,1saibun,14_kanagawa_area.geojson,GAS\1saibun\14_kanagawa_area.geojson
140023,sikutyousonnwomatometatiikitou,14_kanagawa_region.geojson,GAS\sikutyousonnwomatometatiikitou\14_kanagawa_region.geojson
140024,1saibun,14_kanagawa_area.geojson,GAS\1saibun\14_kanagawa_area.geojson
140024,sikutyousonnwomatometatiikitou,14_kanagawa_region.geojson,GAS\sikutyousonnwomatometatiikitou\14_kanagawa_region.geojson
1410000,sityousontou,14_kanagawa_region.geojson,GAS\sityousontou\14_kanagawa_region.geojson
1413000,sityousontou,14_kanagawa_region.geojson,GAS\sityousontou\14_kanagawa_region.geojson
1415000,sityousontou,14_kanagawa_region.geojson,GAS\sityousontou\14_kanagawa_region.geojson
1420100,sityousontou,14_kanagawa_region.geojson,GAS\sityousontou\14_kanagawa_region.geojson
1420300,sityousontou,14_kanagawa_region.geojson,GAS\sityousontou\14_kanagawa_region.geojson
1420400,sityousontou,14_kanagawa_region.geojson,GAS\sityousontou\14_kanagawa_region.geojson
1420500,sityousontou,14_kanagawa_region.geojson,GAS\sityousontou\14_kanagawa_region.geojson
1420600,sityousontou,14_kanagawa_region.geojson,GAS\sityousontou\14_kanagawa_region.geojson
1420700,sityousontou,14_kanagawa_region.geojson,GAS\sityousontou\14_kanagawa_region.geojson
1420800,sityousontou,14_kanagawa_region.geojson,GAS\sityousontou\14_kanagawa_region.geojson
1421000,sityousontou,14_kanagawa_region.geojson,GAS\sityousontou\14_kanagawa_region.geojson
1421100,sityousontou,14_kanagawa_region.geojson,GAS\sityousontou\14_kanagawa_region.geojson
1421200,sityousontou,14_kanagawa_region.geojson,GAS\sityousontou\14_kanagawa_region.geojson
1421300,sityousontou,14_kanagawa_region.geojson,GAS\sityousontou\14_kanagawa_region.geojson
1421400,sityousontou,14_kanagawa_region.geojson,GAS\sityousontou\14_kanagawa_region.geojson
1421500,sityousontou,14_kanagawa_region.geojson,GAS\sityousontou\14_kanagawa_region.geojson
1421600,sityousontou,14_kanagawa_region.geojson,GAS\sityousontou\14_kanagawa_region.geojson
1421700,sityousontou,14_kanagawa_region.geojson,GAS\sityousontou\14_kanagawa_region.geojson
1421800,sityousontou,14_kanagawa_region.geojson,GAS\sityousontou\14_kanagawa_region.geojson
1430100,sityousontou,14_kanagawa_region.geojson,GAS\sityousontou\14_kanagawa_region.geojson
1432100,sityousontou,14_kanagawa_region.geojson,GAS\sityousontou\14_kanagawa_region.geojson
1434100,sityousontou,14_kanagawa_region.geojson,GAS\sityousontou\14_kanagawa_region.geojson
1434200,sityousontou,14_kanagawa_region.geojson,GAS\sityousontou\14_kanagawa_region.geojson
1436100,sityousontou,14_kanagawa_region.geojson,GAS\sityousontou\14_kanagawa_region.geojson
1436200,sityousontou,14_kanagawa_region.geojson,GAS\sityousontou\14_kanagawa_region.geojson
1436300,sityousontou,14_kanagawa_region.geojson,GAS\sityousontou\14_kanagawa_region.geojson
1436400,sityousontou,14_kanagawa_region.geojson,GAS\sityousontou\14_kanagawa_region.geojson
1436600,sityousontou,14_kanagawa_region.geojson,GAS\sityousontou\14_kanagawa_region.geojson
1438200,sityousontou,14_kanagawa_region.geojson,GAS\sityousontou\14_kanagawa_region.geojson
1438300,sityousontou,14_kanagawa_region.geojson,GAS\sityousontou\14_kanagawa_region.geojson
1438400,sityousontou,14_kanagawa_region.geojson,GAS\sityousontou\14_kanagawa_region.geojson
1440100,sityousontou,14_kanagawa_region.geojson,GAS\sityousontou\14_kanagawa_region.geojson
1440200,sityousontou,14_kanagawa_region.geojson,GAS\sityousontou\14_kanagawa_region.geojson
15,hukenyohoukutou,15_niigata_forecast.geojson,GAS\hukenyohoukutou\15_niigata_forecast.geojson
150011,1saibun,15_niigata_area.geojson,GAS\1saibun\15_niigata_area.geojson
150011,sikutyousonnwomatometatiikitou,15_niigata_region.geojson,GAS\sikutyousonnwomatometatiikitou\15_niigata_region.geojson
150012,1saibun,15_niigata_area.geojson,GAS\1saibun\15_niigata_area.geojson
150012,sikutyousonnwomatometatiikitou,15_niigata_region.geojson,GAS\sikutyousonnwomatometatiikitou\15_niigata_region.geojson
150013,1saibun,15_niigata_area.geojson,GAS\1saibun\15_niigata_area.geojson
150013,sikutyousonnwomatometatiikitou,15_niigata_region.geojson,GAS\sikutyousonnwomatometatiikitou\15_niigata_region.geojson
150014,1saibun,15_niigata_area.geojson,GAS\1saibun\15_niigata_area.geojson
150014,sikutyousonnwomatometatiikitou,15_niigata_region.geojson,GAS\sikutyousonnwomatometatiikitou\15_niigata_region.geojson
150021,1saibun,15_niigata_area.geojson,GAS\1saibun\15_niigata_area.geojson
150021,sikutyousonnwomatometatiikitou,15_niigata_region.geojson,GAS\sikutyousonnwomatometatiikitou\15_niigata_region.geojson
150022,1saibun,15_niigata_area.geojson,GAS\1saibun\15_niigata_area.geojson
150022,sikutyousonnwomatometatiikitou,15_niigata_region.geojson,GAS\sikutyousonnwomatometatiikitou\15_niigata_region.geojson
150023,1saibun,15_niigata_area.geojson,GAS\1saibun\15_niigata_area.geojson
150023,sikutyousonnwomatometatiikitou,15_niigata_region.geojson,GAS\sikutyousonnwomatometatiikitou\15_niigata_region.geojson
150024,1saibun,15_niigata_area.geojson,GAS\1saibun\15_niigata_area.geojson
150024,sikutyousonnwomatometatiikitou,15_niigata_region.geojson,GAS\sikutyousonnwomatometatiikitou\15_niigata_region.geojson
150025,1saibun,15_niigata_area.geojson,GAS\1saibun\15_niigata_area.geojson
150025,sikutyousonnwomatometatiikitou,15_niigata_region.geojson,GAS\sikutyousonnwomatometatiikitou\15_niigata_region.geojson
150026,1saibun,15_niigata_area.geojson,GAS\1saibun\15_niigata_area.geojson
150026,sikutyousonnwomatometatiikitou,15_niigata_region.geojson,GAS\sikutyousonnwomatometatiikitou\15_niigata_region.geojson
150031,1saibun,15_niigata_area.geojson,GAS\1saibun\15_niigata_area.geojson
150031,sikutyousonnwomatometatiikitou,15_niigata_region.geojson,GAS\sikutyousonnwomatometatiikitou\15_niigata_region.geojson
150032,1saibun,15_niigata_area.geojson,GAS\1saibun\15_niigata_area.geojson
150032,sikutyousonnwomatometatiikitou,15_niigata_region.geojson,GAS\sikutyousonnwomatometatiikitou\15_niigata_region.geojson
150033,1saibun,15_niigata_area.geojson,GAS\1saibun\15_niigata_area.geojson
150033,sikutyousonnwomatometatiikitou,15_niigata_region.geojson,GAS\sikutyousonnwomatometatiikitou\15_niigata_region.geojson
150040,1saibun,15_niigata_area.geojson,GAS\1saibun\15_niigata_area.geojson
150040,sikutyousonnwomatometatiikitou,15_niigata_region.geojson,GAS\sikutyousonnwomatometatiikitou\15_niigata_region.geojson
1510000,sityousontou,15_niigata_region.geojson,GAS\sityousontou\15_niigata_region.geojson
1520200,sityousontou,15_niigata_region.geojson,GAS\sityousontou\15_niigata_region.geojson
1520400,sityousontou,15_niigata_region.geojson,GAS\sityousontou\15_niigata_region.geojson
1520500,sityousontou,15_niigata_region.geojson,GAS\sityousontou\15_niigata_region.geojson
1520600,sityousontou,15_niigata_region.geojson,GAS\sityousontou\15_niigata_region.geojson
1520800,sityousontou,15_niigata_region.geojson,GAS\sityousontou\15_niigata_region.geojson
1520900,sityousontou,15_niigata_region.geojson,GAS\sityousontou\15_niigata_region.geojson
1521000,sityousontou,15_niigata_region.geojson,GAS\sityousontou\15_niigata_region.geojson
1521100,sityousontou,15_niigata_region.geojson,GAS\sityousontou\15_niigata_region.geojson
1521200,sityousontou,15_niigata_region.geojson,GAS\sityousontou\15_niigata_region.geojson
1521300,sityousontou,15_niigata_region.geojson,GAS\sityousontou\15_niigata_region.geojson
1521600,sityousontou,15_niigata_region.geojson,GAS\sityousontou\15_niigata_region.geojson
1521700,sityousontou,15_niigata_region.geojson,GAS\sityousontou\15_niigata_region.geojson
1521800,sityousontou,15_niigata_region.geojson,GAS\sityousontou\15_niigata_region.geojson
1522200,sityousontou,15_niigata_region.geojson,GAS\sityousontou\15_niigata_region.geojson
1522300,sityousontou,15_niigata_region.geojson,GAS\sityousontou\15_niigata_region.geojson
1522400,sityousontou,15_niigata_region.geojson,GAS\sityousontou\15_niigata_region.geojson
1522500,sityousontou,15_niigata_region.geojson,GAS\sityousontou\15_niigata_region.geojson
1522600,sityousontou,15_niigata_region.geojson,GAS\sityousontou\15_niigata_region.geojson
1522700,sityousontou,15_niigata_region.geojson,GAS\sityousontou\15_niigata_region.geojson
1530700,sityousontou,15_niigata_region.geojson,GAS\sityousontou\15_niigata_region.geojson
1534200,sityousontou,15_niigata_region.geojson,GAS\sityousontou\15_niigata_region.geojson
1536100,sityousontou,15_niigata_region.geojson,GAS\sityousontou\15_niigata_region.geojson
1538500,sityousontou,15_niigata_region.geojson,GAS\sityousontou\15_niigata_region.geojson
1540500,sityousontou,15_niigata_region.geojson,GAS\sityousontou\15_niigata_region.geojson
1546100,sityousontou,15_niigata_region.geojson,GAS\sityousontou\15_niigata_region.geojson
1548200,sityousontou,15_niigata_region.geojson,GAS\sityousontou\15_niigata_region.geojson
1550400,sityousontou,15_niigata_region.geojson,GAS\sityousontou\15_niigata_region.geojson
1558100,sityousontou,15_niigata_region.geojson,GAS\sityousontou\15_niigata_region.geojson
1558600,sityousontou,15_niigata_region.geojson,GAS\sityousontou\15_niigata_region.geojson
16,hukenyohoukutou,16_toyama_forecast.geojson,GAS\hukenyohoukutou\16_toyama_forecast.geojson
160011,1saibun,16_toyama_area.geojson,GAS\1saibun\16_toyama_area.geojson
160011,sikutyousonnwomatometatiikitou,16_toyama_region.geojson,GAS\sikutyousonnwomatometatiikitou\16_toyama_region.geojson
160012,1saibun,16_toyama_area.geojson,GAS\1saibun\16_toyama_area.geojson
160012,sikutyousonnwomatometatiikitou,16_toyama_region.geojson,GAS\sikutyousonnwomatometatiikitou\16_toyama_region.geojson
160021,1saibun,16_toyama_area.geojson,GAS\1saibun\16_toyama_area.geojson
160021,sikutyousonnwomatometatiikitou,16_toyama_region.geojson,GAS\sikutyousonnwomatometatiikitou\16_toyama_region.geojson
160022,1saibun,16_toyama_area.geojson,GAS\1saibun\16_toyama_area.geojson
160022,sikutyousonnwomatometatiikitou,16_toyama_region.geojson,GAS\sikutyousonnwomatometatiikitou\16_toyama_region.geojson
1620100,sityousontou,16_toyama_region.geojson,GAS\sityousontou\16_toyama_region.geojson
1620200,sityousontou,16_toyama_region.geojson,GAS\sityousontou\16_toyama_region.geojson
1620400,sityousontou,16_toyama_region.geojson,GAS\sityousontou\16_toyama_region.geojson
1620500,sityousontou,16_toyama_region.geojson,GAS\sityousontou\16_toyama_region.geojson
1620600,sityousontou,16_toyama_region.geojson,GAS\sityousontou\16_toyama_region.geojson
1620700,sityousontou,16_toyama_region.geojson,GAS\sityousontou\16_toyama_region.geojson
1620800,sityousontou,16_toyama_region.geojson,GAS\sityousontou\16_toyama_region.geojson
1620900,sityousontou,16_toyama_region.geojson,GAS\sityousontou\16_toyama_region.geojson
1621000,sityousontou,16_toyama_region.geojson,GAS\sityousontou\16_toyama_region.geojson
1621100,sityousontou,16_toyama_region.geojson,GAS\sityousontou\16_toyama_region.geojson
1632100,sityousontou,16_toyama_region.geojson,GAS\sityousontou\16_toyama_region.geojson
1632200,sityousontou,16_toyama_region.geojson,GAS\sityousontou\16_toyama_region.geojson
1632300,sityousontou,16_toyama_region.geojson,GAS\sityousontou\16_toyama_region.geojson
1634200,sityousontou,16_toyama_region.geojson,GAS\sityousontou\16_toyama_region.geojson
1634300,sityousontou,16_toyama_region.geojson,GAS\sityousontou\16_toyama_region.geojson
17,hukenyohoukutou,17_ishikawa_forecast.geojson,GAS\hukenyohoukutou\17_ishikawa_forecast.geojson
170011,1saibun,17_ishikawa_area.geojson,GAS\1saibun\17_ishikawa_area.geojson
170011,sikutyousonnwomatometatiikitou,17_ishikawa_region.geojson,GAS\sikutyousonnwomatometatiikitou\17_ishikawa_region.geojson
170012,1saibun,17_ishikawa_area.geojson,GAS\1saibun\17_ishikawa_area.geojson
170012,sikutyousonnwomatometatiikitou,17_ishikawa_region.geojson,GAS\sikutyousonnwomatometatiikitou\17_ishikawa_region.geojson
170021,1saibun,17_ishikawa_area.geojson,GAS\1saibun\17_ishikawa_area.geojson
170021,sikutyousonnwomatometatiikitou,17_ishikawa_region.geojson,GAS\sikutyousonnwomatometatiikitou\17_ishikawa_region.geojson
170022,1saibun,17_ishikawa_area.geojson,GAS\1saibun\17_ishikawa_area.geojson
170022,sikutyousonnwomatometatiikitou,17_ishikawa_region.geojson,GAS\sikutyousonnwomatometatiikitou\17_ishikawa_region.geojson
1720100,sityousontou,17_ishikawa_region.geojson,GAS\sityousontou\17_ishikawa_region.geojson
1720200,sityousontou,17_ishikawa_region.geojson,GAS\sityousontou\17_ishikawa_region.geojson
1720300,sityousontou,17_ishikawa_region.geojson,GAS\sityousontou\17_ishikawa_region.geojson
1720400,sityousontou,17_ishikawa_region.geojson,GAS\sityousontou\17_ishikawa_region.geojson
1720500,sityousontou,17_ishikawa_region.geojson,GAS\sityousontou\17_ishikawa_region.geojson
1720600,sityousontou,17_ishikawa_region.geojson,GAS\sityousontou\17_ishikawa_region.geojson
1720700,sityousontou,17_ishikawa_region.geojson,GAS\sityousontou\17_ishikawa_region.geojson
1720900,sityousontou,17_ishikawa_region.geojson,GAS\sityousontou\17_ishikawa_region.geojson
1721000,sityousontou,17_ishikawa_region.geojson,GAS\sityousontou\17_ishikawa_region.geojson
1721100,sityousontou,17_ishikawa_region.geojson,GAS\sityousontou\17_ishikawa_region.geojson
1721200,sityousontou,17_ishikawa_region.geojson,GAS\sityousontou\17_ishikawa_region.geojson
1732400,sityousontou,17_ishikawa_region.geojson,GAS\sityousontou\17_ishikawa_region.geojson
1736100,sityousontou,17_ishikawa_region.geojson,GAS\sityousontou\17_ishikawa_region.geojson
1736500,sityousontou,17_ishikawa_region.geojson,GAS\sityousontou\17_ishikawa_region.geojson
1738400,sityousontou,17_ishikawa_region.geojson,GAS\sityousontou\17_ishikawa_region.geojson
1738600,sityousontou,17_ishikawa_region.geojson,GAS\sityousontou\17_ishikawa_region.geojson
1740700,sityousontou,17_ishikawa_region.geojson,GAS\sityousontou\17_ishikawa_region.geojson
1746100,sityousontou,17_ishikawa_region.geojson,GAS\sityousontou\17_ishikawa_region.geojson
1746300,sityousontou,17_ishikawa_region.geojson,GAS\sityousontou\17_ishikawa_region.geojson
18,hukenyohoukutou,18_fukui_forecast.geojson,GAS\hukenyohoukutou\18_fukui_forecast.geojson
180011,1saibun,18_fukui_area.geojson,GAS\1saibun\18_fukui_area.geojson
180011,sikutyousonnwomatometatiikitou,18_fukui_region.geojson,GAS\sikutyousonnwomatometatiikitou\18_fukui_region.geojson
180012,1saibun,18_fukui_area.geojson,GAS\1saibun\18_fukui_area.geojson
180012,sikutyousonnwomatometatiikitou,18_fukui_region.geojson,GAS\sikutyousonnwomatometatiikitou\18_fukui_region.geojson
180013,1saibun,18_fukui_area.geojson,GAS\1saibun\18_fukui_area.geojson
180013,sikutyousonnwomatometatiikitou,18_fukui_region.geojson,GAS\sikutyousonnwomatometatiikitou\18_fukui_region.geojson
180021,1saibun,18_fukui_area.geojson,GAS\1saibun\18_fukui_area.geojson
180021,sikutyousonnwomatometatiikitou,18_fukui_region.geojson,GAS\sikutyousonnwomatometatiikitou\18_fukui_region.geojson
180022,1saibun,18_fukui_area.geojson,GAS\1saibun\18_fukui_area.geojson
180022,sikutyousonnwomatometatiikitou,18_fukui_region.geojson,GAS\sikutyousonnwomatometatiikitou\18_fukui_region.geojson
1820100,sityousontou,18_fukui_region.geojson,GAS\sityousontou\18_fukui_region.geojson
1820200,sityousontou,18_fukui_region.geojson,GAS\sityousontou\18_fukui_region.geojson
1820400,sityousontou,18_fukui_region.geojson,GAS\sityousontou\18_fukui_region.geojson
1820500,sityousontou,18_fukui_region.geojson,GAS\sityousontou\18_fukui_region.geojson
1820600,sityousontou,18_fukui_region.geojson,GAS\sityousontou\18_fukui_region.geojson
1820700,sityousontou,18_fukui_region.geojson,GAS\sityousontou\18_fukui_region.geojson
1820800,sityousontou,18_fukui_region.geojson,GAS\sityousontou\18_fukui_region.geojson
1820900,sityousontou,18_fukui_region.geojson,GAS\sityousontou\18_fukui_region.geojson
1821000,sityousontou,18_fukui_region.geojson,GAS\sityousontou\18_fukui_region.geojson
1832200,sityousontou,18_fukui_region.geojson,GAS\sityousontou\18_fukui_region.geojson
1838200,sityousontou,18_fukui_region.geojson,GAS\sityousontou\18_fukui_region.geojson
1840400,sityousontou,18_fukui_region.geojson,GAS\sityousontou\18_fukui_region.geojson
1842300,sityousontou,18_fukui_region.geojson,GAS\sityousontou\18_fukui_region.geojson
1844200,sityousontou,18_fukui_region.geojson,GAS\sityousontou\18_fukui_region.geojson
1848100,sityousontou,18_fukui_region.geojson,GAS\sityousontou\18_fukui_region.geojson
1848300,sityousontou,18_fukui_region.geojson,GAS\sityousontou\18_fukui_region.geojson
1850100,sityousontou,18_fukui_region.geojson,GAS\sityousontou\18_fukui_region.geojson
19,hukenyohoukutou,19_yamanashi_forecast.geojson,GAS\hukenyohoukutou\19_yamanashi_forecast.geojson
190011,1saibun,19_yamanashi_area.geojson,GAS\1saibun\19_yamanashi_area.geojson
190011,sikutyousonnwomatometatiikitou,19_yamanashi_region.geojson,GAS\sikutyousonnwomatometatiikitou\19_yamanashi_region.geojson
190012,1saibun,19_yamanashi_area.geojson,GAS\1saibun\19_yamanashi_area.geojson
190012,sikutyousonnwomatometatiikitou,19_yamanashi_region.geojson,GAS\sikutyousonnwomatometatiikitou\19_yamanashi_region.geojson
190013,1saibun,19_yamanashi_area.geojson,GAS\1saibun\19_yamanashi_area.geojson
190013,sikutyousonnwomatometatiikitou,19_yamanashi_region.geojson,GAS\sikutyousonnwomatometatiikitou\19_yamanashi_region.geojson
190021,1saibun,19_yamanashi_area.geojson,GAS\1saibun\19_yamanashi_area.geojson
190021,sikutyousonnwomatometatiikitou,19_yamanashi_region.geojson,GAS\sikutyousonnwomatometatiikitou\19_yamanashi_region.geojson
190022,1saibun,19_yamanashi_area.geojson,GAS\1saibun\19_yamanashi_area.geojson
190022,sikutyousonnwomatometatiikitou,19_yamanashi_region.geojson,GAS\sikutyousonnwomatometatiikitou\19_yamanashi_region.geojson
1920100,sityousontou,19_yamanashi_region.geojson,GAS\sityousontou\19_yamanashi_region.geojson
1920200,sityousontou,19_yamanashi_region.geojson,GAS\sityousontou\19_yamanashi_region.geojson
1920400,sityousontou,19_yamanashi_region.geojson,GAS\sityousontou\19_yamanashi_region.geojson
1920500,sityousontou,19_yamanashi_region.geojson,GAS\sityousontou\19_yamanashi_region.geojson
1920600,sityousontou,19_yamanashi_region.geojson,GAS\sityousontou\19_yamanashi_region.geojson
1920700,sityousontou,19_yamanashi_region.geojson,GAS\sityousontou\19_yamanashi_region.geojson
1920800,sityousontou,19_yamanashi_region.geojson,GAS\sityousontou\19_yamanashi_region.geojson
1920900,sityousontou,19_yamanashi_region.geojson,GAS\sityousontou\19_yamanashi_region.geojson
1921000,sityousontou,19_yamanashi_region.geojson,GAS\sityousontou\19_yamanashi_region.geojson
1921100,sityousontou,19_yamanashi_region.geojson,GAS\sityousontou\19_yamanashi_region.geojson
1921200,sityousontou,19_yamanashi_region.geojson,GAS\sityousontou\19_yamanashi_region.geojson
1921300,sityousontou,19_yamanashi_region.geojson,GAS\sityousontou\19_yamanashi_region.geojson
1921400,sityousontou,19_yamanashi_region.geojson,GAS\sityousontou\19_yamanashi_region.geojson
1934600,sityousontou,19_yamanashi_region.geojson,GAS\sityousontou\19_yamanashi_region.geojson
1936400,sityousontou,19_yamanashi_region.geojson,GAS\sityousontou\19_yamanashi_region.geojson
1936500,sityousontou,19_yamanashi_region.geojson,GAS\sityousontou\19_yamanashi_region.geojson
1936600,sityousontou,19_yamanashi_region.geojson,GAS\sityousontou\19_yamanashi_region.geojson
1936800,sityousontou,19_yamanashi_region.geojson,GAS\sityousontou\19_yamanashi_region.geojson
1938400,sityousontou,19_yamanashi_region.geojson,GAS\sityousontou\19_yamanashi_region.geojson
1942200,sityousontou,19_yamanashi_region.geojson,GAS\sityousontou\19_yamanashi_region.geojson
1942300,sityousontou,19_yamanashi_region.geojson,GAS\sityousontou\19_yamanashi_region.geojson
1942400,sityousontou,19_yamanashi_region.geojson,GAS\sityousontou\19_yamanashi_region.geojson
1942500,sityousontou,19_yamanashi_region.geojson,GAS\sityousontou\19_yamanashi_region.geojson
1942900,sityousontou,19_yamanashi_region.geojson,GAS\sityousontou\19_yamanashi_region.geojson
1943000,sityousontou,19_yamanashi_region.geojson,GAS\sityousontou\19_yamanashi_region.geojson
1944200,sityousontou,19_yamanashi_region.geojson,GAS\sityousontou\19_yamanashi_region.geojson
1944300,sityousontou,19_yamanashi_region.geojson,GAS\sityousontou\19_yamanashi_region.geojson
20,hukenyohoukutou,20_nagano_forecast.geojson,GAS\hukenyohoukutou\20_nagano_forecast.geojson
200011,1saibun,20_nagano_area.geojson,GAS\1saibun\20_nagano_area.geojson
200011,sikutyousonnwomatometatiikitou,20_nagano_region.geojson,GAS\sikutyousonnwomatometatiikitou\20_nagano_region.geojson
200012,1saibun,20_nagano_area.geojson,GAS\1saibun\20_nagano_area.geojson
200012,sikutyousonnwomatometatiikitou,20_nagano_region.geojson,GAS\sikutyousonnwomatometatiikitou\20_nagano_region.geojson
200013,1saibun,20_nagano_area.geojson,GAS\1saibun\20_nagano_area.geojson
200013,sikutyousonnwomatometatiikitou,20_nagano_region.geojson,GAS\sikutyousonnwomatometatiikitou\20_nagano_region.geojson
200021,1saibun,20_nagano_area.geojson,GAS\1saibun\20_nagano_area.geojson
200021,sikutyousonnwomatometatiikitou,20_nagano_region.geojson,GAS\sikutyousonnwomatometatiikitou\20_nagano_region.geojson
200022,1saibun,20_nagano_area.geojson,GAS\1saibun\20_nagano_area.geojson
200022,sikutyousonnwomatometatiikitou,20_nagano_region.geojson,GAS\sikutyousonnwomatometatiikitou\20_nagano_region.geojson
200023,1saibun,20_nagano_area.geojson,GAS\1saibun\20_nagano_area.geojson
200023,sikutyousonnwomatometatiikitou,20_nagano_region.geojson,GAS\sikutyousonnwomatometatiikitou\20_nagano_region.geojson
200024,1saibun,20_nagano_area.geojson,GAS\1saibun\20_nagano_area.geojson
200024,sikutyousonnwomatometatiikitou,20_nagano_region.geojson,GAS\sikutyousonnwomatometatiikitou\20_nagano_region.geojson
200025,1saibun,20_nagano_area.geojson,GAS\1saibun\20_nagano_area.geojson
200025,sikutyousonnwomatometatiikitou,20_nagano_region.geojson,GAS\sikutyousonnwomatometatiikitou\20_nagano_region.geojson
200031,1saibun,20_nagano_area.geojson,GAS\1saibun\20_nagano_area.geojson
200031,sikutyousonnwomatometatiikitou,20_nagano_region.geojson,GAS\sikutyousonnwomatometatiikitou\20_nagano_region.geojson
200032,1saibun,20_nagano_area.geojson,GAS\1saibun\20_nagano_area.geojson
200032,sikutyousonnwomatometatiikitou,20_nagano_region.geojson,GAS\sikutyousonnwomatometatiikitou\20_nagano_region.geojson
200033,1saibun,20_nagano_area.geojson,GAS\1saibun\20_nagano_area.geojson
200033,sikutyousonnwomatometatiikitou,20_nagano_region.geojson,GAS\sikutyousonnwomatometatiikitou\20_nagano_region.geojson
2020100,sityousontou,20_nagano_region.geojson,GAS\sityousontou\20_nagano_region.geojson
2020201,sityousontou,20_nagano_region.geojson,GAS\sityousontou\20_nagano_region.geojson
2020202,sityousontou,20_nagano_region.geojson,GAS\sityousontou\20_nagano_region.geojson
2020300,sityousontou,20_nagano_region.geojson,GAS\sityousontou\20_nagano_region.geojson
2020400,sityousontou,20_nagano_region.geojson,GAS\sityousontou\20_nagano_region.geojson
2020500,sityousontou,20_nagano_region.geojson,GAS\sityousontou\20_nagano_region.geojson
2020600,sityousontou,20_nagano_region.geojson,GAS\sityousontou\20_nagano_region.geojson
2020700,sityousontou,20_nagano_region.geojson,GAS\sityousontou\20_nagano_region.geojson
2020800,sityousontou,20_nagano_region.geojson,GAS\sityousontou\20_nagano_region.geojson
2020900,sityousontou,20_nagano_region.geojson,GAS\sityousontou\20_nagano_region.geojson
2021000,sityousontou,20_nagano_region.geojson,GAS\sityousontou\20_nagano_region.geojson
2021100,sityousontou,20_nagano_region.geojson,GAS\sityousontou\20_nagano_region.geojson
2021200,sityousontou,20_nagano_region.geojson,GAS\sityousontou\20_nagano_region.geojson
2021300,sityousontou,20_nagano_region.geojson,GAS\sityousontou\20_nagano_region.geojson
2021400,sityousontou,20_nagano_region.geojson,GAS\sityousontou\20_nagano_region.geojson
2021501,sityousontou,20_nagano_region.geojson,GAS\sityousontou\20_nagano_region.geojson
2021502,sityousontou,20_nagano_region.geojson,GAS\sityousontou\20_nagano_region.geojson
2021700,sityousontou,20_nagano_region.geojson,GAS\sityousontou\20_nagano_region.geojson
2021800,sityousontou,20_nagano_region.geojson,GAS\sityousontou\20_nagano_region.geojson
2021900,sityousontou,20_nagano_region.geojson,GAS\sityousontou\20_nagano_region.geojson
2022000,sityousontou,20_nagano_region.geojson,GAS\sityousontou\20_nagano_region.geojson
2030300,sityousontou,20_nagano_region.geojson,GAS\sityousontou\20_nagano_region.geojson
2030400,sityousontou,20_nagano_region.geojson,GAS\sityousontou\20_nagano_region.geojson
2030500,sityousontou,20_nagano_region.geojson,GAS\sityousontou\20_nagano_region.geojson
2030600,sityousontou,20_nagano_region.geojson,GAS\sityousontou\20_nagano_region.geojson
2030700,sityousontou,20_nagano_region.geojson,GAS\sityousontou\20_nagano_region.geojson
2030900,sityousontou,20_nagano_region.geojson,GAS\sityousontou\20_nagano_region.geojson
2032100,sityousontou,20_nagano_region.geojson,GAS\sityousontou\20_nagano_region.geojson
2032300,sityousontou,20_nagano_region.geojson,GAS\sityousontou\20_nagano_region.geojson
2032400,sityousontou,20_nagano_region.geojson,GAS\sityousontou\20_nagano_region.geojson
2034900,sityousontou,20_nagano_region.geojson,GAS\sityousontou\20_nagano_region.geojson
2035000,sityousontou,20_nagano_region.geojson,GAS\sityousontou\20_nagano_region.geojson
2036100,sityousontou,20_nagano_region.geojson,GAS\sityousontou\20_nagano_region.geojson
2036200,sityousontou,20_nagano_region.geojson,GAS\sityousontou\20_nagano_region.geojson
2036300,sityousontou,20_nagano_region.geojson,GAS\sityousontou\20_nagano_region.geojson
2038200,sityousontou,20_nagano_region.geojson,GAS\sityousontou\20_nagano_region.geojson
2038300,sityousontou,20_nagano_region.geojson,GAS\sityousontou\20_nagano_region.geojson
2038400,sityousontou,20_nagano_region.geojson,GAS\sityousontou\20_nagano_region.geojson
2038500,sityousontou,20_nagano_region.geojson,GAS\sityousontou\20_nagano_region.geojson
2038600,sityousontou,20_nagano_region.geojson,GAS\sityousontou\20_nagano_region.geojson
2038800,sityousontou,20_nagano_region.geojson,GAS\sityousontou\20_nagano_region.geojson
2040200,sityousontou,20_nagano_region.geojson,GAS\sityousontou\20_nagano_region.geojson
2040300,sityousontou,20_nagano_region.geojson,GAS\sityousontou\20_nagano_region.geojson
2040400,sityousontou,20_nagano_region.geojson,GAS\sityousontou\20_nagano_region.geojson
2040700,sityousontou,20_nagano_region.geojson,GAS\sityousontou\20_nagano_region.geojson
2040900,sityousontou,20_nagano_region.geojson,GAS\sityousontou\20_nagano_region.geojson
2041000,sityousontou,20_nagano_region.geojson,GAS\sityousontou\20_nagano_region.geojson
2041100,sityousontou,20_nagano_region.geojson,GAS\sityousontou\20_nagano_region.geojson
2041200,sityousontou,20_nagano_region.geojson,GAS\sityousontou\20_nagano_region.geojson
2041300,sityousontou,20_nagano_region.geojson,GAS\sityousontou\20_nagano_region.geojson
2041400,sityousontou,20_nagano_region.geojson,GAS\sityousontou\20_nagano_region.geojson
2041500,sityousontou,20_nagano_region.geojson,GAS\sityousontou\20_nagano_region.geojson
2041600,sityousontou,20_nagano_region.geojson,GAS\sityousontou\20_nagano_region.geojson
2041700,sityousontou,20_nagano_region.geojson,GAS\sityousontou\20_nagano_region.geojson
2042200,sityousontou,20_nagano_region.geojson,GAS\sityousontou\20_nagano_region.geojson
2042300,sityousontou,20_nagano_region.geojson,GAS\sityousontou\20_nagano_region.geojson
2042500,sityousontou,20_nagano_region.geojson,GAS\sityousontou\20_nagano_region.geojson
2042900,sityousontou,20_nagano_region.geojson,GAS\sityousontou\20_nagano_region.geojson
2043000,sityousontou,20_nagano_region.geojson,GAS\sityousontou\20_nagano_region.geojson
2043200,sityousontou,20_nagano_region.geojson,GAS\sityousontou\20_nagano_region.geojson
2044600,sityousontou,20_nagano_region.geojson,GAS\sityousontou\20_nagano_region.geojson
2044800,sityousontou,20_nagano_region.geojson,GAS\sityousontou\20_nagano_region.geojson
2045000,sityousontou,20_nagano_region.geojson,GAS\sityousontou\20_nagano_region.geojson
2045100,sityousontou,20_nagano_region.geojson,GAS\sityousontou\20_nagano_region.geojson
2045200,sityousontou,20_nagano_region.geojson,GAS\sityousontou\20_nagano_region.geojson
2048100,sityousontou,20_nagano_region.geojson,GAS\sityousontou\20_nagano_region.geojson
2048200,sityousontou,20_nagano_region.geojson,GAS\sityousontou\20_nagano_region.geojson
2048500,sityousontou,20_nagano_region.geojson,GAS\sityousontou\20_nagano_region.geojson
2048600,sityousontou,20_nagano_region.geojson,GAS\sityousontou\20_nagano_region.geojson
2052100,sityousontou,20_nagano_region.geojson,GAS\sityousontou\20_nagano_region.geojson
2054100,sityousontou,20_nagano_region.geojson,GAS\sityousontou\20_nagano_region.geojson
2054300,sityousontou,20_nagano_region.geojson,GAS\sityousontou\20_nagano_region.geojson
2056100,sityousontou,20_nagano_region.geojson,GAS\sityousontou\20_nagano_region.geojson
2056200,sityousontou,20_nagano_region.geojson,GAS\sityousontou\20_nagano_region.geojson
2056300,sityousontou,20_nagano_region.geojson,GAS\sityousontou\20_nagano_region.geojson
2058300,sityousontou,20_nagano_region.geojson,GAS\sityousontou\20_nagano_region.geojson
2058800,sityousontou,20_nagano_region.geojson,GAS\sityousontou\20_nagano_region.geojson
2059000,sityousontou,20_nagano_region.geojson,GAS\sityousontou\20_nagano_region.geojson
2060200,sityousontou,20_nagano_region.geojson,GAS\sityousontou\20_nagano_region.geojson
21,hukenyohoukutou,21_gifu_forecast.geojson,GAS\hukenyohoukutou\21_gifu_forecast.geojson
210011,1saibun,21_gifu_area.geojson,GAS\1saibun\21_gifu_area.geojson
210011,sikutyousonnwomatometatiikitou,21_gifu_region.geojson,GAS\sikutyousonnwomatometatiikitou\21_gifu_region.geojson
210012,1saibun,21_gifu_area.geojson,GAS\1saibun\21_gifu_area.geojson
210012,sikutyousonnwomatometatiikitou,21_gifu_region.geojson,GAS\sikutyousonnwomatometatiikitou\21_gifu_region.geojson
210013,1saibun,21_gifu_area.geojson,GAS\1saibun\21_gifu_area.geojson
210013,sikutyousonnwomatometatiikitou,21_gifu_region.geojson,GAS\sikutyousonnwomatometatiikitou\21_gifu_region.geojson
210021,1saibun,21_gifu_area.geojson,GAS\1saibun\21_gifu_area.geojson
210021,sikutyousonnwomatometatiikitou,21_gifu_region.geojson,GAS\sikutyousonnwomatometatiikitou\21_gifu_region.geojson
210022,1saibun,21_gifu_area.geojson,GAS\1saibun\21_gifu_area.geojson
210022,sikutyousonnwomatometatiikitou,21_gifu_region.geojson,GAS\sikutyousonnwomatometatiikitou\21_gifu_region.geojson
2120100,sityousontou,21_gifu_region.geojson,GAS\sityousontou\21_gifu_region.geojson
2120200,sityousontou,21_gifu_region.geojson,GAS\sityousontou\21_gifu_region.geojson
2120300,sityousontou,21_gifu_region.geojson,GAS\sityousontou\21_gifu_region.geojson
2120400,sityousontou,21_gifu_region.geojson,GAS\sityousontou\21_gifu_region.geojson
2120500,sityousontou,21_gifu_region.geojson,GAS\sityousontou\21_gifu_region.geojson
2120600,sityousontou,21_gifu_region.geojson,GAS\sityousontou\21_gifu_region.geojson
2120700,sityousontou,21_gifu_region.geojson,GAS\sityousontou\21_gifu_region.geojson
2120800,sityousontou,21_gifu_region.geojson,GAS\sityousontou\21_gifu_region.geojson
2120900,sityousontou,21_gifu_region.geojson,GAS\sityousontou\21_gifu_region.geojson
2121000,sityousontou,21_gifu_region.geojson,GAS\sityousontou\21_gifu_region.geojson
2121100,sityousontou,21_gifu_region.geojson,GAS\sityousontou\21_gifu_region.geojson
2121200,sityousontou,21_gifu_region.geojson,GAS\sityousontou\21_gifu_region.geojson
2121300,sityousontou,21_gifu_region.geojson,GAS\sityousontou\21_gifu_region.geojson
2121400,sityousontou,21_gifu_region.geojson,GAS\sityousontou\21_gifu_region.geojson
2121500,sityousontou,21_gifu_region.geojson,GAS\sityousontou\21_gifu_region.geojson
2121600,sityousontou,21_gifu_region.geojson,GAS\sityousontou\21_gifu_region.geojson
2121700,sityousontou,21_gifu_region.geojson,GAS\sityousontou\21_gifu_region.geojson
2121800,sityousontou,21_gifu_region.geojson,GAS\sityousontou\21_gifu_region.geojson
2121900,sityousontou,21_gifu_region.geojson,GAS\sityousontou\21_gifu_region.geojson
2122000,sityousontou,21_gifu_region.geojson,GAS\sityousontou\21_gifu_region.geojson
2122100,sityousontou,21_gifu_region.geojson,GAS\sityousontou\21_gifu_region.geojson
2130200,sityousontou,21_gifu_region.geojson,GAS\sityousontou\21_gifu_region.geojson
2130300,sityousontou,21_gifu_region.geojson,GAS\sityousontou\21_gifu_region.geojson
2134100,sityousontou,21_gifu_region.geojson,GAS\sityousontou\21_gifu_region.geojson
2136100,sityousontou,21_gifu_region.geojson,GAS\sityousontou\21_gifu_region.geojson
2136200,sityousontou,21_gifu_region.geojson,GAS\sityousontou\21_gifu_region.geojson
2138100,sityousontou,21_gifu_region.geojson,GAS\sityousontou\21_gifu_region.geojson
2138200,sityousontou,21_gifu_region.geojson,GAS\sityousontou\21_gifu_region.geojson
2138300,sityousontou,21_gifu_region.geojson,GAS\sityousontou\21_gifu_region.geojson
2140100,sityousontou,21_gifu_region.geojson,GAS\sityousontou\21_gifu_region.geojson
2140300,sityousontou,21_gifu_region.geojson,GAS\sityousontou\21_gifu_region.geojson
2140400,sityousontou,21_gifu_region.geojson,GAS\sityousontou\21_gifu_region.geojson
2142100,sityousontou,21_gifu_region.geojson,GAS\sityousontou\21_gifu_region.geojson
2150100,sityousontou,21_gifu_region.geojson,GAS\sityousontou\21_gifu_region.geojson
2150200,sityousontou,21_gifu_region.geojson,GAS\sityousontou\21_gifu_region.geojson
2150300,sityousontou,21_gifu_region.geojson,GAS\sityousontou\21_gifu_region.geojson
2150400,sityousontou,21_gifu_region.geojson,GAS\sityousontou\21_gifu_region.geojson
2150500,sityousontou,21_gifu_region.geojson,GAS\sityousontou\21_gifu_region.geojson
2150600,sityousontou,21_gifu_region.geojson,GAS\sityousontou\21_gifu_region.geojson
2150700,sityousontou,21_gifu_region.geojson,GAS\sityousontou\21_gifu_region.geojson
2152100,sityousontou,21_gifu_region.geojson,GAS\sityousontou\21_gifu_region.geojson
2160400,sityousontou,21_gifu_region.geojson,GAS\sityousontou\21_gifu_region.geojson
22,hukenyohoukutou,22_shizuoka_forecast.geojson,GAS\hukenyohoukutou\22_shizuoka_forecast.geojson
220011,1saibun,22_shizuoka_area.geojson,GAS\1saibun\22_shizuoka_area.geojson
220011,sikutyousonnwomatometatiikitou,22_shizuoka_region.geojson,GAS\sikutyousonnwomatometatiikitou\22_shizuoka_region.geojson
220012,1saibun,22_shizuoka_area.geojson,GAS\1saibun\22_shizuoka_area.geojson
220012,sikutyousonnwomatometatiikitou,22_shizuoka_region.geojson,GAS\sikutyousonnwomatometatiikitou\22_shizuoka_region.geojson
220021,1saibun,22_shizuoka_area.geojson,GAS\1saibun\22_shizuoka_area.geojson
220021,sikutyousonnwomatometatiikitou,22_shizuoka_region.geojson,GAS\sikutyousonnwomatometatiikitou\22_shizuoka_region.geojson
220022,1saibun,22_shizuoka_area.geojson,GAS\1saibun\22_shizuoka_area.geojson
220022,sikutyousonnwomatometatiikitou,22_shizuoka_region.geojson,GAS\sikutyousonnwomatometatiikitou\22_shizuoka_region.geojson
220031,1saibun,22_shizuoka_area.geojson,GAS\1saibun\22_shizuoka_area.geojson
220031,sikutyousonnwomatometatiikitou,22_shizuoka_region.geojson,GAS\sikutyousonnwomatometatiikitou\22_shizuoka_region.geojson
220032,1saibun,22_shizuoka_area.geojson,GAS\1saibun\22_shizuoka_area.geojson
220032,sikutyousonnwomatometatiikitou,22_shizuoka_region.geojson,GAS\sikutyousonnwomatometatiikitou\22_shizuoka_region.geojson
220041,1saibun,22_shizuoka_area.geojson,GAS\1saibun\22_shizuoka_area.geojson
220041,sikutyousonnwomatometatiikitou,22_shizuoka_region.geojson,GAS\sikutyousonnwomatometatiikitou\22_shizuoka_region.geojson
220042,1saibun,22_shizuoka_area.geojson,GAS\1saibun\22_shizuoka_area.geojson
220042,sikutyousonnwomatometatiikitou,22_shizuoka_region.geojson,GAS\sikutyousonnwomatometatiikitou\22_shizuoka_region.geojson
2210001,sityousontou,22_shizuoka_region.geojson,GAS\sityousontou\22_shizuoka_region.geojson
2210002,sityousontou,22_shizuoka_region.geojson,GAS\sityousontou\22_shizuoka_region.geojson
2213001,sityousontou,22_shizuoka_region.geojson,GAS\sityousontou\22_shizuoka_region.geojson
2213002,sityousontou,22_shizuoka_region.geojson,GAS\sityousontou\22_shizuoka_region.geojson
2220300,sityousontou,22_shizuoka_region.geojson,GAS\sityousontou\22_shizuoka_region.geojson
2220500,sityousontou,22_shizuoka_region.geojson,GAS\sityousontou\22_shizuoka_region.geojson
2220600,sityousontou,22_shizuoka_region.geojson,GAS\sityousontou\22_shizuoka_region.geojson
2220700,sityousontou,22_shizuoka_region.geojson,GAS\sityousontou\22_shizuoka_region.geojson
2220800,sityousontou,22_shizuoka_region.geojson,GAS\sityousontou\22_shizuoka_region.geojson
2220900,sityousontou,22_shizuoka_region.geojson,GAS\sityousontou\22_shizuoka_region.geojson
2221000,sityousontou,22_shizuoka_region.geojson,GAS\sityousontou\22_shizuoka_region.geojson
2221100,sityousontou,22_shizuoka_region.geojson,GAS\sityousontou\22_shizuoka_region.geojson
2221200,sityousontou,22_shizuoka_region.geojson,GAS\sityousontou\22_shizuoka_region.geojson
2221300,sityousontou,22_shizuoka_region.geojson,GAS\sityousontou\22_shizuoka_region.geojson
2221400,sityousontou,22_shizuoka_region.geojson,GAS\sityousontou\22_shizuoka_region.geojson
2221500,sityousontou,22_shizuoka_region.geojson,GAS\sityousontou\22_shizuoka_region.geojson
2221600,sityousontou,22_shizuoka_region.geojson,GAS\sityousontou\22_shizuoka_region.geojson
2221900,sityousontou,22_shizuoka_region.geojson,GAS\sityousontou\22_shizuoka_region.geojson
2222000,sityousontou,22_shizuoka_region.geojson,GAS\sityousontou\22_shizuoka_region.geojson
2222100,sityousontou,22_shizuoka_region.geojson,GAS\sityousontou\22_shizuoka_region.geojson
2222200,sityousontou,22_shizuoka_region.geojson,GAS\sityousontou\22_shizuoka_region.geojson
2222300,sityousontou,22_shizuoka_region.geojson,GAS\sityousontou\22_shizuoka_region.geojson
2222400,sityousontou,22_shizuoka_region.geojson,GAS\sityousontou\22_shizuoka_region.geojson
2222500,sityousontou,22_shizuoka_region.geojson,GAS\sityousontou\22_shizuoka_region.geojson
2222600,sityousontou,22_shizuoka_region.geojson,GAS\sityousontou\22_shizuoka_region.geojson
2230100,sityousontou,22_shizuoka_region.geojson,GAS\sityousontou\22_shizuoka_region.geojson
2230200,sityousontou,22_shizuoka_region.geojson,GAS\sityousontou\22_shizuoka_region.geojson
2230400,sityousontou,22_shizuoka_region.geojson,GAS\sityousontou\22_shizuoka_region.geojson
2230500,sityousontou,22_shizuoka_region.geojson,GAS\sityousontou\22_shizuoka_region.geojson
2230600,sityousontou,22_shizuoka_region.geojson,GAS\sityousontou\22_shizuoka_region.geojson
2232500,sityousontou,22_shizuoka_region.geojson,GAS\sityousontou\22_shizuoka_region.geojson
2234100,sityousontou,22_shizuoka_region.geojson,GAS\sityousontou\22_shizuoka_region.geojson
2234200,sityousontou,22_shizuoka_region.geojson,GAS\sityousontou\22_shizuoka_region.geojson
2234400,sityousontou,22_shizuoka_region.geojson,GAS\sityousontou\22_shizuoka_region.geojson
2242400,sityousontou,22_shizuoka_region.geojson,GAS\sityousontou\22_shizuoka_region.geojson
2242900,sityousontou,22_shizuoka_region.geojson,GAS\sityousontou\22_shizuoka_region.geojson
2246100,sityousontou,22_shizuoka_region.geojson,GAS\sityousontou\22_shizuoka_region.geojson
23,hukenyohoukutou,23_aichi_forecast.geojson,GAS\hukenyohoukutou\23_aichi_forecast.geojson
230011,1saibun,23_aichi_area.geojson,GAS\1saibun\23_aichi_area.geojson
230011,sikutyousonnwomatometatiikitou,23_aichi_region.geojson,GAS\sikutyousonnwomatometatiikitou\23_aichi_region.geojson
230012,1saibun,23_aichi_area.geojson,GAS\1saibun\23_aichi_area.geojson
230012,sikutyousonnwomatometatiikitou,23_aichi_region.geojson,GAS\sikutyousonnwomatometatiikitou\23_aichi_region.geojson
230013,1saibun,23_aichi_area.geojson,GAS\1saibun\23_aichi_area.geojson
230013,sikutyousonnwomatometatiikitou,23_aichi_region.geojson,GAS\sikutyousonnwomatometatiikitou\23_aichi_region.geojson
230014,1saibun,23_aichi_area.geojson,GAS\1saibun\23_aichi_area.geojson
230014,sikutyousonnwomatometatiikitou,23_aichi_region.geojson,GAS\sikutyousonnwomatometatiikitou\23_aichi_region.geojson
230015,1saibun,23_aichi_area.geojson,GAS\1saibun\23_aichi_area.geojson
230015,sikutyousonnwomatometatiikitou,23_aichi_region.geojson,GAS\sikutyousonnwomatometatiikitou\23_aichi_region.geojson
230021,1saibun,23_aichi_area.geojson,GAS\1saibun\23_aichi_area.geojson
230021,sikutyousonnwomatometatiikitou,23_aichi_region.geojson,GAS\sikutyousonnwomatometatiikitou\23_aichi_region.geojson
230022,1saibun,23_aichi_area.geojson,GAS\1saibun\23_aichi_area.geojson
230022,sikutyousonnwomatometatiikitou,23_aichi_region.geojson,GAS\sikutyousonnwomatometatiikitou\23_aichi_region.geojson
230023,1saibun,23_aichi_area.geojson,GAS\1saibun\23_aichi_area.geojson
230023,sikutyousonnwomatometatiikitou,23_aichi_region.geojson,GAS\sikutyousonnwomatometatiikitou\23_aichi_region.geojson
2310000,sityousontou,23_aichi_region.geojson,GAS\sityousontou\23_aichi_region.geojson
2320100,sityousontou,23_aichi_region.geojson,GAS\sityousontou\23_aichi_region.geojson
2320200,sityousontou,23_aichi_region.geojson,GAS\sityousontou\23_aichi_region.geojson
2320300,sityousontou,23_aichi_region.geojson,GAS\sityousontou\23_aichi_region.geojson
2320400,sityousontou,23_aichi_region.geojson,GAS\sityousontou\23_aichi_region.geojson
2320500,sityousontou,23_aichi_region.geojson,GAS\sityousontou\23_aichi_region.geojson
2320600,sityousontou,23_aichi_region.geojson,GAS\sityousontou\23_aichi_region.geojson
2320700,sityousontou,23_aichi_region.geojson,GAS\sityousontou\23_aichi_region.geojson
2320800,sityousontou,23_aichi_region.geojson,GAS\sityousontou\23_aichi_region.geojson
2320900,sityousontou,23_aichi_region.geojson,GAS\sityousontou\23_aichi_region.geojson
2321000,sityousontou,23_aichi_region.geojson,GAS\sityousontou\23_aichi_region.geojson
2321101,sityousontou,23_aichi_region.geojson,GAS\sityousontou\23_aichi_region.geojson
2321102,sityousontou,23_aichi_region.geojson,GAS\sityousontou\23_aichi_region.geojson
2321200,sityousontou,23_aichi_region.geojson,GAS\sityousontou\23_aichi_region.geojson
2321300,sityousontou,23_aichi_region.geojson,GAS\sityousontou\23_aichi_region.geojson
2321400,sityousontou,23_aichi_region.geojson,GAS\sityousontou\23_aichi_region.geojson
2321500,sityousontou,23_aichi_region.geojson,GAS\sityousontou\23_aichi_region.geojson
2321600,sityousontou,23_aichi_region.geojson,GAS\sityousontou\23_aichi_region.geojson
2321700,sityousontou,23_aichi_region.geojson,GAS\sityousontou\23_aichi_region.geojson
2321900,sityousontou,23_aichi_region.geojson,GAS\sityousontou\23_aichi_region.geojson
2322000,sityousontou,23_aichi_region.geojson,GAS\sityousontou\23_aichi_region.geojson
2322100,sityousontou,23_aichi_region.geojson,GAS\sityousontou\23_aichi_region.geojson
2322200,sityousontou,23_aichi_region.geojson,GAS\sityousontou\23_aichi_region.geojson
2322300,sityousontou,23_aichi_region.geojson,GAS\sityousontou\23_aichi_region.geojson
2322400,sityousontou,23_aichi_region.geojson,GAS\sityousontou\23_aichi_region.geojson
2322500,sityousontou,23_aichi_region.geojson,GAS\sityousontou\23_aichi_region.geojson
2322600,sityousontou,23_aichi_region.geojson,GAS\sityousontou\23_aichi_region.geojson
2322700,sityousontou,23_aichi_region.geojson,GAS\sityousontou\23_aichi_region.geojson
2322800,sityousontou,23_aichi_region.geojson,GAS\sityousontou\23_aichi_region.geojson
2322900,sityousontou,23_aichi_region.geojson,GAS\sityousontou\23_aichi_region.geojson
2323000,sityousontou,23_aichi_region.geojson,GAS\sityousontou\23_aichi_region.geojson
2323100,sityousontou,23_aichi_region.geojson,GAS\sityousontou\23_aichi_region.geojson
2323200,sityousontou,23_aichi_region.geojson,GAS\sityousontou\23_aichi_region.geojson
2323300,sityousontou,23_aichi_region.geojson,GAS\sityousontou\23_aichi_region.geojson
2323400,sityousontou,23_aichi_region.geojson,GAS\sityousontou\23_aichi_region.geojson
2323500,sityousontou,23_aichi_region.geojson,GAS\sityousontou\23_aichi_region.geojson
2323600,sityousontou,23_aichi_region.geojson,GAS\sityousontou\23_aichi_region.geojson
2323700,sityousontou,23_aichi_region.geojson,GAS\sityousontou\23_aichi_region.geojson
2323800,sityousontou,23_aichi_region.geojson,GAS\sityousontou\23_aichi_region.geojson
2330200,sityousontou,23_aichi_region.geojson,GAS\sityousontou\23_aichi_region.geojson
2334200,sityousontou,23_aichi_region.geojson,GAS\sityousontou\23_aichi_region.geojson
2336100,sityousontou,23_aichi_region.geojson,GAS\sityousontou\23_aichi_region.geojson
2336200,sityousontou,23_aichi_region.geojson,GAS\sityousontou\23_aichi_region.geojson
2342400,sityousontou,23_aichi_region.geojson,GAS\sityousontou\23_aichi_region.geojson
2342500,sityousontou,23_aichi_region.geojson,GAS\sityousontou\23_aichi_region.geojson
2342700,sityousontou,23_aichi_region.geojson,GAS\sityousontou\23_aichi_region.geojson
2344100,sityousontou,23_aichi_region.geojson,GAS\sityousontou\23_aichi_region.geojson
2344200,sityousontou,23_aichi_region.geojson,GAS\sityousontou\23_aichi_region.geojson
2344500,sityousontou,23_aichi_region.geojson,GAS\sityousontou\23_aichi_region.geojson
2344600,sityousontou,23_aichi_region.geojson,GAS\sityousontou\23_aichi_region.geojson
2344700,sityousontou,23_aichi_region.geojson,GAS\sityousontou\23_aichi_region.geojson
2350100,sityousontou,23_aichi_region.geojson,GAS\sityousontou\23_aichi_region.geojson
2356100,sityousontou,23_aichi_region.geojson,GAS\sityousontou\23_aichi_region.geojson
2356200,sityousontou,23_aichi_region.geojson,GAS\sityousontou\23_aichi_region.geojson
2356300,sityousontou,23_aichi_region.geojson,GAS\sityousontou\23_aichi_region.geojson
24,hukenyohoukutou,24_mie_forecast.geojson,GAS\hukenyohoukutou\24_mie_forecast.geojson
240011,1saibun,24_mie_area.geojson,GAS\1saibun\24_mie_area.geojson
240011,sikutyousonnwomatometatiikitou,24_mie_region.geojson,GAS\sikutyousonnwomatometatiikitou\24_mie_region.geojson
240012,1saibun,24_mie_area.geojson,GAS\1saibun\24_mie_area.geojson
240012,sikutyousonnwomatometatiikitou,24_mie_region.geojson,GAS\sikutyousonnwomatometatiikitou\24_mie_region.geojson
240013,1saibun,24_mie_area.geojson,GAS\1saibun\24_mie_area.geojson
240013,sikutyousonnwomatometatiikitou,24_mie_region.geojson,GAS\sikutyousonnwomatometatiikitou\24_mie_region.geojson
240021,1saibun,24_mie_area.geojson,GAS\1saibun\24_mie_area.geojson
240021,sikutyousonnwomatometatiikitou,24_mie_region.geojson,GAS\sikutyousonnwomatometatiikitou\24_mie_region.geojson
240022,1saibun,24_mie_area.geojson,GAS\1saibun\24_mie_area.geojson
240022,sikutyousonnwomatometatiikitou,24_mie_region.geojson,GAS\sikutyousonnwomatometatiikitou\24_mie_region.geojson
2420100,sityousontou,24_mie_region.geojson,GAS\sityousontou\24_mie_region.geojson
2420200,sityousontou,24_mie_region.geojson,GAS\sityousontou\24_mie_region.geojson
2420300,sityousontou,24_mie_region.geojson,GAS\sityousontou\24_mie_region.geojson
2420400,sityousontou,24_mie_region.geojson,GAS\sityousontou\24_mie_region.geojson
2420500,sityousontou,24_mie_region.geojson,GAS\sityousontou\24_mie_region.geojson
2420700,sityousontou,24_mie_region.geojson,GAS\sityousontou\24_mie_region.geojson
2420800,sityousontou,24_mie_region.geojson,GAS\sityousontou\24_mie_region.geojson
2420900,sityousontou,24_mie_region.geojson,GAS\sityousontou\24_mie_region.geojson
2421000,sityousontou,24_mie_region.geojson,GAS\sityousontou\24_mie_region.geojson
2421100,sityousontou,24_mie_region.geojson,GAS\sityousontou\24_mie_region.geojson
2421200,sityousontou,24_mie_region.geojson,GAS\sityousontou\24_mie_region.geojson
2421400,sityousontou,24_mie_region.geojson,GAS\sityousontou\24_mie_region.geojson
2421500,sityousontou,24_mie_region.geojson,GAS\sityousontou\24_mie_region.geojson
2421600,sityousontou,24_mie_region.geojson,GAS\sityousontou\24_mie_region.geojson
2430300,sityousontou,24_mie_region.geojson,GAS\sityousontou\24_mie_region.geojson
2432400,sityousontou,24_mie_region.geojson,GAS\sityousontou\24_mie_region.geojson
2434100,sityousontou,24_mie_region.geojson,GAS\sityousontou\24_mie_region.geojson
2434300,sityousontou,24_mie_region.geojson,GAS\sityousontou\24_mie_region.geojson
2434400,sityousontou,24_mie_region.geojson,GAS\sityousontou\24_mie_region.geojson
2444100,sityousontou,24_mie_region.geojson,GAS\sityousontou\24_mie_region.geojson
2444200,sityousontou,24_mie_region.geojson,GAS\sityousontou\24_mie_region.geojson
2444300,sityousontou,24_mie_region.geojson,GAS\sityousontou\24_mie_region.geojson
2446100,sityousontou,24_mie_region.geojson,GAS\sityousontou\24_mie_region.geojson
2447000,sityousontou,24_mie_region.geojson,GAS\sityousontou\24_mie_region.geojson
2447100,sityousontou,24_mie_region.geojson,GAS\sityousontou\24_mie_region.geojson
2447200,sityousontou,24_mie_region.geojson,GAS\sityousontou\24_mie_region.geojson
2454300,sityousontou,24_mie_region.geojson,GAS\sityousontou\24_mie_region.geojson
2456100,sityousontou,24_mie_region.geojson,GAS\sityousontou\24_mie_region.geojson
2456200,sityousontou,24_mie_region.geojson,GAS\sityousontou\24_mie_region.geojson
25,hukenyohoukutou,25_shiga_forecast.geojson,GAS\hukenyohoukutou\25_shiga_forecast.geojson
250011,1saibun,25_shiga_area.geojson,GAS\1saibun\25_shiga_area.geojson
250011,sikutyousonnwomatometatiikitou,25_shiga_region.geojson,GAS\sikutyousonnwomatometatiikitou\25_shiga_region.geojson
250012,1saibun,25_shiga_area.geojson,GAS\1saibun\25_shiga_area.geojson
250012,sikutyousonnwomatometatiikitou,25_shiga_region.geojson,GAS\sikutyousonnwomatometatiikitou\25_shiga_region.geojson
250013,1saibun,25_shiga_area.geojson,GAS\1saibun\25_shiga_area.geojson
250013,sikutyousonnwomatometatiikitou,25_shiga_region.geojson,GAS\sikutyousonnwomatometatiikitou\25_shiga_region.geojson
250021,1saibun,25_shiga_area.geojson,GAS\1saibun\25_shiga_area.geojson
250021,sikutyousonnwomatometatiikitou,25_shiga_region.geojson,GAS\sikutyousonnwomatometatiikitou\25_shiga_region.geojson
250022,1saibun,25_shiga_area.geojson,GAS\1saibun\25_shiga_area.geojson
250022,sikutyousonnwomatometatiikitou,25_shiga_region.geojson,GAS\sikutyousonnwomatometatiikitou\25_shiga_region.geojson
250023,1saibun,25_shiga_area.geojson,GAS\1saibun\25_shiga_area.geojson
250023,sikutyousonnwomatometatiikitou,25_shiga_region.geojson,GAS\sikutyousonnwomatometatiikitou\25_shiga_region.geojson
2520101,sityousontou,25_shiga_region.geojson,GAS\sityousontou\25_shiga_region.geojson
2520102,sityousontou,25_shiga_region.geojson,GAS\sityousontou\25_shiga_region.geojson
2520200,sityousontou,25_shiga_region.geojson,GAS\sityousontou\25_shiga_region.geojson
2520300,sityousontou,25_shiga_region.geojson,GAS\sityousontou\25_shiga_region.geojson
2520400,sityousontou,25_shiga_region.geojson,GAS\sityousontou\25_shiga_region.geojson
2520600,sityousontou,25_shiga_region.geojson,GAS\sityousontou\25_shiga_region.geojson
2520700,sityousontou,25_shiga_region.geojson,GAS\sityousontou\25_shiga_region.geojson
2520800,sityousontou,25_shiga_region.geojson,GAS\sityousontou\25_shiga_region.geojson
2520900,sityousontou,25_shiga_region.geojson,GAS\sityousontou\25_shiga_region.geojson
2521000,sityousontou,25_shiga_region.geojson,GAS\sityousontou\25_shiga_region.geojson
2521100,sityousontou,25_shiga_region.geojson,GAS\sityousontou\25_shiga_region.geojson
2521200,sityousontou,25_shiga_region.geojson,GAS\sityousontou\25_shiga_region.geojson
2521300,sityousontou,25_shiga_region.geojson,GAS\sityousontou\25_shiga_region.geojson
2521400,sityousontou,25_shiga_region.geojson,GAS\sityousontou\25_shiga_region.geojson
2538300,sityousontou,25_shiga_region.geojson,GAS\sityousontou\25_shiga_region.geojson
2538400,sityousontou,25_shiga_region.geojson,GAS\sityousontou\25_shiga_region.geojson
2542500,sityousontou,25_shiga_region.geojson,GAS\sityousontou\25_shiga_region.geojson
2544100,sityousontou,25_shiga_region.geojson,GAS\sityousontou\25_shiga_region.geojson
2544200,sityousontou,25_shiga_region.geojson,GAS\sityousontou\25_shiga_region.geojson
2544300,sityousontou,25_shiga_region.geojson,GAS\sityousontou\25_shiga_region.geojson
26,hukenyohoukutou,26_kyoto_forecast.geojson,GAS\hukenyohoukutou\26_kyoto_forecast.geojson
260011,1saibun,26_kyoto_area.geojson,GAS\1saibun\26_kyoto_area.geojson
260011,sikutyousonnwomatometatiikitou,26_kyoto_region.geojson,GAS\sikutyousonnwomatometatiikitou\26_kyoto_region.geojson
260012,1saibun,26_kyoto_area.geojson,GAS\1saibun\26_kyoto_area.geojson
260012,sikutyousonnwomatometatiikitou,26_kyoto_region.geojson,GAS\sikutyousonnwomatometatiikitou\26_kyoto_region.geojson
260013,1saibun,26_kyoto_area.geojson,GAS\1saibun\26_kyoto_area.geojson
260013,sikutyousonnwomatometatiikitou,26_kyoto_region.geojson,GAS\sikutyousonnwomatometatiikitou\26_kyoto_region.geojson
260014,1saibun,26_kyoto_area.geojson,GAS\1saibun\26_kyoto_area.geojson
260014,sikutyousonnwomatometatiikitou,26_kyoto_region.geojson,GAS\sikutyousonnwomatometatiikitou\26_kyoto_region.geojson
260021,1saibun,26_kyoto_area.geojson,GAS\1saibun\26_kyoto_area.geojson
260021,sikutyousonnwomatometatiikitou,26_kyoto_region.geojson,GAS\sikutyousonnwomatometatiikitou\26_kyoto_region.geojson
260022,1saibun,26_kyoto_area.geojson,GAS\1saibun\26_kyoto_area.geojson
260022,sikutyousonnwomatometatiikitou,26_kyoto_region.geojson,GAS\sikutyousonnwomatometatiikitou\26_kyoto_region.geojson
260023,1saibun,26_kyoto_area.geojson,GAS\1saibun\26_kyoto_area.geojson
260023,sikutyousonnwomatometatiikitou,26_kyoto_region.geojson,GAS\sikutyousonnwomatometatiikitou\26_kyoto_region.geojson
2610000,sityousontou,26_kyoto_region.geojson,GAS\sityousontou\26_kyoto_region.geojson
2620100,sityousontou,26_kyoto_region.geojson,GAS\sityousontou\26_kyoto_region.geojson
2620200,sityousontou,26_kyoto_region.geojson,GAS\sityousontou\26_kyoto_region.geojson
2620300,sityousontou,26_kyoto_region.geojson,GAS\sityousontou\26_kyoto_region.geojson
2620400,sityousontou,26_kyoto_region.geojson,GAS\sityousontou\26_kyoto_region.geojson
2620500,sityousontou,26_kyoto_region.geojson,GAS\sityousontou\26_kyoto_region.geojson
2620600,sityousontou,26_kyoto_region.geojson,GAS\sityousontou\26_kyoto_region.geojson
2620700,sityousontou,26_kyoto_region.geojson,GAS\sityousontou\26_kyoto_region.geojson
2620800,sityousontou,26_kyoto_region.geojson,GAS\sityousontou\26_kyoto_region.geojson
2620900,sityousontou,26_kyoto_region.geojson,GAS\sityousontou\26_kyoto_region.geojson
2621000,sityousontou,26_kyoto_region.geojson,GAS\sityousontou\26_kyoto_region.geojson
2621100,sityousontou,26_kyoto_region.geojson,GAS\sityousontou\26_kyoto_region.geojson
2621200,sityousontou,26_kyoto_region.geojson,GAS\sityousontou\26_kyoto_region.geojson
2621300,sityousontou,26_kyoto_region.geojson,GAS\sityousontou\26_kyoto_region.geojson
2621400,sityousontou,26_kyoto_region.geojson,GAS\sityousontou\26_kyoto_region.geojson
2630300,sityousontou,26_kyoto_region.geojson,GAS\sityousontou\26_kyoto_region.geojson
2632200,sityousontou,26_kyoto_region.geojson,GAS\sityousontou\26_kyoto_region.geojson
2634300,sityousontou,26_kyoto_region.geojson,GAS\sityousontou\26_kyoto_region.geojson
2634400,sityousontou,26_kyoto_region.geojson,GAS\sityousontou\26_kyoto_region.geojson
2636400,sityousontou,26_kyoto_region.geojson,GAS\sityousontou\26_kyoto_region.geojson
2636500,sityousontou,26_kyoto_region.geojson,GAS\sityousontou\26_kyoto_region.geojson
2636600,sityousontou,26_kyoto_region.geojson,GAS\sityousontou\26_kyoto_region.geojson
2636700,sityousontou,26_kyoto_region.geojson,GAS\sityousontou\26_kyoto_region.geojson
2640700,sityousontou,26_kyoto_region.geojson,GAS\sityousontou\26_kyoto_region.geojson
2646300,sityousontou,26_kyoto_region.geojson,GAS\sityousontou\26_kyoto_region.geojson
2646500,sityousontou,26_kyoto_region.geojson,GAS\sityousontou\26_kyoto_region.geojson
27,hukenyohoukutou,27_osaka_forecast.geojson,GAS\hukenyohoukutou\27_osaka_forecast.geojson
270001,1saibun,27_osaka_area.geojson,GAS\1saibun\27_osaka_area.geojson
270001,sikutyousonnwomatometatiikitou,27_osaka_region.geojson,GAS\sikutyousonnwomatometatiikitou\27_osaka_region.geojson
270002,1saibun,27_osaka_area.geojson,GAS\1saibun\27_osaka_area.geojson
270002,sikutyousonnwomatometatiikitou,27_osaka_region.geojson,GAS\sikutyousonnwomatometatiikitou\27_osaka_region.geojson
270003,1saibun,27_osaka_area.geojson,GAS\1saibun\27_osaka_area.geojson
270003,sikutyousonnwomatometatiikitou,27_osaka_region.geojson,GAS\sikutyousonnwomatometatiikitou\27_osaka_region.geojson
270004,1saibun,27_osaka_area.geojson,GAS\1saibun\27_osaka_area.geojson
270004,sikutyousonnwomatometatiikitou,27_osaka_region.geojson,GAS\sikutyousonnwomatometatiikitou\27_osaka_region.geojson
270005,1saibun,27_osaka_area.geojson,GAS\1saibun\27_osaka_area.geojson
270005,sikutyousonnwomatometatiikitou,27_osaka_region.geojson,GAS\sikutyousonnwomatometatiikitou\27_osaka_region.geojson
2710000,sityousontou,27_osaka_region.geojson,GAS\sityousontou\27_osaka_region.geojson
2714000,sityousontou,27_osaka_region.geojson,GAS\sityousontou\27_osaka_region.geojson
2720200,sityousontou,27_osaka_region.geojson,GAS\sityousontou\27_osaka_region.geojson
2720300,sityousontou,27_osaka_region.geojson,GAS\sityousontou\27_osaka_region.geojson
2720400,sityousontou,27_osaka_region.geojson,GAS\sityousontou\27_osaka_region.geojson
2720500,sityousontou,27_osaka_region.geojson,GAS\sityousontou\27_osaka_region.geojson
2720600,sityousontou,27_osaka_region.geojson,GAS\sityousontou\27_osaka_region.geojson
2720700,sityousontou,27_osaka_region.geojson,GAS\sityousontou\27_osaka_region.geojson
2720800,sityousontou,27_osaka_region.geojson,GAS\sityousontou\27_osaka_region.geojson
2720900,sityousontou,27_osaka_region.geojson,GAS\sityousontou\27_osaka_region.geojson
2721000,sityousontou,27_osaka_region.geojson,GAS\sityousontou\27_osaka_region.geojson
2721100,sityousontou,27_osaka_region.geojson,GAS\sityousontou\27_osaka_region.geojson
2721200,sityousontou,27_osaka_region.geojson,GAS\sityousontou\27_osaka_region.geojson
2721300,sityousontou,27_osaka_region.geojson,GAS\sityousontou\27_osaka_region.geojson
2721400,sityousontou,27_osaka_region.geojson,GAS\sityousontou\27_osaka_region.geojson
2721500,sityousontou,27_osaka_region.geojson,GAS\sityousontou\27_osaka_region.geojson
2721600,sityousontou,27_osaka_region.geojson,GAS\sityousontou\27_osaka_region.geojson
2721700,sityousontou,27_osaka_region.geojson,GAS\sityousontou\27_osaka_region.geojson
2721800,sityousontou,27_osaka_region.geojson,GAS\sityousontou\27_osaka_region.geojson
2721900,sityousontou,27_osaka_region.geojson,GAS\sityousontou\27_osaka_region.geojson
2722000,sityousontou,27_osaka_region.geojson,GAS\sityousontou\27_osaka_region.geojson
2722100,sityousontou,27_osaka_region.geojson,GAS\sityousontou\27_osaka_region.geojson
2722200,sityousontou,27_osaka_region.geojson,GAS\sityousontou\27_osaka_region.geojson
2722300,sityousontou,27_osaka_region.geojson,GAS\sityousontou\27_osaka_region.geojson
2722400,sityousontou,27_osaka_region.geojson,GAS\sityousontou\27_osaka_region.geojson
2722500,sityousontou,27_osaka_region.geojson,GAS\sityousontou\27_osaka_region.geojson
2722600,sityousontou,27_osaka_region.geojson,GAS\sityousontou\27_osaka_region.geojson
2722700,sityousontou,27_osaka_region.geojson,GAS\sityousontou\27_osaka_region.geojson
2722800,sityousontou,27_osaka_region.geojson,GAS\sityousontou\27_osaka_region.geojson
2722900,sityousontou,27_osaka_region.geojson,GAS\sityousontou\27_osaka_region.geojson
2723000,sityousontou,27_osaka_region.geojson,GAS\sityousontou\27_osaka_region.geojson
2723100,sityousontou,27_osaka_region.geojson,GAS\sityousontou\27_osaka_region.geojson
2723200,sityousontou,27_osaka_region.geojson,GAS\sityousontou\27_osaka_region.geojson
2730100,sityousontou,27_osaka_region.geojson,GAS\sityousontou\27_osaka_region.geojson
2732100,sityousontou,27_osaka_region.geojson,GAS\sityousontou\27_osaka_region.geojson
2732200,sityousontou,27_osaka_region.geojson,GAS\sityousontou\27_osaka_region.geojson
2734100,sityousontou,27_osaka_region.geojson,GAS\sityousontou\27_osaka_region.geojson
2736100,sityousontou,27_osaka_region.geojson,GAS\sityousontou\27_osaka_region.geojson
2736200,sityousontou,27_osaka_region.geojson,GAS\sityousontou\27_osaka_region.geojson
2736600,sityousontou,27_osaka_region.geojson,GAS\sityousontou\27_osaka_region.geojson
2738100,sityousontou,27_osaka_region.geojson,GAS\sityousontou\27_osaka_region.geojson
2738200,sityousontou,27_osaka_region.geojson,GAS\sityousontou\27_osaka_region.geojson
2738300,sityousontou,27_osaka_region.geojson,GAS\sityousontou\27_osaka_region.geojson
28,hukenyohoukutou,28_hyogo_forecast.geojson,GAS\hukenyohoukutou\28_hyogo_forecast.geojson
280011,1saibun,28_hyogo_area.geojson,GAS\1saibun\28_hyogo_area.geojson
280011,sikutyousonnwomatometatiikitou,28_hyogo_region.geojson,GAS\sikutyousonnwomatometatiikitou\28_hyogo_region.geojson
280012,1saibun,28_hyogo_area.geojson,GAS\1saibun\28_hyogo_area.geojson
280012,sikutyousonnwomatometatiikitou,28_hyogo_region.geojson,GAS\sikutyousonnwomatometatiikitou\28_hyogo_region.geojson
280013,1saibun,28_hyogo_area.geojson,GAS\1saibun\28_hyogo_area.geojson
280013,sikutyousonnwomatometatiikitou,28_hyogo_region.geojson,GAS\sikutyousonnwomatometatiikitou\28_hyogo_region.geojson
280014,1saibun,28_hyogo_area.geojson,GAS\1saibun\28_hyogo_area.geojson
280014,sikutyousonnwomatometatiikitou,28_hyogo_region.geojson,GAS\sikutyousonnwomatometatiikitou\28_hyogo_region.geojson
280015,1saibun,28_hyogo_area.geojson,GAS\1saibun\28_hyogo_area.geojson
280015,sikutyousonnwomatometatiikitou,28_hyogo_region.geojson,GAS\sikutyousonnwomatometatiikitou\28_hyogo_region.geojson
280016,1saibun,28_hyogo_area.geojson,GAS\1saibun\28_hyogo_area.geojson
280016,sikutyousonnwomatometatiikitou,28_hyogo_region.geojson,GAS\sikutyousonnwomatometatiikitou\28_hyogo_region.geojson
280021,1saibun,28_hyogo_area.geojson,GAS\1saibun\28_hyogo_area.geojson
280021,sikutyousonnwomatometatiikitou,28_hyogo_region.geojson,GAS\sikutyousonnwomatometatiikitou\28_hyogo_region.geojson
280022,1saibun,28_hyogo_area.geojson,GAS\1saibun\28_hyogo_area.geojson
280022,sikutyousonnwomatometatiikitou,28_hyogo_region.geojson,GAS\sikutyousonnwomatometatiikitou\28_hyogo_region.geojson
2810000,sityousontou,28_hyogo_region.geojson,GAS\sityousontou\28_hyogo_region.geojson
2820100,sityousontou,28_hyogo_region.geojson,GAS\sityousontou\28_hyogo_region.geojson
2820200,sityousontou,28_hyogo_region.geojson,GAS\sityousontou\28_hyogo_region.geojson
2820300,sityousontou,28_hyogo_region.geojson,GAS\sityousontou\28_hyogo_region.geojson
2820400,sityousontou,28_hyogo_region.geojson,GAS\sityousontou\28_hyogo_region.geojson
2820500,sityousontou,28_hyogo_region.geojson,GAS\sityousontou\28_hyogo_region.geojson
2820600,sityousontou,28_hyogo_region.geojson,GAS\sityousontou\28_hyogo_region.geojson
2820700,sityousontou,28_hyogo_region.geojson,GAS\sityousontou\28_hyogo_region.geojson
2820800,sityousontou,28_hyogo_region.geojson,GAS\sityousontou\28_hyogo_region.geojson
2820900,sityousontou,28_hyogo_region.geojson,GAS\sityousontou\28_hyogo_region.geojson
2821000,sityousontou,28_hyogo_region.geojson,GAS\sityousontou\28_hyogo_region.geojson
2821200,sityousontou,28_hyogo_region.geojson,GAS\sityousontou\28_hyogo_region.geojson
2821300,sityousontou,28_hyogo_region.geojson,GAS\sityousontou\28_hyogo_region.geojson
2821400,sityousontou,28_hyogo_region.geojson,GAS\sityousontou\28_hyogo_region.geojson
2821500,sityousontou,28_hyogo_region.geojson,GAS\sityousontou\28_hyogo_region.geojson
2821600,sityousontou,28_hyogo_region.geojson,GAS\sityousontou\28_hyogo_region.geojson
2821700,sityousontou,28_hyogo_region.geojson,GAS\sityousontou\28_hyogo_region.geojson
2821800,sityousontou,28_hyogo_region.geojson,GAS\sityousontou\28_hyogo_region.geojson
2821900,sityousontou,28_hyogo_region.geojson,GAS\sityousontou\28_hyogo_region.geojson
2822000,sityousontou,28_hyogo_region.geojson,GAS\sityousontou\28_hyogo_region.geojson
2822100,sityousontou,28_hyogo_region.geojson,GAS\sityousontou\28_hyogo_region.geojson
2822200,sityousontou,28_hyogo_region.geojson,GAS\sityousontou\28_hyogo_region.geojson
2822300,sityousontou,28_hyogo_region.geojson,GAS\sityousontou\28_hyogo_region.geojson
2822400,sityousontou,28_hyogo_region.geojson,GAS\sityousontou\28_hyogo_region.geojson
2822500,sityousontou,28_hyogo_region.geojson,GAS\sityousontou\28_hyogo_region.geojson
2822600,sityousontou,28_hyogo_region.geojson,GAS\sityousontou\28_hyogo_region.geojson
2822700,sityousontou,28_hyogo_region.geojson,GAS\sityousontou\28_hyogo_region.geojson
2822800,sityousontou,28_hyogo_region.geojson,GAS\sityousontou\28_hyogo_region.geojson
2822900,sityousontou,28_hyogo_region.geojson,GAS\sityousontou\28_hyogo_region.geojson
2830100,sityousontou,28_hyogo_region.geojson,GAS\sityousontou\28_hyogo_region.geojson
2836500,sityousontou,28_hyogo_region.geojson,GAS\sityousontou\28_hyogo_region.geojson
2838100,sityousontou,28_hyogo_region.geojson,GAS\sityousontou\28_hyogo_region.geojson
2838200,sityousontou,28_hyogo_region.geojson,GAS\sityousontou\28_hyogo_region.geojson
2844200,sityousontou,28_hyogo_region.geojson,GAS\sityousontou\28_hyogo_region.geojson
2844300,sityousontou,28_hyogo_region.geojson,GAS\sityousontou\28_hyogo_region.geojson
2844600,sityousontou,28_hyogo_region.geojson,GAS\sityousontou\28_hyogo_region.geojson
2846400,sityousontou,28_hyogo_region.geojson,GAS\sityousontou\28_hyogo_region.geojson
2848100,sityousontou,28_hyogo_region.geojson,GAS\sityousontou\28_hyogo_region.geojson
2850100,sityousontou,28_hyogo_region.geojson,GAS\sityousontou\28_hyogo_region.geojson
2858500,sityousontou,28_hyogo_region.geojson,GAS\sityousontou\28_hyogo_region.geojson
2858600,sityousontou,28_hyogo_region.geojson,GAS\sityousontou\28_hyogo_region.geojson
29,hukenyohoukutou,29_nara_forecast.geojson,GAS\hukenyohoukutou\29_nara_forecast.geojson
290011,1saibun,29_nara_area.geojson,GAS\1saibun\29_nara_area.geojson
290011,sikutyousonnwomatometatiikitou,29_nara_region.geojson,GAS\sikutyousonnwomatometatiikitou\29_nara_region.geojson
290012,1saibun,29_nara_area.geojson,GAS\1saibun\29_nara_area.geojson
290012,sikutyousonnwomatometatiikitou,29_nara_region.geojson,GAS\sikutyousonnwomatometatiikitou\29_nara_region.geojson
290013,1saibun,29_nara_area.geojson,GAS\1saibun\29_nara_area.geojson
290013,sikutyousonnwomatometatiikitou,29_nara_region.geojson,GAS\sikutyousonnwomatometatiikitou\29_nara_region.geojson
290021,1saibun,29_nara_area.geojson,GAS\1saibun\29_nara_area.geojson
290021,sikutyousonnwomatometatiikitou,29_nara_region.geojson,GAS\sikutyousonnwomatometatiikitou\29_nara_region.geojson
290022,1saibun,29_nara_area.geojson,GAS\1saibun\29_nara_area.geojson
290022,sikutyousonnwomatometatiikitou,29_nara_region.geojson,GAS\sikutyousonnwomatometatiikitou\29_nara_region.geojson
2920101,sityousontou,29_nara_region.geojson,GAS\sityousontou\29_nara_region.geojson
2920102,sityousontou,29_nara_region.geojson,GAS\sityousontou\29_nara_region.geojson
2920200,sityousontou,29_nara_region.geojson,GAS\sityousontou\29_nara_region.geojson
2920300,sityousontou,29_nara_region.geojson,GAS\sityousontou\29_nara_region.geojson
2920400,sityousontou,29_nara_region.geojson,GAS\sityousontou\29_nara_region.geojson
2920500,sityousontou,29_nara_region.geojson,GAS\sityousontou\29_nara_region.geojson
2920600,sityousontou,29_nara_region.geojson,GAS\sityousontou\29_nara_region.geojson
2920701,sityousontou,29_nara_region.geojson,GAS\sityousontou\29_nara_region.geojson
2920702,sityousontou,29_nara_region.geojson,GAS\sityousontou\29_nara_region.geojson
2920800,sityousontou,29_nara_region.geojson,GAS\sityousontou\29_nara_region.geojson
2920900,sityousontou,29_nara_region.geojson,GAS\sityousontou\29_nara_region.geojson
2921000,sityousontou,29_nara_region.geojson,GAS\sityousontou\29_nara_region.geojson
2921100,sityousontou,29_nara_region.geojson,GAS\sityousontou\29_nara_region.geojson
2921200,sityousontou,29_nara_region.geojson,GAS\sityousontou\29_nara_region.geojson
2932200,sityousontou,29_nara_region.geojson,GAS\sityousontou\29_nara_region.geojson
2934200,sityousontou,29_nara_region.geojson,GAS\sityousontou\29_nara_region.geojson
2934300,sityousontou,29_nara_region.geojson,GAS\sityousontou\29_nara_region.geojson
2934400,sityousontou,29_nara_region.geojson,GAS\sityousontou\29_nara_region.geojson
2934500,sityousontou,29_nara_region.geojson,GAS\sityousontou\29_nara_region.geojson
2936100,sityousontou,29_nara_region.geojson,GAS\sityousontou\29_nara_region.geojson
2936200,sityousontou,29_nara_region.geojson,GAS\sityousontou\29_nara_region.geojson
2936300,sityousontou,29_nara_region.geojson,GAS\sityousontou\29_nara_region.geojson
2938500,sityousontou,29_nara_region.geojson,GAS\sityousontou\29_nara_region.geojson
2938600,sityousontou,29_nara_region.geojson,GAS\sityousontou\29_nara_region.geojson
2940100,sityousontou,29_nara_region.geojson,GAS\sityousontou\29_nara_region.geojson
2940200,sityousontou,29_nara_region.geojson,GAS\sityousontou\29_nara_region.geojson
2942400,sityousontou,29_nara_region.geojson,GAS\sityousontou\29_nara_region.geojson
2942500,sityousontou,29_nara_region.geojson,GAS\sityousontou\29_nara_region.geojson
2942600,sityousontou,29_nara_region.geojson,GAS\sityousontou\29_nara_region.geojson
2942700,sityousontou,29_nara_region.geojson,GAS\sityousontou\29_nara_region.geojson
2944100,sityousontou,29_nara_region.geojson,GAS\sityousontou\29_nara_region.geojson
2944200,sityousontou,29_nara_region.geojson,GAS\sityousontou\29_nara_region.geojson
2944300,sityousontou,29_nara_region.geojson,GAS\sityousontou\29_nara_region.geojson
2944400,sityousontou,29_nara_region.geojson,GAS\sityousontou\29_nara_region.geojson
2944600,sityousontou,29_nara_region.geojson,GAS\sityousontou\29_nara_region.geojson
2944700,sityousontou,29_nara_region.geojson,GAS\sityousontou\29_nara_region.geojson
2944900,sityousontou,29_nara_region.geojson,GAS\sityousontou\29_nara_region.geojson
2945000,sityousontou,29_nara_region.geojson,GAS\sityousontou\29_nara_region.geojson
2945100,sityousontou,29_nara_region.geojson,GAS\sityousontou\29_nara_region.geojson
2945200,sityousontou,29_nara_region.geojson,GAS\sityousontou\29_nara_region.geojson
2945300,sityousontou,29_nara_region.geojson,GAS\sityousontou\29_nara_region.geojson
30,hukenyohoukutou,30_wakayama_forecast.geojson,GAS\hukenyohoukutou\30_wakayama_forecast.geojson
300011,1saibun,30_wakayama_area.geojson,GAS\1saibun\30_wakayama_area.geojson
300011,sikutyousonnwomatometatiikitou,30_wakayama_region.geojson,GAS\sikutyousonnwomatometatiikitou\30_wakayama_region.geojson
300012,1saibun,30_wakayama_area.geojson,GAS\1saibun\30_wakayama_area.geojson
300012,sikutyousonnwomatometatiikitou,30_wakayama_region.geojson,GAS\sikutyousonnwomatometatiikitou\30_wakayama_region.geojson
300021,1saibun,30_wakayama_area.geojson,GAS\1saibun\30_wakayama_area.geojson
300021,sikutyousonnwomatometatiikitou,30_wakayama_region.geojson,GAS\sikutyousonnwomatometatiikitou\30_wakayama_region.geojson
300022,1saibun,30_wakayama_area.geojson,GAS\1saibun\30_wakayama_area.geojson
300022,sikutyousonnwomatometatiikitou,30_wakayama_region.geojson,GAS\sikutyousonnwomatometatiikitou\30_wakayama_region.geojson
3020100,sityousontou,30_wakayama_region.geojson,GAS\sityousontou\30_wakayama_region.geojson
3020200,sityousontou,30_wakayama_region.geojson,GAS\sityousontou\30_wakayama_region.geojson
3020300,sityousontou,30_wakayama_region.geojson,GAS\sityousontou\30_wakayama_region.geojson
3020400,sityousontou,30_wakayama_region.geojson,GAS\sityousontou\30_wakayama_region.geojson
3020500,sityousontou,30_wakayama_region.geojson,GAS\sityousontou\30_wakayama_region.geojson
3020601,sityousontou,30_wakayama_region.geojson,GAS\sityousontou\30_wakayama_region.geojson
3020602,sityousontou,30_wakayama_region.geojson,GAS\sityousontou\30_wakayama_region.geojson
3020603,sityousontou,30_wakayama_region.geojson,GAS\sityousontou\30_wakayama_region.geojson
3020604,sityousontou,30_wakayama_region.geojson,GAS\sityousontou\30_wakayama_region.geojson
3020605,sityousontou,30_wakayama_region.geojson,GAS\sityousontou\30_wakayama_region.geojson
3020700,sityousontou,30_wakayama_region.geojson,GAS\sityousontou\30_wakayama_region.geojson
3020800,sityousontou,30_wakayama_region.geojson,GAS\sityousontou\30_wakayama_region.geojson
3020900,sityousontou,30_wakayama_region.geojson,GAS\sityousontou\30_wakayama_region.geojson
3030400,sityousontou,30_wakayama_region.geojson,GAS\sityousontou\30_wakayama_region.geojson
3034101,sityousontou,30_wakayama_region.geojson,GAS\sityousontou\30_wakayama_region.geojson
3034102,sityousontou,30_wakayama_region.geojson,GAS\sityousontou\30_wakayama_region.geojson
3034300,sityousontou,30_wakayama_region.geojson,GAS\sityousontou\30_wakayama_region.geojson
3034400,sityousontou,30_wakayama_region.geojson,GAS\sityousontou\30_wakayama_region.geojson
3036100,sityousontou,30_wakayama_region.geojson,GAS\sityousontou\30_wakayama_region.geojson
3036200,sityousontou,30_wakayama_region.geojson,GAS\sityousontou\30_wakayama_region.geojson
3036601,sityousontou,30_wakayama_region.geojson,GAS\sityousontou\30_wakayama_region.geojson
3036602,sityousontou,30_wakayama_region.geojson,GAS\sityousontou\30_wakayama_region.geojson
3038100,sityousontou,30_wakayama_region.geojson,GAS\sityousontou\30_wakayama_region.geojson
3038200,sityousontou,30_wakayama_region.geojson,GAS\sityousontou\30_wakayama_region.geojson
3038300,sityousontou,30_wakayama_region.geojson,GAS\sityousontou\30_wakayama_region.geojson
3039000,sityousontou,30_wakayama_region.geojson,GAS\sityousontou\30_wakayama_region.geojson
3039100,sityousontou,30_wakayama_region.geojson,GAS\sityousontou\30_wakayama_region.geojson
3039201,sityousontou,30_wakayama_region.geojson,GAS\sityousontou\30_wakayama_region.geojson
3039202,sityousontou,30_wakayama_region.geojson,GAS\sityousontou\30_wakayama_region.geojson
3039203,sityousontou,30_wakayama_region.geojson,GAS\sityousontou\30_wakayama_region.geojson
3040100,sityousontou,30_wakayama_region.geojson,GAS\sityousontou\30_wakayama_region.geojson
3040400,sityousontou,30_wakayama_region.geojson,GAS\sityousontou\30_wakayama_region.geojson
3040600,sityousontou,30_wakayama_region.geojson,GAS\sityousontou\30_wakayama_region.geojson
3042100,sityousontou,30_wakayama_region.geojson,GAS\sityousontou\30_wakayama_region.geojson
3042200,sityousontou,30_wakayama_region.geojson,GAS\sityousontou\30_wakayama_region.geojson
3042400,sityousontou,30_wakayama_region.geojson,GAS\sityousontou\30_wakayama_region.geojson
3042700,sityousontou,30_wakayama_region.geojson,GAS\sityousontou\30_wakayama_region.geojson
3042800,sityousontou,30_wakayama_region.geojson,GAS\sityousontou\30_wakayama_region.geojson
31,hukenyohoukutou,31_tottori_forecast.geojson,GAS\hukenyohoukutou\31_tottori_forecast.geojson
310011,1saibun,31_tottori_area.geojson,GAS\1saibun\31_tottori_area.geojson
310011,sikutyousonnwomatometatiikitou,31_tottori_region.geojson,GAS\sikutyousonnwomatometatiikitou\31_tottori_region.geojson
310012,1saibun,31_tottori_area.geojson,GAS\1saibun\31_tottori_area.geojson
310012,sikutyousonnwomatometatiikitou,31_tottori_region.geojson,GAS\sikutyousonnwomatometatiikitou\31_tottori_region.geojson
310021,1saibun,31_tottori_area.geojson,GAS\1saibun\31_tottori_area.geojson
310021,sikutyousonnwomatometatiikitou,31_tottori_region.geojson,GAS\sikutyousonnwomatometatiikitou\31_tottori_region.geojson
310022,1saibun,31_tottori_area.geojson,GAS\1saibun\31_tottori_area.geojson
310022,sikutyousonnwomatometatiikitou,31_tottori_region.geojson,GAS\sikutyousonnwomatometatiikitou\31_tottori_region.geojson
310023,1saibun,31_tottori_area.geojson,GAS\1saibun\31_tottori_area.geojson
310023,sikutyousonnwomatometatiikitou,31_tottori_region.geojson,GAS\sikutyousonnwomatometatiikitou\31_tottori_region.geojson
3120101,sityousontou,31_tottori_region.geojson,GAS\sityousontou\31_tottori_region.geojson
3120102,sityousontou,31_tottori_region.geojson,GAS\sityousontou\31_tottori_region.geojson
3120200,sityousontou,31_tottori_region.geojson,GAS\sityousontou\31_tottori_region.geojson
3120300,sityousontou,31_tottori_region.geojson,GAS\sityousontou\31_tottori_region.geojson
3120400,sityousontou,31_tottori_region.geojson,GAS\sityousontou\31_tottori_region.geojson
3130200,sityousontou,31_tottori_region.geojson,GAS\sityousontou\31_tottori_region.geojson
3132500,sityousontou,31_tottori_region.geojson,GAS\sityousontou\31_tottori_region.geojson
3132800,sityousontou,31_tottori_region.geojson,GAS\sityousontou\31_tottori_region.geojson
3132900,sityousontou,31_tottori_region.geojson,GAS\sityousontou\31_tottori_region.geojson
3136400,sityousontou,31_tottori_region.geojson,GAS\sityousontou\31_tottori_region.geojson
3137000,sityousontou,31_tottori_region.geojson,GAS\sityousontou\31_tottori_region.geojson
3137100,sityousontou,31_tottori_region.geojson,GAS\sityousontou\31_tottori_region.geojson
3137200,sityousontou,31_tottori_region.geojson,GAS\sityousontou\31_tottori_region.geojson
3138400,sityousontou,31_tottori_region.geojson,GAS\sityousontou\31_tottori_region.geojson
3138600,sityousontou,31_tottori_region.geojson,GAS\sityousontou\31_tottori_region.geojson
3138900,sityousontou,31_tottori_region.geojson,GAS\sityousontou\31_tottori_region.geojson
3139000,sityousontou,31_tottori_region.geojson,GAS\sityousontou\31_tottori_region.geojson
3140100,sityousontou,31_tottori_region.geojson,GAS\sityousontou\31_tottori_region.geojson
3140200,sityousontou,31_tottori_region.geojson,GAS\sityousontou\31_tottori_region.geojson
3140300,sityousontou,31_tottori_region.geojson,GAS\sityousontou\31_tottori_region.geojson
32,hukenyohoukutou,32_shimane_forecast.geojson,GAS\hukenyohoukutou\32_shimane_forecast.geojson
320011,1saibun,32_shimane_area.geojson,GAS\1saibun\32_shimane_area.geojson
320011,sikutyousonnwomatometatiikitou,32_shimane_region.geojson,GAS\sikutyousonnwomatometatiikitou\32_shimane_region.geojson
320012,1saibun,32_shimane_area.geojson,GAS\1saibun\32_shimane_area.geojson
320012,sikutyousonnwomatometatiikitou,32_shimane_region.geojson,GAS\sikutyousonnwomatometatiikitou\32_shimane_region.geojson
320013,1saibun,32_shimane_area.geojson,GAS\1saibun\32_shimane_area.geojson
320013,sikutyousonnwomatometatiikitou,32_shimane_region.geojson,GAS\sikutyousonnwomatometatiikitou\32_shimane_region.geojson
320021,1saibun,32_shimane_area.geojson,GAS\1saibun\32_shimane_area.geojson
320021,sikutyousonnwomatometatiikitou,32_shimane_region.geojson,GAS\sikutyousonnwomatometatiikitou\32_shimane_region.geojson
320022,1saibun,32_shimane_area.geojson,GAS\1saibun\32_shimane_area.geojson
320022,sikutyousonnwomatometatiikitou,32_shimane_region.geojson,GAS\sikutyousonnwomatometatiikitou\32_shimane_region.geojson
320023,1saibun,32_shimane_area.geojson,GAS\1saibun\32_shimane_area.geojson
320023,sikutyousonnwomatometatiikitou,32_shimane_region.geojson,GAS\sikutyousonnwomatometatiikitou\32_shimane_region.geojson
320030,1saibun,32_shimane_area.geojson,GAS\1saibun\32_shimane_area.geojson
320030,sikutyousonnwomatometatiikitou,32_shimane_region.geojson,GAS\sikutyousonnwomatometatiikitou\32_shimane_region.geojson
3220100,sityousontou,32_shimane_region.geojson,GAS\sityousontou\32_shimane_region.geojson
3220200,sityousontou,32_shimane_region.geojson,GAS\sityousontou\32_shimane_region.geojson
3220300,sityousontou,32_shimane_region.geojson,GAS\sityousontou\32_shimane_region.geojson
3220400,sityousontou,32_shimane_region.geojson,GAS\sityousontou\32_shimane_region.geojson
3220500,sityousontou,32_shimane_region.geojson,GAS\sityousontou\32_shimane_region.geojson
3220600,sityousontou,32_shimane_region.geojson,GAS\sityousontou\32_shimane_region.geojson
3220700,sityousontou,32_shimane_region.geojson,GAS\sityousontou\32_shimane_region.geojson
3220900,sityousontou,32_shimane_region.geojson,GAS\sityousontou\32_shimane_region.geojson
3234300,sityousontou,32_shimane_region.geojson,GAS\sityousontou\32_shimane_region.geojson
3238600,sityousontou,32_shimane_region.geojson,GAS\sityousontou\32_shimane_region.geojson
3244100,sityousontou,32_shimane_region.geojson,GAS\sityousontou\32_shimane_region.geojson
3244800,sityousontou,32_shimane_region.geojson,GAS\sityousontou\32_shimane_region.geojson
3244900,sityousontou,32_shimane_region.geojson,GAS\sityousontou\32_shimane_region.geojson
3250100,sityousontou,32_shimane_region.geojson,GAS\sityousontou\32_shimane_region.geojson
3250500,sityousontou,32_shimane_region.geojson,GAS\sityousontou\32_shimane_region.geojson
3252500,sityousontou,32_shimane_region.geojson,GAS\sityousontou\32_shimane_region.geojson
3252600,sityousontou,32_shimane_region.geojson,GAS\sityousontou\32_shimane_region.geojson
3252700,sityousontou,32_shimane_region.geojson,GAS\sityousontou\32_shimane_region.geojson
3252800,sityousontou,32_shimane_region.geojson,GAS\sityousontou\32_shimane_region.geojson
33,hukenyohoukutou,33_okayama_forecast.geojson,GAS\hukenyohoukutou\33_okayama_forecast.geojson
330011,1saibun,33_okayama_area.geojson,GAS\1saibun\33_okayama_area.geojson
330011,sikutyousonnwomatometatiikitou,33_okayama_region.geojson,GAS\sikutyousonnwomatometatiikitou\33_okayama_region.geojson
330012,1saibun,33_okayama_area.geojson,GAS\1saibun\33_okayama_area.geojson
330012,sikutyousonnwomatometatiikitou,33_okayama_region.geojson,GAS\sikutyousonnwomatometatiikitou\33_okayama_region.geojson
330013,1saibun,33_okayama_area.geojson,GAS\1saibun\33_okayama_area.geojson
330013,sikutyousonnwomatometatiikitou,33_okayama_region.geojson,GAS\sikutyousonnwomatometatiikitou\33_okayama_region.geojson
330014,1saibun,33_okayama_area.geojson,GAS\1saibun\33_okayama_area.geojson
330014,sikutyousonnwomatometatiikitou,33_okayama_region.geojson,GAS\sikutyousonnwomatometatiikitou\33_okayama_region.geojson
330015,1saibun,33_okayama_area.geojson,GAS\1saibun\33_okayama_area.geojson
330015,sikutyousonnwomatometatiikitou,33_okayama_region.geojson,GAS\sikutyousonnwomatometatiikitou\33_okayama_region.geojson
330021,1saibun,33_okayama_area.geojson,GAS\1saibun\33_okayama_area.geojson
330021,sikutyousonnwomatometatiikitou,33_okayama_region.geojson,GAS\sikutyousonnwomatometatiikitou\33_okayama_region.geojson
330022,1saibun,33_okayama_area.geojson,GAS\1saibun\33_okayama_area.geojson
330022,sikutyousonnwomatometatiikitou,33_okayama_region.geojson,GAS\sikutyousonnwomatometatiikitou\33_okayama_region.geojson
330023,1saibun,33_okayama_area.geojson,GAS\1saibun\33_okayama_area.geojson
330023,sikutyousonnwomatometatiikitou,33_okayama_region.geojson,GAS\sikutyousonnwomatometatiikitou\33_okayama_region.geojson
330024,1saibun,33_okayama_area.geojson,GAS\1saibun\33_okayama_area.geojson
330024,sikutyousonnwomatometatiikitou,33_okayama_region.geojson,GAS\sikutyousonnwomatometatiikitou\33_okayama_region.geojson
3310000,sityousontou,33_okayama_region.geojson,GAS\sityousontou\33_okayama_region.geojson
3320200,sityousontou,33_okayama_region.geojson,GAS\sityousontou\33_okayama_region.geojson
3320300,sityousontou,33_okayama_region.geojson,GAS\sityousontou\33_okayama_region.geojson
3320400,sityousontou,33_okayama_region.geojson,GAS\sityousontou\33_okayama_region.geojson
3320500,sityousontou,33_okayama_region.geojson,GAS\sityousontou\33_okayama_region.geojson
3320700,sityousontou,33_okayama_region.geojson,GAS\sityousontou\33_okayama_region.geojson
3320800,sityousontou,33_okayama_region.geojson,GAS\sityousontou\33_okayama_region.geojson
3320900,sityousontou,33_okayama_region.geojson,GAS\sityousontou\33_okayama_region.geojson
3321000,sityousontou,33_okayama_region.geojson,GAS\sityousontou\33_okayama_region.geojson
3321100,sityousontou,33_okayama_region.geojson,GAS\sityousontou\33_okayama_region.geojson
3321200,sityousontou,33_okayama_region.geojson,GAS\sityousontou\33_okayama_region.geojson
3321300,sityousontou,33_okayama_region.geojson,GAS\sityousontou\33_okayama_region.geojson
3321400,sityousontou,33_okayama_region.geojson,GAS\sityousontou\33_okayama_region.geojson
3321500,sityousontou,33_okayama_region.geojson,GAS\sityousontou\33_okayama_region.geojson
3321600,sityousontou,33_okayama_region.geojson,GAS\sityousontou\33_okayama_region.geojson
3334600,sityousontou,33_okayama_region.geojson,GAS\sityousontou\33_okayama_region.geojson
3342300,sityousontou,33_okayama_region.geojson,GAS\sityousontou\33_okayama_region.geojson
3344500,sityousontou,33_okayama_region.geojson,GAS\sityousontou\33_okayama_region.geojson
3346100,sityousontou,33_okayama_region.geojson,GAS\sityousontou\33_okayama_region.geojson
3358600,sityousontou,33_okayama_region.geojson,GAS\sityousontou\33_okayama_region.geojson
3360600,sityousontou,33_okayama_region.geojson,GAS\sityousontou\33_okayama_region.geojson
3362200,sityousontou,33_okayama_region.geojson,GAS\sityousontou\33_okayama_region.geojson
3362300,sityousontou,33_okayama_region.geojson,GAS\sityousontou\33_okayama_region.geojson
3364300,sityousontou,33_okayama_region.geojson,GAS\sityousontou\33_okayama_region.geojson
3366300,sityousontou,33_okayama_region.geojson,GAS\sityousontou\33_okayama_region.geojson
3366600,sityousontou,33_okayama_region.geojson,GAS\sityousontou\33_okayama_region.geojson
3368100,sityousontou,33_okayama_region.geojson,GAS\sityousontou\33_okayama_region.geojson
34,hukenyohoukutou,34_hiroshima_forecast.geojson,GAS\hukenyohoukutou\34_hiroshima_forecast.geojson
340011,1saibun,34_hiroshima_area.geojson,GAS\1saibun\34_hiroshima_area.geojson
340011,sikutyousonnwomatometatiikitou,34_hiroshima_region.geojson,GAS\sikutyousonnwomatometatiikitou\34_hiroshima_region.geojson
340012,1saibun,34_hiroshima_area.geojson,GAS\1saibun\34_hiroshima_area.geojson
340012,sikutyousonnwomatometatiikitou,34_hiroshima_region.geojson,GAS\sikutyousonnwomatometatiikitou\34_hiroshima_region.geojson
340013,1saibun,34_hiroshima_area.geojson,GAS\1saibun\34_hiroshima_area.geojson
340013,sikutyousonnwomatometatiikitou,34_hiroshima_region.geojson,GAS\sikutyousonnwomatometatiikitou\34_hiroshima_region.geojson
340021,1saibun,34_hiroshima_area.geojson,GAS\1saibun\34_hiroshima_area.geojson
340021,sikutyousonnwomatometatiikitou,34_hiroshima_region.geojson,GAS\sikutyousonnwomatometatiikitou\34_hiroshima_region.geojson
340022,1saibun,34_hiroshima_area.geojson,GAS\1saibun\34_hiroshima_area.geojson
340022,sikutyousonnwomatometatiikitou,34_hiroshima_region.geojson,GAS\sikutyousonnwomatometatiikitou\34_hiroshima_region.geojson
3410100,sityousontou,34_hiroshima_region.geojson,GAS\sityousontou\34_hiroshima_region.geojson
3410200,sityousontou,34_hiroshima_region.geojson,GAS\sityousontou\34_hiroshima_region.geojson
3410300,sityousontou,34_hiroshima_region.geojson,GAS\sityousontou\34_hiroshima_region.geojson
3410400,sityousontou,34_hiroshima_region.geojson,GAS\sityousontou\34_hiroshima_region.geojson
3410500,sityousontou,34_hiroshima_region.geojson,GAS\sityousontou\34_hiroshima_region.geojson
3410600,sityousontou,34_hiroshima_region.geojson,GAS\sityousontou\34_hiroshima_region.geojson
3410700,sityousontou,34_hiroshima_region.geojson,GAS\sityousontou\34_hiroshima_region.geojson
3410800,sityousontou,34_hiroshima_region.geojson,GAS\sityousontou\34_hiroshima_region.geojson
3420200,sityousontou,34_hiroshima_region.geojson,GAS\sityousontou\34_hiroshima_region.geojson
3420300,sityousontou,34_hiroshima_region.geojson,GAS\sityousontou\34_hiroshima_region.geojson
3420400,sityousontou,34_hiroshima_region.geojson,GAS\sityousontou\34_hiroshima_region.geojson
3420500,sityousontou,34_hiroshima_region.geojson,GAS\sityousontou\34_hiroshima_region.geojson
3420700,sityousontou,34_hiroshima_region.geojson,GAS\sityousontou\34_hiroshima_region.geojson
3420800,sityousontou,34_hiroshima_region.geojson,GAS\sityousontou\34_hiroshima_region.geojson
3420900,sityousontou,34_hiroshima_region.geojson,GAS\sityousontou\34_hiroshima_region.geojson
3421000,sityousontou,34_hiroshima_region.geojson,GAS\sityousontou\34_hiroshima_region.geojson
3421100,sityousontou,34_hiroshima_region.geojson,GAS\sityousontou\34_hiroshima_region.geojson
3421200,sityousontou,34_hiroshima_region.geojson,GAS\sityousontou\34_hiroshima_region.geojson
3421300,sityousontou,34_hiroshima_region.geojson,GAS\sityousontou\34_hiroshima_region.geojson
3421400,sityousontou,34_hiroshima_region.geojson,GAS\sityousontou\34_hiroshima_region.geojson
3421500,sityousontou,34_hiroshima_region.geojson,GAS\sityousontou\34_hiroshima_region.geojson
3430200,sityousontou,34_hiroshima_region.geojson,GAS\sityousontou\34_hiroshima_region.geojson
3430400,sityousontou,34_hiroshima_region.geojson,GAS\sityousontou\34_hiroshima_region.geojson
3430700,sityousontou,34_hiroshima_region.geojson,GAS\sityousontou\34_hiroshima_region.geojson
3430900,sityousontou,34_hiroshima_region.geojson,GAS\sityousontou\34_hiroshima_region.geojson
3436800,sityousontou,34_hiroshima_region.geojson,GAS\sityousontou\34_hiroshima_region.geojson
3436900,sityousontou,34_hiroshima_region.geojson,GAS\sityousontou\34_hiroshima_region.geojson
3443100,sityousontou,34_hiroshima_region.geojson,GAS\sityousontou\34_hiroshima_region.geojson
3446200,sityousontou,34_hiroshima_region.geojson,GAS\sityousontou\34_hiroshima_region.geojson
3454500,sityousontou,34_hiroshima_region.geojson,GAS\sityousontou\34_hiroshima_region.geojson
35,hukenyohoukutou,35_yamaguchi_forecast.geojson,GAS\hukenyohoukutou\35_yamaguchi_forecast.geojson
350011,1saibun,35_yamaguchi_area.geojson,GAS\1saibun\35_yamaguchi_area.geojson
350011,sikutyousonnwomatometatiikitou,35_yamaguchi_region.geojson,GAS\sikutyousonnwomatometatiikitou\35_yamaguchi_region.geojson
350012,1saibun,35_yamaguchi_area.geojson,GAS\1saibun\35_yamaguchi_area.geojson
350012,sikutyousonnwomatometatiikitou,35_yamaguchi_region.geojson,GAS\sikutyousonnwomatometatiikitou\35_yamaguchi_region.geojson
350021,1saibun,35_yamaguchi_area.geojson,GAS\1saibun\35_yamaguchi_area.geojson
350021,sikutyousonnwomatometatiikitou,35_yamaguchi_region.geojson,GAS\sikutyousonnwomatometatiikitou\35_yamaguchi_region.geojson
350022,1saibun,35_yamaguchi_area.geojson,GAS\1saibun\35_yamaguchi_area.geojson
350022,sikutyousonnwomatometatiikitou,35_yamaguchi_region.geojson,GAS\sikutyousonnwomatometatiikitou\35_yamaguchi_region.geojson
350031,1saibun,35_yamaguchi_area.geojson,GAS\1saibun\35_yamaguchi_area.geojson
350031,sikutyousonnwomatometatiikitou,35_yamaguchi_region.geojson,GAS\sikutyousonnwomatometatiikitou\35_yamaguchi_region.geojson
350032,1saibun,35_yamaguchi_area.geojson,GAS\1saibun\35_yamaguchi_area.geojson
350032,sikutyousonnwomatometatiikitou,35_yamaguchi_region.geojson,GAS\sikutyousonnwomatometatiikitou\35_yamaguchi_region.geojson
350041,1saibun,35_yamaguchi_area.geojson,GAS\1saibun\35_yamaguchi_area.geojson
350041,sikutyousonnwomatometatiikitou,35_yamaguchi_region.geojson,GAS\sikutyousonnwomatometatiikitou\35_yamaguchi_region.geojson
350042,1saibun,35_yamaguchi_area.geojson,GAS\1saibun\35_yamaguchi_area.geojson
350042,sikutyousonnwomatometatiikitou,35_yamaguchi_region.geojson,GAS\sikutyousonnwomatometatiikitou\35_yamaguchi_region.geojson
3520100,sityousontou,35_yamaguchi_region.geojson,GAS\sityousontou\35_yamaguchi_region.geojson
3520200,sityousontou,35_yamaguchi_region.geojson,GAS\sityousontou\35_yamaguchi_region.geojson
3520300,sityousontou,35_yamaguchi_region.geojson,GAS\sityousontou\35_yamaguchi_region.geojson
3520400,sityousontou,35_yamaguchi_region.geojson,GAS\sityousontou\35_yamaguchi_region.geojson
3520600,sityousontou,35_yamaguchi_region.geojson,GAS\sityousontou\35_yamaguchi_region.geojson
3520700,sityousontou,35_yamaguchi_region.geojson,GAS\sityousontou\35_yamaguchi_region.geojson
3520800,sityousontou,35_yamaguchi_region.geojson,GAS\sityousontou\35_yamaguchi_region.geojson
3521000,sityousontou,35_yamaguchi_region.geojson,GAS\sityousontou\35_yamaguchi_region.geojson
3521100,sityousontou,35_yamaguchi_region.geojson,GAS\sityousontou\35_yamaguchi_region.geojson
3521200,sityousontou,35_yamaguchi_region.geojson,GAS\sityousontou\35_yamaguchi_region.geojson
3521300,sityousontou,35_yamaguchi_region.geojson,GAS\sityousontou\35_yamaguchi_region.geojson
3521500,sityousontou,35_yamaguchi_region.geojson,GAS\sityousontou\35_yamaguchi_region.geojson
3521600,sityousontou,35_yamaguchi_region.geojson,GAS\sityousontou\35_yamaguchi_region.geojson
3530500,sityousontou,35_yamaguchi_region.geojson,GAS\sityousontou\35_yamaguchi_region.geojson
3532100,sityousontou,35_yamaguchi_region.geojson,GAS\sityousontou\35_yamaguchi_region.geojson
3534100,sityousontou,35_yamaguchi_region.geojson,GAS\sityousontou\35_yamaguchi_region.geojson
3534300,sityousontou,35_yamaguchi_region.geojson,GAS\sityousontou\35_yamaguchi_region.geojson
3534400,sityousontou,35_yamaguchi_region.geojson,GAS\sityousontou\35_yamaguchi_region.geojson
3550200,sityousontou,35_yamaguchi_region.geojson,GAS\sityousontou\35_yamaguchi_region.geojson
36,hukenyohoukutou,36_tokushima_forecast.geojson,GAS\hukenyohoukutou\36_tokushima_forecast.geojson
360011,1saibun,36_tokushima_area.geojson,GAS\1saibun\36_tokushima_area.geojson
360011,sikutyousonnwomatometatiikitou,36_tokushima_region.geojson,GAS\sikutyousonnwomatometatiikitou\36_tokushima_region.geojson
360012,1saibun,36_tokushima_area.geojson,GAS\1saibun\36_tokushima_area.geojson
360012,sikutyousonnwomatometatiikitou,36_tokushima_region.geojson,GAS\sikutyousonnwomatometatiikitou\36_tokushima_region.geojson
360013,1saibun,36_tokushima_area.geojson,GAS\1saibun\36_tokushima_area.geojson
360013,sikutyousonnwomatometatiikitou,36_tokushima_region.geojson,GAS\sikutyousonnwomatometatiikitou\36_tokushima_region.geojson
360014,1saibun,36_tokushima_area.geojson,GAS\1saibun\36_tokushima_area.geojson
360014,sikutyousonnwomatometatiikitou,36_tokushima_region.geojson,GAS\sikutyousonnwomatometatiikitou\36_tokushima_region.geojson
360021,1saibun,36_tokushima_area.geojson,GAS\1saibun\36_tokushima_area.geojson
360021,sikutyousonnwomatometatiikitou,36_tokushima_region.geojson,GAS\sikutyousonnwomatometatiikitou\36_tokushima_region.geojson
360022,1saibun,36_tokushima_area.geojson,GAS\1saibun\36_tokushima_area.geojson
360022,sikutyousonnwomatometatiikitou,36_tokushima_region.geojson,GAS\sikutyousonnwomatometatiikitou\36_tokushima_region.geojson
360023,1saibun,36_tokushima_area.geojson,GAS\1saibun\36_tokushima_area.geojson
360023,sikutyousonnwomatometatiikitou,36_tokushima_region.geojson,GAS\sikutyousonnwomatometatiikitou\36_tokushima_region.geojson
3620100,sityousontou,36_tokushima_region.geojson,GAS\sityousontou\36_tokushima_region.geojson
3620200,sityousontou,36_tokushima_region.geojson,GAS\sityousontou\36_tokushima_region.geojson
3620300,sityousontou,36_tokushima_region.geojson,GAS\sityousontou\36_tokushima_region.geojson
3620400,sityousontou,36_tokushima_region.geojson,GAS\sityousontou\36_tokushima_region.geojson
3620500,sityousontou,36_tokushima_region.geojson,GAS\sityousontou\36_tokushima_region.geojson
3620600,sityousontou,36_tokushima_region.geojson,GAS\sityousontou\36_tokushima_region.geojson
3620701,sityousontou,36_tokushima_region.geojson,GAS\sityousontou\36_tokushima_region.geojson
3620702,sityousontou,36_tokushima_region.geojson,GAS\sityousontou\36_tokushima_region.geojson
3620800,sityousontou,36_tokushima_region.geojson,GAS\sityousontou\36_tokushima_region.geojson
3630100,sityousontou,36_tokushima_region.geojson,GAS\sityousontou\36_tokushima_region.geojson
3630200,sityousontou,36_tokushima_region.geojson,GAS\sityousontou\36_tokushima_region.geojson
3632100,sityousontou,36_tokushima_region.geojson,GAS\sityousontou\36_tokushima_region.geojson
3634100,sityousontou,36_tokushima_region.geojson,GAS\sityousontou\36_tokushima_region.geojson
3634200,sityousontou,36_tokushima_region.geojson,GAS\sityousontou\36_tokushima_region.geojson
3636800,sityousontou,36_tokushima_region.geojson,GAS\sityousontou\36_tokushima_region.geojson
3638300,sityousontou,36_tokushima_region.geojson,GAS\sityousontou\36_tokushima_region.geojson
3638700,sityousontou,36_tokushima_region.geojson,GAS\sityousontou\36_tokushima_region.geojson
3638800,sityousontou,36_tokushima_region.geojson,GAS\sityousontou\36_tokushima_region.geojson
3640100,sityousontou,36_tokushima_region.geojson,GAS\sityousontou\36_tokushima_region.geojson
3640200,sityousontou,36_tokushima_region.geojson,GAS\sityousontou\36_tokushima_region.geojson
3640300,sityousontou,36_tokushima_region.geojson,GAS\sityousontou\36_tokushima_region.geojson
3640400,sityousontou,36_tokushima_region.geojson,GAS\sityousontou\36_tokushima_region.geojson
3640500,sityousontou,36_tokushima_region.geojson,GAS\sityousontou\36_tokushima_region.geojson
3646801,sityousontou,36_tokushima_region.geojson,GAS\sityousontou\36_tokushima_region.geojson
3646802,sityousontou,36_tokushima_region.geojson,GAS\sityousontou\36_tokushima_region.geojson
3648900,sityousontou,36_tokushima_region.geojson,GAS\sityousontou\36_tokushima_region.geojson
37,hukenyohoukutou,37_kagawa_forecast.geojson,GAS\hukenyohoukutou\37_kagawa_forecast.geojson
370001,1saibun,37_kagawa_area.geojson,GAS\1saibun\37_kagawa_area.geojson
370001,sikutyousonnwomatometatiikitou,37_kagawa_region.geojson,GAS\sikutyousonnwomatometatiikitou\37_kagawa_region.geojson
370002,1saibun,37_kagawa_area.geojson,GAS\1saibun\37_kagawa_area.geojson
370002,sikutyousonnwomatometatiikitou,37_kagawa_region.geojson,GAS\sikutyousonnwomatometatiikitou\37_kagawa_region.geojson
370003,1saibun,37_kagawa_area.geojson,GAS\1saibun\37_kagawa_area.geojson
370003,sikutyousonnwomatometatiikitou,37_kagawa_region.geojson,GAS\sikutyousonnwomatometatiikitou\37_kagawa_region.geojson
370004,1saibun,37_kagawa_area.geojson,GAS\1saibun\37_kagawa_area.geojson
370004,sikutyousonnwomatometatiikitou,37_kagawa_region.geojson,GAS\sikutyousonnwomatometatiikitou\37_kagawa_region.geojson
370005,1saibun,37_kagawa_area.geojson,GAS\1saibun\37_kagawa_area.geojson
370005,sikutyousonnwomatometatiikitou,37_kagawa_region.geojson,GAS\sikutyousonnwomatometatiikitou\37_kagawa_region.geojson
3720100,sityousontou,37_kagawa_region.geojson,GAS\sityousontou\37_kagawa_region.geojson
3720200,sityousontou,37_kagawa_region.geojson,GAS\sityousontou\37_kagawa_region.geojson
3720300,sityousontou,37_kagawa_region.geojson,GAS\sityousontou\37_kagawa_region.geojson
3720400,sityousontou,37_kagawa_region.geojson,GAS\sityousontou\37_kagawa_region.geojson
3720500,sityousontou,37_kagawa_region.geojson,GAS\sityousontou\37_kagawa_region.geojson
3720600,sityousontou,37_kagawa_region.geojson,GAS\sityousontou\37_kagawa_region.geojson
3720700,sityousontou,37_kagawa_region.geojson,GAS\sityousontou\37_kagawa_region.geojson
3720800,sityousontou,37_kagawa_region.geojson,GAS\sityousontou\37_kagawa_region.geojson
3732200,sityousontou,37_kagawa_region.geojson,GAS\sityousontou\37_kagawa_region.geojson
3732400,sityousontou,37_kagawa_region.geojson,GAS\sityousontou\37_kagawa_region.geojson
3734100,sityousontou,37_kagawa_region.geojson,GAS\sityousontou\37_kagawa_region.geojson
3736400,sityousontou,37_kagawa_region.geojson,GAS\sityousontou\37_kagawa_region.geojson
3738600,sityousontou,37_kagawa_region.geojson,GAS\sityousontou\37_kagawa_region.geojson
3738700,sityousontou,37_kagawa_region.geojson,GAS\sityousontou\37_kagawa_region.geojson
3740300,sityousontou,37_kagawa_region.geojson,GAS\sityousontou\37_kagawa_region.geojson
3740400,sityousontou,37_kagawa_region.geojson,GAS\sityousontou\37_kagawa_region.geojson
3740600,sityousontou,37_kagawa_region.geojson,GAS\sityousontou\37_kagawa_region.geojson
38,hukenyohoukutou,38_ehime_forecast.geojson,GAS\hukenyohoukutou\38_ehime_forecast.geojson
380010,1saibun,38_ehime_area.geojson,GAS\1saibun\38_ehime_area.geojson
380010,sikutyousonnwomatometatiikitou,38_ehime_region.geojson,GAS\sikutyousonnwomatometatiikitou\38_ehime_region.geojson
380021,1saibun,38_ehime_area.geojson,GAS\1saibun\38_ehime_area.geojson
380021,sikutyousonnwomatometatiikitou,38_ehime_region.geojson,GAS\sikutyousonnwomatometatiikitou\38_ehime_region.geojson
380022,1saibun,38_ehime_area.geojson,GAS\1saibun\38_ehime_area.geojson
380022,sikutyousonnwomatometatiikitou,38_ehime_region.geojson,GAS\sikutyousonnwomatometatiikitou\38_ehime_region.geojson
380031,1saibun,38_ehime_area.geojson,GAS\1saibun\38_ehime_area.geojson
380031,sikutyousonnwomatometatiikitou,38_ehime_region.geojson,GAS\sikutyousonnwomatometatiikitou\38_ehime_region.geojson
380032,1saibun,38_ehime_area.geojson,GAS\1saibun\38_ehime_area.geojson
380032,sikutyousonnwomatometatiikitou,38_ehime_region.geojson,GAS\sikutyousonnwomatometatiikitou\38_ehime_region.geojson
3820100,sityousontou,38_ehime_region.geojson,GAS\sityousontou\38_ehime_region.geojson
3820200,sityousontou,38_ehime_region.geojson,GAS\sityousontou\38_ehime_region.geojson
3820300,sityousontou,38_ehime_region.geojson,GAS\sityousontou\38_ehime_region.geojson
3820400,sityousontou,38_ehime_region.geojson,GAS\sityousontou\38_ehime_region.geojson
3820500,sityousontou,38_ehime_region.geojson,GAS\sityousontou\38_ehime_region.geojson
3820600,sityousontou,38_ehime_region.geojson,GAS\sityousontou\38_ehime_region.geojson
3820700,sityousontou,38_ehime_region.geojson,GAS\sityousontou\38_ehime_region.geojson
3821000,sityousontou,38_ehime_region.geojson,GAS\sityousontou\38_ehime_region.geojson
3821300,sityousontou,38_ehime_region.geojson,GAS\sityousontou\38_ehime_region.geojson
3821400,sityousontou,38_ehime_region.geojson,GAS\sityousontou\38_ehime_region.geojson
3821500,sityousontou,38_ehime_region.geojson,GAS\sityousontou\38_ehime_region.geojson
3835600,sityousontou,38_ehime_region.geojson,GAS\sityousontou\38_ehime_region.geojson
3838600,sityousontou,38_ehime_region.geojson,GAS\sityousontou\38_ehime_region.geojson
3840100,sityousontou,38_ehime_region.geojson,GAS\sityousontou\38_ehime_region.geojson
3840200,sityousontou,38_ehime_region.geojson,GAS\sityousontou\38_ehime_region.geojson
3842200,sityousontou,38_ehime_region.geojson,GAS\sityousontou\38_ehime_region.geojson
3844200,sityousontou,38_ehime_region.geojson,GAS\sityousontou\38_ehime_region.geojson
3848400,sityousontou,38_ehime_region.geojson,GAS\sityousontou\38_ehime_region.geojson
3848800,sityousontou,38_ehime_region.geojson,GAS\sityousontou\38_ehime_region.geojson
3850600,sityousontou,38_ehime_region.geojson,GAS\sityousontou\38_ehime_region.geojson
39,hukenyohoukutou,39_kochi_forecast.geojson,GAS\hukenyohoukutou\39_kochi_forecast.geojson
390011,1saibun,39_kochi_area.geojson,GAS\1saibun\39_kochi_area.geojson
390011,sikutyousonnwomatometatiikitou,39_kochi_region.geojson,GAS\sikutyousonnwomatometatiikitou\39_kochi_region.geojson
390012,1saibun,39_kochi_area.geojson,GAS\1saibun\39_kochi_area.geojson
390012,sikutyousonnwomatometatiikitou,39_kochi_region.geojson,GAS\sikutyousonnwomatometatiikitou\39_kochi_region.geojson
390013,1saibun,39_kochi_area.geojson,GAS\1saibun\39_kochi_area.geojson
390013,sikutyousonnwomatometatiikitou,39_kochi_region.geojson,GAS\sikutyousonnwomatometatiikitou\39_kochi_region.geojson
390021,1saibun,39_kochi_area.geojson,GAS\1saibun\39_kochi_area.geojson
390021,sikutyousonnwomatometatiikitou,39_kochi_region.geojson,GAS\sikutyousonnwomatometatiikitou\39_kochi_region.geojson
390022,1saibun,39_kochi_area.geojson,GAS\1saibun\39_kochi_area.geojson
390022,sikutyousonnwomatometatiikitou,39_kochi_region.geojson,GAS\sikutyousonnwomatometatiikitou\39_kochi_region.geojson
390031,1saibun,39_kochi_area.geojson,GAS\1saibun\39_kochi_area.geojson
390031,sikutyousonnwomatometatiikitou,39_kochi_region.geojson,GAS\sikutyousonnwomatometatiikitou\39_kochi_region.geojson
390032,1saibun,39_kochi_area.geojson,GAS\1saibun\39_kochi_area.geojson
390032,sikutyousonnwomatometatiikitou,39_kochi_region.geojson,GAS\sikutyousonnwomatometatiikitou\39_kochi_region.geojson
3920100,sityousontou,39_kochi_region.geojson,GAS\sityousontou\39_kochi_region.geojson
3920200,sityousontou,39_kochi_region.geojson,GAS\sityousontou\39_kochi_region.geojson
3920300,sityousontou,39_kochi_region.geojson,GAS\sityousontou\39_kochi_region.geojson
3920400,sityousontou,39_kochi_region.geojson,GAS\sityousontou\39_kochi_region.geojson
3920500,sityousontou,39_kochi_region.geojson,GAS\sityousontou\39_kochi_region.geojson
3920600,sityousontou,39_kochi_region.geojson,GAS\sityousontou\39_kochi_region.geojson
3920800,sityousontou,39_kochi_region.geojson,GAS\sityousontou\39_kochi_region.geojson
3920900,sityousontou,39_kochi_region.geojson,GAS\sityousontou\39_kochi_region.geojson
3921000,sityousontou,39_kochi_region.geojson,GAS\sityousontou\39_kochi_region.geojson
3921100,sityousontou,39_kochi_region.geojson,GAS\sityousontou\39_kochi_region.geojson
3921200,sityousontou,39_kochi_region.geojson,GAS\sityousontou\39_kochi_region.geojson
3930100,sityousontou,39_kochi_region.geojson,GAS\sityousontou\39_kochi_region.geojson
3930200,sityousontou,39_kochi_region.geojson,GAS\sityousontou\39_kochi_region.geojson
3930300,sityousontou,39_kochi_region.geojson,GAS\sityousontou\39_kochi_region.geojson
3930400,sityousontou,39_kochi_region.geojson,GAS\sityousontou\39_kochi_region.geojson
3930500,sityousontou,39_kochi_region.geojson,GAS\sityousontou\39_kochi_region.geojson
3930600,sityousontou,39_kochi_region.geojson,GAS\sityousontou\39_kochi_region.geojson
3930700,sityousontou,39_kochi_region.geojson,GAS\sityousontou\39_kochi_region.geojson
3934100,sityousontou,39_kochi_region.geojson,GAS\sityousontou\39_kochi_region.geojson
3934400,sityousontou,39_kochi_region.geojson,GAS\sityousontou\39_kochi_region.geojson
3936300,sityousontou,39_kochi_region.geojson,GAS\sityousontou\39_kochi_region.geojson
3936400,sityousontou,39_kochi_region.geojson,GAS\sityousontou\39_kochi_region.geojson
3938600,sityousontou,39_kochi_region.geojson,GAS\sityousontou\39_kochi_region.geojson
3938700,sityousontou,39_kochi_region.geojson,GAS\sityousontou\39_kochi_region.geojson
3940100,sityousontou,39_kochi_region.geojson,GAS\sityousontou\39_kochi_region.geojson
3940200,sityousontou,39_kochi_region.geojson,GAS\sityousontou\39_kochi_region.geojson
3940300,sityousontou,39_kochi_region.geojson,GAS\sityousontou\39_kochi_region.geojson
3940500,sityousontou,39_kochi_region.geojson,GAS\sityousontou\39_kochi_region.geojson
3941000,sityousontou,39_kochi_region.geojson,GAS\sityousontou\39_kochi_region.geojson
3941100,sityousontou,39_kochi_region.geojson,GAS\sityousontou\39_kochi_region.geojson
3941200,sityousontou,39_kochi_region.geojson,GAS\sityousontou\39_kochi_region.geojson
3942400,sityousontou,39_kochi_region.geojson,GAS\sityousontou\39_kochi_region.geojson
3942700,sityousontou,39_kochi_region.geojson,GAS\sityousontou\39_kochi_region.geojson
3942800,sityousontou,39_kochi_region.geojson,GAS\sityousontou\39_kochi_region.geojson
40,hukenyohoukutou,40_fukuoka_forecast.geojson,GAS\hukenyohoukutou\40_fukuoka_forecast.geojson
400010,1saibun,40_fukuoka_area.geojson,GAS\1saibun\40_fukuoka_area.geojson
400010,sikutyousonnwomatometatiikitou,40_fukuoka_region.geojson,GAS\sikutyousonnwomatometatiikitou\40_fukuoka_region.geojson
400021,1saibun,40_fukuoka_area.geojson,GAS\1saibun\40_fukuoka_area.geojson
400021,sikutyousonnwomatometatiikitou,40_fukuoka_region.geojson,GAS\sikutyousonnwomatometatiikitou\40_fukuoka_region.geojson
400022,1saibun,40_fukuoka_area.geojson,GAS\1saibun\40_fukuoka_area.geojson
400022,sikutyousonnwomatometatiikitou,40_fukuoka_region.geojson,GAS\sikutyousonnwomatometatiikitou\40_fukuoka_region.geojson
400030,1saibun,40_fukuoka_area.geojson,GAS\1saibun\40_fukuoka_area.geojson
400030,sikutyousonnwomatometatiikitou,40_fukuoka_region.geojson,GAS\sikutyousonnwomatometatiikitou\40_fukuoka_region.geojson
400041,1saibun,40_fukuoka_area.geojson,GAS\1saibun\40_fukuoka_area.geojson
400041,sikutyousonnwomatometatiikitou,40_fukuoka_region.geojson,GAS\sikutyousonnwomatometatiikitou\40_fukuoka_region.geojson
400042,1saibun,40_fukuoka_area.geojson,GAS\1saibun\40_fukuoka_area.geojson
400042,sikutyousonnwomatometatiikitou,40_fukuoka_region.geojson,GAS\sikutyousonnwomatometatiikitou\40_fukuoka_region.geojson
4010000,sityousontou,40_fukuoka_region.geojson,GAS\sityousontou\40_fukuoka_region.geojson
4013000,sityousontou,40_fukuoka_region.geojson,GAS\sityousontou\40_fukuoka_region.geojson
4020200,sityousontou,40_fukuoka_region.geojson,GAS\sityousontou\40_fukuoka_region.geojson
4020300,sityousontou,40_fukuoka_region.geojson,GAS\sityousontou\40_fukuoka_region.geojson
4020400,sityousontou,40_fukuoka_region.geojson,GAS\sityousontou\40_fukuoka_region.geojson
4020500,sityousontou,40_fukuoka_region.geojson,GAS\sityousontou\40_fukuoka_region.geojson
4020600,sityousontou,40_fukuoka_region.geojson,GAS\sityousontou\40_fukuoka_region.geojson
4020700,sityousontou,40_fukuoka_region.geojson,GAS\sityousontou\40_fukuoka_region.geojson
4021000,sityousontou,40_fukuoka_region.geojson,GAS\sityousontou\40_fukuoka_region.geojson
4021100,sityousontou,40_fukuoka_region.geojson,GAS\sityousontou\40_fukuoka_region.geojson
4021200,sityousontou,40_fukuoka_region.geojson,GAS\sityousontou\40_fukuoka_region.geojson
4021300,sityousontou,40_fukuoka_region.geojson,GAS\sityousontou\40_fukuoka_region.geojson
4021400,sityousontou,40_fukuoka_region.geojson,GAS\sityousontou\40_fukuoka_region.geojson
4021500,sityousontou,40_fukuoka_region.geojson,GAS\sityousontou\40_fukuoka_region.geojson
4021600,sityousontou,40_fukuoka_region.geojson,GAS\sityousontou\40_fukuoka_region.geojson
4021700,sityousontou,40_fukuoka_region.geojson,GAS\sityousontou\40_fukuoka_region.geojson
4021800,sityousontou,40_fukuoka_region.geojson,GAS\sityousontou\40_fukuoka_region.geojson
4021900,sityousontou,40_fukuoka_region.geojson,GAS\sityousontou\40_fukuoka_region.geojson
4022000,sityousontou,40_fukuoka_region.geojson,GAS\sityousontou\40_fukuoka_region.geojson
4022100,sityousontou,40_fukuoka_region.geojson,GAS\sityousontou\40_fukuoka_region.geojson
4022300,sityousontou,40_fukuoka_region.geojson,GAS\sityousontou\40_fukuoka_region.geojson
4022400,sityousontou,40_fukuoka_region.geojson,GAS\sityousontou\40_fukuoka_region.geojson
4022500,sityousontou,40_fukuoka_region.geojson,GAS\sityousontou\40_fukuoka_region.geojson
4022600,sityousontou,40_fukuoka_region.geojson,GAS\sityousontou\40_fukuoka_region.geojson
4022700,sityousontou,40_fukuoka_region.geojson,GAS\sityousontou\40_fukuoka_region.geojson
4022800,sityousontou,40_fukuoka_region.geojson,GAS\sityousontou\40_fukuoka_region.geojson
4022900,sityousontou,40_fukuoka_region.geojson,GAS\sityousontou\40_fukuoka_region.geojson
4023000,sityousontou,40_fukuoka_region.geojson,GAS\sityousontou\40_fukuoka_region.geojson
4023100,sityousontou,40_fukuoka_region.geojson,GAS\sityousontou\40_fukuoka_region.geojson
4034100,sityousontou,40_fukuoka_region.geojson,GAS\sityousontou\40_fukuoka_region.geojson
4034200,sityousontou,40_fukuoka_region.geojson,GAS\sityousontou\40_fukuoka_region.geojson
4034300,sityousontou,40_fukuoka_region.geojson,GAS\sityousontou\40_fukuoka_region.geojson
4034400,sityousontou,40_fukuoka_region.geojson,GAS\sityousontou\40_fukuoka_region.geojson
4034500,sityousontou,40_fukuoka_region.geojson,GAS\sityousontou\40_fukuoka_region.geojson
4034800,sityousontou,40_fukuoka_region.geojson,GAS\sityousontou\40_fukuoka_region.geojson
4034900,sityousontou,40_fukuoka_region.geojson,GAS\sityousontou\40_fukuoka_region.geojson
4038100,sityousontou,40_fukuoka_region.geojson,GAS\sityousontou\40_fukuoka_region.geojson
4038200,sityousontou,40_fukuoka_region.geojson,GAS\sityousontou\40_fukuoka_region.geojson
4038300,sityousontou,40_fukuoka_region.geojson,GAS\sityousontou\40_fukuoka_region.geojson
4038400,sityousontou,40_fukuoka_region.geojson,GAS\sityousontou\40_fukuoka_region.geojson
4040100,sityousontou,40_fukuoka_region.geojson,GAS\sityousontou\40_fukuoka_region.geojson
4040200,sityousontou,40_fukuoka_region.geojson,GAS\sityousontou\40_fukuoka_region.geojson
4042100,sityousontou,40_fukuoka_region.geojson,GAS\sityousontou\40_fukuoka_region.geojson
4044700,sityousontou,40_fukuoka_region.geojson,GAS\sityousontou\40_fukuoka_region.geojson
4044800,sityousontou,40_fukuoka_region.geojson,GAS\sityousontou\40_fukuoka_region.geojson
4050300,sityousontou,40_fukuoka_region.geojson,GAS\sityousontou\40_fukuoka_region.geojson
4052200,sityousontou,40_fukuoka_region.geojson,GAS\sityousontou\40_fukuoka_region.geojson
4054400,sityousontou,40_fukuoka_region.geojson,GAS\sityousontou\40_fukuoka_region.geojson
4060100,sityousontou,40_fukuoka_region.geojson,GAS\sityousontou\40_fukuoka_region.geojson
4060200,sityousontou,40_fukuoka_region.geojson,GAS\sityousontou\40_fukuoka_region.geojson
4060400,sityousontou,40_fukuoka_region.geojson,GAS\sityousontou\40_fukuoka_region.geojson
4060500,sityousontou,40_fukuoka_region.geojson,GAS\sityousontou\40_fukuoka_region.geojson
4060800,sityousontou,40_fukuoka_region.geojson,GAS\sityousontou\40_fukuoka_region.geojson
4060900,sityousontou,40_fukuoka_region.geojson,GAS\sityousontou\40_fukuoka_region.geojson
4061000,sityousontou,40_fukuoka_region.geojson,GAS\sityousontou\40_fukuoka_region.geojson
4062100,sityousontou,40_fukuoka_region.geojson,GAS\sityousontou\40_fukuoka_region.geojson
4062500,sityousontou,40_fukuoka_region.geojson,GAS\sityousontou\40_fukuoka_region.geojson
4064200,sityousontou,40_fukuoka_region.geojson,GAS\sityousontou\40_fukuoka_region.geojson
4064600,sityousontou,40_fukuoka_region.geojson,GAS\sityousontou\40_fukuoka_region.geojson
4064700,sityousontou,40_fukuoka_region.geojson,GAS\sityousontou\40_fukuoka_region.geojson
41,hukenyohoukutou,41_saga_forecast.geojson,GAS\hukenyohoukutou\41_saga_forecast.geojson
410011,1saibun,41_saga_area.geojson,GAS\1saibun\41_saga_area.geojson
410011,sikutyousonnwomatometatiikitou,41_saga_region.geojson,GAS\sikutyousonnwomatometatiikitou\41_saga_region.geojson
410012,1saibun,41_saga_area.geojson,GAS\1saibun\41_saga_area.geojson
410012,sikutyousonnwomatometatiikitou,41_saga_region.geojson,GAS\sikutyousonnwomatometatiikitou\41_saga_region.geojson
410013,1saibun,41_saga_area.geojson,GAS\1saibun\41_saga_area.geojson
410013,sikutyousonnwomatometatiikitou,41_saga_region.geojson,GAS\sikutyousonnwomatometatiikitou\41_saga_region.geojson
410014,1saibun,41_saga_area.geojson,GAS\1saibun\41_saga_area.geojson
410014,sikutyousonnwomatometatiikitou,41_saga_region.geojson,GAS\sikutyousonnwomatometatiikitou\41_saga_region.geojson
410021,1saibun,41_saga_area.geojson,GAS\1saibun\41_saga_area.geojson
410021,sikutyousonnwomatometatiikitou,41_saga_region.geojson,GAS\sikutyousonnwomatometatiikitou\41_saga_region.geojson
410022,1saibun,41_saga_area.geojson,GAS\1saibun\41_saga_area.geojson
410022,sikutyousonnwomatometatiikitou,41_saga_region.geojson,GAS\sikutyousonnwomatometatiikitou\41_saga_region.geojson
4120100,sityousontou,41_saga_region.geojson,GAS\sityousontou\41_saga_region.geojson
4120200,sityousontou,41_saga_region.geojson,GAS\sityousontou\41_saga_region.geojson
4120300,sityousontou,41_saga_region.geojson,GAS\sityousontou\41_saga_region.geojson
4120400,sityousontou,41_saga_region.geojson,GAS\sityousontou\41_saga_region.geojson
4120500,sityousontou,41_saga_region.geojson,GAS\sityousontou\41_saga_region.geojson
4120600,sityousontou,41_saga_region.geojson,GAS\sityousontou\41_saga_region.geojson
4120700,sityousontou,41_saga_region.geojson,GAS\sityousontou\41_saga_region.geojson
4120800,sityousontou,41_saga_region.geojson,GAS\sityousontou\41_saga_region.geojson
4120900,sityousontou,41_saga_region.geojson,GAS\sityousontou\41_saga_region.geojson
4121000,sityousontou,41_saga_region.geojson,GAS\sityousontou\41_saga_region.geojson
4132700,sityousontou,41_saga_region.geojson,GAS\sityousontou\41_saga_region.geojson
4134100,sityousontou,41_saga_region.geojson,GAS\sityousontou\41_saga_region.geojson
4134500,sityousontou,41_saga_region.geojson,GAS\sityousontou\41_saga_region.geojson
4134600,sityousontou,41_saga_region.geojson,GAS\sityousontou\41_saga_region.geojson
4138700,sityousontou,41_saga_region.geojson,GAS\sityousontou\41_saga_region.geojson
4140100,sityousontou,41_saga_region.geojson,GAS\sityousontou\41_saga_region.geojson
4142300,sityousontou,41_saga_region.geojson,GAS\sityousontou\41_saga_region.geojson
4142400,sityousontou,41_saga_region.geojson,GAS\sityousontou\41_saga_region.geojson
4142500,sityousontou,41_saga_region.geojson,GAS\sityousontou\41_saga_region.geojson
4144100,sityousontou,41_saga_region.geojson,GAS\sityousontou\41_saga_region.geojson
42,hukenyohoukutou,42_nagasaki_forecast.geojson,GAS\hukenyohoukutou\42_nagasaki_forecast.geojson
420011,1saibun,42_nagasaki_area.geojson,GAS\1saibun\42_nagasaki_area.geojson
420011,sikutyousonnwomatometatiikitou,42_nagasaki_region.geojson,GAS\sikutyousonnwomatometatiikitou\42_nagasaki_region.geojson
420012,1saibun,42_nagasaki_area.geojson,GAS\1saibun\42_nagasaki_area.geojson
420012,sikutyousonnwomatometatiikitou,42_nagasaki_region.geojson,GAS\sikutyousonnwomatometatiikitou\42_nagasaki_region.geojson
420013,1saibun,42_nagasaki_area.geojson,GAS\1saibun\42_nagasaki_area.geojson
420013,sikutyousonnwomatometatiikitou,42_nagasaki_region.geojson,GAS\sikutyousonnwomatometatiikitou\42_nagasaki_region.geojson
420014,1saibun,42_nagasaki_area.geojson,GAS\1saibun\42_nagasaki_area.geojson
420014,sikutyousonnwomatometatiikitou,42_nagasaki_region.geojson,GAS\sikutyousonnwomatometatiikitou\42_nagasaki_region.geojson
420021,1saibun,42_nagasaki_area.geojson,GAS\1saibun\42_nagasaki_area.geojson
420021,sikutyousonnwomatometatiikitou,42_nagasaki_region.geojson,GAS\sikutyousonnwomatometatiikitou\42_nagasaki_region.geojson
420022,1saibun,42_nagasaki_area.geojson,GAS\1saibun\42_nagasaki_area.geojson
420022,sikutyousonnwomatometatiikitou,42_nagasaki_region.geojson,GAS\sikutyousonnwomatometatiikitou\42_nagasaki_region.geojson
420031,1saibun,42_nagasaki_area.geojson,GAS\1saibun\42_nagasaki_area.geojson
420031,sikutyousonnwomatometatiikitou,42_nagasaki_region.geojson,GAS\sikutyousonnwomatometatiikitou\42_nagasaki_region.geojson
420032,1saibun,42_nagasaki_area.geojson,GAS\1saibun\42_nagasaki_area.geojson
420032,sikutyousonnwomatometatiikitou,42_nagasaki_region.geojson,GAS\sikutyousonnwomatometatiikitou\42_nagasaki_region.geojson
420033,1saibun,42_nagasaki_area.geojson,GAS\1saibun\42_nagasaki_area.geojson
420033,sikutyousonnwomatometatiikitou,42_nagasaki_region.geojson,GAS\sikutyousonnwomatometatiikitou\42_nagasaki_region.geojson
420041,1saibun,42_nagasaki_area.geojson,GAS\1saibun\42_nagasaki_area.geojson
420041,sikutyousonnwomatometatiikitou,42_nagasaki_region.geojson,GAS\sikutyousonnwomatometatiikitou\42_nagasaki_region.geojson
420042,1saibun,42_nagasaki_area.geojson,GAS\1saibun\42_nagasaki_area.geojson
420042,sikutyousonnwomatometatiikitou,42_nagasaki_region.geojson,GAS\sikutyousonnwomatometatiikitou\42_nagasaki_region.geojson
4220100,sityousontou,42_nagasaki_region.geojson,GAS\sityousontou\42_nagasaki_region.geojson
4220201,sityousontou,42_nagasaki_region.geojson,GAS\sityousontou\42_nagasaki_region.geojson
4220202,sityousontou,42_nagasaki_region.geojson,GAS\sityousontou\42_nagasaki_region.geojson
4220300,sityousontou,42_nagasaki_region.geojson,GAS\sityousontou\42_nagasaki_region.geojson
4220400,sityousontou,42_nagasaki_region.geojson,GAS\sityousontou\42_nagasaki_region.geojson
4220500,sityousontou,42_nagasaki_region.geojson,GAS\sityousontou\42_nagasaki_region.geojson
4220700,sityousontou,42_nagasaki_region.geojson,GAS\sityousontou\42_nagasaki_region.geojson
4220800,sityousontou,42_nagasaki_region.geojson,GAS\sityousontou\42_nagasaki_region.geojson
4220901,sityousontou,42_nagasaki_region.geojson,GAS\sityousontou\42_nagasaki_region.geojson
4220902,sityousontou,42_nagasaki_region.geojson,GAS\sityousontou\42_nagasaki_region.geojson
4221000,sityousontou,42_nagasaki_region.geojson,GAS\sityousontou\42_nagasaki_region.geojson
4221100,sityousontou,42_nagasaki_region.geojson,GAS\sityousontou\42_nagasaki_region.geojson
4221201,sityousontou,42_nagasaki_region.geojson,GAS\sityousontou\42_nagasaki_region.geojson
4221202,sityousontou,42_nagasaki_region.geojson,GAS\sityousontou\42_nagasaki_region.geojson
4221300,sityousontou,42_nagasaki_region.geojson,GAS\sityousontou\42_nagasaki_region.geojson
4221400,sityousontou,42_nagasaki_region.geojson,GAS\sityousontou\42_nagasaki_region.geojson
4230700,sityousontou,42_nagasaki_region.geojson,GAS\sityousontou\42_nagasaki_region.geojson
4230800,sityousontou,42_nagasaki_region.geojson,GAS\sityousontou\42_nagasaki_region.geojson
4232100,sityousontou,42_nagasaki_region.geojson,GAS\sityousontou\42_nagasaki_region.geojson
4232200,sityousontou,42_nagasaki_region.geojson,GAS\sityousontou\42_nagasaki_region.geojson
4232300,sityousontou,42_nagasaki_region.geojson,GAS\sityousontou\42_nagasaki_region.geojson
4238300,sityousontou,42_nagasaki_region.geojson,GAS\sityousontou\42_nagasaki_region.geojson
4239100,sityousontou,42_nagasaki_region.geojson,GAS\sityousontou\42_nagasaki_region.geojson
4241100,sityousontou,42_nagasaki_region.geojson,GAS\sityousontou\42_nagasaki_region.geojson
43,hukenyohoukutou,43_kumamoto_forecast.geojson,GAS\hukenyohoukutou\43_kumamoto_forecast.geojson
430011,1saibun,43_kumamoto_area.geojson,GAS\1saibun\43_kumamoto_area.geojson
430011,sikutyousonnwomatometatiikitou,43_kumamoto_region.geojson,GAS\sikutyousonnwomatometatiikitou\43_kumamoto_region.geojson
430012,1saibun,43_kumamoto_area.geojson,GAS\1saibun\43_kumamoto_area.geojson
430012,sikutyousonnwomatometatiikitou,43_kumamoto_region.geojson,GAS\sikutyousonnwomatometatiikitou\43_kumamoto_region.geojson
430013,1saibun,43_kumamoto_area.geojson,GAS\1saibun\43_kumamoto_area.geojson
430013,sikutyousonnwomatometatiikitou,43_kumamoto_region.geojson,GAS\sikutyousonnwomatometatiikitou\43_kumamoto_region.geojson
430014,1saibun,43_kumamoto_area.geojson,GAS\1saibun\43_kumamoto_area.geojson
430014,sikutyousonnwomatometatiikitou,43_kumamoto_region.geojson,GAS\sikutyousonnwomatometatiikitou\43_kumamoto_region.geojson
430015,1saibun,43_kumamoto_area.geojson,GAS\1saibun\43_kumamoto_area.geojson
430015,sikutyousonnwomatometatiikitou,43_kumamoto_region.geojson,GAS\sikutyousonnwomatometatiikitou\43_kumamoto_region.geojson
430020,1saibun,43_kumamoto_area.geojson,GAS\1saibun\43_kumamoto_area.geojson
430020,sikutyousonnwomatometatiikitou,43_kumamoto_region.geojson,GAS\sikutyousonnwomatometatiikitou\43_kumamoto_region.geojson
430031,1saibun,43_kumamoto_area.geojson,GAS\1saibun\43_kumamoto_area.geojson
430031,sikutyousonnwomatometatiikitou,43_kumamoto_region.geojson,GAS\sikutyousonnwomatometatiikitou\43_kumamoto_region.geojson
430032,1saibun,43_kumamoto_area.geojson,GAS\1saibun\43_kumamoto_area.geojson
430032,sikutyousonnwomatometatiikitou,43_kumamoto_region.geojson,GAS\sikutyousonnwomatometatiikitou\43_kumamoto_region.geojson
430040,1saibun,43_kumamoto_area.geojson,GAS\1saibun\43_kumamoto_area.geojson
430040,sikutyousonnwomatometatiikitou,43_kumamoto_region.geojson,GAS\sikutyousonnwomatometatiikitou\43_kumamoto_region.geojson
4310000,sityousontou,43_kumamoto_region.geojson,GAS\sityousontou\43_kumamoto_region.geojson
4320200,sityousontou,43_kumamoto_region.geojson,GAS\sityousontou\43_kumamoto_region.geojson
4320300,sityousontou,43_kumamoto_region.geojson,GAS\sityousontou\43_kumamoto_region.geojson
4320400,sityousontou,43_kumamoto_region.geojson,GAS\sityousontou\43_kumamoto_region.geojson
4320500,sityousontou,43_kumamoto_region.geojson,GAS\sityousontou\43_kumamoto_region.geojson
4320600,sityousontou,43_kumamoto_region.geojson,GAS\sityousontou\43_kumamoto_region.geojson
4320800,sityousontou,43_kumamoto_region.geojson,GAS\sityousontou\43_kumamoto_region.geojson
4321000,sityousontou,43_kumamoto_region.geojson,GAS\sityousontou\43_kumamoto_region.geojson
4321100,sityousontou,43_kumamoto_region.geojson,GAS\sityousontou\43_kumamoto_region.geojson
4321200,sityousontou,43_kumamoto_region.geojson,GAS\sityousontou\43_kumamoto_region.geojson
4321300,sityousontou,43_kumamoto_region.geojson,GAS\sityousontou\43_kumamoto_region.geojson
4321400,sityousontou,43_kumamoto_region.geojson,GAS\sityousontou\43_kumamoto_region.geojson
4321500,sityousontou,43_kumamoto_region.geojson,GAS\sityousontou\43_kumamoto_region.geojson
4321600,sityousontou,43_kumamoto_region.geojson,GAS\sityousontou\43_kumamoto_region.geojson
4334800,sityousontou,43_kumamoto_region.geojson,GAS\sityousontou\43_kumamoto_region.geojson
4336400,sityousontou,43_kumamoto_region.geojson,GAS\sityousontou\43_kumamoto_region.geojson
4336700,sityousontou,43_kumamoto_region.geojson,GAS\sityousontou\43_kumamoto_region.geojson
4336800,sityousontou,43_kumamoto_region.geojson,GAS\sityousontou\43_kumamoto_region.geojson
4336900,sityousontou,43_kumamoto_region.geojson,GAS\sityousontou\43_kumamoto_region.geojson
4340300,sityousontou,43_kumamoto_region.geojson,GAS\sityousontou\43_kumamoto_region.geojson
4340400,sityousontou,43_kumamoto_region.geojson,GAS\sityousontou\43_kumamoto_region.geojson
4342300,sityousontou,43_kumamoto_region.geojson,GAS\sityousontou\43_kumamoto_region.geojson
4342400,sityousontou,43_kumamoto_region.geojson,GAS\sityousontou\43_kumamoto_region.geojson
4342500,sityousontou,43_kumamoto_region.geojson,GAS\sityousontou\43_kumamoto_region.geojson
4342800,sityousontou,43_kumamoto_region.geojson,GAS\sityousontou\43_kumamoto_region.geojson
4343200,sityousontou,43_kumamoto_region.geojson,GAS\sityousontou\43_kumamoto_region.geojson
4343300,sityousontou,43_kumamoto_region.geojson,GAS\sityousontou\43_kumamoto_region.geojson
4344100,sityousontou,43_kumamoto_region.geojson,GAS\sityousontou\43_kumamoto_region.geojson
4344200,sityousontou,43_kumamoto_region.geojson,GAS\sityousontou\43_kumamoto_region.geojson
4344300,sityousontou,43_kumamoto_region.geojson,GAS\sityousontou\43_kumamoto_region.geojson
4344400,sityousontou,43_kumamoto_region.geojson,GAS\sityousontou\43_kumamoto_region.geojson
4344700,sityousontou,43_kumamoto_region.geojson,GAS\sityousontou\43_kumamoto_region.geojson
4346800,sityousontou,43_kumamoto_region.geojson,GAS\sityousontou\43_kumamoto_region.geojson
4348200,sityousontou,43_kumamoto_region.geojson,GAS\sityousontou\43_kumamoto_region.geojson
4348400,sityousontou,43_kumamoto_region.geojson,GAS\sityousontou\43_kumamoto_region.geojson
4350100,sityousontou,43_kumamoto_region.geojson,GAS\sityousontou\43_kumamoto_region.geojson
4350500,sityousontou,43_kumamoto_region.geojson,GAS\sityousontou\43_kumamoto_region.geojson
4350600,sityousontou,43_kumamoto_region.geojson,GAS\sityousontou\43_kumamoto_region.geojson
4350700,sityousontou,43_kumamoto_region.geojson,GAS\sityousontou\43_kumamoto_region.geojson
4351000,sityousontou,43_kumamoto_region.geojson,GAS\sityousontou\43_kumamoto_region.geojson
4351100,sityousontou,43_kumamoto_region.geojson,GAS\sityousontou\43_kumamoto_region.geojson
4351200,sityousontou,43_kumamoto_region.geojson,GAS\sityousontou\43_kumamoto_region.geojson
4351300,sityousontou,43_kumamoto_region.geojson,GAS\sityousontou\43_kumamoto_region.geojson
4351400,sityousontou,43_kumamoto_region.geojson,GAS\sityousontou\43_kumamoto_region.geojson
4353100,sityousontou,43_kumamoto_region.geojson,GAS\sityousontou\43_kumamoto_region.geojson
44,hukenyohoukutou,44_oita_forecast.geojson,GAS\hukenyohoukutou\44_oita_forecast.geojson
440010,1saibun,44_oita_area.geojson,GAS\1saibun\44_oita_area.geojson
440010,sikutyousonnwomatometatiikitou,44_oita_region.geojson,GAS\sikutyousonnwomatometatiikitou\44_oita_region.geojson
440020,1saibun,44_oita_area.geojson,GAS\1saibun\44_oita_area.geojson
440020,sikutyousonnwomatometatiikitou,44_oita_region.geojson,GAS\sikutyousonnwomatometatiikitou\44_oita_region.geojson
440031,1saibun,44_oita_area.geojson,GAS\1saibun\44_oita_area.geojson
440031,sikutyousonnwomatometatiikitou,44_oita_region.geojson,GAS\sikutyousonnwomatometatiikitou\44_oita_region.geojson
440032,1saibun,44_oita_area.geojson,GAS\1saibun\44_oita_area.geojson
440032,sikutyousonnwomatometatiikitou,44_oita_region.geojson,GAS\sikutyousonnwomatometatiikitou\44_oita_region.geojson
440041,1saibun,44_oita_area.geojson,GAS\1saibun\44_oita_area.geojson
440041,sikutyousonnwomatometatiikitou,44_oita_region.geojson,GAS\sikutyousonnwomatometatiikitou\44_oita_region.geojson
440042,1saibun,44_oita_area.geojson,GAS\1saibun\44_oita_area.geojson
440042,sikutyousonnwomatometatiikitou,44_oita_region.geojson,GAS\sikutyousonnwomatometatiikitou\44_oita_region.geojson
4420100,sityousontou,44_oita_region.geojson,GAS\sityousontou\44_oita_region.geojson
4420200,sityousontou,44_oita_region.geojson,GAS\sityousontou\44_oita_region.geojson
4420300,sityousontou,44_oita_region.geojson,GAS\sityousontou\44_oita_region.geojson
4420400,sityousontou,44_oita_region.geojson,GAS\sityousontou\44_oita_region.geojson
4420500,sityousontou,44_oita_region.geojson,GAS\sityousontou\44_oita_region.geojson
4420600,sityousontou,44_oita_region.geojson,GAS\sityousontou\44_oita_region.geojson
4420700,sityousontou,44_oita_region.geojson,GAS\sityousontou\44_oita_region.geojson
4420800,sityousontou,44_oita_region.geojson,GAS\sityousontou\44_oita_region.geojson
4420900,sityousontou,44_oita_region.geojson,GAS\sityousontou\44_oita_region.geojson
4421000,sityousontou,44_oita_region.geojson,GAS\sityousontou\44_oita_region.geojson
4421100,sityousontou,44_oita_region.geojson,GAS\sityousontou\44_oita_region.geojson
4421200,sityousontou,44_oita_region.geojson,GAS\sityousontou\44_oita_region.geojson
4421300,sityousontou,44_oita_region.geojson,GAS\sityousontou\44_oita_region.geojson
4421400,sityousontou,44_oita_region.geojson,GAS\sityousontou\44_oita_region.geojson
4432200,sityousontou,44_oita_region.geojson,GAS\sityousontou\44_oita_region.geojson
4434100,sityousontou,44_oita_region.geojson,GAS\sityousontou\44_oita_region.geojson
4446100,sityousontou,44_oita_region.geojson,GAS\sityousontou\44_oita_region.geojson
4446200,sityousontou,44_oita_region.geojson,GAS\sityousontou\44_oita_region.geojson
45,hukenyohoukutou,45_miyazaki_forecast.geojson,GAS\hukenyohoukutou\45_miyazaki_forecast.geojson
450011,1saibun,45_miyazaki_area.geojson,GAS\1saibun\45_miyazaki_area.geojson
450011,sikutyousonnwomatometatiikitou,45_miyazaki_region.geojson,GAS\sikutyousonnwomatometatiikitou\45_miyazaki_region.geojson
450012,1saibun,45_miyazaki_area.geojson,GAS\1saibun\45_miyazaki_area.geojson
450012,sikutyousonnwomatometatiikitou,45_miyazaki_region.geojson,GAS\sikutyousonnwomatometatiikitou\45_miyazaki_region.geojson
450021,1saibun,45_miyazaki_area.geojson,GAS\1saibun\45_miyazaki_area.geojson
450021,sikutyousonnwomatometatiikitou,45_miyazaki_region.geojson,GAS\sikutyousonnwomatometatiikitou\45_miyazaki_region.geojson
450022,1saibun,45_miyazaki_area.geojson,GAS\1saibun\45_miyazaki_area.geojson
450022,sikutyousonnwomatometatiikitou,45_miyazaki_region.geojson,GAS\sikutyousonnwomatometatiikitou\45_miyazaki_region.geojson
450031,1saibun,45_miyazaki_area.geojson,GAS\1saibun\45_miyazaki_area.geojson
450031,sikutyousonnwomatometatiikitou,45_miyazaki_region.geojson,GAS\sikutyousonnwomatometatiikitou\45_miyazaki_region.geojson
450032,1saibun,45_miyazaki_area.geojson,GAS\1saibun\45_miyazaki_area.geojson
450032,sikutyousonnwomatometatiikitou,45_miyazaki_region.geojson,GAS\sikutyousonnwomatometatiikitou\45_miyazaki_region.geojson
450041,1saibun,45_miyazaki_area.geojson,GAS\1saibun\45_miyazaki_area.geojson
450041,sikutyousonnwomatometatiikitou,45_miyazaki_region.geojson,GAS\sikutyousonnwomatometatiikitou\45_miyazaki_region.geojson
450042,1saibun,45_miyazaki_area.geojson,GAS\1saibun\45_miyazaki_area.geojson
450042,sikutyousonnwomatometatiikitou,45_miyazaki_region.geojson,GAS\sikutyousonnwomatometatiikitou\45_miyazaki_region.geojson
4520100,sityousontou,45_miyazaki_region.geojson,GAS\sityousontou\45_miyazaki_region.geojson
4520200,sityousontou,45_miyazaki_region.geojson,GAS\sityousontou\45_miyazaki_region.geojson
4520300,sityousontou,45_miyazaki_region.geojson,GAS\sityousontou\45_miyazaki_region.geojson
4520400,sityousontou,45_miyazaki_region.geojson,GAS\sityousontou\45_miyazaki_region.geojson
4520500,sityousontou,45_miyazaki_region.geojson,GAS\sityousontou\45_miyazaki_region.geojson
4520600,sityousontou,45_miyazaki_region.geojson,GAS\sityousontou\45_miyazaki_region.geojson
4520700,sityousontou,45_miyazaki_region.geojson,GAS\sityousontou\45_miyazaki_region.geojson
4520800,sityousontou,45_miyazaki_region.geojson,GAS\sityousontou\45_miyazaki_region.geojson
4520900,sityousontou,45_miyazaki_region.geojson,GAS\sityousontou\45_miyazaki_region.geojson
4534100,sityousontou,45_miyazaki_region.geojson,GAS\sityousontou\45_miyazaki_region.geojson
4536100,sityousontou,45_miyazaki_region.geojson,GAS\sityousontou\45_miyazaki_region.geojson
4538200,sityousontou,45_miyazaki_region.geojson,GAS\sityousontou\45_miyazaki_region.geojson
4538300,sityousontou,45_miyazaki_region.geojson,GAS\sityousontou\45_miyazaki_region.geojson
4540100,sityousontou,45_miyazaki_region.geojson,GAS\sityousontou\45_miyazaki_region.geojson
4540200,sityousontou,45_miyazaki_region.geojson,GAS\sityousontou\45_miyazaki_region.geojson
4540300,sityousontou,45_miyazaki_region.geojson,GAS\sityousontou\45_miyazaki_region.geojson
4540400,sityousontou,45_miyazaki_region.geojson,GAS\sityousontou\45_miyazaki_region.geojson
4540500,sityousontou,45_miyazaki_region.geojson,GAS\sityousontou\45_miyazaki_region.geojson
4540600,sityousontou,45_miyazaki_region.geojson,GAS\sityousontou\45_miyazaki_region.geojson
4542100,sityousontou,45_miyazaki_region.geojson,GAS\sityousontou\45_miyazaki_region.geojson
4542900,sityousontou,45_miyazaki_region.geojson,GAS\sityousontou\45_miyazaki_region.geojson
4543000,sityousontou,45_miyazaki_region.geojson,GAS\sityousontou\45_miyazaki_region.geojson
4543100,sityousontou,45_miyazaki_region.geojson,GAS\sityousontou\45_miyazaki_region.geojson
4544100,sityousontou,45_miyazaki_region.geojson,GAS\sityousontou\45_miyazaki_region.geojson
4544200,sityousontou,45_miyazaki_region.geojson,GAS\sityousontou\45_miyazaki_region.geojson
4544300,sityousontou,45_miyazaki_region.geojson,GAS\sityousontou\45_miyazaki_region.geojson
46,hukenyohoukutou,46_kagoshima_forecast.geojson,GAS\hukenyohoukutou\46_kagoshima_forecast.geojson
460011,1saibun,46_kagoshima_area.geojson,GAS\1saibun\46_kagoshima_area.geojson
460011,sikutyousonnwomatometatiikitou,46_kagoshima_region.geojson,GAS\sikutyousonnwomatometatiikitou\46_kagoshima_region.geojson
460012,1saibun,46_kagoshima_area.geojson,GAS\1saibun\46_kagoshima_area.geojson
460012,sikutyousonnwomatometatiikitou,46_kagoshima_region.geojson,GAS\sikutyousonnwomatometatiikitou\46_kagoshima_region.geojson
460013,1saibun,46_kagoshima_area.geojson,GAS\1saibun\46_kagoshima_area.geojson
460013,sikutyousonnwomatometatiikitou,46_kagoshima_region.geojson,GAS\sikutyousonnwomatometatiikitou\46_kagoshima_region.geojson
460014,1saibun,46_kagoshima_area.geojson,GAS\1saibun\46_kagoshima_area.geojson
460014,sikutyousonnwomatometatiikitou,46_kagoshima_region.geojson,GAS\sikutyousonnwomatometatiikitou\46_kagoshima_region.geojson
460015,1saibun,46_kagoshima_area.geojson,GAS\1saibun\46_kagoshima_area.geojson
460015,sikutyousonnwomatometatiikitou,46_kagoshima_region.geojson,GAS\sikutyousonnwomatometatiikitou\46_kagoshima_region.geojson
460021,1saibun,46_kagoshima_area.geojson,GAS\1saibun\46_kagoshima_area.geojson
460021,sikutyousonnwomatometatiikitou,46_kagoshima_region.geojson,GAS\sikutyousonnwomatometatiikitou\46_kagoshima_region.geojson
460022,1saibun,46_kagoshima_area.geojson,GAS\1saibun\46_kagoshima_area.geojson
460022,sikutyousonnwomatometatiikitou,46_kagoshima_region.geojson,GAS\sikutyousonnwomatometatiikitou\46_kagoshima_region.geojson
460031,1saibun,46_kagoshima_area.geojson,GAS\1saibun\46_kagoshima_area.geojson
460031,sikutyousonnwomatometatiikitou,46_kagoshima_region.geojson,GAS\sikutyousonnwomatometatiikitou\46_kagoshima_region.geojson
460032,1saibun,46_kagoshima_area.geojson,GAS\1saibun\46_kagoshima_area.geojson
460032,sikutyousonnwomatometatiikitou,46_kagoshima_region.geojson,GAS\sikutyousonnwomatometatiikitou\46_kagoshima_region.geojson
460041,1saibun,46_kagoshima_area.geojson,GAS\1saibun\46_kagoshima_area.geojson
460041,sikutyousonnwomatometatiikitou,46_kagoshima_region.geojson,GAS\sikutyousonnwomatometatiikitou\46_kagoshima_region.geojson
460042,1saibun,46_kagoshima_area.geojson,GAS\1saibun\46_kagoshima_area.geojson
460042,sikutyousonnwomatometatiikitou,46_kagoshima_region.geojson,GAS\sikutyousonnwomatometatiikitou\46_kagoshima_region.geojson
460043,1saibun,46_kagoshima_area.geojson,GAS\1saibun\46_kagoshima_area.geojson
460043,sikutyousonnwomatometatiikitou,46_kagoshima_region.geojson,GAS\sikutyousonnwomatometatiikitou\46_kagoshima_region.geojson
4620100,sityousontou,46_kagoshima_region.geojson,GAS\sityousontou\46_kagoshima_region.geojson
4620300,sityousontou,46_kagoshima_region.geojson,GAS\sityousontou\46_kagoshima_region.geojson
4620400,sityousontou,46_kagoshima_region.geojson,GAS\sityousontou\46_kagoshima_region.geojson
4620600,sityousontou,46_kagoshima_region.geojson,GAS\sityousontou\46_kagoshima_region.geojson
4620800,sityousontou,46_kagoshima_region.geojson,GAS\sityousontou\46_kagoshima_region.geojson
4621000,sityousontou,46_kagoshima_region.geojson,GAS\sityousontou\46_kagoshima_region.geojson
4621300,sityousontou,46_kagoshima_region.geojson,GAS\sityousontou\46_kagoshima_region.geojson
4621400,sityousontou,46_kagoshima_region.geojson,GAS\sityousontou\46_kagoshima_region.geojson
4621501,sityousontou,46_kagoshima_region.geojson,GAS\sityousontou\46_kagoshima_region.geojson
4621502,sityousontou,46_kagoshima_region.geojson,GAS\sityousontou\46_kagoshima_region.geojson
4621600,sityousontou,46_kagoshima_region.geojson,GAS\sityousontou\46_kagoshima_region.geojson
4621700,sityousontou,46_kagoshima_region.geojson,GAS\sityousontou\46_kagoshima_region.geojson
4621800,sityousontou,46_kagoshima_region.geojson,GAS\sityousontou\46_kagoshima_region.geojson
4621900,sityousontou,46_kagoshima_region.geojson,GAS\sityousontou\46_kagoshima_region.geojson
4622000,sityousontou,46_kagoshima_region.geojson,GAS\sityousontou\46_kagoshima_region.geojson
4622100,sityousontou,46_kagoshima_region.geojson,GAS\sityousontou\46_kagoshima_region.geojson
4622200,sityousontou,46_kagoshima_region.geojson,GAS\sityousontou\46_kagoshima_region.geojson
4622300,sityousontou,46_kagoshima_region.geojson,GAS\sityousontou\46_kagoshima_region.geojson
4622400,sityousontou,46_kagoshima_region.geojson,GAS\sityousontou\46_kagoshima_region.geojson
4622500,sityousontou,46_kagoshima_region.geojson,GAS\sityousontou\46_kagoshima_region.geojson
4630300,sityousontou,46_kagoshima_region.geojson,GAS\sityousontou\46_kagoshima_region.geojson
4630400,sityousontou,46_kagoshima_region.geojson,GAS\sityousontou\46_kagoshima_region.geojson
4639200,sityousontou,46_kagoshima_region.geojson,GAS\sityousontou\46_kagoshima_region.geojson
4640400,sityousontou,46_kagoshima_region.geojson,GAS\sityousontou\46_kagoshima_region.geojson
4645200,sityousontou,46_kagoshima_region.geojson,GAS\sityousontou\46_kagoshima_region.geojson
4646800,sityousontou,46_kagoshima_region.geojson,GAS\sityousontou\46_kagoshima_region.geojson
4648200,sityousontou,46_kagoshima_region.geojson,GAS\sityousontou\46_kagoshima_region.geojson
4649000,sityousontou,46_kagoshima_region.geojson,GAS\sityousontou\46_kagoshima_region.geojson
4649100,sityousontou,46_kagoshima_region.geojson,GAS\sityousontou\46_kagoshima_region.geojson
4649200,sityousontou,46_kagoshima_region.geojson,GAS\sityousontou\46_kagoshima_region.geojson
4650100,sityousontou,46_kagoshima_region.geojson,GAS\sityousontou\46_kagoshima_region.geojson
4650200,sityousontou,46_kagoshima_region.geojson,GAS\sityousontou\46_kagoshima_region.geojson
4650500,sityousontou,46_kagoshima_region.geojson,GAS\sityousontou\46_kagoshima_region.geojson
4652300,sityousontou,46_kagoshima_region.geojson,GAS\sityousontou\46_kagoshima_region.geojson
4652400,sityousontou,46_kagoshima_region.geojson,GAS\sityousontou\46_kagoshima_region.geojson
4652500,sityousontou,46_kagoshima_region.geojson,GAS\sityousontou\46_kagoshima_region.geojson
4652700,sityousontou,46_kagoshima_region.geojson,GAS\sityousontou\46_kagoshima_region.geojson
4652900,sityousontou,46_kagoshima_region.geojson,GAS\sityousontou\46_kagoshima_region.geojson
4653000,sityousontou,46_kagoshima_region.geojson,GAS\sityousontou\46_kagoshima_region.geojson
4653100,sityousontou,46_kagoshima_region.geojson,GAS\sityousontou\46_kagoshima_region.geojson
4653200,sityousontou,46_kagoshima_region.geojson,GAS\sityousontou\46_kagoshima_region.geojson
4653300,sityousontou,46_kagoshima_region.geojson,GAS\sityousontou\46_kagoshima_region.geojson
4653400,sityousontou,46_kagoshima_region.geojson,GAS\sityousontou\46_kagoshima_region.geojson
4653500,sityousontou,46_kagoshima_region.geojson,GAS\sityousontou\46_kagoshima_region.geojson
47,hukenyohoukutou,47_okinawa_forecast.geojson,GAS\hukenyohoukutou\47_okinawa_forecast.geojson
471011,1saibun,47_okinawa_area.geojson,GAS\1saibun\47_okinawa_area.geojson
471011,sikutyousonnwomatometatiikitou,47_okinawa_region.geojson,GAS\sikutyousonnwomatometatiikitou\47_okinawa_region.geojson
471012,1saibun,47_okinawa_area.geojson,GAS\1saibun\47_okinawa_area.geojson
471012,sikutyousonnwomatometatiikitou,47_okinawa_region.geojson,GAS\sikutyousonnwomatometatiikitou\47_okinawa_region.geojson
471013,1saibun,47_okinawa_area.geojson,GAS\1saibun\47_okinawa_area.geojson
471013,sikutyousonnwomatometatiikitou,47_okinawa_region.geojson,GAS\sikutyousonnwomatometatiikitou\47_okinawa_region.geojson
471021,1saibun,47_okinawa_area.geojson,GAS\1saibun\47_okinawa_area.geojson
471021,sikutyousonnwomatometatiikitou,47_okinawa_region.geojson,GAS\sikutyousonnwomatometatiikitou\47_okinawa_region.geojson
471022,1saibun,47_okinawa_area.geojson,GAS\1saibun\47_okinawa_area.geojson
471022,sikutyousonnwomatometatiikitou,47_okinawa_region.geojson,GAS\sikutyousonnwomatometatiikitou\47_okinawa_region.geojson
471023,1saibun,47_okinawa_area.geojson,GAS\1saibun\47_okinawa_area.geojson
471023,sikutyousonnwomatometatiikitou,47_okinawa_region.geojson,GAS\sikutyousonnwomatometatiikitou\47_okinawa_region.geojson
471024,1saibun,47_okinawa_area.geojson,GAS\1saibun\47_okinawa_area.geojson
471024,sikutyousonnwomatometatiikitou,47_okinawa_region.geojson,GAS\sikutyousonnwomatometatiikitou\47_okinawa_region.geojson
471030,1saibun,47_okinawa_area.geojson,GAS\1saibun\47_okinawa_area.geojson
471030,sikutyousonnwomatometatiikitou,47_okinawa_region.geojson,GAS\sikutyousonnwomatometatiikitou\47_okinawa_region.geojson
472000,1saibun,47_okinawa_area.geojson,GAS\1saibun\47_okinawa_area.geojson
472000,sikutyousonnwomatometatiikitou,47_okinawa_region.geojson,GAS\sikutyousonnwomatometatiikitou\47_okinawa_region.geojson
4720100,sityousontou,47_okinawa_region.geojson,GAS\sityousontou\47_okinawa_region.geojson
4720500,sityousontou,47_okinawa_region.geojson,GAS\sityousontou\47_okinawa_region.geojson
4720700,sityousontou,47_okinawa_region.geojson,GAS\sityousontou\47_okinawa_region.geojson
4720800,sityousontou,47_okinawa_region.geojson,GAS\sityousontou\47_okinawa_region.geojson
4720900,sityousontou,47_okinawa_region.geojson,GAS\sityousontou\47_okinawa_region.geojson
4721000,sityousontou,47_okinawa_region.geojson,GAS\sityousontou\47_okinawa_region.geojson
4721100,sityousontou,47_okinawa_region.geojson,GAS\sityousontou\47_okinawa_region.geojson
4721200,sityousontou,47_okinawa_region.geojson,GAS\sityousontou\47_okinawa_region.geojson
4721300,sityousontou,47_okinawa_region.geojson,GAS\sityousontou\47_okinawa_region.geojson
4721400,sityousontou,47_okinawa_region.geojson,GAS\sityousontou\47_okinawa_region.geojson
4721500,sityousontou,47_okinawa_region.geojson,GAS\sityousontou\47_okinawa_region.geojson
473001,1saibun,47_okinawa_area.geojson,GAS\1saibun\47_okinawa_area.geojson
473001,sikutyousonnwomatometatiikitou,47_okinawa_region.geojson,GAS\sikutyousonnwomatometatiikitou\47_okinawa_region.geojson
473002,1saibun,47_okinawa_area.geojson,GAS\1saibun\47_okinawa_area.geojson
473002,sikutyousonnwomatometatiikitou,47_okinawa_region.geojson,GAS\sikutyousonnwomatometatiikitou\47_okinawa_region.geojson
4730100,sityousontou,47_okinawa_region.geojson,GAS\sityousontou\47_okinawa_region.geojson
4730200,sityousontou,47_okinawa_region.geojson,GAS\sityousontou\47_okinawa_region.geojson
4730300,sityousontou,47_okinawa_region.geojson,GAS\sityousontou\47_okinawa_region.geojson
4730600,sityousontou,47_okinawa_region.geojson,GAS\sityousontou\47_okinawa_region.geojson
4730800,sityousontou,47_okinawa_region.geojson,GAS\sityousontou\47_okinawa_region.geojson
4731100,sityousontou,47_okinawa_region.geojson,GAS\sityousontou\47_okinawa_region.geojson
4731300,sityousontou,47_okinawa_region.geojson,GAS\sityousontou\47_okinawa_region.geojson
4731400,sityousontou,47_okinawa_region.geojson,GAS\sityousontou\47_okinawa_region.geojson
4731500,sityousontou,47_okinawa_region.geojson,GAS\sityousontou\47_okinawa_region.geojson
4732400,sityousontou,47_okinawa_region.geojson,GAS\sityousontou\47_okinawa_region.geojson
4732500,sityousontou,47_okinawa_region.geojson,GAS\sityousontou\47_okinawa_region.geojson
4732600,sityousontou,47_okinawa_region.geojson,GAS\sityousontou\47_okinawa_region.geojson
4732700,sityousontou,47_okinawa_region.geojson,GAS\sityousontou\47_okinawa_region.geojson
4732800,sityousontou,47_okinawa_region.geojson,GAS\sityousontou\47_okinawa_region.geojson
4732900,sityousontou,47_okinawa_region.geojson,GAS\sityousontou\47_okinawa_region.geojson
4734800,sityousontou,47_okinawa_region.geojson,GAS\sityousontou\47_okinawa_region.geojson
4735000,sityousontou,47_okinawa_region.geojson,GAS\sityousontou\47_okinawa_region.geojson
4735300,sityousontou,47_okinawa_region.geojson,GAS\sityousontou\47_okinawa_region.geojson
4735400,sityousontou,47_okinawa_region.geojson,GAS\sityousontou\47_okinawa_region.geojson
4735500,sityousontou,47_okinawa_region.geojson,GAS\sityousontou\47_okinawa_region.geojson
4735600,sityousontou,47_okinawa_region.geojson,GAS\sityousontou\47_okinawa_region.geojson
4735700,sityousontou,47_okinawa_region.geojson,GAS\sityousontou\47_okinawa_region.geojson
4735800,sityousontou,47_okinawa_region.geojson,GAS\sityousontou\47_okinawa_region.geojson
4735900,sityousontou,47_okinawa_region.geojson,GAS\sityousontou\47_okinawa_region.geojson
4736000,sityousontou,47_okinawa_region.geojson,GAS\sityousontou\47_okinawa_region.geojson
4736100,sityousontou,47_okinawa_region.geojson,GAS\sityousontou\47_okinawa_region.geojson
4736200,sityousontou,47_okinawa_region.geojson,GAS\sityousontou\47_okinawa_region.geojson
4737500,sityousontou,47_okinawa_region.geojson,GAS\sityousontou\47_okinawa_region.geojson
4738100,sityousontou,47_okinawa_region.geojson,GAS\sityousontou\47_okinawa_region.geojson
4738200,sityousontou,47_okinawa_region.geojson,GAS\sityousontou\47_okinawa_region.geojson
474011,1saibun,47_okinawa_area.geojson,GAS\1saibun\47_okinawa_area.geojson
474011,sikutyousonnwomatometatiikitou,47_okinawa_region.geojson,GAS\sikutyousonnwomatometatiikitou\47_okinawa_region.geojson
474012,1saibun,47_okinawa_area.geojson,GAS\1saibun\47_okinawa_area.geojson
474012,sikutyousonnwomatometatiikitou,47_okinawa_region.geojson,GAS\sikutyousonnwomatometatiikitou\47_okinawa_region.geojson
474020,1saibun,47_okinawa_area.geojson,GAS\1saibun\47_okinawa_area.geojson
474020,sikutyousonnwomatometatiikitou,47_okinawa_region.geojson,GAS\sikutyousonnwomatometatiikitou\47_okinawa_region.geojson
