{
"type": "FeatureCollection",
"name": "05_akita_region",
"crs": { "type": "name", "properties": { "name": "urn:ogc:def:crs:OGC:1.3:CRS84" } },
"features": [
{ "type": "Feature", "properties": { "regioncode": "0520100", "regionname": "秋田県秋田市", "name": "秋田市", "namekana": "あきたし", "PrefCode": "05" }, "geometry": { "type": "MultiPolygon", "coordinates": [ [ [ [ 140.012847406282845, 39.774743567961366 ], [ 140.015287341637531, 39.772345855776678 ], [ 140.021408638298112, 39.768184838359673 ], [ 140.021902917385773, 39.768440973372265 ], [ 140.021523333335267, 39.768105081084684 ], [ 140.024020895448075, 39.766397944809341 ], [ 140.024523645250042, 39.766657170791859 ], [ 140.024141633929275, 39.766316468030652 ], [ 140.026660220392955, 39.764611332746881 ], [ 140.027156808939594, 39.764878053679297 ], [ 140.026775446929378, 39.764533358827521 ], [ 140.03279730195402, 39.760395506147745 ], [ 140.038417172614459, 39.759143890877908 ], [ 140.038826498144431, 39.758432135934356 ], [ 140.038372282954583, 39.759063198308013 ], [ 140.032714694727474, 39.760322775275938 ], [ 140.015131555676817, 39.772203702638819 ], [ 140.011496043607622, 39.77569255866473 ], [ 140.011730000439229, 39.775837613015483 ], [ 140.012860843053545, 39.774752134903167 ], [ 140.012847406282845, 39.774743567961366 ] ] ], [ [ [ 140.010549026916124, 39.775964358968054 ], [ 140.010728028875519, 39.775401324011966 ], [ 140.010464149800782, 39.775367387195217 ], [ 140.009867070109294, 39.776963288125273 ], [ 140.009025603249029, 39.778150153107106 ], [ 140.004764733205889, 39.782245225037173 ], [ 140.004991724788283, 39.782388261309279 ], [ 140.009095292613779, 39.778394838850772 ], [ 140.010512568400372, 39.776074891942756 ], [ 140.010549026916124, 39.775964358968054 ] ] ], [ [ [ 140.033036900232787, 39.790313928045407 ], [ 140.023977924941391, 39.788438927914228 ], [ 140.020482386952608, 39.781546270144304 ], [ 140.023865849629374, 39.78852821620427 ], [ 140.032937160022016, 39.790336296882629 ], [ 140.032606860618216, 39.791624757376724 ], [ 140.033046562548861, 39.790315703307101 ], [ 140.033036900232787, 39.790313928045407 ] ] ], [ [ [ 140.209383411615249, 39.863668081316973 ], [ 140.212203968838139, 39.864174467977364 ], [ 140.213262049104401, 39.862842801354248 ], [ 140.21480538286221, 39.86276917116038 ], [ 140.215912049001872, 39.863141946443704 ], [ 140.217602360760452, 39.862966945568132 ], [ 140.219785136774703, 39.86250638656054 ], [ 140.220430143136696, 39.861696386978736 ], [ 140.222611284183472, 39.861098586030948 ], [ 140.222722113934424, 39.860415532051206 ], [ 140.222220195105933, 39.859030532033501 ], [ 140.222844916359918, 39.857565531923797 ], [ 140.222291024811057, 39.856333585726475 ], [ 140.222600219824358, 39.85510719823867 ], [ 140.226585810986421, 39.853549414174154 ], [ 140.226643307342783, 39.852749135364377 ], [ 140.22715108885177, 39.852453279095585 ], [ 140.22707555209513, 39.851700505174222 ], [ 140.227845550731672, 39.850198279427104 ], [ 140.228491970827804, 39.849176612710551 ], [ 140.231390894973856, 39.846651053803157 ], [ 140.231238949118278, 39.845975504665887 ], [ 140.232531750639851, 39.844729919350357 ], [ 140.232280362248957, 39.843477973130007 ], [ 140.233285383413772, 39.842747414261794 ], [ 140.233787613407685, 39.841561026819988 ], [ 140.235442360576599, 39.84047853175889 ], [ 140.237039300223614, 39.840157972912152 ], [ 140.237554033491961, 39.839232135254917 ], [ 140.239305446988851, 39.838979081319621 ], [ 140.239268780729731, 39.837167945644239 ], [ 140.241271855112132, 39.836097107595492 ], [ 140.241057418964829, 39.834854332661394 ], [ 140.242194941743264, 39.833833505012308 ], [ 140.242392724244837, 39.832974611988789 ], [ 140.242998559735838, 39.832573775159631 ], [ 140.243023307279827, 39.831829613146169 ], [ 140.245780245561946, 39.831009053724927 ], [ 140.245687496680716, 39.82935374807704 ], [ 140.249138080258263, 39.828932081150697 ], [ 140.25072085558304, 39.827567639634935 ], [ 140.253729221826234, 39.827921252164117 ], [ 140.255415057658865, 39.829188747662613 ], [ 140.256585616133293, 39.82898180106929 ], [ 140.258454773369181, 39.82990538682418 ], [ 140.26022172535238, 39.830179278950595 ], [ 140.261948974965321, 39.829119559220317 ], [ 140.263767587604093, 39.829714000300953 ], [ 140.264997860163135, 39.829331224556427 ], [ 140.265156497874159, 39.828352891672637 ], [ 140.26628455259015, 39.827677892021143 ], [ 140.270154578171287, 39.827037586415543 ], [ 140.273770999432145, 39.827377864696757 ], [ 140.274751530258982, 39.829004532333329 ], [ 140.277564034052943, 39.830040080984986 ], [ 140.278288196942754, 39.832222026925081 ], [ 140.27950347600472, 39.832733973194365 ], [ 140.281913748121042, 39.834989532241195 ], [ 140.283124305742149, 39.834212026963542 ], [ 140.286406278127288, 39.83308672057575 ], [ 140.28729797662038, 39.832183386654037 ], [ 140.287499636998746, 39.831189506290741 ], [ 140.28792046665626, 39.83080838709742 ], [ 140.290649921656609, 39.831011721114066 ], [ 140.292462437791301, 39.830496171261359 ], [ 140.294949948181625, 39.832220053812478 ], [ 140.296461607817037, 39.832946440725721 ], [ 140.297842165183852, 39.833106440909546 ], [ 140.30000830104234, 39.83253641372454 ], [ 140.301446354765517, 39.831491136207035 ], [ 140.303272218638085, 39.831276135285464 ], [ 140.306544475647115, 39.830064747590086 ], [ 140.307589494159856, 39.828483639608351 ], [ 140.307828664361409, 39.827810864879552 ], [ 140.307660337354719, 39.827233919210073 ], [ 140.309620636383329, 39.825626134638469 ], [ 140.309740078042182, 39.825091386058659 ], [ 140.308979804674323, 39.824205838029059 ], [ 140.308751750992542, 39.82339138680311 ], [ 140.310748197371481, 39.820501386629758 ], [ 140.308571245366693, 39.818074171286014 ], [ 140.308641802577199, 39.816738892086278 ], [ 140.311257665109224, 39.815374440677942 ], [ 140.311878521976269, 39.814001107565105 ], [ 140.313575188344316, 39.813171386750128 ], [ 140.312989663142503, 39.810728613135041 ], [ 140.313204694641058, 39.809207748039171 ], [ 140.314387755490543, 39.80752080244315 ], [ 140.313745837400575, 39.803866640233309 ], [ 140.312883333599075, 39.802701919258197 ], [ 140.312560584003791, 39.801011639875355 ], [ 140.31072141376228, 39.798218027240239 ], [ 140.310962826873038, 39.798137748358442 ], [ 140.310928105847438, 39.797181359831939 ], [ 140.314455356629423, 39.796930802414636 ], [ 140.316394838151268, 39.796210504811029 ], [ 140.318568443778759, 39.796148000130131 ], [ 140.321053190552334, 39.796634666456725 ], [ 140.32164569359395, 39.797412170835059 ], [ 140.325577911791243, 39.799969107987977 ], [ 140.330357107894315, 39.800878837888092 ], [ 140.336247664598091, 39.804147413072712 ], [ 140.338624917206175, 39.804064640370882 ], [ 140.340168806745055, 39.80445769356777 ], [ 140.341052698223507, 39.805604640341926 ], [ 140.342924915852223, 39.806526585733423 ], [ 140.344931582126833, 39.808361027339572 ], [ 140.347834358069235, 39.809808801834777 ], [ 140.349136031402736, 39.811477413851605 ], [ 140.348407108401375, 39.812805198101444 ], [ 140.348657664919415, 39.813533532046904 ], [ 140.347987664599145, 39.814155747789584 ], [ 140.347785422359379, 39.815100467612524 ], [ 140.346565965946638, 39.816385224698422 ], [ 140.347777612646723, 39.818996891893107 ], [ 140.351769274232652, 39.821346892345275 ], [ 140.35340094659648, 39.824042720794978 ], [ 140.355231777424706, 39.825439946196639 ], [ 140.355811218712802, 39.826330775045278 ], [ 140.359445110203751, 39.827288278731146 ], [ 140.362419300410465, 39.827343837947808 ], [ 140.363578197376, 39.827887972751796 ], [ 140.366397328274161, 39.831332170243513 ], [ 140.370673449919877, 39.833327720897671 ], [ 140.370821505308299, 39.834192720317844 ], [ 140.372512891756628, 39.835959945694981 ], [ 140.375460142771431, 39.835678278929493 ], [ 140.377809610824897, 39.834664919250656 ], [ 140.378334890442943, 39.834056586342456 ], [ 140.37910795217033, 39.833910198297076 ], [ 140.38001267194727, 39.8339551976743 ], [ 140.382142969822212, 39.834822413923291 ], [ 140.38456491603813, 39.83457491869757 ], [ 140.386097134175429, 39.835036585669968 ], [ 140.388402438321918, 39.834608801555021 ], [ 140.390693281369863, 39.835036865359086 ], [ 140.39280885914161, 39.834327107809827 ], [ 140.394297223637977, 39.833178505383785 ], [ 140.400781920149598, 39.834852080758992 ], [ 140.40176002640419, 39.833758505150968 ], [ 140.401530310775343, 39.832432387344852 ], [ 140.402387561636715, 39.830683748256433 ], [ 140.404138145059392, 39.829017080573863 ], [ 140.408894838326205, 39.828420387590882 ], [ 140.410178715875077, 39.827913440652821 ], [ 140.416627366659668, 39.828702333146225 ], [ 140.418670168593508, 39.826934251614489 ], [ 140.420406278327164, 39.82653980177048 ], [ 140.423017976998153, 39.825402585660868 ], [ 140.424433527885071, 39.825019505046157 ], [ 140.427745227360447, 39.825188946312892 ], [ 140.428868833130196, 39.82460310814696 ], [ 140.430021335915967, 39.824580613404635 ], [ 140.430791089037598, 39.824085613060674 ], [ 140.430984422593042, 39.822643640991316 ], [ 140.431932774777806, 39.821877801719211 ], [ 140.431232503277442, 39.820267251732332 ], [ 140.432049728012657, 39.819636693878351 ], [ 140.43368360641341, 39.820019748412733 ], [ 140.435201115239352, 39.820943360247952 ], [ 140.439753060755265, 39.821990838406521 ], [ 140.443050310823196, 39.822294999015071 ], [ 140.444597250862557, 39.822137224653261 ], [ 140.446376977715431, 39.822813054379026 ], [ 140.448259195805349, 39.822936918903736 ], [ 140.449178365888883, 39.823781640410402 ], [ 140.451191699737251, 39.823973026933686 ], [ 140.452081699410996, 39.824468865445851 ], [ 140.456196161623666, 39.823421053638754 ], [ 140.457961725053678, 39.823950505211712 ], [ 140.459070338225615, 39.823792999747184 ], [ 140.459727004297861, 39.823162440993883 ], [ 140.459873112654122, 39.822464108431916 ], [ 140.458910363222799, 39.820741054156372 ], [ 140.458939532733325, 39.819986333202792 ], [ 140.460792632573998, 39.815177413606818 ], [ 140.465301309907545, 39.812350721208873 ], [ 140.466264112398903, 39.810976558921084 ], [ 140.467241608013865, 39.810300972911648 ], [ 140.467416912860358, 39.807980972943596 ], [ 140.46851108921544, 39.807699306178108 ], [ 140.470977249700354, 39.805356774595509 ], [ 140.471183645009319, 39.803864559202111 ], [ 140.471881997356377, 39.802304838897271 ], [ 140.471457563216063, 39.801133999834292 ], [ 140.472538690408328, 39.800457892217992 ], [ 140.473355641749549, 39.799095081173107 ], [ 140.474493722107695, 39.798520640115498 ], [ 140.474683722775694, 39.797180359785841 ], [ 140.474450116679577, 39.796448414163024 ], [ 140.474946251968049, 39.795727585959355 ], [ 140.476650142590074, 39.795971197912479 ], [ 140.477905965787727, 39.795674223786477 ], [ 140.480374033734734, 39.796527279310567 ], [ 140.480675446914461, 39.795497559165085 ], [ 140.483506004598553, 39.794410613359162 ], [ 140.484228249234434, 39.792963359571445 ], [ 140.48410411221505, 39.791081973354437 ], [ 140.484439947845431, 39.789921694130953 ], [ 140.485672995712207, 39.789465585868129 ], [ 140.486212749918536, 39.788614468383059 ], [ 140.486854968382204, 39.788270838328572 ], [ 140.487606394219824, 39.785083613118331 ], [ 140.490430609884811, 39.781923586104654 ], [ 140.490073114082975, 39.780735251630631 ], [ 140.492969831292726, 39.777710505135758 ], [ 140.494275667587999, 39.777406332836051 ], [ 140.495421504598767, 39.776527440688881 ], [ 140.496752360033497, 39.776424107686466 ], [ 140.496892632688969, 39.775064080942627 ], [ 140.497956834640263, 39.773725197260092 ], [ 140.50165464184829, 39.772092666943081 ], [ 140.503942140317577, 39.771656000224311 ], [ 140.504620506131573, 39.769957108034134 ], [ 140.506296057317286, 39.768971532010653 ], [ 140.506283306729301, 39.767909027080009 ], [ 140.507620558142321, 39.764156532098355 ], [ 140.507214747162948, 39.762195694375862 ], [ 140.507441698275784, 39.761179559389234 ], [ 140.509463696192711, 39.755958135159858 ], [ 140.510182048562797, 39.754665080928817 ], [ 140.512323450367035, 39.753730640356821 ], [ 140.512797637700828, 39.751483667137563 ], [ 140.513398781428691, 39.750666170807165 ], [ 140.515172671681512, 39.749925053898153 ], [ 140.51560769084233, 39.747913107703823 ], [ 140.513913799782131, 39.745910892173981 ], [ 140.511358274564827, 39.744337837621174 ], [ 140.510271335953462, 39.741964505157853 ], [ 140.508739416390995, 39.740574774706147 ], [ 140.508808612027906, 39.737728639864883 ], [ 140.510458339181127, 39.736233918960238 ], [ 140.509011141151291, 39.734618360648881 ], [ 140.509138638037825, 39.733599468340856 ], [ 140.508791724558478, 39.732495585602862 ], [ 140.508091997147972, 39.73185641404234 ], [ 140.508000052260627, 39.731101414298905 ], [ 140.506965330985281, 39.730256693691501 ], [ 140.507104226778665, 39.729376386910758 ], [ 140.504947004101041, 39.728688080890265 ], [ 140.503200635800795, 39.726216973234784 ], [ 140.501147860385458, 39.725738080647943 ], [ 140.499239804773197, 39.724611972964226 ], [ 140.497529532561998, 39.724463359996093 ], [ 140.496168690133004, 39.723623359930173 ], [ 140.491833968662831, 39.723486170150693 ], [ 140.490780078338048, 39.722250332586839 ], [ 140.486861478574497, 39.720578107094013 ], [ 140.48623455218285, 39.719228945959117 ], [ 140.483261776609766, 39.717543108327845 ], [ 140.481297613194329, 39.716953386889372 ], [ 140.480570660607555, 39.717058666924004 ], [ 140.476931776979995, 39.715549802381531 ], [ 140.474898145433144, 39.716939531933917 ], [ 140.472843994954474, 39.71494425197568 ], [ 140.471090922208305, 39.714853135363967 ], [ 140.465827056273724, 39.712555918820669 ], [ 140.465299558927541, 39.71199397294356 ], [ 140.463054280031088, 39.710975387304359 ], [ 140.461240117237708, 39.711365107613688 ], [ 140.460481777412156, 39.711221225079498 ], [ 140.457401218991095, 39.709359278607849 ], [ 140.45544705603686, 39.708930667116647 ], [ 140.454365939636432, 39.708066774761903 ], [ 140.451629558957052, 39.707975414433861 ], [ 140.447119830315955, 39.705136801522201 ], [ 140.444703450004226, 39.704498747819002 ], [ 140.443757885717901, 39.705341532186026 ], [ 140.442368975447948, 39.705650720904089 ], [ 140.439996472159578, 39.705580440684855 ], [ 140.438060078010267, 39.706458504556394 ], [ 140.436732580644161, 39.706163505341578 ], [ 140.432286719156878, 39.707483252350244 ], [ 140.432359196419839, 39.708340198341546 ], [ 140.431604746162179, 39.708937135040799 ], [ 140.431804747291267, 39.709611864895692 ], [ 140.430896692828128, 39.710468559976107 ], [ 140.427360271659268, 39.711444945827623 ], [ 140.42695108912153, 39.712554666964365 ], [ 140.425377755778868, 39.713447747715463 ], [ 140.423423306840164, 39.713588026666173 ], [ 140.42254717291371, 39.714351361326294 ], [ 140.421332167245737, 39.714424135365618 ], [ 140.420522995939564, 39.714999973070348 ], [ 140.418840778079471, 39.715034441386422 ], [ 140.41804966336133, 39.714444171361492 ], [ 140.416713554087323, 39.714071945563887 ], [ 140.414604642989957, 39.71473222511213 ], [ 140.414168248765691, 39.714507505217227 ], [ 140.412631336167351, 39.711950559071113 ], [ 140.411004384344892, 39.711374440777888 ], [ 140.409177173287958, 39.710039720956388 ], [ 140.408169416385476, 39.707819999893161 ], [ 140.406987470695299, 39.706857504969946 ], [ 140.40232496792305, 39.70516361301037 ], [ 140.400610504870997, 39.706090306822261 ], [ 140.39923411226448, 39.706357532274353 ], [ 140.398052438169543, 39.705472531931832 ], [ 140.395406614723584, 39.706013359928647 ], [ 140.395715771965342, 39.705310585615109 ], [ 140.395333838885676, 39.704411694344287 ], [ 140.395422191880698, 39.702176414110284 ], [ 140.394971361739067, 39.70122253199429 ], [ 140.393614423267081, 39.701030586092713 ], [ 140.392642477368554, 39.699935585958599 ], [ 140.389552724278815, 39.700703386652037 ], [ 140.387573838961544, 39.699179224641568 ], [ 140.385510778000025, 39.699229774634432 ], [ 140.3847460565853, 39.69812144205099 ], [ 140.383190219553057, 39.696881170829442 ], [ 140.382944942055474, 39.69628394634708 ], [ 140.381126886996299, 39.696255891096541 ], [ 140.377427976320064, 39.695342586391291 ], [ 140.375400752442829, 39.694647027338476 ], [ 140.373219078997408, 39.693136467573993 ], [ 140.372346588224559, 39.692911467989916 ], [ 140.370498223314371, 39.693740640218437 ], [ 140.367545446864938, 39.693658720973247 ], [ 140.364010389068312, 39.695151504738192 ], [ 140.361698170933892, 39.695454586160281 ], [ 140.360772049090883, 39.694669306243554 ], [ 140.358973138799342, 39.694567359995744 ], [ 140.357570636175979, 39.693451251873853 ], [ 140.357237612725726, 39.692192081399469 ], [ 140.355867030639047, 39.692392918898122 ], [ 140.354782022872087, 39.692135414218058 ], [ 140.353411751051567, 39.690913197785903 ], [ 140.352400921165668, 39.690921252114151 ], [ 140.351511997081047, 39.69207072058731 ], [ 140.350660052219723, 39.691436837939762 ], [ 140.347707275770176, 39.691290171104583 ], [ 140.347014501018521, 39.689344891653491 ], [ 140.347120610227989, 39.688286000198786 ], [ 140.346135888560525, 39.687419613124689 ], [ 140.346061751148909, 39.686708225104553 ], [ 140.344913696410003, 39.685992945717942 ], [ 140.343426718668184, 39.68600517110184 ], [ 140.343093696117194, 39.684410999568001 ], [ 140.342352866091915, 39.684116559731478 ], [ 140.342151750702783, 39.683650441114992 ], [ 140.342421478968163, 39.6825307213158 ], [ 140.342246744291856, 39.681394331683123 ], [ 140.342993165402277, 39.680332107340917 ], [ 140.342723164642393, 39.679620999909275 ], [ 140.343469027273841, 39.676735414507846 ], [ 140.342797367704406, 39.675758748067835 ], [ 140.341791803349111, 39.675031252290523 ], [ 140.340014034320347, 39.675660721065469 ], [ 140.339320946604516, 39.676376279241936 ], [ 140.338257328313148, 39.676454054411124 ], [ 140.336643138769887, 39.678760441341353 ], [ 140.33596591419564, 39.678932414199608 ], [ 140.334362282693291, 39.680408531728403 ], [ 140.33197033696149, 39.679226586038169 ], [ 140.331001970364696, 39.679676586105643 ], [ 140.329864474565966, 39.679587695315945 ], [ 140.329774474912142, 39.680368801479062 ], [ 140.327118053855202, 39.680049945948326 ], [ 140.326573061097974, 39.679277171104616 ], [ 140.325255253027535, 39.680643000274301 ], [ 140.323419440854536, 39.678423837689991 ], [ 140.322303061137404, 39.676338558977363 ], [ 140.321535836909447, 39.676068837906598 ], [ 140.320091088632921, 39.676960225234268 ], [ 140.319429442115165, 39.675704946126416 ], [ 140.319424163094709, 39.674682999720687 ], [ 140.317249416227696, 39.674806359725778 ], [ 140.316413606103083, 39.673702467994531 ], [ 140.314953306749771, 39.67362553189281 ], [ 140.314561634012307, 39.672672747849106 ], [ 140.311762477056732, 39.67321691862594 ], [ 140.310984694787862, 39.672514135319147 ], [ 140.310910803790648, 39.671278865227521 ], [ 140.310259974318456, 39.670486080468265 ], [ 140.309286083186294, 39.669974973266449 ], [ 140.308016353771791, 39.670114171232058 ], [ 140.307271920163089, 39.668616360256863 ], [ 140.306679973801806, 39.668243612852507 ], [ 140.306607197963899, 39.667406639904584 ], [ 140.308810558560481, 39.666197198342104 ], [ 140.308701944739028, 39.665398864765848 ], [ 140.307573360322408, 39.66398886539389 ], [ 140.307874747421693, 39.662027468293104 ], [ 140.308731167309588, 39.66046636033434 ], [ 140.307757276177426, 39.659338305618348 ], [ 140.308868689838278, 39.657368559211704 ], [ 140.310325667995244, 39.655626054398965 ], [ 140.309952606727506, 39.654289107856073 ], [ 140.310035109632622, 39.653128558835988 ], [ 140.310599585302725, 39.652337441419832 ], [ 140.310499611268142, 39.649895225384398 ], [ 140.309652943628521, 39.64908577528837 ], [ 140.309047108137634, 39.647600505359094 ], [ 140.307130973016001, 39.64800966721242 ], [ 140.30518263317208, 39.648000504919423 ], [ 140.302472608024459, 39.648718838403738 ], [ 140.300852333668331, 39.647290802228781 ], [ 140.299950946778836, 39.64783635976022 ], [ 140.298985940049192, 39.647799973190274 ], [ 140.29528505895837, 39.648805251561157 ], [ 140.2947753313166, 39.649305558804542 ], [ 140.295002827418671, 39.64995138804619 ], [ 140.293790311074076, 39.652478054019014 ], [ 140.294008637688535, 39.653232774972651 ], [ 140.29220194556342, 39.655438891991309 ], [ 140.291081946074996, 39.655020585831437 ], [ 140.290412477254108, 39.655228359801015 ], [ 140.290076083144754, 39.654773640091491 ], [ 140.289001634318083, 39.654928360355598 ], [ 140.286058029154788, 39.654006973443131 ], [ 140.281718275078447, 39.653979504550534 ], [ 140.280643838842138, 39.653133944875719 ], [ 140.279505745893516, 39.653552000124762 ], [ 140.278052411789417, 39.653469223825653 ], [ 140.276796031012054, 39.65420619755804 ], [ 140.272412671507595, 39.653830359183758 ], [ 140.270828781023511, 39.653512027058468 ], [ 140.270901555962155, 39.65271146766014 ], [ 140.269866278006361, 39.651528135215301 ], [ 140.267025966275355, 39.651628171303116 ], [ 140.26593347614903, 39.652364838366623 ], [ 140.265532918109784, 39.652055387046516 ], [ 140.265250700059823, 39.65164622519319 ], [ 140.26834766481295, 39.649621468156283 ], [ 140.269905746553036, 39.646758694058519 ], [ 140.269887716944595, 39.645840080655262 ], [ 140.269057444845316, 39.6448973060659 ], [ 140.267063799854554, 39.644224250748607 ], [ 140.267373554246205, 39.643633135360972 ], [ 140.26833383863584, 39.643320918625534 ], [ 140.269053838563877, 39.641925613276499 ], [ 140.271311920208973, 39.640297558885266 ], [ 140.271530272004497, 39.639760892950903 ], [ 140.271332502992664, 39.638288946477758 ], [ 140.272982217555409, 39.638529504333235 ], [ 140.27442975373026, 39.638138080707904 ], [ 140.275312801644532, 39.639093360370339 ], [ 140.276700584164701, 39.638431134689142 ], [ 140.277410583631649, 39.638603918735896 ], [ 140.278294746705228, 39.640109197681397 ], [ 140.278012528655381, 39.641336972823069 ], [ 140.278904475361287, 39.641691412728562 ], [ 140.279796693662547, 39.641764197559723 ], [ 140.280008637788455, 39.641243080903507 ], [ 140.281738392013267, 39.640396972642236 ], [ 140.284490053073569, 39.640480559230468 ], [ 140.285020078413936, 39.639413054069223 ], [ 140.284765357135598, 39.63829417063954 ], [ 140.285704279928609, 39.637143892776464 ], [ 140.285613721795926, 39.635797774947434 ], [ 140.285166783020713, 39.634927504600682 ], [ 140.285512607420969, 39.634190531767672 ], [ 140.284920699730606, 39.632020251833183 ], [ 140.28515708203372, 39.63179302732641 ], [ 140.285039028028791, 39.631083586338491 ], [ 140.284456523649737, 39.630938026568742 ], [ 140.284092360274258, 39.630419413625077 ], [ 140.284090972620334, 39.629668585836612 ], [ 140.283426252219783, 39.629031918888018 ], [ 140.282816004654933, 39.626586639761683 ], [ 140.284181855408406, 39.625149694003255 ], [ 140.282175719733686, 39.624118864993704 ], [ 140.281966303602076, 39.623582467956567 ], [ 140.281228807363618, 39.623127748247043 ], [ 140.28079182858005, 39.623100251475478 ], [ 140.278674616740204, 39.624335802155599 ], [ 140.277509300413953, 39.624508613182002 ], [ 140.276052917608126, 39.624144721401819 ], [ 140.276353476431836, 39.622835000035252 ], [ 140.277492386864196, 39.621948026580242 ], [ 140.277738222840753, 39.620684134665112 ], [ 140.277492385964933, 39.62014746783143 ], [ 140.277637691226573, 39.619014973162507 ], [ 140.27704630424364, 39.618405802086158 ], [ 140.276925499212439, 39.615723027295928 ], [ 140.27551466886689, 39.615031640198083 ], [ 140.273089389763641, 39.612998585116657 ], [ 140.27176907887997, 39.612389135250453 ], [ 140.270373839181389, 39.610309414348023 ], [ 140.268221024980335, 39.610352748180844 ], [ 140.267556588765615, 39.609852467017788 ], [ 140.266162724130481, 39.607290802128887 ], [ 140.266481335944945, 39.606799694050665 ], [ 140.266983865413067, 39.603600801935499 ], [ 140.267493579565098, 39.603218585569323 ], [ 140.268186393887049, 39.601794134991394 ], [ 140.265488339615217, 39.599908585812614 ], [ 140.266043606227527, 39.599344973491782 ], [ 140.266280557801565, 39.598056360112992 ], [ 140.26471444871288, 39.597383304795756 ], [ 140.26445975531351, 39.596419414124739 ], [ 140.262971945698837, 39.595640801781656 ], [ 140.262580584126681, 39.594576640299749 ], [ 140.261970583875382, 39.594131081084583 ], [ 140.257777224139659, 39.593218586668513 ], [ 140.257267496497775, 39.592563891910117 ], [ 140.257147223865331, 39.591710802211821 ], [ 140.256218611799568, 39.591210558820308 ], [ 140.255954747113947, 39.589173332683231 ], [ 140.254633644826868, 39.58841194595459 ], [ 140.254760855728932, 39.587802505081584 ], [ 140.254387807951048, 39.586565838342835 ], [ 140.255829494035993, 39.585361360138734 ], [ 140.254833411232994, 39.583373585922288 ], [ 140.255422308892548, 39.582601919043384 ], [ 140.254972891585794, 39.581934640970928 ], [ 140.255393164562975, 39.580422748411138 ], [ 140.25606204882456, 39.579504973176029 ], [ 140.25617596594816, 39.578007198173736 ], [ 140.254622916814242, 39.576526081313659 ], [ 140.254172360965754, 39.575202747808589 ], [ 140.250888715841597, 39.575601946972313 ], [ 140.249476496942862, 39.575045000426485 ], [ 140.249207639221254, 39.573806107865664 ], [ 140.248437082105738, 39.573349720813042 ], [ 140.246305668172113, 39.573036945598631 ], [ 140.244657327773552, 39.57369555870315 ], [ 140.243487030102415, 39.573151946405233 ], [ 140.242493721708001, 39.57162808117107 ], [ 140.241082892261716, 39.570562252346122 ], [ 140.241268170589706, 39.568786414161764 ], [ 140.241909299974282, 39.567857505319694 ], [ 140.24148180274301, 39.567291972946236 ], [ 140.239650416133827, 39.566446972649715 ], [ 140.240083475671895, 39.565711694139452 ], [ 140.239962087880144, 39.565053640413225 ], [ 140.240644331570707, 39.564359198318414 ], [ 140.239826277660654, 39.563741414434787 ], [ 140.239558494628909, 39.562706414369586 ], [ 140.238247951282005, 39.562261973011687 ], [ 140.237594332112849, 39.561433081371661 ], [ 140.235607108281442, 39.560600586148212 ], [ 140.232821828764486, 39.559907278098478 ], [ 140.233124890401427, 39.558916693750461 ], [ 140.232781556223927, 39.558100586872627 ], [ 140.232763800908742, 39.556579747857143 ], [ 140.234983839432743, 39.555745864979713 ], [ 140.234698560090578, 39.554937531841688 ], [ 140.233247444613994, 39.553922531799458 ], [ 140.234838586331762, 39.552989198292892 ], [ 140.235280246086518, 39.551695305893702 ], [ 140.232741920403328, 39.550903639891146 ], [ 140.23064357993735, 39.549458639804413 ], [ 140.227314422822474, 39.54793033281868 ], [ 140.228258339550848, 39.54346863876674 ], [ 140.236975888126835, 39.544020837791493 ], [ 140.24137036325169, 39.543933305877431 ], [ 140.242689001396343, 39.542504973825544 ], [ 140.244471529637394, 39.542021640386452 ], [ 140.245264033808212, 39.541345504891183 ], [ 140.246734357904302, 39.538445774952606 ], [ 140.246988053955533, 39.529555197714274 ], [ 140.248330116741613, 39.521320171388879 ], [ 140.249896549586197, 39.517029891716163 ], [ 140.2515457461393, 39.513943747605936 ], [ 140.253351050610604, 39.512664026723485 ], [ 140.255582749744121, 39.512171225221891 ], [ 140.259714720857801, 39.51190289180505 ], [ 140.263118080135314, 39.512083133929536 ], [ 140.263583943344429, 39.509435640442518 ], [ 140.265147302306218, 39.508735918427931 ], [ 140.265274526698136, 39.507382865027239 ], [ 140.266939000934258, 39.506149774892265 ], [ 140.268291218864761, 39.506256721370619 ], [ 140.269059026752757, 39.504850332776698 ], [ 140.270479052666246, 39.503846972659687 ], [ 140.269676004843859, 39.502525586186891 ], [ 140.269603800075402, 39.501321974029906 ], [ 140.268783255942594, 39.500393080476329 ], [ 140.268472139977348, 39.499140027190549 ], [ 140.269473280567468, 39.498120865085923 ], [ 140.26901800417761, 39.496718919142836 ], [ 140.270393580199652, 39.496245305576451 ], [ 140.27071830020941, 39.495370865073426 ], [ 140.27043888534638, 39.494604468221667 ], [ 140.272232503127611, 39.493756386847849 ], [ 140.272857808041522, 39.492584721307878 ], [ 140.275386161142478, 39.491860559317388 ], [ 140.275334254072618, 39.49048361362793 ], [ 140.275768689573397, 39.489497198536924 ], [ 140.274072865870153, 39.488539720931442 ], [ 140.271192283397227, 39.488696945807476 ], [ 140.268881997006588, 39.487528053776714 ], [ 140.267878948954376, 39.486467774668142 ], [ 140.266148105650586, 39.48561610769724 ], [ 140.26548477290396, 39.483923332695724 ], [ 140.26639591384037, 39.482279441243293 ], [ 140.267827327868986, 39.482371108240102 ], [ 140.270015110409076, 39.481898892220158 ], [ 140.270396523680688, 39.481110532125399 ], [ 140.271323191412193, 39.480412748149831 ], [ 140.27107294426105, 39.479577749213831 ], [ 140.27137878120584, 39.478385532366474 ], [ 140.271879339360112, 39.478051080792795 ], [ 140.273145473285012, 39.478167468354059 ], [ 140.27406241215067, 39.477088027390607 ], [ 140.274461051036724, 39.477067747678461 ], [ 140.275191920171096, 39.475019108245306 ], [ 140.276483864638749, 39.474780775312581 ], [ 140.276979169852893, 39.473046612611142 ], [ 140.276708339918059, 39.471836054090659 ], [ 140.277939753716737, 39.47093994622162 ], [ 140.278181414141045, 39.470343252339262 ], [ 140.279208948933956, 39.469697693793591 ], [ 140.280483671384445, 39.469526026704841 ], [ 140.280920052118745, 39.468944080804761 ], [ 140.281036743650816, 39.467948801995647 ], [ 140.281417859246858, 39.467646306032236 ], [ 140.280964279877708, 39.466016864886456 ], [ 140.282049559239795, 39.465554359745965 ], [ 140.28248372224607, 39.464541559445479 ], [ 140.282451530114145, 39.462871558875406 ], [ 140.283787664569104, 39.461172386996111 ], [ 140.28352878122837, 39.460456559023044 ], [ 140.283793799744103, 39.45884155919066 ], [ 140.282393773853642, 39.459411838185815 ], [ 140.27952933870813, 39.458539054233995 ], [ 140.279628781243332, 39.457139333213718 ], [ 140.281806057004019, 39.455463505036789 ], [ 140.28114827487309, 39.454665999736164 ], [ 140.279602412221607, 39.453825441191213 ], [ 140.278901335828095, 39.450997108429874 ], [ 140.277926057042009, 39.450688505170433 ], [ 140.275722698243953, 39.451482945581517 ], [ 140.274532412241115, 39.450514080760286 ], [ 140.274258806998432, 39.449737107881276 ], [ 140.273653255693262, 39.449454918609661 ], [ 140.273161581941508, 39.449475198321807 ], [ 140.272905187924152, 39.450531585164583 ], [ 140.269962671839949, 39.450455747135095 ], [ 140.269622386364063, 39.449859080232443 ], [ 140.268973217040411, 39.449571027381069 ], [ 140.267535693917239, 39.450716305912863 ], [ 140.2674015312557, 39.45156438728668 ], [ 140.266544837973925, 39.452145225222012 ], [ 140.264370661277098, 39.450624666794965 ], [ 140.263804280842919, 39.451573278883757 ], [ 140.261908689834286, 39.451780774962856 ], [ 140.260096199779809, 39.449885774808706 ], [ 140.25983455282244, 39.449179946397464 ], [ 140.258806199646415, 39.448878278709628 ], [ 140.256988689576474, 39.449044135278655 ], [ 140.255976160871228, 39.449699973075326 ], [ 140.255185331238067, 39.449808864787315 ], [ 140.254538663828384, 39.450573305613602 ], [ 140.253303917142148, 39.450902747963482 ], [ 140.252089999653776, 39.452314721347364 ], [ 140.251247781859661, 39.452144720702336 ], [ 140.249984694837849, 39.453636107820159 ], [ 140.249832192301938, 39.45421444114362 ], [ 140.247312166023676, 39.454088332810386 ], [ 140.245062139606148, 39.455430026874296 ], [ 140.243834358169124, 39.454428360180714 ], [ 140.242562697910216, 39.454832252006895 ], [ 140.240549078976869, 39.454665864837864 ], [ 140.236239830803584, 39.457624774663657 ], [ 140.236055667635014, 39.458248387053459 ], [ 140.235517055567698, 39.458485891710609 ], [ 140.234376199901817, 39.460114802256385 ], [ 140.235853411006133, 39.46120533275996 ], [ 140.236290636203989, 39.462632305936211 ], [ 140.237500636245386, 39.463172838056096 ], [ 140.238601479274962, 39.464152558593753 ], [ 140.238637004294333, 39.464898666740112 ], [ 140.239326161073564, 39.465559774563985 ], [ 140.239131724949175, 39.467111468419603 ], [ 140.23242247671601, 39.470010666858855 ], [ 140.232354968207233, 39.471166775026688 ], [ 140.231429948033792, 39.472133720694728 ], [ 140.229776887093749, 39.471009559143909 ], [ 140.228639947975239, 39.470680945968923 ], [ 140.228614669831245, 39.469882053913693 ], [ 140.227984668657541, 39.468797333030523 ], [ 140.226219947892332, 39.468656504594037 ], [ 140.22555077764639, 39.467655388285607 ], [ 140.224305226505066, 39.467223747877711 ], [ 140.22299833980162, 39.46754035959998 ], [ 140.222409922380052, 39.469527360399411 ], [ 140.223312671742519, 39.471219864705063 ], [ 140.222767107915729, 39.472298468399629 ], [ 140.221745422313461, 39.472436802116761 ], [ 140.2228940337327, 39.474447946115845 ], [ 140.222477638632199, 39.475124891900293 ], [ 140.221527327724061, 39.475464892290972 ], [ 140.221408443644805, 39.476470441357833 ], [ 140.222261750979101, 39.478109332579663 ], [ 140.223754837815591, 39.478441838020444 ], [ 140.223908975318977, 39.480658504986081 ], [ 140.220754227325756, 39.481673801804561 ], [ 140.222774188278208, 39.483672973129273 ], [ 140.223094747124946, 39.485362972822998 ], [ 140.222801673358617, 39.486532972818509 ], [ 140.222223333739976, 39.487213532078897 ], [ 140.225484449048167, 39.488836865029327 ], [ 140.226323890635058, 39.490176585980691 ], [ 140.227751672301906, 39.490552694151575 ], [ 140.229157524000584, 39.490378775160423 ], [ 140.229256419748026, 39.489957109133343 ], [ 140.228872528844249, 39.48944655861186 ], [ 140.22933557717522, 39.489129613241118 ], [ 140.230816978221014, 39.489114054070399 ], [ 140.232040895271211, 39.489628774748212 ], [ 140.232821166863459, 39.489110170797801 ], [ 140.233609222088035, 39.489086559097473 ], [ 140.235389493930029, 39.490228467869542 ], [ 140.235670310836213, 39.49228099956855 ], [ 140.234466419889486, 39.492615441249654 ], [ 140.233698079602732, 39.49237766679596 ], [ 140.232600856344561, 39.492536279325861 ], [ 140.231398365642121, 39.491843224884974 ], [ 140.23043583744402, 39.491807666590603 ], [ 140.229457781551446, 39.492480747988168 ], [ 140.229089415644125, 39.493496026820253 ], [ 140.227928859429426, 39.494212135381815 ], [ 140.224406911949472, 39.492519918859216 ], [ 140.222315498961166, 39.492721613411788 ], [ 140.221434668775032, 39.492214946162903 ], [ 140.219933553690566, 39.492246613090799 ], [ 140.219664357823945, 39.492779107969511 ], [ 140.219786860775116, 39.493819946433462 ], [ 140.219347133663405, 39.494481333047133 ], [ 140.21851128396861, 39.494789386820798 ], [ 140.217089585316216, 39.496325251709038 ], [ 140.216703475784811, 39.497195801744908 ], [ 140.215711218697834, 39.497983305685068 ], [ 140.214198171408498, 39.496883027429817 ], [ 140.212794280231947, 39.496718865183539 ], [ 140.212297328359114, 39.49604969403822 ], [ 140.211422048788563, 39.495709171141414 ], [ 140.208932865659335, 39.496544440773391 ], [ 140.207642022861137, 39.495970279404901 ], [ 140.207018145171332, 39.496227506194487 ], [ 140.206344773292699, 39.497050838225675 ], [ 140.204467275744264, 39.497230865412178 ], [ 140.201919779674199, 39.49663558616345 ], [ 140.200050583767506, 39.497451972730403 ], [ 140.198234163675806, 39.497435053784784 ], [ 140.197501945558429, 39.497749224746997 ], [ 140.196384695297525, 39.498915333375976 ], [ 140.195929973789362, 39.500446440850624 ], [ 140.196085811910734, 39.500832838165024 ], [ 140.195241608413539, 39.501585891775562 ], [ 140.194226327782872, 39.501557305924962 ], [ 140.191751607550714, 39.500626198240525 ], [ 140.189351309815152, 39.501190639736308 ], [ 140.187172387395776, 39.503190946005418 ], [ 140.186180168979718, 39.503089558236582 ], [ 140.185246809392765, 39.503772891905498 ], [ 140.18177204934068, 39.503465107029115 ], [ 140.180500660677012, 39.503981252233075 ], [ 140.179602580594633, 39.506301531890244 ], [ 140.180602283168923, 39.509018196732427 ], [ 140.179754475188929, 39.510908225434321 ], [ 140.178111945310093, 39.51244017107706 ], [ 140.178916666770874, 39.514036000061424 ], [ 140.180216393971477, 39.514878504739272 ], [ 140.180999727755307, 39.51583572154135 ], [ 140.180542749848087, 39.516907666655527 ], [ 140.17972080367224, 39.517637387355592 ], [ 140.179111050734491, 39.519093801637666 ], [ 140.179767445211496, 39.520377693575767 ], [ 140.181091607891403, 39.520974080789244 ], [ 140.182558002849646, 39.520775468213344 ], [ 140.184180778220366, 39.52155991895512 ], [ 140.184164642584278, 39.522932693588984 ], [ 140.18486269815503, 39.524107972604895 ], [ 140.18449099936015, 39.525694080817232 ], [ 140.185244061064623, 39.528407973049582 ], [ 140.184805136148157, 39.530065505418804 ], [ 140.186414864154699, 39.53084217072967 ], [ 140.18775511031015, 39.532292440843548 ], [ 140.188605940012167, 39.534063277897985 ], [ 140.188516226342813, 39.534626892017513 ], [ 140.187684527019314, 39.536187720287103 ], [ 140.185667275724313, 39.537116613840681 ], [ 140.185903113038307, 39.538288559969146 ], [ 140.185250052348124, 39.538962720553172 ], [ 140.184154500929594, 39.538674945592334 ], [ 140.181994474165663, 39.538886054248053 ], [ 140.179430610434338, 39.536236639809147 ], [ 140.175965031561077, 39.535906639879556 ], [ 140.174124474564906, 39.535568585621775 ], [ 140.172461414063037, 39.534860802084381 ], [ 140.171212529135005, 39.534829693635515 ], [ 140.170793917205629, 39.534031920336929 ], [ 140.169908366478012, 39.533719693708974 ], [ 140.169537250443796, 39.532956359948116 ], [ 140.1682578083512, 39.532649135349345 ], [ 140.166725576724048, 39.53329053183262 ], [ 140.165761388377405, 39.53331219829937 ], [ 140.164661388012746, 39.535210532240342 ], [ 140.160853021749631, 39.53488833303021 ], [ 140.159926328837059, 39.536081109255861 ], [ 140.156133799635199, 39.53779610830378 ], [ 140.159562697860338, 39.539925279328259 ], [ 140.161792969769749, 39.540521667441055 ], [ 140.164659921218458, 39.542105837614372 ], [ 140.165014357526616, 39.542900838303126 ], [ 140.164954332276693, 39.544865838088015 ], [ 140.167387393213744, 39.547991947170658 ], [ 140.16609070032564, 39.549002504561997 ], [ 140.162654280170955, 39.55015417097826 ], [ 140.160964811976555, 39.551781414180994 ], [ 140.16066147874426, 39.552415865200089 ], [ 140.16093814527926, 39.553210864989467 ], [ 140.160107561115069, 39.554138360097284 ], [ 140.160444772708161, 39.555685026742651 ], [ 140.159381414320933, 39.558330585787928 ], [ 140.160072243839068, 39.5590908636525 ], [ 140.160046108641041, 39.559471693264072 ], [ 140.158873890917448, 39.560183918553037 ], [ 140.157600245854724, 39.561690026673432 ], [ 140.153592166245517, 39.563200613417621 ], [ 140.152994384183557, 39.564100612653192 ], [ 140.153028806634211, 39.565081721744093 ], [ 140.153563528234258, 39.56573255931022 ], [ 140.152165161592961, 39.567983666712905 ], [ 140.151199883268077, 39.568670052680829 ], [ 140.151095446797513, 39.56920894623596 ], [ 140.148474577739648, 39.570391197695642 ], [ 140.147202918380003, 39.569813135068159 ], [ 140.143566497995607, 39.569683972637279 ], [ 140.13865011660971, 39.568535666987486 ], [ 140.137711751396296, 39.568765666802108 ], [ 140.136897587953399, 39.569570388262832 ], [ 140.13511425391971, 39.568810387389533 ], [ 140.132314500713733, 39.569235387203435 ], [ 140.131455888278651, 39.569863442244127 ], [ 140.128479779818008, 39.569510693963423 ], [ 140.124099468116015, 39.570290972750229 ], [ 140.122986667700616, 39.570148467977447 ], [ 140.120982775834477, 39.571131532194499 ], [ 140.121934968124378, 39.57254736007269 ], [ 140.119263579650578, 39.573517667406463 ], [ 140.122113307283371, 39.574389305621992 ], [ 140.122361089392825, 39.575356801675127 ], [ 140.122174383840843, 39.576022108433619 ], [ 140.118505498829791, 39.576139612952829 ], [ 140.115023799608707, 39.577147386942386 ], [ 140.112752113918987, 39.577266865473518 ], [ 140.112414059661205, 39.578031306299806 ], [ 140.11122929999226, 39.578909918757802 ], [ 140.11072041501518, 39.579968252632796 ], [ 140.108052335147249, 39.58116769373413 ], [ 140.108059830996467, 39.582372695343679 ], [ 140.108728443662812, 39.582812134672338 ], [ 140.108830362930917, 39.584022694991461 ], [ 140.109118975160641, 39.584321865261927 ], [ 140.108546743737293, 39.58465908135156 ], [ 140.10712924761674, 39.58439994620062 ], [ 140.106155083989961, 39.584596054164592 ], [ 140.10589367085629, 39.584974107569053 ], [ 140.103930052430087, 39.585284945643764 ], [ 140.101495888024829, 39.585103558682363 ], [ 140.099096977943191, 39.585998838275827 ], [ 140.098261140839099, 39.583735224900749 ], [ 140.096312801894328, 39.58390246822438 ], [ 140.093173086968477, 39.582355252093237 ], [ 140.089806938939091, 39.583168305772745 ], [ 140.089390558227706, 39.582251359712529 ], [ 140.08794778216452, 39.581974134698612 ], [ 140.087641673624375, 39.580834693666247 ], [ 140.086667523487449, 39.579950531491875 ], [ 140.085956419653144, 39.579741359975856 ], [ 140.0856427756936, 39.580502504786807 ], [ 140.083358301644353, 39.581739441322213 ], [ 140.083277198084261, 39.582414720662882 ], [ 140.082524137279165, 39.583086945905904 ], [ 140.08222136162658, 39.583895000254131 ], [ 140.080327716750844, 39.583702225177603 ], [ 140.078940777794742, 39.582732225411917 ], [ 140.073518248968071, 39.584804198654922 ], [ 140.076205472704487, 39.586335586718008 ], [ 140.077654890260987, 39.588021972935735 ], [ 140.077151284304364, 39.588836134579992 ], [ 140.076030726336967, 39.589432802381964 ], [ 140.075855965580445, 39.589843919361442 ], [ 140.076030415171545, 39.59148835940033 ], [ 140.077034864367533, 39.592198080976686 ], [ 140.075652048803022, 39.594788359595157 ], [ 140.07397063583619, 39.595250054446524 ], [ 140.072303942972667, 39.597012838072089 ], [ 140.070382827405638, 39.597282837932653 ], [ 140.068878910933108, 39.598322838228455 ], [ 140.068097523282177, 39.598296441327761 ], [ 140.066314746828198, 39.597142026583299 ], [ 140.065645304087525, 39.597052026929532 ], [ 140.064430025925049, 39.597536197637453 ], [ 140.059656938916646, 39.597787586028346 ], [ 140.060493645665247, 39.607775468363229 ], [ 140.061070051741581, 39.610720532226821 ], [ 140.060886354421768, 39.611949026826153 ], [ 140.061355939924738, 39.61422177461526 ], [ 140.061508470339732, 39.617596918562981 ], [ 140.06128655003431, 39.619811467625198 ], [ 140.062126719172852, 39.625697305586243 ], [ 140.061932801957255, 39.627885559371123 ], [ 140.062646887044252, 39.633997387069826 ], [ 140.062483164566402, 39.641058198277278 ], [ 140.063018807072353, 39.653558611940468 ], [ 140.06267705570167, 39.663861333433829 ], [ 140.061928910590836, 39.675686081047843 ], [ 140.061392944328986, 39.679536081425056 ], [ 140.061283191066423, 39.684970198016288 ], [ 140.059842749643281, 39.690000468646758 ], [ 140.060526303646043, 39.690555360241717 ], [ 140.060531505324775, 39.692334442280753 ], [ 140.059807911705775, 39.692431170662076 ], [ 140.059620362589726, 39.692823802076873 ], [ 140.060115472650978, 39.693498054391739 ], [ 140.060232049069896, 39.694803108276858 ], [ 140.059802087696198, 39.698338107617644 ], [ 140.059933839275345, 39.706094467985338 ], [ 140.059640078426924, 39.710006865124797 ], [ 140.059881919615009, 39.711992197681809 ], [ 140.0593115821639, 39.715185026567781 ], [ 140.059252567751855, 39.720663252207373 ], [ 140.0587922443666, 39.721679999632329 ], [ 140.058461542965915, 39.725933684991617 ], [ 140.057764864257138, 39.729602873973533 ], [ 140.057061193319441, 39.730556531258969 ], [ 140.055552555406166, 39.731491107628585 ], [ 140.055181309869567, 39.732054837760586 ], [ 140.055606420300137, 39.734183891873158 ], [ 140.054040804039914, 39.738869667301344 ], [ 140.052110311241904, 39.741127080750232 ], [ 140.048528003964293, 39.740666531635156 ], [ 140.046280921027801, 39.749504666707082 ], [ 140.048673332608246, 39.749864359552589 ], [ 140.04901000011148, 39.752292973342094 ], [ 140.048242996217368, 39.753769504559045 ], [ 140.048247134897451, 39.755398666914971 ], [ 140.047452438179562, 39.756156135297431 ], [ 140.047128949341641, 39.757133468135123 ], [ 140.039716913304915, 39.758758532280467 ], [ 140.038675642267094, 39.759592945757902 ], [ 140.040634033833612, 39.758633360141516 ], [ 140.047441945789274, 39.757109306049699 ], [ 140.047881996656884, 39.757514440738873 ], [ 140.050741166271905, 39.761235305664854 ], [ 140.049062827187754, 39.766267053881506 ], [ 140.048717638608196, 39.766375774722292 ], [ 140.048180051767986, 39.767974441067679 ], [ 140.049323798754358, 39.769960081192835 ], [ 140.050276550422495, 39.770631080659882 ], [ 140.0493200521787, 39.774103251563872 ], [ 140.042843606047654, 39.772839026899646 ], [ 140.046081920844017, 39.763496668036851 ], [ 140.045751777022929, 39.763186721190266 ], [ 140.04432422828063, 39.76297535982502 ], [ 140.043041193396448, 39.761998802203038 ], [ 140.043648494782246, 39.762543359688379 ], [ 140.041802606605074, 39.763987802195345 ], [ 140.038211414025568, 39.764803414446078 ], [ 140.037213773596818, 39.76767566739818 ], [ 140.040823606424397, 39.768434640346413 ], [ 140.039673773725781, 39.771961892027775 ], [ 140.028565628401111, 39.769759242794862 ], [ 140.027743165114998, 39.76912424318931 ], [ 140.028549753568313, 39.769824144168979 ], [ 140.036627367059396, 39.771418170911886 ], [ 140.033386978426392, 39.781026774965767 ], [ 140.038833332991999, 39.782116837821889 ], [ 140.039237471232354, 39.780909999796734 ], [ 140.041684190173328, 39.7813548377556 ], [ 140.041847523244655, 39.781640386894367 ], [ 140.041569468156467, 39.781687333303864 ], [ 140.042096666927705, 39.781934055112629 ], [ 140.041496498065044, 39.781881666905463 ], [ 140.042075810750134, 39.782155026633234 ], [ 140.042335421642406, 39.782849892308718 ], [ 140.041663112762535, 39.785128946144027 ], [ 140.040610505770246, 39.786703387451439 ], [ 140.034547224374933, 39.785492361283502 ], [ 140.033145344082413, 39.789685369384358 ], [ 140.0337096371901, 39.788305251785971 ], [ 140.035880220196077, 39.78874010816952 ], [ 140.036260336645228, 39.787602386640856 ], [ 140.036670194573844, 39.787442667045525 ], [ 140.036824332077344, 39.787716972860039 ], [ 140.037186743573443, 39.787544640272984 ], [ 140.037196718853579, 39.787834080778282 ], [ 140.037320441285374, 39.787573360122508 ], [ 140.037345499095522, 39.787820440760811 ], [ 140.038066419030088, 39.787964000438308 ], [ 140.037599467641371, 39.78798383768401 ], [ 140.038005330781402, 39.788144999791939 ], [ 140.037931115128913, 39.788364748234585 ], [ 140.03748805423038, 39.788337279342045 ], [ 140.038454305621826, 39.78859789207911 ], [ 140.037633113077732, 39.791062585769794 ], [ 140.034181140946998, 39.790548865138078 ], [ 140.034029585397093, 39.791044225210896 ], [ 140.034216278358599, 39.790599026623852 ], [ 140.036442023081008, 39.791026864698097 ], [ 140.037792140195165, 39.792848839002772 ], [ 140.03755500605871, 39.794540107639932 ], [ 140.037255447281154, 39.794834134687619 ], [ 140.036310829980835, 39.79466902725386 ], [ 140.037198248600362, 39.794889972694136 ], [ 140.037345939763327, 39.796232891634702 ], [ 140.034042917846477, 39.804487586133234 ], [ 140.048636199600992, 39.805828558940902 ], [ 140.055689805440238, 39.807044918987856 ], [ 140.056025356884788, 39.807412414351518 ], [ 140.05526474717044, 39.815664385702917 ], [ 140.055540271566315, 39.816833838011291 ], [ 140.054810558060922, 39.819051082341616 ], [ 140.055377223580081, 39.819137748208561 ], [ 140.055080804335716, 39.820839693597009 ], [ 140.055469104615554, 39.823529413851418 ], [ 140.054841025293172, 39.827004135232698 ], [ 140.054932141005565, 39.828755558622163 ], [ 140.051716498117912, 39.837922225030695 ], [ 140.051087613003006, 39.837857801196606 ], [ 140.050689532595925, 39.839451693940589 ], [ 140.049598690027551, 39.841391134992932 ], [ 140.050199533381829, 39.841994467670588 ], [ 140.048669494301748, 39.844767802392198 ], [ 140.049305331176129, 39.845656414412076 ], [ 140.049346977880759, 39.84643753136703 ], [ 140.049801140909949, 39.846809196886966 ], [ 140.049402802397481, 39.847455305817789 ], [ 140.048871971264475, 39.847422801621065 ], [ 140.048550584142163, 39.847853639833659 ], [ 140.04888586309221, 39.848322253169499 ], [ 140.048795031565533, 39.84901727982367 ], [ 140.052894189115591, 39.849953919238033 ], [ 140.055108910847594, 39.851413358839466 ], [ 140.05536058432358, 39.85117669414916 ], [ 140.05628280220958, 39.851575306055565 ], [ 140.059795642255153, 39.847110000326325 ], [ 140.0619036962986, 39.848758053841152 ], [ 140.066170920951322, 39.850411666964931 ], [ 140.066010052022307, 39.851472504552476 ], [ 140.066499222061566, 39.854046946109747 ], [ 140.066338365723027, 39.85574333278862 ], [ 140.065863086612239, 39.857051946190438 ], [ 140.064780310962647, 39.857983892043023 ], [ 140.06451472137735, 39.858893918719446 ], [ 140.066093644905891, 39.859076946044297 ], [ 140.066170557625242, 39.859535000439962 ], [ 140.067903087157788, 39.859470278930303 ], [ 140.068175577241163, 39.859006946413501 ], [ 140.068783645748681, 39.858872504962164 ], [ 140.06868586336202, 39.85840917064678 ], [ 140.069167808247812, 39.858156387407405 ], [ 140.070339754376278, 39.858344720732305 ], [ 140.070912825766413, 39.857709170741714 ], [ 140.072491725013151, 39.857514972937679 ], [ 140.073162555407634, 39.857084134725085 ], [ 140.073854227590573, 39.855877749058948 ], [ 140.076814812853399, 39.855042748324252 ], [ 140.078652334637582, 39.85197799998474 ], [ 140.078393721992711, 39.851773279213489 ], [ 140.077932607204161, 39.852360505033346 ], [ 140.076989274135713, 39.852634945746217 ], [ 140.076542606955854, 39.851024386766085 ], [ 140.076053450406448, 39.850485774698768 ], [ 140.077492917863879, 39.849812721180172 ], [ 140.076968755204007, 39.848767440964707 ], [ 140.077150414659968, 39.847900224715659 ], [ 140.078184578355717, 39.847194946689513 ], [ 140.080041244907648, 39.847868000208109 ], [ 140.080844617385196, 39.846456865891696 ], [ 140.080879883399916, 39.844598801793325 ], [ 140.081368807024887, 39.843726026834702 ], [ 140.082807976806748, 39.844200197980797 ], [ 140.083443800191276, 39.845212413721981 ], [ 140.086117976563401, 39.845471027266171 ], [ 140.087997172931296, 39.84476017074536 ], [ 140.088205499084552, 39.844000721156419 ], [ 140.0896163294301, 39.844113775830124 ], [ 140.089623553684078, 39.843337945989447 ], [ 140.090643580037295, 39.842573224574721 ], [ 140.090545811140373, 39.84219100011461 ], [ 140.09092302188003, 39.841690171264418 ], [ 140.09074858577867, 39.840844332799747 ], [ 140.090028859244512, 39.840084892204061 ], [ 140.090287470990006, 39.839260972915611 ], [ 140.090909169622591, 39.83875986527562 ], [ 140.090797497206836, 39.83828069389898 ], [ 140.091181673195706, 39.837574864588362 ], [ 140.092383606318435, 39.836977360416881 ], [ 140.093521415081341, 39.835292639743557 ], [ 140.095095862683934, 39.835177613755945 ], [ 140.096485576947885, 39.836009838283474 ], [ 140.096199195936151, 39.836690386752025 ], [ 140.096300312109747, 39.837800386678566 ], [ 140.097498638051775, 39.838682333822703 ], [ 140.097818079940453, 39.839216225348594 ], [ 140.097545551186272, 39.839708440492188 ], [ 140.098393890665534, 39.840128440974809 ], [ 140.09872834044063, 39.841130388256886 ], [ 140.099801114729758, 39.840884558575567 ], [ 140.101684474958574, 39.841796505304501 ], [ 140.102641698056004, 39.841394558711954 ], [ 140.103638080333212, 39.841892613153618 ], [ 140.105068638207172, 39.841412892291203 ], [ 140.106111413810709, 39.841988694023087 ], [ 140.107395616014969, 39.84142480201308 ], [ 140.107979196882525, 39.842121198334667 ], [ 140.107784747268283, 39.843903134821858 ], [ 140.111177807509875, 39.843969252079376 ], [ 140.111349196708147, 39.84489341519901 ], [ 140.111909468047543, 39.845403134746903 ], [ 140.112522801186401, 39.845367026966755 ], [ 140.114180311072573, 39.846453134604531 ], [ 140.114576977745401, 39.847227306095363 ], [ 140.114359196120063, 39.848343135427399 ], [ 140.116600583650097, 39.849423134869824 ], [ 140.117525305248705, 39.85070146809835 ], [ 140.119658079856549, 39.850607558192337 ], [ 140.120683645134136, 39.851951441206097 ], [ 140.12268975382915, 39.852170053804969 ], [ 140.123649194654718, 39.851935333448921 ], [ 140.124004747920822, 39.851586721150341 ], [ 140.12418255468117, 39.849568639780955 ], [ 140.124557833677159, 39.849077252013615 ], [ 140.126897030573559, 39.848061413803237 ], [ 140.127866471860216, 39.847039747986059 ], [ 140.129311219237479, 39.846237224468382 ], [ 140.130502050229552, 39.84608333337917 ], [ 140.133052087783653, 39.844857505269715 ], [ 140.134620973079564, 39.845570558834254 ], [ 140.139058222658946, 39.844835252445023 ], [ 140.140547106963481, 39.846531918813071 ], [ 140.142812944361935, 39.846168559431533 ], [ 140.14433158183715, 39.844867171183068 ], [ 140.14588296992315, 39.845956892296783 ], [ 140.146399921819011, 39.845857170971726 ], [ 140.147159636707897, 39.844686332808067 ], [ 140.147608807600477, 39.844574666687549 ], [ 140.148046588579291, 39.844996613303124 ], [ 140.148952697808795, 39.845159639705685 ], [ 140.148799921879004, 39.845567413905087 ], [ 140.149356861230217, 39.845981865570707 ], [ 140.152459390988156, 39.846392414178638 ], [ 140.154002723846702, 39.847613802335161 ], [ 140.154376304023231, 39.848775197617329 ], [ 140.155254086407012, 39.849581027942122 ], [ 140.158175499000095, 39.848934080843208 ], [ 140.15913189382195, 39.849032946013722 ], [ 140.160507198248638, 39.848044892357962 ], [ 140.161041632965066, 39.846764053618244 ], [ 140.163404696069961, 39.846947667301038 ], [ 140.164335810948955, 39.847525171449547 ], [ 140.16520834039261, 39.847363198153118 ], [ 140.166242503188982, 39.846441531551477 ], [ 140.166767522902887, 39.844499864677061 ], [ 140.168407523888163, 39.844037640125066 ], [ 140.170817807695698, 39.845035946052121 ], [ 140.171661440123444, 39.844778170676079 ], [ 140.172398392272044, 39.845021504738725 ], [ 140.175189494000051, 39.844753171321827 ], [ 140.17670199719953, 39.84558761267823 ], [ 140.177403384758463, 39.846446504802429 ], [ 140.180444525894245, 39.846515640184691 ], [ 140.183082023416659, 39.847727587258419 ], [ 140.184630076816688, 39.847772585736323 ], [ 140.186294254276504, 39.848295639532182 ], [ 140.192595694136003, 39.847498666630202 ], [ 140.193177366642203, 39.847822559263761 ], [ 140.192955667570118, 39.849113946151761 ], [ 140.193676497572369, 39.850657838388599 ], [ 140.193148418364899, 39.851665892067331 ], [ 140.194237303109162, 39.852405892018339 ], [ 140.198004279873658, 39.853930892196956 ], [ 140.19904286553583, 39.855582559187781 ], [ 140.198929532971647, 39.85713977488075 ], [ 140.197734227852379, 39.860301170662524 ], [ 140.198590856383021, 39.861920891935654 ], [ 140.199956692747264, 39.863577559157079 ], [ 140.200610311017158, 39.863963666889788 ], [ 140.201644228298505, 39.863577837946934 ], [ 140.203857833971938, 39.863839225000277 ], [ 140.20532810590737, 39.864562000236162 ], [ 140.208050895132715, 39.865027802291308 ], [ 140.208931725318962, 39.864736135064618 ], [ 140.209335642326096, 39.863827252325905 ], [ 140.209383411615249, 39.863668081316973 ] ] ] ] } },
{ "type": "Feature", "properties": { "regioncode": "0521000", "regionname": "秋田県由利本荘市", "name": "由利本荘市", "namekana": "ゆりほんじょうし", "PrefCode": "05" }, "geometry": { "type": "MultiPolygon", "coordinates": [ [ [ [ 140.009015019127901, 39.393915289159338 ], [ 140.008322321717856, 39.392276531936432 ], [ 140.008904112035225, 39.393938640056263 ], [ 140.009015019127901, 39.393915289159338 ] ] ], [ [ [ 140.047233839070486, 39.543291838347727 ], [ 140.048146445901807, 39.542915053886702 ], [ 140.04846386521524, 39.542383864823535 ], [ 140.048317083266852, 39.54174758638203 ], [ 140.047855811096838, 39.54182017066438 ], [ 140.047674307223588, 39.540833413831024 ], [ 140.045414694932333, 39.541225666631249 ], [ 140.045420635853702, 39.54153758569106 ], [ 140.045815422044143, 39.541154612995058 ], [ 140.047573113708268, 39.540926080873987 ], [ 140.047836978393889, 39.542457972557429 ], [ 140.048321024995403, 39.542383864823535 ], [ 140.047948053659866, 39.542927414168901 ], [ 140.047067198292666, 39.543211558566611 ], [ 140.04575786003727, 39.543106586100123 ], [ 140.045543580372055, 39.542112108586991 ], [ 140.045599143185996, 39.543149802121718 ], [ 140.047011634579349, 39.543310387764222 ], [ 140.047233839070486, 39.543291838347727 ] ] ], [ [ [ 140.07162005172404, 39.59713061328722 ], [ 140.072391439813146, 39.596956440687222 ], [ 140.074167303178569, 39.595131720752363 ], [ 140.075652048803022, 39.594788359595157 ], [ 140.077034864367533, 39.592198080976686 ], [ 140.076030415171545, 39.59148835940033 ], [ 140.075827082054275, 39.590029748074471 ], [ 140.076030726336967, 39.589432802381964 ], [ 140.077151284304364, 39.588836134579992 ], [ 140.077654890260987, 39.588021972935735 ], [ 140.076205472704487, 39.586335586718008 ], [ 140.073518248968071, 39.584804198654922 ], [ 140.078940777794742, 39.582732225411917 ], [ 140.080327716750844, 39.583702225177603 ], [ 140.08222136162658, 39.583895000254131 ], [ 140.082524137279165, 39.583086945905904 ], [ 140.083277198084261, 39.582414720662882 ], [ 140.083358301644353, 39.581739441322213 ], [ 140.0856427756936, 39.580502504786807 ], [ 140.085956419653144, 39.579741359975856 ], [ 140.086667523487449, 39.579950531491875 ], [ 140.087641673624375, 39.580834693666247 ], [ 140.08794778216452, 39.581974134698612 ], [ 140.089390558227706, 39.582251359712529 ], [ 140.089806939838468, 39.583168305772745 ], [ 140.093173086968477, 39.582355252093237 ], [ 140.096312801894328, 39.58390246822438 ], [ 140.098261141738362, 39.583735224900749 ], [ 140.099096977943191, 39.585998838275827 ], [ 140.101495888024829, 39.585103558682363 ], [ 140.103930052430087, 39.585284945643764 ], [ 140.10589367085629, 39.584974107569053 ], [ 140.106155083989961, 39.584596054164592 ], [ 140.10712924761674, 39.58439994620062 ], [ 140.108546743737293, 39.58465908135156 ], [ 140.109118975160641, 39.584321865261927 ], [ 140.108830362930917, 39.584022694991461 ], [ 140.108728443662812, 39.582812134672338 ], [ 140.108059830996467, 39.582372695343679 ], [ 140.108052335147249, 39.58116769373413 ], [ 140.11072041501518, 39.579968252632796 ], [ 140.11122929999226, 39.578909918757802 ], [ 140.112414059661205, 39.578031306299806 ], [ 140.112752113918987, 39.577266865473518 ], [ 140.115023799608707, 39.577147386942386 ], [ 140.118505498829791, 39.576139612952829 ], [ 140.122174383840843, 39.576022108433619 ], [ 140.122361089392825, 39.575356801675127 ], [ 140.122113307283371, 39.574389305621992 ], [ 140.119263579650578, 39.573517667406463 ], [ 140.121934968124378, 39.57254736007269 ], [ 140.120982775834477, 39.571131532194499 ], [ 140.122986667700616, 39.570148467977447 ], [ 140.124099468116015, 39.570290972750229 ], [ 140.128479779818008, 39.569510693963423 ], [ 140.131455888278651, 39.569863442244127 ], [ 140.132314500713733, 39.569235387203435 ], [ 140.13511425391971, 39.568810387389533 ], [ 140.136897587953399, 39.569570388262832 ], [ 140.137711751396296, 39.568765666802108 ], [ 140.13865011660971, 39.568535666987486 ], [ 140.143566497995607, 39.569683972637279 ], [ 140.147202918380003, 39.569813135068159 ], [ 140.148474577739648, 39.570391197695642 ], [ 140.151095446797513, 39.56920894623596 ], [ 140.151199883268077, 39.568670052680829 ], [ 140.152165161592961, 39.567983666712905 ], [ 140.153563528234258, 39.56573255931022 ], [ 140.153028806634211, 39.565081721744093 ], [ 140.152994384183557, 39.564100612653192 ], [ 140.153592166245517, 39.563200613417621 ], [ 140.157600245854724, 39.561690026673432 ], [ 140.158873890917448, 39.560183918553037 ], [ 140.160046108641041, 39.559471693264072 ], [ 140.160072243839068, 39.5590908636525 ], [ 140.159381414320933, 39.558330585787928 ], [ 140.160444772708161, 39.555685026742651 ], [ 140.160107561115069, 39.554138360097284 ], [ 140.16093814527926, 39.553210864989467 ], [ 140.16066147874426, 39.552415865200089 ], [ 140.160964811976555, 39.551781414180994 ], [ 140.162654280170955, 39.55015417097826 ], [ 140.16609070032564, 39.549002504561997 ], [ 140.167387393213744, 39.547991947170658 ], [ 140.164954332276693, 39.544865838088015 ], [ 140.165014357526616, 39.542900838303126 ], [ 140.164659921218458, 39.542105837614372 ], [ 140.161792969769749, 39.540521667441055 ], [ 140.159562697860338, 39.539925279328259 ], [ 140.156133800534576, 39.53779610830378 ], [ 140.159926328837059, 39.536081109255861 ], [ 140.160853021749631, 39.53488833303021 ], [ 140.164661388012746, 39.535210532240342 ], [ 140.165761388377405, 39.53331219829937 ], [ 140.166725576724048, 39.53329053183262 ], [ 140.1682578083512, 39.532649135349345 ], [ 140.169537250443796, 39.532956359948116 ], [ 140.169908366478012, 39.533719693708974 ], [ 140.170793917205629, 39.534031920336929 ], [ 140.171212529135005, 39.534829693635515 ], [ 140.172461414962413, 39.534860802084381 ], [ 140.174124474564906, 39.535568585621775 ], [ 140.175965031561077, 39.535906639879556 ], [ 140.179430610434338, 39.536236639809147 ], [ 140.181994474165663, 39.538886054248053 ], [ 140.184154500929594, 39.538674945592334 ], [ 140.185250052348124, 39.538962720553172 ], [ 140.185903113038307, 39.538288559969146 ], [ 140.185667275724313, 39.537116613840681 ], [ 140.187684528818068, 39.536187720287103 ], [ 140.188516226342813, 39.534626892017513 ], [ 140.188605940012167, 39.534063277897985 ], [ 140.18775511031015, 39.532292440843548 ], [ 140.186414864154699, 39.53084217072967 ], [ 140.184805136148157, 39.530065505418804 ], [ 140.185244061064623, 39.528407973049582 ], [ 140.18449099936015, 39.525694080817232 ], [ 140.18486269815503, 39.524107972604895 ], [ 140.184164642584278, 39.522932693588984 ], [ 140.184180779119743, 39.52155991895512 ], [ 140.182558002849646, 39.520775468213344 ], [ 140.181091607891403, 39.520974080789244 ], [ 140.179767445211496, 39.520377693575767 ], [ 140.179111050734491, 39.519093801637666 ], [ 140.17972080367224, 39.517637387355592 ], [ 140.180542749848087, 39.516907666655527 ], [ 140.180999727755307, 39.51583572154135 ], [ 140.180216393971477, 39.514878504739272 ], [ 140.178916666770874, 39.514036000061424 ], [ 140.178111945310093, 39.51244017107706 ], [ 140.179754475188929, 39.510908225434321 ], [ 140.180602283168923, 39.509018196732427 ], [ 140.179602580594633, 39.506301531890244 ], [ 140.180272606995231, 39.504284865154432 ], [ 140.180707886060191, 39.503811224608398 ], [ 140.18177204934068, 39.503465107029115 ], [ 140.185246809392765, 39.503772891905498 ], [ 140.186180168979718, 39.503089558236582 ], [ 140.187172387395776, 39.503190946005418 ], [ 140.189351309815152, 39.501190639736308 ], [ 140.191751607550714, 39.500626198240525 ], [ 140.194226327782872, 39.501557305924962 ], [ 140.195241608413539, 39.501585891775562 ], [ 140.196085812810111, 39.500832838165024 ], [ 140.195929973789362, 39.500446440850624 ], [ 140.196384695297525, 39.498915333375976 ], [ 140.197501945558429, 39.497749224746997 ], [ 140.198234163675806, 39.497435053784784 ], [ 140.200050583767506, 39.497451972730403 ], [ 140.201919779674199, 39.49663558616345 ], [ 140.204467275744264, 39.497230865412178 ], [ 140.206344773292699, 39.497050838225675 ], [ 140.207018145171332, 39.496227506194487 ], [ 140.207642022861137, 39.495970279404901 ], [ 140.208932865659335, 39.496544440773391 ], [ 140.211422048788563, 39.495709171141414 ], [ 140.212297328359114, 39.49604969403822 ], [ 140.212794280231947, 39.496718865183539 ], [ 140.214198171408498, 39.496883027429817 ], [ 140.215711218697834, 39.497983305685068 ], [ 140.216703475784811, 39.497195801744908 ], [ 140.217089585316216, 39.496325251709038 ], [ 140.21851128396861, 39.494789386820798 ], [ 140.219347134562668, 39.494481333047133 ], [ 140.219786860775116, 39.493819946433462 ], [ 140.219664357823945, 39.492779107969511 ], [ 140.219933553690566, 39.492246613090799 ], [ 140.221434668775032, 39.492214946162903 ], [ 140.222315498961166, 39.492721613411788 ], [ 140.224406911949472, 39.492519918859216 ], [ 140.227928859429426, 39.494212135381815 ], [ 140.229089415644125, 39.493496026820253 ], [ 140.229457781551446, 39.492480747988168 ], [ 140.23043583744402, 39.491807666590603 ], [ 140.231398365642121, 39.491843224884974 ], [ 140.232600856344561, 39.492536279325861 ], [ 140.233698079602732, 39.49237766679596 ], [ 140.234466419889486, 39.492615441249654 ], [ 140.235670310836213, 39.49228099956855 ], [ 140.235389493930029, 39.490228467869542 ], [ 140.233609222088035, 39.489086559097473 ], [ 140.232821166863459, 39.489110170797801 ], [ 140.232040895271211, 39.489628774748212 ], [ 140.230816978221014, 39.489114054070399 ], [ 140.22933557717522, 39.489129613241118 ], [ 140.228872528844249, 39.48944655861186 ], [ 140.229256419748026, 39.489957109133343 ], [ 140.229157524000584, 39.490378775160423 ], [ 140.227751672301906, 39.490552694151575 ], [ 140.226323890635058, 39.490176585980691 ], [ 140.225484449048167, 39.488836865029327 ], [ 140.222223333739976, 39.487213532078897 ], [ 140.22280167425788, 39.486532972818509 ], [ 140.223094748024323, 39.485362972822998 ], [ 140.222774188278208, 39.483672973129273 ], [ 140.220754227325756, 39.481673801804561 ], [ 140.223908975318977, 39.480658504986081 ], [ 140.223754838714854, 39.478441838020444 ], [ 140.222261750979101, 39.478109332579663 ], [ 140.221408444544181, 39.476470441357833 ], [ 140.221527327724061, 39.475464892290972 ], [ 140.222477638632199, 39.475124891900293 ], [ 140.222894034632077, 39.474447946115845 ], [ 140.221745422313461, 39.472436802116761 ], [ 140.222767107915729, 39.472298468399629 ], [ 140.223312671742519, 39.471219864705063 ], [ 140.222409922380052, 39.469527360399411 ], [ 140.22299833980162, 39.46754035959998 ], [ 140.224305226505066, 39.467223747877711 ], [ 140.22555077764639, 39.467655388285607 ], [ 140.226219947892332, 39.468656504594037 ], [ 140.227984668657541, 39.468797333030523 ], [ 140.228614670730508, 39.469882053913693 ], [ 140.228639947975239, 39.470680945968923 ], [ 140.229776887093749, 39.471009559143909 ], [ 140.231429948033792, 39.472133720694728 ], [ 140.232354968207233, 39.471166775026688 ], [ 140.23242247671601, 39.470010666858855 ], [ 140.239131724949175, 39.467111468419603 ], [ 140.239326161073564, 39.465559774563985 ], [ 140.238637004294333, 39.464898666740112 ], [ 140.238601479274962, 39.464152558593753 ], [ 140.237500636245386, 39.463172838056096 ], [ 140.236290636203989, 39.462632305936211 ], [ 140.235853411006133, 39.46120533275996 ], [ 140.234376199901817, 39.460114802256385 ], [ 140.235517056467074, 39.458485891710609 ], [ 140.236055667635014, 39.458248387053459 ], [ 140.236239830803584, 39.457624774663657 ], [ 140.240549078976869, 39.454665864837864 ], [ 140.242562697910216, 39.454832252006895 ], [ 140.243834358169124, 39.454428360180714 ], [ 140.245062139606148, 39.455430026874296 ], [ 140.247312166023676, 39.454088332810386 ], [ 140.249832192301938, 39.45421444114362 ], [ 140.249984694837849, 39.453636107820159 ], [ 140.251247781859661, 39.452144720702336 ], [ 140.252089999653776, 39.452314721347364 ], [ 140.253303917142148, 39.450902747963482 ], [ 140.254538663828384, 39.450573305613602 ], [ 140.255185331238067, 39.449808864787315 ], [ 140.255976160871228, 39.449699973075326 ], [ 140.256988689576474, 39.449044135278655 ], [ 140.258806199646415, 39.448878278709628 ], [ 140.25983455282244, 39.449179946397464 ], [ 140.260096199779809, 39.449885774808706 ], [ 140.26207814459076, 39.451832720703578 ], [ 140.2638528918975, 39.451548838008534 ], [ 140.264370661277098, 39.450624666794965 ], [ 140.266544837973925, 39.452145225222012 ], [ 140.2673165237386, 39.451675225131567 ], [ 140.267413748545778, 39.450853802361166 ], [ 140.268973217040411, 39.449571027381069 ], [ 140.269514618804692, 39.448477135211647 ], [ 140.269663256054514, 39.446501305790662 ], [ 140.270615188440274, 39.446015468639018 ], [ 140.270842165633553, 39.444679639953449 ], [ 140.271517444974165, 39.444030999431106 ], [ 140.270810505900158, 39.443390720805155 ], [ 140.270880531611283, 39.44287266723984 ], [ 140.270382749664236, 39.442148224660912 ], [ 140.268435810963979, 39.440926027114529 ], [ 140.268858029174794, 39.440184081030566 ], [ 140.26995802864019, 39.439619612555134 ], [ 140.270976668238745, 39.438356837598008 ], [ 140.271762776431046, 39.437969891697207 ], [ 140.271329196185548, 39.437158224772304 ], [ 140.271273915758684, 39.436055171209262 ], [ 140.269670311235927, 39.435583775371015 ], [ 140.269600584099749, 39.43451877482164 ], [ 140.270645617001719, 39.433072666770215 ], [ 140.270468106118301, 39.432551837897051 ], [ 140.27180978039712, 39.431228224702863 ], [ 140.2723717496566, 39.429994306292258 ], [ 140.274359558946571, 39.429508468241295 ], [ 140.276990972555382, 39.427058467674215 ], [ 140.276746526031388, 39.425903468370393 ], [ 140.27768961088691, 39.424692640053365 ], [ 140.278504617893873, 39.424233170124751 ], [ 140.279462386879686, 39.424431225120998 ], [ 140.281019636746919, 39.42406150483464 ], [ 140.281895472997689, 39.423197332790721 ], [ 140.283703280282225, 39.423220666600514 ], [ 140.284704669085272, 39.42400344100605 ], [ 140.285449662971587, 39.423741775162853 ], [ 140.286253307044603, 39.422199251694167 ], [ 140.288413021743622, 39.421588415073359 ], [ 140.289021387926823, 39.421294531917169 ], [ 140.289228053931652, 39.420823693658576 ], [ 140.291221971416917, 39.420358136219079 ], [ 140.291897523252146, 39.42087897318612 ], [ 140.293993359106253, 39.41975866702893 ], [ 140.295690051554743, 39.420919775427365 ], [ 140.296540052081809, 39.420564775244259 ], [ 140.298856160683385, 39.420824225157901 ], [ 140.300197860143157, 39.419484468233691 ], [ 140.30213066060162, 39.418885305712365 ], [ 140.303681777092379, 39.417542251873499 ], [ 140.306510699808996, 39.416563053841912 ], [ 140.306593476108105, 39.415540279160609 ], [ 140.305447911591955, 39.414898360171264 ], [ 140.305130414936798, 39.414126972981478 ], [ 140.305068494815259, 39.413162801721967 ], [ 140.305436004568037, 39.412082224914798 ], [ 140.303152944253043, 39.410425027992687 ], [ 140.304041284677623, 39.409196413783548 ], [ 140.303983502336791, 39.408466693982803 ], [ 140.304746588784155, 39.406929170744661 ], [ 140.302734642589712, 39.405568919170321 ], [ 140.303147132833942, 39.404892531864903 ], [ 140.302225745921533, 39.403816693585611 ], [ 140.301284915666429, 39.403243358694112 ], [ 140.300187392933935, 39.40362697260673 ], [ 140.29906961117365, 39.403539748260812 ], [ 140.298120466686214, 39.401092252305659 ], [ 140.296639053049944, 39.400298640170149 ], [ 140.295644616905633, 39.400319505340974 ], [ 140.294790725911298, 39.400785332577072 ], [ 140.293425720520645, 39.400735892347598 ], [ 140.292633502334297, 39.399375332305794 ], [ 140.291486005175102, 39.399240891753777 ], [ 140.28824097334234, 39.399785333226589 ], [ 140.287069027213875, 39.398583413593713 ], [ 140.285322917918393, 39.397681468225244 ], [ 140.285128755187998, 39.3969884137843 ], [ 140.285710415103608, 39.396032026157116 ], [ 140.287340143133179, 39.395242279307809 ], [ 140.288395162107122, 39.394017278574609 ], [ 140.289018223212452, 39.394029504857826 ], [ 140.290544332255195, 39.395128386465899 ], [ 140.29215380035771, 39.394802559390655 ], [ 140.292508806836054, 39.394151171439489 ], [ 140.29336491645779, 39.393701171372015 ], [ 140.294788521673013, 39.393709197821295 ], [ 140.295440505874694, 39.393342251943409 ], [ 140.295960505572907, 39.393548360368584 ], [ 140.296728003194858, 39.39306586509764 ], [ 140.298329104904383, 39.393536134984686 ], [ 140.299216056775663, 39.393189747608801 ], [ 140.299711361989807, 39.392086694045759 ], [ 140.302691946376285, 39.390054999638551 ], [ 140.303511387940262, 39.390586945930863 ], [ 140.304518339050219, 39.390743614126563 ], [ 140.305063061111468, 39.391743612577727 ], [ 140.306684720423618, 39.391558053661299 ], [ 140.307526394127876, 39.390516946300068 ], [ 140.309445304557244, 39.391531108174149 ], [ 140.310204475356272, 39.390916945860397 ], [ 140.311855862658035, 39.39142830577174 ], [ 140.312942802168664, 39.390380802432162 ], [ 140.315843670648974, 39.390414134904461 ], [ 140.316557562381718, 39.389043026714376 ], [ 140.317919248374665, 39.388344134774059 ], [ 140.317337300675945, 39.387572747584272 ], [ 140.317155913714487, 39.386494695174122 ], [ 140.318570921410924, 39.386057720887152 ], [ 140.318620363439095, 39.384663838265567 ], [ 140.319635383266359, 39.38385161286169 ], [ 140.319528171487946, 39.383072171343713 ], [ 140.320192335208162, 39.382589667079515 ], [ 140.31535258055726, 39.380622748141377 ], [ 140.31500817079052, 39.379530251719814 ], [ 140.313410635792252, 39.379390532147397 ], [ 140.311938417723809, 39.378726360333303 ], [ 140.311239533877483, 39.379220251813251 ], [ 140.310600635710784, 39.378980801922523 ], [ 140.310301192945758, 39.379614135084296 ], [ 140.30861591379346, 39.379519440969489 ], [ 140.307462554853032, 39.380118054005038 ], [ 140.306274227573567, 39.379883613338166 ], [ 140.305905331066242, 39.379168054262323 ], [ 140.304757003832719, 39.379427505075341 ], [ 140.303274501117357, 39.378430000444212 ], [ 140.300946445921795, 39.378240306445036 ], [ 140.301385616353173, 39.376945585770216 ], [ 140.300836448043697, 39.376596414093285 ], [ 140.300701725104545, 39.375902802072687 ], [ 140.301335616745405, 39.375237532186418 ], [ 140.300711724666371, 39.375062802006767 ], [ 140.300616719386198, 39.374234467946394 ], [ 140.30015255499643, 39.374518919012928 ], [ 140.29982810568265, 39.375307252128039 ], [ 140.299922827676369, 39.377234748384979 ], [ 140.299608366233201, 39.37791335971383 ], [ 140.29736697780379, 39.378933639675779 ], [ 140.295679469232141, 39.378160026663977 ], [ 140.294074163192136, 39.37852836019573 ], [ 140.293604720681401, 39.377490865411175 ], [ 140.296021140563198, 39.377386134862263 ], [ 140.295107522893886, 39.376398082105879 ], [ 140.296095864332756, 39.375522531839408 ], [ 140.294698078653482, 39.375308080403613 ], [ 140.295916445987245, 39.373748918577803 ], [ 140.29516780804795, 39.373878640386977 ], [ 140.294338948783547, 39.372434197879954 ], [ 140.294089467854747, 39.3733572512362 ], [ 140.294543645273052, 39.373891134668156 ], [ 140.29449863870127, 39.374559748233821 ], [ 140.293540311236484, 39.37488641437659 ], [ 140.2938094684323, 39.375644747906847 ], [ 140.293095031710436, 39.376335865208091 ], [ 140.292261699218102, 39.375761999716588 ], [ 140.292381114796626, 39.376555333062242 ], [ 140.292131673438007, 39.376735052680601 ], [ 140.290783606778064, 39.376625332692981 ], [ 140.288447223860317, 39.375780333295779 ], [ 140.288756667086545, 39.374388386914575 ], [ 140.286410558000966, 39.37287172075338 ], [ 140.285881388815142, 39.372951441156147 ], [ 140.285142218039027, 39.374061441082688 ], [ 140.283759415964369, 39.375204251874777 ], [ 140.280726913716194, 39.373600640157463 ], [ 140.280907198108821, 39.374232865354486 ], [ 140.28010247664804, 39.374614802031545 ], [ 140.279782166014229, 39.37529480191364 ], [ 140.279305771744021, 39.375535080979262 ], [ 140.276365771962901, 39.374922864798407 ], [ 140.275653281373934, 39.375542864611589 ], [ 140.274608520966581, 39.375862891059626 ], [ 140.270153773278025, 39.376680945868998 ], [ 140.268612671637584, 39.376224836706911 ], [ 140.266956005315478, 39.376340666688463 ], [ 140.266563501604423, 39.37709900021872 ], [ 140.265178755195507, 39.378340973856893 ], [ 140.263585668244104, 39.379345973437978 ], [ 140.262165109032594, 39.379754027326555 ], [ 140.263253748261945, 39.378641801577942 ], [ 140.261903165298918, 39.377986801949419 ], [ 140.262693191837343, 39.376899865136693 ], [ 140.262649027030989, 39.375911801588416 ], [ 140.26416933904386, 39.373635693932158 ], [ 140.266064085589164, 39.372697333215399 ], [ 140.266239636849832, 39.371357053785061 ], [ 140.267492968925467, 39.370552612912832 ], [ 140.26673522714907, 39.368032054235982 ], [ 140.267715228275279, 39.36670177526679 ], [ 140.267978585743208, 39.365789278152704 ], [ 140.271403891176647, 39.36397455867899 ], [ 140.272912776403587, 39.36281677507418 ], [ 140.270010272056425, 39.36109927860889 ], [ 140.270320000367747, 39.360387892387394 ], [ 140.269226395082114, 39.359361505129414 ], [ 140.269484475328341, 39.35797927772154 ], [ 140.268860584148683, 39.355963171263397 ], [ 140.269366420424035, 39.35523122474126 ], [ 140.271045330577635, 39.354694837596753 ], [ 140.272698106432586, 39.355411775333209 ], [ 140.275127833582701, 39.35578286528704 ], [ 140.275728949431482, 39.355277586591399 ], [ 140.276017860236152, 39.354117586157713 ], [ 140.277147589489687, 39.353588972752959 ], [ 140.279007302045443, 39.354867585670604 ], [ 140.279406744026119, 39.356045918784162 ], [ 140.281015084378737, 39.357712585567413 ], [ 140.28298535688873, 39.355913413573205 ], [ 140.283827589072075, 39.355603946065287 ], [ 140.284189830596233, 39.354832000396527 ], [ 140.285339558973533, 39.355143946436044 ], [ 140.286127328213638, 39.354332559200316 ], [ 140.287800389176709, 39.355073945905929 ], [ 140.289052892976656, 39.354480891579954 ], [ 140.289718170956917, 39.354755612881263 ], [ 140.291631803265204, 39.354541999613616 ], [ 140.292114305730706, 39.353227278915824 ], [ 140.294442088431651, 39.353484467933924 ], [ 140.295880143054205, 39.35463836017226 ], [ 140.296800975085034, 39.354119748127914 ], [ 140.298343502150942, 39.35473446802132 ], [ 140.299330169951418, 39.35298641439158 ], [ 140.299340998688194, 39.351754468194201 ], [ 140.299952114098801, 39.350550865030471 ], [ 140.300325473042221, 39.348632252276673 ], [ 140.301294357648544, 39.347903919230532 ], [ 140.301769921844539, 39.346685279402152 ], [ 140.303387419094179, 39.346898892669799 ], [ 140.303758249143925, 39.347692504805309 ], [ 140.304853528967215, 39.348085000422486 ], [ 140.305859390098817, 39.347692504805309 ], [ 140.308665498813752, 39.34805444056002 ], [ 140.310581051174609, 39.347544134654129 ], [ 140.311730506158028, 39.348641080921197 ], [ 140.312972996007034, 39.3492035861766 ], [ 140.315906056619269, 39.349713586312987 ], [ 140.318122749665235, 39.348614414223903 ], [ 140.320106083029373, 39.348662440719124 ], [ 140.32031802895392, 39.347482171365186 ], [ 140.318912750123332, 39.346202170793617 ], [ 140.319331634547325, 39.345543558588417 ], [ 140.320874137331657, 39.344499108447167 ], [ 140.321694423358963, 39.344547170915234 ], [ 140.32287500567702, 39.343576613569894 ], [ 140.324092218281294, 39.343314945928057 ], [ 140.325613060894057, 39.342117720756278 ], [ 140.327722775086045, 39.341651864741834 ], [ 140.329727524006103, 39.339417135792246 ], [ 140.329657807661761, 39.337312973115274 ], [ 140.33024252886969, 39.336458802431821 ], [ 140.330232800903104, 39.335966027010613 ], [ 140.328314475033039, 39.334822973401572 ], [ 140.326623916860285, 39.332333559146491 ], [ 140.329861725338446, 39.330059359851646 ], [ 140.329494228176145, 39.328925748224776 ], [ 140.328255057724846, 39.327795467686713 ], [ 140.327926718843059, 39.326251053843123 ], [ 140.327530052170232, 39.325772720634575 ], [ 140.330947276295774, 39.324788251676523 ], [ 140.331812282910619, 39.325141026936876 ], [ 140.333811440745421, 39.325010198062216 ], [ 140.335377276440227, 39.326101027140737 ], [ 140.335675058157449, 39.327093251852148 ], [ 140.337465889838995, 39.32763877520938 ], [ 140.339328391192339, 39.32730933196018 ], [ 140.340503385123156, 39.327452108328202 ], [ 140.342102581169229, 39.326781559421477 ], [ 140.342167860258655, 39.325724613200407 ], [ 140.340059532821215, 39.322882108022895 ], [ 140.340422866122481, 39.321287108213539 ], [ 140.341059804666315, 39.320126278604903 ], [ 140.340927302153318, 39.31872683817312 ], [ 140.341917030346735, 39.318484891764399 ], [ 140.342256743853682, 39.317845999893052 ], [ 140.342040635866738, 39.317450719974772 ], [ 140.340358975586355, 39.316549333085334 ], [ 140.340392308957917, 39.315784054090898 ], [ 140.34101396802032, 39.315419054345909 ], [ 140.340676472241512, 39.31449600098972 ], [ 140.340298145443171, 39.314308225244474 ], [ 140.340855913969335, 39.312922666747738 ], [ 140.340563968852166, 39.312448224905722 ], [ 140.341616199927785, 39.311560171364874 ], [ 140.342224254046187, 39.311425440331845 ], [ 140.342511504702202, 39.310439613397477 ], [ 140.345295109681615, 39.308844306019978 ], [ 140.347225939725377, 39.308175973042751 ], [ 140.348113450975006, 39.307299865196683 ], [ 140.349270389217168, 39.306982359548329 ], [ 140.350138443634364, 39.305632360245284 ], [ 140.352457081129501, 39.305414279145737 ], [ 140.352672918420467, 39.304419837605451 ], [ 140.352230415101644, 39.303145693419083 ], [ 140.352864305843127, 39.301939838352894 ], [ 140.35340263282535, 39.30183844069154 ], [ 140.354089856062046, 39.301158440809445 ], [ 140.353547081932334, 39.300290387291568 ], [ 140.354165694091535, 39.299838171294596 ], [ 140.35431488982033, 39.299271504876117 ], [ 140.355777393412041, 39.298380945824022 ], [ 140.355757691064696, 39.297109279269876 ], [ 140.354386304084755, 39.296445666834131 ], [ 140.353862139626131, 39.295438170735054 ], [ 140.35282377519718, 39.295389837571008 ], [ 140.35186600531199, 39.296230414102354 ], [ 140.349523190442937, 39.29660708165153 ], [ 140.343282671558086, 39.29538710812858 ], [ 140.34246933908878, 39.295572667045008 ], [ 140.34211544687048, 39.293169612887368 ], [ 140.339104085884969, 39.290893775027769 ], [ 140.340341310203371, 39.290029612876367 ], [ 140.340300195897385, 39.289258224787318 ], [ 140.339414085791532, 39.288095171155305 ], [ 140.340110505495545, 39.287379612978782 ], [ 140.339698561139699, 39.286934332553471 ], [ 140.34001632939021, 39.285077108421888 ], [ 140.338602438651719, 39.284484054095856 ], [ 140.338266640792881, 39.282362108224788 ], [ 140.339685279052446, 39.281040720852616 ], [ 140.33952389121464, 39.280384332670849 ], [ 140.338937223873813, 39.279668504697781 ], [ 140.337862218366695, 39.279216278808292 ], [ 140.336594747149888, 39.276372665666031 ], [ 140.334258366030781, 39.27487405429423 ], [ 140.333105863245009, 39.273740198051769 ], [ 140.331521970962285, 39.273870197751478 ], [ 140.33048364520414, 39.27355019828309 ], [ 140.330979468427813, 39.27248741456259 ], [ 140.331078106069754, 39.271111585831079 ], [ 140.331505330806408, 39.270935747686678 ], [ 140.331812555405122, 39.269830468301507 ], [ 140.33154036299743, 39.268272694129564 ], [ 140.330941479265903, 39.26783574772162 ], [ 140.329450362844, 39.265028801737856 ], [ 140.329868445072748, 39.263790197859407 ], [ 140.329737612600752, 39.261589081071293 ], [ 140.330753164826774, 39.261374081049041 ], [ 140.333533475589547, 39.259707945765115 ], [ 140.334638754075286, 39.259761279159761 ], [ 140.335686004705394, 39.259405721397002 ], [ 140.33649182783563, 39.259575721142653 ], [ 140.338006004673389, 39.259087107783841 ], [ 140.339433217069427, 39.259510972653345 ], [ 140.340555187871701, 39.258941800723562 ], [ 140.340836589337187, 39.258229865915609 ], [ 140.342380777451012, 39.257044305850116 ], [ 140.342297446270209, 39.255656802119802 ], [ 140.341284941846652, 39.25478291919643 ], [ 140.34158133590995, 39.254238748419539 ], [ 140.343201919632975, 39.253782918946627 ], [ 140.343556667106554, 39.251421251589534 ], [ 140.344075279150843, 39.25106038692735 ], [ 140.345254162649553, 39.251500667122116 ], [ 140.346204722669881, 39.251409278915162 ], [ 140.348833113657292, 39.248167332656351 ], [ 140.347827275908116, 39.246774000419862 ], [ 140.344413359489067, 39.247008999565708 ], [ 140.343356419563179, 39.246137891950184 ], [ 140.342350582713266, 39.245777360037209 ], [ 140.342275887722053, 39.244760135072227 ], [ 140.341183917403896, 39.24449125216961 ], [ 140.33928613474734, 39.245545135299778 ], [ 140.338021141162812, 39.245080693918965 ], [ 140.337628339776074, 39.245233468050174 ], [ 140.337424163094738, 39.245594026942854 ], [ 140.338213605973237, 39.24728986503527 ], [ 140.337144967666177, 39.248010721117964 ], [ 140.336968301246202, 39.248875440848963 ], [ 140.3352630211715, 39.249175171397098 ], [ 140.334728859849065, 39.249132108260255 ], [ 140.333899973604957, 39.2481329461786 ], [ 140.332493307120444, 39.248145170663122 ], [ 140.332379416077288, 39.247054332591404 ], [ 140.331459974398399, 39.246119053851316 ], [ 140.326726057361725, 39.245786026803728 ], [ 140.325582697983236, 39.248013532398659 ], [ 140.324223255798643, 39.248123532974716 ], [ 140.320675472595099, 39.247307721074549 ], [ 140.318856834775147, 39.247897170917781 ], [ 140.316730999336187, 39.247111891900317 ], [ 140.314727665949135, 39.247136359755245 ], [ 140.313894616743255, 39.247460253288125 ], [ 140.31291627846349, 39.24679108124343 ], [ 140.311117082187707, 39.247426640227332 ], [ 140.310904863768542, 39.248098585781179 ], [ 140.31036263282931, 39.248251359912388 ], [ 140.307459300206574, 39.246690278933272 ], [ 140.305604837893043, 39.246965279024437 ], [ 140.303683724124653, 39.24530583739454 ], [ 140.302544280394272, 39.245574721196476 ], [ 140.301707613215854, 39.245376107721256 ], [ 140.301565939416605, 39.244575559114821 ], [ 140.300104554581594, 39.244373919420923 ], [ 140.299963164968176, 39.243964198189246 ], [ 140.298933720914533, 39.243994748159139 ], [ 140.298470078131686, 39.244428919259292 ], [ 140.296965356765895, 39.24447474781141 ], [ 140.296242309035392, 39.244969748155427 ], [ 140.291095888264749, 39.243887837653631 ], [ 140.286676134995673, 39.243963946379097 ], [ 140.285214474968143, 39.24335286514264 ], [ 140.284126109132671, 39.243337585661095 ], [ 140.281725550593706, 39.241568414151061 ], [ 140.281910273140625, 39.240300360173535 ], [ 140.280786667370876, 39.240178135112899 ], [ 140.280330829804029, 39.240569252069406 ], [ 140.277553306939581, 39.241122306349439 ], [ 140.275573307362265, 39.240841225042573 ], [ 140.274107717297397, 39.23986650473546 ], [ 140.272182437869333, 39.240483721146859 ], [ 140.270677977306832, 39.240413440927625 ], [ 140.270135746367714, 39.239368169705301 ], [ 140.270426588916052, 39.238940387388993 ], [ 140.270399104734906, 39.237501506289561 ], [ 140.267322697584518, 39.2370826389527 ], [ 140.265994889952253, 39.236343197480608 ], [ 140.264604059629733, 39.237620695238945 ], [ 140.262541530167596, 39.237874027064777 ], [ 140.261076252167413, 39.236715972763989 ], [ 140.26105263327247, 39.235512080917829 ], [ 140.260620414600567, 39.234791000004691 ], [ 140.258471505255784, 39.233119612680014 ], [ 140.256459830656695, 39.232636837719951 ], [ 140.255143722304979, 39.231374613147921 ], [ 140.252617301847067, 39.230956027298873 ], [ 140.252177588225209, 39.230308251924328 ], [ 140.252653138931237, 39.22866741367028 ], [ 140.252448689755283, 39.22827630570697 ], [ 140.251203138614073, 39.227484638805095 ], [ 140.249050363083825, 39.224942413661495 ], [ 140.248398145058445, 39.224557413893592 ], [ 140.242103645267093, 39.224791892332007 ], [ 140.240476393970425, 39.225429946035206 ], [ 140.237748002868102, 39.22728800024106 ], [ 140.236212165858888, 39.226374414047996 ], [ 140.232909079190676, 39.225504414397278 ], [ 140.231716588949439, 39.226123027455799 ], [ 140.229193450117691, 39.229465251720057 ], [ 140.228582607201588, 39.229721946110999 ], [ 140.226520921303518, 39.22950861343179 ], [ 140.225796497610304, 39.228737224443421 ], [ 140.222711777126847, 39.226882504923708 ], [ 140.222923475737844, 39.226173332833071 ], [ 140.222506809042102, 39.225100278854825 ], [ 140.22360766466204, 39.222635559083812 ], [ 140.223344916035103, 39.222191667211746 ], [ 140.223014916105512, 39.221917775085331 ], [ 140.220797133081305, 39.222044171201617 ], [ 140.220540751654426, 39.221050838525457 ], [ 140.221922697574541, 39.220073333017979 ], [ 140.221546057004957, 39.219187505299203 ], [ 140.22179133630118, 39.21813361317578 ], [ 140.222760803668166, 39.217220278792865 ], [ 140.223329416219599, 39.21683722515786 ], [ 140.22556469555434, 39.216634170830389 ], [ 140.227029442055141, 39.215831667097802 ], [ 140.227221167622815, 39.212284999952828 ], [ 140.228244229187908, 39.212081945625357 ], [ 140.229089248370201, 39.211116640320768 ], [ 140.229869248367208, 39.210922467697799 ], [ 140.229245082894295, 39.209875531830392 ], [ 140.229922892027957, 39.208194135051372 ], [ 140.229307639735794, 39.206855801753875 ], [ 140.230174890159105, 39.205540251881189 ], [ 140.230047664867925, 39.203679972752582 ], [ 140.231151025099848, 39.20299525232906 ], [ 140.231135473123686, 39.201610532000529 ], [ 140.232568833285086, 39.200402198402799 ], [ 140.233690000093475, 39.198098306191923 ], [ 140.23449472065488, 39.197483306609342 ], [ 140.236190830342593, 39.197211080926706 ], [ 140.236763646325244, 39.195181332652453 ], [ 140.239120077829398, 39.193633559840976 ], [ 140.243773968693745, 39.195013558728817 ], [ 140.244669804967543, 39.196542134611889 ], [ 140.24527396861879, 39.196907973424288 ], [ 140.248701193205534, 39.197016865136277 ], [ 140.250842632781314, 39.194526585733399 ], [ 140.254299921704046, 39.192443225274701 ], [ 140.25585994777839, 39.191235999641719 ], [ 140.25611133527002, 39.190557945892522 ], [ 140.257325525252895, 39.190139333063826 ], [ 140.257034695295033, 39.189161278969891 ], [ 140.257840246830028, 39.188260170870251 ], [ 140.256720272522671, 39.187052946136589 ], [ 140.257565005720494, 39.185791279144269 ], [ 140.257219442123642, 39.185424612056238 ], [ 140.256779196103139, 39.183077946290268 ], [ 140.257109493708185, 39.182106278282163 ], [ 140.258622022987993, 39.18113766706972 ], [ 140.260256471558932, 39.181009305934765 ], [ 140.262657081359293, 39.178091252309514 ], [ 140.263706004728419, 39.175637640065077 ], [ 140.263654889061968, 39.175060135017247 ], [ 140.265297133855711, 39.174339305914316 ], [ 140.266259662953189, 39.17324819804594 ], [ 140.268058833148643, 39.173187332829173 ], [ 140.271425837332572, 39.17158344142274 ], [ 140.273181946189879, 39.171947054413067 ], [ 140.27374780861453, 39.171488721227547 ], [ 140.273838079863594, 39.170605387328806 ], [ 140.274521698617605, 39.169927305700639 ], [ 140.275020610113074, 39.168685081151636 ], [ 140.278179001260014, 39.165508693671313 ], [ 140.279682113738659, 39.16339702705119 ], [ 140.280225226912762, 39.158547028222813 ], [ 140.281046354705609, 39.156618386229582 ], [ 140.280960246418317, 39.15525450499149 ], [ 140.282251141377174, 39.152921170775471 ], [ 140.281635305425084, 39.151002837710848 ], [ 140.283277834404544, 39.149546170719248 ], [ 140.284158418176503, 39.149716441160876 ], [ 140.286899830562788, 39.148398667264757 ], [ 140.286860117400579, 39.147929224753966 ], [ 140.287548756170281, 39.146735613058127 ], [ 140.289058494853748, 39.14595669404622 ], [ 140.292230195067532, 39.145371694048492 ], [ 140.292309636680443, 39.14461364020741 ], [ 140.293097691005755, 39.144162251586692 ], [ 140.293733280566471, 39.142370305645159 ], [ 140.29499136196182, 39.141493919009235 ], [ 140.296362218341756, 39.141016945575643 ], [ 140.296607251223691, 39.139328053846668 ], [ 140.296355576848441, 39.138355838151483 ], [ 140.298302282624263, 39.137087505384102 ], [ 140.299037276049489, 39.136930278709428 ], [ 140.301182892076895, 39.134596666602931 ], [ 140.303129301975787, 39.133469693771417 ], [ 140.303275162119121, 39.132152466663058 ], [ 140.304010196013792, 39.130741918704643 ], [ 140.303652699312693, 39.129829134706881 ], [ 140.303804942843954, 39.128227748811582 ], [ 140.303043839401766, 39.127044413668784 ], [ 140.304500271670236, 39.1234966403577 ], [ 140.303937782602702, 39.122354135335115 ], [ 140.305698911475702, 39.122246080891955 ], [ 140.30706311287247, 39.121078027029398 ], [ 140.307433942922216, 39.120371359550631 ], [ 140.308798105648066, 39.120237748173565 ], [ 140.310969830793169, 39.118236612729561 ], [ 140.311526252134854, 39.11687772093012 ], [ 140.312678468936269, 39.116308000413937 ], [ 140.311837367200837, 39.115153000210853 ], [ 140.312009611654275, 39.114139666612402 ], [ 140.314333800664485, 39.112840225396155 ], [ 140.314055745576297, 39.111855224938722 ], [ 140.314274385154818, 39.111326332744113 ], [ 140.314916615309585, 39.110630504794017 ], [ 140.314956328471794, 39.110009108333713 ], [ 140.315982749904038, 39.10959633210507 ], [ 140.315506083139326, 39.108222170716658 ], [ 140.31560527926024, 39.106935505269405 ], [ 140.316790856412922, 39.105102441424606 ], [ 140.316499467976087, 39.104021891597085 ], [ 140.316982802314556, 39.102794666840452 ], [ 140.316976162619881, 39.101482171065413 ], [ 140.31979703010893, 39.101175504945672 ], [ 140.321783164861245, 39.099950747928744 ], [ 140.325093994692111, 39.100927972847728 ], [ 140.326339000844314, 39.100515747903501 ], [ 140.327994578986704, 39.100825170445319 ], [ 140.330609856959427, 39.100420170654388 ], [ 140.332298495079499, 39.098298224783321 ], [ 140.334894112972961, 39.096349053965696 ], [ 140.336364137594956, 39.093814586374094 ], [ 140.34096644694398, 39.089325694125534 ], [ 140.341601752319093, 39.088214586234244 ], [ 140.341105357126594, 39.08639680187099 ], [ 140.341318444290891, 39.084687359733891 ], [ 140.341935382811698, 39.08366430626279 ], [ 140.341909027279826, 39.081623197752435 ], [ 140.341233217339209, 39.079916801619163 ], [ 140.341404059749607, 39.079461532423807 ], [ 140.342329052943455, 39.079057639698362 ], [ 140.342342139877928, 39.077832081385509 ], [ 140.343667717191465, 39.07572958605158 ], [ 140.343359416104249, 39.073972360236269 ], [ 140.340459416369072, 39.071621251819352 ], [ 140.338727471395714, 39.069226838347959 ], [ 140.338379690070724, 39.068219053566509 ], [ 140.336811362354524, 39.067285441270144 ], [ 140.335866940207211, 39.065799054382921 ], [ 140.333734447986444, 39.064497107655427 ], [ 140.333380271582314, 39.063348532209034 ], [ 140.333288636961129, 39.060916027053054 ], [ 140.331484188644481, 39.059099639336921 ], [ 140.331963359121801, 39.058209359974057 ], [ 140.332940895206207, 39.058327135189188 ], [ 140.333970895040807, 39.057582694385871 ], [ 140.335388444221394, 39.054963505261583 ], [ 140.33773736728574, 39.053390440816258 ], [ 140.338938223020591, 39.05180710791177 ], [ 140.341385472561569, 39.050699332907925 ], [ 140.341359391322953, 39.04937683757106 ], [ 140.342724162889908, 39.04561653197743 ], [ 140.340191634236589, 39.044493775167666 ], [ 140.338879417251405, 39.044360721370253 ], [ 140.337304695355442, 39.042536559015048 ], [ 140.332042995887605, 39.040260197750001 ], [ 140.330947198054787, 39.038426026839716 ], [ 140.329798859130165, 39.037379667437733 ], [ 140.32910247719758, 39.034802170883552 ], [ 140.327853864764165, 39.03463105417984 ], [ 140.325273580311546, 39.033223586399458 ], [ 140.324115499031109, 39.033164694295237 ], [ 140.321346056575294, 39.032158585850084 ], [ 140.320377716958092, 39.030919413600088 ], [ 140.318795746526575, 39.031261666792545 ], [ 140.318432996885349, 39.029240559204482 ], [ 140.317365772312655, 39.028122504949692 ], [ 140.318463306736248, 39.026785838096032 ], [ 140.318735837289069, 39.025124999818956 ], [ 140.317925836807945, 39.024416945585642 ], [ 140.317192218446166, 39.022183332694681 ], [ 140.314997781822285, 39.020018079970441 ], [ 140.312848637754541, 39.017150305642133 ], [ 140.311895306023644, 39.015105865143596 ], [ 140.310722528921588, 39.013589225062731 ], [ 140.303495498718348, 39.01518813512439 ], [ 140.302163528124424, 39.01710286550491 ], [ 140.30033961128413, 39.017961468047361 ], [ 140.298864305843153, 39.01755427930658 ], [ 140.297131218730783, 39.018442332847428 ], [ 140.293907588064826, 39.018218198411205 ], [ 140.293975641562724, 39.019407053592715 ], [ 140.292060856323474, 39.023897359575528 ], [ 140.291425278453858, 39.02417486517794 ], [ 140.290388300779568, 39.025688197552313 ], [ 140.289207756233054, 39.0259715316609 ], [ 140.286634916368371, 39.028092640263196 ], [ 140.283002632865305, 39.028420170654385 ], [ 140.281261802590166, 39.028974892277517 ], [ 140.281012049166748, 39.029399613301564 ], [ 140.276115888137838, 39.030886585647465 ], [ 140.27446641998938, 39.030674081243887 ], [ 140.270871633719025, 39.03254161340476 ], [ 140.269078301022887, 39.032119666789242 ], [ 140.267519416188179, 39.031329134831765 ], [ 140.266210220025641, 39.031287748031218 ], [ 140.262108469730151, 39.034733585886329 ], [ 140.260564864377102, 39.035235000195144 ], [ 140.259550699805004, 39.033948612638426 ], [ 140.257174553363029, 39.033190279108169 ], [ 140.254579274513958, 39.031018919087899 ], [ 140.25287649905124, 39.028225026763607 ], [ 140.250644254928488, 39.027635054414304 ], [ 140.249455914159171, 39.027882558633223 ], [ 140.247185863436926, 39.029281170789432 ], [ 140.245440830629946, 39.030900892062562 ], [ 140.240022995365052, 39.029727305570759 ], [ 140.238398559845677, 39.028375387114465 ], [ 140.236858003194357, 39.027570108074087 ], [ 140.23425075167097, 39.027482080633547 ], [ 140.232902411617033, 39.027011252267528 ], [ 140.231581829138122, 39.026958468358657 ], [ 140.229697082154644, 39.02725764042782 ], [ 140.227151777732388, 39.027112387326838 ], [ 140.226079829920309, 39.027508505413266 ], [ 140.225402581064372, 39.02823877469973 ], [ 140.223636200150622, 39.028463224798031 ], [ 140.222124227551149, 39.029791559432965 ], [ 140.221768638312028, 39.031186559012554 ], [ 140.219573332943014, 39.031912134737297 ], [ 140.218670558399594, 39.032686585917247 ], [ 140.217519416288042, 39.033091306019003 ], [ 140.213541089849514, 39.032532414239597 ], [ 140.210962166071226, 39.033082441401575 ], [ 140.208219636726881, 39.034463837835915 ], [ 140.201550143024747, 39.035026639867567 ], [ 140.200647056416528, 39.035818585559355 ], [ 140.202650117309076, 39.037758837800197 ], [ 140.20363761338524, 39.039523000086433 ], [ 140.202378975309557, 39.042017721240882 ], [ 140.202999780015944, 39.045528838185362 ], [ 140.201667807623267, 39.047165224795322 ], [ 140.203168637622639, 39.048432170808098 ], [ 140.204071699949054, 39.050139360143419 ], [ 140.204336979268191, 39.051067694318704 ], [ 140.204111115435694, 39.052088531860306 ], [ 140.204765837173682, 39.053496306309569 ], [ 140.203800830444038, 39.054309919367313 ], [ 140.203405838308868, 39.055172414175615 ], [ 140.201786082861531, 39.056214919083288 ], [ 140.201921336400574, 39.057781306062452 ], [ 140.201317716839185, 39.059492694332448 ], [ 140.198107134436782, 39.061256585922763 ], [ 140.195764889737916, 39.060988278586251 ], [ 140.193824060132329, 39.060336892433668 ], [ 140.191234035122648, 39.061318279415104 ], [ 140.188773722029737, 39.061494134646637 ], [ 140.187921529854748, 39.058568586071431 ], [ 140.184084280065576, 39.058718027315138 ], [ 140.181122022963109, 39.057939172155102 ], [ 140.179270895335662, 39.058071386885047 ], [ 140.17514616106655, 39.057433333181848 ], [ 140.173859778905694, 39.056113359543986 ], [ 140.173047004016098, 39.054054198042877 ], [ 140.171320609658437, 39.051959748043998 ], [ 140.171156719007399, 39.051031693557889 ], [ 140.166083890659138, 39.052470332739745 ], [ 140.164594162790422, 39.05364950492077 ], [ 140.162195811187757, 39.054190332917585 ], [ 140.160153307828978, 39.053090613141308 ], [ 140.157501089303878, 39.049104531848741 ], [ 140.154397445285895, 39.048471197787592 ], [ 140.151863839244811, 39.048395946116045 ], [ 140.150802969281699, 39.049179279000555 ], [ 140.150752139599604, 39.049702891275444 ], [ 140.148833501664853, 39.052712053418588 ], [ 140.147755693870295, 39.053613999686377 ], [ 140.147981530723087, 39.055118721052168 ], [ 140.145977886170613, 39.056214278765992 ], [ 140.145859532691361, 39.057335945597458 ], [ 140.144618145411187, 39.058172053397584 ], [ 140.143608106029319, 39.059592892298213 ], [ 140.143889779989422, 39.061344278815454 ], [ 140.141503087197748, 39.062113999561461 ], [ 140.140848366359137, 39.062809278925158 ], [ 140.138371115434666, 39.063948720856843 ], [ 140.137851920629714, 39.064494279287601 ], [ 140.137795525043543, 39.065567891744877 ], [ 140.134770777649351, 39.064599865091736 ], [ 140.133185227016725, 39.063249307309718 ], [ 140.132158274984477, 39.063873747975151 ], [ 140.129839079010367, 39.062998468404658 ], [ 140.127627134384852, 39.063050999604002 ], [ 140.124461529775886, 39.063988225376363 ], [ 140.121984279750791, 39.066201278866004 ], [ 140.120960117415507, 39.066657108338916 ], [ 140.120082308052133, 39.068025441221209 ], [ 140.116862826857982, 39.068231027140257 ], [ 140.116482528745792, 39.070700468351959 ], [ 140.116736134864823, 39.071852386578428 ], [ 140.116550584042329, 39.073026278839734 ], [ 140.114968055131726, 39.074893775027761 ], [ 140.114903306642304, 39.077784332780766 ], [ 140.114495811232814, 39.0783632245832 ], [ 140.111354086322081, 39.079019360055497 ], [ 140.107859882927301, 39.080508532143085 ], [ 140.106174578593937, 39.081561864888215 ], [ 140.103409001424325, 39.082308532412867 ], [ 140.102361750794216, 39.083271585815112 ], [ 140.100467030329241, 39.083777441875498 ], [ 140.098524501904308, 39.083859108411161 ], [ 140.096221971267028, 39.084889387035616 ], [ 140.093969170440914, 39.084706053941261 ], [ 140.083528248330026, 39.085107198338562 ], [ 140.080715446860495, 39.085731666882964 ], [ 140.075795940330408, 39.086181666950438 ], [ 140.073514254179599, 39.086872504562507 ], [ 140.066179415947317, 39.090624468044837 ], [ 140.063970778128919, 39.091455586406255 ], [ 140.062456861195301, 39.092885027322211 ], [ 140.066940220814558, 39.097707505097333 ], [ 140.0672179773278, 39.099313053954347 ], [ 140.062873451448695, 39.106942504692881 ], [ 140.061638147182862, 39.111070865028466 ], [ 140.061455357278987, 39.11338836038459 ], [ 140.062439195812317, 39.133498640250082 ], [ 140.06512085634256, 39.138685838081017 ], [ 140.065900272679528, 39.142443053604097 ], [ 140.065758884864749, 39.144752505423867 ], [ 140.063368559711307, 39.150678332639018 ], [ 140.064295227442813, 39.156107225068411 ], [ 140.064131309812183, 39.158425558592683 ], [ 140.063515187875737, 39.159679441053413 ], [ 140.06411408599638, 39.161316108251867 ], [ 140.060876278417595, 39.162270585719 ], [ 140.059610415188558, 39.16307141401461 ], [ 140.056672048576274, 39.166089197958172 ], [ 140.056559001097071, 39.168209748081438 ], [ 140.053400362636694, 39.168275612629486 ], [ 140.050717834260695, 39.169793107965631 ], [ 140.047566134969202, 39.170311747888888 ], [ 140.042738301731333, 39.174390387406504 ], [ 140.042186641400463, 39.175580387424986 ], [ 140.042588028614659, 39.177619837585496 ], [ 140.044837755558092, 39.179946747944086 ], [ 140.044790533056698, 39.18109897194006 ], [ 140.045963022375645, 39.183184801937102 ], [ 140.045625498717868, 39.184938972755447 ], [ 140.047554111932754, 39.188015081331002 ], [ 140.049917717328867, 39.190192865208587 ], [ 140.052096354663149, 39.190953667377926 ], [ 140.053890531822617, 39.19361783789293 ], [ 140.05288133600493, 39.198431441158164 ], [ 140.054009584974438, 39.211478666906999 ], [ 140.058312607141147, 39.226820865390664 ], [ 140.054808949173776, 39.231527559049653 ], [ 140.052342217619298, 39.233876170948577 ], [ 140.048926641051708, 39.236013693976872 ], [ 140.046131894371456, 39.236241467969421 ], [ 140.045296614846961, 39.238216468215512 ], [ 140.044201582337223, 39.238894800754508 ], [ 140.042004616819668, 39.239114278501177 ], [ 140.04120544687396, 39.241642333027301 ], [ 140.041537665430951, 39.241785946664152 ], [ 140.041247081887377, 39.243566224801498 ], [ 140.039048469711133, 39.244216774584515 ], [ 140.038509273983891, 39.245182891976924 ], [ 140.03767011748198, 39.245541802412276 ], [ 140.03637924770419, 39.246997640228983 ], [ 140.034890636793534, 39.246950972609341 ], [ 140.034925356919757, 39.247842919315303 ], [ 140.034358391926276, 39.248542919220426 ], [ 140.033477275755786, 39.248817639622416 ], [ 140.031967003774298, 39.248708505093475 ], [ 140.032901997429349, 39.249522360068909 ], [ 140.033828949346571, 39.25098874783248 ], [ 140.03347169905976, 39.252295415101401 ], [ 140.037958637980864, 39.259530413297966 ], [ 140.021835965557443, 39.269204360293031 ], [ 140.020014034420228, 39.268467998999029 ], [ 140.016283994610717, 39.267880774977812 ], [ 140.014282866361214, 39.266980532025968 ], [ 140.011683411060631, 39.267541082155276 ], [ 140.011413942699392, 39.268602468329277 ], [ 140.01003505807148, 39.26946191893245 ], [ 140.009756446303072, 39.270910531595803 ], [ 140.008966419764533, 39.272000532398692 ], [ 140.007755032069099, 39.272840000066026 ], [ 140.006968366297087, 39.27296972097588 ], [ 140.005806393650232, 39.273929999969596 ], [ 140.004102776422087, 39.273751386517347 ], [ 140.003247470794236, 39.276066666843235 ], [ 140.00176386461078, 39.277252801575571 ], [ 140.000625188002118, 39.281248919302243 ], [ 139.999222969564471, 39.282498919389695 ], [ 139.999517420192888, 39.283204198315161 ], [ 139.998706005078134, 39.284128359636156 ], [ 139.996995720276345, 39.284123080615757 ], [ 139.996287392649151, 39.284883640867406 ], [ 139.995300440662845, 39.284814224896593 ], [ 139.994869856958417, 39.285243107983092 ], [ 139.992782633012212, 39.285918667012936 ], [ 139.992354034111486, 39.286595891587183 ], [ 139.992869857358073, 39.287640332735236 ], [ 139.99296316471839, 39.289297559334955 ], [ 139.993610661303023, 39.289595892336592 ], [ 139.996366524895279, 39.288925305658381 ], [ 139.996364577863005, 39.290602802077728 ], [ 139.995848715945499, 39.291761171141161 ], [ 139.997048171436063, 39.292866694242605 ], [ 140.002757912247944, 39.294288892018812 ], [ 140.001258469902496, 39.294828080551554 ], [ 140.000542606855902, 39.295764198359109 ], [ 139.998674553088222, 39.296382531728511 ], [ 139.995799805416709, 39.296328108355567 ], [ 139.993533671241948, 39.298032559255262 ], [ 139.993511166607163, 39.299053666593466 ], [ 139.992477562289764, 39.300566999867215 ], [ 139.990168638371983, 39.30274310740856 ], [ 139.9899208301822, 39.303639531838996 ], [ 139.990473060683257, 39.305577559157086 ], [ 139.990318611115072, 39.306808386597822 ], [ 139.988279688856665, 39.307783972952052 ], [ 139.987162723680854, 39.309560640311361 ], [ 139.980115226936277, 39.313091449710669 ], [ 139.982859339087327, 39.316955666570834 ], [ 139.983170725748437, 39.317974837668658 ], [ 139.985756251449857, 39.322011747744 ], [ 139.986190972935105, 39.323409251935459 ], [ 139.988756471633906, 39.328171504811166 ], [ 139.98872024604259, 39.329070252190434 ], [ 139.98835260678743, 39.329576720689147 ], [ 139.989126913176619, 39.329961613437774 ], [ 139.989261777309252, 39.330865081358468 ], [ 139.990235083882112, 39.331615000831675 ], [ 139.990489584826491, 39.332421693606307 ], [ 139.990977393292155, 39.332827694342654 ], [ 139.991176278362673, 39.333855837976614 ], [ 139.992909948235592, 39.336598530997435 ], [ 139.993548561317084, 39.337983801711118 ], [ 139.992842633081068, 39.338317468176683 ], [ 139.992847638707644, 39.338846441310295 ], [ 139.993748029148264, 39.340085838390792 ], [ 139.993560441361296, 39.341894892135599 ], [ 139.993837249989156, 39.340069109202091 ], [ 139.992932865659327, 39.338824359356749 ], [ 139.992927563256558, 39.338359170639251 ], [ 139.993841946248835, 39.337925360167276 ], [ 139.994866887397052, 39.339292532024785 ], [ 139.994071698749963, 39.339631892098168 ], [ 139.994439947745491, 39.339552467572389 ], [ 139.994869222036982, 39.340749531765539 ], [ 139.994069143776073, 39.341125585077748 ], [ 139.994902775742617, 39.340812414161633 ], [ 139.996760506192459, 39.342154333056101 ], [ 139.995046082710587, 39.342877000373335 ], [ 139.993816550293673, 39.342877108291987 ], [ 139.995070856335019, 39.34294522474238 ], [ 139.996810388888434, 39.342210252900884 ], [ 139.998084383787386, 39.344660775074772 ], [ 139.998350778265831, 39.346890413861558 ], [ 139.999330389086253, 39.347658026596719 ], [ 140.000484968406681, 39.349748107689095 ], [ 140.002043995334134, 39.35495964027524 ], [ 140.00316788618909, 39.356088027740327 ], [ 140.003703774209839, 39.3578513329727 ], [ 140.004925836857979, 39.359825531922809 ], [ 140.004897419180566, 39.361583666952697 ], [ 140.005437497142793, 39.362184441059185 ], [ 140.005361479248904, 39.36292422427357 ], [ 140.005892776230667, 39.3634994684258 ], [ 140.005833724047193, 39.364197252401311 ], [ 140.007106614578674, 39.365405306309867 ], [ 140.010001051107679, 39.372206306076237 ], [ 140.011211750821758, 39.375780107565959 ], [ 140.011281699191159, 39.376981639591065 ], [ 140.010805083687728, 39.378315918744704 ], [ 140.011307951300978, 39.379061278655115 ], [ 140.011535810729129, 39.380233720310002 ], [ 140.01269902713841, 39.380765278994488 ], [ 140.013426977972699, 39.381659027042531 ], [ 140.014825252883156, 39.387295973130733 ], [ 140.014021311134684, 39.389691559318067 ], [ 140.01060610868501, 39.389210332990501 ], [ 140.013417392998349, 39.389853776330767 ], [ 140.014017911697351, 39.389726864902968 ], [ 140.013919973727866, 39.391487000025109 ], [ 140.012474138171001, 39.391576837800869 ], [ 140.009499689858899, 39.391004440902293 ], [ 140.00921508410886, 39.391889666974578 ], [ 140.009557795056253, 39.391071432300805 ], [ 140.012948053909668, 39.391586721350166 ], [ 140.013149222358834, 39.392174838398148 ], [ 140.012475577985583, 39.39231574777358 ], [ 140.01218496836168, 39.392883198400966 ], [ 140.012509247703633, 39.392346973134352 ], [ 140.013316720190574, 39.392351467945957 ], [ 140.013050312222163, 39.391579415257866 ], [ 140.013931206260281, 39.391519640019396 ], [ 140.01419474718989, 39.392281721024631 ], [ 140.01411630382438, 39.39190194631783 ], [ 140.015067107560981, 39.391710720773176 ], [ 140.015495836863465, 39.39244644085062 ], [ 140.014929637193063, 39.392686504978258 ], [ 140.015446550418005, 39.392788134664727 ], [ 140.014637275689779, 39.392965666232556 ], [ 140.015459830706732, 39.392814081005099 ], [ 140.015565031601, 39.393121972001438 ], [ 140.014750271907587, 39.393310360185012 ], [ 140.015574668736008, 39.393142865051232 ], [ 140.01602133591598, 39.394398000267529 ], [ 140.01418374758191, 39.394787639637912 ], [ 140.013497808577085, 39.392857467897898 ], [ 140.01406224377763, 39.39471399955147 ], [ 140.012925746226301, 39.394956413607645 ], [ 140.012601751070065, 39.394042027017974 ], [ 140.012217057071553, 39.393940305600665 ], [ 140.012523917444923, 39.393817801750231 ], [ 140.010375252715789, 39.394289945824369 ], [ 140.009805161678969, 39.393003999834775 ], [ 140.010638885376352, 39.395328802182519 ], [ 140.011355422015185, 39.395657332619862 ], [ 140.014538003126404, 39.394983801561239 ], [ 140.016229663867989, 39.396093467839307 ], [ 140.016654162759437, 39.397674081193941 ], [ 140.017976251602818, 39.399331000225516 ], [ 140.018306938614387, 39.401265225210011 ], [ 140.02042252897661, 39.403022612004008 ], [ 140.021518754886642, 39.405633441030545 ], [ 140.0244822449597, 39.415613467787352 ], [ 140.024855719915649, 39.418347180178273 ], [ 140.02596987021343, 39.422086323824828 ], [ 140.026550143374493, 39.423100937158551 ], [ 140.026906846873544, 39.426009784424082 ], [ 140.029323112971383, 39.434060125974099 ], [ 140.030668547315713, 39.439904586127795 ], [ 140.031076095785238, 39.440338053958101 ], [ 140.031162865973556, 39.441078648360985 ], [ 140.03022566808022, 39.441910387254609 ], [ 140.03086922203704, 39.442396252285278 ], [ 140.030603086563247, 39.443190946305208 ], [ 140.031779273894472, 39.444002721148706 ], [ 140.032904254727669, 39.449656026804234 ], [ 140.033601166360768, 39.451334080803235 ], [ 140.034558197902584, 39.456738107877413 ], [ 140.034437471112483, 39.457392918648338 ], [ 140.035237223818854, 39.458355999929495 ], [ 140.035427717315315, 39.460151505387728 ], [ 140.034933554240183, 39.460750441279913 ], [ 140.035499415765457, 39.461164440586515 ], [ 140.035631439839108, 39.461704747875842 ], [ 140.035093838609782, 39.46230083741375 ], [ 140.035874720841775, 39.462594441780141 ], [ 140.036300973411244, 39.46339600032519 ], [ 140.03638019469031, 39.464294558846859 ], [ 140.035750219597048, 39.464596972972004 ], [ 140.036546160976627, 39.465198864935701 ], [ 140.036546200546809, 39.465621693786204 ], [ 140.036063332956473, 39.466088585819648 ], [ 140.036731024717028, 39.466937134840975 ], [ 140.03625189380989, 39.467547919301069 ], [ 140.037367276178884, 39.467840613553506 ], [ 140.038112217904541, 39.469223558620399 ], [ 140.038172582198968, 39.470503802008921 ], [ 140.040023306930152, 39.477414558635019 ], [ 140.040047444733887, 39.478967721083507 ], [ 140.041424915627431, 39.484296892187899 ], [ 140.041714891229276, 39.487023278701429 ], [ 140.04221099863878, 39.487866838283992 ], [ 140.042608638378056, 39.489706468079078 ], [ 140.042373087048418, 39.490483108208934 ], [ 140.041592865818188, 39.490744613073502 ], [ 140.042440948990702, 39.491082865182136 ], [ 140.042455446961412, 39.491581134561784 ], [ 140.041986835424154, 39.492145414179561 ], [ 140.043100440732815, 39.492241306191374 ], [ 140.042442088431699, 39.493294307086671 ], [ 140.043068300761547, 39.494129919360319 ], [ 140.043235383106548, 39.496220694729345 ], [ 140.045032088260314, 39.498699000558474 ], [ 140.045252776494522, 39.501084694203314 ], [ 140.044938340232306, 39.501349864704537 ], [ 140.044944449326977, 39.502088748596918 ], [ 140.043664162770938, 39.502519801747496 ], [ 140.044225421566011, 39.504771694258352 ], [ 140.043382801774897, 39.506073891896619 ], [ 140.042593332816068, 39.506212468430704 ], [ 140.043436808761726, 39.506133441405268 ], [ 140.044311361680116, 39.504781918650679 ], [ 140.043755446656633, 39.502543251569875 ], [ 140.044959170329548, 39.502154667104264 ], [ 140.045353916949807, 39.504490253222684 ], [ 140.044777392162928, 39.504563027261952 ], [ 140.045347562340226, 39.504558775267299 ], [ 140.045236471785756, 39.505598973413953 ], [ 140.044905423246746, 39.505655774594402 ], [ 140.044800439988421, 39.50488994611419 ], [ 140.044684449028182, 39.50569353173114 ], [ 140.045236913352937, 39.505668278768098 ], [ 140.045452140903649, 39.506983693742541 ], [ 140.044970894791049, 39.50733005413872 ], [ 140.042634967829599, 39.507491531908727 ], [ 140.042987562326175, 39.507702171118353 ], [ 140.045892995765257, 39.507257747746905 ], [ 140.049155615639165, 39.523840837085004 ], [ 140.049377716708364, 39.526234252308939 ], [ 140.050747807765219, 39.530981107891876 ], [ 140.050750947298411, 39.533934864602372 ], [ 140.05134094662742, 39.5374509727842 ], [ 140.05123778179825, 39.53947986490391 ], [ 140.049021114832613, 39.539845468093915 ], [ 140.05115152961946, 39.539633026642946 ], [ 140.049802606804974, 39.542016838006703 ], [ 140.051607638781547, 39.544184802186919 ], [ 140.051310026136889, 39.545098918080669 ], [ 140.051976549678102, 39.545815414250001 ], [ 140.051488560448774, 39.546525721285036 ], [ 140.052353410581532, 39.547149505445361 ], [ 140.051928910790707, 39.547924667089774 ], [ 140.0524327244907, 39.548465081398433 ], [ 140.052412865661267, 39.549246414190691 ], [ 140.052817521911152, 39.549842504627918 ], [ 140.052587418674534, 39.550620721269297 ], [ 140.053099195871255, 39.551389666799707 ], [ 140.05299005234906, 39.552062865109178 ], [ 140.053799390029894, 39.553310440624387 ], [ 140.053464811651793, 39.555043388341744 ], [ 140.053655252987596, 39.55566717070343 ], [ 140.053099830792576, 39.556235386653839 ], [ 140.053583838723284, 39.55724219836884 ], [ 140.053432970255471, 39.559070333029524 ], [ 140.055099272813209, 39.56175077497835 ], [ 140.055027886427865, 39.562467198302613 ], [ 140.056132723346536, 39.566216224599145 ], [ 140.05607713355289, 39.567862081070245 ], [ 140.056416277789026, 39.568760721430181 ], [ 140.056717717948345, 39.573170440963111 ], [ 140.05728102449973, 39.575838504643343 ], [ 140.057215446835471, 39.57962055944131 ], [ 140.057810855586581, 39.581825973190178 ], [ 140.057715422228966, 39.583114531710351 ], [ 140.058390388605631, 39.587412999710239 ], [ 140.058795278679213, 39.588497306005934 ], [ 140.058906419595701, 39.591964694315266 ], [ 140.059654721188508, 39.595803775124182 ], [ 140.059656938916646, 39.597787586028346 ], [ 140.064430025925049, 39.597536197637453 ], [ 140.065645304087525, 39.597052026929532 ], [ 140.066314746828198, 39.597142026583299 ], [ 140.068453087340117, 39.598378107863425 ], [ 140.070914226910077, 39.597136440894076 ], [ 140.07162005172404, 39.59713061328722 ] ] ] ] } },
{ "type": "Feature", "properties": { "regioncode": "0520200", "regionname": "秋田県能代市", "name": "能代市", "namekana": "のしろし", "PrefCode": "05" }, "geometry": { "type": "MultiPolygon", "coordinates": [ [ [ [ 139.97053347573933, 40.199995198319812 ], [ 139.968359001366935, 40.197634198259721 ], [ 139.968070168803365, 40.197795694016122 ], [ 139.976833839110441, 40.207306612809987 ], [ 139.982158974956747, 40.210900197586113 ], [ 139.982190363094901, 40.211710638735042 ], [ 139.982436887052813, 40.211700224585741 ], [ 139.982560777657795, 40.210932585770252 ], [ 139.976996030942132, 40.207139053824335 ], [ 139.970537912094983, 40.199999999800184 ], [ 139.97053347573933, 40.199995198319812 ] ] ], [ [ [ 140.000000000000114, 40.212654972748851 ], [ 139.999467756032232, 40.21248630579845 ], [ 140.000263022020931, 40.212755694120062 ], [ 140.000007886155117, 40.212657999866849 ], [ 140.000000000000114, 40.212654972748851 ] ] ], [ [ [ 140.152494720854747, 40.374403532197277 ], [ 140.155641946019045, 40.374307972934673 ], [ 140.157535551324713, 40.373647694285694 ], [ 140.160610829826055, 40.37193241374996 ], [ 140.164308886146273, 40.371712945895808 ], [ 140.166180027286487, 40.370871837865081 ], [ 140.167675304871523, 40.369656000324198 ], [ 140.168224474979638, 40.367875440699095 ], [ 140.169092554577787, 40.367553504990326 ], [ 140.170072827299236, 40.365207666600611 ], [ 140.170743385199103, 40.364613224620655 ], [ 140.169600077981272, 40.36291544129466 ], [ 140.170521750878152, 40.36152655890362 ], [ 140.171666744324853, 40.361053775411449 ], [ 140.174660362585769, 40.361984586319636 ], [ 140.177523696061826, 40.361895135252325 ], [ 140.177893695137982, 40.361347359992749 ], [ 140.178032581038792, 40.360143468146589 ], [ 140.182592050283006, 40.357785414265493 ], [ 140.183002633065144, 40.355795107558208 ], [ 140.185645693793845, 40.355225108252171 ], [ 140.186631529721353, 40.353661224985615 ], [ 140.190386278404048, 40.352135667227287 ], [ 140.193295161642482, 40.350447306098374 ], [ 140.1937309991863, 40.349619801212896 ], [ 140.193572970316382, 40.347832585705305 ], [ 140.19425158164529, 40.346910640313865 ], [ 140.194219364332298, 40.346384532420302 ], [ 140.195040195348838, 40.346135359059645 ], [ 140.195741608088838, 40.345100919272056 ], [ 140.196832724950355, 40.344799224604571 ], [ 140.197788585574813, 40.341851999670098 ], [ 140.196608300932439, 40.340664505162863 ], [ 140.194866394168798, 40.337617000424302 ], [ 140.195233061256886, 40.336663108415792 ], [ 140.194859999989035, 40.335128107776029 ], [ 140.195736978378932, 40.332769506207796 ], [ 140.194305576940906, 40.332225332732946 ], [ 140.193750583722476, 40.330139505433863 ], [ 140.193973671347862, 40.329122278670297 ], [ 140.195367562063439, 40.326834505008435 ], [ 140.194493412041425, 40.324593666964233 ], [ 140.194765357135566, 40.323929747859609 ], [ 140.194605913632017, 40.323290305603166 ], [ 140.195683164746356, 40.322129467900652 ], [ 140.19498927483528, 40.319769747575833 ], [ 140.195316781844099, 40.319284468003843 ], [ 140.196620661214638, 40.319149198276932 ], [ 140.197866524420647, 40.318073639686759 ], [ 140.198527911034375, 40.315410864919556 ], [ 140.199931828291255, 40.313918612653879 ], [ 140.201871556227388, 40.312854441279512 ], [ 140.201702386556008, 40.312077505272725 ], [ 140.202092411735521, 40.310816386866804 ], [ 140.201563256039549, 40.309752225384955 ], [ 140.202098832894876, 40.30790722483863 ], [ 140.201791360982611, 40.30462274784162 ], [ 140.201049144202671, 40.302860531688225 ], [ 140.201606913628211, 40.301861080924198 ], [ 140.20431888490873, 40.300862468328319 ], [ 140.204455577363092, 40.297297748192591 ], [ 140.208393644750913, 40.297273559127518 ], [ 140.208759468274934, 40.296993000326779 ], [ 140.20905169937646, 40.298165225244986 ], [ 140.208405005886334, 40.299459945919807 ], [ 140.208838612212276, 40.299499386587456 ], [ 140.209742503713642, 40.298705504655345 ], [ 140.210675551235795, 40.298936332745598 ], [ 140.211845006242129, 40.30075272136105 ], [ 140.212383060729735, 40.300678558768539 ], [ 140.212296938952591, 40.299573559072542 ], [ 140.211946939000086, 40.299212171004967 ], [ 140.212071970844818, 40.298711333161521 ], [ 140.211565576989869, 40.298180504726588 ], [ 140.211586978156561, 40.297397170942759 ], [ 140.212667250093546, 40.298012999700234 ], [ 140.213215305042354, 40.297892720772495 ], [ 140.214033644936876, 40.298829666855681 ], [ 140.214393916945824, 40.298570504725092 ], [ 140.21374725043529, 40.297748278860013 ], [ 140.212549467683857, 40.297146332936961 ], [ 140.213066419579718, 40.296202441389596 ], [ 140.212927275573406, 40.294626053949287 ], [ 140.213201165901182, 40.294016026718339 ], [ 140.213434228806705, 40.293917972736324 ], [ 140.213890051984322, 40.294535467937521 ], [ 140.213836161010136, 40.295202972639117 ], [ 140.214755887774118, 40.29486991861188 ], [ 140.214373112928911, 40.293394359562114 ], [ 140.213535058096568, 40.292787693996956 ], [ 140.21392367223973, 40.292122693907231 ], [ 140.214379222023581, 40.291988801941727 ], [ 140.213545642217696, 40.291196585554019 ], [ 140.213470077582087, 40.289237134586131 ], [ 140.214051504573376, 40.288137973288883 ], [ 140.21377150515093, 40.287089639875035 ], [ 140.215092335842655, 40.286769359818152 ], [ 140.215629000877698, 40.287067693719166 ], [ 140.215675940092638, 40.287641864980117 ], [ 140.216378443710255, 40.287647694385612 ], [ 140.216642892055916, 40.287940467778412 ], [ 140.216804527207273, 40.289021307187625 ], [ 140.216267860373478, 40.290783802130818 ], [ 140.216909805443265, 40.292263802032892 ], [ 140.217487859976814, 40.290558801647421 ], [ 140.218788418151007, 40.290125198019552 ], [ 140.219273451308823, 40.288216558747251 ], [ 140.2176348640578, 40.284781838311233 ], [ 140.218369856583649, 40.282180721063469 ], [ 140.217547082132228, 40.281679613423478 ], [ 140.217466278046345, 40.280897107915223 ], [ 140.216485720239916, 40.280027108264505 ], [ 140.216207665151728, 40.27929655838949 ], [ 140.216408222961149, 40.278774332869204 ], [ 140.217230999211324, 40.278340721147401 ], [ 140.217561855295457, 40.277524332781809 ], [ 140.216207691232057, 40.275902640194715 ], [ 140.213009636385664, 40.275187108098635 ], [ 140.211054643357215, 40.274191278904425 ], [ 140.211264643148866, 40.273205720867395 ], [ 140.210956614556153, 40.271015413930286 ], [ 140.211661608396525, 40.27040069403688 ], [ 140.21171302173866, 40.269382638997627 ], [ 140.214409974340924, 40.26825680200983 ], [ 140.21537247735796, 40.26839180194014 ], [ 140.215886912950737, 40.268054026472214 ], [ 140.216261634367015, 40.267198198338235 ], [ 140.217128858709884, 40.267080135340052 ], [ 140.217643021808044, 40.267885133791935 ], [ 140.218348585818603, 40.268020134621565 ], [ 140.221905278605732, 40.267598170918916 ], [ 140.22269888534538, 40.267192892338187 ], [ 140.22298555234147, 40.265965386993059 ], [ 140.222687781416084, 40.265256224794996 ], [ 140.223470583700532, 40.264411505086969 ], [ 140.223595576874459, 40.263443169966365 ], [ 140.220773644588121, 40.262851774889555 ], [ 140.220413645073677, 40.261320108036614 ], [ 140.219429195900716, 40.260126505334028 ], [ 140.219135058236361, 40.259135667377222 ], [ 140.219568663662926, 40.257896747836696 ], [ 140.221009248078417, 40.256466748441767 ], [ 140.221319247984979, 40.255395360007924 ], [ 140.222677030021032, 40.255504251719913 ], [ 140.226219000906212, 40.254169774715365 ], [ 140.227307613155858, 40.252369775344903 ], [ 140.228533165173531, 40.252097838344639 ], [ 140.230353748227003, 40.250971999558203 ], [ 140.230926252144855, 40.250217278604566 ], [ 140.230573747580479, 40.249299505168096 ], [ 140.230698755143521, 40.248668919435147 ], [ 140.231946550992575, 40.247751134307464 ], [ 140.23569680936032, 40.249170305864993 ], [ 140.237612943582576, 40.248432802431921 ], [ 140.239095718792441, 40.247160306702824 ], [ 140.24097461658539, 40.247239197930696 ], [ 140.243274358424969, 40.245630279314014 ], [ 140.244651855398843, 40.245887775000881 ], [ 140.246406031613105, 40.244733891755743 ], [ 140.247624641763878, 40.244721667271165 ], [ 140.248189948407457, 40.24405194574075 ], [ 140.249577418862827, 40.245690559072102 ], [ 140.25235192000514, 40.240302467984577 ], [ 140.258612438013643, 40.242779414038807 ], [ 140.260821920295484, 40.242351918606232 ], [ 140.262363307021019, 40.242807748079144 ], [ 140.263412994813962, 40.243691919246714 ], [ 140.26470938912712, 40.243934134552717 ], [ 140.268218586018975, 40.243056612972339 ], [ 140.269282995713752, 40.24421105379713 ], [ 140.271690220027722, 40.244768558821988 ], [ 140.273408028557697, 40.243844946087449 ], [ 140.274164137165258, 40.24265133259297 ], [ 140.275257755940743, 40.242420505402038 ], [ 140.276008301342131, 40.241709944758213 ], [ 140.275703021976938, 40.24117189206919 ], [ 140.276639441956718, 40.240206306176162 ], [ 140.275435836994347, 40.237971026841478 ], [ 140.273564188636442, 40.236619918674364 ], [ 140.273534746631299, 40.235994639840783 ], [ 140.274856446068156, 40.233686027088538 ], [ 140.276030895009853, 40.23232936021185 ], [ 140.276412554695753, 40.231253504845427 ], [ 140.279722865617828, 40.229069054293461 ], [ 140.280228691101229, 40.228421278918916 ], [ 140.279899001437798, 40.227616278668393 ], [ 140.281690117305175, 40.226174865078008 ], [ 140.281969000668937, 40.225212360262276 ], [ 140.282857367173847, 40.224435134673797 ], [ 140.2818737480751, 40.222807919350032 ], [ 140.281822633307911, 40.221282081003267 ], [ 140.280648494632374, 40.21953625229628 ], [ 140.279686835179405, 40.219209586153511 ], [ 140.279672114176833, 40.218179305730416 ], [ 140.280215187780755, 40.217154837625685 ], [ 140.27880630446748, 40.214941775142847 ], [ 140.277015472785934, 40.213855108126779 ], [ 140.274527445285457, 40.212908999750596 ], [ 140.273360505682831, 40.211979838198999 ], [ 140.273074668761069, 40.211389559180873 ], [ 140.273668831951113, 40.210780666894323 ], [ 140.274556614795983, 40.210499000128777 ], [ 140.27757328088228, 40.210938170560155 ], [ 140.279205525214934, 40.210363721408669 ], [ 140.282201088709371, 40.210793973263321 ], [ 140.286338586156944, 40.210420081021994 ], [ 140.288469974010127, 40.209319802766743 ], [ 140.290750000012508, 40.207154225387228 ], [ 140.293138612856751, 40.205687279144684 ], [ 140.295998637727052, 40.204735053579896 ], [ 140.299370855280813, 40.205243107583385 ], [ 140.29979085576349, 40.204080892119521 ], [ 140.299402554584276, 40.20119030558817 ], [ 140.296451751247332, 40.199294747854367 ], [ 140.295468418133055, 40.19814586483983 ], [ 140.292025914064766, 40.197858639364767 ], [ 140.290755913954285, 40.198433081321696 ], [ 140.289963410682958, 40.198331693552859 ], [ 140.28684230902536, 40.195988080985217 ], [ 140.285444812028572, 40.19545891899395 ], [ 140.283028418226991, 40.195218918718183 ], [ 140.276253695751507, 40.195797279920612 ], [ 140.275370921231115, 40.196072558801575 ], [ 140.274681479366791, 40.196905054025081 ], [ 140.273725083645786, 40.196509775006177 ], [ 140.272847588145737, 40.19542561260198 ], [ 140.272318974740983, 40.194142000353111 ], [ 140.272465940151051, 40.193128387065485 ], [ 140.270946809847487, 40.188781414131029 ], [ 140.271805422282455, 40.187565585583343 ], [ 140.27116708169558, 40.187300585953324 ], [ 140.271051284089594, 40.186782532388008 ], [ 140.270389338996893, 40.186850027406877 ], [ 140.269794617327761, 40.186180305876462 ], [ 140.269134059888984, 40.186073360297371 ], [ 140.265816834978978, 40.18348891917833 ], [ 140.264062387169474, 40.183522532239124 ], [ 140.262630725827421, 40.18477919810158 ], [ 140.260906277602658, 40.184693640199384 ], [ 140.257001828671491, 40.183190026798343 ], [ 140.254821828864351, 40.182857801946056 ], [ 140.254300751778374, 40.181810305801037 ], [ 140.254234642614733, 40.181146134886262 ], [ 140.254932139706511, 40.18000891877665 ], [ 140.254073255676303, 40.17912474760908 ], [ 140.253764941998497, 40.17706946758193 ], [ 140.254183606088645, 40.171805000000802 ], [ 140.253023359240728, 40.168674171276052 ], [ 140.253485576598109, 40.166900837703565 ], [ 140.254306446285568, 40.166089694184109 ], [ 140.253397561748102, 40.164554973233464 ], [ 140.253382827255791, 40.164006640394177 ], [ 140.254200635650932, 40.162543027039135 ], [ 140.254541218802274, 40.160561081328865 ], [ 140.258137081561131, 40.158511612720815 ], [ 140.257313747731359, 40.157772441045381 ], [ 140.257047366742654, 40.156730505408575 ], [ 140.257059053432613, 40.154290224714146 ], [ 140.25660713421189, 40.15225908069209 ], [ 140.254981581734683, 40.15126491884098 ], [ 140.254315524941603, 40.146393802132309 ], [ 140.253420246247401, 40.145223532340196 ], [ 140.252464448575552, 40.142960467551575 ], [ 140.249787496895578, 40.142530468406449 ], [ 140.249263916996256, 40.139615198182923 ], [ 140.248113113029831, 40.137717946126372 ], [ 140.247955084159912, 40.134724053572256 ], [ 140.249349274349584, 40.131783224616186 ], [ 140.250268716028472, 40.13155819805246 ], [ 140.25029069995594, 40.130690972810214 ], [ 140.249931803010327, 40.129469305863836 ], [ 140.248700142797361, 40.128923197947302 ], [ 140.247945161939697, 40.127267639589945 ], [ 140.247036278301721, 40.126310413794613 ], [ 140.247388222588484, 40.125589865280119 ], [ 140.247263799584744, 40.123804586012909 ], [ 140.24796022018802, 40.122273467746368 ], [ 140.248004384095111, 40.121242919325312 ], [ 140.247703838761254, 40.120499585587481 ], [ 140.246821089421815, 40.119747639941693 ], [ 140.247746641094636, 40.118987891777863 ], [ 140.247733332927055, 40.117600108358374 ], [ 140.2473719457588, 40.117024278747522 ], [ 140.245816668104794, 40.115976775407887 ], [ 140.245548911153378, 40.11454289184104 ], [ 140.24360641960061, 40.113332053631439 ], [ 140.242873384898871, 40.111648440922863 ], [ 140.243137275664822, 40.110775946552735 ], [ 140.244280894947451, 40.109773721380179 ], [ 140.245255913829396, 40.107673414096837 ], [ 140.247257613148349, 40.105871748282595 ], [ 140.246887911747763, 40.103556747645825 ], [ 140.248401283692374, 40.102606198417391 ], [ 140.248826549705541, 40.101153694387563 ], [ 140.249691582400715, 40.100258666604248 ], [ 140.250116861004358, 40.099205611749653 ], [ 140.251912969907721, 40.098248667442078 ], [ 140.253129662703827, 40.097099775434344 ], [ 140.25211105098424, 40.096322837628918 ], [ 140.252031088663898, 40.09510117068254 ], [ 140.251333864966, 40.094470333139441 ], [ 140.24947192029299, 40.09436338666103 ], [ 140.249376665900513, 40.092837559106101 ], [ 140.247772776292663, 40.092821170760487 ], [ 140.247272775718102, 40.090912278778717 ], [ 140.247558638720307, 40.090411171138669 ], [ 140.247060583379266, 40.090067559070633 ], [ 140.246781971610744, 40.089222837563966 ], [ 140.247089753789169, 40.088570026885293 ], [ 140.248721141067904, 40.08866974821035 ], [ 140.249288910954533, 40.088350306321615 ], [ 140.249093113256663, 40.087913359913671 ], [ 140.250021996917667, 40.086672532011789 ], [ 140.254560053303862, 40.086165865662224 ], [ 140.25547980524891, 40.08567610746644 ], [ 140.255486200327937, 40.084488891749004 ], [ 140.254487301747645, 40.084106946078748 ], [ 140.253627612824175, 40.082866387074148 ], [ 140.25478538293919, 40.081543333258253 ], [ 140.254769857043357, 40.080783053595098 ], [ 140.253049300185126, 40.080152225045197 ], [ 140.251627366809544, 40.07898972179828 ], [ 140.252192918068772, 40.078237775253172 ], [ 140.252419882671461, 40.076796386843853 ], [ 140.251958781372764, 40.075737775078323 ], [ 140.252031854886241, 40.074797225411658 ], [ 140.251204915674407, 40.073891108088219 ], [ 140.251214383736851, 40.072407224913547 ], [ 140.252970220099655, 40.071415252012343 ], [ 140.254226886861375, 40.071348026790076 ], [ 140.253818585659246, 40.070157747981739 ], [ 140.252456913156038, 40.069375252366058 ], [ 140.25227302158271, 40.068841639630023 ], [ 140.249910246260924, 40.068623027031151 ], [ 140.250262192346327, 40.067927747667454 ], [ 140.249908339698209, 40.067053026575991 ], [ 140.250092217781685, 40.066413306429013 ], [ 140.249872502613925, 40.065923306315597 ], [ 140.249021672911908, 40.065592747907033 ], [ 140.250018911343773, 40.06479719773256 ], [ 140.249942801719044, 40.064231640178093 ], [ 140.250509754121936, 40.063783586243574 ], [ 140.25040252885367, 40.063547197645107 ], [ 140.248928365551706, 40.063524693909528 ], [ 140.248327808181898, 40.062972747594301 ], [ 140.245333087352151, 40.06345830595609 ], [ 140.244905862615497, 40.063003586246566 ], [ 140.244183644959321, 40.062906667208949 ], [ 140.243597833773038, 40.062112775384321 ], [ 140.242250583697569, 40.062309720617179 ], [ 140.240453384815964, 40.060584441418882 ], [ 140.241059804866154, 40.058285532351476 ], [ 140.242009533013629, 40.057794134691619 ], [ 140.241152580727089, 40.056943865267215 ], [ 140.239834812226832, 40.056515802362469 ], [ 140.239426782619944, 40.055053864444346 ], [ 140.242072088056489, 40.053133586146146 ], [ 140.242514863869928, 40.051887748121146 ], [ 140.240018495157528, 40.04919080181412 ], [ 140.239132385950938, 40.048610802046937 ], [ 140.238091555580922, 40.048523865484071 ], [ 140.236773501995572, 40.047493863850775 ], [ 140.234317950812851, 40.048481639616 ], [ 140.23397849451203, 40.048993865574516 ], [ 140.232885446805994, 40.049479720712611 ], [ 140.230221555980052, 40.049398892345039 ], [ 140.227344033900067, 40.051842505027651 ], [ 140.22553319140377, 40.052609999951585 ], [ 140.224159001237012, 40.054848918842595 ], [ 140.222555383224403, 40.055980586135206 ], [ 140.220732023064443, 40.056425307182224 ], [ 140.216501997069599, 40.060286720855515 ], [ 140.216199779895987, 40.060676171368243 ], [ 140.216109468177478, 40.063608107827974 ], [ 140.214800804413699, 40.066452837928182 ], [ 140.214980803721232, 40.068072026802668 ], [ 140.214734941664346, 40.06854758470331 ], [ 140.214886329040951, 40.069228134970501 ], [ 140.214566614657656, 40.069380640204429 ], [ 140.208190467216355, 40.070015081331007 ], [ 140.206600169961916, 40.070585387305812 ], [ 140.203144616730697, 40.068952333583354 ], [ 140.201482672287511, 40.068710108384835 ], [ 140.200699339403059, 40.067955667120373 ], [ 140.199900998632302, 40.067769838407344 ], [ 140.197766809390828, 40.068573468091131 ], [ 140.196218196612563, 40.068721250984993 ], [ 140.192949831869328, 40.068344305545338 ], [ 140.190913721790935, 40.067677081432237 ], [ 140.189645084153426, 40.067779865848195 ], [ 140.190106472335856, 40.068408197880103 ], [ 140.189972308775054, 40.069004333283431 ], [ 140.190375642122262, 40.069222107714154 ], [ 140.190602580644622, 40.069880999608472 ], [ 140.190624500720219, 40.071041000042158 ], [ 140.191458949271123, 40.072257108278961 ], [ 140.191876978439836, 40.074441837620782 ], [ 140.192785576992833, 40.074970720822137 ], [ 140.192608079599268, 40.076249054050663 ], [ 140.193157497020934, 40.078050720764224 ], [ 140.193120532186867, 40.080556278749327 ], [ 140.192561634112167, 40.080932945399184 ], [ 140.189472996181848, 40.080473505148177 ], [ 140.188178521021996, 40.082284639924239 ], [ 140.187011024739036, 40.082070747866794 ], [ 140.184262113805516, 40.082549919243434 ], [ 140.184173216720637, 40.083264359562577 ], [ 140.18325072634002, 40.084278251640058 ], [ 140.184882360932306, 40.086068252348014 ], [ 140.184470117102251, 40.088438838281832 ], [ 140.183722606912852, 40.089074667062278 ], [ 140.183670921076214, 40.090030224615248 ], [ 140.182344253784322, 40.090015225722141 ], [ 140.181691750673849, 40.090780776311817 ], [ 140.181422554807114, 40.091832440814528 ], [ 140.182344227703993, 40.093010225341686 ], [ 140.181728391751903, 40.093776053821898 ], [ 140.179769196191501, 40.094489972534234 ], [ 140.179111114586362, 40.095803026788303 ], [ 140.178378053804181, 40.096264693760645 ], [ 140.178070271625757, 40.097345532270538 ], [ 140.177300245110246, 40.097953865178795 ], [ 140.176413307628081, 40.098297197557656 ], [ 140.174426641376499, 40.097874694261805 ], [ 140.174624669393097, 40.098792467698274 ], [ 140.173950220126585, 40.10019444062101 ], [ 140.175211024669125, 40.102373613051839 ], [ 140.17460961114466, 40.103837224608299 ], [ 140.177028781153354, 40.105464720520501 ], [ 140.174954332076823, 40.106556946246144 ], [ 140.174873475830282, 40.10691722455033 ], [ 140.177350973168927, 40.108313612683105 ], [ 140.176903721429653, 40.110746107946568 ], [ 140.177270389417004, 40.111517505028871 ], [ 140.177164837787132, 40.112094171009232 ], [ 140.179550116844439, 40.114124440890293 ], [ 140.181125914329527, 40.116157225275799 ], [ 140.182350362878992, 40.115926387292973 ], [ 140.183097859578652, 40.116162774992119 ], [ 140.183185913998841, 40.117356667276454 ], [ 140.184805914061712, 40.118330278719441 ], [ 140.184644501042953, 40.119963333341218 ], [ 140.1842414392911, 40.120565837743243 ], [ 140.184300050806769, 40.121613054199145 ], [ 140.183764747345322, 40.122716694120186 ], [ 140.18817031111098, 40.125340558819801 ], [ 140.188524448844305, 40.128065865247549 ], [ 140.188211919144806, 40.128878360448027 ], [ 140.182452437729921, 40.130498080821837 ], [ 140.180025771871897, 40.130205052920928 ], [ 140.179769364364688, 40.131595613446848 ], [ 140.179439364435211, 40.131882838022591 ], [ 140.178134357314775, 40.131989774608485 ], [ 140.175964643053931, 40.131601441053704 ], [ 140.175532140196196, 40.131438107982376 ], [ 140.175561309706723, 40.130469504863811 ], [ 140.174680466930113, 40.130175612714424 ], [ 140.169146834958497, 40.13178702694978 ], [ 140.166309857014312, 40.132023134959752 ], [ 140.163517081648024, 40.13156146798741 ], [ 140.162283476201537, 40.13169646791772 ], [ 140.161627911798746, 40.131481747584644 ], [ 140.161151245034034, 40.129677586151729 ], [ 140.159727367324194, 40.128701197602254 ], [ 140.1582756942679, 40.12883063972231 ], [ 140.157227367149289, 40.128121197835071 ], [ 140.15517929968496, 40.127855666705727 ], [ 140.15345927432611, 40.128729278933122 ], [ 140.151662892028867, 40.129148720936769 ], [ 140.150442892425644, 40.128331505194865 ], [ 140.148760388581081, 40.128633440880662 ], [ 140.148033721978777, 40.128107054197244 ], [ 140.146904553002742, 40.127892054174993 ], [ 140.144743138585, 40.127895693731318 ], [ 140.143064253612465, 40.129472081171684 ], [ 140.140953113095748, 40.129821251949295 ], [ 140.13866949430178, 40.129444864988557 ], [ 140.137639493567804, 40.129669054283454 ], [ 140.135661414043057, 40.130390440966153 ], [ 140.135015305112347, 40.131256837932767 ], [ 140.133483358570174, 40.131994333271905 ], [ 140.132028080131818, 40.131541837585814 ], [ 140.131024475399272, 40.130760719731484 ], [ 140.12846919569688, 40.130586585802348 ], [ 140.126490027093155, 40.129893802956701 ], [ 140.126057808421137, 40.128407413371463 ], [ 140.125104474891714, 40.128767973163463 ], [ 140.123708365548737, 40.128468801993677 ], [ 140.123169442315998, 40.129144918603174 ], [ 140.12132917040492, 40.128987414037965 ], [ 140.119953891159184, 40.129939639602753 ], [ 140.118876354959866, 40.131372170589259 ], [ 140.11792024612248, 40.131369108397678 ], [ 140.117395253388281, 40.132071333225497 ], [ 140.115112723673292, 40.133446613370552 ], [ 140.113008560097001, 40.135507170619462 ], [ 140.111593839284296, 40.135867467809419 ], [ 140.111379079381095, 40.137142468150444 ], [ 140.109973528055889, 40.137939414072775 ], [ 140.10981795073792, 40.139604694101422 ], [ 140.109151555799713, 40.140776640229831 ], [ 140.108518781116913, 40.140969694096157 ], [ 140.10861736659831, 40.14274774821007 ], [ 140.106212633406358, 40.143220278992715 ], [ 140.104812361101608, 40.144228332671446 ], [ 140.102862361109146, 40.144718053995064 ], [ 140.102828170683551, 40.145168332852336 ], [ 140.102275940182608, 40.144729171414156 ], [ 140.102139856569238, 40.144107774953909 ], [ 140.101469299568635, 40.143700278644985 ], [ 140.100519831325187, 40.144742774559461 ], [ 140.100992891808573, 40.145264170904795 ], [ 140.100927327634167, 40.146459720639655 ], [ 140.099347950847346, 40.145252108298223 ], [ 140.097909104821383, 40.146031080370108 ], [ 140.098807275735226, 40.146977386597143 ], [ 140.097476834888084, 40.147642170849565 ], [ 140.097421166853451, 40.148399667110994 ], [ 140.095692218421163, 40.148606586724668 ], [ 140.094884889825835, 40.147667054191231 ], [ 140.093369882014485, 40.148502560344923 ], [ 140.093589662832755, 40.148747891801804 ], [ 140.093122995629756, 40.149679468033071 ], [ 140.092276108555666, 40.149414945943079 ], [ 140.090614577800579, 40.149613946126749 ], [ 140.086403721754436, 40.148370333024502 ], [ 140.082428807343604, 40.148985359586732 ], [ 140.082808975054263, 40.149740558979659 ], [ 140.080532555333207, 40.150860359717853 ], [ 140.078998663557513, 40.150680080721202 ], [ 140.079616160557407, 40.15109674831632 ], [ 140.079360336710238, 40.151312305018905 ], [ 140.077969493797127, 40.151106747878146 ], [ 140.078969494046987, 40.151685919369754 ], [ 140.074975577860641, 40.154007612761177 ], [ 140.074577522634627, 40.154587054948706 ], [ 140.073795577403985, 40.153956774985204 ], [ 140.073432802581806, 40.154392331940642 ], [ 140.073729754224814, 40.154728440964846 ], [ 140.073055031564536, 40.155257333159454 ], [ 140.071464189320977, 40.155724837631226 ], [ 140.068451387621508, 40.157267360200592 ], [ 140.067431388247996, 40.15665319788684 ], [ 140.06621555070717, 40.156495973910125 ], [ 140.06534335940853, 40.155718748321647 ], [ 140.063880584221693, 40.155487359953725 ], [ 140.061311414490206, 40.153793467994205 ], [ 140.058626420173255, 40.152917918627111 ], [ 140.058305863125156, 40.153692081124689 ], [ 140.057938637558095, 40.153575693563482 ], [ 140.05804919571392, 40.153196532194272 ], [ 140.056290051644623, 40.15209291925288 ], [ 140.055053943384792, 40.150669586532217 ], [ 140.053036393514844, 40.149528531216788 ], [ 140.048050777821231, 40.149551080817787 ], [ 140.048091724853293, 40.150134837952464 ], [ 140.046490220247506, 40.151224972754335 ], [ 140.044355745921052, 40.151778802249964 ], [ 140.043923359075848, 40.1525824139473 ], [ 140.043058079966499, 40.152514918928432 ], [ 140.042957523171253, 40.153075747847538 ], [ 140.042164747405195, 40.152969081058302 ], [ 140.041826419753534, 40.153269360192894 ], [ 140.041811970346203, 40.153911306161888 ], [ 140.039327004138045, 40.151461864973157 ], [ 140.038923943285454, 40.149496865188212 ], [ 140.039173139129161, 40.148095198035037 ], [ 140.037854527064837, 40.145395198529627 ], [ 140.035742335240684, 40.143455467895592 ], [ 140.035207612741146, 40.142115468154373 ], [ 140.031487082363014, 40.140358531920754 ], [ 140.031254577936465, 40.139349360384699 ], [ 140.031557108074139, 40.136490748349388 ], [ 140.030226550315092, 40.135619081355571 ], [ 140.028243502935425, 40.135139359593836 ], [ 140.027591284010668, 40.13451436044943 ], [ 140.026342140077759, 40.132653801631704 ], [ 140.02690741884237, 40.132494359926795 ], [ 140.026733800224747, 40.131310468103663 ], [ 140.026015473035727, 40.13124853179437 ], [ 140.025905771933935, 40.128883802245753 ], [ 140.023717716899228, 40.128861865083081 ], [ 140.023718002883584, 40.127998801903232 ], [ 140.025715227176079, 40.128039081638349 ], [ 140.026287196896646, 40.124812693650938 ], [ 140.022043021868058, 40.124973532902288 ], [ 140.018963863691397, 40.125786865371595 ], [ 140.014599974509224, 40.125279108144355 ], [ 140.013899143630624, 40.125655774794211 ], [ 140.012916354606091, 40.124930774635573 ], [ 140.013488029349105, 40.124463837636029 ], [ 140.014213307398336, 40.124400504679613 ], [ 140.013690803987515, 40.124092441013374 ], [ 140.012417756074683, 40.124261054004478 ], [ 140.008290506401863, 40.126518837974061 ], [ 140.007124967943014, 40.125296892237827 ], [ 140.006686641075703, 40.122235504664843 ], [ 139.981452165385235, 40.123776973228757 ], [ 139.977592437940757, 40.123557532354312 ], [ 139.972577977391779, 40.125143386957802 ], [ 139.972765693781753, 40.126273332048697 ], [ 139.976025472697415, 40.132700026784846 ], [ 139.978737613949761, 40.139967864625305 ], [ 139.980799637093696, 40.144290386791965 ], [ 139.984220635673864, 40.152960667001253 ], [ 139.987941828852399, 40.163173801629682 ], [ 139.990528249379281, 40.171348972676981 ], [ 139.99094736672771, 40.171703468340468 ], [ 139.992152970883012, 40.17578635985268 ], [ 139.992624060052435, 40.17984086516384 ], [ 139.992107859989801, 40.182246612791005 ], [ 139.983973554136242, 40.183529973229724 ], [ 139.988420078423928, 40.200208639816935 ], [ 139.979153865158764, 40.201655053637865 ], [ 139.978085745760609, 40.202367108055626 ], [ 139.979259196454791, 40.201741973113599 ], [ 139.989325472692485, 40.200140586319037 ], [ 139.989451608005425, 40.200526026754801 ], [ 139.98578335881507, 40.201098531572029 ], [ 139.985841607903922, 40.201344053685204 ], [ 139.989753255908113, 40.200722505239469 ], [ 139.989584747238382, 40.200105359874499 ], [ 139.991107497313237, 40.199858999593232 ], [ 139.991251218868683, 40.200344721631666 ], [ 139.992899338933398, 40.200221278888989 ], [ 139.993300829569648, 40.200010252071536 ], [ 139.992612476784416, 40.200229081407031 ], [ 139.99240224406833, 40.199659224193908 ], [ 139.993828807153818, 40.199792413788941 ], [ 139.993719688812689, 40.199456332643706 ], [ 139.994988560273896, 40.199250973353799 ], [ 139.997829728159445, 40.210036693738459 ], [ 139.993553476112083, 40.210709251730634 ], [ 139.994156004795855, 40.213081801783801 ], [ 139.994856886036473, 40.213019612764981 ], [ 139.994196030922126, 40.213629414266109 ], [ 139.995039389955991, 40.212996305934837 ], [ 139.999207612741202, 40.212552171245761 ], [ 139.999448690404847, 40.212336171177412 ], [ 139.999192360239249, 40.212318468022943 ], [ 139.998732633104623, 40.209973224085104 ], [ 139.999881750842178, 40.209802360090919 ], [ 140.000594033687776, 40.212128414294909 ], [ 140.000378300718012, 40.212215838290376 ], [ 140.002385642383501, 40.211936864994357 ], [ 140.003614358216169, 40.210198891865446 ], [ 140.003266031002568, 40.208981441840137 ], [ 140.001872827369198, 40.209188775141911 ], [ 140.001181582364211, 40.206520440765757 ], [ 140.002678520997051, 40.206310055164977 ], [ 140.0031207779017, 40.207978586242803 ], [ 140.004551725182068, 40.208839721276149 ], [ 140.005224747224361, 40.211366532039847 ], [ 140.002838950157525, 40.214806441564065 ], [ 140.002801362093237, 40.217370639843182 ], [ 140.002824305597301, 40.216991892162127 ], [ 140.004537133681879, 40.217006694103702 ], [ 140.00929041492077, 40.217651748129697 ], [ 140.011895913665512, 40.217061864813274 ], [ 140.011377807939539, 40.216712306427837 ], [ 140.01285374830195, 40.216491747696068 ], [ 140.013068754619439, 40.217173414921206 ], [ 140.01229455255168, 40.217108080973219 ], [ 140.013344475067584, 40.217430999640953 ], [ 140.013079999742217, 40.217178279354187 ], [ 140.019577885710873, 40.217429801744004 ], [ 140.025566886702563, 40.216744504855058 ], [ 140.025588471330934, 40.217092135093992 ], [ 140.024498663882241, 40.21745307979586 ], [ 140.019489001216471, 40.218450585326309 ], [ 140.014107977001572, 40.218235468392209 ], [ 140.012767082434948, 40.218662864899329 ], [ 140.012900855689963, 40.218828892339559 ], [ 140.011410830145792, 40.219760386732503 ], [ 140.009670920776443, 40.219921612692303 ], [ 140.008383450435986, 40.219481774963981 ], [ 140.005524475074481, 40.219211198637936 ], [ 140.001651997042131, 40.219172197738772 ], [ 140.00117992221567, 40.219222531894388 ], [ 140.000624112412879, 40.220151107087986 ], [ 139.997785305247703, 40.220324053912009 ], [ 139.993220610043181, 40.21820222495279 ], [ 139.991106056599278, 40.216749279355838 ], [ 139.991739247668193, 40.216182135397275 ], [ 139.991015669337685, 40.21668853195024 ], [ 139.987337911615441, 40.214157972812245 ], [ 139.987977418623018, 40.213605027350184 ], [ 139.987248611634186, 40.214097414264302 ], [ 139.983658339960471, 40.211693414019919 ], [ 139.983636277792016, 40.21109825168304 ], [ 139.983390583908431, 40.211100613302733 ], [ 139.983412022846665, 40.211745413719939 ], [ 139.993134890263036, 40.218306468069102 ], [ 139.997619804810256, 40.220393027416321 ], [ 140.000869585063356, 40.220235360073843 ], [ 140.004788754997094, 40.224242332617621 ], [ 140.007806886079038, 40.234329359812136 ], [ 140.007651025474502, 40.235190108137033 ], [ 140.006875810770111, 40.236378667441613 ], [ 140.007445694063563, 40.237306586130103 ], [ 140.007241970640507, 40.238232252016871 ], [ 140.008875252790745, 40.239245081095646 ], [ 140.009296303681481, 40.240661532204001 ], [ 140.008161361957377, 40.241264224564361 ], [ 140.008676201345679, 40.241195892276664 ], [ 140.008927418865369, 40.242343134927808 ], [ 140.009901529432113, 40.243048504684793 ], [ 140.010862192436321, 40.244571558730513 ], [ 140.015645083853656, 40.264447224359969 ], [ 140.017349754187876, 40.264293559000578 ], [ 140.017538663978257, 40.262983278255717 ], [ 140.018289493565362, 40.262854667109252 ], [ 140.019296718968462, 40.26320689198451 ], [ 140.019579493698757, 40.262455504817751 ], [ 140.020189222354816, 40.262164386177517 ], [ 140.022352555026487, 40.262733279317445 ], [ 140.023094773604953, 40.262313251855119 ], [ 140.022927004177973, 40.262963278232746 ], [ 140.023174189137535, 40.263857171071663 ], [ 140.030290338328541, 40.263072134871152 ], [ 140.031061997113511, 40.263488801567007 ], [ 140.032031725284014, 40.264648532204035 ], [ 140.032303644297826, 40.265763251772682 ], [ 140.03182586327307, 40.266281027447519 ], [ 140.031524475274409, 40.267429639766135 ], [ 140.032163916631475, 40.268161586288215 ], [ 140.032472697956678, 40.269721134822589 ], [ 140.033471946373311, 40.270959666755289 ], [ 140.038343580192191, 40.27420269489852 ], [ 140.04093664131301, 40.275111865420286 ], [ 140.0428113878354, 40.274028251602601 ], [ 140.044325278688689, 40.272322693637477 ], [ 140.045937224423483, 40.271418802136054 ], [ 140.046906692689731, 40.270319639939487 ], [ 140.051747808014966, 40.26985877516239 ], [ 140.050747807765219, 40.269592108189272 ], [ 140.047174188837857, 40.270029613076247 ], [ 140.04642697902193, 40.269580720973522 ], [ 140.046516420196667, 40.268915719984534 ], [ 140.048962529397272, 40.268927386889459 ], [ 140.048995576784478, 40.26842377373822 ], [ 140.050101141254686, 40.26844350486391 ], [ 140.052420583643084, 40.269470170911688 ], [ 140.062747561650667, 40.269376557781982 ], [ 140.06353503231594, 40.270144053605236 ], [ 140.065413358140063, 40.270728225327389 ], [ 140.066381167157147, 40.269472919239888 ], [ 140.066730337035438, 40.269783749220721 ], [ 140.066656978436868, 40.270572081436455 ], [ 140.067163943361379, 40.269823467778849 ], [ 140.066532282938624, 40.268635413893264 ], [ 140.067185887718551, 40.268466532004879 ], [ 140.064984501133836, 40.266392639608682 ], [ 140.065003968758219, 40.265533467795365 ], [ 140.065407301206051, 40.265471802181992 ], [ 140.06572369619164, 40.265820413581253 ], [ 140.06734786011566, 40.265060413607273 ], [ 140.067007588129741, 40.264224305807147 ], [ 140.067245083793637, 40.264142918960601 ], [ 140.072623969420761, 40.264272360181337 ], [ 140.073035641281876, 40.264677639661386 ], [ 140.07429953319695, 40.264120387346054 ], [ 140.075657586828243, 40.264212054342863 ], [ 140.076561776904555, 40.261417332843678 ], [ 140.076992335428031, 40.26109566693151 ], [ 140.077018717040232, 40.259678170811014 ], [ 140.078466523911061, 40.257465640726764 ], [ 140.078392917998826, 40.256548135288256 ], [ 140.077840415003266, 40.256207865100919 ], [ 140.077980972743717, 40.255329802128699 ], [ 140.079003216825072, 40.254335640277645 ], [ 140.083485719390524, 40.254802865060242 ], [ 140.083335136007804, 40.259692026665732 ], [ 140.087723748452277, 40.259764531807775 ], [ 140.088144578109905, 40.257173135331982 ], [ 140.092404306014032, 40.257215080611559 ], [ 140.092530751593017, 40.252358666919008 ], [ 140.095752697828857, 40.252410332970555 ], [ 140.09584713383822, 40.250444774706637 ], [ 140.096215472765948, 40.250451170685039 ], [ 140.09634022042485, 40.247224747624045 ], [ 140.097272437872789, 40.247714747737461 ], [ 140.097928274770084, 40.24851530623647 ], [ 140.097541050978748, 40.249463919224524 ], [ 140.097822697959259, 40.2503103332553 ], [ 140.098657690600021, 40.251705613423383 ], [ 140.099561582101387, 40.252200612868023 ], [ 140.100080466640293, 40.253371171342508 ], [ 140.100974086085216, 40.254198107856439 ], [ 140.100992388188274, 40.255046441040463 ], [ 140.101533217084352, 40.254797559060137 ], [ 140.102804617439233, 40.255287559173553 ], [ 140.10337433166012, 40.255780613384673 ], [ 140.103076549942898, 40.256464224944068 ], [ 140.109616550263695, 40.258221171070261 ], [ 140.10976988287382, 40.259217558743387 ], [ 140.113143774065975, 40.259031441347986 ], [ 140.113393502308327, 40.259859225023263 ], [ 140.116648780117202, 40.259690333242361 ], [ 140.117221829024288, 40.26141310782873 ], [ 140.119498222664902, 40.26136866693048 ], [ 140.120380441404336, 40.261821999885456 ], [ 140.123199339378061, 40.260990332937581 ], [ 140.125903775239067, 40.261900613222792 ], [ 140.126194331803049, 40.26238783802836 ], [ 140.126767393300611, 40.261875585989571 ], [ 140.131125162596277, 40.261610865149351 ], [ 140.13203627835162, 40.262483640107973 ], [ 140.133843773571357, 40.263390027228013 ], [ 140.134573191199934, 40.26587586487932 ], [ 140.134270143052731, 40.266357279165163 ], [ 140.133939000984128, 40.271024774973455 ], [ 140.135908170925404, 40.273744504705178 ], [ 140.137435887955917, 40.279282027143893 ], [ 140.13870005146623, 40.281610081440135 ], [ 140.138380051997842, 40.282149251986425 ], [ 140.136495305014364, 40.283209278385527 ], [ 140.136620310778767, 40.284273440766754 ], [ 140.134261945732305, 40.28782344079923 ], [ 140.135415006097674, 40.288152613352452 ], [ 140.136722775935482, 40.289075945498553 ], [ 140.137098611611691, 40.289940694007896 ], [ 140.136921115117389, 40.29032041385608 ], [ 140.137475550756108, 40.290811531826762 ], [ 140.137692476226903, 40.291530973275826 ], [ 140.139830804148346, 40.29222346833842 ], [ 140.141609144246672, 40.293879026695777 ], [ 140.141028586000516, 40.29443625203146 ], [ 140.140859416329022, 40.295466802251156 ], [ 140.139888275323756, 40.296712640276155 ], [ 140.139533553930391, 40.29783708061683 ], [ 140.137993257183098, 40.299644333019614 ], [ 140.137956589125338, 40.300167946193824 ], [ 140.137368520640734, 40.30043238644555 ], [ 140.137031582441637, 40.301060721175418 ], [ 140.13547992186102, 40.301395440747058 ], [ 140.13399574640664, 40.302284613044492 ], [ 140.132885720399713, 40.304075171332158 ], [ 140.133796835255794, 40.305336558635304 ], [ 140.135876278267688, 40.307188775341785 ], [ 140.136216251678775, 40.308267108340431 ], [ 140.135721802619173, 40.309013224580724 ], [ 140.136104034273785, 40.309491559587855 ], [ 140.135905421697885, 40.311034612757226 ], [ 140.134964552771976, 40.312903802368623 ], [ 140.134935109867456, 40.313781865340843 ], [ 140.135332049034901, 40.314378802040153 ], [ 140.13469980405273, 40.315747135821709 ], [ 140.135853411205971, 40.316991305604347 ], [ 140.137175914636828, 40.317740198051752 ], [ 140.138550077823879, 40.319299919255911 ], [ 140.13887338499876, 40.321219918764314 ], [ 140.140335616095854, 40.322717414077431 ], [ 140.140688080190785, 40.324147694960232 ], [ 140.139056692912163, 40.324654360410477 ], [ 140.137866135313971, 40.325712973075326 ], [ 140.137851140917519, 40.326636027330835 ], [ 140.136800272314758, 40.327390748284472 ], [ 140.135911115305817, 40.329175468173389 ], [ 140.135653891214133, 40.330143531698695 ], [ 140.136204695390461, 40.331973532452594 ], [ 140.135653580048711, 40.333127693588267 ], [ 140.135583307024035, 40.33498074756352 ], [ 140.135031893107453, 40.335682440891958 ], [ 140.135232165831894, 40.336746332577263 ], [ 140.134724669408001, 40.33758383792383 ], [ 140.136392723845233, 40.338769945676518 ], [ 140.136633255620268, 40.340025775169465 ], [ 140.137871310012997, 40.341532171072913 ], [ 140.137967977240464, 40.342883558929145 ], [ 140.140529883147678, 40.344495748380155 ], [ 140.142320999014942, 40.346277414171368 ], [ 140.142722113734635, 40.347250747723876 ], [ 140.14560403439873, 40.349142693780323 ], [ 140.147111245087899, 40.352212972950383 ], [ 140.146789274305661, 40.353687693832057 ], [ 140.147693994981978, 40.355411305687255 ], [ 140.149753994651178, 40.356912134787251 ], [ 140.150458689916718, 40.357786864871969 ], [ 140.15107953329391, 40.360550468029714 ], [ 140.150674253813804, 40.36158491860914 ], [ 140.151348105930424, 40.362476864415839 ], [ 140.151079222128487, 40.363824081216421 ], [ 140.151336718714674, 40.366049081300105 ], [ 140.15236280200179, 40.368097135274638 ], [ 140.151404475436266, 40.370006027256409 ], [ 140.149874449846038, 40.371373252173896 ], [ 140.149438884796723, 40.372888251891368 ], [ 140.150729999190162, 40.374247134697555 ], [ 140.152252502850843, 40.374426586317952 ], [ 140.152494720854747, 40.374403532197277 ] ] ] ] } },
{ "type": "Feature", "properties": { "regioncode": "0520300", "regionname": "秋田県横手市", "name": "横手市", "namekana": "よこてし", "PrefCode": "05" }, "geometry": { "type": "Polygon", "coordinates": [ [ [ 140.447779558579782, 39.408937559221044 ], [ 140.448793748332832, 39.407382838247429 ], [ 140.448856808794744, 39.406338666896033 ], [ 140.449573216830572, 39.40595838677018 ], [ 140.455386590119133, 39.407562252096284 ], [ 140.456448807266725, 39.407542531762488 ], [ 140.457170194848686, 39.408429198548731 ], [ 140.459027133895233, 39.40883641426916 ], [ 140.461217172834267, 39.409168640020766 ], [ 140.463094384398346, 39.408659171383704 ], [ 140.461043864482804, 39.40418638689232 ], [ 140.462621361686502, 39.403726107573846 ], [ 140.462163333371223, 39.401701667997656 ], [ 140.46258999962879, 39.401543613047352 ], [ 140.463046108790991, 39.402405559269198 ], [ 140.466813087354126, 39.401936080785561 ], [ 140.465086692996579, 39.39893107980555 ], [ 140.462610051812476, 39.392324413640836 ], [ 140.461950337038502, 39.389491640027245 ], [ 140.461654254140626, 39.385731918992917 ], [ 140.46244403516414, 39.376865775435249 ], [ 140.462109338974869, 39.371331053485392 ], [ 140.46097992178602, 39.36570963958826 ], [ 140.464202438192046, 39.365651558672539 ], [ 140.46452077841127, 39.36667327934839 ], [ 140.468257664759449, 39.365136224657078 ], [ 140.468620829887413, 39.365578640741717 ], [ 140.469052192404774, 39.365575171157275 ], [ 140.470962192351408, 39.367142107622215 ], [ 140.471539077766238, 39.369044838348657 ], [ 140.472488585579868, 39.369026802445035 ], [ 140.472160804277792, 39.369992107749624 ], [ 140.472720804021947, 39.371526279214493 ], [ 140.473998834178929, 39.373447946065937 ], [ 140.473229584677711, 39.373924333141531 ], [ 140.47338355400791, 39.374474053634742 ], [ 140.472301024772491, 39.376296000060393 ], [ 140.473620947149016, 39.376555774629367 ], [ 140.474968274566322, 39.375846559371269 ], [ 140.47815885874445, 39.375204027044276 ], [ 140.478127469707033, 39.374513468222005 ], [ 140.478903580136148, 39.375238197684723 ], [ 140.481075836780519, 39.375462892398616 ], [ 140.481199636554038, 39.377982027448638 ], [ 140.483325252558416, 39.37823777485346 ], [ 140.4845697281105, 39.380267613059971 ], [ 140.485432502607978, 39.380622332654582 ], [ 140.486465278649803, 39.381792613238588 ], [ 140.486982633441812, 39.383600972706802 ], [ 140.486730660491617, 39.384510081175335 ], [ 140.488441920158607, 39.384706198132562 ], [ 140.488856109222183, 39.383419000286665 ], [ 140.489377781659414, 39.383445107605667 ], [ 140.489079999942078, 39.381747612962045 ], [ 140.490263086872005, 39.379855081446919 ], [ 140.49196255462823, 39.378840360194545 ], [ 140.497660920814951, 39.378341999983377 ], [ 140.498728690376879, 39.377956413857476 ], [ 140.500001803040846, 39.374120306207203 ], [ 140.501385965789723, 39.37294805430929 ], [ 140.505945187720272, 39.371043864882495 ], [ 140.507298520810195, 39.370087747951231 ], [ 140.507989389898512, 39.369206081395589 ], [ 140.509159689368289, 39.366140504780503 ], [ 140.513677807784688, 39.361641864780267 ], [ 140.515724227691067, 39.360682945561564 ], [ 140.518810921287013, 39.360259053712412 ], [ 140.521121219368865, 39.358399306083186 ], [ 140.522152891942483, 39.358041532390871 ], [ 140.525687833726579, 39.357797504950952 ], [ 140.527610726354055, 39.356215360050896 ], [ 140.529693528333723, 39.353659531762048 ], [ 140.531033280761335, 39.352927837050117 ], [ 140.535187471424706, 39.352816973124845 ], [ 140.540068340381708, 39.351353613378592 ], [ 140.540450830141708, 39.35148110756711 ], [ 140.540916938865735, 39.352390278988253 ], [ 140.540367782247472, 39.353169171020454 ], [ 140.540700558384174, 39.353668053737749 ], [ 140.539898858645529, 39.353784468278661 ], [ 140.540094968408084, 39.354541558945868 ], [ 140.538401362432978, 39.355173080873044 ], [ 140.536951050950279, 39.354990026568544 ], [ 140.533329364158931, 39.356478667156807 ], [ 140.53270464290506, 39.358237918245379 ], [ 140.530456394447128, 39.361918251626037 ], [ 140.530414941996014, 39.362786504793405 ], [ 140.539718495112538, 39.363729774009926 ], [ 140.54046741903619, 39.362643080913529 ], [ 140.541973800550522, 39.362300864593294 ], [ 140.542726692283054, 39.360596170876647 ], [ 140.543808029017441, 39.359669413212885 ], [ 140.543408999825601, 39.358531413793742 ], [ 140.544420752415817, 39.35635955914637 ], [ 140.545930920975252, 39.355838748259657 ], [ 140.546726667201938, 39.355199135132011 ], [ 140.547065383360859, 39.356311386961011 ], [ 140.547728754778291, 39.356291946316333 ], [ 140.547438975228602, 39.356697359795362 ], [ 140.548261556325883, 39.356975306065578 ], [ 140.548463021551242, 39.357801559094753 ], [ 140.548168832625606, 39.358359413955839 ], [ 140.549235550879985, 39.358775252376063 ], [ 140.550236355123729, 39.360622467053247 ], [ 140.54985216474563, 39.363646666760303 ], [ 140.550664112259028, 39.364463333016431 ], [ 140.550955187731802, 39.367152504684384 ], [ 140.551379363766728, 39.368118053705246 ], [ 140.550937107761342, 39.369300279084655 ], [ 140.551386550249163, 39.371496386648971 ], [ 140.551193501778698, 39.371869170925549 ], [ 140.550737912424779, 39.372231945747728 ], [ 140.549119026621838, 39.372347801809667 ], [ 140.547857366824132, 39.373051693980528 ], [ 140.548210973058076, 39.373465026889505 ], [ 140.554986523809134, 39.376044171001752 ], [ 140.560453774122493, 39.376932467359552 ], [ 140.564099882903292, 39.377134946120918 ], [ 140.566994915682926, 39.37672966664087 ], [ 140.56930213988187, 39.376951026668621 ], [ 140.570468521005523, 39.376712973425015 ], [ 140.571019922331629, 39.377726585813321 ], [ 140.5718468606442, 39.37779908106279 ], [ 140.57228878120236, 39.380311585411391 ], [ 140.57336214005079, 39.380559640015406 ], [ 140.574500440742781, 39.381302972853973 ], [ 140.575564357609096, 39.381272135101028 ], [ 140.575406861137822, 39.380401863855013 ], [ 140.57580019492309, 39.380204612852651 ], [ 140.578184357921828, 39.380368224713834 ], [ 140.580700777918651, 39.379427639973642 ], [ 140.582665498913684, 39.379559864596104 ], [ 140.58548664069599, 39.378808170760522 ], [ 140.590499441995689, 39.378954054286226 ], [ 140.593711478601904, 39.378462892248706 ], [ 140.594086666766316, 39.378150919229597 ], [ 140.595064475345339, 39.378294694744397 ], [ 140.597108417619438, 39.37640074769638 ], [ 140.599679727737339, 39.375715919354263 ], [ 140.600882114118349, 39.376297838274695 ], [ 140.602084501398735, 39.37618941421016 ], [ 140.603167497382174, 39.376656252284249 ], [ 140.603312477089162, 39.377045666824131 ], [ 140.601791725307976, 39.37672705411029 ], [ 140.60052958527217, 39.376846557822432 ], [ 140.599588716346261, 39.377063387065732 ], [ 140.599580195269823, 39.377696197721377 ], [ 140.600164357099516, 39.377218252120713 ], [ 140.60215980523094, 39.37726691893323 ], [ 140.604641088715312, 39.377644802365808 ], [ 140.605928755108039, 39.378299720156008 ], [ 140.607304553262566, 39.378540892248452 ], [ 140.609007224403967, 39.380052107618724 ], [ 140.611219468503691, 39.381095612572494 ], [ 140.611527834342155, 39.381771107750467 ], [ 140.612666200684657, 39.380825252083753 ], [ 140.615668418262999, 39.38004246688638 ], [ 140.6164153825639, 39.379501612809236 ], [ 140.616647612697193, 39.379079386504543 ], [ 140.616422606817878, 39.378611891925345 ], [ 140.616669273768025, 39.378200774945867 ], [ 140.616408170900399, 39.377840504735559 ], [ 140.616553191076946, 39.376860224819552 ], [ 140.617510726239061, 39.374421586287212 ], [ 140.62015185522398, 39.373910747982677 ], [ 140.622249663291427, 39.372676558876151 ], [ 140.623020506391299, 39.372631558599608 ], [ 140.621891051430907, 39.371494053807567 ], [ 140.619974942389717, 39.370476279356865 ], [ 140.620920245872753, 39.369635441122739 ], [ 140.622710245681333, 39.370442107817098 ], [ 140.627261362921672, 39.371057639798266 ], [ 140.630408029606997, 39.372597360080135 ], [ 140.6304444233715, 39.373619305586544 ], [ 140.631367717746002, 39.374002081331014 ], [ 140.632366615427031, 39.375715692725066 ], [ 140.630803528060483, 39.377032080765957 ], [ 140.631015473085654, 39.377614026666038 ], [ 140.632093502113548, 39.378617919181693 ], [ 140.634846304413486, 39.377917359898277 ], [ 140.636166860812068, 39.378208440766969 ], [ 140.636077133652861, 39.379215972838949 ], [ 140.636652114303729, 39.379993469123349 ], [ 140.640384085856908, 39.38044983818952 ], [ 140.643331024807026, 39.38163344133028 ], [ 140.643914889860298, 39.382195666896564 ], [ 140.64431350176676, 39.383696774786358 ], [ 140.64694766460309, 39.383585640165222 ], [ 140.648363773969095, 39.384492585764292 ], [ 140.648755446706559, 39.385182026729183 ], [ 140.650805720207927, 39.385731748121714 ], [ 140.652478495186415, 39.385519802197166 ], [ 140.653452387217953, 39.385880639879701 ], [ 140.655382361107172, 39.388811748063802 ], [ 140.655881529808767, 39.389066748131995 ], [ 140.656868470103859, 39.389046171643542 ], [ 140.657759584936912, 39.388589773799083 ], [ 140.658431554772505, 39.38764810807379 ], [ 140.660662969720306, 39.386053082184048 ], [ 140.6627771337578, 39.386082531383749 ], [ 140.664960506022567, 39.385381945120741 ], [ 140.665497471431195, 39.384297774622667 ], [ 140.66609885887533, 39.384086387177092 ], [ 140.668975810785128, 39.383946081246677 ], [ 140.670701089983368, 39.385327197991842 ], [ 140.672422476915813, 39.385147748170084 ], [ 140.674464135811263, 39.38582664008743 ], [ 140.675431919647394, 39.385795504658859 ], [ 140.677380311652087, 39.383891891697488 ], [ 140.678972802352973, 39.383181865250947 ], [ 140.679261724848743, 39.381847694015903 ], [ 140.679968418407839, 39.381566865418563 ], [ 140.678695939765817, 39.379046558551863 ], [ 140.679343722335034, 39.377985441275143 ], [ 140.679148754711377, 39.377142666800694 ], [ 140.678079053405668, 39.375449613009266 ], [ 140.678063502328882, 39.374302639255461 ], [ 140.678781854698855, 39.373382080618569 ], [ 140.6778451883049, 39.372859305612508 ], [ 140.677060506437329, 39.371719864580143 ], [ 140.676178560192511, 39.371337640120032 ], [ 140.67563968912043, 39.368341531636418 ], [ 140.676537755712957, 39.368318197826625 ], [ 140.676857782160937, 39.367170947081604 ], [ 140.677521698567602, 39.366367613274804 ], [ 140.678981414260875, 39.366312892226233 ], [ 140.679902827253727, 39.365103694380025 ], [ 140.681717859691503, 39.364292026555859 ], [ 140.682580661168686, 39.362044775446066 ], [ 140.68538763862864, 39.361553640388252 ], [ 140.68840908011498, 39.359329721289669 ], [ 140.692730506008161, 39.358596638923814 ], [ 140.692949416282545, 39.358120532436658 ], [ 140.690720272122917, 39.355303585991749 ], [ 140.690408079669169, 39.35364189245945 ], [ 140.689623645115148, 39.352845774812693 ], [ 140.689428366326069, 39.352019108095419 ], [ 140.687866977778867, 39.350973278394122 ], [ 140.68848394327938, 39.350037171378403 ], [ 140.688218418445331, 39.3481799463475 ], [ 140.68845289238709, 39.347524667029802 ], [ 140.689319559150363, 39.347157972962123 ], [ 140.692696550305641, 39.344498505002036 ], [ 140.694015746029891, 39.344623224782026 ], [ 140.695713800051863, 39.345387640427305 ], [ 140.69700214003683, 39.345114865258893 ], [ 140.70017968854188, 39.343476503737691 ], [ 140.701952192939416, 39.343843170825721 ], [ 140.703236109159207, 39.343585640065271 ], [ 140.703915550562328, 39.342571468298672 ], [ 140.703493916910816, 39.340394531582433 ], [ 140.704993113741239, 39.340144774561736 ], [ 140.705957302987258, 39.338857558729387 ], [ 140.705754552630538, 39.336748359848968 ], [ 140.706750142605074, 39.33476780179268 ], [ 140.708201829151108, 39.334459441350191 ], [ 140.709371089004662, 39.330117197950358 ], [ 140.705589662832722, 39.329468891975864 ], [ 140.703838832995757, 39.328649170722713 ], [ 140.70033741793759, 39.328818360179241 ], [ 140.698586589000001, 39.328429746935342 ], [ 140.698972697631916, 39.3272764140753 ], [ 140.69880688692831, 39.32631974765826 ], [ 140.69775216563005, 39.325060864966986 ], [ 140.697752191710379, 39.324228920128633 ], [ 140.69819274979568, 39.323578332574016 ], [ 140.697523890715047, 39.321762225446378 ], [ 140.694044161908664, 39.319764198059318 ], [ 140.694375864254766, 39.318315278727198 ], [ 140.692709494247879, 39.315719721088328 ], [ 140.692638974808915, 39.313628891760004 ], [ 140.695189274065797, 39.312788585924579 ], [ 140.697225447096798, 39.3102857753683 ], [ 140.696211608079352, 39.307673278998664 ], [ 140.694727445215449, 39.30589522488475 ], [ 140.693922437770311, 39.30541772085121 ], [ 140.693941918884548, 39.304853837834401 ], [ 140.693221362276063, 39.304184386999907 ], [ 140.692886913400343, 39.303046053932292 ], [ 140.69358588807836, 39.299592972937376 ], [ 140.695986445717949, 39.300161027009835 ], [ 140.698454812239902, 39.299688224631893 ], [ 140.700132308659136, 39.300163504642057 ], [ 140.701953695706607, 39.299935414088168 ], [ 140.70401980536974, 39.301869864802484 ], [ 140.705430660896354, 39.299962613184107 ], [ 140.707980998824155, 39.298370386883903 ], [ 140.708486303600125, 39.296938694065545 ], [ 140.710188560153938, 39.296343135127643 ], [ 140.710797172751427, 39.295802558940977 ], [ 140.712015228020391, 39.296655892355602 ], [ 140.714592437690953, 39.296596720562263 ], [ 140.715206912968711, 39.296415026931982 ], [ 140.715478858962229, 39.295832252756327 ], [ 140.717327471185968, 39.296508080683452 ], [ 140.71855610877742, 39.295240837894426 ], [ 140.718822529336308, 39.294172224768431 ], [ 140.718425913924875, 39.291093054001294 ], [ 140.717398145308266, 39.290759170799163 ], [ 140.716343411419416, 39.289669440692194 ], [ 140.716979831054459, 39.288981107691995 ], [ 140.717099299693018, 39.287544721311917 ], [ 140.717539585283703, 39.286881946144945 ], [ 140.717213748315885, 39.286434171000224 ], [ 140.717267951354984, 39.285487774840988 ], [ 140.71779518789765, 39.284630251484998 ], [ 140.717670505889146, 39.283054694118903 ], [ 140.716974383860816, 39.281829694285022 ], [ 140.717643306793207, 39.280794973908996 ], [ 140.717654164308328, 39.28007691921448 ], [ 140.716735305390102, 39.277833865240723 ], [ 140.718143670693962, 39.276765504824255 ], [ 140.717833695968352, 39.275418000240563 ], [ 140.718388443671756, 39.274218278550791 ], [ 140.717665383350777, 39.272980775442477 ], [ 140.717828716422218, 39.272608838327301 ], [ 140.719731529886303, 39.271949947332246 ], [ 140.723032113741169, 39.272174080869206 ], [ 140.724255499291871, 39.270513774990775 ], [ 140.725430219828809, 39.270167667304065 ], [ 140.727768300666639, 39.270286000098906 ], [ 140.72792053160731, 39.269339864743017 ], [ 140.732790052019368, 39.267060945806065 ], [ 140.733056471678879, 39.266410387029794 ], [ 140.735196472339339, 39.266331504795176 ], [ 140.736522607232587, 39.266738135056926 ], [ 140.739099339363065, 39.263809802180674 ], [ 140.742917172789362, 39.262332558700678 ], [ 140.743711088895679, 39.261753639918595 ], [ 140.744790531657827, 39.261958640379021 ], [ 140.745888885363797, 39.261498360161227 ], [ 140.747445525490662, 39.262803639776223 ], [ 140.751349442023184, 39.262807226272514 ], [ 140.751230895189678, 39.261009720722086 ], [ 140.753168974668483, 39.258995532517872 ], [ 140.753234279838239, 39.258082747620733 ], [ 140.755958782272046, 39.256783585194341 ], [ 140.757230195217403, 39.254791053564304 ], [ 140.759084941716765, 39.254312170870037 ], [ 140.76145438371293, 39.254750747748858 ], [ 140.762644693997458, 39.253632694393389 ], [ 140.764320829742587, 39.253500467972287 ], [ 140.764847782099537, 39.253122134878652 ], [ 140.76531557705232, 39.252051586411653 ], [ 140.766266718934048, 39.251141558835911 ], [ 140.768920335904795, 39.252462667418229 ], [ 140.770418753922399, 39.248983748001649 ], [ 140.772525745866574, 39.246556801555187 ], [ 140.774723554048819, 39.245374837878501 ], [ 140.776112191824268, 39.244067613029983 ], [ 140.776648054664065, 39.242256224645075 ], [ 140.777169467197268, 39.241572891875535 ], [ 140.779043112949353, 39.241204559243045 ], [ 140.781244811598867, 39.239979532429516 ], [ 140.788662386559963, 39.238428666849529 ], [ 140.788236004488112, 39.237275054300369 ], [ 140.787124357902826, 39.236274224875615 ], [ 140.786457444955204, 39.23455894613852 ], [ 140.786020219757347, 39.234224505356678 ], [ 140.786519390257695, 39.233320053577643 ], [ 140.786176939214442, 39.230632278556868 ], [ 140.787430895419561, 39.228596720662154 ], [ 140.787624253256695, 39.226785054386824 ], [ 140.786195357329916, 39.226359774883747 ], [ 140.784835914246059, 39.225342027412694 ], [ 140.783239533078017, 39.225256749199673 ], [ 140.780290636303903, 39.224108440851921 ], [ 140.777072282859649, 39.223430666791899 ], [ 140.774458664136091, 39.223149865174207 ], [ 140.77022697709333, 39.223407639650929 ], [ 140.769487249636882, 39.222072387430785 ], [ 140.769348690189986, 39.219458224617426 ], [ 140.76860147857542, 39.218911279432064 ], [ 140.766327030168327, 39.218593774683029 ], [ 140.765827885748422, 39.215874892112652 ], [ 140.762962945183858, 39.213056585892787 ], [ 140.763586303964871, 39.211625197944556 ], [ 140.765230219698992, 39.210482414132173 ], [ 140.765729688774172, 39.209147107952731 ], [ 140.766618300793994, 39.208525440796507 ], [ 140.76100221807792, 39.206206865354602 ], [ 140.759766718659193, 39.201986305623564 ], [ 140.758317301102579, 39.201083279269994 ], [ 140.7551275883676, 39.200192721117219 ], [ 140.752987030127429, 39.198224668134003 ], [ 140.750397860373027, 39.197647467956358 ], [ 140.747350077743931, 39.197468865295946 ], [ 140.746458690416262, 39.197007198323604 ], [ 140.743734773441133, 39.196873613026867 ], [ 140.74291147918143, 39.196243333063421 ], [ 140.738197833763138, 39.195630865072417 ], [ 140.736308080253821, 39.195934747790432 ], [ 140.733970000315367, 39.197374198160787 ], [ 140.73124914283369, 39.197622000055333 ], [ 140.728337691131628, 39.199572838215943 ], [ 140.727202165747372, 39.197941441044748 ], [ 140.725723281004662, 39.19676925209933 ], [ 140.722209079385607, 39.196897586254636 ], [ 140.721590505897211, 39.196105639663585 ], [ 140.721514137267718, 39.194843414192292 ], [ 140.720809999581888, 39.193389251812562 ], [ 140.717758366055818, 39.190641224912667 ], [ 140.715801114829674, 39.191142613141153 ], [ 140.714169143890899, 39.191185107906449 ], [ 140.712801088899141, 39.190543748295397 ], [ 140.711817224285483, 39.189472359861554 ], [ 140.70886527880964, 39.18754541398971 ], [ 140.70648024706577, 39.187772386686333 ], [ 140.705043580097254, 39.187417667091722 ], [ 140.702032165152332, 39.187527108289487 ], [ 140.698750778225872, 39.186762973232703 ], [ 140.698030753116882, 39.187157693772576 ], [ 140.69777294356652, 39.18798491896888 ], [ 140.696971829286554, 39.188569359588314 ], [ 140.694843190660777, 39.187977720795232 ], [ 140.691603722034188, 39.188164385877769 ], [ 140.691137029650235, 39.189752441122323 ], [ 140.688825305243654, 39.190505531605027 ], [ 140.688000583759958, 39.191120252397809 ], [ 140.68643108962317, 39.192759134626442 ], [ 140.686563864630671, 39.193374972377114 ], [ 140.684127133560423, 39.193819721303157 ], [ 140.683486835149438, 39.194876386036412 ], [ 140.680933191313784, 39.195742774909206 ], [ 140.679330636299937, 39.197011134656179 ], [ 140.677737561939011, 39.198932801507624 ], [ 140.678548054349335, 39.201286134847294 ], [ 140.678430831317883, 39.202055306107525 ], [ 140.675232191012924, 39.202156999645865 ], [ 140.671685447425489, 39.204651171314538 ], [ 140.67027819728105, 39.205296468157542 ], [ 140.669872048156549, 39.206008134967533 ], [ 140.668603695604133, 39.206411748903122 ], [ 140.666784189039163, 39.20860453167387 ], [ 140.66499444913461, 39.209274837763587 ], [ 140.664018054289841, 39.209312612886833 ], [ 140.662286109316597, 39.208684279056286 ], [ 140.66100058420966, 39.206353197641988 ], [ 140.660429196350378, 39.206027358875588 ], [ 140.657900558164329, 39.205827107734876 ], [ 140.656261919651911, 39.206153774776965 ], [ 140.655332437941752, 39.206701559029796 ], [ 140.652708521081422, 39.206942134871667 ], [ 140.648819610636565, 39.206419695312718 ], [ 140.646183165320849, 39.206759720884463 ], [ 140.643429532946698, 39.206253053635578 ], [ 140.641593968986513, 39.205328359915939 ], [ 140.638535888220758, 39.204655333376991 ], [ 140.63846868997814, 39.203993387384969 ], [ 140.63988542167499, 39.201433666830326 ], [ 140.63983403531256, 39.200591440942276 ], [ 140.639474616760253, 39.198985613295463 ], [ 140.638479921611179, 39.196897278686492 ], [ 140.63839880725925, 39.195842559186815 ], [ 140.637375771774487, 39.19447089161838 ], [ 140.635373528365676, 39.194735640337569 ], [ 140.634587690869353, 39.194377306367642 ], [ 140.633433501854711, 39.194896225080754 ], [ 140.631370142318247, 39.194195108217741 ], [ 140.630328470182803, 39.194684864614885 ], [ 140.628955382584877, 39.194758747518222 ], [ 140.628394811771159, 39.195287081233857 ], [ 140.626536161314903, 39.195877666920865 ], [ 140.625530635630412, 39.194487666672558 ], [ 140.624254253930758, 39.19356574826071 ], [ 140.624082581446032, 39.192962972263388 ], [ 140.622858144587781, 39.191658531715916 ], [ 140.622742580805493, 39.191374080649382 ], [ 140.623084527329183, 39.191244080949616 ], [ 140.621685382774217, 39.18861994555408 ], [ 140.622208716259365, 39.188370747911733 ], [ 140.621682361052194, 39.187390225178774 ], [ 140.620726782814813, 39.187615505351346 ], [ 140.620190660970252, 39.187110775242161 ], [ 140.620222891773096, 39.186758838149899 ], [ 140.618665914400481, 39.187269973230741 ], [ 140.618218689640912, 39.18711497327746 ], [ 140.619158715902131, 39.186270775176183 ], [ 140.620263476378341, 39.185822440653169 ], [ 140.624526588431422, 39.18545046756509 ], [ 140.62575272410902, 39.185057945867584 ], [ 140.625426666807243, 39.181771585690171 ], [ 140.626663358727114, 39.180802108430612 ], [ 140.628042801833885, 39.180599333792259 ], [ 140.62912533106919, 39.179980973443207 ], [ 140.630626225819697, 39.17843680241657 ], [ 140.632324034326757, 39.177505108374078 ], [ 140.633937523298073, 39.175526359753746 ], [ 140.635210466889589, 39.175556505028737 ], [ 140.635496328992417, 39.174032027356247 ], [ 140.636450803761704, 39.173415918010278 ], [ 140.636291673222217, 39.172485081021705 ], [ 140.636691387697397, 39.171690919400476 ], [ 140.636596135103673, 39.170372586126007 ], [ 140.638827860317519, 39.167918413603957 ], [ 140.639250947273467, 39.166993693803988 ], [ 140.639968197074722, 39.166544774721615 ], [ 140.640832113711099, 39.165148666277958 ], [ 140.641367133886206, 39.162933108176446 ], [ 140.6413969131371, 39.160337558631454 ], [ 140.64263693884368, 39.158856720561232 ], [ 140.642507522803953, 39.157600332589311 ], [ 140.643477562139879, 39.156411999913928 ], [ 140.642778106324613, 39.154858108115263 ], [ 140.64294258063569, 39.154230892142039 ], [ 140.642507587555201, 39.152926171006015 ], [ 140.640021167143232, 39.152498135080918 ], [ 140.639733384987835, 39.151962587003823 ], [ 140.640820946829308, 39.150048972681986 ], [ 140.64234905326623, 39.148440081044953 ], [ 140.644436030798261, 39.147588387094459 ], [ 140.646469689324817, 39.146027531845164 ], [ 140.646405005586644, 39.144775585624814 ], [ 140.650196419629083, 39.144709170691726 ], [ 140.651254228300104, 39.145112225249022 ], [ 140.651836160710332, 39.145796666882745 ], [ 140.654510636556665, 39.146574972557005 ], [ 140.656032865924089, 39.147392198191426 ], [ 140.656738418243435, 39.14862133310811 ], [ 140.660365084581031, 39.152111864570941 ], [ 140.663597587958407, 39.153638506012271 ], [ 140.664738171129784, 39.153858505365804 ], [ 140.667370999372224, 39.151988748282179 ], [ 140.667200727131899, 39.151240134624572 ], [ 140.667917976933154, 39.150072918930107 ], [ 140.669446083370076, 39.148889585585948 ], [ 140.672620310678894, 39.148692892163297 ], [ 140.674506977714941, 39.149308693941123 ], [ 140.675652827316185, 39.148805080789884 ], [ 140.677522309207234, 39.148803134656987 ], [ 140.678503696188727, 39.149160332783197 ], [ 140.679144553078686, 39.147860054298121 ], [ 140.679144578259752, 39.146928666924509 ], [ 140.680314331841032, 39.146530332908583 ], [ 140.680502387275396, 39.145777279298045 ], [ 140.681642697952157, 39.145003945975361 ], [ 140.682171894117687, 39.143948667097334 ], [ 140.683793864595259, 39.144415586110483 ], [ 140.684487756304975, 39.144173081222789 ], [ 140.684711114626339, 39.143415585860623 ], [ 140.6855338908764, 39.143401694033003 ], [ 140.686538911141952, 39.142669198025146 ], [ 140.68724450123284, 39.141444720697336 ], [ 140.686915331377463, 39.14040308093746 ], [ 140.687843994704622, 39.138812224304786 ], [ 140.68740900072487, 39.137716135091637 ], [ 140.686727329003133, 39.137189467819724 ], [ 140.687150415059705, 39.135776972829092 ], [ 140.686239585288718, 39.135140585569616 ], [ 140.685792918108746, 39.134211414125502 ], [ 140.685598780559303, 39.132224468184688 ], [ 140.684540997968725, 39.131583667052666 ], [ 140.683823774247799, 39.130207838321155 ], [ 140.682953773697818, 39.12952783843906 ], [ 140.681672632785876, 39.129111170843885 ], [ 140.682160441251426, 39.127589223863652 ], [ 140.682166303931808, 39.126259251563283 ], [ 140.6832182751034, 39.125236171112476 ], [ 140.684200246644082, 39.12492505424791 ], [ 140.68445302089026, 39.124361720716877 ], [ 140.684011944795429, 39.121995054028559 ], [ 140.684453087440147, 39.121468667345198 ], [ 140.684505863255026, 39.120628386690726 ], [ 140.685481724801775, 39.119855055166738 ], [ 140.685199532832257, 39.118014505365181 ], [ 140.684658690446327, 39.117316171004518 ], [ 140.687697639034923, 39.115125891946434 ], [ 140.688491284445263, 39.113997559339964 ], [ 140.68878518828592, 39.112267000221948 ], [ 140.689302723841706, 39.111777251918681 ], [ 140.689367172856805, 39.110474774591239 ], [ 140.69040775591327, 39.110300865492604 ], [ 140.690660531958088, 39.109836135429362 ], [ 140.689773022507097, 39.109428640019757 ], [ 140.690313890973357, 39.107874467632655 ], [ 140.689926108703048, 39.106920054017337 ], [ 140.69027863844849, 39.106595027338699 ], [ 140.688503332662776, 39.105860053698564 ], [ 140.687610000101472, 39.104884774912477 ], [ 140.68791561581304, 39.102412838082046 ], [ 140.687110609267279, 39.09977146897819 ], [ 140.685782308806552, 39.097747864872133 ], [ 140.685982309036376, 39.096980919433918 ], [ 140.685470921246065, 39.096458972703488 ], [ 140.684248145435618, 39.096097332825707 ], [ 140.683613411130068, 39.094849839148822 ], [ 140.682237860289092, 39.093378170566154 ], [ 140.682132334739549, 39.092460108447312 ], [ 140.680145357322431, 39.09250374804958 ], [ 140.679070052341103, 39.09295235956381 ], [ 140.676601113850438, 39.093286277839525 ], [ 140.675449170442903, 39.094119613029761 ], [ 140.673691361866872, 39.09428433285575 ], [ 140.67219852144467, 39.095034919625903 ], [ 140.670676031273842, 39.094922972916891 ], [ 140.670305720132887, 39.095307414205877 ], [ 140.670235162023118, 39.096246026732786 ], [ 140.668219026786687, 39.096014667143208 ], [ 140.667872088126387, 39.096248278635187 ], [ 140.667748716430197, 39.097118000395426 ], [ 140.665985383318798, 39.09680189229357 ], [ 140.66556814465423, 39.097628306301374 ], [ 140.664180610346989, 39.097573586152123 ], [ 140.663351996597385, 39.097958027441052 ], [ 140.662946420341086, 39.098596639623281 ], [ 140.66292280234552, 39.099640251596384 ], [ 140.660947782314338, 39.098811666625181 ], [ 140.660389441819348, 39.098212225314001 ], [ 140.659548885073036, 39.09806333175743 ], [ 140.657033280761311, 39.098662801846899 ], [ 140.656057419214562, 39.099361135308186 ], [ 140.65380016944232, 39.099544224686269 ], [ 140.652730441157019, 39.099235332744456 ], [ 140.651989856646651, 39.09951450568991 ], [ 140.651231530310952, 39.099285612940719 ], [ 140.648574501312282, 39.101913413972909 ], [ 140.647528053776682, 39.104518134804152 ], [ 140.644988833268144, 39.106651504763192 ], [ 140.642055745676203, 39.106271251617045 ], [ 140.639669300198079, 39.107095134932592 ], [ 140.638275966162951, 39.106763224843007 ], [ 140.6356545269349, 39.107378802689652 ], [ 140.63322700402307, 39.10663491856667 ], [ 140.630658365790964, 39.105245504676361 ], [ 140.628753891279075, 39.105043864982463 ], [ 140.629235837064243, 39.106403864746596 ], [ 140.628924423423427, 39.107948586158386 ], [ 140.627930777783263, 39.108935252160222 ], [ 140.627648833127182, 39.109743026819274 ], [ 140.627066588652156, 39.110113864962955 ], [ 140.626849053441106, 39.111498864980661 ], [ 140.625255965590441, 39.112180802002456 ], [ 140.625279585384646, 39.113538306147973 ], [ 140.624750389219116, 39.114460559107556 ], [ 140.624491725312964, 39.117005802375957 ], [ 140.622293605965183, 39.119281107836912 ], [ 140.62198191982975, 39.121050279346946 ], [ 140.618066589101886, 39.121733918785367 ], [ 140.616269610554127, 39.121514774687171 ], [ 140.615480168575004, 39.121796170756738 ], [ 140.61492569426548, 39.122718108054301 ], [ 140.613783720742163, 39.12366338725559 ], [ 140.611541725270513, 39.12420591856835 ], [ 140.611785058433725, 39.125183972662285 ], [ 140.611373643778734, 39.12682869508825 ], [ 140.612297250218035, 39.127993135474867 ], [ 140.612271945993598, 39.129121197385416 ], [ 140.613212476774493, 39.132914505400151 ], [ 140.616210272386184, 39.134458359865448 ], [ 140.616756082627148, 39.135887252195005 ], [ 140.617050220291503, 39.138127531760233 ], [ 140.616521310110443, 39.139517252319365 ], [ 140.616017419068726, 39.139981693700236 ], [ 140.612347366737595, 39.140468666695654 ], [ 140.611667328184694, 39.140952558613719 ], [ 140.611692606328802, 39.142257278850366 ], [ 140.61096172550333, 39.144020054382054 ], [ 140.610894746695294, 39.146541170638557 ], [ 140.610172502958676, 39.147335919517104 ], [ 140.609744136982385, 39.148948135048443 ], [ 140.61013053159877, 39.149772279167394 ], [ 140.612851387281808, 39.150386999960119 ], [ 140.614153060615308, 39.151018360009346 ], [ 140.615899728389763, 39.152800586078229 ], [ 140.616051113967842, 39.153434999325839 ], [ 140.615782217575315, 39.15415113396773 ], [ 140.616134967654716, 39.15466805438723 ], [ 140.615824110694234, 39.156796667831998 ], [ 140.614379610630635, 39.16023697305792 ], [ 140.613363748138568, 39.160511694359286 ], [ 140.611835110202264, 39.160289224568089 ], [ 140.610928418211984, 39.16154810815874 ], [ 140.609063942846774, 39.162787278610097 ], [ 140.608618909735014, 39.163761999816472 ], [ 140.607736939208394, 39.164530639577379 ], [ 140.607585836916883, 39.16610674822789 ], [ 140.606334384424372, 39.167878972036988 ], [ 140.606687173174578, 39.168762028045194 ], [ 140.60655658891551, 39.17009953216774 ], [ 140.6071554735463, 39.171338693625842 ], [ 140.607133773804662, 39.172516747949601 ], [ 140.606645694643134, 39.174287027424441 ], [ 140.605620660864815, 39.175573972560812 ], [ 140.6071809468433, 39.176388135104389 ], [ 140.607692607128229, 39.177012838371866 ], [ 140.606267029699779, 39.178495081183087 ], [ 140.603990583898394, 39.179449558650276 ], [ 140.603451673256131, 39.180837054286656 ], [ 140.602176641438859, 39.182502053726864 ], [ 140.600769390395158, 39.183361802005606 ], [ 140.600326860995892, 39.183992081069732 ], [ 140.597136525030692, 39.18439683804371 ], [ 140.595506808692335, 39.184279332625181 ], [ 140.594128171378088, 39.183521586352185 ], [ 140.591994253731855, 39.185090468050703 ], [ 140.589647004305903, 39.185344108343998 ], [ 140.58933946764239, 39.186288278681161 ], [ 140.588246938845259, 39.187474694001992 ], [ 140.585624668643618, 39.188366945578139 ], [ 140.584342996232408, 39.188326946431459 ], [ 140.583128248669823, 39.188685278602804 ], [ 140.582237977400837, 39.188193918714433 ], [ 140.580650142490185, 39.189765585613316 ], [ 140.579568470308686, 39.190145306360876 ], [ 140.57916066193502, 39.190751441326029 ], [ 140.577709273963933, 39.190899774604986 ], [ 140.577132309408626, 39.191722558948982 ], [ 140.576267301894518, 39.191545639819481 ], [ 140.574471970904824, 39.192553694397532 ], [ 140.572776693089963, 39.192475667418194 ], [ 140.571154449218511, 39.192808440856936 ], [ 140.570008858622032, 39.193486532377619 ], [ 140.567851335570708, 39.193485134831178 ], [ 140.56728133716399, 39.192619864715027 ], [ 140.566452724313876, 39.192405999637231 ], [ 140.565369662679814, 39.191379613278571 ], [ 140.563018806972423, 39.191174081318877 ], [ 140.56250350173525, 39.192291305499396 ], [ 140.562181283639347, 39.19236658594923 ], [ 140.561627664585103, 39.191593251727227 ], [ 140.560498780694275, 39.19119105422385 ], [ 140.560775473309491, 39.189936586304441 ], [ 140.560449637241049, 39.189773837792416 ], [ 140.551663968617277, 39.189180278946765 ], [ 140.551873450399512, 39.187881945695267 ], [ 140.550121750918152, 39.18819586394801 ], [ 140.549500921030699, 39.187968080962207 ], [ 140.549588145376674, 39.187413081448597 ], [ 140.547903942712878, 39.187125305588438 ], [ 140.547042528889619, 39.18988533304173 ], [ 140.545161673272673, 39.189963109110238 ], [ 140.542939973700868, 39.189442026628285 ], [ 140.542918638184688, 39.184978694011591 ], [ 140.54382367092569, 39.183142306272487 ], [ 140.546552892102341, 39.182483667087638 ], [ 140.548486834699702, 39.180447531828179 ], [ 140.548717950573064, 39.178874468282118 ], [ 140.548612412432931, 39.177891693646814 ], [ 140.547973527756199, 39.176686720815553 ], [ 140.548041050653978, 39.174598108316104 ], [ 140.546506031128501, 39.17464477503637 ], [ 140.546538780840137, 39.176556442325989 ], [ 140.54513732772557, 39.180018107349838 ], [ 140.544302335084808, 39.180628972748934 ], [ 140.542749222099019, 39.18266369427414 ], [ 140.540728106417077, 39.181910108264958 ], [ 140.54124894877998, 39.181471224717313 ], [ 140.54123616131983, 39.180875108199757 ], [ 140.542254254130626, 39.179449251981453 ], [ 140.544137081960798, 39.178415639570176 ], [ 140.545240441293345, 39.177265612617987 ], [ 140.545655446941396, 39.175784775447084 ], [ 140.545138222551032, 39.175699774225279 ], [ 140.543789299736432, 39.17782786516392 ], [ 140.541749804609822, 39.178830360133077 ], [ 140.540928416912948, 39.17808677458504 ], [ 140.540001750980082, 39.177895666851612 ], [ 140.538592580783074, 39.176397612160144 ], [ 140.538257587817498, 39.175190946804776 ], [ 140.5393662261705, 39.174479000305666 ], [ 140.539387912422285, 39.172529837581976 ], [ 140.53797510986351, 39.172793748133017 ], [ 140.537095939825804, 39.172449585679885 ], [ 140.535508145384711, 39.172956531718626 ], [ 140.534078663099876, 39.174512667325814 ], [ 140.533761698843364, 39.175591837593288 ], [ 140.530418586048995, 39.175761586428109 ], [ 140.528797717240877, 39.177078252359536 ], [ 140.527026303720959, 39.177532999948028 ], [ 140.525714889830397, 39.178388278596231 ], [ 140.526234061253035, 39.179593279306459 ], [ 140.524899300062657, 39.180829667255409 ], [ 140.525447367601942, 39.182201612714323 ], [ 140.523287859747029, 39.183133027067583 ], [ 140.522825357304441, 39.183651361221393 ], [ 140.523109493608331, 39.185294134816502 ], [ 140.5216997541404, 39.187180252366829 ], [ 140.521377497373692, 39.188529694090164 ], [ 140.522495279133864, 39.189704973106075 ], [ 140.523587781850665, 39.192313305614618 ], [ 140.523261633717539, 39.19359497262991 ], [ 140.522107173107656, 39.194662467898638 ], [ 140.52372438437294, 39.195664973659632 ], [ 140.52878972766382, 39.197412693640956 ], [ 140.525262113555755, 39.20238717123101 ], [ 140.519602580994388, 39.20469499977446 ], [ 140.508722360748379, 39.210592585579434 ], [ 140.503183112510669, 39.210949279185911 ], [ 140.49658664106073, 39.210664026823451 ], [ 140.493253281413899, 39.21010738694639 ], [ 140.491005187639416, 39.210201305845658 ], [ 140.488292087709738, 39.210874918742547 ], [ 140.479910830720314, 39.214282468860915 ], [ 140.467606471961176, 39.217640585944366 ], [ 140.462854448873827, 39.217652000139765 ], [ 140.457261050657053, 39.218395359957924 ], [ 140.454691308956853, 39.217550946019401 ], [ 140.452780441164464, 39.217615386940622 ], [ 140.449949584905539, 39.217196801990895 ], [ 140.448622049767891, 39.217302919294355 ], [ 140.446781193297511, 39.218075694138008 ], [ 140.44635452703983, 39.217738774824625 ], [ 140.446899000888266, 39.216572360426142 ], [ 140.445602022915068, 39.216320999014954 ], [ 140.445125357049619, 39.217207387011342 ], [ 140.443921996702898, 39.217854054421139 ], [ 140.442226420313091, 39.219543224939912 ], [ 140.442030505703315, 39.225690720650277 ], [ 140.4361737743003, 39.225995198719488 ], [ 140.436290999130392, 39.225320467965275 ], [ 140.435087664863886, 39.224683837888847 ], [ 140.434474864123786, 39.225449945158914 ], [ 140.433375693833227, 39.22492494612942 ], [ 140.432338443664321, 39.226197720648315 ], [ 140.430157056203257, 39.225196080934438 ], [ 140.42623389058167, 39.230235252155239 ], [ 140.423602217968096, 39.228974721006637 ], [ 140.422737756342485, 39.230016946225135 ], [ 140.42202691331147, 39.23034666736487 ], [ 140.421739947740434, 39.232228891750026 ], [ 140.421388002554295, 39.232735837788709 ], [ 140.421788806108566, 39.233823891559382 ], [ 140.421524916241992, 39.234790278748392 ], [ 140.424290194836658, 39.236063612645637 ], [ 140.421436523676675, 39.239773891651851 ], [ 140.423292049888232, 39.24215527934274 ], [ 140.425379027420263, 39.242459721439047 ], [ 140.417614189143592, 39.246525025809319 ], [ 140.416000310765753, 39.245751412797517 ], [ 140.414157497370638, 39.246956441386715 ], [ 140.411597471046548, 39.247968107642123 ], [ 140.409833279981967, 39.24800619842739 ], [ 140.408251608125283, 39.247470919247576 ], [ 140.410035472758977, 39.251617586182704 ], [ 140.407772113891951, 39.25257119760272 ], [ 140.401789248075374, 39.256176505041708 ], [ 140.401630895449557, 39.256865946006656 ], [ 140.401963670686882, 39.258758170852957 ], [ 140.401704745977327, 39.260140945947967 ], [ 140.399876393680643, 39.263793748382852 ], [ 140.39809080324801, 39.263645972683548 ], [ 140.398608612197791, 39.260650134895855 ], [ 140.398999468350894, 39.259960414241789 ], [ 140.398957523071317, 39.25959097184591 ], [ 140.397583644969359, 39.259139585923208 ], [ 140.395887496610726, 39.259488504890612 ], [ 140.395496641356999, 39.260547107662944 ], [ 140.395581088596373, 39.26131072111292 ], [ 140.395274968365129, 39.261089055315722 ], [ 140.39542277644, 39.259603225108776 ], [ 140.395200830054364, 39.259512946665211 ], [ 140.393457198391047, 39.260301000091147 ], [ 140.393045252236675, 39.259668774894124 ], [ 140.390350778165953, 39.26007936037422 ], [ 140.387782996088504, 39.259332135269858 ], [ 140.387202140166664, 39.259734080963142 ], [ 140.385854642777645, 39.259549359315542 ], [ 140.384893217148374, 39.260723559144992 ], [ 140.3819454220436, 39.261026892377231 ], [ 140.379879299789877, 39.259364694325257 ], [ 140.377549559264821, 39.260723306435523 ], [ 140.376957612903539, 39.260739693881817 ], [ 140.376439830933464, 39.261313865142824 ], [ 140.374051751387242, 39.262085559001378 ], [ 140.372615084418726, 39.261732774747827 ], [ 140.366458637755954, 39.261556692887098 ], [ 140.364027522951915, 39.260292802770664 ], [ 140.362773061327744, 39.260955891801018 ], [ 140.361047250630122, 39.259338387356763 ], [ 140.36038946759993, 39.257863946164264 ], [ 140.359040310961632, 39.257175613164065 ], [ 140.358124747159422, 39.257184774557743 ], [ 140.357522243656717, 39.256415332601591 ], [ 140.356307523073838, 39.255801198166807 ], [ 140.353691945626906, 39.255883972667277 ], [ 140.352675551635457, 39.25519286525855 ], [ 140.352388339650247, 39.25460313482688 ], [ 140.35014306075368, 39.253392053800269 ], [ 140.346758637601056, 39.250489278757243 ], [ 140.345937497217733, 39.251507054107321 ], [ 140.345254162649553, 39.251500667122116 ], [ 140.34453111491905, 39.25106038692735 ], [ 140.343753332650294, 39.251207080742233 ], [ 140.343336640773373, 39.251812359552787 ], [ 140.343201919632975, 39.253782918946627 ], [ 140.34158133590995, 39.254238748419539 ], [ 140.341326057051901, 39.254604585433299 ], [ 140.341339662895166, 39.255035694341871 ], [ 140.342411336414102, 39.256014585704634 ], [ 140.342380777451012, 39.257044305850116 ], [ 140.341990467186406, 39.257572081086721 ], [ 140.340836589337187, 39.258229865915609 ], [ 140.340555187871701, 39.258941800723562 ], [ 140.339433217069427, 39.259510972653345 ], [ 140.338006004673389, 39.259087107783841 ], [ 140.33649182783563, 39.259575721142653 ], [ 140.335686004705394, 39.259405721397002 ], [ 140.334638754075286, 39.259761279159761 ], [ 140.333533475589547, 39.259707945765115 ], [ 140.330753164826774, 39.261374081049041 ], [ 140.329865382881167, 39.261480468149159 ], [ 140.329842606651027, 39.264056026664377 ], [ 140.329450362844, 39.265028801737856 ], [ 140.331687859906879, 39.268793531096662 ], [ 140.331785057734237, 39.270175468023467 ], [ 140.331505330806408, 39.270935747686678 ], [ 140.331078106069754, 39.271111585831079 ], [ 140.330979468427813, 39.27248741456259 ], [ 140.33048364520414, 39.27355019828309 ], [ 140.331521970962285, 39.273870197751478 ], [ 140.333105863245009, 39.273740198051769 ], [ 140.334258366030781, 39.27487405429423 ], [ 140.336594747149888, 39.276372665666031 ], [ 140.337862218366695, 39.279216278808292 ], [ 140.338937223873813, 39.279668504697781 ], [ 140.339768885425769, 39.280843505823213 ], [ 140.338266640792881, 39.282362108224788 ], [ 140.338602438651719, 39.284484054095856 ], [ 140.34001632939021, 39.285077108421888 ], [ 140.339698561139699, 39.286934332553471 ], [ 140.340110505495545, 39.287379612978782 ], [ 140.339414085791532, 39.288095171155305 ], [ 140.340300195897385, 39.289258224787318 ], [ 140.340341310203371, 39.290029612876367 ], [ 140.339104085884969, 39.290893775027769 ], [ 140.34211544687048, 39.293169612887368 ], [ 140.34246933908878, 39.295572667045008 ], [ 140.343282671558086, 39.29538710812858 ], [ 140.349523190442937, 39.29660708165153 ], [ 140.35186600531199, 39.296230414102354 ], [ 140.35282377519718, 39.295389837571008 ], [ 140.353862139626131, 39.295438170735054 ], [ 140.354386304084755, 39.296445666834131 ], [ 140.355549364011949, 39.296852893346397 ], [ 140.355932412251036, 39.297598999694117 ], [ 140.355777393412041, 39.298380945824022 ], [ 140.35431488982033, 39.299271504876117 ], [ 140.354165694091535, 39.299838171294596 ], [ 140.353547081932334, 39.300290387291568 ], [ 140.354089856062046, 39.301158440809445 ], [ 140.35340263282535, 39.30183844069154 ], [ 140.352864305843127, 39.301939838352894 ], [ 140.352230415101644, 39.303145693419083 ], [ 140.352672918420467, 39.304419837605451 ], [ 140.352457081129501, 39.305414279145737 ], [ 140.350138443634364, 39.305632360245284 ], [ 140.349270389217168, 39.306982359548329 ], [ 140.348113450075743, 39.307299865196683 ], [ 140.347225939725377, 39.308175973042751 ], [ 140.345295109681615, 39.308844306019978 ], [ 140.342511504702202, 39.310439613397477 ], [ 140.342224254046187, 39.311425440331845 ], [ 140.341616199927785, 39.311560171364874 ], [ 140.340563968852166, 39.312448224905722 ], [ 140.340855913969335, 39.312922666747738 ], [ 140.340298145443171, 39.314308225244474 ], [ 140.340676472241512, 39.31449600098972 ], [ 140.34101396802032, 39.315419054345909 ], [ 140.340392308957917, 39.315784054090898 ], [ 140.340358975586355, 39.316549333085334 ], [ 140.342040635866738, 39.317450719974772 ], [ 140.342256743853682, 39.317845999893052 ], [ 140.341917030346735, 39.318484891764399 ], [ 140.340927302153318, 39.31872683817312 ], [ 140.341059804666315, 39.320126278604903 ], [ 140.340422866122481, 39.321287108213539 ], [ 140.340059532821215, 39.322882108022895 ], [ 140.342167860258655, 39.325724613200407 ], [ 140.342102581169229, 39.326781559421477 ], [ 140.340503385123156, 39.327452108328202 ], [ 140.339328391192339, 39.32730933196018 ], [ 140.337465888040356, 39.32763877520938 ], [ 140.335675058157449, 39.327093251852148 ], [ 140.335377276440227, 39.326101027140737 ], [ 140.333811439846158, 39.325010198062216 ], [ 140.331812282910619, 39.325141026936876 ], [ 140.330947276295774, 39.324788251676523 ], [ 140.327530052170232, 39.325772720634575 ], [ 140.327926718843059, 39.326251053843123 ], [ 140.328255057724846, 39.327795467686713 ], [ 140.329494228176145, 39.328925748224776 ], [ 140.329861725338446, 39.330059359851646 ], [ 140.326623916860285, 39.332333559146491 ], [ 140.328314475033039, 39.334822973401572 ], [ 140.330232800903104, 39.335966027010613 ], [ 140.33024252886969, 39.336458802431821 ], [ 140.329657807661761, 39.337312973115274 ], [ 140.329727523106726, 39.339417135792246 ], [ 140.327722775086045, 39.341651864741834 ], [ 140.325613060894057, 39.342117720756278 ], [ 140.324092218281294, 39.343314945928057 ], [ 140.32287500567702, 39.343576613569894 ], [ 140.321694423358963, 39.344547170915234 ], [ 140.320874137331657, 39.344499108447167 ], [ 140.319331634547325, 39.345543558588417 ], [ 140.318947756234024, 39.346324387760319 ], [ 140.320348586118371, 39.347613000239846 ], [ 140.31995775604571, 39.348728000396932 ], [ 140.318122749665235, 39.348614414223903 ], [ 140.315906056619269, 39.349713586312987 ], [ 140.312972996007034, 39.3492035861766 ], [ 140.311730506158028, 39.348641080921197 ], [ 140.310581051174609, 39.347544134654129 ], [ 140.308665498813752, 39.34805444056002 ], [ 140.305859390098817, 39.347692504805309 ], [ 140.304853528967215, 39.348085000422486 ], [ 140.303758249143925, 39.347692504805309 ], [ 140.303387419094179, 39.346898892669799 ], [ 140.301935746037884, 39.346663333246283 ], [ 140.301652140334113, 39.346755027222798 ], [ 140.301294357648544, 39.347903919230532 ], [ 140.300325473042221, 39.348632252276673 ], [ 140.299952114098801, 39.350550865030471 ], [ 140.299340998688194, 39.351754468194201 ], [ 140.299330169052155, 39.35298641439158 ], [ 140.298343502150942, 39.35473446802132 ], [ 140.296800974185658, 39.354119748127914 ], [ 140.295880143054205, 39.35463836017226 ], [ 140.294442088431651, 39.353484467933924 ], [ 140.292114305730706, 39.353227278915824 ], [ 140.291631803265204, 39.354541999613616 ], [ 140.289718170956917, 39.354755612881263 ], [ 140.289052892077393, 39.354480891579954 ], [ 140.287800389176709, 39.355073945905929 ], [ 140.286127328213638, 39.354332559200316 ], [ 140.285339558973533, 39.355143946436044 ], [ 140.284189830596233, 39.354832000396527 ], [ 140.283827589072075, 39.355603946065287 ], [ 140.28298535688873, 39.355913413573205 ], [ 140.281015084378737, 39.357712585567413 ], [ 140.279406744026119, 39.356045918784162 ], [ 140.279007302045443, 39.354867585670604 ], [ 140.277147587691047, 39.353588972752959 ], [ 140.276017860236152, 39.354117586157713 ], [ 140.275728949431482, 39.355277586591399 ], [ 140.275127833582701, 39.35578286528704 ], [ 140.272698106432586, 39.355411775333209 ], [ 140.271251724987223, 39.354694837596753 ], [ 140.269366420424035, 39.35523122474126 ], [ 140.268871141290219, 39.356329278973078 ], [ 140.269484475328341, 39.35797927772154 ], [ 140.269226395082114, 39.359361505129414 ], [ 140.270320000367747, 39.360387892387394 ], [ 140.270010272056425, 39.36109927860889 ], [ 140.272912776403587, 39.36281677507418 ], [ 140.271403891176647, 39.36397455867899 ], [ 140.268159144429092, 39.365531505474678 ], [ 140.26673522714907, 39.368032054235982 ], [ 140.267492968925467, 39.370552612912832 ], [ 140.266239636849832, 39.371357053785061 ], [ 140.266064085589164, 39.372697333215399 ], [ 140.26416933904386, 39.373635693932158 ], [ 140.262649027030989, 39.375911801588416 ], [ 140.26269319093808, 39.376899865136693 ], [ 140.261903165298918, 39.377986801949419 ], [ 140.263253748261945, 39.378497640253954 ], [ 140.263097613364266, 39.378945972978329 ], [ 140.262105109863001, 39.379554027096731 ], [ 140.262225110000941, 39.379758198382206 ], [ 140.263585668244104, 39.379345973437978 ], [ 140.265178755195507, 39.378340973856893 ], [ 140.266563501604423, 39.37709900021872 ], [ 140.266956005315478, 39.376340666688463 ], [ 140.268612671637584, 39.376224836706911 ], [ 140.270153773278025, 39.376680945868998 ], [ 140.274608520966581, 39.375862891059626 ], [ 140.275653281373934, 39.375542864611589 ], [ 140.276365771962901, 39.374922864798407 ], [ 140.279305771744021, 39.375535080979262 ], [ 140.279782166014229, 39.37529480191364 ], [ 140.28010247664804, 39.374614802031545 ], [ 140.280907198108821, 39.374232865354486 ], [ 140.280726912816817, 39.373600640157463 ], [ 140.283759415964369, 39.375204251874777 ], [ 140.285142218039027, 39.374061441082688 ], [ 140.285881387915765, 39.372951441156147 ], [ 140.286410558000966, 39.37287172075338 ], [ 140.288756667086545, 39.374388386914575 ], [ 140.288447223860317, 39.375780333295779 ], [ 140.290783605878801, 39.376625332692981 ], [ 140.292131673438007, 39.376735052680601 ], [ 140.292381114796626, 39.376555333062242 ], [ 140.292261699218102, 39.375761999716588 ], [ 140.293095031710436, 39.376335865208091 ], [ 140.2938094684323, 39.375644747906847 ], [ 140.293540311236484, 39.37488641437659 ], [ 140.29449863870127, 39.374559748233821 ], [ 140.294543645273052, 39.373891134668156 ], [ 140.294089467854747, 39.3733572512362 ], [ 140.294338948783547, 39.372434197879954 ], [ 140.29516780804795, 39.373878640386977 ], [ 140.295916445987245, 39.373748918577803 ], [ 140.294698078653482, 39.375308080403613 ], [ 140.296095863433379, 39.375522531839408 ], [ 140.295107522893886, 39.376398082105879 ], [ 140.296021140563198, 39.377386134862263 ], [ 140.293604720681401, 39.377490865411175 ], [ 140.294074163192136, 39.37852836019573 ], [ 140.295679469232141, 39.378160026663977 ], [ 140.29736697780379, 39.378933639675779 ], [ 140.299608366233201, 39.37791335971383 ], [ 140.299922827676369, 39.377234748384979 ], [ 140.29982810568265, 39.375307252128039 ], [ 140.30015255499643, 39.374518919012928 ], [ 140.300616719386198, 39.374234467946394 ], [ 140.300711724666371, 39.375062802006767 ], [ 140.301335615846028, 39.375237532186418 ], [ 140.300701725104545, 39.375902802072687 ], [ 140.300836446245057, 39.376596414093285 ], [ 140.301385616353173, 39.376945585770216 ], [ 140.300946445921795, 39.378240306445036 ], [ 140.303274501117357, 39.378430000444212 ], [ 140.304757003832719, 39.379427505075341 ], [ 140.305905331066242, 39.379168054262323 ], [ 140.306274227573567, 39.379883613338166 ], [ 140.307462554853032, 39.380118054005038 ], [ 140.30861591379346, 39.379519440969489 ], [ 140.310301192945758, 39.379614135084296 ], [ 140.310600635710784, 39.378980801922523 ], [ 140.311239532978107, 39.379220251813251 ], [ 140.311938417723809, 39.378726360333303 ], [ 140.313410635792252, 39.379390532147397 ], [ 140.31500817079052, 39.379530251719814 ], [ 140.31535258055726, 39.380622748141377 ], [ 140.320192335208162, 39.382589667079515 ], [ 140.323069299708436, 39.382201892003764 ], [ 140.323036252321231, 39.381154386865489 ], [ 140.324302917745513, 39.380428278742102 ], [ 140.324439027439212, 39.379054945629264 ], [ 140.324092917953863, 39.378235774761265 ], [ 140.324744864384002, 39.377699667305876 ], [ 140.326692386744298, 39.377530467956774 ], [ 140.326514889350733, 39.376588251846385 ], [ 140.327662114914688, 39.375526306294034 ], [ 140.329886277729543, 39.375864359652553 ], [ 140.332023799858575, 39.375567413405463 ], [ 140.333884642862017, 39.375835468032449 ], [ 140.334965745772593, 39.376392386699365 ], [ 140.33638075167039, 39.376584054710406 ], [ 140.337893799858989, 39.377608774625287 ], [ 140.340039104720972, 39.377777946095364 ], [ 140.34306494209352, 39.380594585871506 ], [ 140.343452995959069, 39.381283197661503 ], [ 140.3433824378493, 39.382726802899697 ], [ 140.3437413347948, 39.383635973421462 ], [ 140.343357691204574, 39.385027918903404 ], [ 140.34487994755159, 39.386706251692203 ], [ 140.344809921840465, 39.388120973404227 ], [ 140.345168521110395, 39.389061252374972 ], [ 140.346649922156303, 39.390782640206737 ], [ 140.351401893982256, 39.392182891827076 ], [ 140.354422166349991, 39.393590945965457 ], [ 140.35566661492237, 39.395085666870102 ], [ 140.356613280878264, 39.395591504944036 ], [ 140.35779330741525, 39.395682332873434 ], [ 140.358725810847545, 39.394904837488298 ], [ 140.360442192153528, 39.394813972686734 ], [ 140.36353664060357, 39.396145918999025 ], [ 140.364704162966859, 39.395271467704106 ], [ 140.365150000072504, 39.394500360203494 ], [ 140.364881946344781, 39.390462027400702 ], [ 140.365740310566935, 39.389655640395517 ], [ 140.366400583819996, 39.388016170909623 ], [ 140.367423359400618, 39.386736171237374 ], [ 140.369156445613498, 39.385624504867053 ], [ 140.371894773325153, 39.385624504867053 ], [ 140.375123411416325, 39.386070865378201 ], [ 140.376799805266842, 39.385774197920966 ], [ 140.378642335375503, 39.386240026955704 ], [ 140.37985761263883, 39.3854508646657 ], [ 140.381199559412153, 39.385305838193915 ], [ 140.383097887057943, 39.385963053751993 ], [ 140.384114033735727, 39.384938054147938 ], [ 140.38833739395568, 39.384270801256548 ], [ 140.388765161882816, 39.385441919109326 ], [ 140.389599052854123, 39.386264135081831 ], [ 140.388850414015451, 39.38775413544505 ], [ 140.38805236102769, 39.388309721316659 ], [ 140.388300699817478, 39.389326666592467 ], [ 140.38739985701784, 39.389988612584432 ], [ 140.38652427977172, 39.391636666998636 ], [ 140.383788974681465, 39.393096945667537 ], [ 140.382825641590102, 39.394604721131032 ], [ 140.383819247660199, 39.395871667143751 ], [ 140.385262581303095, 39.399254171143127 ], [ 140.387118690275429, 39.398416947284318 ], [ 140.390766227179711, 39.398540837889414 ], [ 140.392419831310235, 39.397933026587964 ], [ 140.393953475772378, 39.397909135198461 ], [ 140.395980414564519, 39.396998026637675 ], [ 140.398940442247635, 39.39656189231755 ], [ 140.399931556296337, 39.397141613294878 ], [ 140.400389053112349, 39.397071333075587 ], [ 140.401382671772922, 39.396282999960533 ], [ 140.402289078678109, 39.396429387106593 ], [ 140.402843801200561, 39.396881333306965 ], [ 140.403917691548259, 39.396864944961294 ], [ 140.404370466923524, 39.397245775472186 ], [ 140.407148003277825, 39.396767414384726 ], [ 140.407959948093207, 39.397577973344823 ], [ 140.409134941124648, 39.397713252064989 ], [ 140.40974883274248, 39.398718250746754 ], [ 140.410788274559309, 39.397719080571164 ], [ 140.411401051917096, 39.397565468271807 ], [ 140.413108859086606, 39.398282134413023 ], [ 140.413580219851383, 39.3999096402178 ], [ 140.415929688804113, 39.398918504585367 ], [ 140.41804608316022, 39.399326559373264 ], [ 140.418924694718953, 39.400562946422895 ], [ 140.419838611862474, 39.400072947208798 ], [ 140.421883332949506, 39.399769026719241 ], [ 140.42377335895344, 39.400021532068081 ], [ 140.424481945585399, 39.401985973373996 ], [ 140.426212802379041, 39.402100692692841 ], [ 140.426735032395868, 39.403187359708909 ], [ 140.428620310878728, 39.402887360263492 ], [ 140.429664747530182, 39.405079865143705 ], [ 140.429790584268062, 39.406307080907084 ], [ 140.430733917336511, 39.406869864952341 ], [ 140.433034747355805, 39.406787053579706 ], [ 140.433566135169031, 39.407140945798062 ], [ 140.435038105024546, 39.407332333220666 ], [ 140.436185330588614, 39.40805594572538 ], [ 140.437278949364099, 39.407140945798062 ], [ 140.437940051791998, 39.407071775342217 ], [ 140.439563410822871, 39.408132053551469 ], [ 140.440013139295047, 39.40900510819921 ], [ 140.442932580574166, 39.408939802130192 ], [ 140.444824552710998, 39.409734801919626 ], [ 140.44770399484355, 39.408961170921373 ], [ 140.447779558579782, 39.408937559221044 ] ] ] } },
{ "type": "Feature", "properties": { "regioncode": "0520400", "regionname": "秋田県大館市", "name": "大館市", "namekana": "おおだてし", "PrefCode": "05" }, "geometry": { "type": "Polygon", "coordinates": [ [ [ 140.391707328130792, 40.484825225703673 ], [ 140.393530661311047, 40.485214388433349 ], [ 140.394132607234155, 40.485023558590399 ], [ 140.394100118325809, 40.482771054540592 ], [ 140.395673994859067, 40.482042693615483 ], [ 140.395780415234071, 40.481070469826363 ], [ 140.39690985670461, 40.479705198236388 ], [ 140.396613476131051, 40.47835463955505 ], [ 140.398460413817133, 40.477735748605994 ], [ 140.401515135615114, 40.477481307016774 ], [ 140.402237107756378, 40.474907109175774 ], [ 140.404504890388466, 40.475444613278341 ], [ 140.406578495001554, 40.474596280094318 ], [ 140.408666004932229, 40.475080720598839 ], [ 140.410906004808339, 40.476438506232114 ], [ 140.412164617702956, 40.476516559291838 ], [ 140.417496549726025, 40.479953505549872 ], [ 140.420236277682079, 40.480618252030752 ], [ 140.421300999441655, 40.481353803035631 ], [ 140.423656835594556, 40.481555468809916 ], [ 140.427076835027947, 40.482591584933743 ], [ 140.429298495928947, 40.481637108365931 ], [ 140.431399883298013, 40.481637108365931 ], [ 140.432117393003296, 40.480586836913062 ], [ 140.434116549938949, 40.480608225489277 ], [ 140.435366303612113, 40.480183776060471 ], [ 140.437268806810039, 40.478454613589577 ], [ 140.43646325617442, 40.477287667691769 ], [ 140.436204359343719, 40.476248197995972 ], [ 140.435061025146297, 40.474710135164685 ], [ 140.435089104678468, 40.473578468771393 ], [ 140.433853280604467, 40.472726252314772 ], [ 140.433214941816232, 40.471849587788313 ], [ 140.433538832651038, 40.471474586682859 ], [ 140.433168560181002, 40.4698765327758 ], [ 140.433511050794436, 40.46936013486237 ], [ 140.433460220213078, 40.467701776915533 ], [ 140.437019415813438, 40.465470387148684 ], [ 140.437352750429113, 40.464360388121463 ], [ 140.437385252827198, 40.462214000475797 ], [ 140.436714163427951, 40.459494803142718 ], [ 140.437806667044129, 40.458851467721104 ], [ 140.437917781880174, 40.45783286679341 ], [ 140.437431673133233, 40.455559252957187 ], [ 140.439371141165338, 40.452953135478879 ], [ 140.440315306106527, 40.452486442195607 ], [ 140.439704475781014, 40.450407278872888 ], [ 140.439954500799672, 40.450082000384043 ], [ 140.441593113231647, 40.449961721456305 ], [ 140.443277562309731, 40.450379225420988 ], [ 140.444342282270554, 40.45105089398362 ], [ 140.445263113402007, 40.452235333493888 ], [ 140.447178949948693, 40.452582280248066 ], [ 140.448831167324556, 40.454042586795993 ], [ 140.450071725429893, 40.454056749319591 ], [ 140.452219221939572, 40.453413414797296 ], [ 140.453427275848185, 40.45437146886826 ], [ 140.456833385252594, 40.455064532302401 ], [ 140.459411440285749, 40.456447306498035 ], [ 140.462854772629726, 40.455867587319347 ], [ 140.464382022912105, 40.45644758618721 ], [ 140.465645913927801, 40.455192306180038 ], [ 140.465886471783278, 40.45398310833383 ], [ 140.470079830619738, 40.453424506136116 ], [ 140.471958715822097, 40.453693389038733 ], [ 140.473342892060828, 40.45339283920822 ], [ 140.474981219407823, 40.453505892982605 ], [ 140.476656783184012, 40.452912000488482 ], [ 140.477892335662773, 40.453000334597789 ], [ 140.478568144704127, 40.452356749164721 ], [ 140.481011803252159, 40.451635613392909 ], [ 140.480965965706787, 40.450497000636119 ], [ 140.481437911930129, 40.44956366712961 ], [ 140.483775160894993, 40.447403107967091 ], [ 140.48432155569526, 40.44622227923486 ], [ 140.483465473053229, 40.443071414514236 ], [ 140.481211582248761, 40.44183030692318 ], [ 140.485159636608046, 40.440865306488774 ], [ 140.489713839422166, 40.438475028100129 ], [ 140.491264669029306, 40.437990307007112 ], [ 140.492588301109322, 40.438033081461583 ], [ 140.495717198090233, 40.436710586124718 ], [ 140.498133580200602, 40.436397506040123 ], [ 140.501443606037697, 40.434154441274472 ], [ 140.501788365640664, 40.432701946237898 ], [ 140.502454474594401, 40.431536667683133 ], [ 140.507565888355089, 40.429272505721599 ], [ 140.508362827082919, 40.428548333838592 ], [ 140.510383671169507, 40.428632227095648 ], [ 140.512322554642196, 40.429295279253779 ], [ 140.513828392066671, 40.428556945746493 ], [ 140.517276160766301, 40.430317505348626 ], [ 140.51882616119849, 40.430785532326524 ], [ 140.521852022852613, 40.430400532558565 ], [ 140.523383410915699, 40.430943026999159 ], [ 140.526357030052964, 40.430866641282535 ], [ 140.527742308860525, 40.431342199183177 ], [ 140.529194254411323, 40.430758585940055 ], [ 140.529910946632981, 40.430258305676318 ], [ 140.529915668073727, 40.42842080277785 ], [ 140.530575110353084, 40.427921360682319 ], [ 140.53046094681531, 40.427306082309883 ], [ 140.530808171459967, 40.426713585563562 ], [ 140.529356523584738, 40.423249414129202 ], [ 140.52982267097957, 40.420285775668049 ], [ 140.5256257202509, 40.419534973959912 ], [ 140.524269027293826, 40.419665801935253 ], [ 140.524385719725274, 40.418369974195002 ], [ 140.524003217374684, 40.416663278587464 ], [ 140.525135472823877, 40.413266334174011 ], [ 140.524539636894815, 40.411729388300671 ], [ 140.523658249128971, 40.410873560166749 ], [ 140.523809364010958, 40.410212722139477 ], [ 140.528973838671732, 40.410858838264801 ], [ 140.530185498861783, 40.41136272211196 ], [ 140.532345772039776, 40.411233837571615 ], [ 140.533833838860687, 40.410263838705248 ], [ 140.535890531722771, 40.409520504967361 ], [ 140.536164695444427, 40.408702441164792 ], [ 140.537220804396725, 40.407888251641566 ], [ 140.537786940215142, 40.405026305819433 ], [ 140.539376667299393, 40.404061307183611 ], [ 140.540325005994305, 40.402800749055359 ], [ 140.541150271567858, 40.402727973217452 ], [ 140.542893332161611, 40.403261585953487 ], [ 140.544664746580906, 40.402663532296231 ], [ 140.547703358823014, 40.404010197812454 ], [ 140.548392529091984, 40.402908253113424 ], [ 140.549936693823383, 40.402225747720138 ], [ 140.550546160776776, 40.400937136139987 ], [ 140.552526718833064, 40.400621558638079 ], [ 140.556339221977623, 40.399189053731902 ], [ 140.558622309272209, 40.397108776149139 ], [ 140.560896744189449, 40.397728506165663 ], [ 140.562028417777356, 40.397622948240496 ], [ 140.563391478833751, 40.398292108593978 ], [ 140.565590078419405, 40.398087109032929 ], [ 140.567069533332415, 40.398640694812286 ], [ 140.569369248192288, 40.400735973986059 ], [ 140.567955084059918, 40.401377361476079 ], [ 140.566721439942512, 40.402932107630704 ], [ 140.565736719174311, 40.40347072149666 ], [ 140.566216161246871, 40.40535433353574 ], [ 140.5660475608463, 40.406319333970146 ], [ 140.565049494138862, 40.407727109318671 ], [ 140.563565862774453, 40.408538225858479 ], [ 140.562571970719887, 40.409939332734098 ], [ 140.561049467958696, 40.410175440744069 ], [ 140.559362502577528, 40.411340442307619 ], [ 140.558561115802945, 40.41338769498617 ], [ 140.557906666559461, 40.41407325267852 ], [ 140.556414137302681, 40.414834919096279 ], [ 140.556361919966662, 40.416447415216112 ], [ 140.555113580027751, 40.418284919013843 ], [ 140.554992722836005, 40.418978802629681 ], [ 140.553212724387777, 40.419984920068032 ], [ 140.553459390438547, 40.420696306289528 ], [ 140.554789663112501, 40.421624641364133 ], [ 140.554872996091945, 40.422525468875335 ], [ 140.555838560401298, 40.423250747823829 ], [ 140.557690195246323, 40.425727693878002 ], [ 140.560667173351476, 40.42597436082815 ], [ 140.562082724238394, 40.427046028051791 ], [ 140.562946057214845, 40.426081307306561 ], [ 140.564319947907279, 40.42570936119813 ], [ 140.568382437399578, 40.426143776014499 ], [ 140.573841634284008, 40.426096838598255 ], [ 140.574444137786827, 40.426694612566394 ], [ 140.575387470855162, 40.428777946944763 ], [ 140.576776912624496, 40.429339053754404 ], [ 140.578652750024503, 40.428888774897075 ], [ 140.579998858860336, 40.429528747753579 ], [ 140.583026082987431, 40.42987792032983 ], [ 140.585293022055339, 40.429014306764884 ], [ 140.587217495690993, 40.429292920332045 ], [ 140.588707755958239, 40.430195693976145 ], [ 140.589694136874982, 40.432572361125608 ], [ 140.590074694891314, 40.433954586734842 ], [ 140.589730507257173, 40.436112920075232 ], [ 140.594460505947609, 40.435097920033058 ], [ 140.596713580167602, 40.43380705475181 ], [ 140.599197198292131, 40.432980666824392 ], [ 140.600822477375459, 40.431668721434392 ], [ 140.602816355290656, 40.430847054947662 ], [ 140.603531088788827, 40.430085945210237 ], [ 140.604055550923022, 40.42734480262061 ], [ 140.605031388188081, 40.427000361377623 ], [ 140.606056393188055, 40.42590202745663 ], [ 140.608449169893333, 40.425477307331903 ], [ 140.608917223850881, 40.424868973524383 ], [ 140.609946109425437, 40.424798972994267 ], [ 140.611237808378178, 40.423860081677503 ], [ 140.612202801618082, 40.423690359822274 ], [ 140.614849467728845, 40.424079776160795 ], [ 140.618089753839172, 40.423288945628371 ], [ 140.621508079634282, 40.424088947447046 ], [ 140.622658079606708, 40.424057838998124 ], [ 140.623972776022811, 40.42456950557829 ], [ 140.624662802446437, 40.424123387884094 ], [ 140.625781414280937, 40.423998668104105 ], [ 140.626181698926302, 40.423062803905339 ], [ 140.625475577336033, 40.421525305848263 ], [ 140.630457834061872, 40.419375306525239 ], [ 140.631805058057012, 40.418040028224766 ], [ 140.633041724795817, 40.417631109188392 ], [ 140.632948392254548, 40.416608053918594 ], [ 140.633767276238927, 40.415250559665651 ], [ 140.633934811842209, 40.410980280915282 ], [ 140.634630117286179, 40.410019170948033 ], [ 140.63629121906456, 40.409484721842489 ], [ 140.635151504638316, 40.406408892956108 ], [ 140.633707613415709, 40.405876946663795 ], [ 140.632467912364291, 40.404013054958568 ], [ 140.634199299757938, 40.402264136180975 ], [ 140.636445422218571, 40.4035374691789 ], [ 140.639767639265187, 40.404483585649018 ], [ 140.640884034270812, 40.405173864782114 ], [ 140.643718469831583, 40.403573306263127 ], [ 140.645232918264583, 40.403090506121998 ], [ 140.648802360740433, 40.404056892411688 ], [ 140.649674864103758, 40.403721892251554 ], [ 140.651272361330484, 40.403870224631191 ], [ 140.652950415329428, 40.403384388378868 ], [ 140.654197081630059, 40.40393936091283 ], [ 140.655066252105939, 40.404803532956748 ], [ 140.656382918037252, 40.404476306536367 ], [ 140.659795694116042, 40.405251027512975 ], [ 140.661480414789366, 40.404448531874323 ], [ 140.66320513640801, 40.406232973872704 ], [ 140.664287912057603, 40.406872414330508 ], [ 140.66492955855233, 40.408324919259655 ], [ 140.666269829888847, 40.409539361052737 ], [ 140.666025383364854, 40.41150046857183 ], [ 140.67102258142711, 40.411902108495553 ], [ 140.67306817125916, 40.411451837732159 ], [ 140.67383702955533, 40.412024614144684 ], [ 140.675444811428974, 40.412104053958956 ], [ 140.675873968808673, 40.412875999627715 ], [ 140.677143696424537, 40.412099054627731 ], [ 140.677306226401242, 40.411504613547152 ], [ 140.676557327658657, 40.408378505363771 ], [ 140.675894577672693, 40.407133198838096 ], [ 140.676090143345505, 40.405961533298182 ], [ 140.675587366563832, 40.404652081728216 ], [ 140.676229857522003, 40.403301801836733 ], [ 140.675907664607053, 40.401302640404595 ], [ 140.675376836172063, 40.400329306852086 ], [ 140.675912943627509, 40.398318468622506 ], [ 140.675803800105314, 40.397069306703202 ], [ 140.676397976785211, 40.396117055058085 ], [ 140.676227977039616, 40.393915948162544 ], [ 140.677221050710955, 40.392934838172323 ], [ 140.677300219829363, 40.391949839513529 ], [ 140.677889390882797, 40.391102613394935 ], [ 140.677508275286755, 40.390745107700639 ], [ 140.677134967604729, 40.389037612595814 ], [ 140.677686641425453, 40.387613414727355 ], [ 140.67709469506417, 40.386713973970757 ], [ 140.677440246070546, 40.386181469199471 ], [ 140.678049688742249, 40.385991198734871 ], [ 140.678440803900003, 40.385120920294298 ], [ 140.680033605766312, 40.384116197704429 ], [ 140.681323605899706, 40.383925920045215 ], [ 140.682560557723605, 40.382521441611289 ], [ 140.682822502356657, 40.381058387634539 ], [ 140.68249975366075, 40.379525334026994 ], [ 140.683005577345625, 40.377052279339296 ], [ 140.682312282785688, 40.3756981089806 ], [ 140.682934772821568, 40.37311225232861 ], [ 140.683526719182851, 40.372597252860999 ], [ 140.685644812358305, 40.372080586949608 ], [ 140.686495642060322, 40.371534748829674 ], [ 140.689467301574723, 40.371573613931218 ], [ 140.692660078300037, 40.370262225221552 ], [ 140.693500661126677, 40.368640001135191 ], [ 140.695672335010272, 40.367553864719127 ], [ 140.697219300230586, 40.365146920094332 ], [ 140.696988196947814, 40.36427053255909 ], [ 140.697712088242383, 40.363429415535165 ], [ 140.69781374760646, 40.362831055209085 ], [ 140.700990999335204, 40.361500226754117 ], [ 140.701907950791337, 40.360519108669962 ], [ 140.70275128374476, 40.360371334769354 ], [ 140.702951828963819, 40.358593802262192 ], [ 140.703850998125176, 40.358178252524397 ], [ 140.704336303777495, 40.357049360539634 ], [ 140.706116860704583, 40.355291027658836 ], [ 140.706360752346882, 40.354354362164145 ], [ 140.706203281056673, 40.353954639594974 ], [ 140.705832439315714, 40.353931026995326 ], [ 140.703973255561323, 40.354401027985091 ], [ 140.703879389722147, 40.353439360438188 ], [ 140.703099663119019, 40.35260602794591 ], [ 140.703059104594104, 40.351696586728167 ], [ 140.701730778053047, 40.35040853182835 ], [ 140.702756887420492, 40.349627667582865 ], [ 140.704057470775751, 40.349456559872408 ], [ 140.704992191936185, 40.348787946306743 ], [ 140.709036355943113, 40.34944794616581 ], [ 140.710077198004342, 40.348651558722509 ], [ 140.710171634013818, 40.346653748971391 ], [ 140.711460271674241, 40.345470974106206 ], [ 140.711286939041088, 40.344102360635475 ], [ 140.711723060770737, 40.343078747786024 ], [ 140.711540026251328, 40.340997614048717 ], [ 140.711847249051402, 40.340459001981401 ], [ 140.713165305334655, 40.340003999884743 ], [ 140.715241971240062, 40.340114000460801 ], [ 140.715955888153758, 40.33762733453392 ], [ 140.71804505823286, 40.336886197839817 ], [ 140.718030052145309, 40.336325082036979 ], [ 140.716461478914198, 40.334786469719859 ], [ 140.714887030412228, 40.33379146790196 ], [ 140.714888974746486, 40.333063413645675 ], [ 140.715538975943105, 40.332324251862758 ], [ 140.717027886327969, 40.331695081662758 ], [ 140.720812335121195, 40.331475613808607 ], [ 140.722451504233618, 40.330541173236611 ], [ 140.721929558402508, 40.329718946472269 ], [ 140.720297886038679, 40.329335891937887 ], [ 140.720239584789056, 40.328175892403578 ], [ 140.720687912117569, 40.326728947982588 ], [ 140.720058755407308, 40.326248108363586 ], [ 140.720232088040461, 40.325377560126356 ], [ 140.719783748121586, 40.32456113488854 ], [ 140.717681556758521, 40.323660587066513 ], [ 140.716544617640011, 40.323937839959399 ], [ 140.715212943822394, 40.323519225332063 ], [ 140.713378781005986, 40.321779226030515 ], [ 140.711414060010952, 40.320827837734555 ], [ 140.711215447435052, 40.319926721541037 ], [ 140.711840194769252, 40.318845586254838 ], [ 140.711906303932892, 40.318034748504886 ], [ 140.713641581793581, 40.315934469100512 ], [ 140.712861893861373, 40.314262225621292 ], [ 140.712075498785339, 40.313614720942667 ], [ 140.713883554282688, 40.312026947185927 ], [ 140.713611634369499, 40.308378055003288 ], [ 140.719049727762808, 40.305827468862674 ], [ 140.719490272358257, 40.306400801955476 ], [ 140.719731946272418, 40.306270803155087 ], [ 140.720056667181552, 40.305585506266141 ], [ 140.719826667366874, 40.305443559972389 ], [ 140.720526419958333, 40.304478279848809 ], [ 140.7184972499482, 40.303418838908328 ], [ 140.719211699260541, 40.302758838149941 ], [ 140.7194853054026, 40.301369108597555 ], [ 140.721842555289754, 40.298090747889773 ], [ 140.72226175087917, 40.29606964030171 ], [ 140.722776199961686, 40.295647135207162 ], [ 140.724481194051918, 40.295444613278335 ], [ 140.724900077576535, 40.294881560335796 ], [ 140.724341505056486, 40.292263224668147 ], [ 140.725554280405731, 40.289915414964469 ], [ 140.72549263277881, 40.288815973078727 ], [ 140.724315966108975, 40.288839028098721 ], [ 140.722555965885135, 40.287685414650241 ], [ 140.721497950370122, 40.284791252414436 ], [ 140.720942672066712, 40.284244026640579 ], [ 140.720756031265864, 40.282409279264868 ], [ 140.718901583341449, 40.279518172026087 ], [ 140.721270506428823, 40.278164000768072 ], [ 140.721775226645491, 40.277240641642322 ], [ 140.722649947736954, 40.27679564090613 ], [ 140.722437756297495, 40.275138973684761 ], [ 140.724161361857455, 40.27378953286069 ], [ 140.724178300588164, 40.273113414452553 ], [ 140.725045524931147, 40.272691171960048 ], [ 140.725811946064482, 40.271306171942342 ], [ 140.725420272427641, 40.270117838367582 ], [ 140.724597497076843, 40.269352279684028 ], [ 140.725362528757728, 40.267264749968263 ], [ 140.723590856233045, 40.266300307113511 ], [ 140.722543671253447, 40.265223640558645 ], [ 140.722334254222574, 40.262443361272176 ], [ 140.721724527365154, 40.261367803581322 ], [ 140.722165668211119, 40.259329440701208 ], [ 140.724399830587799, 40.256801667662899 ], [ 140.726655693605494, 40.256114414748481 ], [ 140.72681014317368, 40.254949136193716 ], [ 140.726288469837073, 40.253823026711359 ], [ 140.725414059911031, 40.253051641320269 ], [ 140.720937107961277, 40.252223026671402 ], [ 140.725948806692145, 40.248304667926163 ], [ 140.725427445420337, 40.246267694498556 ], [ 140.725464669259168, 40.244521027623364 ], [ 140.724478300932901, 40.243020197624048 ], [ 140.725755551377688, 40.241096558559377 ], [ 140.725037781768265, 40.240481559876116 ], [ 140.724506666449543, 40.239351837817139 ], [ 140.725355032009134, 40.2385296137507 ], [ 140.725429754879315, 40.236277108801573 ], [ 140.724665057746279, 40.234644865368296 ], [ 140.725112555000464, 40.233873468285992 ], [ 140.724609531804504, 40.230721252783667 ], [ 140.725140946597435, 40.230284864854696 ], [ 140.728011750741757, 40.230127612999013 ], [ 140.726697612804628, 40.22751761314737 ], [ 140.725468197299506, 40.226441505071477 ], [ 140.72314822341184, 40.225286505767656 ], [ 140.72065044186445, 40.224821506807132 ], [ 140.718637108016196, 40.224835947221266 ], [ 140.710559052958047, 40.225472054791567 ], [ 140.71073464288952, 40.224790668154867 ], [ 140.710428806843993, 40.224449280110264 ], [ 140.710617418958805, 40.223659279652111 ], [ 140.710331335622755, 40.22189646904684 ], [ 140.710837716887227, 40.220691748025786 ], [ 140.714390219732877, 40.219543136606546 ], [ 140.713878858922271, 40.217241722027893 ], [ 140.71486027198398, 40.216113947001134 ], [ 140.7151422184387, 40.215000054808741 ], [ 140.717977495764899, 40.213730027718668 ], [ 140.718097522882431, 40.212228919828817 ], [ 140.719469754325814, 40.211823642147408 ], [ 140.719851699096694, 40.21124919839184 ], [ 140.720003385048244, 40.2095172516199 ], [ 140.722897834167725, 40.207882225684216 ], [ 140.722787859672053, 40.207071109144408 ], [ 140.722215356653464, 40.206412505932462 ], [ 140.722325913909913, 40.205914441598281 ], [ 140.724182581361106, 40.204988054455214 ], [ 140.724653450196683, 40.203831082938166 ], [ 140.725305668222063, 40.203506919608685 ], [ 140.72765542226, 40.198503839080956 ], [ 140.727676550032811, 40.197240225955738 ], [ 140.729115473400498, 40.194042135136499 ], [ 140.72882272428933, 40.192615749217509 ], [ 140.729269689144871, 40.190089361135165 ], [ 140.727845811435145, 40.189982135866956 ], [ 140.725774422751442, 40.189274080734265 ], [ 140.725005253289851, 40.189762413504639 ], [ 140.723271088789829, 40.190013801895475 ], [ 140.721449689151882, 40.191259360231356 ], [ 140.718814421948082, 40.191659081001831 ], [ 140.716861361562678, 40.192596587362686 ], [ 140.716711335759555, 40.193428000701715 ], [ 140.715390219982737, 40.194486333677389 ], [ 140.713665226768853, 40.194486332778069 ], [ 140.710472750417125, 40.19332633414308 ], [ 140.702883333898853, 40.194705775451212 ], [ 140.701253890954376, 40.194249668987084 ], [ 140.700953385190587, 40.189587135637851 ], [ 140.699950920798415, 40.188215747758591 ], [ 140.699879248428601, 40.186228532920495 ], [ 140.700139001413845, 40.185521558772962 ], [ 140.699268715778658, 40.184513774890831 ], [ 140.699515110234188, 40.183843774570619 ], [ 140.699279856580233, 40.181672946049673 ], [ 140.699603190734706, 40.180898775458161 ], [ 140.699060466967012, 40.178049586519251 ], [ 140.699772411667482, 40.176028198342749 ], [ 140.701350777616312, 40.174221250810149 ], [ 140.701930778282872, 40.172261505763913 ], [ 140.703303307401825, 40.170594838980662 ], [ 140.703852476610564, 40.169040667492879 ], [ 140.704021388176557, 40.166270108978381 ], [ 140.703295576829419, 40.163814803310572 ], [ 140.704205058516663, 40.160943135817092 ], [ 140.704989779954417, 40.160577307796586 ], [ 140.706573112858905, 40.160498413870755 ], [ 140.708205031637021, 40.161719533129997 ], [ 140.709146978850072, 40.161769801635103 ], [ 140.709989468239428, 40.161416468795039 ], [ 140.711323384966363, 40.159918693792747 ], [ 140.712005330981356, 40.159707865725466 ], [ 140.711617003721813, 40.158251722139312 ], [ 140.7125994941714, 40.156811170998822 ], [ 140.713134812022076, 40.155098386981024 ], [ 140.715245913867875, 40.154850892654622 ], [ 140.71581175111146, 40.155289504607026 ], [ 140.717980636197467, 40.155036721367651 ], [ 140.718867561988418, 40.155284506175065 ], [ 140.71992338495636, 40.154635334153397 ], [ 140.721022826842045, 40.155920893434541 ], [ 140.723346692995506, 40.156720612866025 ], [ 140.723891440237821, 40.156137559900515 ], [ 140.725014474938121, 40.156238107702563 ], [ 140.72512810607725, 40.154929747909591 ], [ 140.726015331342523, 40.153910586704285 ], [ 140.72759616143378, 40.153183641312069 ], [ 140.728712554640765, 40.153626973805842 ], [ 140.729490336909635, 40.153145027121354 ], [ 140.732005615666708, 40.153367802681998 ], [ 140.733353943130055, 40.152987225779896 ], [ 140.735934474896112, 40.153724999908889 ], [ 140.738016419821975, 40.153708054882884 ], [ 140.740281724821784, 40.15248055943033 ], [ 140.742342827059929, 40.152154973373399 ], [ 140.744198105957935, 40.151357199175436 ], [ 140.743231439979013, 40.149958586119908 ], [ 140.743250921093249, 40.148229414655816 ], [ 140.743610363027869, 40.147153838978511 ], [ 140.742922334897912, 40.145739387962465 ], [ 140.741176498096934, 40.144889945914315 ], [ 140.74053153040586, 40.143217721320809 ], [ 140.739336523861539, 40.142164666466215 ], [ 140.738852944008272, 40.141302721143745 ], [ 140.739432113701127, 40.140317720686312 ], [ 140.736621582120392, 40.137761612708289 ], [ 140.736990752920974, 40.13633050534861 ], [ 140.736070804024507, 40.132764107977266 ], [ 140.734571920158032, 40.132129945640543 ], [ 140.728985837026812, 40.130907721114511 ], [ 140.727745837400562, 40.129790225338695 ], [ 140.724968339717179, 40.130023586819107 ], [ 140.722888885014072, 40.12969302661196 ], [ 140.721273916657992, 40.127596640372701 ], [ 140.722373670608476, 40.124454413640308 ], [ 140.722035083952051, 40.122163000422177 ], [ 140.722997301883993, 40.121277170904762 ], [ 140.72376591466525, 40.119175504745783 ], [ 140.72248399494049, 40.118153279550256 ], [ 140.720482606786959, 40.117426613847215 ], [ 140.720563166257193, 40.116435775890409 ], [ 140.719661802750011, 40.114346334216009 ], [ 140.720094306507121, 40.113586334241973 ], [ 140.719016808978608, 40.113316054692234 ], [ 140.716450169040172, 40.111668585736709 ], [ 140.716077392857414, 40.109486639796614 ], [ 140.716971854967142, 40.10730189156908 ], [ 140.716631854576463, 40.106003561015598 ], [ 140.715256614001646, 40.104108865731632 ], [ 140.716188300849467, 40.101502721273619 ], [ 140.715608858661994, 40.099463280106363 ], [ 140.715616108996301, 40.097396333174288 ], [ 140.715264188991227, 40.096123838344511 ], [ 140.715462243987417, 40.095431027619895 ], [ 140.716495862693932, 40.094834360717243 ], [ 140.716884475038569, 40.094107972904681 ], [ 140.716441725305458, 40.092548251700521 ], [ 140.716712866405715, 40.091548253249357 ], [ 140.715257301983002, 40.089186279223441 ], [ 140.71453788571489, 40.086721001872775 ], [ 140.71562572005098, 40.083035414652727 ], [ 140.717309921815513, 40.080355107602202 ], [ 140.716680194035803, 40.079494000447824 ], [ 140.716856057361269, 40.078334000913458 ], [ 140.714608003156854, 40.077629837147299 ], [ 140.714337198403086, 40.075991506203081 ], [ 140.713216912930307, 40.075647893235725 ], [ 140.711569442176028, 40.074313442311563 ], [ 140.711350000402263, 40.072652053649392 ], [ 140.710682528975553, 40.071343721735445 ], [ 140.711430584154186, 40.070247893325643 ], [ 140.71107922172871, 40.069318694901881 ], [ 140.711174501302253, 40.068278695505455 ], [ 140.710200609270714, 40.067884531645859 ], [ 140.709563695907946, 40.06621758697213 ], [ 140.70629844371831, 40.063587865887371 ], [ 140.70591795135249, 40.059826467617427 ], [ 140.704958495238429, 40.058621468705894 ], [ 140.701305188283868, 40.055749533214453 ], [ 140.700536032312129, 40.055468136245565 ], [ 140.699833553875465, 40.054274252055166 ], [ 140.698346887299067, 40.053153415297913 ], [ 140.69838386472361, 40.051475640088768 ], [ 140.698888859233534, 40.050383107694302 ], [ 140.697123891154661, 40.048380054895688 ], [ 140.696099441935758, 40.048598387805384 ], [ 140.696033606166111, 40.049972027587046 ], [ 140.694883891278664, 40.050248136542336 ], [ 140.693792750135344, 40.051464251973698 ], [ 140.693192191866274, 40.052539802469937 ], [ 140.693221607791088, 40.053339531793995 ], [ 140.692379389996859, 40.054392306060151 ], [ 140.692320777581926, 40.05517508226427 ], [ 140.690590777842203, 40.056272054611668 ], [ 140.690395187887702, 40.057123171197418 ], [ 140.690614643151321, 40.058463439835919 ], [ 140.689662969770325, 40.058896774566563 ], [ 140.689940998778184, 40.060985667654506 ], [ 140.69089294375442, 40.06165038715568 ], [ 140.690775693743376, 40.0626695600522 ], [ 140.692642918336105, 40.063627053845494 ], [ 140.692116782563517, 40.064794865790475 ], [ 140.690628999928435, 40.065074027944092 ], [ 140.690123722132171, 40.065569585867763 ], [ 140.690094280127028, 40.066119026671799 ], [ 140.690643450235143, 40.066594305782644 ], [ 140.690555668309457, 40.067314866887671 ], [ 140.688586225873678, 40.067669586482282 ], [ 140.689868973874127, 40.070249865538926 ], [ 140.68760450074717, 40.07123933382826 ], [ 140.687077275895604, 40.07233183924302 ], [ 140.685781440061419, 40.072247387506991 ], [ 140.684617004171514, 40.073576279721578 ], [ 140.683416161027026, 40.073384892298975 ], [ 140.682757276327266, 40.073897109264237 ], [ 140.681234227677578, 40.074105440813469 ], [ 140.679659780074871, 40.074932945698947 ], [ 140.679454747238879, 40.076909332699586 ], [ 140.680029753970075, 40.077963533290472 ], [ 140.679703917002257, 40.078666587293242 ], [ 140.677690310659386, 40.077787973935926 ], [ 140.677624500070692, 40.076481559376532 ], [ 140.676269780226221, 40.075389053961715 ], [ 140.676050336653816, 40.074623506069997 ], [ 140.674615084318702, 40.073733505496932 ], [ 140.672052308767093, 40.074127666658569 ], [ 140.670587859941861, 40.075496027419774 ], [ 140.66738841834092, 40.074572386806267 ], [ 140.66623868996362, 40.074589081820704 ], [ 140.664971751145458, 40.076745469028253 ], [ 140.664158975356486, 40.077280467619516 ], [ 140.663843942843755, 40.078412414601303 ], [ 140.661683969139972, 40.077804360482901 ], [ 140.660790635679405, 40.077933532806355 ], [ 140.660878664019151, 40.080935747686681 ], [ 140.66155922238022, 40.081638801689394 ], [ 140.661764474650795, 40.08278741490733 ], [ 140.659821971406927, 40.084466863754812 ], [ 140.658322801556096, 40.084386586671712 ], [ 140.656429467845783, 40.085130748685174 ], [ 140.654698366436492, 40.085129639821048 ], [ 140.653951413826803, 40.085732136129252 ], [ 140.6528311409445, 40.085940225760851 ], [ 140.651989754123974, 40.086599108661972 ], [ 140.649396419609161, 40.087582440876986 ], [ 140.644364228026802, 40.086181891581077 ], [ 140.642419248049919, 40.08521910887481 ], [ 140.639614526988908, 40.084993837695492 ], [ 140.638449222353756, 40.088366892518138 ], [ 140.63831700402659, 40.089746613515445 ], [ 140.637136719384102, 40.091261054753943 ], [ 140.634839779832078, 40.090835224865771 ], [ 140.634240895201174, 40.090343559207952 ], [ 140.631682555105954, 40.089588558565197 ], [ 140.629651751027609, 40.088101891988799 ], [ 140.627328144778176, 40.087696333718895 ], [ 140.625187055938, 40.086425251724052 ], [ 140.624897327649592, 40.08577302830264 ], [ 140.621382048642658, 40.083941919583992 ], [ 140.621405109957891, 40.083247467596607 ], [ 140.621009857019317, 40.082633585871349 ], [ 140.618659584971965, 40.081084694303229 ], [ 140.616785136125145, 40.080386359942622 ], [ 140.614588470081912, 40.080454135549985 ], [ 140.612574863739042, 40.081489973783334 ], [ 140.611593748352902, 40.083004693811631 ], [ 140.607530116721591, 40.085212224564543 ], [ 140.60616788573941, 40.08710499979594 ], [ 140.600057612968499, 40.087359468364809 ], [ 140.599699001108092, 40.088078640916592 ], [ 140.601312334496697, 40.089646695238855 ], [ 140.601810362858032, 40.091238080672952 ], [ 140.600256471958687, 40.093410587328776 ], [ 140.601182581211219, 40.094520026977705 ], [ 140.601501166945354, 40.096378640561852 ], [ 140.598812282161134, 40.100027532744491 ], [ 140.598901970649536, 40.102100334263071 ], [ 140.599729661694596, 40.10399535959823 ], [ 140.599310026336752, 40.10497672229792 ], [ 140.600156393602788, 40.107967837745548 ], [ 140.601032503247438, 40.109658360844719 ], [ 140.601490804057448, 40.111517253218722 ], [ 140.602725524663242, 40.112687801800689 ], [ 140.601136082664198, 40.1152647758488 ], [ 140.601440505874734, 40.117361722365672 ], [ 140.600972438427334, 40.118057838998141 ], [ 140.601460505897649, 40.119503668259711 ], [ 140.600997444976201, 40.122157001044798 ], [ 140.599187172649977, 40.12217227962708 ], [ 140.597717417824583, 40.122708387082469 ], [ 140.594301309757725, 40.126410920227841 ], [ 140.591358495098575, 40.12798119767416 ], [ 140.590219053166834, 40.129586468640696 ], [ 140.588192671954289, 40.130282333462958 ], [ 140.583996524320241, 40.13084736041742 ], [ 140.582502917675583, 40.129998199857084 ], [ 140.577769856793566, 40.130419614073958 ], [ 140.576086497693723, 40.131754640564282 ], [ 140.575204552348282, 40.132040199595565 ], [ 140.572046782632924, 40.131800226299447 ], [ 140.570714553034236, 40.132613838457928 ], [ 140.565445914397515, 40.133478026689659 ], [ 140.56129727614848, 40.134806108615066 ], [ 140.558941439995579, 40.134964469334818 ], [ 140.557180894782505, 40.134279199425578 ], [ 140.555680026112327, 40.134876440995015 ], [ 140.553808366063322, 40.134698108131261 ], [ 140.552960311669153, 40.134954253036426 ], [ 140.552790856013303, 40.136300360073619 ], [ 140.551567781627909, 40.13832758664887 ], [ 140.550729441710473, 40.13882953155769 ], [ 140.55071024568133, 40.139796774901299 ], [ 140.549352165969708, 40.142020946709351 ], [ 140.545314084977122, 40.142927081119979 ], [ 140.543482412383469, 40.142962946083173 ], [ 140.543303190989491, 40.14755266762154 ], [ 140.542924034116936, 40.148198774753723 ], [ 140.543036809101523, 40.149646865810269 ], [ 140.543888171202184, 40.151881864556458 ], [ 140.544986497928562, 40.153124614309547 ], [ 140.544966497905648, 40.153599891621752 ], [ 140.543901750965119, 40.155859920299122 ], [ 140.541091438818967, 40.156740225281226 ], [ 140.540244747796919, 40.158147441251458 ], [ 140.538531388213073, 40.159389694578806 ], [ 140.536583891033843, 40.158474693752169 ], [ 140.535107781598867, 40.158361387268258 ], [ 140.534470271985583, 40.156938613925945 ], [ 140.533434746716239, 40.156395280417883 ], [ 140.533355031709448, 40.15558444176861 ], [ 140.532129753985032, 40.155178892491961 ], [ 140.530718948820549, 40.151851388330954 ], [ 140.530027561722704, 40.151295558743072 ], [ 140.528516718671654, 40.151361414297867 ], [ 140.526843671198549, 40.150581135511061 ], [ 140.525780025927475, 40.150443360272902 ], [ 140.525391723848998, 40.149755028172081 ], [ 140.523180584116744, 40.149265333828168 ], [ 140.522623943340363, 40.148421999975369 ], [ 140.520362283292798, 40.147291721236002 ], [ 140.519248910908573, 40.147444532239433 ], [ 140.51877085559056, 40.148622585663873 ], [ 140.517685551047407, 40.149341468633907 ], [ 140.516848340678393, 40.150871505015971 ], [ 140.515603332727665, 40.150810387089734 ], [ 140.514458299710782, 40.151789280251137 ], [ 140.514318858928277, 40.152370667672244 ], [ 140.511649663001663, 40.151948748036318 ], [ 140.509908806646195, 40.153481000347938 ], [ 140.50765849514346, 40.154840441633155 ], [ 140.506793216933488, 40.156164641185285 ], [ 140.504861284320896, 40.15481046812863 ], [ 140.502824863976343, 40.154675199301039 ], [ 140.502281829043227, 40.15428241410217 ], [ 140.499873476080097, 40.153999387561726 ], [ 140.498838197225041, 40.153541055275525 ], [ 140.496302334785014, 40.153830802449647 ], [ 140.495752607097188, 40.155762468862918 ], [ 140.498122049093354, 40.156673307627102 ], [ 140.498596199554981, 40.158439973625946 ], [ 140.499493139296987, 40.15865664009192 ], [ 140.500338975063755, 40.159882469100694 ], [ 140.501785914088714, 40.160527172391141 ], [ 140.502016446302036, 40.161585505366816 ], [ 140.501189780484083, 40.162333586625778 ], [ 140.50220199712453, 40.163544693732661 ], [ 140.502323645719684, 40.164189136219704 ], [ 140.499832243962942, 40.165075250822213 ], [ 140.498268611607159, 40.164710839233919 ], [ 140.497893606005164, 40.164906667508774 ], [ 140.497627781696792, 40.165906945649056 ], [ 140.49673053168874, 40.166443615180754 ], [ 140.495121633756412, 40.16662419904759 ], [ 140.494161088563487, 40.166128919014454 ], [ 140.493713864703182, 40.166539468521705 ], [ 140.491998559885701, 40.16662419814827 ], [ 140.491448559703372, 40.167215307240667 ], [ 140.489681855033609, 40.167851440891354 ], [ 140.490237976901199, 40.169400054568939 ], [ 140.49128852084857, 40.170458667233731 ], [ 140.491500999171876, 40.172136722132052 ], [ 140.492257107779324, 40.172671721622692 ], [ 140.494055161916208, 40.173093946128745 ], [ 140.495126550350051, 40.174023108579661 ], [ 140.49487708201184, 40.175588387594075 ], [ 140.493306497896583, 40.1766072799021 ], [ 140.492447612966998, 40.177998415094805 ], [ 140.488138975433458, 40.178488171491949 ], [ 140.487177562394663, 40.179574558818899 ], [ 140.487588391591089, 40.180171505410726 ], [ 140.486876693304794, 40.180897892323912 ], [ 140.486957250077126, 40.182277641200244 ], [ 140.486309169832339, 40.182964866235636 ], [ 140.485305836695034, 40.183403468295467 ], [ 140.484748029498064, 40.185059027552143 ], [ 140.48396247708672, 40.186100721271316 ], [ 140.484534968414096, 40.186770720692266 ], [ 140.484542438182984, 40.187722108988169 ], [ 140.482795187647866, 40.189090441870462 ], [ 140.481004616769724, 40.191083802675394 ], [ 140.479254578336167, 40.191886586996418 ], [ 140.479176524377181, 40.192491613097502 ], [ 140.480020661324488, 40.19474383925683 ], [ 140.479760389430453, 40.196212721739755 ], [ 140.482379558769708, 40.19632633399317 ], [ 140.482971219146521, 40.196669360602584 ], [ 140.48375622656863, 40.197632414004772 ], [ 140.483917588326108, 40.199681892505396 ], [ 140.485480921207568, 40.200194389159776 ], [ 140.487125084255354, 40.201911586150857 ], [ 140.486368663582994, 40.203589668028826 ], [ 140.485855031984215, 40.205661893081981 ], [ 140.485973086888521, 40.206410225251773 ], [ 140.485062219345991, 40.207762197667364 ], [ 140.485193890885398, 40.20929358483113 ], [ 140.484922477290525, 40.210126920021366 ], [ 140.485795810728177, 40.211078587107181 ], [ 140.48526717304162, 40.21223858664149 ], [ 140.485443280982736, 40.213145000741235 ], [ 140.484907445122531, 40.213888333579803 ], [ 140.481487133624341, 40.214287775560422 ], [ 140.479806005742603, 40.215921136851023 ], [ 140.479739883089223, 40.21700753317117 ], [ 140.478514305890599, 40.217103362230432 ], [ 140.475901244746751, 40.218252000629377 ], [ 140.474037056265161, 40.218263109055272 ], [ 140.47259817066913, 40.21906258656918 ], [ 140.47223119241562, 40.220138135266779 ], [ 140.470939247947967, 40.220526747611359 ], [ 140.470352282931572, 40.221528973683235 ], [ 140.468399754045436, 40.222537055240934 ], [ 140.468458365561219, 40.222942332922401 ], [ 140.469368637752495, 40.223449278961084 ], [ 140.469126134663497, 40.224569559037946 ], [ 140.469316977996186, 40.225267892499289 ], [ 140.4686930607362, 40.226326225474963 ], [ 140.469105253304861, 40.228713172774746 ], [ 140.469632477257051, 40.229231775825838 ], [ 140.470542438283019, 40.23125899970313 ], [ 140.472251336330146, 40.23302928007729 ], [ 140.471870778313814, 40.234220973519143 ], [ 140.472070194883599, 40.235319586229991 ], [ 140.471188248638782, 40.236411252577284 ], [ 140.471826834740682, 40.237143199099421 ], [ 140.471400999456591, 40.238179308028691 ], [ 140.471684034090913, 40.241305416212015 ], [ 140.469918171186691, 40.24170961290838 ], [ 140.467019000626465, 40.240634333108062 ], [ 140.463782023121894, 40.242058802571762 ], [ 140.459802580624682, 40.241712973674851 ], [ 140.459158145332253, 40.242024918814991 ], [ 140.457198367011074, 40.244327721047569 ], [ 140.455348366234148, 40.244947171374918 ], [ 140.452206938999097, 40.245155505622165 ], [ 140.451833061146885, 40.245504387717347 ], [ 140.451994163000336, 40.246501055979024 ], [ 140.451524422813918, 40.247570803150097 ], [ 140.447708029202204, 40.24801580208765 ], [ 140.448081893564563, 40.24941774982932 ], [ 140.448610506070054, 40.250014693723188 ], [ 140.448426886991342, 40.251123866273474 ], [ 140.449601335932925, 40.25164746775647 ], [ 140.449797444796332, 40.252390252907901 ], [ 140.449557976919209, 40.253060803613266 ], [ 140.448874643250292, 40.253869413742507 ], [ 140.44727241199223, 40.253708334372163 ], [ 140.447338495075542, 40.255285000602328 ], [ 140.446757951218501, 40.255898332841866 ], [ 140.446655162306001, 40.256483893117206 ], [ 140.444494307266496, 40.256878055178163 ], [ 140.443840414703459, 40.257446667729596 ], [ 140.440533476239011, 40.257243920070891 ], [ 140.439291529580487, 40.256669748809884 ], [ 140.437564279068283, 40.256923080635715 ], [ 140.436601776950511, 40.257485864680973 ], [ 140.43569038870055, 40.257187532578598 ], [ 140.434889274420584, 40.256348640477427 ], [ 140.432787613657524, 40.256066974611258 ], [ 140.430465383370802, 40.255060865266785 ], [ 140.430252334877423, 40.255611135245772 ], [ 140.429605668367003, 40.25588669381591 ], [ 140.427812607266105, 40.254676135295483 ], [ 140.426048715675734, 40.253955586780933 ], [ 140.424571777065921, 40.253904775085346 ], [ 140.423043140028994, 40.254276171708 ], [ 140.421962581208277, 40.254017000584156 ], [ 140.420441478691373, 40.254332559200293 ], [ 140.418420636403312, 40.25559366771364 ], [ 140.41483422821716, 40.256017278974298 ], [ 140.415648949239653, 40.256464225843388 ], [ 140.416208663898828, 40.256409775490795 ], [ 140.415779779913009, 40.257258107775499 ], [ 140.414988664295493, 40.257040360324424 ], [ 140.414471996585462, 40.257520359976695 ], [ 140.412328392341465, 40.256815359841028 ], [ 140.412217782025095, 40.261020918880376 ], [ 140.41245360584935, 40.262652027369199 ], [ 140.410778339748617, 40.262174533228176 ], [ 140.410646938905188, 40.26236953232808 ], [ 140.407032775842026, 40.260283134858867 ], [ 140.406735550805138, 40.260429533696083 ], [ 140.408440558385109, 40.261808975004271 ], [ 140.407373021747617, 40.263302892814295 ], [ 140.409726355087287, 40.264714560428672 ], [ 140.410512750163321, 40.265851504943043 ], [ 140.410549390342112, 40.267045388234123 ], [ 140.416149079316597, 40.271561225070514 ], [ 140.416200168902719, 40.274331225105982 ], [ 140.415479882990326, 40.274843442071244 ], [ 140.414502672460458, 40.27452817123816 ], [ 140.413400440877695, 40.274944837933958 ], [ 140.411621803103799, 40.277157333843945 ], [ 140.409270143402409, 40.277551532777068 ], [ 140.408579274314093, 40.279139026844689 ], [ 140.40786649774077, 40.279319306740661 ], [ 140.406808171060334, 40.278953468827581 ], [ 140.406411219302413, 40.279871253055944 ], [ 140.405097612864552, 40.280051252363478 ], [ 140.404684253875303, 40.280540973687039 ], [ 140.405374811798197, 40.281943199319244 ], [ 140.403735084206801, 40.28202291972201 ], [ 140.402090052413996, 40.283536532684877 ], [ 140.401729779505786, 40.284183774761459 ], [ 140.401722555251808, 40.285191839232027 ], [ 140.400708391579087, 40.285737946249299 ], [ 140.401016977751397, 40.28725238748774 ], [ 140.401736977679434, 40.287792945687954 ], [ 140.401531140849556, 40.2883465602456 ], [ 140.400090559132082, 40.289369334027583 ], [ 140.398466394308684, 40.291193506275363 ], [ 140.397018885113539, 40.291109054539277 ], [ 140.396563061036545, 40.29139627911502 ], [ 140.396673022042364, 40.293000721805925 ], [ 140.396231919867319, 40.293755467940571 ], [ 140.394953306949674, 40.29397491870759 ], [ 140.393769948424392, 40.295140198161675 ], [ 140.394409389781572, 40.295782136036792 ], [ 140.393380506005656, 40.296486306098188 ], [ 140.393468560425731, 40.297156308217097 ], [ 140.393012970172549, 40.297809082023548 ], [ 140.393299363774645, 40.299560468540847 ], [ 140.392233501674809, 40.300371027500944 ], [ 140.392027664844932, 40.3011538028058 ], [ 140.390660725911857, 40.301705504505492 ], [ 140.389969856823541, 40.30307355859793 ], [ 140.389014305565865, 40.303366333789313 ], [ 140.388639585948226, 40.30382827865219 ], [ 140.388485136380041, 40.304604945761696 ], [ 140.389009856619623, 40.305924667589409 ], [ 140.386853721222337, 40.305579108489098 ], [ 140.385868716268305, 40.305843838322517 ], [ 140.384538716088969, 40.306924667839212 ], [ 140.384406226166448, 40.307848001783896 ], [ 140.383193696332114, 40.308974108568293 ], [ 140.383292308793102, 40.309436892498638 ], [ 140.384002023174844, 40.309582170780629 ], [ 140.383796472329436, 40.310735505439254 ], [ 140.384104773416652, 40.312301360019774 ], [ 140.383715057603922, 40.312937749977209 ], [ 140.38458756186651, 40.313629693755388 ], [ 140.381253358655613, 40.315572750082424 ], [ 140.380929467820692, 40.317216920324654 ], [ 140.379594747099986, 40.317495801889777 ], [ 140.380076939299329, 40.317903586881073 ], [ 140.380341672730083, 40.319232470102463 ], [ 140.377358054030992, 40.319795254147721 ], [ 140.376792191606455, 40.320504722115288 ], [ 140.37768108871137, 40.321805559079337 ], [ 140.377607471107922, 40.322222224875816 ], [ 140.378483307358806, 40.323051667800257 ], [ 140.377225499357337, 40.324345000821211 ], [ 140.37583633008262, 40.324907776772534 ], [ 140.377892724369758, 40.326285838520675 ], [ 140.376483280778871, 40.326450560145304 ], [ 140.376791581866087, 40.328043892611618 ], [ 140.375681855333369, 40.328696946107243 ], [ 140.376387134258948, 40.330262226920297 ], [ 140.375747951007156, 40.331523614223443 ], [ 140.376085720179958, 40.333126947150959 ], [ 140.375029338733043, 40.333930000369264 ], [ 140.374854577976407, 40.335350558681398 ], [ 140.376218716420681, 40.338728333146094 ], [ 140.375362606798944, 40.339728614883711 ], [ 140.375937886024644, 40.340355838051551 ], [ 140.376097587633581, 40.342224171508349 ], [ 140.375568975128203, 40.34377750482804 ], [ 140.374313139339961, 40.34415556003114 ], [ 140.373622555336738, 40.345089441224786 ], [ 140.372055057694865, 40.34576861373057 ], [ 140.370591167348607, 40.345021387726888 ], [ 140.369921440422218, 40.345052775864986 ], [ 140.369895057910639, 40.346850000826919 ], [ 140.368234772716619, 40.346921109321784 ], [ 140.366728663696904, 40.347498082870288 ], [ 140.366979195933254, 40.348219749242105 ], [ 140.367722243686671, 40.348876387435382 ], [ 140.36736669311847, 40.349950028670946 ], [ 140.367544474697866, 40.3503933602654 ], [ 140.366923891224701, 40.351620307131498 ], [ 140.365178885397313, 40.352068081376899 ], [ 140.36403416264659, 40.351500028203816 ], [ 140.36023888421721, 40.351635586613099 ], [ 140.358604720731364, 40.35226141403308 ], [ 140.356714137147719, 40.354348082198271 ], [ 140.354159415924414, 40.354421413817249 ], [ 140.353154136654098, 40.354891414807014 ], [ 140.353162191881665, 40.355349198506758 ], [ 140.352251919690389, 40.356747801669769 ], [ 140.353796057442196, 40.359483361268133 ], [ 140.353232166331509, 40.360229197819251 ], [ 140.353239104601016, 40.36086808159672 ], [ 140.355691025220722, 40.363992802126177 ], [ 140.355933217144297, 40.365950586650285 ], [ 140.356433774399193, 40.366558361079569 ], [ 140.354753501772734, 40.36800891987582 ], [ 140.353850142670012, 40.369741694923334 ], [ 140.3502473668226, 40.37191419798188 ], [ 140.350134278873952, 40.373537801628288 ], [ 140.347480661003715, 40.374479505125123 ], [ 140.346833165318344, 40.375649774917235 ], [ 140.34626703039919, 40.375867838929651 ], [ 140.344165668211076, 40.374960613641463 ], [ 140.343038171074795, 40.375130332798676 ], [ 140.340363968622341, 40.376676172067732 ], [ 140.339666744025067, 40.377603667175549 ], [ 140.338276472181519, 40.378458946723072 ], [ 140.337477003660865, 40.381753108519206 ], [ 140.337755576758582, 40.383406441953809 ], [ 140.336122801825923, 40.384148944718049 ], [ 140.334592243837051, 40.38550255929573 ], [ 140.333426109127686, 40.387955614859777 ], [ 140.333786108642016, 40.388802278902119 ], [ 140.334526394577551, 40.389354505805841 ], [ 140.334347470859143, 40.391783108803509 ], [ 140.334813864668149, 40.393112560396389 ], [ 140.334245524611333, 40.393574775055868 ], [ 140.333027172566062, 40.396465641276393 ], [ 140.333251335780574, 40.39875591865075 ], [ 140.334358249233901, 40.400447307797094 ], [ 140.333097134425316, 40.401480640519196 ], [ 140.333357418909827, 40.402202306891013 ], [ 140.333158248754216, 40.40320286472047 ], [ 140.336506549737578, 40.405721748859662 ], [ 140.336275719848686, 40.406774252429841 ], [ 140.336997665010244, 40.407859531791985 ], [ 140.336447367152346, 40.410004252993929 ], [ 140.336537910895913, 40.411728694024077 ], [ 140.335371777085925, 40.413513413912995 ], [ 140.335469274387606, 40.415495641111022 ], [ 140.334112891696691, 40.416352305614453 ], [ 140.332680363408144, 40.419684802811446 ], [ 140.333854527264634, 40.420953973746919 ], [ 140.336136199925704, 40.422303695159485 ], [ 140.335538975443455, 40.423019252436575 ], [ 140.3364078347538, 40.424202306990935 ], [ 140.336378663444634, 40.424979532579414 ], [ 140.335955887654109, 40.425505359884482 ], [ 140.334263942726807, 40.425803441075971 ], [ 140.333506718959939, 40.426967612565306 ], [ 140.333428391607072, 40.427616774694457 ], [ 140.334868637877435, 40.429518171726272 ], [ 140.334497250247978, 40.431149280215152 ], [ 140.335714188558995, 40.43332705420022 ], [ 140.335396394228269, 40.434548721146598 ], [ 140.335586667390885, 40.435834561016236 ], [ 140.335149169698525, 40.436315667733936 ], [ 140.334933333306708, 40.437288172111494 ], [ 140.33521608285605, 40.439383441392749 ], [ 140.337041088775322, 40.440633722068696 ], [ 140.339148586138435, 40.441136225456489 ], [ 140.339235525399204, 40.442203720725161 ], [ 140.340479416391986, 40.442928172297343 ], [ 140.34066719843247, 40.443228721228536 ], [ 140.339821634261057, 40.444256802809264 ], [ 140.340707198478526, 40.445329586990908 ], [ 140.340602165757446, 40.446079586503743 ], [ 140.341781051054681, 40.446887639952649 ], [ 140.341163554054788, 40.450034027848176 ], [ 140.343869921659575, 40.452391534042135 ], [ 140.342697691345393, 40.454690415230516 ], [ 140.343887691363875, 40.456491000958977 ], [ 140.343424643032904, 40.457288506259601 ], [ 140.343652970108565, 40.45766433294267 ], [ 140.342892387373809, 40.460298225982399 ], [ 140.343370725978275, 40.461661559533411 ], [ 140.347016834759188, 40.461559054806571 ], [ 140.347927392934935, 40.462493506170404 ], [ 140.348390168771289, 40.464797946967735 ], [ 140.347808470184759, 40.467547694270706 ], [ 140.3494862516892, 40.468415468099408 ], [ 140.3525215301446, 40.468847973655102 ], [ 140.353309026890088, 40.469879640832801 ], [ 140.353903747659842, 40.472291585688197 ], [ 140.356733450088768, 40.47459269359797 ], [ 140.357818170971882, 40.474717415176599 ], [ 140.359902892104856, 40.475916306792158 ], [ 140.35989844405799, 40.477235225525305 ], [ 140.361301220075347, 40.478391614281634 ], [ 140.364810660683474, 40.478543839826386 ], [ 140.367193165332424, 40.477018532978946 ], [ 140.369038443769227, 40.477245748492578 ], [ 140.370203994818553, 40.476478532358442 ], [ 140.372578755405357, 40.476186587241273 ], [ 140.377670142163424, 40.476469361072191 ], [ 140.377947912166519, 40.476540198871135 ], [ 140.378623165426802, 40.478131307314015 ], [ 140.380581218848192, 40.47876436078667 ], [ 140.381307612955993, 40.479326587252274 ], [ 140.382108170555739, 40.48196800132223 ], [ 140.383478170781018, 40.484040224576745 ], [ 140.38375094684875, 40.485125505737528 ], [ 140.386574280278865, 40.486886613026797 ], [ 140.388282049676945, 40.487017721590632 ], [ 140.389707612716165, 40.485574948225349 ], [ 140.391161219314881, 40.485278001078939 ], [ 140.391673164684903, 40.484855837726798 ], [ 140.391707328130792, 40.484825225703673 ] ] ] } },
{ "type": "Feature", "properties": { "regioncode": "0520600", "regionname": "秋田県男鹿市", "name": "男鹿市", "namekana": "おがし", "PrefCode": "05" }, "geometry": { "type": "MultiPolygon", "coordinates": [ [ [ [ 139.818487198225625, 39.855150837840938 ], [ 139.818437950451084, 39.855391332743864 ], [ 139.818487611913838, 39.85517883823286 ], [ 139.818487198225625, 39.855150837840938 ] ] ], [ [ [ 139.818615330932857, 39.855423864819556 ], [ 139.818791920011108, 39.855123135124643 ], [ 139.818654331832022, 39.85543483924647 ], [ 139.818615330932857, 39.855423864819556 ] ] ], [ [ [ 139.815338858801397, 39.855353197891816 ], [ 139.815306615408076, 39.855693360160501 ], [ 139.815353476381915, 39.855384468218688 ], [ 139.815338858801397, 39.855353197891816 ] ] ], [ [ [ 139.817156056806652, 39.855406224617639 ], [ 139.816968080512538, 39.855710198167174 ], [ 139.817158780853106, 39.855428694178954 ], [ 139.817156056806652, 39.855406224617639 ] ] ], [ [ [ 139.816743139384471, 39.855408999925487 ], [ 139.816484306405641, 39.8557231708877 ], [ 139.816721829049243, 39.855450532416171 ], [ 139.816743139384471, 39.855408999925487 ] ] ], [ [ [ 139.818722412309512, 39.855644026950358 ], [ 139.818471776651222, 39.855761359699045 ], [ 139.818735006415523, 39.855664053952978 ], [ 139.818722412309512, 39.855644026950358 ] ] ], [ [ [ 139.81720483783306, 39.855965558863488 ], [ 139.817307471162962, 39.855782251849519 ], [ 139.817199415820482, 39.855984864609866 ], [ 139.81720483783306, 39.855965558863488 ] ] ], [ [ [ 139.816688859003648, 39.855808531838306 ], [ 139.81650457802391, 39.856092170817078 ], [ 139.816677223575084, 39.855837080816684 ], [ 139.816688859003648, 39.855808531838306 ] ] ], [ [ [ 139.809171971009732, 39.855930945756597 ], [ 139.809009299839431, 39.856149386585003 ], [ 139.809149052686735, 39.85596244091397 ], [ 139.809171971009732, 39.855930945756597 ] ] ], [ [ [ 139.816289780349166, 39.855971864909691 ], [ 139.816043190740743, 39.856162080515674 ], [ 139.816279170147595, 39.855994197774066 ], [ 139.816289780349166, 39.855971864909691 ] ] ], [ [ [ 139.809978170955901, 39.856092197796727 ], [ 139.80963455259257, 39.856432414024766 ], [ 139.809955109640669, 39.856141774723199 ], [ 139.809978170955901, 39.856092197796727 ] ] ], [ [ [ 139.805795227168119, 39.856666054295033 ], [ 139.805978806676649, 39.85648700017498 ], [ 139.805750414849854, 39.856660721315279 ], [ 139.805795227168119, 39.856666054295033 ] ] ], [ [ [ 139.75451885905818, 39.856677838111807 ], [ 139.753854111677924, 39.856535107609204 ], [ 139.754517885991731, 39.856687639822781 ], [ 139.75451885905818, 39.856677838111807 ] ] ], [ [ [ 139.75610817065558, 39.856953558559951 ], [ 139.755617951107638, 39.856622747441918 ], [ 139.756100779127678, 39.856961747786499 ], [ 139.75610817065558, 39.856953558559951 ] ] ], [ [ [ 139.755194228330993, 39.856880198162685 ], [ 139.754993943016075, 39.85676683771942 ], [ 139.75517380023075, 39.856914865228873 ], [ 139.755194228330993, 39.856880198162685 ] ] ], [ [ [ 139.755438494990585, 39.856631532019662 ], [ 139.75565230970642, 39.857069359763216 ], [ 139.755504137406092, 39.856642504647937 ], [ 139.755438494990585, 39.856631532019662 ] ] ], [ [ [ 139.808729300416985, 39.85707517118226 ], [ 139.808510946822821, 39.857276360315836 ], [ 139.808690363369692, 39.857093558720806 ], [ 139.808729300416985, 39.85707517118226 ] ] ], [ [ [ 139.754742049206243, 39.857096387088632 ], [ 139.754822865882602, 39.857385279007474 ], [ 139.754761530320479, 39.857121972800883 ], [ 139.754742049206243, 39.857096387088632 ] ] ], [ [ [ 139.754584254160022, 39.857509251450836 ], [ 139.754779221783679, 39.857372441185248 ], [ 139.75433736687603, 39.8573570807647 ], [ 139.754533891226174, 39.857502108135861 ], [ 139.754584254160022, 39.857509251450836 ] ] ], [ [ [ 139.756550271977517, 39.857282802159659 ], [ 139.756514034694987, 39.857514748107178 ], [ 139.756573359373078, 39.857293720828579 ], [ 139.756550271977517, 39.857282802159659 ] ] ], [ [ [ 139.859867328514497, 39.857288918448887 ], [ 139.85964302230775, 39.85722453238634 ], [ 139.859466471900191, 39.857553693248406 ], [ 139.859679663385805, 39.857625639911419 ], [ 139.859867328514497, 39.857288918448887 ] ] ], [ [ [ 139.754963306711261, 39.857707414365734 ], [ 139.75477927394445, 39.85758563986542 ], [ 139.754938339732689, 39.857713865202754 ], [ 139.754963306711261, 39.857707414365734 ] ] ], [ [ [ 139.771716783402894, 39.857717306008908 ], [ 139.771500363351151, 39.857760531923077 ], [ 139.77172055785752, 39.857767586205171 ], [ 139.771716783402894, 39.857717306008908 ] ] ], [ [ [ 139.820674358434985, 39.857787865017997 ], [ 139.820886913200525, 39.857861306354266 ], [ 139.820692218071486, 39.857797639749322 ], [ 139.820674358434985, 39.857787865017997 ] ] ], [ [ [ 139.822312891726597, 39.857939053644486 ], [ 139.822055836707591, 39.858237027816642 ], [ 139.822273722654245, 39.858002838959919 ], [ 139.822312891726597, 39.857939053644486 ] ] ], [ [ [ 139.82204364459858, 39.858407505102321 ], [ 139.821778754685852, 39.858610721307798 ], [ 139.822011361635077, 39.858432721193196 ], [ 139.82204364459858, 39.858407505102321 ] ] ], [ [ [ 139.77333686080749, 39.858353693268384 ], [ 139.772170505764279, 39.858231053620273 ], [ 139.77340306170197, 39.858784278771509 ], [ 139.773353449701972, 39.858369134627935 ], [ 139.77333686080749, 39.858353693268384 ] ] ], [ [ [ 139.752110972843184, 39.858966440948564 ], [ 139.751940532429671, 39.85908905361697 ], [ 139.752141946393749, 39.85899644143268 ], [ 139.752110972843184, 39.858966440948564 ] ] ], [ [ [ 139.80564189455788, 39.858779747987057 ], [ 139.805799026803697, 39.859221585807575 ], [ 139.805615836701577, 39.858794468090309 ], [ 139.80564189455788, 39.858779747987057 ] ] ], [ [ [ 139.754425914124681, 39.859059170944022 ], [ 139.754659559790866, 39.859216892245854 ], [ 139.754442476938834, 39.859070837848947 ], [ 139.754425914124681, 39.859059170944022 ] ] ], [ [ [ 139.754501115434209, 39.859228468319202 ], [ 139.754922192405274, 39.859476387125596 ], [ 139.754554527069786, 39.859243639882152 ], [ 139.754501115434209, 39.859228468319202 ] ] ], [ [ [ 139.760730467437156, 39.859301999587672 ], [ 139.760911750976561, 39.859676306416475 ], [ 139.760805577015844, 39.859370694302129 ], [ 139.760730467437156, 39.859301999587672 ] ] ], [ [ [ 139.772129001152507, 39.859740891229194 ], [ 139.77187968929627, 39.85971230627797 ], [ 139.772130947285405, 39.859758668128109 ], [ 139.772129001152507, 39.859740891229194 ] ] ], [ [ [ 139.774644915730391, 39.859841973228527 ], [ 139.774784384391864, 39.85963446815623 ], [ 139.774296226089973, 39.859807441060582 ], [ 139.774547638762556, 39.859874694161874 ], [ 139.774644915730391, 39.859841973228527 ] ] ], [ [ [ 139.80417196976066, 39.859711441130173 ], [ 139.804334668809929, 39.859983558894157 ], [ 139.804174111945827, 39.85974010791972 ], [ 139.80417196976066, 39.859711441130173 ] ] ], [ [ [ 139.804256497939036, 39.859739946041714 ], [ 139.804429611137721, 39.860020531822158 ], [ 139.804299222031545, 39.859791225384811 ], [ 139.804256497939036, 39.859739946041714 ] ] ], [ [ [ 139.804002244308208, 39.860251198034405 ], [ 139.803916549709015, 39.860551252338496 ], [ 139.804022580677611, 39.860267946108877 ], [ 139.804002244308208, 39.860251198034405 ] ] ], [ [ [ 139.804312139893455, 39.860350028131336 ], [ 139.804468222630476, 39.860636865099309 ], [ 139.804320272462633, 39.860383532374158 ], [ 139.804312139893455, 39.860350028131336 ] ] ], [ [ [ 139.805637224378415, 39.859208892776223 ], [ 139.806208365823522, 39.860691360418002 ], [ 139.805646303933827, 39.859235081034228 ], [ 139.805637224378415, 39.859208892776223 ] ] ], [ [ [ 139.852106278182305, 39.861164505437614 ], [ 139.855077173273003, 39.860556278649369 ], [ 139.86157900097021, 39.853157640712595 ], [ 139.861373528365675, 39.853051973070137 ], [ 139.854824968297748, 39.8604957749601 ], [ 139.851782503359914, 39.861141586215297 ], [ 139.852109027409711, 39.861177026698499 ], [ 139.852106278182305, 39.861164505437614 ] ] ], [ [ [ 139.805189922277123, 39.860629559007009 ], [ 139.805457833911987, 39.861261278785037 ], [ 139.805277562109836, 39.860756081028342 ], [ 139.805189922277123, 39.860629559007009 ] ] ], [ [ [ 139.803700557734601, 39.860942225403448 ], [ 139.803888495357796, 39.861287252105058 ], [ 139.803693475573482, 39.860986026883666 ], [ 139.803700557734601, 39.860942225403448 ] ] ], [ [ [ 139.803937276384318, 39.861330558958173 ], [ 139.804175382687845, 39.861626306408994 ], [ 139.803960997801823, 39.861369774795321 ], [ 139.803937276384318, 39.861330558958173 ] ] ], [ [ [ 139.804205304930974, 39.861273585107938 ], [ 139.804350778365801, 39.861668305647868 ], [ 139.804229467915661, 39.861299359677787 ], [ 139.804205304930974, 39.861273585107938 ] ] ], [ [ [ 139.803918223347409, 39.861127803205591 ], [ 139.804323280694916, 39.861779918708351 ], [ 139.803989052153042, 39.861165467712226 ], [ 139.803918223347409, 39.861127803205591 ] ] ], [ [ [ 139.786370558054841, 39.861870135098684 ], [ 139.786232632630004, 39.862040198696263 ], [ 139.786380699709639, 39.861881026788012 ], [ 139.786370558054841, 39.861870135098684 ] ] ], [ [ [ 139.850608885391807, 39.86150346711139 ], [ 139.847756756569083, 39.862000936993695 ], [ 139.850000000299815, 39.861628775047961 ], [ 139.850608885391807, 39.86150346711139 ] ] ], [ [ [ 139.804196200194497, 39.86167177523231 ], [ 139.804380699709554, 39.862097560154325 ], [ 139.804232865554354, 39.86172210758923 ], [ 139.804196200194497, 39.86167177523231 ] ] ], [ [ [ 139.786696252030424, 39.861534505413147 ], [ 139.786639663989376, 39.861836081370086 ], [ 139.787047327572168, 39.862098080861813 ], [ 139.78677791227085, 39.861598919354719 ], [ 139.786696252030424, 39.861534505413147 ] ] ], [ [ [ 139.76803394271235, 39.862047081207891 ], [ 139.767789078902979, 39.862123359905183 ], [ 139.768034553351981, 39.862059413611121 ], [ 139.76803394271235, 39.862047081207891 ] ] ], [ [ [ 139.822683657924586, 39.861559072193472 ], [ 139.822643981634542, 39.860989658346114 ], [ 139.822964437059227, 39.862392422672201 ], [ 139.822683657924586, 39.861559072193472 ] ] ], [ [ [ 139.788758053941137, 39.862344612913603 ], [ 139.788517198410091, 39.862306053581563 ], [ 139.788801115279284, 39.862110999622985 ], [ 139.788506550436978, 39.861611694224337 ], [ 139.788060143161147, 39.861862505250485 ], [ 139.788186328836105, 39.861363639620322 ], [ 139.787312802044198, 39.861294694894298 ], [ 139.787756394442113, 39.862122667427229 ], [ 139.788759584587183, 39.862382918636854 ], [ 139.788758053941137, 39.862344612913603 ] ] ], [ [ [ 139.768295227243016, 39.862783107954101 ], [ 139.768089249219543, 39.862740224681659 ], [ 139.7683003641705, 39.86279233319965 ], [ 139.768295227243016, 39.862783107954101 ] ] ], [ [ [ 139.788118469591723, 39.862832720853419 ], [ 139.788036550346533, 39.863039224980298 ], [ 139.788163554404605, 39.862872586001117 ], [ 139.788118469591723, 39.862832720853419 ] ] ], [ [ [ 139.744506693229368, 39.863028026622203 ], [ 139.744324720809232, 39.86313097291611 ], [ 139.744544811893661, 39.863080440909698 ], [ 139.744506693229368, 39.863028026622203 ] ] ], [ [ [ 139.768778300777967, 39.863038748339591 ], [ 139.769045551411182, 39.863208802044653 ], [ 139.76882411224301, 39.863062504830793 ], [ 139.768778300777967, 39.863038748339591 ] ] ], [ [ [ 139.789762672209577, 39.863407134931379 ], [ 139.789562724140524, 39.863542865111185 ], [ 139.789786978186612, 39.863461559203643 ], [ 139.789762672209577, 39.863407134931379 ] ] ], [ [ [ 139.750448975339964, 39.863950468439441 ], [ 139.750645278456886, 39.863865027449094 ], [ 139.750433450343508, 39.863950332641764 ], [ 139.750448975339964, 39.863950468439441 ] ] ], [ [ [ 139.749946303778984, 39.863784387039857 ], [ 139.749596783165089, 39.863825360152305 ], [ 139.749943553652088, 39.864048802110574 ], [ 139.749971777075871, 39.863792801996283 ], [ 139.749946303778984, 39.863784387039857 ] ] ], [ [ [ 139.853125254127235, 39.864058973442923 ], [ 139.852893060866108, 39.864022891743105 ], [ 139.853121387941769, 39.864076504826869 ], [ 139.853125254127235, 39.864058973442923 ] ] ], [ [ [ 139.750584227979857, 39.864210504711082 ], [ 139.75078182881839, 39.864071197927501 ], [ 139.750562087570302, 39.864227775291624 ], [ 139.750584227979857, 39.864210504711082 ] ] ], [ [ [ 139.75031252929989, 39.864242918975606 ], [ 139.750545227080579, 39.864102864855397 ], [ 139.750310168579517, 39.864267748357975 ], [ 139.75031252929989, 39.864242918975606 ] ] ], [ [ [ 139.747048301437985, 39.864662504870751 ], [ 139.746810751814792, 39.864636027031054 ], [ 139.747052892477086, 39.864704054448623 ], [ 139.747048301437985, 39.864662504870751 ] ] ], [ [ [ 139.74216233512368, 39.864777306927238 ], [ 139.74195875469286, 39.864752775220438 ], [ 139.742158300765027, 39.864780891624889 ], [ 139.74216233512368, 39.864777306927238 ] ] ], [ [ [ 139.744816694035308, 39.864697947152592 ], [ 139.744788559644348, 39.864962505215487 ], [ 139.744810584041261, 39.864729251653671 ], [ 139.744816694035308, 39.864697947152592 ] ] ], [ [ [ 139.744480584111784, 39.865130837618096 ], [ 139.744141439875648, 39.865112692896503 ], [ 139.744476004763897, 39.865141053916545 ], [ 139.744480584111784, 39.865130837618096 ] ] ], [ [ [ 139.748792723605334, 39.865072531871874 ], [ 139.748560894569664, 39.865166198960992 ], [ 139.748800661021733, 39.865087721421276 ], [ 139.748792723605334, 39.865072531871874 ] ] ], [ [ [ 139.746777172928205, 39.865194252412891 ], [ 139.746560466892106, 39.865281467765556 ], [ 139.746746445791928, 39.865198918994963 ], [ 139.746777172928205, 39.865194252412891 ] ] ], [ [ [ 139.747227250337346, 39.86514433284475 ], [ 139.746951894114659, 39.865201748262109 ], [ 139.747238002631775, 39.865173441201421 ], [ 139.747227250337346, 39.86514433284475 ] ] ], [ [ [ 139.74483732808028, 39.865321892291547 ], [ 139.744608780670774, 39.865332441339149 ], [ 139.744841284197946, 39.865367864735219 ], [ 139.74483732808028, 39.865321892291547 ] ] ], [ [ [ 139.746353864739149, 39.866391107963295 ], [ 139.746177612906536, 39.866264333232436 ], [ 139.746340195044013, 39.866390080937549 ], [ 139.746353864739149, 39.866391107963295 ] ] ], [ [ [ 139.74440236108012, 39.866278386938063 ], [ 139.744692437406115, 39.866561134688652 ], [ 139.744486031305314, 39.866288197642234 ], [ 139.74440236108012, 39.866278386938063 ] ] ], [ [ [ 139.745424448679387, 39.866631612758795 ], [ 139.745085615608787, 39.866607440780797 ], [ 139.745416497773249, 39.86664522489724 ], [ 139.745424448679387, 39.866631612758795 ] ] ], [ [ [ 139.833223450601849, 39.866924333091561 ], [ 139.833790999255257, 39.866524999928856 ], [ 139.83318516196573, 39.866915622258205 ], [ 139.832664318703451, 39.866702386705811 ], [ 139.83323330717144, 39.866929468220462 ], [ 139.833223450601849, 39.866924333091561 ] ] ], [ [ [ 139.744897756226578, 39.866852918827192 ], [ 139.744719247994908, 39.867031838048945 ], [ 139.744903644987289, 39.866872613080659 ], [ 139.744897756226578, 39.866852918827192 ] ] ], [ [ [ 139.744119080031624, 39.866394721439292 ], [ 139.743983449676534, 39.866627081074967 ], [ 139.74463841782881, 39.867073694295584 ], [ 139.744156419882984, 39.866406414424546 ], [ 139.744119080031624, 39.866394721439292 ] ] ], [ [ [ 139.744607029690769, 39.867418080679954 ], [ 139.743990194591902, 39.867034278808944 ], [ 139.744606835437139, 39.867429081187197 ], [ 139.744607029690769, 39.867418080679954 ] ] ], [ [ [ 139.742242696743119, 39.86725797257742 ], [ 139.741651218928723, 39.867238000433417 ], [ 139.7419393644102, 39.867488027250715 ], [ 139.74222941555513, 39.867299639966461 ], [ 139.742242696743119, 39.86725797257742 ] ] ], [ [ [ 139.742627327789023, 39.867835170956425 ], [ 139.742769611328526, 39.867657332719773 ], [ 139.742388275398639, 39.867489919424315 ], [ 139.741938275331222, 39.867718170956891 ], [ 139.742613166164801, 39.867852587227162 ], [ 139.742627327789023, 39.867835170956425 ] ] ], [ [ [ 139.742739753836645, 39.870376558831197 ], [ 139.742504643174811, 39.870304801025782 ], [ 139.742727691230016, 39.870376802547469 ], [ 139.742739753836645, 39.870376558831197 ] ] ], [ [ [ 139.740198948722536, 39.871248640412489 ], [ 139.739985383119006, 39.871436694048271 ], [ 139.740212632806788, 39.871261838862836 ], [ 139.740198948722536, 39.871248640412489 ] ] ], [ [ [ 139.74052236111811, 39.874577251638925 ], [ 139.740444720847222, 39.874306224752502 ], [ 139.740509779602689, 39.874582080998266 ], [ 139.74052236111811, 39.874577251638925 ] ] ], [ [ [ 139.74068272372881, 39.874995305988648 ], [ 139.740916005169538, 39.87511950506115 ], [ 139.740683695895882, 39.874996333014394 ], [ 139.74068272372881, 39.874995305988648 ] ] ], [ [ [ 139.739305447088782, 39.876400801555803 ], [ 139.739287664794006, 39.876635279094899 ], [ 139.739321141157802, 39.876412225643776 ], [ 139.739305447088782, 39.876400801555803 ] ] ], [ [ [ 139.73903522599494, 39.877125135316817 ], [ 139.738801725119629, 39.877076440625274 ], [ 139.739042114801805, 39.87713230561144 ], [ 139.73903522599494, 39.877125135316817 ] ] ], [ [ [ 139.848761530420347, 39.878493720908523 ], [ 139.850566446384505, 39.876734333123011 ], [ 139.850028781303308, 39.876409945862349 ], [ 139.850638196995305, 39.875811721333946 ], [ 139.847844137397033, 39.877947388161488 ], [ 139.848133022121374, 39.878110892104019 ], [ 139.847971996710385, 39.878375693883243 ], [ 139.848393332686214, 39.878268586426202 ], [ 139.848761530420347, 39.878493720908523 ] ] ], [ [ [ 139.738175005572089, 39.878751945945623 ], [ 139.737911505111924, 39.878722612758452 ], [ 139.738171829166617, 39.878766774866847 ], [ 139.738175005572089, 39.878751945945623 ] ] ], [ [ [ 139.737240895051286, 39.879061801960631 ], [ 139.737318520933059, 39.879303197984257 ], [ 139.737262476981755, 39.879072171143832 ], [ 139.737240895051286, 39.879061801960631 ] ] ], [ [ [ 139.737959196160091, 39.879597198052295 ], [ 139.738209365070247, 39.879972801703502 ], [ 139.737979390436635, 39.879597748437391 ], [ 139.737959196160091, 39.879597198052295 ] ] ], [ [ [ 139.736677367266793, 39.879784134730073 ], [ 139.736735576785463, 39.87999689184312 ], [ 139.736679144327127, 39.879789838230522 ], [ 139.736677367266793, 39.879784134730073 ] ] ], [ [ [ 139.736448884608421, 39.88079041404643 ], [ 139.736057587787514, 39.880350305622187 ], [ 139.735776718720672, 39.880550667379453 ], [ 139.73658566789436, 39.881039467797279 ], [ 139.736472944171055, 39.880814053625727 ], [ 139.736448884608421, 39.88079041404643 ] ] ], [ [ [ 139.737520558127358, 39.880947171275011 ], [ 139.737582891936995, 39.881238775549093 ], [ 139.737550271727741, 39.880951693965528 ], [ 139.737520558127358, 39.880947171275011 ] ] ], [ [ [ 139.737376550587442, 39.880988225326405 ], [ 139.736862749915986, 39.880753054409979 ], [ 139.736588418021142, 39.879906776176824 ], [ 139.735837224208581, 39.879747919031274 ], [ 139.736936276687857, 39.881156838317509 ], [ 139.737402723556897, 39.881247170720428 ], [ 139.737381335880059, 39.881003584847633 ], [ 139.737376550587442, 39.880988225326405 ] ] ], [ [ [ 139.73651211504216, 39.883182802244562 ], [ 139.736652386798255, 39.883029666585912 ], [ 139.736167638725647, 39.882980053686595 ], [ 139.736471750770761, 39.883192053570497 ], [ 139.73651211504216, 39.883182802244562 ] ] ], [ [ [ 139.73727861171858, 39.886344839243009 ], [ 139.736702775812546, 39.886242107887028 ], [ 139.737287030272341, 39.886352586003113 ], [ 139.73727861171858, 39.886344839243009 ] ] ], [ [ [ 139.736058638195686, 39.886786999920162 ], [ 139.735812140318103, 39.886847613326722 ], [ 139.736023307429718, 39.886818639868409 ], [ 139.736058638195686, 39.886786999920162 ] ] ], [ [ [ 139.86123099931126, 39.88741228774694 ], [ 139.860183916854339, 39.88789528843688 ], [ 139.860398845830105, 39.887827738559338 ], [ 139.86123099931126, 39.88741228774694 ] ] ], [ [ [ 139.736177756098641, 39.889019136124261 ], [ 139.73575739318926, 39.889071359755519 ], [ 139.736159000737302, 39.889050386666042 ], [ 139.736177756098641, 39.889019136124261 ] ] ], [ [ [ 139.735263891115778, 39.891543441376768 ], [ 139.735481634070197, 39.891497945573803 ], [ 139.735222528596864, 39.891527197821972 ], [ 139.735263891115778, 39.891543441376768 ] ] ], [ [ [ 139.73519953203288, 39.892163053582124 ], [ 139.734766640667999, 39.892068279427633 ], [ 139.735140272105923, 39.892167361334714 ], [ 139.73519953203288, 39.892163053582124 ] ] ], [ [ [ 139.735024746994554, 39.892475666019209 ], [ 139.735205135708497, 39.892770917943551 ], [ 139.735075693588442, 39.892493081390626 ], [ 139.735024746994554, 39.892475666019209 ] ] ], [ [ [ 139.735238029311631, 39.893289386995662 ], [ 139.73488058477119, 39.89325141492094 ], [ 139.735199923237928, 39.893310387064787 ], [ 139.735238029311631, 39.893289386995662 ] ] ], [ [ [ 139.733333332667257, 39.902896413638643 ], [ 139.733573865341668, 39.903180918664532 ], [ 139.733342943721937, 39.90289799914342 ], [ 139.733333332667257, 39.902896413638643 ] ] ], [ [ [ 139.721441115215384, 39.907535586198378 ], [ 139.721682282811116, 39.907782414127155 ], [ 139.72147055811979, 39.907581413851233 ], [ 139.721441115215384, 39.907535586198378 ] ] ], [ [ [ 139.722558885284343, 39.907924748928053 ], [ 139.722340725943809, 39.907825306392851 ], [ 139.722517886091623, 39.908131081284409 ], [ 139.722570973072038, 39.907937585850959 ], [ 139.722558885284343, 39.907924748928053 ] ] ], [ [ [ 139.722294695044184, 39.907887802080438 ], [ 139.722571479390353, 39.908290107502523 ], [ 139.722350467400247, 39.907989504611976 ], [ 139.722294695044184, 39.907887802080438 ] ] ], [ [ [ 139.723460051839993, 39.908212054442799 ], [ 139.723507587305335, 39.908449667018544 ], [ 139.723483191396213, 39.908229225198625 ], [ 139.723460051839993, 39.908212054442799 ] ] ], [ [ [ 139.721645472660498, 39.90811200036859 ], [ 139.721907976671901, 39.908471080775826 ], [ 139.721671388423943, 39.908121775099914 ], [ 139.721645472660498, 39.90811200036859 ] ] ], [ [ [ 139.722164618002807, 39.908490667110641 ], [ 139.721889493805179, 39.908326530944692 ], [ 139.722161505449208, 39.908509721046869 ], [ 139.722164618002807, 39.908490667110641 ] ] ], [ [ [ 139.722719026661821, 39.90814758564261 ], [ 139.723078366073764, 39.908514107939766 ], [ 139.722763943301402, 39.908169198150006 ], [ 139.722719026661821, 39.90814758564261 ] ] ], [ [ [ 139.731742776408055, 39.907781585851581 ], [ 139.731853332765127, 39.907612775009625 ], [ 139.730554033641852, 39.908497054095847 ], [ 139.731651945780754, 39.907873946225664 ], [ 139.731742776408055, 39.907781585851581 ] ] ], [ [ [ 139.720473579592067, 39.907700225085364 ], [ 139.71974481127404, 39.907536224717035 ], [ 139.720358248734215, 39.908619171237831 ], [ 139.720759921932881, 39.908240946062847 ], [ 139.720515550951973, 39.907751694185379 ], [ 139.720473579592067, 39.907700225085364 ] ] ], [ [ [ 139.719840947002126, 39.908604198425053 ], [ 139.719743943428284, 39.908347307082636 ], [ 139.71923752259363, 39.908375666303982 ], [ 139.719845279036463, 39.90861910738596 ], [ 139.719840947002126, 39.908604198425053 ] ] ], [ [ [ 139.722371362248623, 39.908695585732744 ], [ 139.722209753177594, 39.90850577482172 ], [ 139.722388612144755, 39.908705107754599 ], [ 139.722371362248623, 39.908695585732744 ] ] ], [ [ [ 139.717014746533437, 39.909053080635204 ], [ 139.716830803698713, 39.90914569371887 ], [ 139.717043502355864, 39.909090279293025 ], [ 139.717014746533437, 39.909053080635204 ] ] ], [ [ [ 139.71691683464428, 39.910985747993948 ], [ 139.716471334784387, 39.910278999576235 ], [ 139.716531970673941, 39.91078135997185 ], [ 139.71690819665605, 39.911013108068516 ], [ 139.71691683464428, 39.910985747993948 ] ] ], [ [ [ 139.716195771717594, 39.910985640075296 ], [ 139.716031724584468, 39.911191306034027 ], [ 139.7166412832687, 39.911482973260661 ], [ 139.716243553597224, 39.910996638783899 ], [ 139.716195771717594, 39.910985640075296 ] ] ], [ [ [ 139.715241115285266, 39.91290544083347 ], [ 139.715004838202731, 39.913100251075775 ], [ 139.71544708161764, 39.91316594565194 ], [ 139.715263645101231, 39.912908360032816 ], [ 139.715241115285266, 39.91290544083347 ] ] ], [ [ [ 139.716073216605764, 39.91270353224229 ], [ 139.715442632671397, 39.912115505126508 ], [ 139.715863113392061, 39.913266414313625 ], [ 139.716293696197226, 39.913544802150966 ], [ 139.716482580806542, 39.9130489186727 ], [ 139.716093113206625, 39.912724533210678 ], [ 139.716073216605764, 39.91270353224229 ] ] ], [ [ [ 139.71305535711906, 39.915627694062891 ], [ 139.712742554925057, 39.915493972968534 ], [ 139.713138249430699, 39.915680361059856 ], [ 139.71305535711906, 39.915627694062891 ] ] ], [ [ [ 139.713050726509891, 39.916013414187773 ], [ 139.712443113059294, 39.915371468218723 ], [ 139.711387224440955, 39.915237864935591 ], [ 139.713045810815629, 39.916020196874626 ], [ 139.713050726509891, 39.916013414187773 ] ] ], [ [ [ 139.714933839425157, 39.915924946079429 ], [ 139.71524958510031, 39.916239000129792 ], [ 139.715006446190614, 39.915962467593829 ], [ 139.714933839425157, 39.915924946079429 ] ] ], [ [ [ 139.712845940088073, 39.916535801586008 ], [ 139.713015887673123, 39.916685892140265 ], [ 139.712860117000901, 39.916540800917289 ], [ 139.712845940088073, 39.916535801586008 ] ] ], [ [ [ 139.714590700400549, 39.916662080790445 ], [ 139.714272308919931, 39.916266774791893 ], [ 139.71393855971678, 39.916420973449192 ], [ 139.714592361448354, 39.91666666733289 ], [ 139.714590700400549, 39.916662080790445 ] ] ], [ [ [ 139.713501750905152, 39.916781640260524 ], [ 139.713024280146442, 39.916458441004295 ], [ 139.713491725262998, 39.916786413861985 ], [ 139.713501750905152, 39.916781640260524 ] ] ], [ [ [ 139.714103696828261, 39.917464305733176 ], [ 139.713772580839986, 39.917368721289506 ], [ 139.714106693369217, 39.917473279168576 ], [ 139.714103696828261, 39.917464305733176 ] ] ], [ [ [ 139.713159611027322, 39.91851855938404 ], [ 139.713440972922626, 39.918538027008367 ], [ 139.713340220075111, 39.918203170739787 ], [ 139.712746329379684, 39.918047026848853 ], [ 139.712714500573838, 39.918334747850395 ], [ 139.713153138606572, 39.918521748380044 ], [ 139.713159611027322, 39.91851855938404 ] ] ], [ [ [ 139.710832386805237, 39.919307747754431 ], [ 139.710886419872395, 39.919531026935374 ], [ 139.710859585001913, 39.919310720913074 ], [ 139.710832386805237, 39.919307747754431 ] ] ], [ [ [ 139.712658755197481, 39.919283720567307 ], [ 139.712144449107086, 39.919275224671935 ], [ 139.71259294370941, 39.919625613131586 ], [ 139.712670026400701, 39.919295359593207 ], [ 139.712658755197481, 39.919283720567307 ] ] ], [ [ [ 139.71082946760589, 39.920139054074127 ], [ 139.710983774181841, 39.920294305837615 ], [ 139.710839001318959, 39.92014141389518 ], [ 139.71082946760589, 39.920139054074127 ] ] ], [ [ [ 139.712298418437285, 39.921087107683945 ], [ 139.71188335883005, 39.920802721368545 ], [ 139.711725668105146, 39.921132197892689 ], [ 139.712387302032425, 39.921383224756084 ], [ 139.712303022066862, 39.921091667246685 ], [ 139.712298418437285, 39.921087107683945 ] ] ], [ [ [ 139.709256354597187, 39.922004775000403 ], [ 139.709715913558625, 39.922380305806541 ], [ 139.709268470263737, 39.922007586281154 ], [ 139.709256354597187, 39.922004775000403 ] ] ], [ [ [ 139.710958885444256, 39.922106026971619 ], [ 139.711336938848717, 39.922314225421246 ], [ 139.710928028805597, 39.921660224939501 ], [ 139.710543164835258, 39.921645973383022 ], [ 139.711208340292728, 39.922431414278378 ], [ 139.710961283936172, 39.922110802371662 ], [ 139.710958885444256, 39.922106026971619 ] ] ], [ [ [ 139.708582801954776, 39.922247278089458 ], [ 139.709097833798069, 39.922513999921193 ], [ 139.708591413862678, 39.922250252147478 ], [ 139.708582801954776, 39.922247278089458 ] ] ], [ [ [ 139.711268197369463, 39.92257610800101 ], [ 139.711036939403243, 39.922597198002336 ], [ 139.711420414820395, 39.922753585609541 ], [ 139.711308716324311, 39.922586864792038 ], [ 139.711268197369463, 39.92257610800101 ] ] ], [ [ [ 139.708065836569176, 39.922900224565751 ], [ 139.707875447394031, 39.923081559366551 ], [ 139.708276446101195, 39.923046359901662 ], [ 139.708081803132814, 39.922903332622752 ], [ 139.708065836569176, 39.922900224565751 ] ] ], [ [ [ 139.709633670557537, 39.922617558653485 ], [ 139.710071336423084, 39.922743306358541 ], [ 139.708971750645787, 39.922112252978138 ], [ 139.709502579980153, 39.922778333153587 ], [ 139.710698275405207, 39.923227918633586 ], [ 139.709618170742033, 39.922620387021311 ], [ 139.709633670557537, 39.922617558653485 ] ] ], [ [ [ 139.708493644965756, 39.923549532385039 ], [ 139.708644941510897, 39.923710973282823 ], [ 139.708502529368275, 39.923550413720648 ], [ 139.708493644965756, 39.923549532385039 ] ] ], [ [ [ 139.708559494225369, 39.923793171317868 ], [ 139.708318002873625, 39.92370319774443 ], [ 139.708563969251827, 39.923798721034188 ], [ 139.708559494225369, 39.923793171317868 ] ] ], [ [ [ 139.707959104129372, 39.923644505289758 ], [ 139.708153450321561, 39.923849946417931 ], [ 139.707966938123718, 39.923645749052127 ], [ 139.707959104129372, 39.923644505289758 ] ] ], [ [ [ 139.7086963944231, 39.923985081246542 ], [ 139.708273216635689, 39.923779135598693 ], [ 139.70869847005838, 39.923993306445993 ], [ 139.7086963944231, 39.923985081246542 ] ] ], [ [ [ 139.709117055907427, 39.924814999912371 ], [ 139.70838050485645, 39.92445146786099 ], [ 139.709112996367708, 39.924818305820224 ], [ 139.709117055907427, 39.924814999912371 ] ] ], [ [ [ 139.709509636960206, 39.924808558967868 ], [ 139.709788612054922, 39.925039747686242 ], [ 139.709525837347542, 39.924812667070967 ], [ 139.709509636960206, 39.924808558967868 ] ] ], [ [ [ 139.709659610602557, 39.925101468158289 ], [ 139.7094592218657, 39.925029640205764 ], [ 139.709708807115817, 39.925133278977682 ], [ 139.709659610602557, 39.925101468158289 ] ] ], [ [ [ 139.709527885103853, 39.925458748122765 ], [ 139.709166497935598, 39.925202972838974 ], [ 139.709517275801659, 39.925463531616742 ], [ 139.709527885103853, 39.925458748122765 ] ] ], [ [ [ 139.709974034274296, 39.925404531593927 ], [ 139.71019802931562, 39.925555586221378 ], [ 139.709977859990317, 39.925405639558676 ], [ 139.709974034274296, 39.925404531593927 ] ] ], [ [ [ 139.707327198191706, 39.926784026861412 ], [ 139.707553139365928, 39.926938441356015 ], [ 139.707347082202091, 39.926790973224911 ], [ 139.707327198191706, 39.926784026861412 ] ] ], [ [ [ 139.708456977807373, 39.927054107660979 ], [ 139.7080596105626, 39.926822107754106 ], [ 139.708468365922386, 39.927064865351326 ], [ 139.708456977807373, 39.927054107660979 ] ] ], [ [ [ 139.709723280804837, 39.92720150474571 ], [ 139.709822528187146, 39.927435747561731 ], [ 139.709727807991953, 39.927204333113536 ], [ 139.709723280804837, 39.92720150474571 ] ] ], [ [ [ 139.705648106375065, 39.927322720766995 ], [ 139.705228833443925, 39.927372586375839 ], [ 139.705578715585375, 39.927602505251457 ], [ 139.705704838307724, 39.927367506105554 ], [ 139.705648106375065, 39.927322720766995 ] ] ], [ [ [ 139.70792674382426, 39.927498864680899 ], [ 139.708146083075349, 39.927785000177664 ], [ 139.707947496579777, 39.927503107682298 ], [ 139.70792674382426, 39.927498864680899 ] ] ], [ [ [ 139.706079532744297, 39.927946864656121 ], [ 139.705835863234597, 39.92782289221276 ], [ 139.706087497140402, 39.927966388038442 ], [ 139.706079532744297, 39.927946864656121 ] ] ], [ [ [ 139.707531478295095, 39.927860440706809 ], [ 139.707293332421386, 39.927750774678543 ], [ 139.707704811827625, 39.928113332764156 ], [ 139.707545576966822, 39.927864001122828 ], [ 139.707531478295095, 39.927860440706809 ] ] ], [ [ [ 139.706760505692841, 39.927869171325256 ], [ 139.707048637684579, 39.928297198257155 ], [ 139.706769830763164, 39.927871252356454 ], [ 139.706760505692841, 39.927869171325256 ] ] ], [ [ [ 139.705531555137213, 39.929034504738638 ], [ 139.705175032401939, 39.928981774789122 ], [ 139.705535940231471, 39.929045197677794 ], [ 139.705531555137213, 39.929034504738638 ] ] ], [ [ [ 139.70619138772247, 39.930040613183792 ], [ 139.70597338486391, 39.930178000814124 ], [ 139.706214306045467, 39.930048747551723 ], [ 139.70619138772247, 39.930040613183792 ] ] ], [ [ [ 139.707157366619185, 39.930849801577153 ], [ 139.706873164664898, 39.930779306419936 ], [ 139.707146355320106, 39.930856360332825 ], [ 139.707157366619185, 39.930849801577153 ] ] ], [ [ [ 139.706748612158776, 39.931039667346795 ], [ 139.707097860278054, 39.931217892291954 ], [ 139.706759299701957, 39.931043919341448 ], [ 139.706748612158776, 39.931039667346795 ] ] ], [ [ [ 139.707138222750814, 39.931024532656124 ], [ 139.707426523815116, 39.931265107598676 ], [ 139.707163580035285, 39.931033613110799 ], [ 139.707138222750814, 39.931024532656124 ] ] ], [ [ [ 139.700248585803706, 39.931345801967211 ], [ 139.699707392682058, 39.931025081242581 ], [ 139.700240466724267, 39.931355081172114 ], [ 139.700248585803706, 39.931345801967211 ] ] ], [ [ [ 139.705606420100253, 39.931608252019259 ], [ 139.705383695800947, 39.931491946296319 ], [ 139.705606199766407, 39.931622386663889 ], [ 139.705606420100253, 39.931608252019259 ] ] ], [ [ [ 139.705565083661782, 39.932842135356339 ], [ 139.705732530232126, 39.933026170821165 ], [ 139.70558855956449, 39.932845613034658 ], [ 139.705565083661782, 39.932842135356339 ] ] ], [ [ [ 139.705934383964745, 39.93327302662891 ], [ 139.706070506248921, 39.933455748184258 ], [ 139.705945836831006, 39.933275107660165 ], [ 139.705934383964745, 39.93327302662891 ] ] ], [ [ [ 139.703740948286168, 39.933896505019732 ], [ 139.703483332989435, 39.933689170818639 ], [ 139.703741166821487, 39.933913082223 ], [ 139.703740948286168, 39.933896505019732 ] ] ], [ [ [ 139.704234773216285, 39.93426933336309 ], [ 139.703882554636266, 39.934001838114398 ], [ 139.704238780595347, 39.934281612706286 ], [ 139.704234773216285, 39.93426933336309 ] ] ], [ [ [ 139.70454761318183, 39.934363720809131 ], [ 139.703941802872009, 39.933813693647096 ], [ 139.704558716211864, 39.934370305645132 ], [ 139.70454761318183, 39.934363720809131 ] ] ], [ [ [ 139.70368596643425, 39.934323081345156 ], [ 139.703183332644699, 39.933853774632041 ], [ 139.703487393428532, 39.93444605374242 ], [ 139.703706524936251, 39.934361108278551 ], [ 139.70368596643425, 39.934323081345156 ] ] ], [ [ [ 139.704664254351883, 39.934761946007029 ], [ 139.704364552582092, 39.934437865415191 ], [ 139.704646550298094, 39.934784838249755 ], [ 139.704664254351883, 39.934761946007029 ] ] ], [ [ [ 139.70450878135523, 39.935914667328063 ], [ 139.704149805269367, 39.935729693870314 ], [ 139.704496304161125, 39.935919252071869 ], [ 139.70450878135523, 39.935914667328063 ] ] ], [ [ [ 139.703780194700244, 39.936055108156779 ], [ 139.704139390220803, 39.936041333241008 ], [ 139.703512140073258, 39.93596297261314 ], [ 139.703697419300511, 39.936073666566529 ], [ 139.703780194700244, 39.936055108156779 ] ] ], [ [ [ 139.704529636633538, 39.936729999889621 ], [ 139.704175110393066, 39.936615775197936 ], [ 139.704520051659074, 39.936742890771825 ], [ 139.704529636633538, 39.936729999889621 ] ] ], [ [ [ 139.705024059612697, 39.937166171081969 ], [ 139.705227107644987, 39.937100134763455 ], [ 139.704511025163697, 39.936793504616617 ], [ 139.705021635040453, 39.937171531940692 ], [ 139.705024059612697, 39.937166171081969 ] ] ], [ [ [ 139.703652140234112, 39.937311414290377 ], [ 139.702682190830501, 39.937011225088042 ], [ 139.703652243656165, 39.937319170943056 ], [ 139.703652140234112, 39.937311414290377 ] ] ], [ [ [ 139.704289585096376, 39.937395802174592 ], [ 139.704731309602266, 39.937230945651663 ], [ 139.703321310230308, 39.936817504824035 ], [ 139.70424705615676, 39.937400054169245 ], [ 139.704289585096376, 39.937395802174592 ] ] ], [ [ [ 139.70479092116409, 39.939372027297281 ], [ 139.705068300861512, 39.93982200038505 ], [ 139.704793450057764, 39.93937419826068 ], [ 139.70479092116409, 39.939372027297281 ] ] ], [ [ [ 139.70537147941036, 39.939950946079364 ], [ 139.70510202274022, 39.939685693739818 ], [ 139.705393087421157, 39.939982414257088 ], [ 139.70537147941036, 39.939950946079364 ] ] ], [ [ [ 139.704983839232909, 39.940289973403594 ], [ 139.705150558251717, 39.940476332716628 ], [ 139.705015913553666, 39.940297134705077 ], [ 139.704983839232909, 39.940289973403594 ] ] ], [ [ [ 139.704632412056185, 39.940626945776955 ], [ 139.704227717135495, 39.940623891679309 ], [ 139.704664552926829, 39.940679027315298 ], [ 139.704632412056185, 39.940626945776955 ] ] ], [ [ [ 139.704959364183424, 39.940954801722796 ], [ 139.705109442147091, 39.941142640420594 ], [ 139.705001051357499, 39.940972414045746 ], [ 139.704959364183424, 39.940954801722796 ] ] ], [ [ [ 139.704936303767454, 39.941182198000092 ], [ 139.704707756357948, 39.941069720691132 ], [ 139.70493452670712, 39.941190360246992 ], [ 139.704936303767454, 39.941182198000092 ] ] ], [ [ [ 139.704219636726862, 39.941308532063147 ], [ 139.703954668573147, 39.941205333059713 ], [ 139.704227807967072, 39.941323639774225 ], [ 139.704219636726862, 39.941308532063147 ] ] ], [ [ [ 139.703777860060313, 39.941227198276636 ], [ 139.703938029316646, 39.941463468164557 ], [ 139.703792476741455, 39.941233918910257 ], [ 139.703777860060313, 39.941227198276636 ] ] ], [ [ [ 139.704376161031064, 39.941702026827102 ], [ 139.704009779927446, 39.941425999710191 ], [ 139.70436949525606, 39.941708440791956 ], [ 139.704376161031064, 39.941702026827102 ] ] ], [ [ [ 139.702223800088404, 39.941662134699811 ], [ 139.701357276317367, 39.941487387433028 ], [ 139.701715940338431, 39.941768864441599 ], [ 139.702226886561675, 39.941665667236805 ], [ 139.702223800088404, 39.941662134699811 ] ] ], [ [ [ 139.702769856743544, 39.941556747645848 ], [ 139.703037911370529, 39.941856506072952 ], [ 139.702870608691683, 39.941614386994445 ], [ 139.702769856743544, 39.941556747645848 ] ] ], [ [ [ 139.702681581989509, 39.942755080782376 ], [ 139.70212347621748, 39.942608865406839 ], [ 139.702680025263021, 39.94276325292185 ], [ 139.702681581989509, 39.942755080782376 ] ] ], [ [ [ 139.703343917387997, 39.942845918604291 ], [ 139.702752244420594, 39.942592468067971 ], [ 139.703349415842922, 39.942852837988141 ], [ 139.703343917387997, 39.942845918604291 ] ] ], [ [ [ 139.70281153042788, 39.943502468664065 ], [ 139.702655837097268, 39.943740720657786 ], [ 139.703101336057898, 39.943839531868946 ], [ 139.702817664703502, 39.943506135200039 ], [ 139.70281153042788, 39.943502468664065 ] ] ], [ [ [ 139.703094669383518, 39.943917559747661 ], [ 139.703333502339319, 39.944186946270634 ], [ 139.703127081849402, 39.943925169810768 ], [ 139.703094669383518, 39.943917559747661 ] ] ], [ [ [ 139.703213721635962, 39.944740135448967 ], [ 139.703394916142543, 39.944871973362922 ], [ 139.703229779930439, 39.944744999881891 ], [ 139.703213721635962, 39.944740135448967 ] ] ], [ [ [ 139.703000752282946, 39.9446691708456 ], [ 139.702739364330228, 39.944446864731049 ], [ 139.7025234505968, 39.944639667686545 ], [ 139.703115162235008, 39.944868973224573 ], [ 139.703022632788361, 39.944682891802074 ], [ 139.703000752282946, 39.9446691708456 ] ] ], [ [ [ 139.703602165807411, 39.944749694342988 ], [ 139.703803217344671, 39.945054837910504 ], [ 139.703618248383464, 39.944754440065424 ], [ 139.703602165807411, 39.944749694342988 ] ] ], [ [ [ 139.703497172656512, 39.94540591884811 ], [ 139.703574086275125, 39.94491308137367 ], [ 139.702621634081197, 39.944916414261172 ], [ 139.703163501694348, 39.945159558566843 ], [ 139.702870506169006, 39.945230748000654 ], [ 139.703080610281972, 39.945518225285923 ], [ 139.703481725001666, 39.945407026812916 ], [ 139.703497172656512, 39.94540591884811 ] ] ], [ [ [ 139.708722335367497, 39.946762892393622 ], [ 139.708477638832051, 39.94671980227713 ], [ 139.708712334906409, 39.946766135348923 ], [ 139.708722335367497, 39.946762892393622 ] ] ], [ [ [ 139.707938301011836, 39.94662469357479 ], [ 139.706003034612422, 39.946495819826282 ], [ 139.708454111667947, 39.946763045278374 ], [ 139.707934746891169, 39.94664230589774 ], [ 139.707938301011836, 39.94662469357479 ] ] ], [ [ [ 139.698733384638103, 39.947384694448147 ], [ 139.698490169285947, 39.947352333243657 ], [ 139.69873977971713, 39.947400532408722 ], [ 139.698733384638103, 39.947384694448147 ] ] ], [ [ [ 139.701506329053927, 39.947143197700484 ], [ 139.701588144877064, 39.946655080767414 ], [ 139.700633890441736, 39.946516613051301 ], [ 139.701632165791921, 39.947468666845566 ], [ 139.701506082639639, 39.94714517081303 ], [ 139.701506329053927, 39.947143197700484 ] ] ], [ [ [ 139.700522775605691, 39.947739108273254 ], [ 139.701207056260728, 39.947757252095585 ], [ 139.701279106345737, 39.947282919071483 ], [ 139.700025226582966, 39.946242280257081 ], [ 139.699285032378384, 39.946237000337362 ], [ 139.700037691186594, 39.946740108069605 ], [ 139.699964695014728, 39.946994639590969 ], [ 139.699529948348527, 39.946895838272383 ], [ 139.699746887309061, 39.947442135046572 ], [ 139.700704162567149, 39.94795777483148 ], [ 139.700522917698549, 39.947744532084528 ], [ 139.700522775605691, 39.947739108273254 ] ] ], [ [ [ 139.699496809230482, 39.948095333333015 ], [ 139.698572775613115, 39.947501108089739 ], [ 139.69886175116892, 39.947986531553227 ], [ 139.698499728179968, 39.948247171269998 ], [ 139.69929247696632, 39.948541972633961 ], [ 139.699528003114892, 39.948112387176991 ], [ 139.699496809230482, 39.948095333333015 ] ] ], [ [ [ 139.708993165302445, 39.948924919249691 ], [ 139.707070195333358, 39.951999107772679 ], [ 139.707436251781701, 39.952114559139659 ], [ 139.708391919951168, 39.94999546771669 ], [ 139.708993165302445, 39.948924919249691 ] ] ], [ [ [ 139.707051946290335, 39.95607769423026 ], [ 139.7068697283554, 39.956198775353243 ], [ 139.707065887580711, 39.956091891827384 ], [ 139.707051946290335, 39.95607769423026 ] ] ], [ [ [ 139.707314811829178, 39.956057467578091 ], [ 139.707370855780482, 39.956320837636611 ], [ 139.707323671050631, 39.956058559355085 ], [ 139.707314811829178, 39.956057467578091 ] ] ], [ [ [ 139.706102361135095, 39.956343747865731 ], [ 139.705919170133711, 39.956474198125818 ], [ 139.706130337245327, 39.956358252131679 ], [ 139.706102361135095, 39.956343747865731 ] ] ], [ [ [ 139.706191167388511, 39.957428945389552 ], [ 139.706488807012875, 39.95728494594357 ], [ 139.705910803740608, 39.957317612917564 ], [ 139.706127392864914, 39.957434720835749 ], [ 139.706191167388511, 39.957428945389552 ] ] ], [ [ [ 139.715191024846035, 39.959584251612 ], [ 139.716155642169269, 39.959062946098129 ], [ 139.715173256040998, 39.959562459240146 ], [ 139.715191024846035, 39.959584251612 ] ] ], [ [ [ 139.694850441194944, 39.959534171065172 ], [ 139.694992775995843, 39.959829720665141 ], [ 139.694866589421622, 39.959542171434123 ], [ 139.694850441194944, 39.959534171065172 ] ] ], [ [ [ 139.702381607725101, 39.959838197674742 ], [ 139.702664577608289, 39.960102054266429 ], [ 139.702387445224531, 39.959839053829342 ], [ 139.702381607725101, 39.959838197674742 ] ] ], [ [ [ 139.69802916961055, 39.960032891904518 ], [ 139.698100144106434, 39.960227224606797 ], [ 139.698038832825887, 39.960035053874662 ], [ 139.69802916961055, 39.960032891904518 ] ] ], [ [ [ 139.702842529159511, 39.96019980157962 ], [ 139.702614916145535, 39.960148694007103 ], [ 139.702861969804076, 39.960220531852087 ], [ 139.702842529159511, 39.96019980157962 ] ] ], [ [ [ 139.696999221936608, 39.960291559408006 ], [ 139.697610311266885, 39.960192892088344 ], [ 139.697864721379801, 39.959799613161692 ], [ 139.696772529828422, 39.959314532339874 ], [ 139.696905499089553, 39.95995036112032 ], [ 139.696007588079738, 39.959820505312109 ], [ 139.696237327990389, 39.960237081176388 ], [ 139.696992866427763, 39.960294027147711 ], [ 139.696999221936608, 39.960291559408006 ] ] ], [ [ [ 139.700232412395962, 39.962123505395482 ], [ 139.699641089264901, 39.961280721028515 ], [ 139.699064578867251, 39.961389001201496 ], [ 139.699644527373152, 39.961680746669174 ], [ 139.699654383942743, 39.962075891689096 ], [ 139.700232698380432, 39.962134864732263 ], [ 139.700232412395962, 39.962123505395482 ] ] ], [ [ [ 139.792513397974972, 39.96032203563351 ], [ 139.793877912335802, 39.959927531830203 ], [ 139.792496342332356, 39.960273793300985 ], [ 139.792285033127882, 39.960020251933145 ], [ 139.792406161015606, 39.960275504710808 ], [ 139.787859300266518, 39.9615913063937 ], [ 139.787291479118494, 39.962223134989756 ], [ 139.787949494173859, 39.961663900568624 ], [ 139.792517470105281, 39.960339009437803 ], [ 139.792513397974972, 39.96032203563351 ] ] ], [ [ [ 139.700641309848606, 39.962665107708631 ], [ 139.700377859750461, 39.962443774660528 ], [ 139.700635939996687, 39.962670918228355 ], [ 139.700641309848606, 39.962665107708631 ] ] ], [ [ [ 139.700837418712013, 39.962514197871997 ], [ 139.70105802870512, 39.962748440688017 ], [ 139.700853164941691, 39.96251750467917 ], [ 139.700837418712013, 39.962514197871997 ] ] ], [ [ [ 139.702169169871354, 39.964104279289131 ], [ 139.70191347642583, 39.964080081230804 ], [ 139.702166666158746, 39.964115251917406 ], [ 139.702169169871354, 39.964104279289131 ] ] ], [ [ [ 139.699525642394519, 39.964291386838113 ], [ 139.699386329315757, 39.964455836867444 ], [ 139.699544085691059, 39.964295440981857 ], [ 139.699525642394519, 39.964291386838113 ] ] ], [ [ [ 139.702362775921415, 39.964438972780442 ], [ 139.701945836731056, 39.964452027339235 ], [ 139.702350609892846, 39.964451639731465 ], [ 139.702362775921415, 39.964438972780442 ] ] ], [ [ [ 139.701631556051552, 39.964941441094709 ], [ 139.701776978224984, 39.965203440586379 ], [ 139.701649105421893, 39.964942612911329 ], [ 139.701631556051552, 39.964941441094709 ] ] ], [ [ [ 139.69806791150495, 39.965322802205606 ], [ 139.698265498853743, 39.965132892369127 ], [ 139.698054578156302, 39.965032748362717 ], [ 139.697648858907769, 39.965224586345641 ], [ 139.698053191401755, 39.965342224863832 ], [ 139.69806791150495, 39.965322802205606 ] ] ], [ [ [ 139.700699468105995, 39.966954106746698 ], [ 139.700252113844044, 39.966825359802556 ], [ 139.700690220377396, 39.966997694188308 ], [ 139.700699468105995, 39.966954106746698 ] ] ], [ [ [ 139.699014111611973, 39.967484532285368 ], [ 139.699552828000719, 39.967371000071637 ], [ 139.69904061013608, 39.967248999841502 ], [ 139.698761439888585, 39.9674315595189 ], [ 139.698972802153207, 39.967490893190245 ], [ 139.699014111611973, 39.967484532285368 ] ] ], [ [ [ 139.70020228330884, 39.967724386870998 ], [ 139.699987639418055, 39.967976558571365 ], [ 139.700222114259191, 39.96772772065782 ], [ 139.70020228330884, 39.967724386870998 ] ] ], [ [ [ 139.699925253447759, 39.968124999768975 ], [ 139.699700609995261, 39.967862945418631 ], [ 139.699340803835071, 39.968180801802589 ], [ 139.699913411175089, 39.968131801341599 ], [ 139.699925253447759, 39.968124999768975 ] ] ], [ [ [ 139.699904578033966, 39.968171640408912 ], [ 139.699720753010411, 39.96827322512928 ], [ 139.699920921413423, 39.968174225060466 ], [ 139.699904578033966, 39.968171640408912 ] ] ], [ [ [ 139.700091970667927, 39.968363332701699 ], [ 139.69982703039318, 39.96864210814681 ], [ 139.700103410943711, 39.968364891226827 ], [ 139.700091970667927, 39.968363332701699 ] ] ], [ [ [ 139.700642192982855, 39.968679721392107 ], [ 139.700299493726675, 39.96868366671788 ], [ 139.700632309433558, 39.968682666671782 ], [ 139.700642192982855, 39.968679721392107 ] ] ], [ [ [ 139.700597912163971, 39.969420197983823 ], [ 139.700647523264706, 39.969683134569038 ], [ 139.700608586217299, 39.969424892444863 ], [ 139.700597912163971, 39.969420197983823 ] ] ], [ [ [ 139.700432996285826, 39.969531972922255 ], [ 139.700492828181495, 39.96975089218995 ], [ 139.700441946338856, 39.969535107958905 ], [ 139.700432996285826, 39.969531972922255 ] ] ], [ [ [ 139.700807497368146, 39.969650467595045 ], [ 139.700636394154344, 39.969818837769196 ], [ 139.700824553010762, 39.969659918570414 ], [ 139.700807497368146, 39.969650467595045 ] ] ], [ [ [ 139.7000943313883, 39.969772946264527 ], [ 139.699869364179904, 39.969864134821989 ], [ 139.700125226697878, 39.969774693647253 ], [ 139.7000943313883, 39.969772946264527 ] ] ], [ [ [ 139.70130705637564, 39.970327891818783 ], [ 139.701051140797517, 39.970435278964999 ], [ 139.701317912092009, 39.970336802301631 ], [ 139.70130705637564, 39.970327891818783 ] ] ], [ [ [ 139.701099533316892, 39.970672000312618 ], [ 139.700842022341476, 39.970699026738771 ], [ 139.701087587622169, 39.970679720992393 ], [ 139.701099533316892, 39.970672000312618 ] ] ], [ [ [ 139.701354331936955, 39.971065198300323 ], [ 139.70159897541248, 39.970967171297957 ], [ 139.701334110680705, 39.971063639775195 ], [ 139.701354331936955, 39.971065198300323 ] ] ], [ [ [ 139.700653216872524, 39.971811171548381 ], [ 139.70086457823777, 39.97175827882154 ], [ 139.70061608386527, 39.971820973259355 ], [ 139.700653216872524, 39.971811171548381 ] ] ], [ [ [ 139.701698365787024, 39.971840171087081 ], [ 139.701365187653323, 39.971854613299797 ], [ 139.701690778206967, 39.971873332688233 ], [ 139.701698365787024, 39.971840171087081 ] ] ], [ [ [ 139.701329248046477, 39.971868468255252 ], [ 139.701518197406926, 39.972003864786586 ], [ 139.701354501009519, 39.971885666890046 ], [ 139.701329248046477, 39.971868468255252 ] ] ], [ [ [ 139.699688495227974, 39.972293333170853 ], [ 139.700176134620961, 39.97220389199606 ], [ 139.699273333097949, 39.972204505333707 ], [ 139.699644163147696, 39.972312612836845 ], [ 139.699688495227974, 39.972293333170853 ] ] ], [ [ [ 139.699635278745177, 39.972786640091442 ], [ 139.699810195084524, 39.972643891602388 ], [ 139.699613995389655, 39.972791134902991 ], [ 139.699635278745177, 39.972786640091442 ] ] ], [ [ [ 139.700167029884597, 39.972804559083215 ], [ 139.700412827190235, 39.972643468021658 ], [ 139.700128392311512, 39.972799387082091 ], [ 139.700167029884597, 39.972804559083215 ] ] ], [ [ [ 139.700152438384407, 39.973113800861256 ], [ 139.700350752385361, 39.973078972816381 ], [ 139.699891336416158, 39.973153585969271 ], [ 139.700109831203804, 39.973121946021024 ], [ 139.700152438384407, 39.973113800861256 ] ] ], [ [ [ 139.701233800299747, 39.973857972767291 ], [ 139.701007082111232, 39.97386233268054 ], [ 139.701236667338435, 39.973861865033086 ], [ 139.701233800299747, 39.973857972767291 ] ] ], [ [ [ 139.700472633904951, 39.97406353170669 ], [ 139.700784865029618, 39.974269170685716 ], [ 139.700506693928901, 39.974070801826088 ], [ 139.700472633904951, 39.97406353170669 ] ] ], [ [ [ 139.700920751691456, 39.974312359727662 ], [ 139.701078470295215, 39.974466386614495 ], [ 139.700929636093861, 39.974313892172461 ], [ 139.700920751691456, 39.974312359727662 ] ] ], [ [ [ 139.701725135906372, 39.975637277838132 ], [ 139.701453890484686, 39.975708135422167 ], [ 139.701723190672737, 39.97564266657588 ], [ 139.701725135906372, 39.975637277838132 ] ] ], [ [ [ 139.698624227626055, 39.976540359949695 ], [ 139.69900949359328, 39.976427027385455 ], [ 139.698950660844389, 39.976041774908026 ], [ 139.698367133936131, 39.976412441281184 ], [ 139.698611530098106, 39.976543468006696 ], [ 139.698624227626055, 39.976540359949695 ] ] ], [ [ [ 139.697829441875342, 39.976666505155151 ], [ 139.697635616390698, 39.976755558722118 ], [ 139.697970752348397, 39.976920801953497 ], [ 139.697846666590408, 39.976672080951801 ], [ 139.697829441875342, 39.976666505155151 ] ] ], [ [ [ 139.695068079828047, 39.978857080989542 ], [ 139.69488997359349, 39.979000974315568 ], [ 139.69525016916009, 39.97913186524346 ], [ 139.695128144648265, 39.978892972932385 ], [ 139.695068079828047, 39.978857080989542 ] ] ], [ [ [ 139.694345888252201, 39.978890134672042 ], [ 139.694635641721561, 39.979138333167612 ], [ 139.694441776666736, 39.978897027975506 ], [ 139.694345888252201, 39.978890134672042 ] ] ], [ [ [ 139.693908949038814, 39.979920468155115 ], [ 139.693727366924463, 39.980053973412168 ], [ 139.693937055550691, 39.979926134783341 ], [ 139.693908949038814, 39.979920468155115 ] ] ], [ [ [ 139.69448783364669, 39.980289667734041 ], [ 139.694626808580438, 39.980120972904615 ], [ 139.694317444494573, 39.979989413780459 ], [ 139.694194526955926, 39.980292468222899 ], [ 139.694465084396143, 39.980299802194168 ], [ 139.69448783364669, 39.980289667734041 ] ] ], [ [ [ 139.694807393346537, 39.981068837656778 ], [ 139.694652750424211, 39.981243387072709 ], [ 139.694857276941889, 39.981081839155593 ], [ 139.694807393346537, 39.981068837656778 ] ] ], [ [ [ 139.694959389564247, 39.981370532324263 ], [ 139.694885914053771, 39.981162279016019 ], [ 139.694713359334173, 39.981393613424586 ], [ 139.694958444376766, 39.981384107590543 ], [ 139.694959389564247, 39.981370532324263 ] ] ], [ [ [ 139.726566355153182, 39.981420000432706 ], [ 139.726830972571406, 39.981507386656631 ], [ 139.726589339126804, 39.981426532208729 ], [ 139.726566355153182, 39.981420000432706 ] ] ], [ [ [ 139.694739493632824, 39.981603359607391 ], [ 139.694475279110861, 39.981883467847808 ], [ 139.694749053426108, 39.981620278553066 ], [ 139.694739493632824, 39.981603359607391 ] ] ], [ [ [ 139.730398716227796, 39.982441331702148 ], [ 139.729628365956387, 39.982053919053158 ], [ 139.730388222938245, 39.982446838251064 ], [ 139.730398716227796, 39.982441331702148 ] ] ], [ [ [ 139.731687834126319, 39.982527919328049 ], [ 139.7316406098264, 39.982194305922519 ], [ 139.731317224410418, 39.982333801563755 ], [ 139.731556939601091, 39.982511890711237 ], [ 139.731687834126319, 39.982527919328049 ] ] ], [ [ [ 139.694694189385359, 39.982724531811755 ], [ 139.695028196694011, 39.982930999965731 ], [ 139.694751140752601, 39.982743000289304 ], [ 139.694694189385359, 39.982724531811755 ] ] ], [ [ [ 139.695937056050411, 39.982900027314486 ], [ 139.695709221803213, 39.982764666755997 ], [ 139.695927444995618, 39.98292874806333 ], [ 139.695937056050411, 39.982900027314486 ] ] ], [ [ [ 139.73287938907265, 39.983818918608279 ], [ 139.731151089051536, 39.983754667443975 ], [ 139.732939052795132, 39.983828586320271 ], [ 139.73287938907265, 39.983818918608279 ] ] ], [ [ [ 139.733732244947191, 39.983838441091223 ], [ 139.733456614431248, 39.983739108273255 ], [ 139.733730052400119, 39.983845359575753 ], [ 139.733732244947191, 39.983838441091223 ] ] ], [ [ [ 139.735537756262488, 39.983748107788983 ], [ 139.735440999102934, 39.983947413742214 ], [ 139.735549195638896, 39.98375713428436 ], [ 139.735537756262488, 39.983748107788983 ] ] ], [ [ [ 139.734426056617281, 39.983929973189788 ], [ 139.733975382957624, 39.983871467794074 ], [ 139.734432723291661, 39.983944170786913 ], [ 139.734426056617281, 39.983929973189788 ] ] ], [ [ [ 139.695370583885392, 39.983995441136756 ], [ 139.695078366273606, 39.983937468139686 ], [ 139.695360700336096, 39.98400517090198 ], [ 139.695370583885392, 39.983995441136756 ] ] ], [ [ [ 139.696904695095668, 39.985326667092068 ], [ 139.696777886190603, 39.985100440832753 ], [ 139.696901750715256, 39.985327278631075 ], [ 139.696904695095668, 39.985326667092068 ] ] ], [ [ [ 139.718899248002003, 39.985848891713033 ], [ 139.718780855851833, 39.986014305815615 ], [ 139.718912801684496, 39.985856332703634 ], [ 139.718899248002003, 39.985848891713033 ] ] ], [ [ [ 139.694991750768736, 39.988363387160632 ], [ 139.694588948920909, 39.988144720602406 ], [ 139.694980895052367, 39.988367972803758 ], [ 139.694991750768736, 39.988363387160632 ] ] ], [ [ [ 139.694101894087225, 39.99093799958905 ], [ 139.694337444517487, 39.990814467813493 ], [ 139.694095525088528, 39.990940532079946 ], [ 139.694101894087225, 39.99093799958905 ] ] ], [ [ [ 139.694499728080018, 39.991027108014691 ], [ 139.694231284945886, 39.990994468020347 ], [ 139.694497327789463, 39.991030332983541 ], [ 139.694499728080018, 39.991027108014691 ] ] ], [ [ [ 139.694452802355045, 39.991243251974538 ], [ 139.694080244707607, 39.991156279438769 ], [ 139.694444668886376, 39.991246413990893 ], [ 139.694452802355045, 39.991243251974538 ] ] ], [ [ [ 139.694211724691399, 39.991284838424633 ], [ 139.693915161555537, 39.99146458592196 ], [ 139.694228470067856, 39.991290505052802 ], [ 139.694211724691399, 39.991284838424633 ] ] ], [ [ [ 139.694209390051356, 39.991537999379204 ], [ 139.69440063628042, 39.991379919247947 ], [ 139.694203942857712, 39.99154163983485 ], [ 139.694209390051356, 39.991537999379204 ] ] ], [ [ [ 139.713776134960767, 39.992603559306872 ], [ 139.713488106391083, 39.992435774591399 ], [ 139.713764968078863, 39.992613558868698 ], [ 139.713776134960767, 39.992603559306872 ] ] ], [ [ [ 139.695145084278238, 39.992661694181891 ], [ 139.694945862861346, 39.992620918920352 ], [ 139.695144890024721, 39.992673306228141 ], [ 139.695145084278238, 39.992661694181891 ] ] ], [ [ [ 139.693500077666499, 39.994222533243374 ], [ 139.693153217247186, 39.994059612960825 ], [ 139.693494695224103, 39.994229225098707 ], [ 139.693500077666499, 39.994222533243374 ] ] ], [ [ [ 139.695727808091988, 39.994428693829207 ], [ 139.695388392260611, 39.994296918867747 ], [ 139.695720218713177, 39.994434748065203 ], [ 139.695727808091988, 39.994428693829207 ] ] ], [ [ [ 139.692429104719508, 39.995105639613655 ], [ 139.692269753846176, 39.994760999620496 ], [ 139.692706835152421, 39.99494641374605 ], [ 139.693428339646175, 39.994312171369643 ], [ 139.692210699863949, 39.994178387322791 ], [ 139.692440946992178, 39.994534999990321 ], [ 139.692029195091322, 39.994888413769331 ], [ 139.692426860910928, 39.995107693665204 ], [ 139.692429104719508, 39.995105639613655 ] ] ], [ [ [ 139.693385862867331, 39.99603555839434 ], [ 139.693034501341231, 39.995931585973949 ], [ 139.693383799822527, 39.996038865201513 ], [ 139.693385862867331, 39.99603555839434 ] ] ], [ [ [ 139.694036524166336, 39.996554333215954 ], [ 139.693314526844006, 39.995732747668228 ], [ 139.693452971177749, 39.996280999568512 ], [ 139.694029104759466, 39.99655608059868 ], [ 139.694036524166336, 39.996554333215954 ] ] ], [ [ [ 139.711582022992047, 39.997074946251814 ], [ 139.711426692987516, 39.997214027305574 ], [ 139.711582361137175, 39.997083864828539 ], [ 139.711582022992047, 39.997074946251814 ] ] ], [ [ [ 139.696376419835929, 39.999906693738978 ], [ 139.696158105811946, 39.99993589202785 ], [ 139.696373527616288, 39.999932414349473 ], [ 139.696376419835929, 39.999906693738978 ] ] ], [ [ [ 139.695453838623848, 40.000039027179412 ], [ 139.695629754109973, 40.000201891703966 ], [ 139.69546855962642, 40.000041892419461 ], [ 139.695453838623848, 40.000039027179412 ] ] ], [ [ [ 139.696503553396383, 40.000227134774491 ], [ 139.696587444854799, 40.000542919120448 ], [ 139.696587030267324, 40.000271558585609 ], [ 139.696503553396383, 40.000227134774491 ] ] ], [ [ [ 139.696399144804786, 40.000556468306399 ], [ 139.696446549868483, 40.000811748063768 ], [ 139.69641494229586, 40.000557441372848 ], [ 139.696399144804786, 40.000556468306399 ] ] ], [ [ [ 139.696261025126319, 40.001016892415691 ], [ 139.695821309705707, 40.000781747579651 ], [ 139.696088974926283, 40.001244170881819 ], [ 139.69625994773844, 40.001018774696774 ], [ 139.696261025126319, 40.001016892415691 ] ] ], [ [ [ 139.695482437964188, 40.001497251796764 ], [ 139.696072866269787, 40.001318504345534 ], [ 139.695147082571907, 40.000853107884666 ], [ 139.6954732558861, 40.001500667421908 ], [ 139.695482437964188, 40.001497251796764 ] ] ], [ [ [ 139.697415551386598, 40.00165877543219 ], [ 139.697587833611692, 40.001553918978232 ], [ 139.697196225625362, 40.001679413973818 ], [ 139.697413384919855, 40.001663082285461 ], [ 139.697415551386598, 40.00165877543219 ] ] ], [ [ [ 139.698655136425486, 40.003869225384506 ], [ 139.69877260677049, 40.004110667273551 ], [ 139.698698755343344, 40.003887918692556 ], [ 139.698655136425486, 40.003869225384506 ] ] ], [ [ [ 139.698489857221148, 40.004790972925093 ], [ 139.698794448604986, 40.004898973408956 ], [ 139.698554189324454, 40.004802774728319 ], [ 139.698489857221148, 40.004790972925093 ] ] ], [ [ [ 139.698536199286195, 40.005358666369432 ], [ 139.698401724559972, 40.005147945321482 ], [ 139.698410195274391, 40.005364467895902 ], [ 139.698536199286195, 40.005358666369432 ] ] ], [ [ [ 139.699501336417597, 40.005901332580493 ], [ 139.699129727554919, 40.006061891243348 ], [ 139.69951763932761, 40.005920586166155 ], [ 139.699501336417597, 40.005901332580493 ] ] ], [ [ [ 139.70034581061077, 40.006896640167838 ], [ 139.700143475740902, 40.006992748016955 ], [ 139.700364812386283, 40.006908531903264 ], [ 139.70034581061077, 40.006896640167838 ] ] ], [ [ [ 139.70113167328816, 40.007104360178118 ], [ 139.700719026561842, 40.007034667216146 ], [ 139.701151050080966, 40.007129414390988 ], [ 139.70113167328816, 40.007104360178118 ] ] ], [ [ [ 139.700542165888351, 40.007310892183966 ], [ 139.700526523979988, 40.00707330568855 ], [ 139.700314188648917, 40.007206774972758 ], [ 139.700539584834019, 40.007311749237886 ], [ 139.700542165888351, 40.007310892183966 ] ] ], [ [ [ 139.697604423405437, 40.013593558695845 ], [ 139.698249300265047, 40.013539801720526 ], [ 139.697152411554612, 40.013450892045057 ], [ 139.697582749744129, 40.013599918701345 ], [ 139.697604423405437, 40.013593558695845 ] ] ], [ [ [ 139.697530000009579, 40.013700468302034 ], [ 139.697212218269328, 40.013770747621948 ], [ 139.697569779721675, 40.013711666660129 ], [ 139.697530000009579, 40.013700468302034 ] ] ], [ [ [ 139.6976526720332, 40.013961694376746 ], [ 139.697432750021449, 40.013885585651337 ], [ 139.69764939040715, 40.013968693800223 ], [ 139.6976526720332, 40.013961694376746 ] ] ], [ [ [ 139.697305253135028, 40.013939559363223 ], [ 139.696985642173672, 40.013999278843698 ], [ 139.697282502985217, 40.014188559154718 ], [ 139.697345913283357, 40.013952918792199 ], [ 139.697305253135028, 40.013939559363223 ] ] ], [ [ [ 139.697991893611061, 40.016172585896186 ], [ 139.698644358950105, 40.016228864570508 ], [ 139.698830660706449, 40.015864387331646 ], [ 139.698931529566494, 40.016154666904413 ], [ 139.699516201311667, 40.016230001313545 ], [ 139.699463280705913, 40.015846891920603 ], [ 139.699752024236545, 40.015845918854097 ], [ 139.699488248583862, 40.015435414312947 ], [ 139.699774358000241, 40.015246440670751 ], [ 139.699552864872885, 40.015126386573513 ], [ 139.700142114167306, 40.014792944938506 ], [ 139.701149728077553, 40.012985946144568 ], [ 139.700053696421037, 40.013147639751821 ], [ 139.699683799867557, 40.012920387366023 ], [ 139.700217173383862, 40.012357892003138 ], [ 139.699449144262644, 40.012350666849841 ], [ 139.699711362289577, 40.012712865206595 ], [ 139.697934890083161, 40.013102694333952 ], [ 139.698548080229784, 40.013252251590188 ], [ 139.697951335985408, 40.013432865134689 ], [ 139.698700557584743, 40.013544026735474 ], [ 139.697688392205578, 40.013637000447261 ], [ 139.697883839167957, 40.01394991865385 ], [ 139.697049922116321, 40.01447341491621 ], [ 139.696275940382407, 40.01446825190834 ], [ 139.696139922419547, 40.014824198178246 ], [ 139.696371219056573, 40.014537080621835 ], [ 139.696744113050386, 40.014725467906089 ], [ 139.697684967587293, 40.01441397332627 ], [ 139.696944838133845, 40.015080694718336 ], [ 139.697631634192589, 40.015149468573156 ], [ 139.69733046742715, 40.015616946065279 ], [ 139.697662996250301, 40.015802693839305 ], [ 139.697349999802668, 40.015873667435869 ], [ 139.697631829345482, 40.016262531590598 ], [ 139.697989169564607, 40.016173171354808 ], [ 139.697991893611061, 40.016172585896186 ] ] ], [ [ [ 139.698626976853575, 40.01626633392425 ], [ 139.698323410696958, 40.016255721024777 ], [ 139.698626304160712, 40.016271918714153 ], [ 139.698626976853575, 40.01626633392425 ] ] ], [ [ [ 139.697325914159705, 40.016435532373976 ], [ 139.697059079013343, 40.016490640130996 ], [ 139.697336693433726, 40.016441585710652 ], [ 139.697325914159705, 40.016435532373976 ] ] ], [ [ [ 139.698303217319676, 40.016279559354246 ], [ 139.69826861230672, 40.016586360372287 ], [ 139.698306719279685, 40.01628094610885 ], [ 139.698303217319676, 40.016279559354246 ] ] ], [ [ [ 139.697575162164071, 40.016428774868132 ], [ 139.697481166822399, 40.016878667016897 ], [ 139.697606108735044, 40.016442865445924 ], [ 139.697575162164071, 40.016428774868132 ] ] ], [ [ [ 139.863726025335836, 39.890479440873548 ], [ 139.861989105313, 39.892082936578333 ], [ 139.860071543866752, 39.890308692891892 ], [ 139.861958379075986, 39.892106098617603 ], [ 139.859707976741788, 39.894525720985314 ], [ 139.854141802802019, 39.88906427939304 ], [ 139.85314422802378, 39.887052504969176 ], [ 139.851125939810345, 39.887428945889212 ], [ 139.850784059836542, 39.886766359579894 ], [ 139.85468311283546, 39.886068613375869 ], [ 139.856920532556614, 39.886609224636061 ], [ 139.859488520578793, 39.885347386772537 ], [ 139.861338106768244, 39.887420306102285 ], [ 139.857198029165829, 39.882453441273356 ], [ 139.857550700104753, 39.881616053737957 ], [ 139.856749170338048, 39.883409197576441 ], [ 139.855966329382682, 39.883209386204271 ], [ 139.856202387030635, 39.882650333446179 ], [ 139.8553783921991, 39.883439721466004 ], [ 139.855157560972771, 39.883379224971293 ], [ 139.855295888394608, 39.883049892338704 ], [ 139.854519079192187, 39.882845586154929 ], [ 139.85490053203398, 39.881938135136863 ], [ 139.8565790006204, 39.882319532220663 ], [ 139.853309026990019, 39.881509774556491 ], [ 139.850600323845924, 39.881974081039061 ], [ 139.850475330671998, 39.88171386490302 ], [ 139.850557172575463, 39.881982171340212 ], [ 139.849385914428467, 39.882205332709987 ], [ 139.849133891116253, 39.881319055330209 ], [ 139.850296083197691, 39.881104900670664 ], [ 139.850368275375672, 39.881363089734862 ], [ 139.850331672968423, 39.881097467773998 ], [ 139.853534358423985, 39.880586721200302 ], [ 139.854059247736132, 39.879299359677759 ], [ 139.855004669030336, 39.879521279083804 ], [ 139.854475110438102, 39.880818053810174 ], [ 139.85511167306538, 39.879551972945251 ], [ 139.856127082299054, 39.879793639664797 ], [ 139.855654306001497, 39.881096054039688 ], [ 139.856904227847849, 39.877996802310633 ], [ 139.856399728864403, 39.878824441195036 ], [ 139.855444332290176, 39.878594641029906 ], [ 139.855801088849262, 39.877734053683696 ], [ 139.855332140066253, 39.878567666764468 ], [ 139.854335110277134, 39.878325053958122 ], [ 139.854681828603589, 39.877487802220344 ], [ 139.85440406129851, 39.877989775008189 ], [ 139.852760660875902, 39.877467613339718 ], [ 139.852182529000629, 39.878889532326127 ], [ 139.849580920722929, 39.879360586421967 ], [ 139.848077055511794, 39.878826747956111 ], [ 139.846994305043154, 39.879020720929589 ], [ 139.846910195049531, 39.878421505348228 ], [ 139.847232138852178, 39.878389386960691 ], [ 139.847156640766457, 39.877474891553049 ], [ 139.84796477335567, 39.876153053620556 ], [ 139.849321388071644, 39.874846891770687 ], [ 139.851280583632047, 39.875023640029042 ], [ 139.857532826978399, 39.876534748379981 ], [ 139.858051802348882, 39.875263694264106 ], [ 139.850406783446374, 39.873409667222404 ], [ 139.851575668282521, 39.870620170784321 ], [ 139.865848196936781, 39.874219666804208 ], [ 139.858748755350803, 39.872308468061419 ], [ 139.861248585553881, 39.866331721232029 ], [ 139.849650778260866, 39.863415279191827 ], [ 139.848230700186718, 39.866795667086421 ], [ 139.849375642372024, 39.867079027275338 ], [ 139.849064059658645, 39.867820198143704 ], [ 139.848826743859263, 39.868379333639382 ], [ 139.84756000019388, 39.868371720878258 ], [ 139.846633139108121, 39.866882973270663 ], [ 139.846689001396385, 39.863181441070708 ], [ 139.847979104951833, 39.863182505867996 ], [ 139.848382698203068, 39.862814747902348 ], [ 139.848025745591713, 39.863074440633 ], [ 139.837953916939796, 39.862957586323603 ], [ 139.837875707398098, 39.866638613081591 ], [ 139.8384820492073, 39.867069864982341 ], [ 139.837763331712495, 39.867093919149113 ], [ 139.83743983118336, 39.866750108330905 ], [ 139.837226394182835, 39.867123333275288 ], [ 139.834824059482798, 39.867981414210931 ], [ 139.834139416401058, 39.86785319786685 ], [ 139.83416372237798, 39.868184413679785 ], [ 139.832796200684129, 39.868333774883865 ], [ 139.83248603080574, 39.867443722150085 ], [ 139.832872554924506, 39.867140360139558 ], [ 139.832459416269103, 39.867434468126248 ], [ 139.832581855368403, 39.867791052914811 ], [ 139.832063022090892, 39.867893838230088 ], [ 139.832046160701793, 39.868571196803316 ], [ 139.830004357914845, 39.868851612611877 ], [ 139.828615135580094, 39.868105775161439 ], [ 139.825551336025455, 39.867317360208062 ], [ 139.824775252575932, 39.866651585802117 ], [ 139.824127755991185, 39.865492865103704 ], [ 139.821613579802943, 39.863654774947975 ], [ 139.821374475251901, 39.862661793906739 ], [ 139.8224228266522, 39.862470748226485 ], [ 139.82141549872631, 39.862618505040018 ], [ 139.821222632818262, 39.860744171306521 ], [ 139.822118105765981, 39.860506802447048 ], [ 139.823036550096731, 39.860776359841168 ], [ 139.821905304586153, 39.860530441127025 ], [ 139.820993644740952, 39.858559468045087 ], [ 139.818472113896973, 39.857617278914347 ], [ 139.814533217334201, 39.857340359669934 ], [ 139.810995745757168, 39.857737919369526 ], [ 139.808705330786438, 39.85848322532064 ], [ 139.803140972577921, 39.863386107882604 ], [ 139.800310661308004, 39.86539997323024 ], [ 139.798687638623733, 39.865873225269183 ], [ 139.797823358661162, 39.865308441131731 ], [ 139.797366860991929, 39.866220359981696 ], [ 139.794882750038937, 39.86755074776886 ], [ 139.792828520419903, 39.867692919792489 ], [ 139.789960558133316, 39.867077666601062 ], [ 139.789226005375895, 39.865446360261387 ], [ 139.789457691419443, 39.865444198291186 ], [ 139.789469494121931, 39.864536224766994 ], [ 139.790565615710648, 39.864419973003407 ], [ 139.78928369688515, 39.864478332708927 ], [ 139.789157691074593, 39.864116468000645 ], [ 139.788662438021106, 39.864172000237659 ], [ 139.786839144411033, 39.86207646835436 ], [ 139.786266420159222, 39.862231080699871 ], [ 139.786915110144264, 39.862576414070304 ], [ 139.78646688713718, 39.862530667356452 ], [ 139.786619610906428, 39.862709027199912 ], [ 139.785654331682167, 39.863116170974536 ], [ 139.785512672272034, 39.862777586116749 ], [ 139.785078469695691, 39.862984612749756 ], [ 139.785290219568083, 39.863278359208948 ], [ 139.784947716364059, 39.863295774580365 ], [ 139.785089338901912, 39.86379138736271 ], [ 139.784634667755768, 39.863500305594698 ], [ 139.78437503168243, 39.863694587035639 ], [ 139.784882892331666, 39.863959747644287 ], [ 139.784920662058994, 39.864833612581208 ], [ 139.78413435691516, 39.865573197944798 ], [ 139.782518053965077, 39.865674747591584 ], [ 139.78133063590019, 39.864702387105524 ], [ 139.782049559339725, 39.865225000233636 ], [ 139.781365499018648, 39.86594791936102 ], [ 139.780843216841049, 39.865896720956982 ], [ 139.780949882730965, 39.865678198290254 ], [ 139.779357029603261, 39.864599531643137 ], [ 139.779667587988911, 39.864339441412142 ], [ 139.779192334958339, 39.864555251723516 ], [ 139.77818316522098, 39.863166918818308 ], [ 139.778947107822887, 39.862836107700275 ], [ 139.78029311233729, 39.864403386806885 ], [ 139.781022943653966, 39.864378134743163 ], [ 139.779744890114671, 39.863511585791116 ], [ 139.780992801976254, 39.862765054064027 ], [ 139.780293113236667, 39.863094667285111 ], [ 139.77860243815212, 39.861280973038504 ], [ 139.779229804312081, 39.860900801730679 ], [ 139.781099858171956, 39.860621802354331 ], [ 139.782605057977094, 39.862119080930881 ], [ 139.782587717249385, 39.862596504025475 ], [ 139.782667743421712, 39.862099667265909 ], [ 139.781137276264303, 39.860567837635642 ], [ 139.781352218729921, 39.860237864685757 ], [ 139.780870245965161, 39.860022279204884 ], [ 139.783657562446592, 39.85960330664733 ], [ 139.784103813240449, 39.859022901285925 ], [ 139.783636432875142, 39.859492494882772 ], [ 139.774681310394271, 39.860850107846261 ], [ 139.773971505180839, 39.859818892128203 ], [ 139.774455667794882, 39.859600468386986 ], [ 139.774113606158039, 39.859477306232748 ], [ 139.774431089323343, 39.859207468250133 ], [ 139.773801310282352, 39.858999586361847 ], [ 139.774507562274266, 39.858985504777252 ], [ 139.773734916033618, 39.858544025786216 ], [ 139.773541997065536, 39.858730973255888 ], [ 139.773821920045634, 39.858928973393461 ], [ 139.773418885273372, 39.858947108222537 ], [ 139.771955226952173, 39.858389774968202 ], [ 139.772558392356018, 39.858708838242364 ], [ 139.77197466939549, 39.858676027376816 ], [ 139.772682087808221, 39.858918386574317 ], [ 139.772659494140385, 39.859163081311181 ], [ 139.771786524028926, 39.85898530602708 ], [ 139.771893475903198, 39.859401171426953 ], [ 139.77246871555883, 39.859417054353628 ], [ 139.772145616127318, 39.859724558641517 ], [ 139.773543891037775, 39.859405972907382 ], [ 139.772287276436714, 39.859784413020293 ], [ 139.772590078169628, 39.86021086523931 ], [ 139.771424838285725, 39.860142918760744 ], [ 139.771768417978137, 39.861106748277848 ], [ 139.772778689385063, 39.861191558843416 ], [ 139.772453553888454, 39.861584081440242 ], [ 139.773353994691206, 39.862553919327979 ], [ 139.773187886311916, 39.862958532410403 ], [ 139.772266939167935, 39.863311838270761 ], [ 139.773198832859862, 39.86309877538821 ], [ 139.773468586306308, 39.862597918659048 ], [ 139.774301530291496, 39.862929891701185 ], [ 139.773471141280197, 39.863759667374779 ], [ 139.772847756418855, 39.863422332574658 ], [ 139.773409493653276, 39.863787251380586 ], [ 139.773328832559628, 39.864257918767976 ], [ 139.771652114053836, 39.864746505147139 ], [ 139.768737134311323, 39.863577801974031 ], [ 139.766767665795214, 39.863385134816156 ], [ 139.765202283358803, 39.862511224913135 ], [ 139.761790414695952, 39.862379693668004 ], [ 139.761103579966289, 39.861842559186812 ], [ 139.761241089005125, 39.86146453186268 ], [ 139.761611115060987, 39.861449134569966 ], [ 139.761238910847169, 39.861362559534541 ], [ 139.760902218162869, 39.860679135034104 ], [ 139.760927275973017, 39.859864864571875 ], [ 139.760332750356156, 39.860186694160632 ], [ 139.760090999100385, 39.860077279043253 ], [ 139.76029230784377, 39.859758667228789 ], [ 139.759429364273842, 39.859635639972851 ], [ 139.75969849538933, 39.859396837594034 ], [ 139.760792970319358, 39.859633306232126 ], [ 139.759792606743417, 39.85917802714431 ], [ 139.760092217681745, 39.859090918810921 ], [ 139.759956030646322, 39.858329360311757 ], [ 139.75938635509624, 39.858511892110187 ], [ 139.75927180305132, 39.859524865080516 ], [ 139.758618144311981, 39.859509531639617 ], [ 139.757702943835852, 39.858324081291357 ], [ 139.757583605598938, 39.858706053941262 ], [ 139.75726241183088, 39.858677837712094 ], [ 139.757006081665395, 39.858059387430842 ], [ 139.75588282663125, 39.857260748085082 ], [ 139.756114812148894, 39.857007559251485 ], [ 139.755705383196982, 39.856776506330732 ], [ 139.755755422374932, 39.857194441070646 ], [ 139.755288105861496, 39.856847198439482 ], [ 139.755399494091421, 39.857720747714382 ], [ 139.754090053313348, 39.857878999616219 ], [ 139.754526419658646, 39.858277640300912 ], [ 139.755533385157719, 39.858269080553669 ], [ 139.75553664070344, 39.858510134834887 ], [ 139.755964475180463, 39.858391613182448 ], [ 139.756567224198079, 39.858726251815142 ], [ 139.755682088057938, 39.858535278980014 ], [ 139.755847134337841, 39.858921505423211 ], [ 139.755428586260336, 39.859193865104828 ], [ 139.755638715554369, 39.859611108266108 ], [ 139.753936666743812, 39.859032280315546 ], [ 139.753785136374972, 39.859580360445307 ], [ 139.753424695293461, 39.859206747893154 ], [ 139.753480000002014, 39.859422774941152 ], [ 139.753190311283902, 39.859151945905637 ], [ 139.753085135570586, 39.859352000094759 ], [ 139.753352724348815, 39.859556972676216 ], [ 139.753100610205024, 39.86005613508263 ], [ 139.753518105176454, 39.859869279343798 ], [ 139.753707808168883, 39.860137279112166 ], [ 139.753476200366435, 39.86023833323253 ], [ 139.754205886892237, 39.860669639991954 ], [ 139.753962529447222, 39.860900918642528 ], [ 139.754801750700267, 39.861971468008903 ], [ 139.755039609690243, 39.863433171203951 ], [ 139.75383099910141, 39.863960918561588 ], [ 139.751935642815738, 39.863998199057676 ], [ 139.752406667234027, 39.862419891564798 ], [ 139.751847638757567, 39.862889774743337 ], [ 139.751713942844276, 39.86436099996024 ], [ 139.750696278110809, 39.864256026594433 ], [ 139.749230661066235, 39.865325558827521 ], [ 139.747379144032379, 39.865540720727722 ], [ 139.746598275290239, 39.8653150538467 ], [ 139.74698891200876, 39.865470586198626 ], [ 139.746807613180863, 39.86624908073054 ], [ 139.745129830777159, 39.86704999985767 ], [ 139.74447927379947, 39.86797658575091 ], [ 139.743076057114422, 39.867651134592222 ], [ 139.743143865097409, 39.867923333295266 ], [ 139.742444422771996, 39.868099586027142 ], [ 139.742768339687245, 39.86815894577876 ], [ 139.742276835007942, 39.868503973379745 ], [ 139.742638444308795, 39.868551667125814 ], [ 139.742233190909133, 39.868793504716507 ], [ 139.742489221600408, 39.868990360017165 ], [ 139.741942776438009, 39.869033585931277 ], [ 139.743287250306366, 39.869388505175436 ], [ 139.743547717353295, 39.870367026916824 ], [ 139.743204162841948, 39.870929532172227 ], [ 139.74220289185007, 39.871119251352411 ], [ 139.741896225730329, 39.870880946298712 ], [ 139.741875668127591, 39.871196612833444 ], [ 139.741438612002412, 39.871048387473138 ], [ 139.741596913366948, 39.87129738726469 ], [ 139.740870467098489, 39.871132027121405 ], [ 139.740272632875758, 39.871449558850088 ], [ 139.74046866439744, 39.871501748307082 ], [ 139.740101581822614, 39.872527441288412 ], [ 139.74073341221731, 39.872953468128117 ], [ 139.740447470974118, 39.873219639574756 ], [ 139.74134341066997, 39.874108441351552 ], [ 139.741040635916647, 39.874484586394601 ], [ 139.741109104901284, 39.875076278247718 ], [ 139.740447951211991, 39.875185919094918 ], [ 139.741068638107208, 39.875224413675824 ], [ 139.741048003162859, 39.875633775178642 ], [ 139.74060766631078, 39.875484386994913 ], [ 139.740736913277942, 39.875855612746363 ], [ 139.741034033993515, 39.875822198435742 ], [ 139.740987173019676, 39.876866838333967 ], [ 139.739921699426986, 39.877323053616067 ], [ 139.739415228230314, 39.876663945884445 ], [ 139.739454864050799, 39.8770911706211 ], [ 139.739201749860968, 39.877033667070123 ], [ 139.739739027334281, 39.877400891737807 ], [ 139.739396419808941, 39.877701278791051 ], [ 139.739599416579836, 39.87790413526767 ], [ 139.737816083445523, 39.878136278166778 ], [ 139.738028029370071, 39.878407305053145 ], [ 139.739074501187361, 39.878309721416542 ], [ 139.73841555083709, 39.878459694159631 ], [ 139.73887552528538, 39.878692081674274 ], [ 139.738272826629668, 39.878701531750323 ], [ 139.738717471234395, 39.879168973269543 ], [ 139.738037302279736, 39.879124973039154 ], [ 139.738418859442845, 39.880068387046492 ], [ 139.737805083837657, 39.879774440937751 ], [ 139.737586718552279, 39.880126171185907 ], [ 139.737398249429702, 39.879730332788654 ], [ 139.737526860576168, 39.880302693714384 ], [ 139.737071362053825, 39.879848504604865 ], [ 139.736999169875844, 39.880636558930121 ], [ 139.737453644969833, 39.88086863977594 ], [ 139.737685357093596, 39.880538198279282 ], [ 139.737850726230135, 39.881379107559837 ], [ 139.738336497731211, 39.881560775109733 ], [ 139.737465965681849, 39.881708558902915 ], [ 139.737716978156072, 39.882187505449053 ], [ 139.736968365397843, 39.881932170833068 ], [ 139.7373037216895, 39.882339506163305 ], [ 139.737040609736368, 39.882466892433172 ], [ 139.737115720214433, 39.882846693220358 ], [ 139.737963554274643, 39.883068081127078 ], [ 139.737348586168423, 39.883170720752219 ], [ 139.737639585198735, 39.883434667276106 ], [ 139.737440803550271, 39.883590505397535 ], [ 139.736751141352102, 39.883150666769893 ], [ 139.736298392057165, 39.883608972975765 ], [ 139.737193722012762, 39.884210559170015 ], [ 139.737851918731167, 39.884168505971843 ], [ 139.737557638973954, 39.883779505120117 ], [ 139.738585526301108, 39.884126171285857 ], [ 139.738996394168339, 39.884786919380872 ], [ 139.738933021641742, 39.885292974191486 ], [ 139.738386134912275, 39.885869838022643 ], [ 139.738012865901055, 39.885808559117777 ], [ 139.738121140678118, 39.88611627924297 ], [ 139.737706886863407, 39.885866559094495 ], [ 139.737207327855913, 39.886019467224685 ], [ 139.737562023168948, 39.886513532273739 ], [ 139.736139338859516, 39.886455468445149 ], [ 139.737251114947071, 39.88708719901507 ], [ 139.73677997361699, 39.887187414067967 ], [ 139.737105383406742, 39.887493946188727 ], [ 139.736046809412755, 39.887580837785492 ], [ 139.736462217957069, 39.888182108317721 ], [ 139.73588211386857, 39.8881861705554 ], [ 139.735428392406448, 39.887758278521801 ], [ 139.735691439608331, 39.888184360220123 ], [ 139.735397223702989, 39.888025665851842 ], [ 139.735577003575941, 39.888248775060958 ], [ 139.734978171105809, 39.888391892272068 ], [ 139.736412361341422, 39.888603532427112 ], [ 139.736494669093759, 39.888970891993097 ], [ 139.735805693078305, 39.888894919065308 ], [ 139.736502503088104, 39.88903733300657 ], [ 139.736460388735964, 39.889528801712856 ], [ 139.736794617277837, 39.889650414335222 ], [ 139.736394721139504, 39.890515721323538 ], [ 139.735996666812753, 39.890532053911215 ], [ 139.736386354746514, 39.891002559420656 ], [ 139.735987393003825, 39.891106333090875 ], [ 139.736187029907569, 39.891713306224176 ], [ 139.735617223955842, 39.892227694152837 ], [ 139.73578786042151, 39.892401080745344 ], [ 139.735211387795403, 39.892378505064016 ], [ 139.736120777751808, 39.892670747856755 ], [ 139.736134668680052, 39.893860171409813 ], [ 139.734176108940346, 39.894923108015064 ], [ 139.73470566753258, 39.895474863674053 ], [ 139.734072437792861, 39.896523558615399 ], [ 139.7340845777411, 39.897124080911681 ], [ 139.734628911295317, 39.897681108396512 ], [ 139.734474617309843, 39.898402801747977 ], [ 139.735064383714416, 39.898860080928046 ], [ 139.734840466914079, 39.899093053002048 ], [ 139.735203721974244, 39.899397414159409 ], [ 139.734730168662395, 39.899615054591152 ], [ 139.734682192529249, 39.900231558739506 ], [ 139.734983385375017, 39.900527225251324 ], [ 139.734570388812472, 39.900744252345419 ], [ 139.735223087075838, 39.900799891601764 ], [ 139.735229248331166, 39.901666972952512 ], [ 139.735570505974124, 39.902208170570646 ], [ 139.735357977288913, 39.902781973109597 ], [ 139.734333385977038, 39.903001946382744 ], [ 139.735242114032417, 39.904162559254758 ], [ 139.734924084978616, 39.905351775064446 ], [ 139.73361069977409, 39.906070801926035 ], [ 139.733979727582437, 39.906565081013753 ], [ 139.733618365595134, 39.906637775013337 ], [ 139.733601219121056, 39.907130000049506 ], [ 139.733190998765622, 39.907089278747264 ], [ 139.733501335917936, 39.90736441373673 ], [ 139.733010077653034, 39.907330747615958 ], [ 139.733198832759967, 39.907484225017015 ], [ 139.732906030588879, 39.907817504774073 ], [ 139.732386135211982, 39.907818865448348 ], [ 139.732572749932501, 39.907938891666561 ], [ 139.731950389399003, 39.908642360256749 ], [ 139.730549999283085, 39.908945558590688 ], [ 139.729813696445035, 39.909741748183194 ], [ 139.729216031294868, 39.90915455923556 ], [ 139.729474500947504, 39.909495945481524 ], [ 139.728576419965862, 39.910089864955353 ], [ 139.728658663866327, 39.909680305601682 ], [ 139.72837341060449, 39.910015613329961 ], [ 139.727620414550529, 39.909819640264232 ], [ 139.72740455297776, 39.909373000063965 ], [ 139.729118391900329, 39.908848197986003 ], [ 139.726760558353135, 39.909310468403419 ], [ 139.726074500637765, 39.908814747702479 ], [ 139.725958521368739, 39.908086170940066 ], [ 139.725174501402194, 39.907546441015484 ], [ 139.724882437574479, 39.907714170872339 ], [ 139.725089532555899, 39.908042468385247 ], [ 139.724606666764316, 39.907691721096114 ], [ 139.72485483828018, 39.908061918922499 ], [ 139.723923670341151, 39.907850721233842 ], [ 139.723856524259304, 39.908278440597599 ], [ 139.72365294382837, 39.907907026887813 ], [ 139.723789780174229, 39.908458667433592 ], [ 139.723531413943647, 39.908856198354897 ], [ 139.722650804091359, 39.908337170823813 ], [ 139.722734889803405, 39.908599973410105 ], [ 139.72232978029524, 39.908453080845049 ], [ 139.722453670900222, 39.908775891594189 ], [ 139.721437639335704, 39.908430559123076 ], [ 139.721551479117579, 39.90871058642449 ], [ 139.720749728117539, 39.908544747841916 ], [ 139.720507859949862, 39.908704278579648 ], [ 139.720762386974684, 39.908977748024711 ], [ 139.720424112382943, 39.908726972971465 ], [ 139.720266667173064, 39.909089252267222 ], [ 139.720178611853498, 39.908820802837852 ], [ 139.719484526789529, 39.908817026584586 ], [ 139.719249416127695, 39.909351505367738 ], [ 139.71965557694341, 39.909203639736234 ], [ 139.719202750306749, 39.909539306293993 ], [ 139.719853553698613, 39.910149278666324 ], [ 139.718910362723136, 39.909769504858787 ], [ 139.719113450325494, 39.909896359629329 ], [ 139.718832529097995, 39.910241972688937 ], [ 139.71757007789688, 39.909001278786036 ], [ 139.717809585344185, 39.909883558679326 ], [ 139.717060219853352, 39.909588893112982 ], [ 139.717513384635026, 39.91036197282682 ], [ 139.716716355075846, 39.909805332949816 ], [ 139.716582866006547, 39.910088747997349 ], [ 139.71762219271011, 39.911519973168254 ], [ 139.717124423353539, 39.911152467912132 ], [ 139.717342385742541, 39.911860972705767 ], [ 139.718645577131724, 39.912980027006711 ], [ 139.718368611122514, 39.913151837986959 ], [ 139.717524527235241, 39.912529532312135 ], [ 139.718135110247204, 39.913291251789872 ], [ 139.717543112624639, 39.912917532218387 ], [ 139.717859804386535, 39.913339585853237 ], [ 139.717363865150332, 39.913577721834429 ], [ 139.716686304229597, 39.91312330609577 ], [ 139.716558274944532, 39.913710836785754 ], [ 139.716974253658918, 39.914053504565629 ], [ 139.715830143346466, 39.913927468178144 ], [ 139.717705524790176, 39.915199748069995 ], [ 139.716567003764226, 39.915600027319442 ], [ 139.716738715819133, 39.915857945687719 ], [ 139.716198690017563, 39.916439440128102 ], [ 139.715451856118307, 39.916063775323039 ], [ 139.71581272437777, 39.91662333260075 ], [ 139.714810440749261, 39.916987639867727 ], [ 139.714821776703729, 39.917420720989526 ], [ 139.714019922281636, 39.91666055913754 ], [ 139.714448029253163, 39.917760359852764 ], [ 139.713818494827706, 39.917601533284198 ], [ 139.714271634428428, 39.918169640416636 ], [ 139.713809196737088, 39.91795027868244 ], [ 139.714486471673354, 39.918379972957439 ], [ 139.713516031239919, 39.918454360380451 ], [ 139.713522750074958, 39.919168306971869 ], [ 139.7121212843698, 39.918567612905065 ], [ 139.712252192384881, 39.918886559267321 ], [ 139.712953644695062, 39.919091108268105 ], [ 139.713427885988267, 39.919921197805081 ], [ 139.71281724991627, 39.919836107550395 ], [ 139.713627134384865, 39.920557026585584 ], [ 139.71337060996575, 39.920680197732963 ], [ 139.712743722245023, 39.920170279434899 ], [ 139.713178521071995, 39.920938000988031 ], [ 139.712978494761842, 39.921067559120615 ], [ 139.712325836967921, 39.920460505048311 ], [ 139.712855135656014, 39.92108583784119 ], [ 139.712557444770368, 39.920920386866385 ], [ 139.712834229116424, 39.921522838208489 ], [ 139.711614643201301, 39.921212081072724 ], [ 139.711917418853886, 39.921624838415596 ], [ 139.710998807249211, 39.921059000272692 ], [ 139.711785357008694, 39.922069531583645 ], [ 139.711180699629608, 39.92173319772894 ], [ 139.711594305932522, 39.92293008115837 ], [ 139.710708144565274, 39.923303666730874 ], [ 139.709801581178112, 39.923022332714538 ], [ 139.710156888030042, 39.923463774833408 ], [ 139.709341582448133, 39.922895028282994 ], [ 139.709922724354328, 39.923518801651426 ], [ 139.709079222328342, 39.9230787480858 ], [ 139.709363891030762, 39.923391532293408 ], [ 139.708926083072356, 39.923266414113755 ], [ 139.709176198922478, 39.923559666845222 ], [ 139.708495136041734, 39.923343027358897 ], [ 139.709065524754237, 39.924030640002059 ], [ 139.708566108738978, 39.923825108042365 ], [ 139.709048145355723, 39.924386413602178 ], [ 139.708559663297933, 39.924269278704287 ], [ 139.710608858512046, 39.925378972861381 ], [ 139.711194890032175, 39.926505387213922 ], [ 139.710616005424413, 39.927245639874457 ], [ 139.709821309605786, 39.927545892029343 ], [ 139.708715746034954, 39.92732502662875 ], [ 139.708962581158289, 39.928169505318465 ], [ 139.708013165075613, 39.927779107819617 ], [ 139.707574772557791, 39.928495945731356 ], [ 139.705684890445355, 39.928061720671906 ], [ 139.70578350200708, 39.928866198416358 ], [ 139.70630797673175, 39.929137972639353 ], [ 139.705992049393672, 39.929125999964981 ], [ 139.706168222985184, 39.929462305940717 ], [ 139.705756912651509, 39.929154135255203 ], [ 139.705243503185216, 39.929484747623064 ], [ 139.705716693170871, 39.930171801787253 ], [ 139.706616081766811, 39.929931776330477 ], [ 139.706115499330849, 39.930258838174893 ], [ 139.706488807012875, 39.930316667280408 ], [ 139.706145135589622, 39.930555081152136 ], [ 139.707505227084653, 39.930618108339104 ], [ 139.70728786004679, 39.930824224858156 ], [ 139.707545888132245, 39.931277440901226 ], [ 139.706776199761862, 39.931327170712393 ], [ 139.706870660952291, 39.931579999817188 ], [ 139.706578612413068, 39.931625081032735 ], [ 139.707081855043612, 39.932393225267163 ], [ 139.70691075182981, 39.9329588017074 ], [ 139.706670558199789, 39.932840000365786 ], [ 139.706500583635147, 39.933199613171666 ], [ 139.70569350235337, 39.932809613173163 ], [ 139.706343696004865, 39.933677531792682 ], [ 139.70608038889884, 39.933473667176031 ], [ 139.705969856823458, 39.9337847750474 ], [ 139.70561891078421, 39.933433775048741 ], [ 139.70585824915895, 39.933792531700021 ], [ 139.705440219990237, 39.933906531561263 ], [ 139.70462033685908, 39.933468586006484 ], [ 139.705060609859288, 39.934037972874194 ], [ 139.704765384015332, 39.933725802004233 ], [ 139.704996393768624, 39.934578387182853 ], [ 139.706189169994218, 39.935251973100151 ], [ 139.705976082830034, 39.935731532084617 ], [ 139.705554449178521, 39.935614666983327 ], [ 139.705764475050501, 39.935962468093464 ], [ 139.705222529196476, 39.935813441437233 ], [ 139.705324306371722, 39.936269198065077 ], [ 139.704588910949496, 39.936000387108209 ], [ 139.703834475081067, 39.936313333193823 ], [ 139.705325914359491, 39.937074612903132 ], [ 139.70527489042388, 39.937602559010941 ], [ 139.704851387981194, 39.937541585875522 ], [ 139.704475668317514, 39.938177332817702 ], [ 139.70544841821004, 39.938265801825366 ], [ 139.705493449962773, 39.938572747634225 ], [ 139.706228560299905, 39.938447467576623 ], [ 139.70588319095657, 39.938579864868927 ], [ 139.706296887191684, 39.93881744057245 ], [ 139.705949442213068, 39.938978413822781 ], [ 139.70615111518191, 39.93958708127883 ], [ 139.705383838793182, 39.939590720835156 ], [ 139.705684772634186, 39.940146467685395 ], [ 139.705106939333859, 39.939984134660165 ], [ 139.705587471384774, 39.940265224960228 ], [ 139.70519805414699, 39.94034953190544 ], [ 139.705411803212201, 39.940777801654292 ], [ 139.704871388004221, 39.940341027016814 ], [ 139.704763215749836, 39.940514080860169 ], [ 139.705338469794583, 39.940869531603653 ], [ 139.705061995714573, 39.940896558929126 ], [ 139.705343995229214, 39.941166333059869 ], [ 139.705178663864331, 39.941515919324274 ], [ 139.704693607324202, 39.941375919163363 ], [ 139.704893191167912, 39.941640945773088 ], [ 139.704482917752557, 39.941607775178738 ], [ 139.704271854962258, 39.941997332710798 ], [ 139.703566445635033, 39.941744667282649 ], [ 139.703926030561888, 39.94227750480303 ], [ 139.702652361217588, 39.941758000631296 ], [ 139.70175141409652, 39.941946279097579 ], [ 139.702415615588279, 39.942271252716182 ], [ 139.701717977302906, 39.942249586249432 ], [ 139.704440194559425, 39.94314564015923 ], [ 139.704094668734001, 39.943457613178339 ], [ 139.70304428036934, 39.943383946112249 ], [ 139.703370804419137, 39.944068504657821 ], [ 139.704090583113953, 39.944516504633043 ], [ 139.703372361145625, 39.944514080960118 ], [ 139.703929299597576, 39.945158838209863 ], [ 139.70429483803639, 39.945166972577795 ], [ 139.70426152984578, 39.944836837749904 ], [ 139.706739805097982, 39.945753612938915 ], [ 139.704813916828812, 39.944997026791384 ], [ 139.704973450264561, 39.944574640407382 ], [ 139.707686160787716, 39.945030801730184 ], [ 139.708825887804551, 39.945676333296205 ], [ 139.709412776378599, 39.94666844109571 ], [ 139.709921634375974, 39.94668580160851 ], [ 139.709662360729453, 39.947026197700893 ], [ 139.710942775888498, 39.946477559092159 ], [ 139.712425525018034, 39.946508306013584 ], [ 139.712242775583718, 39.946255774584358 ], [ 139.712728494924136, 39.946000531699212 ], [ 139.714353553673618, 39.945676640864349 ], [ 139.715001855151513, 39.945841162839429 ], [ 139.714880986268554, 39.946306999968101 ], [ 139.715696925872521, 39.946848891862942 ], [ 139.71494814494099, 39.946265748065855 ], [ 139.715023021595243, 39.945963837561123 ], [ 139.716986328856024, 39.945895585313053 ], [ 139.717215084009013, 39.946142585911673 ], [ 139.717060415006245, 39.945743080978446 ], [ 139.717466393259542, 39.945526135722616 ], [ 139.718415058408254, 39.945764413796724 ], [ 139.718151166743041, 39.946053251756211 ], [ 139.718432802032225, 39.945774225400214 ], [ 139.718907807749247, 39.946032694153587 ], [ 139.721107419072155, 39.949217386872931 ], [ 139.721061894490958, 39.954894171129126 ], [ 139.720412113628186, 39.956799386682405 ], [ 139.719005057737263, 39.958459000082826 ], [ 139.718333606810575, 39.958744532134517 ], [ 139.717472606675528, 39.958230252124508 ], [ 139.717906719319672, 39.958639747626307 ], [ 139.717406977749874, 39.959221802344359 ], [ 139.716626329341693, 39.959635360083837 ], [ 139.715759221910616, 39.959552612563073 ], [ 139.715094720944649, 39.960295305983664 ], [ 139.713835939876844, 39.960422306444343 ], [ 139.712995383130533, 39.960117504619177 ], [ 139.713048949449558, 39.96047830632881 ], [ 139.711557250266992, 39.96069858627078 ], [ 139.710638275336237, 39.95979980201929 ], [ 139.710493022235255, 39.959155414390921 ], [ 139.710981193127623, 39.959078080788856 ], [ 139.711679026565889, 39.959691639657478 ], [ 139.713209883129707, 39.959410278661494 ], [ 139.712581361340767, 39.959496440908083 ], [ 139.710742244159292, 39.958151027248164 ], [ 139.710629000627932, 39.957712107727616 ], [ 139.711892529216925, 39.957522774356619 ], [ 139.714084383887325, 39.958853648677007 ], [ 139.711899792141708, 39.957471504906096 ], [ 139.709708105644609, 39.957799576689183 ], [ 139.709961777414151, 39.957495613032165 ], [ 139.709336640673541, 39.957241053631776 ], [ 139.709221024730596, 39.956576945669553 ], [ 139.708202217858116, 39.956325747934955 ], [ 139.706387807751184, 39.956587279779171 ], [ 139.706310311371794, 39.956980747563478 ], [ 139.706647717218402, 39.956738667155832 ], [ 139.70652616125335, 39.957113640382261 ], [ 139.707122088013989, 39.957629586835992 ], [ 139.70639377385362, 39.957506504721493 ], [ 139.706680052342563, 39.957727694777361 ], [ 139.706310026286701, 39.958001586004457 ], [ 139.706509858343338, 39.958597891379611 ], [ 139.706171193445925, 39.958587864838137 ], [ 139.705949533044532, 39.959243279054135 ], [ 139.706163139117621, 39.959464306332734 ], [ 139.705615083269549, 39.959943386877853 ], [ 139.705658301089784, 39.960389440720178 ], [ 139.705268196769907, 39.960426107878618 ], [ 139.705395642395047, 39.960633252322793 ], [ 139.705114578175312, 39.960499999775209 ], [ 139.705060311284456, 39.960838946160493 ], [ 139.70431364465901, 39.961097000326333 ], [ 139.703360506282365, 39.960418135388693 ], [ 139.702636471995675, 39.960324721009101 ], [ 139.70232661598061, 39.961022505883989 ], [ 139.701610000201413, 39.961005891808497 ], [ 139.701751944696525, 39.961206413645129 ], [ 139.701459999579356, 39.961428558780995 ], [ 139.701852166044659, 39.961623585759924 ], [ 139.701400414997238, 39.962216694045253 ], [ 139.702296549845983, 39.962876198377899 ], [ 139.702330530729455, 39.963795133738472 ], [ 139.702039948085144, 39.963956386677978 ], [ 139.702837276219384, 39.964766225281096 ], [ 139.702598106017831, 39.965124359601589 ], [ 139.701772917786002, 39.964966053740454 ], [ 139.702913164610891, 39.965908865202039 ], [ 139.702425057570395, 39.966427505125296 ], [ 139.701898275185272, 39.96623735876716 ], [ 139.701783839152881, 39.966411695043746 ], [ 139.702125550953497, 39.966446198433346 ], [ 139.701657756000714, 39.966513224905441 ], [ 139.701869558033763, 39.966765585463463 ], [ 139.701648418339914, 39.966991747870907 ], [ 139.701198832859859, 39.966890441041073 ], [ 139.701552439093803, 39.96735333289007 ], [ 139.701135421662457, 39.967088414198997 ], [ 139.701110855781394, 39.967654360260553 ], [ 139.700740855805861, 39.96748872132747 ], [ 139.700822335282623, 39.968006693953839 ], [ 139.700258495433332, 39.967990640155961 ], [ 139.700520752131069, 39.968115413895305 ], [ 139.700229389774563, 39.968485000182682 ], [ 139.701031725333905, 39.968341721093623 ], [ 139.700830078445392, 39.968644360049211 ], [ 139.70118114139666, 39.968481170869381 ], [ 139.70140335937765, 39.969031027160213 ], [ 139.701194188760837, 39.968633586171109 ], [ 139.700892826842505, 39.968722332169932 ], [ 139.700851387881357, 39.96902041426074 ], [ 139.701268029396147, 39.969209135193466 ], [ 139.700691479428315, 39.969332387279906 ], [ 139.701059364198386, 39.969795054298345 ], [ 139.700197328044283, 39.970000468446926 ], [ 139.700860558268232, 39.970400801655728 ], [ 139.70150474624711, 39.970321800710565 ], [ 139.701583722011264, 39.970869279193948 ], [ 139.702269973980151, 39.970946693734959 ], [ 139.702510610076615, 39.971269053923777 ], [ 139.702246694129713, 39.971931440583546 ], [ 139.701198002785645, 39.972055531737453 ], [ 139.701607950646462, 39.972460332778212 ], [ 139.701301920347419, 39.972404467791989 ], [ 139.701341244103219, 39.972716667440295 ], [ 139.700766031427293, 39.972522919297319 ], [ 139.701140271706208, 39.972914585739602 ], [ 139.700741088730297, 39.972757198086299 ], [ 139.700539610914348, 39.972878171290631 ], [ 139.700811608169261, 39.973060252528683 ], [ 139.700439170131631, 39.973218721167086 ], [ 139.701353113355594, 39.973445360215237 ], [ 139.701139974930015, 39.973521558872903 ], [ 139.701491581971027, 39.974063413895465 ], [ 139.700980830001413, 39.974219198057597 ], [ 139.701137885804883, 39.974561197641208 ], [ 139.701749584875529, 39.974659748048964 ], [ 139.701539145315337, 39.974983837634056 ], [ 139.701981854579003, 39.975417864842655 ], [ 139.701902282564333, 39.976005775046531 ], [ 139.701218170981861, 39.976244080999606 ], [ 139.700948807841314, 39.976696919327424 ], [ 139.70041418876383, 39.976544081344343 ], [ 139.699722866417233, 39.976835441002834 ], [ 139.699343943368376, 39.976365440013126 ], [ 139.699056615370523, 39.976446414070779 ], [ 139.698491050621556, 39.976756467936696 ], [ 139.698880195364836, 39.977083278870282 ], [ 139.698406524241818, 39.976997197562696 ], [ 139.698342361211076, 39.977500774741031 ], [ 139.697722944158613, 39.977462918678782 ], [ 139.69795289181252, 39.977779864948843 ], [ 139.697423255878675, 39.977462135369308 ], [ 139.697528144708144, 39.977807865340765 ], [ 139.697178196916298, 39.977581693940067 ], [ 139.697150025653173, 39.977833252302787 ], [ 139.696966225810684, 39.977468559226679 ], [ 139.696523280924794, 39.977476467864733 ], [ 139.697097716586427, 39.977959920014371 ], [ 139.696486913240506, 39.977918803010425 ], [ 139.697201051387424, 39.97818753212897 ], [ 139.696474228303032, 39.978154640324419 ], [ 139.697142191658827, 39.978475999567763 ], [ 139.696567224497926, 39.978384775037398 ], [ 139.696880025792666, 39.978507558577007 ], [ 139.696865694196504, 39.979004053594224 ], [ 139.695554383727881, 39.978661802200463 ], [ 139.695808365763583, 39.979005387288851 ], [ 139.695423527873572, 39.978963333191302 ], [ 139.695634254317497, 39.979281640135639 ], [ 139.695050533155609, 39.979196279184976 ], [ 139.695233306871728, 39.979575559264674 ], [ 139.694556004955757, 39.979266080964919 ], [ 139.695083645294062, 39.979902360305744 ], [ 139.694231167134717, 39.979496441407719 ], [ 139.694840143058173, 39.980296468407346 ], [ 139.694472165657999, 39.980599441011464 ], [ 139.694821672782041, 39.980640081374702 ], [ 139.695213696255109, 39.981398054276838 ], [ 139.694920117069842, 39.981592612708937 ], [ 139.695274915804816, 39.981849720788034 ], [ 139.695032723881127, 39.981692612823849 ], [ 139.694669273668069, 39.982003467985692 ], [ 139.694906354744489, 39.982293108140482 ], [ 139.69535024571735, 39.982136440844101 ], [ 139.695361918917456, 39.982584081090522 ], [ 139.695592672364, 39.982302559115851 ], [ 139.696341167311061, 39.982444197841517 ], [ 139.696236303662545, 39.982702027176856 ], [ 139.696496550375514, 39.982775440634157 ], [ 139.695994136919921, 39.982930946006434 ], [ 139.696722749655237, 39.983065802045189 ], [ 139.696278715690255, 39.983250946374142 ], [ 139.696761607562166, 39.983405108159275 ], [ 139.696053994896033, 39.983551026758505 ], [ 139.696143943288462, 39.983817693731623 ], [ 139.695736082754024, 39.983834504758647 ], [ 139.695946031284393, 39.983981639241335 ], [ 139.695723411306403, 39.984118359574666 ], [ 139.69593097303607, 39.98431053210544 ], [ 139.6969398046283, 39.983970054174733 ], [ 139.696888106201186, 39.984326747781211 ], [ 139.697503139058654, 39.983988558625128 ], [ 139.697973022237306, 39.984524467330345 ], [ 139.697539105645319, 39.984538774644761 ], [ 139.697764383119875, 39.984842892985171 ], [ 139.697526912636931, 39.985162198176965 ], [ 139.697104060404172, 39.9850743604934 ], [ 139.697338780760219, 39.985407748169109 ], [ 139.697008340162824, 39.985112694095619 ], [ 139.697220195255909, 39.985647973275377 ], [ 139.696833112658055, 39.985589865380064 ], [ 139.697383773842148, 39.986118108264122 ], [ 139.697336498280833, 39.986759386936228 ], [ 139.696464422994836, 39.987163107891149 ], [ 139.696306446285575, 39.987622252265169 ], [ 139.695818418385329, 39.987600720696776 ], [ 139.696299831771853, 39.987788359745082 ], [ 139.695898885225461, 39.987839720926445 ], [ 139.696044942320327, 39.988033918730423 ], [ 139.695452632632964, 39.987904440637465 ], [ 139.695443113309125, 39.988202198073054 ], [ 139.695798144968535, 39.988224413126204 ], [ 139.695167471101968, 39.988265774745742 ], [ 139.695219338601646, 39.988746892255335 ], [ 139.694750855667507, 39.988428667149321 ], [ 139.69504430624977, 39.989019694403453 ], [ 139.694516471657948, 39.989193667353902 ], [ 139.693994526726101, 39.988886252098894 ], [ 139.694694916037633, 39.989673053668525 ], [ 139.694283308028275, 39.989534693871065 ], [ 139.694681750862173, 39.989846558971578 ], [ 139.694027612784112, 39.990398999913964 ], [ 139.694671114580387, 39.990323919113621 ], [ 139.694671387974267, 39.990857108268983 ], [ 139.695191218599916, 39.990777467905843 ], [ 139.695183721851322, 39.99120872070597 ], [ 139.694624616932629, 39.991305747662182 ], [ 139.694802022595354, 39.991691721395853 ], [ 139.694437275559835, 39.991613919247015 ], [ 139.694878638538398, 39.991811000277494 ], [ 139.69546082995339, 39.991592972237925 ], [ 139.695331413913664, 39.991325467096658 ], [ 139.695611193901527, 39.991507360376431 ], [ 139.69599199743277, 39.992205801756427 ], [ 139.695368911146375, 39.992255080107896 ], [ 139.696207976816709, 39.992697251576942 ], [ 139.695511479771085, 39.99284533304575 ], [ 139.695388780767644, 39.993098027252188 ], [ 139.695766394403677, 39.993522440708148 ], [ 139.695374227938373, 39.993585693624937 ], [ 139.69619880732921, 39.993714386609724 ], [ 139.696343774445722, 39.994251170355255 ], [ 139.695815226691479, 39.994636802346577 ], [ 139.694488493749077, 39.994246558631801 ], [ 139.694860026169295, 39.99464380177011 ], [ 139.694437057024629, 39.994466279195478 ], [ 139.694436328573715, 39.994728892024796 ], [ 139.693970168588521, 39.994234531998131 ], [ 139.694106718950025, 39.994761252329965 ], [ 139.693177756148543, 39.994951693665769 ], [ 139.692983022348699, 39.995337973169001 ], [ 139.694142360881301, 39.996358504941099 ], [ 139.694211893763963, 39.995994667120272 ], [ 139.694591582135899, 39.996119558670728 ], [ 139.694968781184343, 39.995491170880882 ], [ 139.696740531950013, 39.995445225416859 ], [ 139.696832476837358, 39.995775252326098 ], [ 139.697442528350052, 39.995694667674798 ], [ 139.697097692304737, 39.995889973443582 ], [ 139.697588948770999, 39.996143837668001 ], [ 139.697747588280663, 39.995941640394449 ], [ 139.697475966043044, 39.99672869467355 ], [ 139.696656939066543, 39.996897919203661 ], [ 139.696783917044172, 39.997319333420535 ], [ 139.696183644759458, 39.997169973115831 ], [ 139.696810414669017, 39.997521973160588 ], [ 139.696355965655357, 39.997633170734275 ], [ 139.697353087175316, 39.998010972328586 ], [ 139.696558716011964, 39.997883468247494 ], [ 139.696660752191974, 39.998255197619301 ], [ 139.695943916978194, 39.998368505002531 ], [ 139.696412166088635, 39.998698225242947 ], [ 139.695781970661528, 39.998417170915729 ], [ 139.695961725353413, 39.998791359933364 ], [ 139.695258638075757, 39.998831198101357 ], [ 139.696206251917033, 39.999597441169044 ], [ 139.69697610935998, 40.000982467267079 ], [ 139.698102672100731, 40.001709107789168 ], [ 139.698295058670055, 40.002495027123871 ], [ 139.698844253959237, 40.00253446779152 ], [ 139.699137173042118, 40.003857278790463 ], [ 139.698774500742729, 40.004200747866264 ], [ 139.699086835289336, 40.004386027093517 ], [ 139.698815837181201, 40.004788505185445 ], [ 139.69964891066877, 40.005518171026836 ], [ 139.699978145275281, 40.006296775275985 ], [ 139.700954449288474, 40.006976892069986 ], [ 139.701750310628427, 40.006808225119528 ], [ 139.702311387760346, 40.006358946308353 ], [ 139.702702750231765, 40.00645383737475 ], [ 139.70220717342238, 40.006193640124422 ], [ 139.703407367256204, 40.005929467870715 ], [ 139.703627275778217, 40.005078225379862 ], [ 139.705223604785601, 40.0040769193144 ], [ 139.706713838972519, 40.002332820003687 ], [ 139.70689596607599, 40.001385009210878 ], [ 139.70865530529818, 40.001431990693845 ], [ 139.708692127140012, 40.000295243131006 ], [ 139.709106016729379, 39.999494765571001 ], [ 139.709704553322581, 39.99961720736826 ], [ 139.710257496985946, 39.999277251943681 ], [ 139.708749001165529, 39.999370170796794 ], [ 139.708942139568194, 39.999483279429853 ], [ 139.708499247742111, 40.000785225257971 ], [ 139.707338494575879, 40.000759081066803 ], [ 139.707318520633294, 39.999908918661731 ], [ 139.708866860916942, 39.998588972902837 ], [ 139.708969831492595, 39.999029585846756 ], [ 139.708725357089634, 39.99831308068417 ], [ 139.709734864072743, 39.998561801685867 ], [ 139.709549947272308, 39.997869467601902 ], [ 139.709945550946486, 39.997924999838915 ], [ 139.70993961092438, 39.997350946389133 ], [ 139.71048150461786, 39.997300170666392 ], [ 139.710566225251114, 39.996754107715958 ], [ 139.711216277709127, 39.996926468182039 ], [ 139.711143774365723, 39.996634226288563 ], [ 139.711628106052331, 39.996520918905333 ], [ 139.711660752341913, 39.995871414134513 ], [ 139.712210610431384, 39.995087639682879 ], [ 139.712640442302586, 39.995105838363827 ], [ 139.712386938706345, 39.994909558629274 ], [ 139.712538495155513, 39.993670080609775 ], [ 139.713227328178732, 39.993439505229048 ], [ 139.713071140221018, 39.992993775142679 ], [ 139.713440078097165, 39.992056468431315 ], [ 139.714063644621547, 39.991576775447868 ], [ 139.715056005130577, 39.989891775085425 ], [ 139.714816278248691, 39.989551171249616 ], [ 139.715194668898903, 39.989346053877341 ], [ 139.715175135624122, 39.988654774698148 ], [ 139.715879169887899, 39.987644945757665 ], [ 139.716248301118299, 39.987280946058888 ], [ 139.716791219139509, 39.987448837793693 ], [ 139.716774552903303, 39.987142170774632 ], [ 139.7175531652465, 39.986957028244319 ], [ 139.717554033991519, 39.986602251992394 ], [ 139.718044942420192, 39.986697864315033 ], [ 139.71828427989567, 39.986454801847685 ], [ 139.717998755038593, 39.986235719802664 ], [ 139.720015472136424, 39.984916414361066 ], [ 139.719931919722399, 39.984596252115409 ], [ 139.720989079082756, 39.984465891787522 ], [ 139.721065109567235, 39.983951774554782 ], [ 139.72335141373685, 39.981675441168704 ], [ 139.725144694272331, 39.981953532229795 ], [ 139.725909144091816, 39.981205666808137 ], [ 139.728135331280555, 39.98110874777052 ], [ 139.729493411891553, 39.981416838416408 ], [ 139.7294621919267, 39.981771135329666 ], [ 139.72982503239939, 39.981990306407567 ], [ 139.731840310581902, 39.982139081253649 ], [ 139.732427950989177, 39.983078864697916 ], [ 139.732174552613628, 39.98225727915019 ], [ 139.732849299555596, 39.982050694084307 ], [ 139.733386057220855, 39.982990251798753 ], [ 139.733246056160624, 39.983309279100013 ], [ 139.733648418240023, 39.983554026896854 ], [ 139.73344469571623, 39.983671359645598 ], [ 139.734437275659843, 39.983858108365041 ], [ 139.734699559337287, 39.983345225002211 ], [ 139.734805667647493, 39.983584197352855 ], [ 139.73477038814292, 39.983315559965149 ], [ 139.735358495298328, 39.983425136061214 ], [ 139.735578249137006, 39.982688748686883 ], [ 139.737012244219727, 39.98236989225677 ], [ 139.736823579944371, 39.982254973288434 ], [ 139.737400218945027, 39.981909612938352 ], [ 139.738130506217999, 39.980543612897463 ], [ 139.742164917077275, 39.97842666725694 ], [ 139.7446304147619, 39.977968693800221 ], [ 139.748795888319705, 39.977750612700675 ], [ 139.750185006333027, 39.977285891630629 ], [ 139.751633306931581, 39.978321225344303 ], [ 139.750229144159789, 39.977303946420022 ], [ 139.751699882843354, 39.976780774812937 ], [ 139.751790012898823, 39.976484548922826 ], [ 139.75285169944641, 39.976577612566814 ], [ 139.752736134764859, 39.976838801769361 ], [ 139.753654553015281, 39.977106946328547 ], [ 139.753223281329383, 39.977825278913542 ], [ 139.752330220363433, 39.978011586965238 ], [ 139.753242697692372, 39.977849864579639 ], [ 139.753791803049353, 39.976919532110799 ], [ 139.755862698005217, 39.976987413838117 ], [ 139.765719001430853, 39.974865279109395 ], [ 139.769540168643971, 39.972758585740166 ], [ 139.771322386618863, 39.97251630568303 ], [ 139.770043385194185, 39.97264869398208 ], [ 139.769494746585337, 39.972365359873493 ], [ 139.76988627812932, 39.97203008092356 ], [ 139.769858105966932, 39.971296413998346 ], [ 139.770857302222794, 39.970271387414641 ], [ 139.779611698720942, 39.968930107938206 ], [ 139.782421855284497, 39.967842558687209 ], [ 139.783255135616059, 39.966706225711789 ], [ 139.783467173271447, 39.965694776193004 ], [ 139.784100959691614, 39.965261252604762 ], [ 139.784867224342975, 39.965581531762325 ], [ 139.7861836321689, 39.96377808978707 ], [ 139.786771569352481, 39.963678828914851 ], [ 139.786172087571799, 39.963721865072046 ], [ 139.784844617185399, 39.965521252004237 ], [ 139.784122139625083, 39.965225053993095 ], [ 139.785029947674047, 39.963419936580863 ], [ 139.787783501807212, 39.962985874298738 ], [ 139.786758950065519, 39.963132360370196 ], [ 139.786645863016247, 39.962804198654908 ], [ 139.786725330709487, 39.963141612595393 ], [ 139.78595688790017, 39.963303639851176 ], [ 139.784951893714947, 39.962913468082149 ], [ 139.786009390321169, 39.960854586270216 ], [ 139.788305747112645, 39.960189441389673 ], [ 139.788547859895857, 39.960700504524709 ], [ 139.788366667188029, 39.960178558693599 ], [ 139.792423281409356, 39.95888661332657 ], [ 139.792655668024736, 39.959261332944209 ], [ 139.792533721753898, 39.959005775296362 ], [ 139.793825006119164, 39.958646837881304 ], [ 139.793991413073286, 39.958259918960152 ], [ 139.793680778245403, 39.957697532415239 ], [ 139.795994773440157, 39.957759865325556 ], [ 139.795821855394365, 39.958327386999372 ], [ 139.794288585949516, 39.958191135212758 ], [ 139.795941854632929, 39.958380504556715 ], [ 139.796144642761078, 39.957686198259466 ], [ 139.795426860561179, 39.957514666968336 ], [ 139.795861089217965, 39.957606639734706 ], [ 139.79774383880715, 39.95680005308003 ], [ 139.800816523663684, 39.956623559329842 ], [ 139.802723474908476, 39.957159414075761 ], [ 139.809326640911763, 39.95780258582073 ], [ 139.81597827497751, 39.95941319786084 ], [ 139.818758559659841, 39.960281585926509 ], [ 139.819670856225116, 39.961008224649902 ], [ 139.82049102534063, 39.960975054055552 ], [ 139.821145252451515, 39.961495613132115 ], [ 139.822293721777896, 39.961589918739833 ], [ 139.822621725212457, 39.962184359820412 ], [ 139.823616004874793, 39.96225146813083 ], [ 139.824285524957077, 39.962847721345327 ], [ 139.825360466612324, 39.962960838072263 ], [ 139.827777716568448, 39.964020775438485 ], [ 139.828944383676458, 39.963915865025228 ], [ 139.831446912744923, 39.964711107631558 ], [ 139.845145447304617, 39.97094438697394 ], [ 139.847165616000439, 39.972452134558409 ], [ 139.852023216798102, 39.974918107984365 ], [ 139.857413359239217, 39.978554585925451 ], [ 139.858931529966185, 39.979253504845417 ], [ 139.861802139856877, 39.981435000225133 ], [ 139.863418105561209, 39.982220332302518 ], [ 139.86831544740005, 39.985905748651419 ], [ 139.867672632685867, 39.986385865215539 ], [ 139.867481983606694, 39.987076063409631 ], [ 139.868875148569259, 39.988345559000379 ], [ 139.868870817434299, 39.988710414853813 ], [ 139.868943410709903, 39.988293026901715 ], [ 139.867580584376583, 39.987052693626936 ], [ 139.867764034382731, 39.986390585756965 ], [ 139.86838241181897, 39.985989532191184 ], [ 139.869810751964678, 39.987416305718 ], [ 139.869145252751309, 39.98789669387736 ], [ 139.869919947647531, 39.987403892375767 ], [ 139.872738637877887, 39.988770748571255 ], [ 139.873145966013567, 39.989425865111627 ], [ 139.882326977508114, 39.996931532264455 ], [ 139.890410855676464, 40.004476414355111 ], [ 139.891841918969476, 40.006177026948308 ], [ 139.899373917372486, 40.013221001048407 ], [ 139.909973307222458, 40.024681332577472 ], [ 139.911991167358565, 40.027721532123053 ], [ 139.908306082859553, 40.029586054253059 ], [ 139.911989920898236, 40.027779613038774 ], [ 139.913157249907272, 40.029336531955437 ], [ 139.912317846991073, 40.029768459247066 ], [ 139.912423606364428, 40.030236071637432 ], [ 139.912419688917566, 40.029772640195233 ], [ 139.913196355127752, 40.029364224779215 ], [ 139.914268858720902, 40.030343135027692 ], [ 139.912212555265228, 40.030930000219371 ], [ 139.911199170405439, 40.030487558953723 ], [ 139.911358716431664, 40.030211612775759 ], [ 139.9110147212524, 40.030582918566893 ], [ 139.910328196788896, 40.030196360273862 ], [ 139.909542387171541, 40.030602081321035 ], [ 139.908714527053803, 40.030382747465865 ], [ 139.909553346309963, 40.030688649161903 ], [ 139.910306705690004, 40.030294783877252 ], [ 139.912317768750086, 40.03141710721377 ], [ 139.914577613066399, 40.030385386976093 ], [ 139.915628559910147, 40.032197693568776 ], [ 139.918287885777318, 40.03497808077384 ], [ 139.918919922116743, 40.036285080791913 ], [ 139.920659532911145, 40.037707306447089 ], [ 139.92376763936511, 40.041104973016161 ], [ 139.926055836607588, 40.044892359894561 ], [ 139.932098418307419, 40.052790251968588 ], [ 139.939341478926167, 40.063955360351656 ], [ 139.940334059769157, 40.065009414353028 ], [ 139.940576329034457, 40.066000504120041 ], [ 139.941727756230989, 40.067392721197166 ], [ 139.943904188427609, 40.071250053747008 ], [ 139.945374254418425, 40.073031703350466 ], [ 139.95089852085016, 40.071420945620218 ], [ 139.956603553711147, 40.070415107870986 ], [ 139.957324383713399, 40.070018999677131 ], [ 139.956562437606522, 40.069472612970742 ], [ 139.957829144399511, 40.068831223682082 ], [ 139.95704664069001, 40.068181774669199 ], [ 139.955749143808021, 40.068324279441981 ], [ 139.955553579933849, 40.068039278889671 ], [ 139.957870532099491, 40.06780150533524 ], [ 139.95722191945606, 40.067374000010147 ], [ 139.958663865445146, 40.0667403871592 ], [ 139.958756355321611, 40.066289000337122 ], [ 139.952546328850076, 40.067595387017548 ], [ 139.952412723768248, 40.067302333036309 ], [ 139.952752438174571, 40.067041224772765 ], [ 139.956902750061886, 40.065077054162771 ], [ 139.95652194563138, 40.064578441242134 ], [ 139.955656913835583, 40.064586224874404 ], [ 139.955543580372023, 40.064340666788382 ], [ 139.953988300919377, 40.064879000065844 ], [ 139.953854423343046, 40.0646178918023 ], [ 139.954307757197284, 40.064087332264648 ], [ 139.954091633921848, 40.063825946110569 ], [ 139.951949974012109, 40.064182333048279 ], [ 139.953310272351246, 40.06140261314016 ], [ 139.954288612429536, 40.061022612703482 ], [ 139.954484162813969, 40.060658441234125 ], [ 139.954134162861351, 40.060579278411012 ], [ 139.955885032268498, 40.059525666876084 ], [ 139.957038366027859, 40.05947038734854 ], [ 139.9589850322335, 40.058393441104499 ], [ 139.962040896170492, 40.057523134784901 ], [ 139.959213969049529, 40.050308721170609 ], [ 139.958006200226009, 40.049183720552321 ], [ 139.957701505420232, 40.04787344070678 ], [ 139.953290116745507, 40.04282650473948 ], [ 139.953113191320767, 40.03850427934907 ], [ 139.952769857143267, 40.037555946050134 ], [ 139.951485966104542, 40.036577613166344 ], [ 139.934230388921378, 40.030337080791696 ], [ 139.93191763928769, 40.024195413587506 ], [ 139.930328197288532, 40.023295414351935 ], [ 139.932682671867838, 40.017915972943854 ], [ 139.934146589193801, 40.016497639554473 ], [ 139.936249143882947, 40.010705973202164 ], [ 139.941832529048042, 40.007860386947357 ], [ 139.943396977988186, 40.005689278737293 ], [ 139.943664501115904, 40.004466504725485 ], [ 139.94301588757321, 40.001522893266952 ], [ 139.93623175099458, 39.995140386719527 ], [ 139.933471219021612, 39.990236774807386 ], [ 139.928354915646878, 39.974531775421156 ], [ 139.922439754391235, 39.958798693804738 ], [ 139.922620583772982, 39.957935919307261 ], [ 139.926209533443284, 39.95298950506168 ], [ 139.940563502004125, 39.946478640077203 ], [ 139.944778806996396, 39.943880279251516 ], [ 139.946912166163656, 39.942936667393326 ], [ 139.947474668721043, 39.942188333424895 ], [ 139.949453280644434, 39.941116640120924 ], [ 139.97632844440227, 39.927809891613265 ], [ 139.963118872138352, 39.921056171005546 ], [ 139.962883774066995, 39.909108225264447 ], [ 139.960803280646928, 39.905026928250209 ], [ 139.953678274932486, 39.897885946079612 ], [ 139.958247497324237, 39.892972027037445 ], [ 139.962980855881824, 39.889397559150098 ], [ 139.966155058009576, 39.886540027200567 ], [ 139.966538392233133, 39.885696694247088 ], [ 139.967961167374028, 39.885527801566866 ], [ 139.966976160621357, 39.885021694595594 ], [ 139.967140337256865, 39.884663080936491 ], [ 139.967988391651033, 39.884610279041169 ], [ 139.969848663585026, 39.885200837748528 ], [ 139.971887030062476, 39.884989999788729 ], [ 139.972953967751437, 39.884283613797777 ], [ 139.973528690296916, 39.883460838446979 ], [ 139.973378144685739, 39.882648864853309 ], [ 139.972051193208017, 39.882321946001071 ], [ 139.971326200243993, 39.881583613393104 ], [ 139.967886275431283, 39.87999968693606 ], [ 139.958333333116911, 39.885864891751396 ], [ 139.950374526363362, 39.889816919315422 ], [ 139.9491583659659, 39.890120107756843 ], [ 139.945861945972069, 39.887510277877084 ], [ 139.948920025838561, 39.889959135405832 ], [ 139.94770307403769, 39.890330351264765 ], [ 139.946142555134884, 39.888766649661193 ], [ 139.947665305209739, 39.890341703406932 ], [ 139.944609363931022, 39.891273919056175 ], [ 139.942883087384644, 39.888929559151904 ], [ 139.944539080114509, 39.891273305718528 ], [ 139.943798974942752, 39.891904000269449 ], [ 139.939869027533632, 39.894040332595353 ], [ 139.931847301511766, 39.897216441285764 ], [ 139.924917249931241, 39.899503504483221 ], [ 139.91605496806244, 39.901377667345514 ], [ 139.910368301156268, 39.902011891735469 ], [ 139.898375421688456, 39.902313134943256 ], [ 139.895608637628584, 39.90212033288708 ], [ 139.894653994686223, 39.90193630641545 ], [ 139.894996887296543, 39.90139102677449 ], [ 139.894336693183959, 39.901025305773317 ], [ 139.89494403413994, 39.901399082002058 ], [ 139.89429500600977, 39.901449837939708 ], [ 139.894802387320397, 39.901623360329893 ], [ 139.89462396902104, 39.901939332634129 ], [ 139.894236666988604, 39.90182046834002 ], [ 139.894284773523509, 39.901555946249971 ], [ 139.894208975064203, 39.901791054213845 ], [ 139.893037496583247, 39.901209972562242 ], [ 139.894108612522473, 39.900942585232201 ], [ 139.894342632306689, 39.900340035864019 ], [ 139.89511811860632, 39.900394206527437 ], [ 139.894303540575947, 39.900291287213179 ], [ 139.894060169641193, 39.900910504616149 ], [ 139.892498469928455, 39.900923134694949 ], [ 139.891963942581924, 39.899150441439758 ], [ 139.89164927429465, 39.898952801930307 ], [ 139.883159804581396, 39.8995003505608 ], [ 139.878991698707978, 39.899198747624155 ], [ 139.87522204915831, 39.898785883261951 ], [ 139.873198663587573, 39.898187198280652 ], [ 139.87101486414474, 39.898166864609152 ], [ 139.868778392308968, 39.897575332835402 ], [ 139.866484694812925, 39.897588387394194 ], [ 139.866159299412175, 39.897409505044664 ], [ 139.86642916887115, 39.896541414654621 ], [ 139.866880026891749, 39.896602892309659 ], [ 139.864833891171202, 39.89622564020118 ], [ 139.86399758821824, 39.895354413875168 ], [ 139.864824889856891, 39.896243837982809 ], [ 139.866406744275878, 39.896538332677949 ], [ 139.866073281057083, 39.897614865233891 ], [ 139.865164034092913, 39.897452360438137 ], [ 139.865180803751173, 39.897015666739662 ], [ 139.865127639429033, 39.897445027366189 ], [ 139.864571996900168, 39.897334837932476 ], [ 139.864656886606099, 39.897051558682563 ], [ 139.864528002965017, 39.897328333136102 ], [ 139.863273216685684, 39.897006413615145 ], [ 139.863470440708284, 39.896347000114019 ], [ 139.864143735245193, 39.89605108988593 ], [ 139.863427030433172, 39.896333414055846 ], [ 139.863163671166603, 39.897172027367219 ], [ 139.862769170061256, 39.897442198099043 ], [ 139.861762387124486, 39.897198026767569 ], [ 139.861924942282371, 39.896748333368919 ], [ 139.858953060635258, 39.895554279206692 ], [ 139.85851455390366, 39.896009414403011 ], [ 139.863733371897638, 39.890488604065865 ], [ 139.863726025335836, 39.890479440873548 ] ] ] ] } },
{ "type": "Feature", "properties": { "regioncode": "0520700", "regionname": "秋田県湯沢市", "name": "湯沢市", "namekana": "ゆざわし", "PrefCode": "05" }, "geometry": { "type": "Polygon", "coordinates": [ [ [ 140.463316419817033, 39.217642559056912 ], [ 140.466817003002348, 39.217699747845131 ], [ 140.468676744336335, 39.217392802036215 ], [ 140.479910830720314, 39.214282468860915 ], [ 140.488292087709738, 39.210874918742547 ], [ 140.491005187639416, 39.210201305845658 ], [ 140.493253281413899, 39.21010738694639 ], [ 140.49658664106073, 39.210664026823451 ], [ 140.503183112510669, 39.210949279185911 ], [ 140.508722360748379, 39.210592585579434 ], [ 140.519602580994388, 39.20469499977446 ], [ 140.524956550004845, 39.202585225327937 ], [ 140.525742944181616, 39.201962171417108 ], [ 140.52878972766382, 39.197412693640956 ], [ 140.52372438437294, 39.195664973659632 ], [ 140.522107173107656, 39.194662467898638 ], [ 140.523261633717539, 39.19359497262991 ], [ 140.523587781850665, 39.192313305614618 ], [ 140.522495279133864, 39.189704973106075 ], [ 140.521377497373692, 39.188529694090164 ], [ 140.5216997541404, 39.187180252366829 ], [ 140.523109493608331, 39.185294134816502 ], [ 140.522825357304441, 39.183651361221393 ], [ 140.523287859747029, 39.183133027067583 ], [ 140.525447367601942, 39.182201612714323 ], [ 140.524899300062657, 39.180829667255409 ], [ 140.526234061253035, 39.179593279306459 ], [ 140.525714889830397, 39.178388278596231 ], [ 140.527026303720959, 39.177532999948028 ], [ 140.528797717240877, 39.177078252359536 ], [ 140.530418586048995, 39.175761586428109 ], [ 140.533761698843364, 39.175591837593288 ], [ 140.534078663099876, 39.174512667325814 ], [ 140.535508145384711, 39.172956531718626 ], [ 140.537095939825804, 39.172449585679885 ], [ 140.53797510986351, 39.172793748133017 ], [ 140.539387912422285, 39.172529837581976 ], [ 140.5393662261705, 39.174479000305666 ], [ 140.538257587817498, 39.175190946804776 ], [ 140.538592580783074, 39.176397612160144 ], [ 140.540001750980082, 39.177895666851612 ], [ 140.540928416912948, 39.17808677458504 ], [ 140.541749804609822, 39.178830360133077 ], [ 140.543789299736432, 39.17782786516392 ], [ 140.545138222551032, 39.175699774225279 ], [ 140.545655446941396, 39.175784775447084 ], [ 140.545240441293345, 39.177265612617987 ], [ 140.544137081960798, 39.178415639570176 ], [ 140.542254254130626, 39.179449251981453 ], [ 140.54123616131983, 39.180875108199757 ], [ 140.54124894877998, 39.181471224717313 ], [ 140.540728106417077, 39.181910108264958 ], [ 140.542749222099019, 39.18266369427414 ], [ 140.544302335084808, 39.180628972748934 ], [ 140.54513732772557, 39.180018107349838 ], [ 140.546538780840137, 39.176556442325989 ], [ 140.546506031128501, 39.17464477503637 ], [ 140.548041050653978, 39.174598108316104 ], [ 140.547973527756199, 39.176686720815553 ], [ 140.548612412432931, 39.177891693646814 ], [ 140.548717950573064, 39.178874468282118 ], [ 140.548486834699702, 39.180447531828179 ], [ 140.546552892102341, 39.182483667087638 ], [ 140.54382367092569, 39.183142306272487 ], [ 140.542918638184688, 39.184978694011591 ], [ 140.542939973700868, 39.189442026628285 ], [ 140.545161673272673, 39.189963109110238 ], [ 140.547042528889619, 39.18988533304173 ], [ 140.547903942712878, 39.187125305588438 ], [ 140.549588145376674, 39.187413081448597 ], [ 140.549500921030699, 39.187968080962207 ], [ 140.550121750918152, 39.18819586394801 ], [ 140.551873450399512, 39.187881945695267 ], [ 140.551663968617277, 39.189180278946765 ], [ 140.560449637241049, 39.189773837792416 ], [ 140.560775473309491, 39.189936586304441 ], [ 140.560498780694275, 39.19119105422385 ], [ 140.561627664585103, 39.191593251727227 ], [ 140.562181283639347, 39.19236658594923 ], [ 140.56250350173525, 39.192291305499396 ], [ 140.563018806972423, 39.191174081318877 ], [ 140.565369662679814, 39.191379613278571 ], [ 140.566452724313876, 39.192405999637231 ], [ 140.56728133716399, 39.192619864715027 ], [ 140.567851335570708, 39.193485134831178 ], [ 140.570008858622032, 39.193486532377619 ], [ 140.571154449218511, 39.192808440856936 ], [ 140.572776693089963, 39.192475667418194 ], [ 140.574471970904824, 39.192553694397532 ], [ 140.576267301894518, 39.191545639819481 ], [ 140.577132309408626, 39.191722558948982 ], [ 140.577709273963933, 39.190899774604986 ], [ 140.57916066193502, 39.190751441326029 ], [ 140.579568470308686, 39.190145306360876 ], [ 140.580650142490185, 39.189765585613316 ], [ 140.582237977400837, 39.188193918714433 ], [ 140.583128248669823, 39.188685278602804 ], [ 140.584342996232408, 39.188326946431459 ], [ 140.585624668643618, 39.188366945578139 ], [ 140.588246938845259, 39.187474694001992 ], [ 140.58933946764239, 39.186288278681161 ], [ 140.589647004305903, 39.185344108343998 ], [ 140.591994253731855, 39.185090468050703 ], [ 140.594128171378088, 39.183521586352185 ], [ 140.595306524276793, 39.184253774791898 ], [ 140.597136525030692, 39.18439683804371 ], [ 140.600326860995892, 39.183992081069732 ], [ 140.600769390395158, 39.183361802005606 ], [ 140.602009104936315, 39.182672054371892 ], [ 140.603451673256131, 39.180837054286656 ], [ 140.603990583898394, 39.179449558650276 ], [ 140.606267029699779, 39.178495081183087 ], [ 140.607692607128229, 39.177012838371866 ], [ 140.6071809468433, 39.176388135104389 ], [ 140.605620660864815, 39.175573972560812 ], [ 140.606645694643134, 39.174287027424441 ], [ 140.607133773804662, 39.172516747949601 ], [ 140.6071554735463, 39.171338693625842 ], [ 140.60655658891551, 39.17009953216774 ], [ 140.606687173174578, 39.168762028045194 ], [ 140.606334384424372, 39.167878972036988 ], [ 140.607585836916883, 39.16610674822789 ], [ 140.607736939208394, 39.164530639577379 ], [ 140.608618909735014, 39.163761999816472 ], [ 140.609063942846774, 39.162787278610097 ], [ 140.610928418211984, 39.16154810815874 ], [ 140.611835110202264, 39.160289224568089 ], [ 140.613363748138568, 39.160511694359286 ], [ 140.614379610630635, 39.16023697305792 ], [ 140.615824110694234, 39.156796667831998 ], [ 140.616134967654716, 39.15466805438723 ], [ 140.615782217575315, 39.15415113396773 ], [ 140.616051113967842, 39.153434999325839 ], [ 140.615899728389763, 39.152800586078229 ], [ 140.614153060615308, 39.151018360009346 ], [ 140.612851387281808, 39.150386999960119 ], [ 140.61013053159877, 39.149772279167394 ], [ 140.609744136982385, 39.148948135048443 ], [ 140.610172502958676, 39.147335919517104 ], [ 140.610894746695294, 39.146541170638557 ], [ 140.61096172550333, 39.144020054382054 ], [ 140.611692606328802, 39.142257278850366 ], [ 140.611667328184694, 39.140952558613719 ], [ 140.612347366737595, 39.140468666695654 ], [ 140.616017419068726, 39.139981693700236 ], [ 140.616521310110443, 39.139517252319365 ], [ 140.617050220291503, 39.138127531760233 ], [ 140.616756082627148, 39.135887252195005 ], [ 140.616210272386184, 39.134458359865448 ], [ 140.613212476774493, 39.132914505400151 ], [ 140.612271945993598, 39.129121197385416 ], [ 140.612297250218035, 39.127993135474867 ], [ 140.611373643778734, 39.12682869508825 ], [ 140.611785058433725, 39.125183972662285 ], [ 140.611541725270513, 39.12420591856835 ], [ 140.613783720742163, 39.12366338725559 ], [ 140.61492569426548, 39.122718108054301 ], [ 140.615480168575004, 39.121796170756738 ], [ 140.616269610554127, 39.121514774687171 ], [ 140.618066589101886, 39.121733918785367 ], [ 140.62198191982975, 39.121050279346946 ], [ 140.622293605965183, 39.119281107836912 ], [ 140.624491725312964, 39.117005802375957 ], [ 140.624750389219116, 39.114460559107556 ], [ 140.625279585384646, 39.113538306147973 ], [ 140.625255965590441, 39.112180802002456 ], [ 140.626849053441106, 39.111498864980661 ], [ 140.627066588652156, 39.110113864962955 ], [ 140.627648833127182, 39.109743026819274 ], [ 140.627930777783263, 39.108935252160222 ], [ 140.628924423423427, 39.107948586158386 ], [ 140.629235837064243, 39.106403864746596 ], [ 140.628753891279075, 39.105043864982463 ], [ 140.630658365790964, 39.105245504676361 ], [ 140.63322700402307, 39.10663491856667 ], [ 140.6356545269349, 39.107378802689652 ], [ 140.638275966162951, 39.106763224843007 ], [ 140.639669300198079, 39.107095134932592 ], [ 140.642055745676203, 39.106271251617045 ], [ 140.644988833268144, 39.106651504763192 ], [ 140.647528053776682, 39.104518134804152 ], [ 140.648574501312282, 39.101913413972909 ], [ 140.651231530310952, 39.099285612940719 ], [ 140.651989856646651, 39.09951450568991 ], [ 140.652730441157019, 39.099235332744456 ], [ 140.65380016944232, 39.099544224686269 ], [ 140.656057419214562, 39.099361135308186 ], [ 140.657033280761311, 39.098662801846899 ], [ 140.659548885073036, 39.09806333175743 ], [ 140.660389441819348, 39.098212225314001 ], [ 140.660947782314338, 39.098811666625181 ], [ 140.66292280234552, 39.099640251596384 ], [ 140.662946420341086, 39.098596639623281 ], [ 140.663351996597385, 39.097958027441052 ], [ 140.664180610346989, 39.097573586152123 ], [ 140.66556814465423, 39.097628306301374 ], [ 140.665985383318798, 39.09680189229357 ], [ 140.667748716430197, 39.097118000395426 ], [ 140.667872088126387, 39.096248278635187 ], [ 140.668219026786687, 39.096014667143208 ], [ 140.670235162023118, 39.096246026732786 ], [ 140.670305720132887, 39.095307414205877 ], [ 140.670676031273842, 39.094922972916891 ], [ 140.67219852144467, 39.095034919625903 ], [ 140.673691361866872, 39.09428433285575 ], [ 140.675449170442903, 39.094119613029761 ], [ 140.676601113850438, 39.093286277839525 ], [ 140.679070052341103, 39.09295235956381 ], [ 140.680145357322431, 39.09250374804958 ], [ 140.682132334739549, 39.092460108447312 ], [ 140.683460699951411, 39.091768721349467 ], [ 140.68401933992061, 39.09034983757499 ], [ 140.686576355314628, 39.086449531820506 ], [ 140.686975550881016, 39.084882586362312 ], [ 140.688181414940459, 39.083321197815053 ], [ 140.687976978354982, 39.082990080927573 ], [ 140.686635031581545, 39.082540386629603 ], [ 140.686745304652163, 39.081393440754766 ], [ 140.686215576987365, 39.080485945669921 ], [ 140.686624773014955, 39.079740108219482 ], [ 140.685812283210339, 39.07810483676883 ], [ 140.685906744400768, 39.077033720829604 ], [ 140.685303969302822, 39.076345108140288 ], [ 140.684732606624607, 39.074305107594682 ], [ 140.684910946682862, 39.073428441269584 ], [ 140.684140414748413, 39.071938467886014 ], [ 140.685052671743506, 39.069616531677639 ], [ 140.684423800118338, 39.068343197780393 ], [ 140.683370193979385, 39.067417360123102 ], [ 140.683349104877379, 39.065346802413046 ], [ 140.688371698894798, 39.064163441189919 ], [ 140.6892625547232, 39.063468440616077 ], [ 140.690106718650213, 39.063321774680219 ], [ 140.691857911813258, 39.059705919092949 ], [ 140.692790998905593, 39.058706469228241 ], [ 140.693310194609808, 39.05745369473226 ], [ 140.69465717309015, 39.056147864732225 ], [ 140.696020245837758, 39.055783945972394 ], [ 140.699013644663978, 39.053915866124385 ], [ 140.701089805150445, 39.053527531670284 ], [ 140.701970362842076, 39.052597252261421 ], [ 140.705687690734408, 39.050044720887229 ], [ 140.704979921586187, 39.049110837894887 ], [ 140.705336330107571, 39.047941387385151 ], [ 140.705042723942597, 39.047126107883628 ], [ 140.705556639727206, 39.046343332578772 ], [ 140.70688306060481, 39.045652503959957 ], [ 140.706877807664796, 39.043584171172597 ], [ 140.706343384639581, 39.041106946328568 ], [ 140.706899248401669, 39.040283054019767 ], [ 140.708078417884735, 39.039669972691115 ], [ 140.708377327351855, 39.039054694318736 ], [ 140.708178470160306, 39.037417504614211 ], [ 140.707093190798219, 39.035919171132889 ], [ 140.70767518795958, 39.033699720765526 ], [ 140.706731854891245, 39.032597775167233 ], [ 140.706448520782715, 39.031753891828714 ], [ 140.703287976658885, 39.028773640191389 ], [ 140.702627172805819, 39.027132532140683 ], [ 140.703838300597113, 39.026312801894335 ], [ 140.707225032309452, 39.025624441015168 ], [ 140.707481971316042, 39.025019171197869 ], [ 140.706915616062929, 39.023331107744468 ], [ 140.705479415842433, 39.021706279221462 ], [ 140.704892308733179, 39.020383918782898 ], [ 140.700714500973504, 39.017923108364812 ], [ 140.702003968708254, 39.017344505244751 ], [ 140.70317844373028, 39.016288107610137 ], [ 140.70233955882361, 39.01479422487364 ], [ 140.702895445968124, 39.012525613066657 ], [ 140.706486615165204, 39.012511134881038 ], [ 140.709207224433953, 39.011965279673973 ], [ 140.710874474877187, 39.010855531557581 ], [ 140.713307055576252, 39.008497198886687 ], [ 140.718722724374288, 39.005509080879449 ], [ 140.717831633822925, 39.003970224846057 ], [ 140.718035550600234, 39.002267134620638 ], [ 140.717536109404023, 39.001453559334323 ], [ 140.717938366262615, 38.999800225000456 ], [ 140.716347808204887, 38.998384387229748 ], [ 140.71640282692897, 38.996609666902657 ], [ 140.715671167290566, 38.995589108150853 ], [ 140.717091505268854, 38.993007721129459 ], [ 140.717859585651468, 38.992277440151781 ], [ 140.719706588987947, 38.991394639551004 ], [ 140.722321672707039, 38.988509054149574 ], [ 140.722918884598926, 38.988416279187959 ], [ 140.723388391860908, 38.986339332694115 ], [ 140.724461167049299, 38.985882666851637 ], [ 140.726807885875246, 38.985851532322386 ], [ 140.727904838437553, 38.98547569394816 ], [ 140.729172943676417, 38.983765106974147 ], [ 140.729483838408441, 38.981179279100502 ], [ 140.729910505565499, 38.980765386813175 ], [ 140.732817781715312, 38.98000174818219 ], [ 140.73606066057107, 38.976376170923629 ], [ 140.739809364010966, 38.974315864585549 ], [ 140.744247003896135, 38.97062361338908 ], [ 140.746639274283098, 38.969059134771328 ], [ 140.749898831965538, 38.966031333279432 ], [ 140.753134527036877, 38.960754919104261 ], [ 140.755091530050095, 38.959045441893693 ], [ 140.755625446756994, 38.958207946439643 ], [ 140.75460291759066, 38.957819891674717 ], [ 140.749737588019343, 38.957301053900551 ], [ 140.745251141027438, 38.95637191932866 ], [ 140.744322528961561, 38.955619999763258 ], [ 140.743306694348576, 38.953678332888785 ], [ 140.741050000357291, 38.9530886402286 ], [ 140.736779415837418, 38.95084227944767 ], [ 140.731571024583218, 38.948948171421023 ], [ 140.7302690787551, 38.947650386755981 ], [ 140.729514111387175, 38.945390667445395 ], [ 140.727752139849486, 38.94507208081194 ], [ 140.727083528082403, 38.944241802417309 ], [ 140.726484668632565, 38.94291374837087 ], [ 140.727352750029468, 38.941412639581699 ], [ 140.727300830369131, 38.940291253338728 ], [ 140.725625524698216, 38.939640693663137 ], [ 140.725642750312772, 38.938739305874321 ], [ 140.724801089198991, 38.937963504811933 ], [ 140.723221089181948, 38.937522945827368 ], [ 140.723447197630094, 38.936340440758784 ], [ 140.723238637653026, 38.934127945748173 ], [ 140.722449195673903, 38.932949081135234 ], [ 140.72061752308025, 38.931291865327353 ], [ 140.718647223590551, 38.930218000160608 ], [ 140.717423644685482, 38.927747999570556 ], [ 140.715913060639309, 38.927036359740271 ], [ 140.713768859245533, 38.927307225648008 ], [ 140.711816056965517, 38.926876972894036 ], [ 140.71212858576564, 38.92512527880865 ], [ 140.71159027227327, 38.923238081172542 ], [ 140.708890778186969, 38.92310950509966 ], [ 140.708266083013427, 38.921276441254804 ], [ 140.70733719755367, 38.920320891795768 ], [ 140.703430726047259, 38.920575107655168 ], [ 140.703109585339121, 38.922821505308264 ], [ 140.702137328275171, 38.923417612832623 ], [ 140.700392580553171, 38.923817359683483 ], [ 140.698986200053128, 38.922885721398984 ], [ 140.694698365637123, 38.921127170882301 ], [ 140.694342282670277, 38.919781892120682 ], [ 140.693229779930448, 38.919105505714583 ], [ 140.685648003152892, 38.917604747661017 ], [ 140.684365227273474, 38.916538667025918 ], [ 140.68333355380048, 38.914760918681509 ], [ 140.68017518783472, 38.91333371977538 ], [ 140.679081088821249, 38.908200413818122 ], [ 140.677179144102297, 38.905700440622866 ], [ 140.674487445339423, 38.904637972564444 ], [ 140.673016328940548, 38.903607171433862 ], [ 140.671903890951853, 38.898498306351826 ], [ 140.671114720567971, 38.897130800845844 ], [ 140.669687781565926, 38.896636386859825 ], [ 140.66687080364477, 38.894837532326335 ], [ 140.660473773945569, 38.894216775284008 ], [ 140.656077081991839, 38.89214433259491 ], [ 140.653340659943524, 38.891604386833023 ], [ 140.653304838147847, 38.891127720967575 ], [ 140.654614864384598, 38.889903802118852 ], [ 140.654363475094328, 38.889132171212793 ], [ 140.650317328082338, 38.888406386845304 ], [ 140.648747029951551, 38.888890278763427 ], [ 140.647195058205398, 38.888564198079337 ], [ 140.645014474738332, 38.888634505278276 ], [ 140.641928339621245, 38.886730386897909 ], [ 140.64034031135634, 38.883900694361614 ], [ 140.639155836772488, 38.883227640843018 ], [ 140.637971673354059, 38.883059332722098 ], [ 140.636913022018462, 38.883465721066216 ], [ 140.635495187752781, 38.886288532889523 ], [ 140.633521283780283, 38.887249080780521 ], [ 140.63155652411433, 38.88751910762079 ], [ 140.630004253793345, 38.889279413614076 ], [ 140.627707275570401, 38.88901638709666 ], [ 140.62605641976802, 38.889507225378225 ], [ 140.62479138841195, 38.890467802047453 ], [ 140.622934137300604, 38.890552000174694 ], [ 140.620851336220198, 38.890212864931812 ], [ 140.615641505151416, 38.893695665822349 ], [ 140.613589532830702, 38.893912360167349 ], [ 140.609552801720497, 38.892429360126926 ], [ 140.608471479375339, 38.888964945875614 ], [ 140.607540636091585, 38.886838026753594 ], [ 140.607144526998354, 38.886602747918516 ], [ 140.604407005079338, 38.886438612651887 ], [ 140.602117250210995, 38.885757279075222 ], [ 140.600576394085351, 38.885828386670767 ], [ 140.597823021615227, 38.885057306149804 ], [ 140.59659469428982, 38.885311225232897 ], [ 140.59315211377907, 38.887004865382266 ], [ 140.591777081846885, 38.888493747888219 ], [ 140.590327056348656, 38.889175171397085 ], [ 140.589547910707552, 38.886178802110066 ], [ 140.586341777251278, 38.884109972896965 ], [ 140.58586291793938, 38.882707467575642 ], [ 140.585621283595401, 38.880054170763401 ], [ 140.58111647244732, 38.881369747615793 ], [ 140.579912309005977, 38.881345054031044 ], [ 140.5785456155877, 38.880896170921631 ], [ 140.57475422762559, 38.878737892439858 ], [ 140.572634746796211, 38.878307639685886 ], [ 140.569790310774238, 38.874784360310059 ], [ 140.568106394094912, 38.874669667071544 ], [ 140.566775551250771, 38.874979387288931 ], [ 140.564124966793884, 38.874573613181781 ], [ 140.562794113157906, 38.873991386693206 ], [ 140.561985771925947, 38.87301335957892 ], [ 140.561712438278505, 38.873685027242288 ], [ 140.560777419442388, 38.874514748057209 ], [ 140.558800169092592, 38.875043919041673 ], [ 140.557667366855526, 38.875855306277401 ], [ 140.555183138990742, 38.875913666882298 ], [ 140.554264253092924, 38.876210891919186 ], [ 140.553578663924213, 38.877687837723556 ], [ 140.553931140609734, 38.878817837673125 ], [ 140.553055524692809, 38.882814747702469 ], [ 140.549691803034307, 38.886105585604355 ], [ 140.547116445967276, 38.889207801498912 ], [ 140.547738391913299, 38.890189171393217 ], [ 140.547472802328002, 38.891071667123811 ], [ 140.545178859316934, 38.892746387335933 ], [ 140.544560776858475, 38.892851667370621 ], [ 140.542330441097079, 38.894749441033923 ], [ 140.53795224370117, 38.900368612921227 ], [ 140.5354999741445, 38.900718612873732 ], [ 140.534097445440807, 38.900508053703788 ], [ 140.530876590082585, 38.899353081379672 ], [ 140.528994890002195, 38.899046414360612 ], [ 140.525995965741345, 38.897452000009821 ], [ 140.525603721934317, 38.899058666724159 ], [ 140.524787588076833, 38.899547837662624 ], [ 140.519501388378444, 38.899748107689049 ], [ 140.515821894964574, 38.900355640200701 ], [ 140.515100778078477, 38.899854251972215 ], [ 140.51142044110054, 38.898983972632266 ], [ 140.510607392816951, 38.898264251494084 ], [ 140.507888754862165, 38.897017053694128 ], [ 140.505212892261284, 38.894937332791756 ], [ 140.503413969379267, 38.894590693605664 ], [ 140.502245616042387, 38.89487236037121 ], [ 140.500335863409418, 38.894785693604945 ], [ 140.497447716738748, 38.897166531810058 ], [ 140.49445377382267, 38.898830667001732 ], [ 140.493921244769695, 38.901056504354244 ], [ 140.492293695797457, 38.902212613421398 ], [ 140.492160635704863, 38.902675107770051 ], [ 140.491983113130232, 38.905016505307515 ], [ 140.49226418904118, 38.906485081121673 ], [ 140.491465278999499, 38.907323135054696 ], [ 140.489926640601993, 38.907924532391291 ], [ 140.488269637034136, 38.909866747852163 ], [ 140.485148469726141, 38.911398694394279 ], [ 140.484231218795799, 38.912173413572248 ], [ 140.482440854761649, 38.916549774552493 ], [ 140.481790025289456, 38.916364801994064 ], [ 140.47952666732192, 38.914572864146407 ], [ 140.477558858954239, 38.91535869444823 ], [ 140.474156588755591, 38.915965919391738 ], [ 140.473564643293685, 38.915861748221175 ], [ 140.472573773860631, 38.91494841473758 ], [ 140.471626834510857, 38.914855639776022 ], [ 140.465117807740739, 38.917093171013107 ], [ 140.464230026694395, 38.917708441291609 ], [ 140.463815835832179, 38.918697306135812 ], [ 140.462122192085531, 38.919431467688128 ], [ 140.461712437578967, 38.92035619827999 ], [ 140.46197494159037, 38.921495641110994 ], [ 140.462469389750595, 38.922031747667063 ], [ 140.462156278189696, 38.924857585709049 ], [ 140.461752387262891, 38.925673694385523 ], [ 140.459358974736915, 38.928011170878904 ], [ 140.458752827181343, 38.93009228033452 ], [ 140.458227523281607, 38.930876999973634 ], [ 140.458308339957966, 38.933884504666196 ], [ 140.455126861415579, 38.936331999722086 ], [ 140.451501529671873, 38.937684224847146 ], [ 140.451531776570278, 38.939422531624587 ], [ 140.451158145132354, 38.940778360333127 ], [ 140.451420337078957, 38.944065865347454 ], [ 140.449582503229976, 38.945595026689205 ], [ 140.451258611995399, 38.947317533277612 ], [ 140.452460531628276, 38.950522251200994 ], [ 140.453551361606173, 38.951811387085911 ], [ 140.453722750804332, 38.952520559176492 ], [ 140.453207717162513, 38.95397500034602 ], [ 140.453359364443145, 38.954881667155291 ], [ 140.45299571997657, 38.956446386791356 ], [ 140.453692633408423, 38.958839170691249 ], [ 140.45262208763927, 38.959596107574384 ], [ 140.451622022638276, 38.962004170955765 ], [ 140.450289221970138, 38.962733361055825 ], [ 140.449834747775412, 38.963324748038758 ], [ 140.450894747194866, 38.964842225388452 ], [ 140.450662776066338, 38.966237504657158 ], [ 140.449824695153666, 38.967936693623585 ], [ 140.450551634250587, 38.968708892001814 ], [ 140.451086614855512, 38.972146386846305 ], [ 140.449329611172629, 38.97289502658424 ], [ 140.446340414878364, 38.973202531771449 ], [ 140.446300077586557, 38.976671135064862 ], [ 140.446007003820228, 38.977475306140491 ], [ 140.446511997430775, 38.979000586008283 ], [ 140.446300052405604, 38.979591972991216 ], [ 140.445067781552893, 38.980648640422487 ], [ 140.442290804577055, 38.981440586114218 ], [ 140.439422698398857, 38.981416999594899 ], [ 140.437867393765259, 38.98194505272204 ], [ 140.436898197094138, 38.984171999837997 ], [ 140.436463695942848, 38.986383386883858 ], [ 140.434312529299859, 38.988807558921735 ], [ 140.432444448552474, 38.98939089157642 ], [ 140.43200997438089, 38.991807279082707 ], [ 140.429010752444356, 38.991712306178044 ], [ 140.423890661125142, 38.992449531720581 ], [ 140.420578145065406, 38.992342864931345 ], [ 140.419840921321565, 38.991862054090575 ], [ 140.417225616369137, 38.99136927866931 ], [ 140.413569754440687, 38.989997333210397 ], [ 140.4129641887464, 38.990352053704385 ], [ 140.410610778065006, 38.994053171316864 ], [ 140.40850046672324, 38.992894305827576 ], [ 140.406975187754824, 38.992622360733435 ], [ 140.405804086089802, 38.991759305647463 ], [ 140.401905965687774, 38.992374027339565 ], [ 140.397704812427264, 38.99141600024825 ], [ 140.394675331001736, 38.991222973361573 ], [ 140.392675862900774, 38.991876865025347 ], [ 140.389696667067597, 38.992212134982083 ], [ 140.386959663157995, 38.994411613205443 ], [ 140.385061311230629, 38.99395799966203 ], [ 140.383082113848559, 38.994005251840974 ], [ 140.37867900073536, 38.995396639743205 ], [ 140.376225109701068, 38.994458332985744 ], [ 140.374427275898142, 38.995976108011007 ], [ 140.374154747143962, 38.997513332674203 ], [ 140.374740311016581, 38.998242504787811 ], [ 140.373528612155837, 38.999346107836686 ], [ 140.372841634433939, 39.001198918994987 ], [ 140.371215499195955, 39.003048918872537 ], [ 140.370753799848103, 39.004058081415394 ], [ 140.368831556531177, 39.005152532063732 ], [ 140.3670079121855, 39.005412278753738 ], [ 140.366652360717922, 39.006167559085611 ], [ 140.365774553153187, 39.006854775127806 ], [ 140.365297587813529, 39.008403946385044 ], [ 140.36403367071739, 39.009495333043219 ], [ 140.363806692624848, 39.011418946027561 ], [ 140.364056419967824, 39.012787838288148 ], [ 140.36260333317739, 39.013569503829615 ], [ 140.362913580397503, 39.016233667150061 ], [ 140.362603281016618, 39.018213665828057 ], [ 140.36143046704251, 39.01883008094353 ], [ 140.36073433242359, 39.019898133791912 ], [ 140.361233773619801, 39.02082174922441 ], [ 140.360961284435803, 39.022187586487973 ], [ 140.361498469279013, 39.022996198415854 ], [ 140.361430143286498, 39.02438258608754 ], [ 140.362080972758804, 39.025075892338634 ], [ 140.362209558724203, 39.025955333072204 ], [ 140.357835642101236, 39.025326748330826 ], [ 140.355141750791176, 39.023993170648339 ], [ 140.354165641930877, 39.023848440952861 ], [ 140.351653358815497, 39.024503440581384 ], [ 140.348278339873559, 39.024842638776818 ], [ 140.345039390155762, 39.025984305631255 ], [ 140.344252438399394, 39.025824864825722 ], [ 140.339379026620804, 39.028913775250601 ], [ 140.338622361333023, 39.02882238704359 ], [ 140.337472049295684, 39.029784080670822 ], [ 140.333968419207281, 39.030571586409621 ], [ 140.332409493903128, 39.030512413716963 ], [ 140.331493941792019, 39.030943278909263 ], [ 140.33060836588345, 39.033041053701709 ], [ 140.329057224211624, 39.034241612660367 ], [ 140.329339973760852, 39.036341053896592 ], [ 140.330199143775531, 39.037929946409974 ], [ 140.330947198054787, 39.038426026839716 ], [ 140.332042995887605, 39.040260197750001 ], [ 140.337304695355442, 39.042536559015048 ], [ 140.338879417251405, 39.044360721370253 ], [ 140.340191634236589, 39.044493775167666 ], [ 140.342724162889908, 39.04561653197743 ], [ 140.341359390423577, 39.04937683757106 ], [ 140.341385472561569, 39.050699332907925 ], [ 140.338938223020591, 39.05180710791177 ], [ 140.33773736728574, 39.053390440816258 ], [ 140.335388444221394, 39.054963505261583 ], [ 140.333970895040807, 39.057582694385871 ], [ 140.332940895206207, 39.058327135189188 ], [ 140.331963359121801, 39.058209359974057 ], [ 140.331484188644481, 39.059099639336921 ], [ 140.333288636961129, 39.060916027053054 ], [ 140.333380271582314, 39.063348532209034 ], [ 140.333734447986444, 39.064497107655427 ], [ 140.335866939307834, 39.065799054382921 ], [ 140.336811362354524, 39.067285441270144 ], [ 140.338379689171347, 39.068219053566509 ], [ 140.338727471395714, 39.069226838347959 ], [ 140.340459416369072, 39.071621251819352 ], [ 140.343359416104249, 39.073972360236269 ], [ 140.343667717191465, 39.07572958605158 ], [ 140.342342139877928, 39.077832081385509 ], [ 140.342329052943455, 39.079057639698362 ], [ 140.34127267239603, 39.0796048645729 ], [ 140.34131849465291, 39.080650973063996 ], [ 140.341909027279826, 39.081623197752435 ], [ 140.341942088156884, 39.083602919439215 ], [ 140.345012387112092, 39.082357333224422 ], [ 140.346042672031786, 39.082260108417302 ], [ 140.347643502145957, 39.08311455878993 ], [ 140.354053527948054, 39.084925639606638 ], [ 140.354947106923532, 39.086990359817321 ], [ 140.35488905298746, 39.088626197840824 ], [ 140.356621245274368, 39.090825639191962 ], [ 140.356266226205435, 39.092663694274108 ], [ 140.356446498906848, 39.093423134869852 ], [ 140.357522088074006, 39.092814532164994 ], [ 140.359794863742081, 39.093332279061485 ], [ 140.362120726390458, 39.092965055293121 ], [ 140.365278495206439, 39.093532558980485 ], [ 140.365469339438505, 39.094760027453333 ], [ 140.365241555553439, 39.09517894605159 ], [ 140.365946251718242, 39.097072802268087 ], [ 140.365930414656987, 39.098288080430621 ], [ 140.368611245112902, 39.099643640241879 ], [ 140.369893476003199, 39.099540306340145 ], [ 140.370735693797315, 39.100043918592007 ], [ 140.37351377424136, 39.100274440912756 ], [ 140.374685161890739, 39.101090000103454 ], [ 140.375650441114999, 39.100312775414295 ], [ 140.378218249272891, 39.100225278573816 ], [ 140.379694085313872, 39.101412747900042 ], [ 140.381455745686139, 39.101653586344014 ], [ 140.382219636127388, 39.102345252231657 ], [ 140.383479921761023, 39.102436359850174 ], [ 140.384782436860064, 39.101635531554564 ], [ 140.385776057319276, 39.101971081200475 ], [ 140.386666056993022, 39.103131613133485 ], [ 140.38896216557157, 39.102934387312189 ], [ 140.389514668567131, 39.103779386709391 ], [ 140.390442437968204, 39.103786612762008 ], [ 140.391379662841246, 39.104784666878913 ], [ 140.392677444808328, 39.105027134894385 ], [ 140.393567716976577, 39.106975749031619 ], [ 140.395235772313072, 39.107590198229104 ], [ 140.396022723170177, 39.108270747596976 ], [ 140.396664941633844, 39.109374640227543 ], [ 140.396721025155216, 39.110523802031878 ], [ 140.397967418061967, 39.110928801822809 ], [ 140.398346860918991, 39.111638775209371 ], [ 140.399269923268434, 39.111755440661113 ], [ 140.400506589107863, 39.112877387181697 ], [ 140.400924642558266, 39.114295440881961 ], [ 140.400563774298803, 39.115349333005383 ], [ 140.403222917603671, 39.118782360017974 ], [ 140.403128754988074, 39.119494026827908 ], [ 140.403991530384928, 39.120957359594513 ], [ 140.40541930036045, 39.12126874805432 ], [ 140.407372360745967, 39.122615972948836 ], [ 140.407356497604383, 39.124772054386881 ], [ 140.405944526918461, 39.12684291876576 ], [ 140.40748202317684, 39.128574838557995 ], [ 140.407223111957137, 39.12994594584876 ], [ 140.407693385441462, 39.130697333015576 ], [ 140.407097523432071, 39.131250107606434 ], [ 140.406618911433725, 39.132627612674241 ], [ 140.406877782183983, 39.133803441175928 ], [ 140.408187782340292, 39.134585387305833 ], [ 140.408273890627584, 39.135147333182942 ], [ 140.410658611206031, 39.137053440863667 ], [ 140.41268224409032, 39.13683953171909 ], [ 140.415333112733038, 39.137031748316588 ], [ 140.418494254006646, 39.13663172087729 ], [ 140.419380635707853, 39.136222559023906 ], [ 140.419717859891421, 39.136595053718793 ], [ 140.419827587972918, 39.137590613116345 ], [ 140.419184527743823, 39.138149504895807 ], [ 140.419811997325837, 39.139328386595821 ], [ 140.423584811589876, 39.140965305604425 ], [ 140.424368974548656, 39.142131693922579 ], [ 140.425090610343432, 39.144434468276131 ], [ 140.424831725204058, 39.144751973025166 ], [ 140.425310052117311, 39.145360027143568 ], [ 140.427482866341279, 39.146172224668476 ], [ 140.427372827094359, 39.146761667317151 ], [ 140.42781228261083, 39.147359999764205 ], [ 140.42697282663471, 39.148047224799654 ], [ 140.427341413775252, 39.149913053644582 ], [ 140.426800000319872, 39.151965559263203 ], [ 140.427890271818683, 39.153275559419569 ], [ 140.428713605648454, 39.153544170726946 ], [ 140.428792218086414, 39.154475837789732 ], [ 140.429302218222801, 39.154781386951527 ], [ 140.429561088973173, 39.157475279160849 ], [ 140.430227756405884, 39.158541386775653 ], [ 140.429757445150017, 39.160612225074203 ], [ 140.430306329273776, 39.161653586044224 ], [ 140.430220220087108, 39.162362467653793 ], [ 140.431239662780285, 39.163727749136342 ], [ 140.43246355375004, 39.163587197691072 ], [ 140.433051893829884, 39.163966081169747 ], [ 140.433922723554929, 39.166635532503847 ], [ 140.435326614731594, 39.16648300029027 ], [ 140.436456083181724, 39.167041892069733 ], [ 140.43815856006961, 39.169390774664578 ], [ 140.446190946654951, 39.16360350509774 ], [ 140.460198222969666, 39.175507305817575 ], [ 140.456836200130624, 39.177914001330123 ], [ 140.458955939964767, 39.17986177460125 ], [ 140.458082022867075, 39.180369279118963 ], [ 140.45742005259342, 39.181335385719535 ], [ 140.455251413921701, 39.183199558912577 ], [ 140.454602217618344, 39.184535946077119 ], [ 140.449968197274529, 39.190635414392887 ], [ 140.449658197367967, 39.191535973006808 ], [ 140.450365940435859, 39.194267359750881 ], [ 140.447799493851676, 39.196714891678937 ], [ 140.447978949069352, 39.197706558810694 ], [ 140.447763645076179, 39.198198505057007 ], [ 140.448246446116627, 39.198188467723639 ], [ 140.448370336721723, 39.198604306143864 ], [ 140.447535305410042, 39.199035440233445 ], [ 140.447522243656636, 39.199557946342225 ], [ 140.44695500616865, 39.199806559425213 ], [ 140.447082217970092, 39.201158504861155 ], [ 140.446501673213675, 39.200722107039667 ], [ 140.445578585683279, 39.201018503800981 ], [ 140.445265526283038, 39.201698224893221 ], [ 140.444166614997357, 39.201995171140311 ], [ 140.443390506366882, 39.202852108138359 ], [ 140.444016860789588, 39.204582107878025 ], [ 140.443553502192458, 39.206387666857381 ], [ 140.443759053037979, 39.207369332628673 ], [ 140.445076278347642, 39.208008505088515 ], [ 140.442950143434473, 39.209885169864776 ], [ 140.442399001113131, 39.210917667116689 ], [ 140.445223475782882, 39.212494891825827 ], [ 140.442835914246075, 39.215345721128188 ], [ 140.443638417978718, 39.21530517069715 ], [ 140.446403747834779, 39.213565441192202 ], [ 140.446723449627598, 39.215107360316495 ], [ 140.445602022915068, 39.216320999014954 ], [ 140.446899000888266, 39.216572360426142 ], [ 140.44635452703983, 39.217738774824625 ], [ 140.446781193297511, 39.218075694138008 ], [ 140.448622049767891, 39.217302919294355 ], [ 140.449949584905539, 39.217196801990895 ], [ 140.452780441164464, 39.217615386940622 ], [ 140.454691308956853, 39.217550946019401 ], [ 140.457261050657053, 39.218395359957924 ], [ 140.462854448873827, 39.217652000139765 ], [ 140.463316419817033, 39.217642559056912 ] ] ] } },
{ "type": "Feature", "properties": { "regioncode": "0520900", "regionname": "秋田県鹿角市", "name": "鹿角市", "namekana": "かづのし", "PrefCode": "05" }, "geometry": { "type": "Polygon", "coordinates": [ [ [ 140.977393799983929, 40.429074838333179 ], [ 140.978639363715729, 40.428990386597093 ], [ 140.980165188572641, 40.428425359642688 ], [ 140.984227690655416, 40.428177027148138 ], [ 140.985153554393037, 40.427217865112425 ], [ 140.985452477350009, 40.421523107905159 ], [ 140.982185005633596, 40.418722000320088 ], [ 140.979701698674489, 40.41770922520061 ], [ 140.979105576761071, 40.417151972885279 ], [ 140.978759195680368, 40.415979748866391 ], [ 140.979226719037911, 40.415170027175066 ], [ 140.980147561860576, 40.415541973283496 ], [ 140.981546445612025, 40.415432532085731 ], [ 140.982737834183808, 40.413510865234286 ], [ 140.982543139054656, 40.41203555889399 ], [ 140.98193396887757, 40.411177774734597 ], [ 140.982321217849972, 40.408826667216999 ], [ 140.981403748384309, 40.405646359591856 ], [ 140.982412633036688, 40.404670532219313 ], [ 140.98418347638642, 40.404435801970749 ], [ 140.98575846987751, 40.403192749146115 ], [ 140.985088494738307, 40.402372441535022 ], [ 140.985437664616597, 40.401830775370058 ], [ 140.985356005275435, 40.400961891777911 ], [ 140.986656031051098, 40.400042720795 ], [ 140.986045473220088, 40.399181054262272 ], [ 140.987291854435625, 40.398372721124247 ], [ 140.987342140027749, 40.39728963970515 ], [ 140.98768077794557, 40.397093531741177 ], [ 140.987251051295061, 40.396634918866482 ], [ 140.987647717068512, 40.395737694039383 ], [ 140.987192723965109, 40.395228532071144 ], [ 140.98717688600459, 40.394701306320258 ], [ 140.985804968424645, 40.393811305747192 ], [ 140.985551362305614, 40.392392414778158 ], [ 140.985721389030914, 40.391506837970269 ], [ 140.98477888513753, 40.390352945731934 ], [ 140.98440919632742, 40.388426559238383 ], [ 140.98552807975716, 40.387392946827106 ], [ 140.985310854812155, 40.387219613294576 ], [ 140.986120052198771, 40.385388467703649 ], [ 140.986055615774148, 40.384751801654375 ], [ 140.987646717921734, 40.382452359289005 ], [ 140.98778535740837, 40.381684838284684 ], [ 140.989129246717425, 40.380260108017637 ], [ 140.989963449753418, 40.378792053810287 ], [ 140.990711218947695, 40.378018721386923 ], [ 140.993600660642073, 40.376966748416748 ], [ 140.994102607349532, 40.376405080430175 ], [ 140.993372362344758, 40.375492864803903 ], [ 140.993435422806556, 40.3751150811961 ], [ 140.993813191125923, 40.37511758580797 ], [ 140.993924864441055, 40.374093667189015 ], [ 140.994974578314213, 40.372913387043241 ], [ 140.995210725894367, 40.372018108349096 ], [ 140.99501267179744, 40.370169774915212 ], [ 140.994027419529857, 40.369385333166633 ], [ 140.993822970353904, 40.368670586178666 ], [ 140.994145472635523, 40.368017252094546 ], [ 140.993420194586406, 40.367445586344786 ], [ 140.992334112129583, 40.367115865205051 ], [ 140.991594357693543, 40.367426414597389 ], [ 140.990960505622866, 40.366989468189445 ], [ 140.991481051209576, 40.366701973817101 ], [ 140.991734967594766, 40.363803360836471 ], [ 140.992421089162008, 40.362869720661138 ], [ 140.991182775764514, 40.361063613095325 ], [ 140.993068054247374, 40.360827774881955 ], [ 140.993275837210149, 40.359201108144703 ], [ 140.992969196271474, 40.357693305701559 ], [ 140.993873916947791, 40.356864135271678 ], [ 140.994025305223772, 40.356238585742176 ], [ 140.995271413944693, 40.355634693686227 ], [ 140.995244747247398, 40.355243585722974 ], [ 140.994434501251249, 40.354914973447308 ], [ 140.994451725067165, 40.354591332623954 ], [ 140.994817003601952, 40.353804387162768 ], [ 140.995432282873594, 40.353365224825325 ], [ 140.994410894946895, 40.353092170867058 ], [ 140.994629780040327, 40.352650504817007 ], [ 140.993156719307194, 40.352291892057224 ], [ 140.992812021757459, 40.351802170733663 ], [ 140.993569248222343, 40.351586613131758 ], [ 140.993808418423782, 40.350787721076529 ], [ 140.993512581040818, 40.350527999567589 ], [ 140.991835083722208, 40.349955224953703 ], [ 140.990769532787795, 40.350329386991689 ], [ 140.988111504642234, 40.348963558721323 ], [ 140.98737955812021, 40.347806892074459 ], [ 140.985503747699909, 40.347053837564602 ], [ 140.984776808602874, 40.346425776228671 ], [ 140.983834034013512, 40.346263277728156 ], [ 140.983105422177573, 40.345332973138227 ], [ 140.981734889553536, 40.344891333168562 ], [ 140.981928494704334, 40.344724080851677 ], [ 140.981227950709467, 40.344328252346997 ], [ 140.981978781195835, 40.343797693708666 ], [ 140.980899053348708, 40.343268252028281 ], [ 140.978738495085508, 40.343437972984134 ], [ 140.977935719757738, 40.343916612861449 ], [ 140.97734544703485, 40.343131054154867 ], [ 140.976151284054595, 40.343702442014148 ], [ 140.975608223041149, 40.343273000448676 ], [ 140.97484961072098, 40.343244107929308 ], [ 140.973927107749887, 40.344141613344846 ], [ 140.971859339736852, 40.343708559202696 ], [ 140.971719338676621, 40.344174107648996 ], [ 140.972260726051786, 40.344953837849403 ], [ 140.97215988327207, 40.345553027350377 ], [ 140.970929339117788, 40.345938027118336 ], [ 140.969994305892556, 40.346643027253947 ], [ 140.969213748315951, 40.348438585772158 ], [ 140.969846252302773, 40.349064171274563 ], [ 140.969726808845166, 40.349328892114727 ], [ 140.968977639406603, 40.349292775341382 ], [ 140.968839000819344, 40.350029170809648 ], [ 140.967800116582225, 40.350188054035527 ], [ 140.968514838389183, 40.350671945953593 ], [ 140.968354279726327, 40.350866386574523 ], [ 140.965386225593875, 40.350293612860014 ], [ 140.964044034204903, 40.348619999713264 ], [ 140.962081283624457, 40.34713389161584 ], [ 140.963371828746972, 40.346173893210675 ], [ 140.965167691236047, 40.342728585955513 ], [ 140.966261581606773, 40.341921332903269 ], [ 140.966578002672804, 40.340565505094048 ], [ 140.968170777559408, 40.338721865221942 ], [ 140.968558029229712, 40.337492134954118 ], [ 140.967115279246855, 40.335226865027835 ], [ 140.967416938840756, 40.333662107620228 ], [ 140.965600311005574, 40.332029613276063 ], [ 140.965518079695698, 40.331031837949013 ], [ 140.964304772847072, 40.329399054023156 ], [ 140.962549780048334, 40.328170412834311 ], [ 140.962501724774825, 40.327650973413768 ], [ 140.962899531788025, 40.32723097293109 ], [ 140.962742022726275, 40.325839306239061 ], [ 140.96305730165318, 40.324674026784976 ], [ 140.962577613166332, 40.323854837930469 ], [ 140.962577613166332, 40.323161775395647 ], [ 140.96107066058255, 40.322874837703637 ], [ 140.96142566796027, 40.323455946334889 ], [ 140.96032871629734, 40.323896802095817 ], [ 140.9596570297482, 40.325513748061098 ], [ 140.958656226403832, 40.324264586141794 ], [ 140.957984279950665, 40.324694864976095 ], [ 140.957339830269007, 40.324516252423166 ], [ 140.95767594019253, 40.322431801986113 ], [ 140.958909856804553, 40.321623440069743 ], [ 140.958978469680687, 40.319534001093302 ], [ 140.958903502194971, 40.318846224773495 ], [ 140.95788878094254, 40.317155639621149 ], [ 140.957127976974675, 40.313989802087747 ], [ 140.957333838985505, 40.311669224754951 ], [ 140.956902192282428, 40.309637251557945 ], [ 140.957580829691551, 40.306513333223791 ], [ 140.956895550789113, 40.304718054394755 ], [ 140.953913671378928, 40.301352468441735 ], [ 140.949807562069395, 40.300139441282226 ], [ 140.94827175114051, 40.299383613263217 ], [ 140.946297588163247, 40.299131386704175 ], [ 140.944947301976413, 40.298044720587427 ], [ 140.943973722009673, 40.296259414340568 ], [ 140.945173721590095, 40.294752747741143 ], [ 140.945105135693552, 40.293891892396971 ], [ 140.944138754799724, 40.292133000137881 ], [ 140.944509053350203, 40.291282441131784 ], [ 140.944337665051307, 40.289975198296816 ], [ 140.944597977414787, 40.288137693599708 ], [ 140.946312140093255, 40.287402666899595 ], [ 140.948978807126309, 40.287061559443487 ], [ 140.952392698364406, 40.287418774656771 ], [ 140.954264358413525, 40.284756802084814 ], [ 140.956786861424575, 40.284725386967068 ], [ 140.956786886605641, 40.283717612977512 ], [ 140.957513554107322, 40.2824256658119 ], [ 140.957582166084194, 40.282037585865965 ], [ 140.956341634059186, 40.280877027852625 ], [ 140.954284968176808, 40.27974286494134 ], [ 140.95347610893532, 40.276634775574507 ], [ 140.952708638293075, 40.275626720996456 ], [ 140.952701699124191, 40.273448080964215 ], [ 140.95294866464917, 40.273090864851611 ], [ 140.952777276350275, 40.271248359923902 ], [ 140.949836744170511, 40.269079722151503 ], [ 140.949589830806076, 40.267399721120285 ], [ 140.948253163952472, 40.266060802364166 ], [ 140.947265965551878, 40.264454134750565 ], [ 140.947273216785561, 40.261750224992966 ], [ 140.94633408624918, 40.258931026645598 ], [ 140.945710466664764, 40.258074918822501 ], [ 140.948034384079619, 40.255424053777119 ], [ 140.948946057414673, 40.254977667185642 ], [ 140.948946082595739, 40.253780414134837 ], [ 140.949329974398893, 40.253035135163429 ], [ 140.950405524895132, 40.252329586441306 ], [ 140.95165357974895, 40.252137081161436 ], [ 140.95424219192364, 40.250549278626352 ], [ 140.955073891247139, 40.247628134930551 ], [ 140.950447523234629, 40.246810359810297 ], [ 140.94677114057572, 40.246946224888404 ], [ 140.944494475339866, 40.246164278758499 ], [ 140.943618391775431, 40.245125667015998 ], [ 140.943143671143616, 40.24302761343364 ], [ 140.940165642630404, 40.240475946307924 ], [ 140.941372891645642, 40.236547586202221 ], [ 140.940846252252754, 40.232342000183223 ], [ 140.942124061176514, 40.230417837713105 ], [ 140.942280169094602, 40.229358081110604 ], [ 140.941998249619587, 40.228080306361107 ], [ 140.940959922062802, 40.226898359771553 ], [ 140.937966588886979, 40.227328359815999 ], [ 140.936244642576298, 40.227032278716763 ], [ 140.934106057448616, 40.226073386477651 ], [ 140.930953554163239, 40.22649422512842 ], [ 140.925346888248328, 40.226066467993178 ], [ 140.922240245890748, 40.225291225409762 ], [ 140.918805811439142, 40.223601505405213 ], [ 140.917760803718238, 40.223430108113064 ], [ 140.91558552535173, 40.223805945587969 ], [ 140.910723332615817, 40.223084585884976 ], [ 140.909329171204377, 40.223533198298526 ], [ 140.905159442054696, 40.22191933341054 ], [ 140.904035057472015, 40.217913197236328 ], [ 140.901878106389518, 40.216306251732192 ], [ 140.899470052001334, 40.215934586212256 ], [ 140.898051479392279, 40.215387080749224 ], [ 140.895787302142367, 40.213646252272781 ], [ 140.899108716094474, 40.212387053919429 ], [ 140.898299856852987, 40.208994277863667 ], [ 140.898685693889774, 40.208054251602505 ], [ 140.896605720277876, 40.20717789194623 ], [ 140.89578739297383, 40.205638972960287 ], [ 140.894087418899289, 40.204471197887528 ], [ 140.892052724353789, 40.202210919198592 ], [ 140.889525227407375, 40.20053563960812 ], [ 140.889326083332094, 40.199743972706244 ], [ 140.889608028887437, 40.198837027107174 ], [ 140.891247224979566, 40.196945613449373 ], [ 140.891520001047297, 40.194903945560668 ], [ 140.892031699103654, 40.193863081915765 ], [ 140.89189085627811, 40.19310197307766 ], [ 140.892693645095733, 40.192458080975712 ], [ 140.87993347574934, 40.183151414406325 ], [ 140.878701802945898, 40.182700306374102 ], [ 140.877647951292033, 40.181032251936927 ], [ 140.876104059954514, 40.180519748087931 ], [ 140.875442140042765, 40.179612801589599 ], [ 140.87323019541725, 40.178955027552547 ], [ 140.872421310095433, 40.17821697283506 ], [ 140.868497691215566, 40.177826441337231 ], [ 140.867069637054215, 40.177182837917712 ], [ 140.863980776991298, 40.175131171366502 ], [ 140.860308833386057, 40.173271721412846 ], [ 140.859189974238006, 40.171425891691626 ], [ 140.859985278897511, 40.168791693781714 ], [ 140.861449170143146, 40.167579747607306 ], [ 140.86167807997947, 40.165665000139711 ], [ 140.863782283125943, 40.163749972982941 ], [ 140.865680609872356, 40.163117468096743 ], [ 140.866938689468952, 40.162239387138072 ], [ 140.868791504224646, 40.159516305633076 ], [ 140.875478443875181, 40.160776837680942 ], [ 140.880028470237789, 40.159815413850311 ], [ 140.881004578198826, 40.159977919545383 ], [ 140.882403190355035, 40.15900344205528 ], [ 140.883606834887587, 40.157317054038856 ], [ 140.882712113773096, 40.156779837719398 ], [ 140.882273216735598, 40.155917892396872 ], [ 140.882842386866741, 40.155018414768108 ], [ 140.883151310284802, 40.153582026589334 ], [ 140.882371025202701, 40.150846198093632 ], [ 140.879492438325428, 40.149022026745172 ], [ 140.878858275089442, 40.147922585758806 ], [ 140.877186615270148, 40.146223973257804 ], [ 140.876861607477281, 40.144987305619736 ], [ 140.874544423286579, 40.143100081003979 ], [ 140.874275837160212, 40.139915053736786 ], [ 140.874633891441022, 40.13950672105841 ], [ 140.871200557759607, 40.137404802189906 ], [ 140.868935032425838, 40.134231171131717 ], [ 140.866988949880238, 40.132367837006143 ], [ 140.86720255505395, 40.130627279225621 ], [ 140.868641997330428, 40.129255612556506 ], [ 140.869335084146883, 40.127965586342782 ], [ 140.872813165395314, 40.12421333327876 ], [ 140.874036782971189, 40.122385838036053 ], [ 140.870852917628099, 40.117773027303429 ], [ 140.871203217054926, 40.115951640256071 ], [ 140.877898222724866, 40.115229946005229 ], [ 140.879842387016652, 40.114527999967265 ], [ 140.881026834620798, 40.113726304725219 ], [ 140.88049878059428, 40.112222694022137 ], [ 140.879224357618114, 40.111105198246378 ], [ 140.879637445012122, 40.106251558962356 ], [ 140.879239948265081, 40.105586838561806 ], [ 140.877491893735964, 40.105328225017615 ], [ 140.876931089098548, 40.102487945662233 ], [ 140.877368611971974, 40.100638774959577 ], [ 140.877034163096255, 40.099620441130526 ], [ 140.877331114739263, 40.098086251679206 ], [ 140.87565780826128, 40.096415135050506 ], [ 140.875335862659995, 40.094565693651873 ], [ 140.873752283341219, 40.093922639718073 ], [ 140.871925084874874, 40.090995693596426 ], [ 140.86830732812075, 40.089750135260601 ], [ 140.867493449762947, 40.089020413661217 ], [ 140.866544034579647, 40.087352918602392 ], [ 140.862826550205227, 40.084705945822805 ], [ 140.861482944182626, 40.084719027361302 ], [ 140.858970440733287, 40.08608625227879 ], [ 140.858071555757761, 40.086235973211672 ], [ 140.854919882546596, 40.085162919233369 ], [ 140.85409686078151, 40.084381531582494 ], [ 140.854088274953938, 40.081874306254292 ], [ 140.851450505836283, 40.081104586407605 ], [ 140.851769688720196, 40.079883747736801 ], [ 140.851324695178619, 40.077854837630696 ], [ 140.849308612102845, 40.077098720929257 ], [ 140.846855577223209, 40.075379558919565 ], [ 140.845772243993906, 40.07543761285558 ], [ 140.844477808404235, 40.074590946115336 ], [ 140.84441089524671, 40.073105386604368 ], [ 140.845217275956543, 40.071282054323376 ], [ 140.845250921393017, 40.070319801317851 ], [ 140.84611702877794, 40.069188693403532 ], [ 140.846276498361817, 40.067450919024736 ], [ 140.847024280146456, 40.066630640191931 ], [ 140.84723483841708, 40.065196440963007 ], [ 140.848772088261285, 40.062966721237274 ], [ 140.851091244665326, 40.061306134770348 ], [ 140.850780725849859, 40.059528918824583 ], [ 140.850167691285947, 40.058198081376418 ], [ 140.851327134139979, 40.056524999728992 ], [ 140.851141894482907, 40.053423891799241 ], [ 140.852158274984504, 40.052506945739026 ], [ 140.852418301363628, 40.050794694119872 ], [ 140.85361968859786, 40.049806360774994 ], [ 140.855365836564147, 40.046698864960717 ], [ 140.855618365295413, 40.043933838176144 ], [ 140.855038080443137, 40.04348133259748 ], [ 140.854416719056417, 40.042279946262568 ], [ 140.854727004048073, 40.041375225586251 ], [ 140.854643385084273, 40.040128837176155 ], [ 140.855323411046697, 40.038558558830459 ], [ 140.855222580857458, 40.037137441140032 ], [ 140.854617588031374, 40.036219387115068 ], [ 140.852290947469328, 40.034461892402476 ], [ 140.85204732742227, 40.033492999702219 ], [ 140.851198470832855, 40.032918000165637 ], [ 140.85040902705498, 40.031709946257081 ], [ 140.850492917614133, 40.031186891561845 ], [ 140.851778223286487, 40.02948661261712 ], [ 140.851677393097248, 40.029118279085367 ], [ 140.850761829295038, 40.028666054095197 ], [ 140.851434059934036, 40.02748966711448 ], [ 140.852332672414946, 40.02670825158458 ], [ 140.851770466633752, 40.025577414366239 ], [ 140.852677691022677, 40.024912134587396 ], [ 140.854617977437783, 40.024201305945553 ], [ 140.855601024567704, 40.02219241384887 ], [ 140.855416031324808, 40.021694080617351 ], [ 140.853862438101146, 40.020938251699022 ], [ 140.853097717585683, 40.020150198273086 ], [ 140.853441894427988, 40.019368252143181 ], [ 140.853097445990443, 40.018651026623616 ], [ 140.85423192006715, 40.016835747771609 ], [ 140.855861919691961, 40.015705468132921 ], [ 140.855467198252654, 40.013921865201951 ], [ 140.854022476955834, 40.013372694194516 ], [ 140.853509727591927, 40.012409918682863 ], [ 140.851687223586509, 40.011860747675428 ], [ 140.848998638276612, 40.00806827872816 ], [ 140.849174499803439, 40.005503252173412 ], [ 140.848485616418088, 40.003519945788923 ], [ 140.84888894886592, 40.002761333468811 ], [ 140.849672555144366, 40.002222694421846 ], [ 140.850918690844992, 39.99955797262237 ], [ 140.850554837735672, 39.995844359829391 ], [ 140.850807327796019, 39.993753532299706 ], [ 140.849481530148523, 39.989273802344144 ], [ 140.848149299650572, 39.987812440891503 ], [ 140.848360169086618, 39.986483838258607 ], [ 140.847890999070387, 39.983759387086081 ], [ 140.847834086374064, 39.980922440618201 ], [ 140.846882995753731, 39.976172720694535 ], [ 140.846482166119131, 39.975534945781192 ], [ 140.845312723703273, 39.974959108076405 ], [ 140.846348275052947, 39.973519946388478 ], [ 140.846146913249527, 39.972132440859525 ], [ 140.847700804148872, 39.96965938707109 ], [ 140.847205837079741, 39.96809605418963 ], [ 140.847149999972544, 39.965603000378223 ], [ 140.84840693922888, 39.963308532163069 ], [ 140.8487908562131, 39.961944918922939 ], [ 140.847935305070337, 39.959332973837718 ], [ 140.844718392340042, 39.96109355862086 ], [ 140.843996692693281, 39.962258278696652 ], [ 140.842790336704752, 39.96235161213724 ], [ 140.841386420347135, 39.96363661293941 ], [ 140.83979810609776, 39.964218837629289 ], [ 140.838054228020269, 39.965409693802371 ], [ 140.836302554619238, 39.96519886573509 ], [ 140.832002826669168, 39.966031666728099 ], [ 140.82682783443704, 39.969890865371212 ], [ 140.821973411843601, 39.971417252304377 ], [ 140.81977369619915, 39.971733667974434 ], [ 140.818893968581847, 39.973202558551293 ], [ 140.818005356562026, 39.973958945948652 ], [ 140.815095913945356, 39.97475786498353 ], [ 140.814328689717286, 39.975622027134875 ], [ 140.813608418194008, 39.975874251895277 ], [ 140.81098897456161, 39.975615108650402 ], [ 140.804975422078087, 39.973596801551196 ], [ 140.80335652368467, 39.97334264055047 ], [ 140.803020725825945, 39.971529585721839 ], [ 140.801565162302495, 39.970538198279257 ], [ 140.801240466574313, 39.969502360045908 ], [ 140.800317134428269, 39.96974319669124 ], [ 140.799746304148698, 39.970275721247617 ], [ 140.798625746181301, 39.97047655964559 ], [ 140.792536588592725, 39.970667972249146 ], [ 140.789886640855912, 39.968019666674309 ], [ 140.785171698615045, 39.965300775110734 ], [ 140.781332284157656, 39.964065802694677 ], [ 140.778597275843708, 39.963679441353179 ], [ 140.777400610050222, 39.964045279266259 ], [ 140.776025330804487, 39.963717252449271 ], [ 140.774882282591307, 39.963985307076314 ], [ 140.772740636171534, 39.963575306155519 ], [ 140.771462023253889, 39.964238945570912 ], [ 140.77072561609441, 39.965059504992212 ], [ 140.767974527002934, 39.964134802279375 ], [ 140.767771478970644, 39.963142838371368 ], [ 140.763518443821226, 39.962299803093515 ], [ 140.756999273597671, 39.963821802234463 ], [ 140.756660116771059, 39.964150134820898 ], [ 140.757260362975444, 39.965149585584982 ], [ 140.757028145432628, 39.966171252301478 ], [ 140.758043670678944, 39.96757402741946 ], [ 140.756823087415569, 39.969580171187999 ], [ 140.754721140668153, 39.96983350481247 ], [ 140.751204448826343, 39.97170602731137 ], [ 140.750032217612784, 39.972884387404633 ], [ 140.749518885488214, 39.973943559447775 ], [ 140.750960779316529, 39.978157721401772 ], [ 140.755075719968545, 39.981104639667421 ], [ 140.753951803033374, 39.983297414344236 ], [ 140.753913190641356, 39.984632413854854 ], [ 140.752372892095309, 39.985579667068009 ], [ 140.7512778856659, 39.986906613149756 ], [ 140.749495641610679, 39.988107467085968 ], [ 140.747965083621807, 39.988241639640023 ], [ 140.746522866037481, 39.987925802234031 ], [ 140.745497301659157, 39.9881555592317 ], [ 140.74405452739461, 39.989746387086143 ], [ 140.743817833925959, 39.990831946137462 ], [ 140.742346160846751, 39.991810865379193 ], [ 140.742196419229458, 39.992954748163129 ], [ 140.740130026279758, 39.994625306312912 ], [ 140.739160272029039, 39.996652558968492 ], [ 140.738513890603599, 39.997185891116033 ], [ 140.736884721053116, 39.996740332800186 ], [ 140.734889728877988, 39.997541197967962 ], [ 140.734450803961522, 39.998527864869118 ], [ 140.733042477328581, 39.999567586375065 ], [ 140.732162192131568, 39.999805359929496 ], [ 140.732439105080744, 40.000845081435386 ], [ 140.731423281259481, 40.002178440582611 ], [ 140.731160195386792, 40.003624838215785 ], [ 140.731548520847582, 40.00439066669594 ], [ 140.731519611241083, 40.005975945733383 ], [ 140.732156004795797, 40.007166774926759 ], [ 140.731987366623684, 40.007965666981988 ], [ 140.732594864061753, 40.009340108059575 ], [ 140.731599001592713, 40.010320108286408 ], [ 140.72424038888289, 40.012020441190487 ], [ 140.723595940100608, 40.012606279356362 ], [ 140.723156472892924, 40.01475710785428 ], [ 140.721669780236198, 40.015798774593804 ], [ 140.721061996813773, 40.01694738781174 ], [ 140.719730609879775, 40.017615747768616 ], [ 140.717964773055883, 40.017459918640384 ], [ 140.715475032346944, 40.01821991861442 ], [ 140.713325837017805, 40.020860506207441 ], [ 140.71332221814589, 40.022403838166667 ], [ 140.710202775737571, 40.023129946290055 ], [ 140.7078155253663, 40.02504469375765 ], [ 140.706768585901614, 40.025297747692946 ], [ 140.706775772384049, 40.028124693699681 ], [ 140.703319637291543, 40.029537775048311 ], [ 140.700976549927873, 40.031356667376372 ], [ 140.70012710787978, 40.032657251630894 ], [ 140.700969340063011, 40.033693359660845 ], [ 140.700902918834686, 40.034684468313628 ], [ 140.700441803146759, 40.03587253209173 ], [ 140.699292334673601, 40.037097801722211 ], [ 140.699336226086075, 40.038361135158311 ], [ 140.6989320491748, 40.039152802060244 ], [ 140.69934341076987, 40.03981974828281 ], [ 140.698347586971636, 40.041159748024029 ], [ 140.697944773432596, 40.042995613257006 ], [ 140.698054475433764, 40.046300891572912 ], [ 140.69698527864773, 40.047860612777129 ], [ 140.697475837240177, 40.048981170744469 ], [ 140.698657496945998, 40.04984533289587 ], [ 140.698888859233534, 40.050383107694302 ], [ 140.69838386472361, 40.051475640088768 ], [ 140.698346887299067, 40.053153414398594 ], [ 140.699833553875465, 40.054274252055166 ], [ 140.700536032312129, 40.055468135346246 ], [ 140.701305188283868, 40.055749532315133 ], [ 140.704958495238429, 40.058621467806574 ], [ 140.70591795135249, 40.059826467617427 ], [ 140.70629844371831, 40.063587864088731 ], [ 140.709563695907946, 40.06621758607281 ], [ 140.710200609270714, 40.067884531645859 ], [ 140.711174501302253, 40.068278693706816 ], [ 140.71107922172871, 40.069318694002561 ], [ 140.711430584154186, 40.070247893325643 ], [ 140.710682528975553, 40.071343720836126 ], [ 140.711350000402263, 40.072652053649392 ], [ 140.711569442176028, 40.074313441412244 ], [ 140.713216912930307, 40.075647892336406 ], [ 140.714337198403086, 40.075991505303762 ], [ 140.714608003156854, 40.077629837147299 ], [ 140.716856057361269, 40.078334000014138 ], [ 140.716680194035803, 40.079494000447824 ], [ 140.717309921815513, 40.080355107602202 ], [ 140.71562572005098, 40.083035413753407 ], [ 140.71453788571489, 40.086721000074135 ], [ 140.715257301983002, 40.089186279223441 ], [ 140.716712866405715, 40.091548252350037 ], [ 140.716441725305458, 40.092548251700521 ], [ 140.716884475038569, 40.094107972904681 ], [ 140.716495862693932, 40.094834359817924 ], [ 140.715462243987417, 40.095431026720576 ], [ 140.715264188991227, 40.096123838344511 ], [ 140.715616108996301, 40.097396333174288 ], [ 140.715608858661994, 40.099463279207043 ], [ 140.716188300849467, 40.101502721273619 ], [ 140.715256614001646, 40.104108864832313 ], [ 140.716631854576463, 40.106003560116278 ], [ 140.716971854967142, 40.10730189156908 ], [ 140.716077392857414, 40.109486639796614 ], [ 140.716450169040172, 40.111668585736709 ], [ 140.719016808978608, 40.113316053792914 ], [ 140.720094306507121, 40.113586333342653 ], [ 140.719661802750011, 40.114346333316689 ], [ 140.720563166257193, 40.116435774991089 ], [ 140.720482606786959, 40.117426612947895 ], [ 140.72248399494049, 40.118153278650936 ], [ 140.72376591466525, 40.119175504745783 ], [ 140.722997301883993, 40.121277170904762 ], [ 140.722035083952051, 40.122163000422177 ], [ 140.722373670608476, 40.124454413640308 ], [ 140.721273916657992, 40.127596640372701 ], [ 140.722888885014072, 40.12969302661196 ], [ 140.724968339717179, 40.130023585919787 ], [ 140.727745837400562, 40.129790225338695 ], [ 140.728985837026812, 40.130907721114511 ], [ 140.734571920158032, 40.132129945640543 ], [ 140.736070804024507, 40.132764107977266 ], [ 140.736990752920974, 40.13633050534861 ], [ 140.736621582120392, 40.137761612708289 ], [ 140.739432113701127, 40.140317720686312 ], [ 140.738852944008272, 40.141302721143745 ], [ 140.739336523861539, 40.142164666466215 ], [ 140.74053153040586, 40.143217721320809 ], [ 140.741176498096934, 40.144889945914315 ], [ 140.742922334897912, 40.145739386163768 ], [ 140.743610363027869, 40.147153838079191 ], [ 140.743250921093249, 40.148229412857177 ], [ 140.743231439979013, 40.149958586119908 ], [ 140.744198105957935, 40.151357198276116 ], [ 140.742342827059929, 40.152154973373399 ], [ 140.740281724821784, 40.15248055943033 ], [ 140.738016419821975, 40.153708053983564 ], [ 140.735934474896112, 40.153724999908889 ], [ 140.733353943130055, 40.152987224880576 ], [ 140.732005615666708, 40.153367802681998 ], [ 140.729490336909635, 40.153145027121354 ], [ 140.728712554640765, 40.153626972906522 ], [ 140.72759616143378, 40.153183640412749 ], [ 140.726015331342523, 40.153910585804965 ], [ 140.72512810607725, 40.154929747909591 ], [ 140.725014474938121, 40.156238107702563 ], [ 140.723891440237821, 40.156137559001195 ], [ 140.723346692995506, 40.156720612866025 ], [ 140.721022826842045, 40.155920892535221 ], [ 140.71992338495636, 40.154635333254078 ], [ 140.718867561988418, 40.155284505275745 ], [ 140.717980636197467, 40.155036721367651 ], [ 140.71581175111146, 40.155289504607026 ], [ 140.715245913867875, 40.154850891755302 ], [ 140.713134812022076, 40.155098386981024 ], [ 140.7125994941714, 40.156811170998822 ], [ 140.711617003721813, 40.158251721239992 ], [ 140.712005330981356, 40.159707864826146 ], [ 140.711323384966363, 40.159918693792747 ], [ 140.709989468239428, 40.16141646789572 ], [ 140.709146978850072, 40.161769801635103 ], [ 140.708205031637021, 40.161719532230677 ], [ 140.706573112858905, 40.160498413870755 ], [ 140.704989779954417, 40.160577305997947 ], [ 140.704205058516663, 40.160943134917773 ], [ 140.703295576829419, 40.163814802411252 ], [ 140.704021388176557, 40.166270108079061 ], [ 140.703852476610564, 40.16904066659356 ], [ 140.703303307401825, 40.170594837182023 ], [ 140.701930778282872, 40.172261504864593 ], [ 140.701350777616312, 40.174221250810149 ], [ 140.699772411667482, 40.176028198342749 ], [ 140.699053255303511, 40.178094585896474 ], [ 140.699603190734706, 40.180898774558841 ], [ 140.699279856580233, 40.181672946049673 ], [ 140.699515110234188, 40.183843774570619 ], [ 140.699268715778658, 40.184513774890831 ], [ 140.700139001413845, 40.185521558772962 ], [ 140.699879248428601, 40.186228532021175 ], [ 140.699950920798415, 40.188215747758591 ], [ 140.700953385190587, 40.189587134738531 ], [ 140.701253890954376, 40.194249667188444 ], [ 140.702883333898853, 40.194705774551892 ], [ 140.710472750417125, 40.19332633324376 ], [ 140.713665226768853, 40.194486332778069 ], [ 140.715390219982737, 40.194486332778069 ], [ 140.716711335759555, 40.193427998903076 ], [ 140.716861361562678, 40.192596585564047 ], [ 140.718814421948082, 40.191659081001831 ], [ 140.721449689151882, 40.191259360231356 ], [ 140.723271088789829, 40.190013801895475 ], [ 140.725005253289851, 40.189762413504639 ], [ 140.725774422751442, 40.189274080734265 ], [ 140.727845811435145, 40.189982134967579 ], [ 140.729269689144871, 40.190089360235845 ], [ 140.72882272428933, 40.19261574831819 ], [ 140.729115473400498, 40.194042135136499 ], [ 140.727676550032811, 40.197240224157099 ], [ 140.72765542226, 40.198503838181637 ], [ 140.725305668222063, 40.203506918709365 ], [ 140.724653450196683, 40.203831082038846 ], [ 140.724182581361106, 40.204988053555894 ], [ 140.722325913909913, 40.205914440698905 ], [ 140.722215356653464, 40.206412505033143 ], [ 140.722787859672053, 40.207071108245088 ], [ 140.722897834167725, 40.207882224784896 ], [ 140.720003385048244, 40.2095172516199 ], [ 140.719851699096694, 40.21124919839184 ], [ 140.719469754325814, 40.211823640348769 ], [ 140.718097522882431, 40.212228918929497 ], [ 140.717977495764899, 40.213730026819348 ], [ 140.7151422184387, 40.215000053909421 ], [ 140.71486027198398, 40.216113946101757 ], [ 140.713878858922271, 40.217241721128573 ], [ 140.714390219732877, 40.219543135707227 ], [ 140.710837716887227, 40.220691748025786 ], [ 140.710338559876732, 40.221772585636359 ], [ 140.710617418958805, 40.223659278752791 ], [ 140.710428806843993, 40.224449279210944 ], [ 140.71073464288952, 40.224790667255547 ], [ 140.710559052958047, 40.225472053892247 ], [ 140.718637108016196, 40.224835946321946 ], [ 140.72065044186445, 40.224821505907812 ], [ 140.72314822341184, 40.225286503969016 ], [ 140.725468197299506, 40.226441505071477 ], [ 140.726697612804628, 40.22751761314737 ], [ 140.728011750741757, 40.230127612999013 ], [ 140.725140946597435, 40.230284864854696 ], [ 140.724609531804504, 40.230721250984971 ], [ 140.725112555000464, 40.233873468285992 ], [ 140.724665057746279, 40.234644865368296 ], [ 140.725429754879315, 40.236277107902254 ], [ 140.725355032009134, 40.23852961285138 ], [ 140.724506666449543, 40.239351837817139 ], [ 140.725037781768265, 40.240481558976796 ], [ 140.725755551377688, 40.241096558559377 ], [ 140.724478300932901, 40.243020197624048 ], [ 140.725464669259168, 40.244521026724044 ], [ 140.725427445420337, 40.246267693599236 ], [ 140.725948806692145, 40.248304667026787 ], [ 140.720937107961277, 40.252223026671402 ], [ 140.725414059911031, 40.253051640420949 ], [ 140.726288469837073, 40.253823026711359 ], [ 140.726832088430228, 40.25509553233303 ], [ 140.726655693605494, 40.256114413849161 ], [ 140.724399830587799, 40.256801666763579 ], [ 140.722165668211119, 40.259329440701208 ], [ 140.721724527365154, 40.261367801782683 ], [ 140.722334254222574, 40.262443360372856 ], [ 140.722543671253447, 40.265223639659268 ], [ 140.723590856233045, 40.266300306214191 ], [ 140.725362528757728, 40.267264748169623 ], [ 140.724597497076843, 40.269352278784709 ], [ 140.725420272427641, 40.270117838367582 ], [ 140.725811946064482, 40.271306171043022 ], [ 140.725045524931147, 40.272691171060728 ], [ 140.724178300588164, 40.273113413553233 ], [ 140.724161361857455, 40.27378953196137 ], [ 140.722437756297495, 40.275138972785442 ], [ 140.722649947736954, 40.27679564000681 ], [ 140.721775226645491, 40.277240639843683 ], [ 140.721270506428823, 40.278163999868752 ], [ 140.718901583341449, 40.279518171126767 ], [ 140.720756031265864, 40.282409279264868 ], [ 140.720942672066712, 40.284244026640579 ], [ 140.721497950370122, 40.284791252414436 ], [ 140.722467912364323, 40.287499585937212 ], [ 140.723029584847495, 40.288204306383705 ], [ 140.724753191306831, 40.288958198162391 ], [ 140.726928754758319, 40.288051802049097 ], [ 140.72945652419935, 40.287995413657484 ], [ 140.730905693543036, 40.288374863709066 ], [ 140.732958754942615, 40.2875506674294 ], [ 140.733527911583906, 40.286835666832587 ], [ 140.735405720297763, 40.286353999837274 ], [ 140.735946550093331, 40.285507054307175 ], [ 140.736820168615964, 40.285090386712056 ], [ 140.742317108248017, 40.283328134585815 ], [ 140.744125161946727, 40.283198694264399 ], [ 140.74513907920516, 40.282336999852703 ], [ 140.745684086351616, 40.282245892234187 ], [ 140.748744331785588, 40.284083666727895 ], [ 140.750085161600964, 40.28375283852273 ], [ 140.75098267241242, 40.284054505311246 ], [ 140.750747392678136, 40.285460892106528 ], [ 140.749795161717429, 40.286665918897086 ], [ 140.750134578448069, 40.288663135095646 ], [ 140.749702088180925, 40.289840080555336 ], [ 140.749702048610743, 40.292010359590449 ], [ 140.749184837710118, 40.292789278602356 ], [ 140.749635940346479, 40.293439838277948 ], [ 140.754272048016674, 40.291632306186045 ], [ 140.754652335337028, 40.29087674796358 ], [ 140.754534864092761, 40.289812027103437 ], [ 140.75589236104372, 40.288515613005188 ], [ 140.756505446868914, 40.286228946408812 ], [ 140.756809052595713, 40.285877279113208 ], [ 140.757342387441327, 40.286028108010839 ], [ 140.757690168766317, 40.284672837781272 ], [ 140.758792944438937, 40.283889198227996 ], [ 140.760697665365001, 40.284020305892454 ], [ 140.761863502398796, 40.283235305664903 ], [ 140.763070440248725, 40.283688081040168 ], [ 140.764334617248892, 40.283256413652623 ], [ 140.766231283846764, 40.283992252440555 ], [ 140.766067108110633, 40.284281415055318 ], [ 140.766370441342815, 40.284612531942855 ], [ 140.767180726009769, 40.284271973073146 ], [ 140.767774615805934, 40.285931973182073 ], [ 140.767112087952569, 40.287717532138458 ], [ 140.768067392795956, 40.286511413570906 ], [ 140.767744305955034, 40.288003639756198 ], [ 140.768447638747602, 40.289377802043987 ], [ 140.767246227231681, 40.291988945833225 ], [ 140.767246226332304, 40.292928946014115 ], [ 140.766772891555775, 40.293499225009271 ], [ 140.7673611929647, 40.295531172125948 ], [ 140.767960636074577, 40.295752279444173 ], [ 140.767599248006945, 40.294718945822751 ], [ 140.768018171101744, 40.294293667218994 ], [ 140.767366783150578, 40.293541171188167 ], [ 140.767793721902763, 40.29198505356743 ], [ 140.768655694204995, 40.290409748011541 ], [ 140.769960946840342, 40.290727251861256 ], [ 140.771507328400503, 40.292277531982563 ], [ 140.770916200422334, 40.294578666872042 ], [ 140.771668417663363, 40.29555200132387 ], [ 140.771797029709205, 40.296227000076044 ], [ 140.773387030187337, 40.297392559219304 ], [ 140.773031478719872, 40.297940332680241 ], [ 140.77024005233659, 40.299181171374016 ], [ 140.770483670585008, 40.29950172212682 ], [ 140.771777833680176, 40.299582838277445 ], [ 140.77191756224579, 40.300003667035639 ], [ 140.770770895160695, 40.301152586922399 ], [ 140.770639468236936, 40.302039802295099 ], [ 140.769492802051218, 40.302282026594298 ], [ 140.769205576576155, 40.302898135040948 ], [ 140.772546977960701, 40.304870359979191 ], [ 140.771958340205288, 40.306083693807466 ], [ 140.772574162667524, 40.306652864837872 ], [ 140.772853061319779, 40.307819531945881 ], [ 140.77404639422582, 40.30879480173877 ], [ 140.774207755983184, 40.310336505025759 ], [ 140.774954967597751, 40.310844559029249 ], [ 140.775709973636481, 40.312567613304736 ], [ 140.77428997380332, 40.313625947179787 ], [ 140.774842438128076, 40.313857613438188 ], [ 140.773994112138666, 40.315987892427358 ], [ 140.773342995782741, 40.316060107987653 ], [ 140.772253554358144, 40.317119585800299 ], [ 140.772365745682691, 40.318554305736654 ], [ 140.773638248606403, 40.320156531598684 ], [ 140.773484915996164, 40.320784306050939 ], [ 140.774475719778707, 40.322260694275656 ], [ 140.774555162290994, 40.32302874767862 ], [ 140.777959053067889, 40.323799305693456 ], [ 140.780394890212051, 40.322946251968006 ], [ 140.779601284371893, 40.321250946274176 ], [ 140.779735472214384, 40.319793999593458 ], [ 140.778690219877831, 40.317214279015843 ], [ 140.778457445654681, 40.315254558251297 ], [ 140.7788516086149, 40.315244279000353 ], [ 140.778889947613038, 40.316299279088526 ], [ 140.781681336224779, 40.315738692986372 ], [ 140.781894668903874, 40.315547026773913 ], [ 140.781528002715163, 40.315084802221918 ], [ 140.782050778620601, 40.314873135087169 ], [ 140.782562438006153, 40.315409801021531 ], [ 140.783358521478704, 40.317715107865979 ], [ 140.787515745555311, 40.318727586209206 ], [ 140.787726303825934, 40.319678135437641 ], [ 140.788514643236226, 40.320425080852829 ], [ 140.78824905185229, 40.320960919410936 ], [ 140.788388781317281, 40.321588693863191 ], [ 140.791426278400081, 40.321959532906192 ], [ 140.793016004584956, 40.324223134590056 ], [ 140.792613747726364, 40.325170638714042 ], [ 140.791609299429638, 40.325905107834501 ], [ 140.789904577834022, 40.326327333239874 ], [ 140.789712917916859, 40.326588170807497 ], [ 140.790221802893939, 40.328025945740876 ], [ 140.787329273827027, 40.329723747952642 ], [ 140.787323722311953, 40.330642640145754 ], [ 140.785766472444834, 40.333234026729031 ], [ 140.788475642337062, 40.334143747635892 ], [ 140.789340336887108, 40.335866532114835 ], [ 140.789452282696743, 40.337007081111949 ], [ 140.788151725421812, 40.338537107601496 ], [ 140.788478949144292, 40.339268504637857 ], [ 140.788035031191839, 40.340019891804616 ], [ 140.788016693115992, 40.340895720860885 ], [ 140.789736108734473, 40.343076279146999 ], [ 140.791473891207147, 40.343854612700284 ], [ 140.790896666747813, 40.345237108106119 ], [ 140.791466913367458, 40.346646000412647 ], [ 140.791922192455331, 40.346850439696084 ], [ 140.791787471314819, 40.349177973284895 ], [ 140.792658560044629, 40.350557412794444 ], [ 140.791529105084237, 40.351722972836967 ], [ 140.790710220200594, 40.3518771346221 ], [ 140.789992166405455, 40.351745467579292 ], [ 140.78890549938933, 40.352081305907575 ], [ 140.785714667897651, 40.351479081194668 ], [ 140.785066887127186, 40.351835774801202 ], [ 140.782555253322357, 40.349056893061231 ], [ 140.78256664143737, 40.349891891997288 ], [ 140.782885810831544, 40.35013161168456 ], [ 140.782622750139922, 40.350285504572412 ], [ 140.782931633987801, 40.350614946022972 ], [ 140.782762438235977, 40.350966332730138 ], [ 140.783299947734463, 40.351751054167892 ], [ 140.783041893568566, 40.352048557994635 ], [ 140.783646614799522, 40.352585505416812 ], [ 140.783314383651941, 40.353096612618629 ], [ 140.783725498832723, 40.353216054277539 ], [ 140.783505226984744, 40.353519386610458 ], [ 140.784039390105818, 40.353872170864065 ], [ 140.783733527979962, 40.35425522539839 ], [ 140.782627134334803, 40.354562171207306 ], [ 140.784050752140615, 40.355798278567761 ], [ 140.783465745847593, 40.356346333516512 ], [ 140.783858248659271, 40.356493557931401 ], [ 140.784902411916846, 40.35641355873878 ], [ 140.784956588875502, 40.355412721220148 ], [ 140.785604357954867, 40.355159386696414 ], [ 140.785545187960111, 40.354247720555918 ], [ 140.788591310440665, 40.355917170740895 ], [ 140.790162970145047, 40.355417693571781 ], [ 140.789720751011942, 40.355751054267785 ], [ 140.789684358146701, 40.356293000121923 ], [ 140.790672114126778, 40.358265225060165 ], [ 140.792427977469288, 40.356874080874206 ], [ 140.793932114275663, 40.357345748307694 ], [ 140.79509102473105, 40.356969640136811 ], [ 140.797558494628902, 40.357779639718672 ], [ 140.799284617391208, 40.359054640059639 ], [ 140.801000725303311, 40.359043531633745 ], [ 140.802348781171418, 40.359646305832428 ], [ 140.804219338651592, 40.359535198190883 ], [ 140.8054656937868, 40.36041046786886 ], [ 140.806032361104599, 40.361409360153914 ], [ 140.808809026915128, 40.363061026245418 ], [ 140.811192334658585, 40.365468532047146 ], [ 140.810572607340077, 40.365816307076955 ], [ 140.809993969146376, 40.367134359762929 ], [ 140.810100921020762, 40.369381585691656 ], [ 140.810454227780497, 40.370142413941323 ], [ 140.812165330965286, 40.3711604680812 ], [ 140.813176160851185, 40.372592413609027 ], [ 140.814816978420936, 40.373525468325738 ], [ 140.815349196308375, 40.374900747571473 ], [ 140.816108912096638, 40.37585991860044 ], [ 140.815898054351806, 40.376933252267804 ], [ 140.817099727570394, 40.377354081026056 ], [ 140.818068053697743, 40.37831102713227 ], [ 140.817801634038233, 40.380457440858265 ], [ 140.82039552523338, 40.382858559674844 ], [ 140.823316614969826, 40.38396466733559 ], [ 140.823779948386004, 40.38486577633455 ], [ 140.82323075219756, 40.386669387382369 ], [ 140.821565473068176, 40.388300774661047 ], [ 140.821936834617304, 40.390368306152482 ], [ 140.820567392870998, 40.391679693962772 ], [ 140.820756549974817, 40.392492747642223 ], [ 140.82123488947866, 40.392873865036904 ], [ 140.820835136332562, 40.394648026884965 ], [ 140.821320143409935, 40.396186640101405 ], [ 140.820843474846583, 40.396926918842269 ], [ 140.81893788607465, 40.398363333101372 ], [ 140.818821218824269, 40.399390000048527 ], [ 140.817907056165723, 40.400132224922288 ], [ 140.817691751273401, 40.401203892145986 ], [ 140.818475641737564, 40.40251777467563 ], [ 140.818387029737664, 40.403435000424963 ], [ 140.8190445267835, 40.404162505195529 ], [ 140.819558664700708, 40.40574944078412 ], [ 140.821255331068755, 40.406035559193754 ], [ 140.822662243967443, 40.407540278760905 ], [ 140.825386134862242, 40.409197505360623 ], [ 140.826755278933092, 40.41078086524476 ], [ 140.827246913114664, 40.413746413865965 ], [ 140.826409974340891, 40.416348639977798 ], [ 140.827488274964026, 40.417312532447454 ], [ 140.827659389869041, 40.41853089168734 ], [ 140.828539104895867, 40.419597000201463 ], [ 140.82826824888059, 40.420961171021304 ], [ 140.829986303824967, 40.422073946255693 ], [ 140.83236408613368, 40.422986440671764 ], [ 140.832970725618566, 40.425155054162474 ], [ 140.833712944197032, 40.425325053908182 ], [ 140.837326549680597, 40.424495891572178 ], [ 140.838654059637179, 40.424839775235512 ], [ 140.839394306002532, 40.426049224891869 ], [ 140.841911529993126, 40.425623667498314 ], [ 140.843256550649357, 40.423475332820431 ], [ 140.843693217368127, 40.423178385674021 ], [ 140.845190998665771, 40.423068666585721 ], [ 140.846409339019829, 40.421934197904989 ], [ 140.847343256186377, 40.419381135031415 ], [ 140.84838963717209, 40.418207802148402 ], [ 140.848278521436669, 40.417391134992954 ], [ 140.848823553764078, 40.416135000629822 ], [ 140.848509947576076, 40.415439440677687 ], [ 140.848737444577523, 40.414438891841428 ], [ 140.850088559939195, 40.413130279338986 ], [ 140.850788833238084, 40.412896387258513 ], [ 140.851075811399596, 40.411420559311409 ], [ 140.851844694876831, 40.41082302726096 ], [ 140.852056083221783, 40.409748865317908 ], [ 140.855736355448471, 40.408739135302881 ], [ 140.857279170297488, 40.407900801680682 ], [ 140.859871634268529, 40.408289693714437 ], [ 140.861480557381924, 40.406809387143539 ], [ 140.864281114581786, 40.406224387145812 ], [ 140.865581946149973, 40.406543837128424 ], [ 140.868025836723064, 40.406445224667436 ], [ 140.869043307202901, 40.407777440776329 ], [ 140.872854941602327, 40.409545505220933 ], [ 140.874446887314093, 40.408980505246177 ], [ 140.875575253195393, 40.407539386633459 ], [ 140.879179416696843, 40.407822719842727 ], [ 140.883028274934986, 40.407454081440733 ], [ 140.888960505323098, 40.408493532250759 ], [ 140.890405747327463, 40.409382135277383 ], [ 140.892088780872655, 40.411784080570897 ], [ 140.895599338438728, 40.413005467828157 ], [ 140.896163502044033, 40.413742973059811 ], [ 140.89904374817047, 40.415104359578606 ], [ 140.900334034288335, 40.415055747624706 ], [ 140.902993747763276, 40.413469640311689 ], [ 140.903847639656874, 40.413305747862012 ], [ 140.908301802786013, 40.413658774033252 ], [ 140.909845965718773, 40.414310440774273 ], [ 140.910243722369955, 40.414990170859767 ], [ 140.911692891713642, 40.415243775180159 ], [ 140.914755110260216, 40.414434891656981 ], [ 140.916812334621568, 40.414988504415987 ], [ 140.917845939838344, 40.414872386651382 ], [ 140.919683411260507, 40.415875720688007 ], [ 140.920770363361612, 40.416058774992507 ], [ 140.921014526599151, 40.416710721422703 ], [ 140.920878145310212, 40.417836559309819 ], [ 140.92144061009617, 40.418751838026935 ], [ 140.921155058259387, 40.419679612823927 ], [ 140.921481440216326, 40.420189612960314 ], [ 140.923173359063298, 40.420751837627279 ], [ 140.92531447488318, 40.420368224613924 ], [ 140.926774188777813, 40.421105998742917 ], [ 140.93296169892335, 40.421273748384806 ], [ 140.933716979255223, 40.421681802273383 ], [ 140.935469442261024, 40.422843747940647 ], [ 140.937346642133889, 40.425429612686514 ], [ 140.937643580287045, 40.426788775181876 ], [ 140.937472995982034, 40.427587386648611 ], [ 140.941954915786823, 40.430201278766049 ], [ 140.942668002626306, 40.429254054331182 ], [ 140.945026886581559, 40.429024612995534 ], [ 140.945662725254579, 40.428662107969956 ], [ 140.945929662923618, 40.428007360151582 ], [ 140.949319390277651, 40.427567358746671 ], [ 140.951263838755267, 40.426307639685888 ], [ 140.953525772196713, 40.427184865389279 ], [ 140.955361336156784, 40.426467360180595 ], [ 140.958259104673971, 40.426587891817803 ], [ 140.960419390442553, 40.427183720552307 ], [ 140.963066056553316, 40.426981224703809 ], [ 140.96410771699766, 40.427379838408854 ], [ 140.964757133634862, 40.428447892156555 ], [ 140.970034915678866, 40.429710667113625 ], [ 140.972207393556459, 40.430850108146046 ], [ 140.977165472908268, 40.429098720729428 ], [ 140.977393799983929, 40.429074838333179 ] ] ] } },
{ "type": "Feature", "properties": { "regioncode": "0521100", "regionname": "秋田県潟上市", "name": "潟上市", "namekana": "かたがみし", "PrefCode": "05" }, "geometry": { "type": "Polygon", "coordinates": [ [ [ 140.014890584133241, 39.919867000161958 ], [ 140.016001970814386, 39.919848946271884 ], [ 140.033544060310192, 39.905588278776122 ], [ 140.069755694169999, 39.904442585656852 ], [ 140.069798715938077, 39.905419136084333 ], [ 140.073961919606973, 39.905293532270775 ], [ 140.0739310512771, 39.904214441143608 ], [ 140.074827003563428, 39.904164026948365 ], [ 140.074977470933618, 39.904956442086188 ], [ 140.077462217707193, 39.905341198137819 ], [ 140.079080856196583, 39.905179251821039 ], [ 140.079259752935286, 39.904279532274643 ], [ 140.082334188771824, 39.904609532204177 ], [ 140.084371699094731, 39.905311441369975 ], [ 140.085453644669997, 39.904921441371471 ], [ 140.087204475406224, 39.905401720712916 ], [ 140.092005058286873, 39.904327801586817 ], [ 140.092269805207366, 39.901903919130632 ], [ 140.094369534226644, 39.900740027330471 ], [ 140.096564280217422, 39.898604171645275 ], [ 140.0970779118162, 39.897248054254362 ], [ 140.098290699756035, 39.896744171306523 ], [ 140.098820143235116, 39.895940000230894 ], [ 140.100135161608478, 39.895154134855488 ], [ 140.100049610900896, 39.894638306212926 ], [ 140.099030169107095, 39.89411608069264 ], [ 140.098602114296227, 39.893462198022064 ], [ 140.100781284029154, 39.892892197816707 ], [ 140.101925472582593, 39.892160252193946 ], [ 140.102003255845602, 39.891662197752282 ], [ 140.101512969747773, 39.891014414283859 ], [ 140.102182411589069, 39.890444414078502 ], [ 140.103410194824733, 39.890408279318706 ], [ 140.104531336452055, 39.889526333073889 ], [ 140.104554669362528, 39.888614387244218 ], [ 140.105582165484634, 39.887498558811501 ], [ 140.106430531943602, 39.885740225031441 ], [ 140.11050693934385, 39.885110467574066 ], [ 140.112110558255722, 39.883646586221005 ], [ 140.113105032171575, 39.883538504798196 ], [ 140.114007807614257, 39.882740441018598 ], [ 140.114155863002793, 39.882446279072553 ], [ 140.11369642005377, 39.881960171224989 ], [ 140.113260855903832, 39.880550440750312 ], [ 140.113525616314178, 39.880052387207968 ], [ 140.114848392239537, 39.879746278667881 ], [ 140.115043113449019, 39.87900238735034 ], [ 140.115728106367101, 39.87828850461085 ], [ 140.115907301680636, 39.876998467605233 ], [ 140.115626472183976, 39.876465414247548 ], [ 140.118404836813852, 39.875487639842731 ], [ 140.120691506108187, 39.87512153303237 ], [ 140.121158715602292, 39.874617892002163 ], [ 140.120893994762127, 39.87416789193469 ], [ 140.121500973291404, 39.873366224571669 ], [ 140.122869856558737, 39.873882892281699 ], [ 140.12530846991001, 39.87316510828316 ], [ 140.127862943819878, 39.873434251989181 ], [ 140.129874357615563, 39.871377586106746 ], [ 140.129187977043557, 39.87065674801056 ], [ 140.129253256132984, 39.869161197031644 ], [ 140.129971050923359, 39.868384251132341 ], [ 140.130335771878435, 39.866931721022183 ], [ 140.132339143936406, 39.866395892356593 ], [ 140.133018028659194, 39.865835612923263 ], [ 140.13447219193813, 39.865760891851721 ], [ 140.13558608323126, 39.866498666880034 ], [ 140.138850532326273, 39.866757532234374 ], [ 140.139360245578928, 39.867050026837319 ], [ 140.139529416149685, 39.867841135260221 ], [ 140.142038885286411, 39.867918919422664 ], [ 140.142393060791164, 39.868598919304759 ], [ 140.142874720591976, 39.868588080675408 ], [ 140.14423472125543, 39.867923892673559 ], [ 140.145492218091476, 39.868127504580741 ], [ 140.145395576944338, 39.866719721138281 ], [ 140.14563808003345, 39.866233892080515 ], [ 140.146171140585693, 39.86600972077207 ], [ 140.147334474806257, 39.866296385969463 ], [ 140.148382283015962, 39.864502504686868 ], [ 140.149548391644998, 39.864100801810594 ], [ 140.150872826819523, 39.864701081289923 ], [ 140.151890895348629, 39.865984135059819 ], [ 140.152606718825041, 39.865853306185159 ], [ 140.15394616008723, 39.867298026582716 ], [ 140.154475888651405, 39.866395252039297 ], [ 140.155445329938061, 39.866195801295248 ], [ 140.155671478855766, 39.865012747640264 ], [ 140.156786471818236, 39.864962721052791 ], [ 140.157158145432163, 39.864227721332327 ], [ 140.156883139045704, 39.863459667030043 ], [ 140.157820660695052, 39.86311910905971 ], [ 140.158111505042029, 39.86218494547893 ], [ 140.159873748174959, 39.861698558841454 ], [ 140.160132088325327, 39.86097602822116 ], [ 140.161279027005548, 39.86054046676918 ], [ 140.161489299291816, 39.859444080779781 ], [ 140.16236182873547, 39.85914519829231 ], [ 140.163250440755291, 39.857849640348661 ], [ 140.165835746122866, 39.858196838013725 ], [ 140.166730752322451, 39.858611279786771 ], [ 140.166803800654975, 39.857309612748509 ], [ 140.168529662613878, 39.856555169685407 ], [ 140.16998883331803, 39.854934612942088 ], [ 140.17802916991036, 39.854360667410901 ], [ 140.179440830330122, 39.8546481707765 ], [ 140.181510309753094, 39.854385108286181 ], [ 140.182560311409361, 39.854559837566512 ], [ 140.184997250222978, 39.854092585804267 ], [ 140.186027807637288, 39.854375919013478 ], [ 140.187090584163229, 39.855771198282241 ], [ 140.192461167249121, 39.857186467681402 ], [ 140.197781167067319, 39.859791172324776 ], [ 140.198929532971647, 39.85713977488075 ], [ 140.19904286553583, 39.855582559187781 ], [ 140.198004279873658, 39.853930892196956 ], [ 140.194237303109162, 39.852405892018339 ], [ 140.193148418364899, 39.851665892067331 ], [ 140.193676497572369, 39.850657838388599 ], [ 140.192955667570118, 39.849113946151761 ], [ 140.193225966005571, 39.848258666604238 ], [ 140.192917082157692, 39.847599225224144 ], [ 140.186294254276504, 39.848295639532182 ], [ 140.184630076816688, 39.847772585736323 ], [ 140.183082023416659, 39.847727587258419 ], [ 140.180444525894245, 39.846515640184691 ], [ 140.177403384758463, 39.846446504802429 ], [ 140.17670199719953, 39.84558761267823 ], [ 140.175189494000051, 39.844753171321827 ], [ 140.172398392272044, 39.845021504738725 ], [ 140.171661440123444, 39.844778170676079 ], [ 140.170817807695698, 39.845035946052121 ], [ 140.168407523888163, 39.844037640125066 ], [ 140.166767522902887, 39.844499864677061 ], [ 140.166242503188982, 39.846441531551477 ], [ 140.16520834039261, 39.847363198153118 ], [ 140.164335810948955, 39.847525171449547 ], [ 140.163404696069961, 39.846947667301038 ], [ 140.161041632965066, 39.846764053618244 ], [ 140.160507198248638, 39.848044892357962 ], [ 140.15913189382195, 39.849032946013722 ], [ 140.158175499000095, 39.848934080843208 ], [ 140.155254086407012, 39.849581027942122 ], [ 140.154376304023231, 39.848775197617329 ], [ 140.154002723846702, 39.847613802335161 ], [ 140.152459390988156, 39.846392414178638 ], [ 140.149356861230217, 39.845981865570707 ], [ 140.148799921879004, 39.845567413905087 ], [ 140.148952697808795, 39.845159639705685 ], [ 140.148046588579291, 39.844996613303124 ], [ 140.147608807600477, 39.844574666687549 ], [ 140.147159636707897, 39.844686332808067 ], [ 140.146399921819011, 39.845857170971726 ], [ 140.14588296992315, 39.845956892296783 ], [ 140.14433158183715, 39.844867171183068 ], [ 140.142812944361935, 39.846168559431533 ], [ 140.140547106963481, 39.846531918813071 ], [ 140.139058222658946, 39.844835252445023 ], [ 140.134620973079564, 39.845570558834254 ], [ 140.133052087783653, 39.844857505269715 ], [ 140.130502050229552, 39.84608333337917 ], [ 140.129311219237479, 39.846237224468382 ], [ 140.127866471860216, 39.847039747986059 ], [ 140.126897030573559, 39.848061413803237 ], [ 140.124557833677159, 39.849077252013615 ], [ 140.12418255468117, 39.849568639780955 ], [ 140.124004747920822, 39.851586721150341 ], [ 140.123649194654718, 39.851935333448921 ], [ 140.12268975382915, 39.852170053804969 ], [ 140.120683645134136, 39.851951441206097 ], [ 140.119658079856549, 39.850607558192337 ], [ 140.117525305248705, 39.85070146809835 ], [ 140.116600583650097, 39.849423134869824 ], [ 140.114359196120063, 39.848343135427399 ], [ 140.114576977745401, 39.847227306095363 ], [ 140.114180311072573, 39.846453134604531 ], [ 140.112522801186401, 39.845367026966755 ], [ 140.111909468047543, 39.845403134746903 ], [ 140.111349196708147, 39.84489341519901 ], [ 140.111177807509875, 39.843969252079376 ], [ 140.107784747268283, 39.843903134821858 ], [ 140.107979196882525, 39.842121198334667 ], [ 140.107395616014969, 39.84142480201308 ], [ 140.106111413810709, 39.841988694023087 ], [ 140.105068638207172, 39.841412892291203 ], [ 140.103638080333212, 39.841892613153618 ], [ 140.102641698056004, 39.841394558711954 ], [ 140.101684474958574, 39.841796505304501 ], [ 140.099801114729758, 39.840884558575567 ], [ 140.09872834044063, 39.841130388256886 ], [ 140.098393890665534, 39.840128440974809 ], [ 140.097545551186272, 39.839708440492188 ], [ 140.097818079940453, 39.839216225348594 ], [ 140.097498638051775, 39.838682333822703 ], [ 140.096300312109747, 39.837800386678566 ], [ 140.096199195936151, 39.836690386752025 ], [ 140.096485576947885, 39.836009838283474 ], [ 140.09523752299333, 39.835215945559469 ], [ 140.094138366192738, 39.835188467673674 ], [ 140.093521415081341, 39.835292639743557 ], [ 140.092383606318435, 39.836977360416881 ], [ 140.09143333318184, 39.837289305557078 ], [ 140.090797497206836, 39.83828069389898 ], [ 140.090909169622591, 39.83875986527562 ], [ 140.090287470990006, 39.839260972915611 ], [ 140.090028859244512, 39.840160170855256 ], [ 140.09074858577867, 39.840844332799747 ], [ 140.09092302188003, 39.841690171264418 ], [ 140.090545811140373, 39.84219100011461 ], [ 140.090643580037295, 39.842573224574721 ], [ 140.089623553684078, 39.843337945989447 ], [ 140.0896163294301, 39.844113775830124 ], [ 140.088205499084552, 39.844000721156419 ], [ 140.087997172931296, 39.84476017074536 ], [ 140.086117976563401, 39.845471027266171 ], [ 140.083443800191276, 39.845212413721981 ], [ 140.082577419412473, 39.844054640009688 ], [ 140.081208249261408, 39.843801586074392 ], [ 140.080879883399916, 39.844598801793325 ], [ 140.080844617385196, 39.846456865891696 ], [ 140.080041244907648, 39.847868000208109 ], [ 140.078338196950313, 39.84720050539903 ], [ 140.077890973090007, 39.847324387010929 ], [ 140.077150414659968, 39.847900224715659 ], [ 140.076996808655849, 39.848449667318334 ], [ 140.077492917863879, 39.849812721180172 ], [ 140.076053450406448, 39.850485774698768 ], [ 140.076542606955854, 39.851024386766085 ], [ 140.076989274135713, 39.852634945746217 ], [ 140.077932607204161, 39.852360505033346 ], [ 140.078393721992711, 39.851773279213489 ], [ 140.078652334637582, 39.85197799998474 ], [ 140.076814812853399, 39.855042748324252 ], [ 140.073854227590573, 39.855877749058948 ], [ 140.073162555407634, 39.857084134725085 ], [ 140.072491725013151, 39.857514972937679 ], [ 140.070912825766413, 39.857709170741714 ], [ 140.070339754376278, 39.858344720732305 ], [ 140.069167808247812, 39.858156387407405 ], [ 140.06868586336202, 39.85840917064678 ], [ 140.068783645748681, 39.858872504962164 ], [ 140.068175577241163, 39.859006946413501 ], [ 140.067903087157788, 39.859470278930303 ], [ 140.066170557625242, 39.859535000439962 ], [ 140.066093644905891, 39.859076946044297 ], [ 140.06451472137735, 39.858893918719446 ], [ 140.064780310962647, 39.857983892043023 ], [ 140.065863086612239, 39.857051946190438 ], [ 140.066338365723027, 39.85574333278862 ], [ 140.066499222061566, 39.854046946109747 ], [ 140.066010052022307, 39.851472504552476 ], [ 140.066170920951322, 39.850411666964931 ], [ 140.0619036962986, 39.848758053841152 ], [ 140.059795642255153, 39.847110000326325 ], [ 140.05628280220958, 39.851575306055565 ], [ 140.05536058432358, 39.85117669414916 ], [ 140.055108910847594, 39.851413358839466 ], [ 140.052894189115591, 39.849953919238033 ], [ 140.048731971103621, 39.848930890947884 ], [ 140.04888586309221, 39.848322253169499 ], [ 140.048620311278455, 39.847675865448878 ], [ 140.049402802397481, 39.847455305817789 ], [ 140.049801140909949, 39.846809196886966 ], [ 140.049346977880759, 39.84643753136703 ], [ 140.049305331176129, 39.845656414412076 ], [ 140.048669494301748, 39.844767802392198 ], [ 140.050199533381829, 39.841994467670588 ], [ 140.049598690027551, 39.841391134992932 ], [ 140.050689532595925, 39.839451693940589 ], [ 140.051087613003006, 39.837857801196606 ], [ 140.051716498117912, 39.837922225030695 ], [ 140.054932141005565, 39.828755558622163 ], [ 140.054841025293172, 39.827004135232698 ], [ 140.055469104615554, 39.823529413851418 ], [ 140.055080804335716, 39.820839693597009 ], [ 140.055377223580081, 39.819137748208561 ], [ 140.054810558060922, 39.819051082341616 ], [ 140.055540271566315, 39.816833838011291 ], [ 140.05526474717044, 39.815664385702917 ], [ 140.055877303295006, 39.807128802352395 ], [ 140.047987859452178, 39.805749666813711 ], [ 140.034042917846477, 39.804487586133234 ], [ 140.032220946239704, 39.809075532409963 ], [ 140.029113449526108, 39.815045892254204 ], [ 140.021131751429266, 39.827891694146444 ], [ 140.01484291826614, 39.83659594624595 ], [ 140.005876394180291, 39.84737241440547 ], [ 139.99666097282568, 39.856864054432606 ], [ 139.988015473435439, 39.864717027169149 ], [ 139.979024643372668, 39.871899305308773 ], [ 139.971507588104828, 39.877371305841166 ], [ 139.968488340064937, 39.879211639805362 ], [ 139.967886275431283, 39.87999968693606 ], [ 139.968179804254646, 39.880223054250621 ], [ 139.971326200243993, 39.881583613393104 ], [ 139.972051193208017, 39.882321946001071 ], [ 139.973378144685739, 39.882648864853309 ], [ 139.973569804602903, 39.883313305564627 ], [ 139.972953967751437, 39.884283613797777 ], [ 139.971887030062476, 39.884989999788729 ], [ 139.969848663585026, 39.885200837748528 ], [ 139.967988391651033, 39.884610279041169 ], [ 139.967140337256865, 39.884663080936491 ], [ 139.966976160621357, 39.885021694595594 ], [ 139.967961167374028, 39.885527801566866 ], [ 139.966538392233133, 39.885696694247088 ], [ 139.966155058009576, 39.886540027200567 ], [ 139.962980855881824, 39.889397559150098 ], [ 139.958247497324237, 39.892972027037445 ], [ 139.953678274932486, 39.897885946079612 ], [ 139.960803280646928, 39.905026928250209 ], [ 139.962883774066995, 39.909108225264447 ], [ 139.963118872138352, 39.921056171005546 ], [ 139.97632844440227, 39.927809891613265 ], [ 140.01148610879693, 39.920347559192578 ], [ 140.014890584133241, 39.919867000161958 ] ] ] } },
{ "type": "Feature", "properties": { "regioncode": "0521200", "regionname": "秋田県大仙市", "name": "大仙市", "namekana": "だいせんし", "PrefCode": "05" }, "geometry": { "type": "Polygon", "coordinates": [ [ [ 140.496406471781256, 39.723611135445594 ], [ 140.495613994590258, 39.721387801805633 ], [ 140.495690116805463, 39.719936135044634 ], [ 140.494430699916961, 39.71786335960644 ], [ 140.495288494868191, 39.716353054350009 ], [ 140.495212672127195, 39.713978613022618 ], [ 140.495921581615789, 39.713698612700853 ], [ 140.497476328669677, 39.711588586444179 ], [ 140.496908833076304, 39.710633585571543 ], [ 140.497151607760543, 39.709401359685046 ], [ 140.496712476899347, 39.707024412846408 ], [ 140.499650830021892, 39.704031333279488 ], [ 140.499338637568144, 39.703298838170895 ], [ 140.49988224357071, 39.701851053783173 ], [ 140.499616160257688, 39.700699107677735 ], [ 140.500287030222353, 39.697705748421583 ], [ 140.501746200926505, 39.697509359869116 ], [ 140.502079531944901, 39.696490467561091 ], [ 140.50457788636038, 39.694659332762058 ], [ 140.505051803897686, 39.693783504605108 ], [ 140.504959584717085, 39.693050720814142 ], [ 140.502115136104749, 39.691138774734725 ], [ 140.497074305634783, 39.689217413652784 ], [ 140.49535321727717, 39.686534892471343 ], [ 140.495318222857804, 39.684989612580637 ], [ 140.494593255973996, 39.682748504739777 ], [ 140.49480380075488, 39.681645170588183 ], [ 140.494031855086064, 39.680632945853802 ], [ 140.493774942159916, 39.679060721375265 ], [ 140.493108274727206, 39.678138775084449 ], [ 140.49398552471223, 39.676982081457936 ], [ 140.49348357980341, 39.675589865280131 ], [ 140.493775836985378, 39.674505414193561 ], [ 140.493296667407321, 39.673918197366959 ], [ 140.493098053932158, 39.672878748355629 ], [ 140.492478054118919, 39.67221902728636 ], [ 140.492711946199393, 39.671568197814111 ], [ 140.492267807913095, 39.670709586278463 ], [ 140.492361413848244, 39.669570693832497 ], [ 140.491772243694186, 39.667469586152549 ], [ 140.492063669902564, 39.666021774785122 ], [ 140.491816161186989, 39.665453720712719 ], [ 140.488726160783813, 39.664212080723019 ], [ 140.488319533219965, 39.661142892430576 ], [ 140.483634253318201, 39.659292360154325 ], [ 140.483784837600183, 39.658579026900611 ], [ 140.482869273797974, 39.657594864611383 ], [ 140.479433722388421, 39.65643291894412 ], [ 140.479152891992385, 39.654980973393265 ], [ 140.479441530302438, 39.653817640072077 ], [ 140.477368469779094, 39.653078197700722 ], [ 140.475169026629374, 39.650649864499712 ], [ 140.473509611079749, 39.64794402659561 ], [ 140.473176328624731, 39.643630135222622 ], [ 140.472029948423483, 39.642264027263082 ], [ 140.471692476926364, 39.641113198115647 ], [ 140.471699728160047, 39.638318467623208 ], [ 140.469643332973533, 39.637216801714089 ], [ 140.468598910711194, 39.632987360278491 ], [ 140.46852169941701, 39.631920972974569 ], [ 140.468895330854934, 39.630881802753038 ], [ 140.470587301862565, 39.629039838317908 ], [ 140.470664254152098, 39.627653170957103 ], [ 140.469399533062074, 39.627412053723333 ], [ 140.468587029767718, 39.626205107779526 ], [ 140.469221776663744, 39.624854837780617 ], [ 140.468693451041986, 39.624304837598231 ], [ 140.469278469925484, 39.622170386654091 ], [ 140.467680726284584, 39.619690387401533 ], [ 140.467712943597576, 39.618779278840691 ], [ 140.464044889560114, 39.617095107653142 ], [ 140.464049078602216, 39.615432612824861 ], [ 140.464659363938608, 39.614801224896667 ], [ 140.466518301278597, 39.610866503886086 ], [ 140.46762496831775, 39.610165639732543 ], [ 140.469715006242609, 39.610056468331379 ], [ 140.470438884946702, 39.609432587044296 ], [ 140.470369999575837, 39.608722027299791 ], [ 140.471175031302664, 39.607834532237916 ], [ 140.471085862622544, 39.605871748382526 ], [ 140.470340052151755, 39.604590081367235 ], [ 140.469722554252485, 39.604208694175952 ], [ 140.469159494115388, 39.602340359819777 ], [ 140.469720078418959, 39.601070053939907 ], [ 140.471839533168009, 39.600986721859783 ], [ 140.473204279553897, 39.600284505125842 ], [ 140.476478495286415, 39.597068640105704 ], [ 140.48002155614995, 39.597850026857316 ], [ 140.481060441286445, 39.597171413729825 ], [ 140.482481894423927, 39.594911946229388 ], [ 140.483161050741955, 39.594456667141515 ], [ 140.484588559914187, 39.594416944986051 ], [ 140.48629605681765, 39.594857225180874 ], [ 140.488367755767399, 39.594462197972121 ], [ 140.492505836874898, 39.594793305866403 ], [ 140.491803060762663, 39.592554413955099 ], [ 140.492856978067152, 39.592113864863052 ], [ 140.494486161107488, 39.58999633286453 ], [ 140.494693943171001, 39.588693000281808 ], [ 140.49608258094645, 39.587478000009753 ], [ 140.497189000671938, 39.587170225025943 ], [ 140.49793011578231, 39.585871586004941 ], [ 140.500258754637912, 39.585642972944925 ], [ 140.500133747974132, 39.584935747886504 ], [ 140.499331530225959, 39.584446864731092 ], [ 140.498620699785533, 39.583184918948916 ], [ 140.499283216847061, 39.582337414040467 ], [ 140.499186835604064, 39.581039918957174 ], [ 140.499560467041988, 39.580392693967724 ], [ 140.499082970202949, 39.579108531333702 ], [ 140.499287717054585, 39.57851741414737 ], [ 140.498822438404886, 39.577677693770625 ], [ 140.49980661508323, 39.576617413762676 ], [ 140.499959143699584, 39.575951559317048 ], [ 140.500991633756939, 39.575618505289867 ], [ 140.502537223913805, 39.573436838139628 ], [ 140.501665576705022, 39.571869891782114 ], [ 140.502187523435509, 39.571207667000294 ], [ 140.501811140971427, 39.570479612744009 ], [ 140.500849754012961, 39.570070440998109 ], [ 140.500713644319262, 39.569605171341664 ], [ 140.499680309798578, 39.568836000081376 ], [ 140.501064773820303, 39.568007666920323 ], [ 140.502566471665432, 39.566072360051407 ], [ 140.501803411298511, 39.565400134808442 ], [ 140.502811776142607, 39.56436430556829 ], [ 140.502524279971567, 39.563320413906013 ], [ 140.50300374812457, 39.563044864329072 ], [ 140.504143475141291, 39.56320902657535 ], [ 140.504800973086503, 39.562797360110153 ], [ 140.505959856562185, 39.563140694287654 ], [ 140.507352633017717, 39.562920694034858 ], [ 140.508652944777623, 39.562143999945704 ], [ 140.508589053342234, 39.561589000432093 ], [ 140.507090194656826, 39.559530107828266 ], [ 140.507054085977302, 39.558983441432702 ], [ 140.50922605573794, 39.558303721239781 ], [ 140.512308832786516, 39.558526774690961 ], [ 140.513314968211262, 39.55751786485763 ], [ 140.518031945617849, 39.556114532159995 ], [ 140.519641387640036, 39.555917559947488 ], [ 140.52205891099004, 39.556234224729735 ], [ 140.524370025656253, 39.557517279398951 ], [ 140.527251699006797, 39.557827252325865 ], [ 140.528609779617682, 39.556046413910906 ], [ 140.528369494256822, 39.554056135082647 ], [ 140.529439558888612, 39.550984468258662 ], [ 140.533327055599216, 39.551786107742714 ], [ 140.534854838280239, 39.552539171245826 ], [ 140.5365914786139, 39.554974440917761 ], [ 140.540785331178199, 39.55802361299942 ], [ 140.541021440087434, 39.55876194560733 ], [ 140.540434501151367, 39.558811946114474 ], [ 140.540188638195104, 39.560434171100155 ], [ 140.539792529101987, 39.56089027936298 ], [ 140.540394189040626, 39.56203972085649 ], [ 140.539563060786691, 39.563210837809947 ], [ 140.540096667227431, 39.564104720756291 ], [ 140.542145811180262, 39.565786667021143 ], [ 140.545529689343766, 39.56761969399372 ], [ 140.550518585764166, 39.569448585883606 ], [ 140.55248216641894, 39.571523586244552 ], [ 140.55303243819651, 39.572770251645863 ], [ 140.553486588635224, 39.57615719829613 ], [ 140.551971829036802, 39.57913025175975 ], [ 140.551573476135104, 39.581294972984665 ], [ 140.552032607019214, 39.582971359640567 ], [ 140.553167612595303, 39.584586080683152 ], [ 140.556812607116171, 39.58415246806203 ], [ 140.559774578234283, 39.584167440874751 ], [ 140.560229299742446, 39.583163000672016 ], [ 140.560764864007297, 39.582826333168782 ], [ 140.562626278080302, 39.582311613390289 ], [ 140.564037392611681, 39.582278558808468 ], [ 140.565996030592373, 39.58016408090765 ], [ 140.569796057442204, 39.577671557696306 ], [ 140.57145442168428, 39.576956000419159 ], [ 140.574133021821581, 39.576688224581972 ], [ 140.576332776136724, 39.574904865367273 ], [ 140.57945167265666, 39.57516819765425 ], [ 140.579512529779436, 39.574147918591621 ], [ 140.580375030883033, 39.573710413704703 ], [ 140.581365576560188, 39.573893171232896 ], [ 140.582314161669274, 39.575054278732011 ], [ 140.583162777240432, 39.5755465046675 ], [ 140.585181140996951, 39.574927891608979 ], [ 140.58659752285746, 39.57495317065235 ], [ 140.586887522740994, 39.574567613304737 ], [ 140.588701725104556, 39.574082027063923 ], [ 140.589936719104344, 39.574202027201864 ], [ 140.590128663207338, 39.573670359699406 ], [ 140.593623670596003, 39.573226440847634 ], [ 140.593828106282103, 39.572910332745721 ], [ 140.595396719083396, 39.573449774887251 ], [ 140.595707275670293, 39.574788108184691 ], [ 140.59514644585181, 39.575613666937215 ], [ 140.597152827041441, 39.575934224884634 ], [ 140.596765863154133, 39.576546999544462 ], [ 140.596918365690044, 39.578450613405153 ], [ 140.599281414405823, 39.579530333158402 ], [ 140.600030804178346, 39.584974505069397 ], [ 140.601431089073571, 39.586114504580792 ], [ 140.604874164211424, 39.584782532188171 ], [ 140.609065279239303, 39.584096666927678 ], [ 140.611578911337801, 39.582694170599552 ], [ 140.614465576824955, 39.581985801603537 ], [ 140.616842555139897, 39.580748865068131 ], [ 140.619254253580948, 39.580109386838785 ], [ 140.620350921058275, 39.579028279431611 ], [ 140.62300036337615, 39.578427170777388 ], [ 140.623454837570762, 39.577961053959541 ], [ 140.626042607080763, 39.577139640182281 ], [ 140.62673871561924, 39.576776585670927 ], [ 140.62723208819034, 39.576053531645243 ], [ 140.628054577556782, 39.575736026896152 ], [ 140.628449856575685, 39.574161305899622 ], [ 140.629009052325955, 39.573460171949421 ], [ 140.63073044105704, 39.572934892331489 ], [ 140.630138494695871, 39.572261837913516 ], [ 140.63111406036569, 39.571210721097941 ], [ 140.632989922047273, 39.57055294616157 ], [ 140.634374915769854, 39.570430694121285 ], [ 140.634604915584418, 39.569718747622176 ], [ 140.636030466932539, 39.569489026597353 ], [ 140.638764643373634, 39.57034402735502 ], [ 140.639316861284215, 39.570908467951483 ], [ 140.640753255758227, 39.571203998665681 ], [ 140.643111283558937, 39.574987054409064 ], [ 140.645077664702512, 39.57535344000928 ], [ 140.645428223134104, 39.576065387407766 ], [ 140.64634933935065, 39.57682122531935 ], [ 140.646943216556224, 39.57813872132499 ], [ 140.648796251645763, 39.579529801659078 ], [ 140.650967081965291, 39.580110359905234 ], [ 140.651383773842099, 39.57968313516858 ], [ 140.652797950565059, 39.579223134640017 ], [ 140.653754060301708, 39.579354252197049 ], [ 140.655336549642129, 39.579015613379909 ], [ 140.657436277762031, 39.579387558589019 ], [ 140.65878267168307, 39.580664505062884 ], [ 140.661363773619314, 39.581585864995702 ], [ 140.662405446654134, 39.582527802316292 ], [ 140.663578495351317, 39.582922252160245 ], [ 140.667132944329978, 39.582382774945188 ], [ 140.667659364288284, 39.581189171343226 ], [ 140.669899364164394, 39.580901945868163 ], [ 140.674046328775148, 39.578073586127175 ], [ 140.677967756007206, 39.57791827860575 ], [ 140.679875252241118, 39.577414946942326 ], [ 140.685735811158793, 39.577798532076656 ], [ 140.686389415938834, 39.577536585644964 ], [ 140.687263306956083, 39.578760749109335 ], [ 140.687358859024243, 39.580045467524371 ], [ 140.688304137326099, 39.580580747603449 ], [ 140.688914695157109, 39.581506305571622 ], [ 140.690206886938313, 39.582461278565233 ], [ 140.69028022035593, 39.584009892242761 ], [ 140.691309661711557, 39.585677944881297 ], [ 140.694403529199576, 39.588710171936953 ], [ 140.695190751651921, 39.589089053616988 ], [ 140.696069636604534, 39.588631000120586 ], [ 140.697582438378845, 39.58684208219637 ], [ 140.700083553713057, 39.586286251709225 ], [ 140.701944135913209, 39.583370387033767 ], [ 140.704566109338543, 39.582901504800645 ], [ 140.705248053554897, 39.582264559062196 ], [ 140.707808638358074, 39.580980918934301 ], [ 140.710774188777805, 39.581201722281719 ], [ 140.712091699172674, 39.581519225232114 ], [ 140.713396135223547, 39.582291721285969 ], [ 140.715592243687183, 39.582649504870801 ], [ 140.716375057662844, 39.581577801674257 ], [ 140.718995641635615, 39.579903639041788 ], [ 140.720108690263942, 39.578240279065653 ], [ 140.72139983073771, 39.577754720703865 ], [ 140.7234967826505, 39.577590837247385 ], [ 140.724569299733503, 39.577127467858418 ], [ 140.726033476064117, 39.575870251610866 ], [ 140.727504890138675, 39.575367749122393 ], [ 140.727399078604662, 39.571062170183041 ], [ 140.728214358106243, 39.569484108205074 ], [ 140.728214384186572, 39.568193838275079 ], [ 140.728586615380095, 39.567447721135466 ], [ 140.730359414755299, 39.565842720864907 ], [ 140.729619415703496, 39.565127999957269 ], [ 140.728835006330542, 39.562146892165401 ], [ 140.72715444861899, 39.558709107739162 ], [ 140.727479195608453, 39.55595410839544 ], [ 140.728177522774558, 39.554923837864862 ], [ 140.729418106060848, 39.5541896403397 ], [ 140.729151725072143, 39.55298130584265 ], [ 140.732879805258904, 39.550651559022299 ], [ 140.736353165066589, 39.549102666554859 ], [ 140.737527328023816, 39.547962080685522 ], [ 140.739708196576089, 39.546597640069081 ], [ 140.740316524088371, 39.544982358748882 ], [ 140.739267911884667, 39.543799865371568 ], [ 140.739858494873715, 39.541944304985748 ], [ 140.739547664892939, 39.54053264006933 ], [ 140.740692114249782, 39.538724000012621 ], [ 140.741359364443156, 39.536185667134873 ], [ 140.740505188363841, 39.534221504618813 ], [ 140.739369921984348, 39.533649586159527 ], [ 140.738861855390383, 39.532859585701374 ], [ 140.738796328987405, 39.529837081216385 ], [ 140.737988833118266, 39.52606041425679 ], [ 140.737914112046724, 39.524136250887295 ], [ 140.738223579554642, 39.523054028320814 ], [ 140.737838858576538, 39.522397640139047 ], [ 140.736562995785675, 39.521441801997639 ], [ 140.733566614807501, 39.521580721173393 ], [ 140.731686886940338, 39.522396278565452 ], [ 140.72832408618774, 39.520397413909564 ], [ 140.726219636626979, 39.519981305692738 ], [ 140.72549713388571, 39.519025197754729 ], [ 140.724681026108556, 39.518594107731928 ], [ 140.724802969681377, 39.517300774711032 ], [ 140.723892165990719, 39.516159667234888 ], [ 140.723826329321696, 39.515241332621429 ], [ 140.723198002685763, 39.514322721016811 ], [ 140.721129390209285, 39.51405689221184 ], [ 140.724340219925239, 39.511183559173958 ], [ 140.723449416257608, 39.508835774651345 ], [ 140.723768859045663, 39.508119666989103 ], [ 140.723712749443848, 39.506101332910248 ], [ 140.723412476604608, 39.505539108243283 ], [ 140.723966394233798, 39.504418838058996 ], [ 140.72279999872103, 39.504070775246134 ], [ 140.719779143592632, 39.504801891694001 ], [ 140.717366938833266, 39.501593586374952 ], [ 140.713865550754576, 39.499367468433945 ], [ 140.713574720796828, 39.49885358592428 ], [ 140.713868365632607, 39.496059413910871 ], [ 140.713271413644861, 39.494056639902055 ], [ 140.715308911377178, 39.492510252046543 ], [ 140.716139779727087, 39.491140532409702 ], [ 140.716925887919501, 39.48885744061846 ], [ 140.718364227627035, 39.487718558964389 ], [ 140.718821192943778, 39.486799945561074 ], [ 140.718961193104633, 39.484807440910743 ], [ 140.722703969112899, 39.483035468911794 ], [ 140.724404552927808, 39.480534359872877 ], [ 140.72130538303702, 39.478575468283282 ], [ 140.719176783082162, 39.478881612796272 ], [ 140.716464578877321, 39.478544386814065 ], [ 140.714873190745266, 39.477405224571498 ], [ 140.712734577738615, 39.476868558637136 ], [ 140.71209069912652, 39.475789107781168 ], [ 140.708570999052426, 39.47507053327854 ], [ 140.706536005032717, 39.474006639794652 ], [ 140.70581713375384, 39.472309973426604 ], [ 140.703582411998809, 39.470558864799841 ], [ 140.702123280864839, 39.470408305698811 ], [ 140.698154423388019, 39.467784693708722 ], [ 140.695753281189013, 39.470610000251384 ], [ 140.695211855143043, 39.471993054136192 ], [ 140.695197690820805, 39.473080278731913 ], [ 140.694136031252924, 39.473544197606714 ], [ 140.693823256038513, 39.474018640348049 ], [ 140.693402944390414, 39.477098359701586 ], [ 140.690114306230271, 39.479055612726427 ], [ 140.688305135573614, 39.479241999918429 ], [ 140.680669028053217, 39.481218413898716 ], [ 140.678341802931868, 39.481236197992189 ], [ 140.677348755340859, 39.481569838377368 ], [ 140.67675094719857, 39.482060108287442 ], [ 140.676423995071332, 39.48335483795546 ], [ 140.675339274188218, 39.484221225029557 ], [ 140.673758974696966, 39.486368171154254 ], [ 140.673384526674681, 39.487657918578122 ], [ 140.672027276137896, 39.48877874724144 ], [ 140.671113385074705, 39.488945693788764 ], [ 140.670670335867385, 39.489641532530754 ], [ 140.669724500885081, 39.489982360297745 ], [ 140.667917562345679, 39.488894865006046 ], [ 140.666920894983377, 39.488987945737165 ], [ 140.664897561573298, 39.490338775114424 ], [ 140.664607522119468, 39.491549612424706 ], [ 140.662801971234103, 39.492689639815069 ], [ 140.661643645338017, 39.492930468366467 ], [ 140.660798080267227, 39.494594081951391 ], [ 140.657672528764238, 39.494260467646541 ], [ 140.654095305354076, 39.494520504817501 ], [ 140.650403645012261, 39.49382108137786 ], [ 140.649424448779314, 39.495500532023982 ], [ 140.648241115435212, 39.496279134474548 ], [ 140.647694449039705, 39.497528026597195 ], [ 140.643932477901558, 39.498392775106538 ], [ 140.639158300914914, 39.498139467562453 ], [ 140.638961361078032, 39.497213638898359 ], [ 140.638150829996903, 39.496720027107642 ], [ 140.636535551374664, 39.496814748202098 ], [ 140.633492776170783, 39.496297801702212 ], [ 140.631423333619978, 39.496652837858221 ], [ 140.628835836604594, 39.495646170934094 ], [ 140.623978885117481, 39.495403693925368 ], [ 140.623049442078127, 39.494311746989581 ], [ 140.621559441714908, 39.49376813469172 ], [ 140.619506420784774, 39.492479801901368 ], [ 140.618215577087312, 39.492506504571566 ], [ 140.6162003105959, 39.491796505104674 ], [ 140.614990856442887, 39.492068720894792 ], [ 140.613299169621087, 39.493698171033827 ], [ 140.612535550775078, 39.493812359752667 ], [ 140.6116705576502, 39.493024864805705 ], [ 140.611981671816807, 39.492690414131346 ], [ 140.611145837410504, 39.492167918814459 ], [ 140.610091387707485, 39.492057640347866 ], [ 140.607363645016221, 39.489717919146699 ], [ 140.603760310689836, 39.489364332697846 ], [ 140.602852802115194, 39.488871559075221 ], [ 140.59635391699976, 39.488893531311476 ], [ 140.592634188816874, 39.486925468435686 ], [ 140.592012243770114, 39.487491865057564 ], [ 140.589608689589454, 39.482117135197711 ], [ 140.587762825693972, 39.48280130703472 ], [ 140.584382477369445, 39.482560946130832 ], [ 140.584040610885495, 39.481611612785741 ], [ 140.583962412135634, 39.481829081447017 ], [ 140.582734449035684, 39.481521667091329 ], [ 140.581339078935457, 39.481857613338263 ], [ 140.58111131033877, 39.480930108337873 ], [ 140.580039584659175, 39.481072415259803 ], [ 140.579884227675052, 39.480296865108301 ], [ 140.580638391948241, 39.479999801949361 ], [ 140.580317717089088, 39.479785053737317 ], [ 140.577411751251361, 39.479824972844256 ], [ 140.576760272468618, 39.479261250806132 ], [ 140.574060051730044, 39.480240532474625 ], [ 140.570644227848902, 39.480939440602754 ], [ 140.570342243599725, 39.481873891966586 ], [ 140.571479753787685, 39.482116666650882 ], [ 140.571597522707521, 39.482513891802739 ], [ 140.56820197134391, 39.483301386749645 ], [ 140.56987114094045, 39.48348889179897 ], [ 140.569977781649413, 39.484220838321107 ], [ 140.570666420419002, 39.484165837583362 ], [ 140.57090527855587, 39.485828891789993 ], [ 140.569291387587555, 39.486343892156924 ], [ 140.565976550377513, 39.485342441300702 ], [ 140.56614856010799, 39.485016107907086 ], [ 140.564417393048302, 39.484345225351944 ], [ 140.560044695006695, 39.483525252288587 ], [ 140.560336419790019, 39.482512666926084 ], [ 140.558402529353316, 39.482204387422598 ], [ 140.557433332682194, 39.480916999819726 ], [ 140.557806420929637, 39.479935864648496 ], [ 140.559049754342709, 39.479749197767319 ], [ 140.558926977997658, 39.4793014136294 ], [ 140.559947808344759, 39.478640027015672 ], [ 140.559205058266912, 39.477878919076886 ], [ 140.559039222382239, 39.476570865952738 ], [ 140.558556161437764, 39.47583641391941 ], [ 140.553679053445649, 39.473123027106055 ], [ 140.552140272056022, 39.473001440564076 ], [ 140.552270856314976, 39.473634919416043 ], [ 140.544895109721551, 39.471757440753322 ], [ 140.544983281053646, 39.47112850527634 ], [ 140.54599313877236, 39.471237837656133 ], [ 140.546098807314138, 39.470582386567912 ], [ 140.54657208813137, 39.470548108008813 ], [ 140.546581310679016, 39.470292224806371 ], [ 140.546235810034659, 39.470274386753601 ], [ 140.546541023749342, 39.46986735989077 ], [ 140.547179053170794, 39.470120865285764 ], [ 140.547682944212625, 39.469918332565044 ], [ 140.55106620004517, 39.471265332629059 ], [ 140.551397562447619, 39.470826693697006 ], [ 140.553300946981153, 39.470383918782886 ], [ 140.552878664019204, 39.470102504726867 ], [ 140.552780661298584, 39.469351694025534 ], [ 140.555225667930245, 39.469305585784184 ], [ 140.5562657716481, 39.468811694304293 ], [ 140.557774033644819, 39.468770279624778 ], [ 140.557749974082071, 39.467949170717702 ], [ 140.555174941670316, 39.467980468024223 ], [ 140.555146252397662, 39.465386198214503 ], [ 140.554115668903023, 39.465062224641997 ], [ 140.554184577656201, 39.464671170638042 ], [ 140.553573139388959, 39.464657775236162 ], [ 140.553751115221871, 39.46414830569978 ], [ 140.555628559710271, 39.463681279667355 ], [ 140.554905162143541, 39.460921666801539 ], [ 140.554064035227157, 39.460514971788598 ], [ 140.554221970567596, 39.458126278904672 ], [ 140.553633475804304, 39.458530722015269 ], [ 140.55501297017247, 39.457094721444264 ], [ 140.555129999849669, 39.455419504806343 ], [ 140.55591147923144, 39.455400801605776 ], [ 140.555676886579135, 39.455098972939311 ], [ 140.557991633607116, 39.453767612985018 ], [ 140.557179688791621, 39.452253919083148 ], [ 140.558865083956562, 39.451435413713398 ], [ 140.558679026815753, 39.450993585785397 ], [ 140.55935632873161, 39.451033864621195 ], [ 140.558342943871821, 39.449239558858608 ], [ 140.555917198020325, 39.44983841381179 ], [ 140.556308559592367, 39.45076294565348 ], [ 140.554293994572276, 39.451250774803441 ], [ 140.552660245673906, 39.451111585831086 ], [ 140.552150389429016, 39.451458612624947 ], [ 140.551757952267735, 39.452352107963463 ], [ 140.550060168941741, 39.452773891801712 ], [ 140.548394423064224, 39.452513108193443 ], [ 140.545130000049539, 39.452682386682852 ], [ 140.545154227785474, 39.451338748284684 ], [ 140.546160584443442, 39.451032891554746 ], [ 140.545822361113096, 39.450268359896938 ], [ 140.544747470719244, 39.450578107993351 ], [ 140.544636614887963, 39.451032135224921 ], [ 140.543791608296146, 39.450995891647153 ], [ 140.54400302182205, 39.450604746811678 ], [ 140.542996083302683, 39.4503741984106 ], [ 140.542665810878589, 39.449966414318624 ], [ 140.542939533033064, 39.448673891586907 ], [ 140.541523968656293, 39.449185640005339 ], [ 140.540182165774354, 39.450703027422833 ], [ 140.537500532223817, 39.450702279186885 ], [ 140.53782885941439, 39.448259775368399 ], [ 140.537520052008858, 39.447135414168088 ], [ 140.536168417738395, 39.447329414121214 ], [ 140.53617269761196, 39.447016747724774 ], [ 140.534137003919682, 39.447560666691459 ], [ 140.533233384912819, 39.445359999564403 ], [ 140.532849079421567, 39.445464359592563 ], [ 140.532378301417566, 39.444361692737971 ], [ 140.530011945894671, 39.444828974177881 ], [ 140.529478339453817, 39.444302802432446 ], [ 140.527961750634404, 39.4440838651783 ], [ 140.526665642305602, 39.440583837773943 ], [ 140.523776886793939, 39.441211026767519 ], [ 140.523457613078449, 39.440326414032825 ], [ 140.521944812203401, 39.440637108216038 ], [ 140.522140078402003, 39.441088612849228 ], [ 140.521612671887397, 39.441205891638617 ], [ 140.521104162826873, 39.439899693815846 ], [ 140.52261869040035, 39.439629468225405 ], [ 140.52192169872751, 39.437072585931162 ], [ 140.521160311099493, 39.437101532409827 ], [ 140.521133384498171, 39.436785667124866 ], [ 140.519002048805532, 39.437278250990516 ], [ 140.518604968444606, 39.436238224614442 ], [ 140.515828171333055, 39.437345414159608 ], [ 140.515556549994812, 39.436765612243278 ], [ 140.514194306422155, 39.437241865319891 ], [ 140.514019533075043, 39.436840414253766 ], [ 140.512978949119315, 39.437111720829307 ], [ 140.510647223790443, 39.431864801719257 ], [ 140.511169948434485, 39.431402837970666 ], [ 140.512337198303157, 39.4312572799995 ], [ 140.514323359135801, 39.430413748295905 ], [ 140.514165331165145, 39.430048054274323 ], [ 140.514553580183588, 39.429455440616152 ], [ 140.513988716006452, 39.427450667414405 ], [ 140.516618275213318, 39.424425748249746 ], [ 140.518598585956056, 39.423018972947318 ], [ 140.518654163159113, 39.42400519828135 ], [ 140.520004811772765, 39.423896170771741 ], [ 140.520043086919031, 39.421375134554864 ], [ 140.517804838022926, 39.421458440554659 ], [ 140.517424915827291, 39.417324775118345 ], [ 140.516106588848061, 39.415741441314537 ], [ 140.514589636702453, 39.415885892220217 ], [ 140.51422133644553, 39.413296719767857 ], [ 140.51108046679019, 39.414434532127984 ], [ 140.510044642946013, 39.41423035994319 ], [ 140.505555162540759, 39.41496955859833 ], [ 140.503967913088786, 39.415841775977242 ], [ 140.504541828942365, 39.414869838172535 ], [ 140.503249051702483, 39.414321775129849 ], [ 140.504901829355958, 39.411962613284004 ], [ 140.506352970013609, 39.412587332739292 ], [ 140.508274941735181, 39.40657230626698 ], [ 140.51010247744739, 39.405299225079204 ], [ 140.509761634392021, 39.403316720890018 ], [ 140.510420000182876, 39.40320061301793 ], [ 140.510015550777098, 39.400928440794985 ], [ 140.510711971380488, 39.397945585620334 ], [ 140.508301970859293, 39.395794748129163 ], [ 140.507368910746663, 39.395944505034947 ], [ 140.50684808007486, 39.396669505193586 ], [ 140.505048052825487, 39.396794775358671 ], [ 140.504892503386372, 39.397279775241486 ], [ 140.503155279392672, 39.397785919084924 ], [ 140.503293022255207, 39.398411197918506 ], [ 140.502782282876069, 39.398527413709246 ], [ 140.502458301209685, 39.399134251944247 ], [ 140.501393021870513, 39.399165639182968 ], [ 140.50068219232935, 39.399880918569579 ], [ 140.500769104610526, 39.400630080813642 ], [ 140.499834384349469, 39.40072122530438 ], [ 140.498040505764834, 39.402174559408422 ], [ 140.497991581746192, 39.403367332936114 ], [ 140.496816861209254, 39.404577891456597 ], [ 140.496242698042124, 39.404273747935179 ], [ 140.495638832965824, 39.401220027082616 ], [ 140.494213607172242, 39.401379386949202 ], [ 140.493622944143567, 39.398040865193821 ], [ 140.49250267216064, 39.398091774915542 ], [ 140.492363385162207, 39.39742561290177 ], [ 140.490195421881253, 39.397410134670054 ], [ 140.489846394095821, 39.400163197773395 ], [ 140.488069390390137, 39.400019387185012 ], [ 140.488464577678201, 39.401128135255306 ], [ 140.48822627802042, 39.401899332688117 ], [ 140.486436808811732, 39.40206183838319 ], [ 140.485066809485716, 39.400295170585707 ], [ 140.48450128430693, 39.397937667089707 ], [ 140.485616278168777, 39.39647877517541 ], [ 140.488172699110805, 39.395516253272547 ], [ 140.488393256943368, 39.395088747947398 ], [ 140.487942996072434, 39.39213458564268 ], [ 140.488030506402765, 39.390726251815124 ], [ 140.486104111815393, 39.389570413443892 ], [ 140.487209947880842, 39.388263197588572 ], [ 140.490690000443237, 39.386186225014342 ], [ 140.490835007129931, 39.385116504822918 ], [ 140.489118884828713, 39.38333289199943 ], [ 140.488441920158607, 39.384706198132562 ], [ 140.486730660491617, 39.384510081175335 ], [ 140.486982633441812, 39.383600972706802 ], [ 140.486382088662481, 39.381658721273027 ], [ 140.485432502607978, 39.380622332654582 ], [ 140.4845697281105, 39.380267613059971 ], [ 140.483325252558416, 39.37823777485346 ], [ 140.481199636554038, 39.377982027448638 ], [ 140.481075836780519, 39.375462892398616 ], [ 140.478903580136148, 39.375238197684723 ], [ 140.478127469707033, 39.374513468222005 ], [ 140.47815885874445, 39.375204027044276 ], [ 140.474968274566322, 39.375846559371269 ], [ 140.473620947149016, 39.376555774629367 ], [ 140.472301024772491, 39.376296000060393 ], [ 140.47338355400791, 39.374474053634742 ], [ 140.473229584677711, 39.373924333141531 ], [ 140.473998834178929, 39.373447946065937 ], [ 140.472720804021947, 39.371526279214493 ], [ 140.472160804277792, 39.369992107749624 ], [ 140.472488585579868, 39.369026802445035 ], [ 140.471539077766238, 39.369044838348657 ], [ 140.470962192351408, 39.367142107622215 ], [ 140.468257664759449, 39.365136224657078 ], [ 140.46452077841127, 39.36667327934839 ], [ 140.464202438192046, 39.365651558672539 ], [ 140.46097992178602, 39.36570963958826 ], [ 140.462109338974869, 39.371331053485392 ], [ 140.46244403516414, 39.376865775435249 ], [ 140.461654254140626, 39.385731918992917 ], [ 140.461950337038502, 39.389491640027245 ], [ 140.462610051812476, 39.392324413640836 ], [ 140.465086692996579, 39.39893107980555 ], [ 140.466813087354126, 39.401936080785561 ], [ 140.463046108790991, 39.402405559269198 ], [ 140.46258999962879, 39.401543613047352 ], [ 140.462283332609786, 39.401543613047352 ], [ 140.462314693768121, 39.403094440855796 ], [ 140.462621361686502, 39.403726107573846 ], [ 140.461043864482804, 39.40418638689232 ], [ 140.463094384398346, 39.408659171383704 ], [ 140.461217172834267, 39.409168640020766 ], [ 140.457170194848686, 39.408429198548731 ], [ 140.456448807266725, 39.407542531762488 ], [ 140.455386590119133, 39.407562252096284 ], [ 140.449573216830572, 39.40595838677018 ], [ 140.448856808794744, 39.406338666896033 ], [ 140.448793748332832, 39.407382838247429 ], [ 140.447779558579782, 39.408937559221044 ], [ 140.445089001056658, 39.409742585551953 ], [ 140.442932580574166, 39.408939802130192 ], [ 140.440013139295047, 39.40900510819921 ], [ 140.439563410822871, 39.408132053551469 ], [ 140.437940051791998, 39.407071775342217 ], [ 140.437278949364099, 39.407140945798062 ], [ 140.436185330588614, 39.40805594572538 ], [ 140.435038105024546, 39.407332333220666 ], [ 140.433566135169031, 39.407140945798062 ], [ 140.433034747355805, 39.406787053579706 ], [ 140.431426978072636, 39.406943747855735 ], [ 140.430230311379887, 39.40670708136679 ], [ 140.429790584268062, 39.406307080907084 ], [ 140.429664747530182, 39.405079865143705 ], [ 140.428620310878728, 39.402887360263492 ], [ 140.426735032395868, 39.403187359708909 ], [ 140.426212802379041, 39.402100692692841 ], [ 140.424481945585399, 39.401985973373996 ], [ 140.42377335895344, 39.400021532068081 ], [ 140.421883332949506, 39.399769026719241 ], [ 140.419838611862474, 39.400072947208798 ], [ 140.418924694718953, 39.400562946422895 ], [ 140.41804608316022, 39.399326559373264 ], [ 140.415929688804113, 39.398918504585367 ], [ 140.413580219851383, 39.3999096402178 ], [ 140.413108859086606, 39.398282134413023 ], [ 140.411401051917096, 39.397565468271807 ], [ 140.410788274559309, 39.397719080571164 ], [ 140.40974883274248, 39.398718250746754 ], [ 140.409134941124648, 39.397713252064989 ], [ 140.407959948093207, 39.397577973344823 ], [ 140.407583281443294, 39.396940747917256 ], [ 140.406944838333743, 39.396739081243652 ], [ 140.404370466923524, 39.397245775472186 ], [ 140.403917691548259, 39.396864944961294 ], [ 140.402843801200561, 39.396881333306965 ], [ 140.401619883251101, 39.396288278980933 ], [ 140.401172386896178, 39.396378838912312 ], [ 140.400722944408471, 39.397003559266921 ], [ 140.399931556296337, 39.397141613294878 ], [ 140.398940442247635, 39.39656189231755 ], [ 140.395980414564519, 39.396998026637675 ], [ 140.393953475772378, 39.397909135198461 ], [ 140.392419831310235, 39.397933026587964 ], [ 140.390766227179711, 39.398540837889414 ], [ 140.387118690275429, 39.398416947284318 ], [ 140.385262581303095, 39.399254171143127 ], [ 140.383819247660199, 39.395871667143751 ], [ 140.382825641590102, 39.394604721131032 ], [ 140.383788974681465, 39.393096945667537 ], [ 140.38652427977172, 39.391636666998636 ], [ 140.38739985701784, 39.389988612584432 ], [ 140.388300699817478, 39.389326666592467 ], [ 140.38805236102769, 39.388309721316659 ], [ 140.388850414015451, 39.38775413544505 ], [ 140.389599052854123, 39.386264135081831 ], [ 140.388765161882816, 39.385441919109326 ], [ 140.38833739395568, 39.384270801256548 ], [ 140.384114033735727, 39.384938054147938 ], [ 140.383097887057943, 39.385963053751993 ], [ 140.381199559412153, 39.385305838193915 ], [ 140.37985761263883, 39.3854508646657 ], [ 140.378642335375503, 39.386240026955704 ], [ 140.376799805266842, 39.385774197920966 ], [ 140.375123411416325, 39.386070865378201 ], [ 140.369375329807667, 39.385523666583993 ], [ 140.367423359400618, 39.386736171237374 ], [ 140.366400583819996, 39.388016170909623 ], [ 140.365740310566935, 39.389655640395517 ], [ 140.364881946344781, 39.390462027400702 ], [ 140.365150000072504, 39.394500360203494 ], [ 140.363775836885452, 39.396153973327273 ], [ 140.360442192153528, 39.394813972686734 ], [ 140.359171634463451, 39.394789252122337 ], [ 140.358433022166309, 39.395069837902724 ], [ 140.357999689234362, 39.395624558626537 ], [ 140.356778274997509, 39.395636775017181 ], [ 140.35566661492237, 39.395085666870102 ], [ 140.354422166349991, 39.393590945965457 ], [ 140.351401893982256, 39.392182891827076 ], [ 140.346649922156303, 39.390782640206737 ], [ 140.345725473052198, 39.389957639033867 ], [ 140.34484269763243, 39.388273467846318 ], [ 140.34487994755159, 39.386706251692203 ], [ 140.343357691204574, 39.385027918903404 ], [ 140.3437413347948, 39.383635973421462 ], [ 140.3432341117649, 39.380796533133548 ], [ 140.340187716789728, 39.37788517136363 ], [ 140.337893799858989, 39.377608774625287 ], [ 140.33638075167039, 39.376584054710406 ], [ 140.332023799858575, 39.375567413405463 ], [ 140.330092672139131, 39.375872693669919 ], [ 140.327662114914688, 39.375526306294034 ], [ 140.326514889350733, 39.376588251846385 ], [ 140.326692386744298, 39.377530467956774 ], [ 140.324744864384002, 39.377699667305876 ], [ 140.32419596587124, 39.378091332848783 ], [ 140.32403513561303, 39.378367440904753 ], [ 140.324439027439212, 39.379054945629264 ], [ 140.324237081975866, 39.380527440688866 ], [ 140.323036252321231, 39.381154386865489 ], [ 140.323069299708436, 39.382201892003764 ], [ 140.319750947048647, 39.38279994566102 ], [ 140.319457885872794, 39.38335244056276 ], [ 140.319635383266359, 39.38385161286169 ], [ 140.318620363439095, 39.384663838265567 ], [ 140.318570921410924, 39.386057720887152 ], [ 140.317155913714487, 39.386494695174122 ], [ 140.317337300675945, 39.387572747584272 ], [ 140.317919248374665, 39.388344134774059 ], [ 140.316557562381718, 39.389043026714376 ], [ 140.315843670648974, 39.390414134904461 ], [ 140.312942802168664, 39.390380802432162 ], [ 140.311855862658035, 39.39142830577174 ], [ 140.310204475356272, 39.390916945860397 ], [ 140.309445304557244, 39.391531108174149 ], [ 140.307526394127876, 39.390516946300068 ], [ 140.306684720423618, 39.391558053661299 ], [ 140.305063061111468, 39.391743612577727 ], [ 140.304518339050219, 39.390743614126563 ], [ 140.303511387940262, 39.390586945930863 ], [ 140.302691946376285, 39.390054999638551 ], [ 140.299711361989807, 39.392086694045759 ], [ 140.299216056775663, 39.393189747608801 ], [ 140.298329104904383, 39.393536134984686 ], [ 140.296728003194858, 39.39306586509764 ], [ 140.295960505572907, 39.393548360368584 ], [ 140.295440505874694, 39.393342251943409 ], [ 140.294788521673013, 39.393709197821295 ], [ 140.293364915558527, 39.393701171372015 ], [ 140.292508806836054, 39.394151171439489 ], [ 140.29215380035771, 39.394802559390655 ], [ 140.290544332255195, 39.395128386465899 ], [ 140.289018223212452, 39.394029504857826 ], [ 140.28802795092929, 39.394165612752886 ], [ 140.287340143133179, 39.395242279307809 ], [ 140.286036252071426, 39.395691747875901 ], [ 140.285186252443623, 39.396770080874603 ], [ 140.285545694378357, 39.397907865355762 ], [ 140.287069027213875, 39.398583413593713 ], [ 140.288463748003664, 39.399834775254703 ], [ 140.291486005175102, 39.399240891753777 ], [ 140.292633502334297, 39.399375332305794 ], [ 140.293425720520645, 39.400735892347598 ], [ 140.294790725911298, 39.400785332577072 ], [ 140.295644616905633, 39.400319505340974 ], [ 140.296639053049944, 39.400298640170149 ], [ 140.298120466686214, 39.401092252305659 ], [ 140.29906961117365, 39.403539748260812 ], [ 140.300187392933935, 39.40362697260673 ], [ 140.301284915666429, 39.403243358694112 ], [ 140.303097690805885, 39.404760586032296 ], [ 140.302734642589712, 39.405568919170321 ], [ 140.304750751745814, 39.407069440702173 ], [ 140.303983502336791, 39.408466693982803 ], [ 140.304041284677623, 39.409196413783548 ], [ 140.303152944253043, 39.410425027992687 ], [ 140.305436004568037, 39.412082224914798 ], [ 140.305068494815259, 39.413162801721967 ], [ 140.305130414936798, 39.414126972981478 ], [ 140.305447911591955, 39.414898360171264 ], [ 140.306593476108105, 39.415540279160609 ], [ 140.306510699808996, 39.416563053841912 ], [ 140.303681777092379, 39.417542251873499 ], [ 140.30213066060162, 39.418885305712365 ], [ 140.300197860143157, 39.419484468233691 ], [ 140.298856160683385, 39.420824225157901 ], [ 140.296540052081809, 39.420564775244259 ], [ 140.295690051554743, 39.420919775427365 ], [ 140.293993359106253, 39.41975866702893 ], [ 140.291897523252146, 39.42087897318612 ], [ 140.291221971416917, 39.420358136219079 ], [ 140.289228053931652, 39.420823693658576 ], [ 140.289021387926823, 39.421294531917169 ], [ 140.288413021743622, 39.421588415073359 ], [ 140.286253307044603, 39.422199251694167 ], [ 140.285449662971587, 39.423741775162853 ], [ 140.284704669085272, 39.42400344100605 ], [ 140.283703280282225, 39.423220666600514 ], [ 140.281895472997689, 39.423197332790721 ], [ 140.281019636746919, 39.42406150483464 ], [ 140.279462386879686, 39.424431225120998 ], [ 140.278204890043753, 39.424323441373758 ], [ 140.276746524232749, 39.425903468370393 ], [ 140.276990972555382, 39.427058467674215 ], [ 140.274359558946571, 39.429508468241295 ], [ 140.272467860203619, 39.429904026049996 ], [ 140.27180978039712, 39.431228224702863 ], [ 140.270468106118301, 39.432551837897051 ], [ 140.270645617001719, 39.433072666770215 ], [ 140.269600584099749, 39.43451877482164 ], [ 140.269632528918123, 39.4355168379318 ], [ 140.271273915758684, 39.436055171209262 ], [ 140.271329196185548, 39.437158224772304 ], [ 140.271745279221363, 39.438042386946677 ], [ 140.270976668238745, 39.438356837598008 ], [ 140.270100531614275, 39.439503224993871 ], [ 140.269157756125651, 39.439933775423469 ], [ 140.268415524956595, 39.440748802215523 ], [ 140.26859302235016, 39.441121027113752 ], [ 140.270382749664236, 39.442148224660912 ], [ 140.270880531611283, 39.44287266723984 ], [ 140.270810505900158, 39.443390720805155 ], [ 140.271517444974165, 39.444030999431106 ], [ 140.270842165633553, 39.444679639953449 ], [ 140.270615188440274, 39.446015468639018 ], [ 140.269663256054514, 39.446501305790662 ], [ 140.269514617006053, 39.448477135211647 ], [ 140.268973217040411, 39.449571027381069 ], [ 140.269622386364063, 39.449859080232443 ], [ 140.269962671839949, 39.450455747135095 ], [ 140.272905187924152, 39.450531585164583 ], [ 140.273161581941508, 39.449475198321807 ], [ 140.273653255693262, 39.449454918609661 ], [ 140.274258806998432, 39.449737107881276 ], [ 140.274532412241115, 39.450514080760286 ], [ 140.275795473182598, 39.451503225293663 ], [ 140.277926057042009, 39.450688505170433 ], [ 140.278901335828095, 39.450997108429874 ], [ 140.279602412221607, 39.453825441191213 ], [ 140.28114827487309, 39.454665999736164 ], [ 140.281806057004019, 39.455463505036789 ], [ 140.279628781243332, 39.457139333213718 ], [ 140.27952933870813, 39.458539054233995 ], [ 140.282393773853642, 39.459411838185815 ], [ 140.283793799744103, 39.45884155919066 ], [ 140.28352878122837, 39.460456559023044 ], [ 140.283770169158061, 39.461256837832877 ], [ 140.282451530114145, 39.462871558875406 ], [ 140.28248372224607, 39.464541559445479 ], [ 140.282049559239795, 39.465554359745965 ], [ 140.280964279877708, 39.466016864886456 ], [ 140.281417859246858, 39.467646306032236 ], [ 140.281036743650816, 39.467948801995647 ], [ 140.280920052118745, 39.468944080804761 ], [ 140.280483671384445, 39.469526026704841 ], [ 140.279208948933956, 39.469697693793591 ], [ 140.278181414141045, 39.470343252339262 ], [ 140.277939753716737, 39.47093994622162 ], [ 140.276708339918059, 39.471836054090659 ], [ 140.276979169852893, 39.472944667262652 ], [ 140.276603579691482, 39.473741891974782 ], [ 140.27672552416368, 39.47445772084717 ], [ 140.276402749387444, 39.474876892154896 ], [ 140.275191920171096, 39.475019108245306 ], [ 140.274461051036724, 39.477067747678461 ], [ 140.27406241215067, 39.477088027390607 ], [ 140.273145473285012, 39.478167468354059 ], [ 140.271879339360112, 39.478051080792795 ], [ 140.27137878120584, 39.478385532366474 ], [ 140.27107294426105, 39.479577749213831 ], [ 140.271323191412193, 39.480412748149831 ], [ 140.270396523680688, 39.481110532125399 ], [ 140.270015110409076, 39.481898892220158 ], [ 140.267827327868986, 39.482371108240102 ], [ 140.26639591384037, 39.482279441243293 ], [ 140.26548477290396, 39.483923332695724 ], [ 140.266148105650586, 39.48561610769724 ], [ 140.267878948954376, 39.486467774668142 ], [ 140.268881997006588, 39.487528053776714 ], [ 140.271192283397227, 39.488696945807476 ], [ 140.274072865870153, 39.488539720931442 ], [ 140.275768689573397, 39.489497198536924 ], [ 140.275334254072618, 39.49048361362793 ], [ 140.275386161142478, 39.491860559317388 ], [ 140.272857808041522, 39.492584721307878 ], [ 140.272232503127611, 39.493756386847849 ], [ 140.27043888534638, 39.494604468221667 ], [ 140.27071830020941, 39.495370865073426 ], [ 140.270393580199652, 39.496245305576451 ], [ 140.26901800417761, 39.496718919142836 ], [ 140.269473280567468, 39.498120865085923 ], [ 140.268472139977348, 39.499140027190549 ], [ 140.268783255942594, 39.500393080476329 ], [ 140.269603800075402, 39.501321974029906 ], [ 140.269676004843859, 39.502525586186891 ], [ 140.270479052666246, 39.503846972659687 ], [ 140.269059026752757, 39.504850332776698 ], [ 140.268291218864761, 39.506256721370619 ], [ 140.266939000934258, 39.506149774892265 ], [ 140.265274526698136, 39.507382865027239 ], [ 140.265147302306218, 39.508735918427931 ], [ 140.263583943344429, 39.509435640442518 ], [ 140.263118080135314, 39.512083133929536 ], [ 140.259714720857801, 39.51190289180505 ], [ 140.254291088562923, 39.512400135058215 ], [ 140.25224243833793, 39.513257358939995 ], [ 140.250901582442111, 39.514964027567885 ], [ 140.248863748363306, 39.519426558888654 ], [ 140.248330116741613, 39.521320171388879 ], [ 140.246988053955533, 39.529555197714274 ], [ 140.246734357904302, 39.538445774952606 ], [ 140.245514059726133, 39.541060224649698 ], [ 140.244471529637394, 39.542021640386452 ], [ 140.242689001396343, 39.542504973825544 ], [ 140.24137036325169, 39.543933305877431 ], [ 140.236975888126835, 39.544020837791493 ], [ 140.228258339550848, 39.54346863876674 ], [ 140.227337470647853, 39.547633667160085 ], [ 140.227488858923721, 39.548122278720257 ], [ 140.2299669129427, 39.549096972946984 ], [ 140.232741920403328, 39.550903639891146 ], [ 140.235280246086518, 39.551695305893702 ], [ 140.234838586331762, 39.552989198292892 ], [ 140.233247444613994, 39.553922531799458 ], [ 140.234698560090578, 39.554937531841688 ], [ 140.234983839432743, 39.555745864979713 ], [ 140.232763800908742, 39.556579747857143 ], [ 140.232781556223927, 39.558100586872627 ], [ 140.233124890401427, 39.558916693750461 ], [ 140.232821828764486, 39.559907278098478 ], [ 140.235607108281442, 39.560600586148212 ], [ 140.237594332112849, 39.561433081371661 ], [ 140.238247951282005, 39.562261973011687 ], [ 140.239558494628909, 39.562706414369586 ], [ 140.239826277660654, 39.563741414434787 ], [ 140.240644331570707, 39.564359198318414 ], [ 140.239962087880144, 39.565053640413225 ], [ 140.240083475671895, 39.565711694139452 ], [ 140.239650416133827, 39.566446972649715 ], [ 140.24148180274301, 39.567291972946236 ], [ 140.241909299974282, 39.567857505319694 ], [ 140.241268170589706, 39.568786414161764 ], [ 140.241082892261716, 39.570562252346122 ], [ 140.242493721708001, 39.57162808117107 ], [ 140.243487030102415, 39.573151946405233 ], [ 140.244657327773552, 39.57369555870315 ], [ 140.246305668172113, 39.573036945598631 ], [ 140.248437082105738, 39.573349720813042 ], [ 140.249207639221254, 39.573806107865664 ], [ 140.249476496942862, 39.575045000426485 ], [ 140.250888715841597, 39.575601946972313 ], [ 140.254172360965754, 39.575202747808589 ], [ 140.254622916814242, 39.576526081313659 ], [ 140.25617596594816, 39.578007198173736 ], [ 140.25606204882456, 39.579504973176029 ], [ 140.255393164562975, 39.580422748411138 ], [ 140.254972891585794, 39.581934640970928 ], [ 140.255422308892548, 39.582601919043384 ], [ 140.254833411232994, 39.583373585922288 ], [ 140.255829494035993, 39.585361360138734 ], [ 140.254387807951048, 39.586565838342835 ], [ 140.254760855728932, 39.587802505081584 ], [ 140.254633644826868, 39.58841194595459 ], [ 140.255954747113947, 39.589173332683231 ], [ 140.256218611799568, 39.591210558820308 ], [ 140.257147223865331, 39.591710802211821 ], [ 140.257267496497775, 39.592563891910117 ], [ 140.257777224139659, 39.593218586668513 ], [ 140.261970583875382, 39.594131081084583 ], [ 140.262580584126681, 39.594576640299749 ], [ 140.262971945698837, 39.595640801781656 ], [ 140.26445975531351, 39.596419414124739 ], [ 140.26471444871288, 39.597383304795756 ], [ 140.266280557801565, 39.598056360112992 ], [ 140.266043606227527, 39.599344973491782 ], [ 140.265488339615217, 39.599908585812614 ], [ 140.268186393887049, 39.601794134991394 ], [ 140.267493579565098, 39.603218585569323 ], [ 140.266983865413067, 39.603600801935499 ], [ 140.266481335944945, 39.606799694050665 ], [ 140.266162724130481, 39.607290802128887 ], [ 140.267556588765615, 39.609852467017788 ], [ 140.268221024980335, 39.610352748180844 ], [ 140.270373839181389, 39.610309414348023 ], [ 140.27176907887997, 39.612389135250453 ], [ 140.273089389763641, 39.612998585116657 ], [ 140.27551466886689, 39.615031640198083 ], [ 140.276925499212439, 39.615723027295928 ], [ 140.27704630424364, 39.618405802086158 ], [ 140.277637691226573, 39.619014973162507 ], [ 140.277492385964933, 39.62014746783143 ], [ 140.277738222840753, 39.620684134665112 ], [ 140.277492386864196, 39.621948026580242 ], [ 140.276353476431836, 39.622835000035252 ], [ 140.276052917608126, 39.624144721401819 ], [ 140.277509300413953, 39.624508613182002 ], [ 140.278674616740204, 39.624335802155599 ], [ 140.28079182858005, 39.623100251475478 ], [ 140.281228807363618, 39.623127748247043 ], [ 140.281966303602076, 39.623582467956567 ], [ 140.282175719733686, 39.624118864993704 ], [ 140.284181855408406, 39.625149694003255 ], [ 140.282816004654933, 39.626586639761683 ], [ 140.283426252219783, 39.629031918888018 ], [ 140.284090972620334, 39.629668585836612 ], [ 140.284092360274258, 39.630419413625077 ], [ 140.284456523649737, 39.630938026568742 ], [ 140.285039028028791, 39.631083586338491 ], [ 140.28515708203372, 39.63179302732641 ], [ 140.284920699730606, 39.632020251833183 ], [ 140.285512607420969, 39.634190531767672 ], [ 140.285166783020713, 39.634927504600682 ], [ 140.285613721795926, 39.635797774947434 ], [ 140.285704279928609, 39.637143892776464 ], [ 140.284765357135598, 39.63829417063954 ], [ 140.285020078413936, 39.639413054069223 ], [ 140.284490053073569, 39.640480559230468 ], [ 140.281738392013267, 39.640396972642236 ], [ 140.280008637788455, 39.641243080903507 ], [ 140.279796693662547, 39.641764197559723 ], [ 140.278904475361287, 39.641691412728562 ], [ 140.278012528655381, 39.641336972823069 ], [ 140.278294746705228, 39.640109197681397 ], [ 140.277410583631649, 39.638603918735896 ], [ 140.276700584164701, 39.638431134689142 ], [ 140.275312801644532, 39.639093360370339 ], [ 140.27442975373026, 39.638138080707904 ], [ 140.272982217555409, 39.638529504333235 ], [ 140.271332502992664, 39.638288946477758 ], [ 140.271530272004497, 39.639760892950903 ], [ 140.271311920208973, 39.640297558885266 ], [ 140.269053838563877, 39.641925613276499 ], [ 140.26833383863584, 39.643320918625534 ], [ 140.267373554246205, 39.643633135360972 ], [ 140.267063799854554, 39.644224250748607 ], [ 140.269057444845316, 39.6448973060659 ], [ 140.269887716944595, 39.645840080655262 ], [ 140.269905746553036, 39.646758694058519 ], [ 140.26834766481295, 39.649621468156283 ], [ 140.265250700059823, 39.65164622519319 ], [ 140.26593347614903, 39.652364838366623 ], [ 140.267025966275355, 39.651628171303116 ], [ 140.269866278006361, 39.651528135215301 ], [ 140.270901555962155, 39.65271146766014 ], [ 140.270828781023511, 39.653512027058468 ], [ 140.273987664998799, 39.654057586388546 ], [ 140.276796031012054, 39.65420619755804 ], [ 140.278052411789417, 39.653469223825653 ], [ 140.279505745893516, 39.653552000124762 ], [ 140.280643838842138, 39.653133944875719 ], [ 140.281718275078447, 39.653979504550534 ], [ 140.286058029154788, 39.654006973443131 ], [ 140.289001634318083, 39.654928360355598 ], [ 140.290076083144754, 39.654773640091491 ], [ 140.290412477254108, 39.655228359801015 ], [ 140.291081946074996, 39.655020585831437 ], [ 140.29220194556342, 39.655438891991309 ], [ 140.294008637688535, 39.653232774972651 ], [ 140.293790311074076, 39.652478054019014 ], [ 140.295002827418671, 39.64995138804619 ], [ 140.2947753313166, 39.649305558804542 ], [ 140.29528505895837, 39.648805251561157 ], [ 140.298985940049192, 39.647799973190274 ], [ 140.299950946778836, 39.64783635976022 ], [ 140.300852333668331, 39.647290802228781 ], [ 140.302472608024459, 39.648718838403738 ], [ 140.30518263317208, 39.648000504919423 ], [ 140.307130973016001, 39.64800966721242 ], [ 140.309047108137634, 39.647600505359094 ], [ 140.309652943628521, 39.64908577528837 ], [ 140.310499611268142, 39.649895225384398 ], [ 140.310599585302725, 39.652337441419832 ], [ 140.31000705618078, 39.653315775202941 ], [ 140.310325667995244, 39.655626054398965 ], [ 140.308868689838278, 39.657368559211704 ], [ 140.307757276177426, 39.659338305618348 ], [ 140.308731167309588, 39.66046636033434 ], [ 140.307874747421693, 39.662027468293104 ], [ 140.307573360322408, 39.66398886539389 ], [ 140.307882775669668, 39.664634693736161 ], [ 140.308365005640553, 39.664843865252237 ], [ 140.308847782399312, 39.666035252025324 ], [ 140.306607197963899, 39.667406639904584 ], [ 140.30652525263838, 39.667761387378164 ], [ 140.307499416265159, 39.668980252037045 ], [ 140.307778301427561, 39.669881107427216 ], [ 140.308196354877964, 39.670154972573982 ], [ 140.309286083186294, 39.669974973266449 ], [ 140.309947755784378, 39.670191639732423 ], [ 140.310826083157281, 39.671091360178195 ], [ 140.311185811076371, 39.672865531918831 ], [ 140.311762477056732, 39.67321691862594 ], [ 140.314561634012307, 39.672672747849106 ], [ 140.314953306749771, 39.67362553189281 ], [ 140.316413606103083, 39.673702467994531 ], [ 140.317249416227696, 39.674806359725778 ], [ 140.319424163094709, 39.674682999720687 ], [ 140.319429442115165, 39.675704946126416 ], [ 140.320091088632921, 39.676960225234268 ], [ 140.321535836909447, 39.676068837906598 ], [ 140.322303061137404, 39.676338558977363 ], [ 140.323419440854536, 39.678423837689991 ], [ 140.325393060641318, 39.680671613104494 ], [ 140.326573061097974, 39.679277171104616 ], [ 140.327118053855202, 39.680049945948326 ], [ 140.329774474912142, 39.680368801479062 ], [ 140.329864474565966, 39.679587695315945 ], [ 140.331001970364696, 39.679676586105643 ], [ 140.33197033696149, 39.679226586038169 ], [ 140.334362282693291, 39.680408531728403 ], [ 140.33596591419564, 39.678932414199608 ], [ 140.336643138769887, 39.678760441341353 ], [ 140.338257328313148, 39.676454054411124 ], [ 140.339320946604516, 39.676376279241936 ], [ 140.340976808932623, 39.675157946981699 ], [ 140.342082918392066, 39.675182081188154 ], [ 140.343469027273841, 39.676735414507846 ], [ 140.342723164642393, 39.679620999909275 ], [ 140.342993165402277, 39.680332107340917 ], [ 140.342246744291856, 39.681394331683123 ], [ 140.342421478968163, 39.6825307213158 ], [ 140.342151750702783, 39.683650441114992 ], [ 140.342352866091915, 39.684116559731478 ], [ 140.343093696117194, 39.684410999568001 ], [ 140.343426718668184, 39.68600517110184 ], [ 140.344913696410003, 39.685992945717942 ], [ 140.346061751148909, 39.686708225104553 ], [ 140.346135888560525, 39.687419613124689 ], [ 140.347120610227989, 39.688286000198786 ], [ 140.347072827449097, 39.689622944942982 ], [ 140.347860895264148, 39.691363775218122 ], [ 140.350660052219723, 39.691436837939762 ], [ 140.351511997081047, 39.69207072058731 ], [ 140.352400921165668, 39.690921252114151 ], [ 140.353411751051567, 39.690913197785903 ], [ 140.354782022872087, 39.692135414218058 ], [ 140.355867030639047, 39.692392918898122 ], [ 140.357237612725726, 39.692192081399469 ], [ 140.357570636175979, 39.693451251873853 ], [ 140.358973138799342, 39.694567359995744 ], [ 140.360772049090883, 39.694669306243554 ], [ 140.361698170933892, 39.695454586160281 ], [ 140.364010389068312, 39.695151504738192 ], [ 140.367545446864938, 39.693658720973247 ], [ 140.370498223314371, 39.693740640218437 ], [ 140.372346588224559, 39.692911467989916 ], [ 140.373219078997408, 39.693136467573993 ], [ 140.375400752442829, 39.694647027338476 ], [ 140.377427976320064, 39.695342586391291 ], [ 140.381126886996299, 39.696255891096541 ], [ 140.382944942055474, 39.69628394634708 ], [ 140.383190219553057, 39.696881170829442 ], [ 140.3847460565853, 39.69812144205099 ], [ 140.385510778000025, 39.699229774634432 ], [ 140.387573838961544, 39.699179224641568 ], [ 140.389552724278815, 39.700703386652037 ], [ 140.392642477368554, 39.699935585958599 ], [ 140.393614423267081, 39.701030586092713 ], [ 140.394971361739067, 39.70122253199429 ], [ 140.395422191880698, 39.702176414110284 ], [ 140.395333838885676, 39.704411694344287 ], [ 140.395715771965342, 39.705310585615109 ], [ 140.395406614723584, 39.706013359928647 ], [ 140.398052438169543, 39.705472531931832 ], [ 140.39923411226448, 39.706357532274353 ], [ 140.400610504870997, 39.706090306822261 ], [ 140.40232496792305, 39.70516361301037 ], [ 140.406987470695299, 39.706857504969946 ], [ 140.408169416385476, 39.707819999893161 ], [ 140.409177173287958, 39.710039720956388 ], [ 140.411004384344892, 39.711374440777888 ], [ 140.412631336167351, 39.711950559071113 ], [ 140.414168248765691, 39.714507505217227 ], [ 140.414604642989957, 39.71473222511213 ], [ 140.416713554087323, 39.714071945563887 ], [ 140.41804966336133, 39.714444171361492 ], [ 140.418840778079471, 39.715034441386422 ], [ 140.420522995939564, 39.714999973070348 ], [ 140.421332167245737, 39.714424135365618 ], [ 140.42254717291371, 39.714351361326294 ], [ 140.423423306840164, 39.713588026666173 ], [ 140.425377755778868, 39.713447747715463 ], [ 140.42695108912153, 39.712554666964365 ], [ 140.427360271659268, 39.711444945827623 ], [ 140.430896692828128, 39.710468559976107 ], [ 140.431804747291267, 39.709611864895692 ], [ 140.431604746162179, 39.708937135040799 ], [ 140.432359196419839, 39.708340198341546 ], [ 140.432286719156878, 39.707483252350244 ], [ 140.436732580644161, 39.706163505341578 ], [ 140.438060078010267, 39.706458504556394 ], [ 140.439996472159578, 39.705580440684855 ], [ 140.442368975447948, 39.705650720904089 ], [ 140.443757885717901, 39.705341532186026 ], [ 140.444703450004226, 39.704498747819002 ], [ 140.447119830315955, 39.705136801522201 ], [ 140.451629558957052, 39.707975414433861 ], [ 140.454365939636432, 39.708066774761903 ], [ 140.45544705603686, 39.708930667116647 ], [ 140.457401218991095, 39.709359278607849 ], [ 140.460481777412156, 39.711221225079498 ], [ 140.461240117237708, 39.711365107613688 ], [ 140.463054280031088, 39.710975387304359 ], [ 140.465299558927541, 39.71199397294356 ], [ 140.465827056273724, 39.712555918820669 ], [ 140.471090922208305, 39.714853135363967 ], [ 140.472843994954474, 39.71494425197568 ], [ 140.474898145433144, 39.716939531933917 ], [ 140.476931776979995, 39.715549802381531 ], [ 140.480570660607555, 39.717058666924004 ], [ 140.481297613194329, 39.716953386889372 ], [ 140.483261776609766, 39.717543108327845 ], [ 140.48623455218285, 39.719228945959117 ], [ 140.486861478574497, 39.720578107094013 ], [ 140.490780078338048, 39.722250332586839 ], [ 140.491833968662831, 39.723486170150693 ], [ 140.496490078154693, 39.723726414142732 ], [ 140.496406471781256, 39.723611135445594 ] ] ] } },
{ "type": "Feature", "properties": { "regioncode": "0521300", "regionname": "秋田県北秋田市", "name": "北秋田市", "namekana": "きたあきたし", "PrefCode": "05" }, "geometry": { "type": "Polygon", "coordinates": [ [ [ 140.354159415924414, 40.354421413817249 ], [ 140.356714137147719, 40.354348081298951 ], [ 140.358604720731364, 40.35226141403308 ], [ 140.36023888421721, 40.35163558571378 ], [ 140.36403416264659, 40.351500027304496 ], [ 140.365178885397313, 40.352068081376899 ], [ 140.366923891224701, 40.351620306232178 ], [ 140.367544474697866, 40.3503933602654 ], [ 140.36736669311847, 40.349950026872307 ], [ 140.367722243686671, 40.348876387435382 ], [ 140.366979195933254, 40.348219748342785 ], [ 140.366728663696904, 40.347498081071649 ], [ 140.368234772716619, 40.346921108422464 ], [ 140.369895057910639, 40.346849999927599 ], [ 140.369921440422218, 40.345052774965666 ], [ 140.370591167348607, 40.345021386827568 ], [ 140.372055057694865, 40.34576861283125 ], [ 140.373622555336738, 40.345089441224786 ], [ 140.374313139339961, 40.344155559131821 ], [ 140.375568975128203, 40.34377750482804 ], [ 140.376097587633581, 40.342224171508349 ], [ 140.375937886024644, 40.340355838051551 ], [ 140.375362606798944, 40.339728613984391 ], [ 140.376218716420681, 40.338728333146094 ], [ 140.374854577976407, 40.335350558681398 ], [ 140.375029338733043, 40.333930000369264 ], [ 140.376085720179958, 40.333126946251639 ], [ 140.375747951007156, 40.331523613324123 ], [ 140.376387134258948, 40.330262226020977 ], [ 140.375681855333369, 40.328696946107243 ], [ 140.376791581866087, 40.328043891712298 ], [ 140.376483280778871, 40.326450559245984 ], [ 140.377892724369758, 40.326285838520675 ], [ 140.37583633008262, 40.324907774973894 ], [ 140.377225499357337, 40.324344999921834 ], [ 140.378483307358806, 40.323051666900938 ], [ 140.377607471107922, 40.322222224875816 ], [ 140.37768108871137, 40.321805559079337 ], [ 140.376792191606455, 40.320504721215968 ], [ 140.377358054030992, 40.319795252349081 ], [ 140.380341672730083, 40.319232468303824 ], [ 140.380076939299329, 40.317903585981753 ], [ 140.379594747099986, 40.317495801889777 ], [ 140.380929467820692, 40.317216919425334 ], [ 140.381253358655613, 40.315572748283785 ], [ 140.38458756186651, 40.313629693755388 ], [ 140.383715057603922, 40.31293774817857 ], [ 140.384104773416652, 40.312301360019774 ], [ 140.383796472329436, 40.310735505439254 ], [ 140.384002023174844, 40.309582170780629 ], [ 140.383292308793102, 40.309436891599319 ], [ 140.383193696332114, 40.308974107668973 ], [ 140.384406226166448, 40.307847999985256 ], [ 140.384538716088969, 40.306924666939892 ], [ 140.385868716268305, 40.305843838322517 ], [ 140.386853721222337, 40.305579107589779 ], [ 140.389009856619623, 40.305924666690089 ], [ 140.388485136380041, 40.304604945761696 ], [ 140.388639585948226, 40.30382827865219 ], [ 140.389014305565865, 40.303366332889993 ], [ 140.389969856823541, 40.30307355859793 ], [ 140.390660725911857, 40.301705504505492 ], [ 140.392027664844932, 40.30115380190648 ], [ 140.392233501674809, 40.300371026601624 ], [ 140.393299363774645, 40.299560467641527 ], [ 140.393012970172549, 40.297809081124228 ], [ 140.393468560425731, 40.297156306418458 ], [ 140.393380506005656, 40.296486306098188 ], [ 140.394409389781572, 40.295782135137472 ], [ 140.393769948424392, 40.295140198161675 ], [ 140.394953306949674, 40.29397491870759 ], [ 140.396231919867319, 40.293755467940571 ], [ 140.396673022042364, 40.293000720906605 ], [ 140.396563061036545, 40.29139627911502 ], [ 140.397018885113539, 40.291109053639957 ], [ 140.398466394308684, 40.291193505376043 ], [ 140.400090559132082, 40.289369333128263 ], [ 140.401531140849556, 40.28834655934628 ], [ 140.401736977679434, 40.287792945687954 ], [ 140.401016977751397, 40.28725238748774 ], [ 140.400708391579087, 40.285737946249299 ], [ 140.401722555251808, 40.285191838332707 ], [ 140.401729779505786, 40.284183774761459 ], [ 140.402090052413996, 40.283536531785558 ], [ 140.403735084206801, 40.28202291882269 ], [ 140.405374811798197, 40.281943198419924 ], [ 140.404684253875303, 40.280540972787719 ], [ 140.405097612864552, 40.280051252363478 ], [ 140.406411219302413, 40.279871252156624 ], [ 140.406808171060334, 40.278953467928261 ], [ 140.40786649774077, 40.279319305841341 ], [ 140.408579274314093, 40.279139026844689 ], [ 140.409270143402409, 40.277551531877748 ], [ 140.411621803103799, 40.277157332944626 ], [ 140.413400440877695, 40.274944837933958 ], [ 140.414502672460458, 40.27452817123816 ], [ 140.415479882990326, 40.274843441171924 ], [ 140.416200168902719, 40.274331225105982 ], [ 140.416149079316597, 40.271561225070514 ], [ 140.410549390342112, 40.267045387334804 ], [ 140.410512750163321, 40.265851504943043 ], [ 140.409726355087287, 40.264714558630033 ], [ 140.407373021747617, 40.263302891914975 ], [ 140.408440558385109, 40.261808973205575 ], [ 140.406735550805138, 40.260429532796763 ], [ 140.407032775842026, 40.260283134858867 ], [ 140.410646938905188, 40.26236953232808 ], [ 140.410778339748617, 40.262174532328856 ], [ 140.41245360584935, 40.262652027369199 ], [ 140.412217782025095, 40.261020918880376 ], [ 140.412328392341465, 40.256815359841028 ], [ 140.414471996585462, 40.257520359976695 ], [ 140.414988664295493, 40.257040360324424 ], [ 140.415779779913009, 40.257258107775499 ], [ 140.416208663898828, 40.256409774591475 ], [ 140.415648949239653, 40.256464224944068 ], [ 140.41483422821716, 40.256017278974298 ], [ 140.418420636403312, 40.25559366681432 ], [ 140.420441478691373, 40.254332559200293 ], [ 140.421962581208277, 40.254016999684836 ], [ 140.423043140028994, 40.25427617080868 ], [ 140.424571777065921, 40.253904775085346 ], [ 140.426048715675734, 40.253955585881613 ], [ 140.427812607266105, 40.254676135295483 ], [ 140.429605668367003, 40.25588669381591 ], [ 140.430252334877423, 40.255611135245772 ], [ 140.430465383370802, 40.255060865266785 ], [ 140.432787613657524, 40.256066972812619 ], [ 140.434889274420584, 40.256348638678787 ], [ 140.43569038870055, 40.257187531679278 ], [ 140.436601776950511, 40.257485864680973 ], [ 140.437564279068283, 40.256923080635715 ], [ 140.439291529580487, 40.256669747910564 ], [ 140.440533476239011, 40.257243919171572 ], [ 140.443840414703459, 40.257446666830276 ], [ 140.444494307266496, 40.256878054278843 ], [ 140.446655162306001, 40.256483891318567 ], [ 140.446757951218501, 40.255898332841866 ], [ 140.447338495075542, 40.255284999703008 ], [ 140.44727241199223, 40.253708333472844 ], [ 140.448874643250292, 40.253869413742507 ], [ 140.449557976919209, 40.253060801814627 ], [ 140.449797444796332, 40.252390252008581 ], [ 140.449601335932925, 40.25164746775647 ], [ 140.448426886991342, 40.251123865374154 ], [ 140.448610506070054, 40.250014693723188 ], [ 140.448081893564563, 40.24941774893 ], [ 140.447708029202204, 40.24801580208765 ], [ 140.451524422813918, 40.247570802250777 ], [ 140.451994163000336, 40.246501055079705 ], [ 140.451833061146885, 40.245504386818027 ], [ 140.452206938999097, 40.245155504722845 ], [ 140.455348366234148, 40.244947171374918 ], [ 140.457198367011074, 40.244327721047569 ], [ 140.459158145332253, 40.242024918814991 ], [ 140.459802580624682, 40.241712972775531 ], [ 140.463782023121894, 40.242058801672385 ], [ 140.467019000626465, 40.240634333108062 ], [ 140.469918171186691, 40.24170961290838 ], [ 140.471684034090913, 40.241305415312695 ], [ 140.471400999456591, 40.238179307129371 ], [ 140.471826834740682, 40.237143198200101 ], [ 140.471188248638782, 40.236411250778644 ], [ 140.472070194883599, 40.235319586229991 ], [ 140.471870778313814, 40.234220972619823 ], [ 140.472251336330146, 40.23302927917797 ], [ 140.470542438283019, 40.23125899970313 ], [ 140.469632477257051, 40.229231774926518 ], [ 140.469105253304861, 40.228713170976107 ], [ 140.4686930607362, 40.226326224575644 ], [ 140.469316977996186, 40.22526789159997 ], [ 140.469126134663497, 40.224569559037946 ], [ 140.469368637752495, 40.223449278961084 ], [ 140.468458365561219, 40.222942332922401 ], [ 140.468399754045436, 40.222537054341615 ], [ 140.470352282931572, 40.221528972783915 ], [ 140.470939247947967, 40.220526747611359 ], [ 140.47223119241562, 40.220138135266779 ], [ 140.47259817066913, 40.21906258566986 ], [ 140.474037056265161, 40.218263108155952 ], [ 140.475901244746751, 40.218251999730057 ], [ 140.478514305890599, 40.217103360431793 ], [ 140.479739883089223, 40.21700753227185 ], [ 140.479806005742603, 40.215921135052383 ], [ 140.481487133624341, 40.214287774661102 ], [ 140.484907445122531, 40.213888332680483 ], [ 140.485443280982736, 40.213144999841916 ], [ 140.48526717304162, 40.21223858574217 ], [ 140.485795810728177, 40.211078586207861 ], [ 140.484922477290525, 40.210126919122047 ], [ 140.485193890885398, 40.20929358483113 ], [ 140.485062219345991, 40.207762197667364 ], [ 140.485973086888521, 40.206410225251773 ], [ 140.485855031984215, 40.205661892182604 ], [ 140.486368663582994, 40.203589666230187 ], [ 140.487125084255354, 40.201911586150857 ], [ 140.485480921207568, 40.200194387361137 ], [ 140.483917588326108, 40.199681891606076 ], [ 140.48375622656863, 40.197632414004772 ], [ 140.482971219146521, 40.196669359703264 ], [ 140.482379558769708, 40.19632633309385 ], [ 140.479760389430453, 40.196212720840435 ], [ 140.480020661324488, 40.19474383835751 ], [ 140.479176524377181, 40.192491613097502 ], [ 140.479254578336167, 40.191886586097098 ], [ 140.481004616769724, 40.191083801776074 ], [ 140.482795187647866, 40.189090440971142 ], [ 140.484542438182984, 40.187722108088849 ], [ 140.484534968414096, 40.186770720692266 ], [ 140.48396247708672, 40.186100721271316 ], [ 140.484748029498064, 40.185059026652823 ], [ 140.485305836695034, 40.183403468295467 ], [ 140.486309169832339, 40.182964865336317 ], [ 140.486957250077126, 40.182277640300924 ], [ 140.486876693304794, 40.180897892323912 ], [ 140.487588391591089, 40.180171505410726 ], [ 140.487177562394663, 40.179574558818899 ], [ 140.488138975433458, 40.17848817059263 ], [ 140.492447612966998, 40.177998413296166 ], [ 140.493306497896583, 40.176607279002781 ], [ 140.49487708201184, 40.175588386694756 ], [ 140.495126550350051, 40.174023107680341 ], [ 140.494055161916208, 40.173093946128745 ], [ 140.492257107779324, 40.172671720723372 ], [ 140.491500999171876, 40.172136721232732 ], [ 140.49128852084857, 40.170458667233731 ], [ 140.490237976901199, 40.169400053669619 ], [ 140.489681855033609, 40.167851440891354 ], [ 140.491448559703372, 40.167215306341348 ], [ 140.491998559885701, 40.16662419814827 ], [ 140.493713864703182, 40.166539467622385 ], [ 140.494161088563487, 40.166128919014454 ], [ 140.495121633756412, 40.16662419814827 ], [ 140.49673053168874, 40.166443614281434 ], [ 140.497627781696792, 40.165906945649056 ], [ 140.497893606005164, 40.164906666609454 ], [ 140.498268611607159, 40.164710838334599 ], [ 140.499832243962942, 40.165075250822213 ], [ 140.502323645719684, 40.164189135320385 ], [ 140.50220199712453, 40.163544693732661 ], [ 140.501189780484083, 40.162333585726458 ], [ 140.502016446302036, 40.161585505366816 ], [ 140.501785914088714, 40.160527171491822 ], [ 140.500338975063755, 40.159882468201374 ], [ 140.499493139296987, 40.15865664009192 ], [ 140.498596199554981, 40.158439972726626 ], [ 140.498122049093354, 40.156673305828463 ], [ 140.495752607097188, 40.155762468862918 ], [ 140.496229273862014, 40.153892747752138 ], [ 140.498838197225041, 40.153541054376205 ], [ 140.499873476080097, 40.153999386662406 ], [ 140.502281829043227, 40.15428241410217 ], [ 140.502824863976343, 40.154675198401719 ], [ 140.504861284320896, 40.15481046812863 ], [ 140.506793216933488, 40.156164640285965 ], [ 140.50765849514346, 40.154840440733778 ], [ 140.509908806646195, 40.153481000347938 ], [ 140.511649663001663, 40.151948748036318 ], [ 140.514318858928277, 40.152370666772924 ], [ 140.514458299710782, 40.151789279351817 ], [ 140.515603332727665, 40.150810387089734 ], [ 140.516848340678393, 40.150871505015971 ], [ 140.517685551047407, 40.149341467734587 ], [ 140.51877085559056, 40.148622585663873 ], [ 140.519248910908573, 40.147444532239433 ], [ 140.520362283292798, 40.147291721236002 ], [ 140.522623943340363, 40.148421999975369 ], [ 140.523180584116744, 40.149265333828168 ], [ 140.525391723848998, 40.149755027272761 ], [ 140.525780025927475, 40.150443360272902 ], [ 140.526843671198549, 40.150581134611741 ], [ 140.528516718671654, 40.151361414297867 ], [ 140.530027561722704, 40.151295558743072 ], [ 140.530718948820549, 40.151851387431634 ], [ 140.532129753985032, 40.155178892491961 ], [ 140.533355031709448, 40.155584440869291 ], [ 140.533434746716239, 40.156395279518563 ], [ 140.534470271985583, 40.156938613026625 ], [ 140.535107781598867, 40.158361387268258 ], [ 140.536583891033843, 40.158474693752169 ], [ 140.538531388213073, 40.159389693679486 ], [ 140.540244747796919, 40.158147441251458 ], [ 140.541091438818967, 40.156740225281226 ], [ 140.543901750965119, 40.155859919399802 ], [ 140.544966497905648, 40.153599891621752 ], [ 140.544986497928562, 40.153124613410228 ], [ 140.543888171202184, 40.151881864556458 ], [ 140.543036809101523, 40.149646864910949 ], [ 140.542924034116936, 40.148198774753723 ], [ 140.543303190989491, 40.14755266672222 ], [ 140.543482412383469, 40.142962946083173 ], [ 140.545314084977122, 40.142927081119979 ], [ 140.549352165969708, 40.142020945810032 ], [ 140.55071024568133, 40.139796774901299 ], [ 140.550729441710473, 40.13882953155769 ], [ 140.551567781627909, 40.138327585749551 ], [ 140.552790856013303, 40.136300360073619 ], [ 140.552960311669153, 40.134954252137106 ], [ 140.553808366063322, 40.134698108131261 ], [ 140.555680026112327, 40.134876440995015 ], [ 140.557180894782505, 40.134279198526258 ], [ 140.558941439995579, 40.134964468435498 ], [ 140.560931166640103, 40.134872531642088 ], [ 140.565445914397515, 40.133478026689659 ], [ 140.570714553034236, 40.132613837558608 ], [ 140.572046782632924, 40.131800225400127 ], [ 140.575204552348282, 40.132040198696245 ], [ 140.576086497693723, 40.131754639664962 ], [ 140.577769856793566, 40.130419613174638 ], [ 140.582502917675583, 40.129998198058445 ], [ 140.583409300299081, 40.13062541403167 ], [ 140.584482633067182, 40.13083958577829 ], [ 140.588192671954289, 40.130282332563638 ], [ 140.590219053166834, 40.129586467741319 ], [ 140.591358495098575, 40.12798119767416 ], [ 140.594739636625036, 40.126058974142381 ], [ 140.597717417824583, 40.122708387082469 ], [ 140.599187172649977, 40.12217227872776 ], [ 140.601070778393819, 40.122038387661519 ], [ 140.601460505897649, 40.119503667360391 ], [ 140.600972438427334, 40.118057838998141 ], [ 140.601440505874734, 40.117361720566976 ], [ 140.601136082664198, 40.11526477494948 ], [ 140.602725524663242, 40.112687801800689 ], [ 140.601490804057448, 40.111517252319402 ], [ 140.601032503247438, 40.109658359945399 ], [ 140.600156393602788, 40.107967837745548 ], [ 140.599310026336752, 40.1049767213986 ], [ 140.599729661694596, 40.10399535959823 ], [ 140.598901970649536, 40.102100333363751 ], [ 140.598812282161134, 40.100027531845171 ], [ 140.601501166945354, 40.096378639662532 ], [ 140.601182581211219, 40.094520026977705 ], [ 140.600256471958687, 40.093410586429457 ], [ 140.601810362858032, 40.091238080672952 ], [ 140.601312334496697, 40.089646694339535 ], [ 140.599699001108092, 40.088078639117953 ], [ 140.600057612968499, 40.087359468364809 ], [ 140.60616788573941, 40.08710499979594 ], [ 140.607749584575686, 40.085031945567891 ], [ 140.611154307225547, 40.083308866111338 ], [ 140.612186808974116, 40.082284135404564 ], [ 140.612172087971544, 40.081805532399471 ], [ 140.614485966254392, 40.080493586110151 ], [ 140.616507081936334, 40.080358305591403 ], [ 140.618183748281467, 40.080853865313713 ], [ 140.621009857019317, 40.082633585871349 ], [ 140.621405109957891, 40.083247467596607 ], [ 140.621382048642658, 40.083941917785353 ], [ 140.624897327649592, 40.08577302740332 ], [ 140.625187055938, 40.086425251724052 ], [ 140.627328144778176, 40.087696332819576 ], [ 140.629651751027609, 40.088101891988799 ], [ 140.631682555105954, 40.089588558565197 ], [ 140.634240895201174, 40.090343559207952 ], [ 140.634839779832078, 40.090835224865771 ], [ 140.637136719384102, 40.091261053854623 ], [ 140.63831700402659, 40.089746612616125 ], [ 140.638449222353756, 40.088366891618818 ], [ 140.639614526988908, 40.084993837695492 ], [ 140.642419248049919, 40.08521910797549 ], [ 140.644364228026802, 40.086181891581077 ], [ 140.649396419609161, 40.087582440876986 ], [ 140.651989754123974, 40.086599107762652 ], [ 140.6528311409445, 40.085940224861531 ], [ 140.653951413826803, 40.085732135229932 ], [ 140.654698366436492, 40.085129639821048 ], [ 140.656429467845783, 40.085130747785854 ], [ 140.658322801556096, 40.084386585772393 ], [ 140.659821971406927, 40.084466863754812 ], [ 140.661764474650795, 40.08278741400801 ], [ 140.66155922238022, 40.081638801689394 ], [ 140.660878664019151, 40.080935747686681 ], [ 140.660790635679405, 40.077933531907036 ], [ 140.661683969139972, 40.077804359583581 ], [ 140.663843942843755, 40.078412413701983 ], [ 140.664158975356486, 40.077280467619516 ], [ 140.664971751145458, 40.076745467229557 ], [ 140.66623868996362, 40.074589080921385 ], [ 140.66738841834092, 40.074572386806267 ], [ 140.670587859941861, 40.075496027419774 ], [ 140.672052308767093, 40.074127666658569 ], [ 140.674615084318702, 40.073733504597612 ], [ 140.676050336653816, 40.074623506069997 ], [ 140.676269780226221, 40.075389053961715 ], [ 140.677624500070692, 40.076481559376532 ], [ 140.677690310659386, 40.077787973036607 ], [ 140.679703917002257, 40.078666586393922 ], [ 140.680029753970075, 40.077963532391152 ], [ 140.679454747238879, 40.076909332699586 ], [ 140.679659780074871, 40.074932945698947 ], [ 140.681234227677578, 40.074105440813469 ], [ 140.682757276327266, 40.073897108364918 ], [ 140.683416161027026, 40.073384892298975 ], [ 140.684617004171514, 40.073576278822259 ], [ 140.685781440061419, 40.072247386607671 ], [ 140.687077275895604, 40.072331837444381 ], [ 140.68760450074717, 40.07123933292894 ], [ 140.689868973874127, 40.070249863740287 ], [ 140.688586225873678, 40.067669585582962 ], [ 140.690555668309457, 40.067314865089031 ], [ 140.690643450235143, 40.066594305782644 ], [ 140.690094280127028, 40.066119026671799 ], [ 140.690123722132171, 40.065569585867763 ], [ 140.690628999928435, 40.065074027044773 ], [ 140.692116782563517, 40.064794864891155 ], [ 140.692642918336105, 40.063627053845494 ], [ 140.690775693743376, 40.06266955915288 ], [ 140.69089294375442, 40.06165038715568 ], [ 140.689940998778184, 40.060985665855867 ], [ 140.689633800259685, 40.058998171328597 ], [ 140.690643800970747, 40.058407054142265 ], [ 140.690395187887702, 40.057123171197418 ], [ 140.690590777842203, 40.056272054611668 ], [ 140.692320777581926, 40.055175081364951 ], [ 140.692379389996859, 40.054392306060151 ], [ 140.693221607791088, 40.053339531793995 ], [ 140.693192191866274, 40.052539801570617 ], [ 140.693792750135344, 40.051464251973698 ], [ 140.694883891278664, 40.050248134743697 ], [ 140.696033606166111, 40.049972026687726 ], [ 140.695982218005042, 40.048778387112918 ], [ 140.697123891154661, 40.048380053996368 ], [ 140.69698527864773, 40.047860612777129 ], [ 140.698054475433764, 40.046300891572912 ], [ 140.697944773432596, 40.042995613257006 ], [ 140.698347586971636, 40.041159748024029 ], [ 140.69934341076987, 40.03981974828281 ], [ 140.6989320491748, 40.039152802060244 ], [ 140.699336226086075, 40.038361135158311 ], [ 140.699292334673601, 40.037097801722211 ], [ 140.700595421741355, 40.035630585683009 ], [ 140.700990973254875, 40.034239748165874 ], [ 140.700888780592777, 40.033546946434456 ], [ 140.700134617218851, 40.032764198109305 ], [ 140.700529882747901, 40.031936667143555 ], [ 140.703319637291543, 40.029537775048311 ], [ 140.706775772384049, 40.028124693699681 ], [ 140.706768585901614, 40.025297747692946 ], [ 140.7078155253663, 40.02504469375765 ], [ 140.710202775737571, 40.023129946290055 ], [ 140.71332221814589, 40.022403838166667 ], [ 140.713325837017805, 40.020860506207441 ], [ 140.715475032346944, 40.01821991861442 ], [ 140.717964773055883, 40.017459918640384 ], [ 140.719730609879775, 40.017615747768616 ], [ 140.721061996813773, 40.01694738781174 ], [ 140.721669780236198, 40.015798774593804 ], [ 140.723156472892924, 40.01475710785428 ], [ 140.723595940100608, 40.012606279356362 ], [ 140.72424038888289, 40.012020441190487 ], [ 140.73144455292379, 40.01043622515175 ], [ 140.732594864061753, 40.009340108059575 ], [ 140.731987366623684, 40.007965666981988 ], [ 140.732156004795797, 40.007166774926759 ], [ 140.731519611241083, 40.005975945733383 ], [ 140.731548520847582, 40.00439066669594 ], [ 140.731160195386792, 40.003624838215785 ], [ 140.731423281259481, 40.002178440582611 ], [ 140.732439105080744, 40.000845081435386 ], [ 140.732162192131568, 39.999805359929496 ], [ 140.730696354753036, 39.999556504928819 ], [ 140.727291115892399, 39.99746789242937 ], [ 140.724988586154382, 39.99800625178716 ], [ 140.722569728210487, 39.996418467238527 ], [ 140.719972218143425, 39.99777794629523 ], [ 140.718714136748076, 39.997937945579793 ], [ 140.7146158371512, 39.997306586429886 ], [ 140.713831140894513, 39.995404918702093 ], [ 140.715643086859018, 39.993529612801467 ], [ 140.7153667179997, 39.991521000393902 ], [ 140.714420635703846, 39.989547973260414 ], [ 140.711993968946558, 39.988706027061539 ], [ 140.709827327669132, 39.987432414374496 ], [ 140.707830389360993, 39.986890197824437 ], [ 140.706040973212453, 39.985779107919541 ], [ 140.703640143078246, 39.985743558618367 ], [ 140.700554864115702, 39.984781891970783 ], [ 140.699531530056106, 39.984126332963967 ], [ 140.69723686129214, 39.981619667014058 ], [ 140.696288833762765, 39.979578559403024 ], [ 140.696784383592444, 39.978416891626296 ], [ 140.696569415046497, 39.977188837694769 ], [ 140.696267756351972, 39.976732440749572 ], [ 140.694080532290741, 39.975537721088983 ], [ 140.6938652786597, 39.97371217107991 ], [ 140.694242217804117, 39.973330774895373 ], [ 140.695718365909897, 39.973056891762212 ], [ 140.695750025643179, 39.971627171157081 ], [ 140.693093112657039, 39.969722171441106 ], [ 140.691524811920544, 39.967365775010535 ], [ 140.686342048646679, 39.967008837687786 ], [ 140.685609001354351, 39.966029946325023 ], [ 140.68459983071773, 39.965456892022019 ], [ 140.682688444016549, 39.966029666635848 ], [ 140.6800934763329, 39.965219945843899 ], [ 140.679123449587564, 39.965386054223075 ], [ 140.677549857240137, 39.964917171090633 ], [ 140.675319559250283, 39.9656221712263 ], [ 140.674252360757919, 39.965199107652722 ], [ 140.674543475800874, 39.964103837722007 ], [ 140.672997911724337, 39.963315504606896 ], [ 140.673185447350534, 39.962776054371488 ], [ 140.674392672084196, 39.961763837730985 ], [ 140.67307797656747, 39.960626892317293 ], [ 140.675593256223806, 39.9595193601304 ], [ 140.67730272354197, 39.959332694148543 ], [ 140.67800328102669, 39.958486306198097 ], [ 140.676569662759789, 39.958411586025932 ], [ 140.675858559824746, 39.957648252265074 ], [ 140.674446615219154, 39.957814080955131 ], [ 140.674048029393134, 39.956718802031162 ], [ 140.673455252957638, 39.956362135404277 ], [ 140.673476913129093, 39.95560686586424 ], [ 140.673196938887713, 39.955382973345593 ], [ 140.670523865084419, 39.955507414335727 ], [ 140.667560532392713, 39.955217134763018 ], [ 140.667808339683233, 39.953723252026521 ], [ 140.664668079768148, 39.952388532205077 ], [ 140.664571140945441, 39.951110467873832 ], [ 140.664010609701904, 39.950413531958986 ], [ 140.664000051661105, 39.949301585899548 ], [ 140.661952308852051, 39.948272414340522 ], [ 140.661274253304214, 39.947318532224529 ], [ 140.661238170705133, 39.946382972895947 ], [ 140.660757328388058, 39.945959919214943 ], [ 140.660864552756948, 39.945426305579588 ], [ 140.659538716438647, 39.944621585917503 ], [ 140.659700415441876, 39.943982694046156 ], [ 140.659130142742015, 39.94287074798666 ], [ 140.659648780866632, 39.941639053599488 ], [ 140.659389079142784, 39.940804613142461 ], [ 140.658462138916661, 39.940456278734302 ], [ 140.657956304439949, 39.939668225308424 ], [ 140.656769363915032, 39.939329054092639 ], [ 140.656296614597181, 39.93844017137684 ], [ 140.654033554305101, 39.937784613269343 ], [ 140.653472996081973, 39.93726989169221 ], [ 140.652696886552121, 39.937444333189489 ], [ 140.651361049772731, 39.936747666171925 ], [ 140.651242438188092, 39.936117108317944 ], [ 140.649852437939671, 39.935810170602963 ], [ 140.648834968359211, 39.934421279218725 ], [ 140.646539727626418, 39.933010721367737 ], [ 140.643381946219961, 39.93228880228645 ], [ 140.642544967876006, 39.932982693996166 ], [ 140.640795810778059, 39.932039360028512 ], [ 140.639901633753425, 39.931972972974393 ], [ 140.638661921010907, 39.932736305835874 ], [ 140.63798105058504, 39.933877414211338 ], [ 140.636216057325214, 39.933865197820694 ], [ 140.634405499014633, 39.932247413687264 ], [ 140.634060531668297, 39.931243531963503 ], [ 140.634374163037251, 39.929614360614323 ], [ 140.633877497148887, 39.928181585911489 ], [ 140.629784162709029, 39.927522972807026 ], [ 140.630140583821003, 39.926032693653951 ], [ 140.629272800999047, 39.925069359663269 ], [ 140.62905450136418, 39.923325468095925 ], [ 140.631556472853049, 39.923142973169718 ], [ 140.631401193210536, 39.9225032512241 ], [ 140.631693450392504, 39.921807134591631 ], [ 140.631237611926281, 39.921054640359444 ], [ 140.631840117227739, 39.920513531774134 ], [ 140.633054863890948, 39.920576864730549 ], [ 140.632943475660909, 39.918956306188647 ], [ 140.634716550228632, 39.919066278885737 ], [ 140.635717108058202, 39.918598776212605 ], [ 140.635746861228768, 39.917793775062705 ], [ 140.634979637000697, 39.91652099964449 ], [ 140.633154668852967, 39.914996558844166 ], [ 140.634695253383256, 39.914032107895537 ], [ 140.635513308192685, 39.912928225157543 ], [ 140.634337198203184, 39.912477665711776 ], [ 140.634958366235651, 39.910619332716067 ], [ 140.633460855634098, 39.909954891105372 ], [ 140.633307523923122, 39.9090932245727 ], [ 140.634636978214075, 39.909200171051111 ], [ 140.635667004129004, 39.908564053588236 ], [ 140.635645057973079, 39.907944613153404 ], [ 140.634463113182164, 39.90741599974865 ], [ 140.635981193077669, 39.906910972863159 ], [ 140.636009248328264, 39.906632361094637 ], [ 140.634955642189198, 39.906121530883979 ], [ 140.636022891942957, 39.905576252142396 ], [ 140.633468715708773, 39.904785441395063 ], [ 140.632324838320642, 39.903921558932836 ], [ 140.63238594005918, 39.903628225262423 ], [ 140.633373994614203, 39.903450973383769 ], [ 140.633652360867814, 39.902973468450853 ], [ 140.633439856464292, 39.902064865401258 ], [ 140.633980999223809, 39.901489305587063 ], [ 140.633586005289999, 39.900646801808534 ], [ 140.633987691079142, 39.89981319772096 ], [ 140.632957418749925, 39.898778468351679 ], [ 140.629588248998516, 39.89759405402242 ], [ 140.630671894292504, 39.89669346842885 ], [ 140.629598274640671, 39.89595430574667 ], [ 140.630277445347929, 39.895409865173178 ], [ 140.629341633309764, 39.894890414061422 ], [ 140.627428832874443, 39.894474892202538 ], [ 140.627344137422028, 39.89328794628176 ], [ 140.628159143529729, 39.893134585792552 ], [ 140.628339169816854, 39.892792080789945 ], [ 140.627195278938984, 39.89187319759003 ], [ 140.626196978407847, 39.890234891826822 ], [ 140.625354747123993, 39.889914613568635 ], [ 140.624515006062779, 39.890421279018881 ], [ 140.623175551310737, 39.890644053680205 ], [ 140.619789999508953, 39.889188506344567 ], [ 140.619196108813412, 39.888607946299715 ], [ 140.618825304843995, 39.886955441140742 ], [ 140.617661141448593, 39.886407135281104 ], [ 140.617788365840511, 39.886041026672103 ], [ 140.618745330832439, 39.885765171325659 ], [ 140.616821166563682, 39.884567413755178 ], [ 140.615604474666839, 39.884920467805387 ], [ 140.613370856380016, 39.884259081191715 ], [ 140.613023112826454, 39.883639360168388 ], [ 140.613411440085997, 39.882321865062067 ], [ 140.611783670779801, 39.882051865201447 ], [ 140.611297003553886, 39.882357413463922 ], [ 140.611343359108787, 39.883094360216603 ], [ 140.610856692782249, 39.88383077457064 ], [ 140.608373891242195, 39.885246332652173 ], [ 140.60744691324453, 39.885742172063658 ], [ 140.606601089168976, 39.885536613124259 ], [ 140.604054384502319, 39.886358305691317 ], [ 140.60335355362372, 39.886081640055693 ], [ 140.599249364366756, 39.886143891127745 ], [ 140.596838521180871, 39.885201666923422 ], [ 140.596056887115765, 39.884598613035621 ], [ 140.594193800303742, 39.884625559422091 ], [ 140.592826550205245, 39.88648780177067 ], [ 140.591030415221553, 39.886924748178615 ], [ 140.590653721592048, 39.888979467928152 ], [ 140.588823995131293, 39.889037558736391 ], [ 140.588107302010485, 39.889538107897408 ], [ 140.587012309070815, 39.889689505166587 ], [ 140.584378365669068, 39.891564505297708 ], [ 140.582628586240276, 39.894626197740877 ], [ 140.579809689165927, 39.894578414062607 ], [ 140.578778833176671, 39.894984838379628 ], [ 140.57631661531957, 39.895011774873581 ], [ 140.574650506115972, 39.894377613436177 ], [ 140.571603255885634, 39.894511251792892 ], [ 140.569732139926373, 39.893956801765057 ], [ 140.568535226819336, 39.892744027315075 ], [ 140.568164942658086, 39.891654054391154 ], [ 140.566284137403045, 39.890373224644634 ], [ 140.561130245964137, 39.888885199192657 ], [ 140.560516938905721, 39.887440198206662 ], [ 140.558118611584746, 39.885832134845202 ], [ 140.558124189180035, 39.885001306065476 ], [ 140.557325031824803, 39.884126027394302 ], [ 140.55509141353798, 39.883881613245933 ], [ 140.554205005756444, 39.88422966706554 ], [ 140.553492218391284, 39.884064666651113 ], [ 140.552108365908452, 39.883492170827083 ], [ 140.550465032035618, 39.882086053828402 ], [ 140.548442802093746, 39.882041639909801 ], [ 140.547730583999282, 39.880983027244952 ], [ 140.546550856037243, 39.881085801768393 ], [ 140.545125837087767, 39.882130531598818 ], [ 140.544405837159729, 39.882161945817188 ], [ 140.543812503144522, 39.883301668337367 ], [ 140.542785006123154, 39.882988054055488 ], [ 140.540101089193968, 39.88343833291276 ], [ 140.539804136651696, 39.883221386757668 ], [ 140.537741672839957, 39.880912531188415 ], [ 140.53782894934659, 39.876916107692296 ], [ 140.535392606783489, 39.874617532273362 ], [ 140.536145667588585, 39.87376444077637 ], [ 140.535827366939543, 39.871562776301118 ], [ 140.534581803207743, 39.871300305564716 ], [ 140.53281182860303, 39.86911558611547 ], [ 140.533307418902268, 39.867955838391254 ], [ 140.53499852116488, 39.867492225286014 ], [ 140.535116057160394, 39.866586107962576 ], [ 140.536412723968056, 39.86590610808048 ], [ 140.537725550693722, 39.863607198113755 ], [ 140.53770416301677, 39.863275252051267 ], [ 140.536370272370277, 39.862356667426297 ], [ 140.53693447554565, 39.861107197938907 ], [ 140.535971414049527, 39.860579440688696 ], [ 140.535347250375366, 39.860673891986551 ], [ 140.53388586284234, 39.860105000645319 ], [ 140.533284773073888, 39.859338333097639 ], [ 140.531639467887203, 39.859467775217695 ], [ 140.531315330638108, 39.858846946229619 ], [ 140.532099804762197, 39.856905279355203 ], [ 140.528589248095386, 39.856141693784195 ], [ 140.528519831225253, 39.853989721348626 ], [ 140.529850946564011, 39.853198891715522 ], [ 140.528102917215961, 39.851957505334667 ], [ 140.527650998894501, 39.850251387091873 ], [ 140.526249338935941, 39.849696107889145 ], [ 140.52359547285289, 39.847801134714643 ], [ 140.521972969976673, 39.847348081448843 ], [ 140.520002943880854, 39.847553359799747 ], [ 140.518543256066437, 39.847070612718653 ], [ 140.517019611166234, 39.847691721395904 ], [ 140.51437155470353, 39.846744505054914 ], [ 140.512142698326898, 39.844391721201021 ], [ 140.509657756400429, 39.840331721931477 ], [ 140.509663605590958, 39.839670891998139 ], [ 140.510567497092325, 39.838411440935317 ], [ 140.511616135376357, 39.837804224985064 ], [ 140.511145331292028, 39.83585283823794 ], [ 140.510022553797853, 39.834532837620429 ], [ 140.511191479103559, 39.833711720619476 ], [ 140.51143313862849, 39.832662837719852 ], [ 140.512360389120772, 39.831338640865624 ], [ 140.513724552745998, 39.830317531728781 ], [ 140.513672633085662, 39.829366414128742 ], [ 140.514144864394098, 39.828370864623764 ], [ 140.513529052723698, 39.82752197296071 ], [ 140.515261854750861, 39.826171945778754 ], [ 140.515250506205916, 39.824083333279248 ], [ 140.514801607808067, 39.82266194579222 ], [ 140.51532330722489, 39.820374441027695 ], [ 140.515616938570929, 39.819965279174369 ], [ 140.516756938981644, 39.819840838184177 ], [ 140.517246394105882, 39.819463306386524 ], [ 140.517114189268455, 39.816561918997422 ], [ 140.515807003990062, 39.815335532408938 ], [ 140.515703385003235, 39.813652197590898 ], [ 140.51423535687627, 39.812781081881496 ], [ 140.514255083505418, 39.811337748238543 ], [ 140.513103450364042, 39.810182197650363 ], [ 140.508240636196433, 39.809773332573286 ], [ 140.507112335066267, 39.808377775414044 ], [ 140.505154838325211, 39.807871946333307 ], [ 140.50437372226952, 39.807005279570035 ], [ 140.50349955785839, 39.806666945623078 ], [ 140.500992023163349, 39.807079468242932 ], [ 140.498628171353062, 39.805925027418141 ], [ 140.496292023158389, 39.806120864686193 ], [ 140.494109559208823, 39.804730305059593 ], [ 140.491636472145501, 39.804364225228881 ], [ 140.490564253637444, 39.805011441225076 ], [ 140.488374526763096, 39.80528727858507 ], [ 140.486499805421772, 39.804285054311833 ], [ 140.486277029861071, 39.803805333449418 ], [ 140.486901192635969, 39.802950332691751 ], [ 140.486207886384932, 39.802173386792447 ], [ 140.484784280270333, 39.801547278783914 ], [ 140.483653450246607, 39.800308108332558 ], [ 140.483172335435029, 39.799024505076886 ], [ 140.482472087317092, 39.798669774690381 ], [ 140.482471803131261, 39.797990053598141 ], [ 140.481755966164997, 39.797025331953535 ], [ 140.477905965787727, 39.795674223786477 ], [ 140.476650142590074, 39.795971197912479 ], [ 140.474946251968049, 39.795727585959355 ], [ 140.474450116679577, 39.796448414163024 ], [ 140.474683722775694, 39.797180359785841 ], [ 140.474493722107695, 39.798520640115498 ], [ 140.473355641749549, 39.799095081173107 ], [ 140.472538690408328, 39.800457892217992 ], [ 140.471457563216063, 39.801133999834292 ], [ 140.471881997356377, 39.802304838897271 ], [ 140.471183645009319, 39.803864559202111 ], [ 140.470977249700354, 39.805356774595509 ], [ 140.46851108921544, 39.807699306178108 ], [ 140.467416912860358, 39.807980972943596 ], [ 140.467241608013865, 39.810300972911648 ], [ 140.466264112398903, 39.810976558921084 ], [ 140.465301309907545, 39.812350721208873 ], [ 140.460792632573998, 39.815177413606818 ], [ 140.458939532733325, 39.819986333202792 ], [ 140.458910363222799, 39.820741054156372 ], [ 140.459873112654122, 39.822464108431916 ], [ 140.459727004297861, 39.823162440993883 ], [ 140.459070338225615, 39.823792999747184 ], [ 140.457961725053678, 39.823950505211712 ], [ 140.456196161623666, 39.823421053638754 ], [ 140.452081699410996, 39.824468865445851 ], [ 140.451191699737251, 39.823973026933686 ], [ 140.449178365888883, 39.823781640410402 ], [ 140.448259195805349, 39.822936918903736 ], [ 140.446376977715431, 39.822813054379026 ], [ 140.444597250862557, 39.822137224653261 ], [ 140.443050310823196, 39.822294999015071 ], [ 140.439753060755265, 39.821990838406521 ], [ 140.435201115239352, 39.820943360247952 ], [ 140.43368360641341, 39.820019748412733 ], [ 140.432049728012657, 39.819636693878351 ], [ 140.431232503277442, 39.820267251732332 ], [ 140.431932774777806, 39.821877801719211 ], [ 140.430984422593042, 39.822643640991316 ], [ 140.430791089037598, 39.824085613060674 ], [ 140.430021335915967, 39.824580613404635 ], [ 140.428868833130196, 39.82460310814696 ], [ 140.427745227360447, 39.825188946312892 ], [ 140.424433527885071, 39.825019505046157 ], [ 140.423017976998153, 39.825402585660868 ], [ 140.420406278327164, 39.82653980177048 ], [ 140.418670168593508, 39.826934251614489 ], [ 140.416627366659668, 39.828702333146225 ], [ 140.410178715875077, 39.827913440652821 ], [ 140.408894838326205, 39.828420387590882 ], [ 140.404138145059392, 39.829017080573863 ], [ 140.402577276320358, 39.830458468083862 ], [ 140.401530310775343, 39.832432387344852 ], [ 140.40176002640419, 39.833758505150968 ], [ 140.400781920149598, 39.834852080758992 ], [ 140.401418612279144, 39.836425441081303 ], [ 140.400785810616753, 39.838578223806053 ], [ 140.39962771674584, 39.83985408120094 ], [ 140.397512412367973, 39.840970197416709 ], [ 140.396722411909877, 39.841943531868537 ], [ 140.393759053137842, 39.842859081281631 ], [ 140.39156875519393, 39.844574666687549 ], [ 140.389608689089755, 39.848339386153782 ], [ 140.389283385419958, 39.850684666963843 ], [ 140.390474500597747, 39.852959108176378 ], [ 140.390209196097544, 39.854376919059632 ], [ 140.391016135286463, 39.855800802165334 ], [ 140.390191672807532, 39.857596359784225 ], [ 140.388992476321846, 39.858472467630349 ], [ 140.389211336234212, 39.860726081443545 ], [ 140.389793553729533, 39.862490802208811 ], [ 140.389153553893493, 39.863054972109353 ], [ 140.387908223086129, 39.865252199329575 ], [ 140.38799544743199, 39.866813613057843 ], [ 140.387049857065335, 39.867737775278158 ], [ 140.386426783369416, 39.869489170788654 ], [ 140.385139274358039, 39.869623053760961 ], [ 140.382896743789729, 39.871438613201462 ], [ 140.383970337361234, 39.873129720859993 ], [ 140.386171724845326, 39.875499170950036 ], [ 140.38506447504551, 39.876056107603347 ], [ 140.384661140799039, 39.876909171221314 ], [ 140.38354224387956, 39.877251667230723 ], [ 140.382747198224706, 39.879546107566853 ], [ 140.380527470866127, 39.880204171185596 ], [ 140.378745771800027, 39.881644721426824 ], [ 140.378855187816725, 39.884333919175106 ], [ 140.377996277706075, 39.885427251966178 ], [ 140.37763819734505, 39.887557252165493 ], [ 140.376606497791727, 39.888761694396749 ], [ 140.374340388797918, 39.889077252113566 ], [ 140.37428230878163, 39.890785027806828 ], [ 140.373238689613913, 39.891540307239438 ], [ 140.373036718969502, 39.892438640031287 ], [ 140.372361168033535, 39.89307030584996 ], [ 140.372903943062624, 39.894083080969438 ], [ 140.372829196810017, 39.89595863957959 ], [ 140.373583889884685, 39.898150864770628 ], [ 140.373578340168365, 39.898987531049784 ], [ 140.375919389668184, 39.902778919011951 ], [ 140.375152697838757, 39.904796693712512 ], [ 140.377037691236524, 39.907255306187494 ], [ 140.376547665042722, 39.908763918020441 ], [ 140.375683475911728, 39.910119467939126 ], [ 140.375677639311675, 39.911457251750846 ], [ 140.374363165028058, 39.91268835978002 ], [ 140.373728689727272, 39.914231694437206 ], [ 140.372200610270056, 39.915174226209615 ], [ 140.370665888420035, 39.915452837978137 ], [ 140.371761997418275, 39.917050333406223 ], [ 140.371093358671601, 39.918426171130932 ], [ 140.371141140551231, 39.919425054422788 ], [ 140.371561388347459, 39.92099338663553 ], [ 140.372573579806954, 39.922396441442686 ], [ 140.37241858614891, 39.923440332205644 ], [ 140.372030532283247, 39.923931171386528 ], [ 140.370129689233863, 39.923620613000935 ], [ 140.368925773105957, 39.924541441434428 ], [ 140.368782995838615, 39.925180891784805 ], [ 140.367343838647344, 39.925704504959015 ], [ 140.366508521351193, 39.926386998661087 ], [ 140.366160751717416, 39.927384225401738 ], [ 140.360166549946371, 39.928387559438363 ], [ 140.359398469563757, 39.928906747948133 ], [ 140.36028929931183, 39.930187306099356 ], [ 140.359864553106718, 39.931536198336914 ], [ 140.359755940184527, 39.933576467779801 ], [ 140.361052309316733, 39.934998694334354 ], [ 140.361606471561458, 39.936430081383207 ], [ 140.361877833894937, 39.938575360164805 ], [ 140.361412244979192, 39.93923369358015 ], [ 140.358308080253778, 39.93994453121519 ], [ 140.357080557821519, 39.94079758583996 ], [ 140.356140000061032, 39.942101746698313 ], [ 140.355333864865997, 39.944820360371409 ], [ 140.355492996304747, 39.945925360067349 ], [ 140.356407717442266, 39.947261224725821 ], [ 140.356747690853354, 39.948693440949569 ], [ 140.358049921766565, 39.949120387795688 ], [ 140.358942140067825, 39.95001399914679 ], [ 140.35865072555066, 39.952516774629487 ], [ 140.360319857375544, 39.954065945886725 ], [ 140.358508197395508, 39.954466774622006 ], [ 140.357757639403644, 39.955853441083491 ], [ 140.356964837557257, 39.956104001198753 ], [ 140.356096498954344, 39.956894559236559 ], [ 140.357060920225308, 39.958828440680065 ], [ 140.357179805203941, 39.960669837642968 ], [ 140.357653670580476, 39.962090666651022 ], [ 140.356526160853718, 39.963241504791654 ], [ 140.35644308687904, 39.964142360181825 ], [ 140.355249467988642, 39.965283467657969 ], [ 140.355535837309162, 39.966292361303488 ], [ 140.355021945806243, 39.966750693589688 ], [ 140.355003333437139, 39.967371251881843 ], [ 140.353592191926168, 39.96851653221222 ], [ 140.353684695292486, 39.96929625162079 ], [ 140.352446887314045, 39.971157639613409 ], [ 140.354489922172206, 39.974245135404715 ], [ 140.355224915597432, 39.974777080797708 ], [ 140.355722698443856, 39.975891802164995 ], [ 140.35812321741264, 39.978393747573421 ], [ 140.359236835311776, 39.978541532265979 ], [ 140.361539883059208, 39.980114027440493 ], [ 140.362278781340706, 39.980197080730761 ], [ 140.363355694309917, 39.981179305880289 ], [ 140.367497082224645, 39.981142639621169 ], [ 140.369979000630451, 39.985684305886082 ], [ 140.371927327883895, 39.986185694114567 ], [ 140.373452580772096, 39.987047359747919 ], [ 140.374512866175905, 39.988422081414001 ], [ 140.375661750989025, 39.988853468213051 ], [ 140.37595033713842, 39.989642359807135 ], [ 140.374260052359546, 39.990952081173646 ], [ 140.373629754409649, 39.992268224598945 ], [ 140.373010583771475, 39.995006838295012 ], [ 140.373328611926013, 39.995700721011531 ], [ 140.37319833973163, 39.996671558945366 ], [ 140.373634162886333, 39.997052667346793 ], [ 140.373569442275993, 39.997819054305978 ], [ 140.373239688760691, 39.998581278303391 ], [ 140.371955525227349, 39.999460999625512 ], [ 140.371838028802017, 39.999882666551855 ], [ 140.372127755291785, 40.000258225236962 ], [ 140.368201608417507, 40.00137183774018 ], [ 140.36813299644075, 40.002259640370141 ], [ 140.366790466906536, 40.00326713377126 ], [ 140.365282114078354, 40.005215468219319 ], [ 140.364507393101803, 40.00557491914725 ], [ 140.36461516156055, 40.006447134727523 ], [ 140.363165966136535, 40.007270466758712 ], [ 140.360918197017213, 40.007692693962724 ], [ 140.360266523980954, 40.008188252785715 ], [ 140.359190388925413, 40.009640774801994 ], [ 140.359036783820557, 40.010665775305313 ], [ 140.357403695923836, 40.012073279058654 ], [ 140.357110920732453, 40.012996891793193 ], [ 140.357096161059076, 40.013447440447067 ], [ 140.357981996871672, 40.014629666725796 ], [ 140.357776978424909, 40.017957722171218 ], [ 140.352724721169011, 40.019331360154183 ], [ 140.351912218773919, 40.019962197697339 ], [ 140.351784137328195, 40.020704694166341 ], [ 140.352182476739927, 40.021511639650498 ], [ 140.353654137228659, 40.022929413661586 ], [ 140.354247445163537, 40.024764973125059 ], [ 140.356941608068837, 40.025536640003963 ], [ 140.357293255579293, 40.026336359435504 ], [ 140.358720752161048, 40.027096080619685 ], [ 140.361166006106373, 40.029698027042343 ], [ 140.362132672085181, 40.029996360044038 ], [ 140.363194060057936, 40.029810532230329 ], [ 140.364372943556532, 40.030891639637503 ], [ 140.364519026731728, 40.031730531738674 ], [ 140.365280700344101, 40.032699134857239 ], [ 140.365318470071429, 40.033374693887083 ], [ 140.366227886108163, 40.034751919265716 ], [ 140.367096225610339, 40.035401918663695 ], [ 140.366327612829082, 40.036656919881011 ], [ 140.367181193557258, 40.037476359646348 ], [ 140.36860452717724, 40.037907748244038 ], [ 140.369175641642641, 40.038420252093033 ], [ 140.369080362968475, 40.039714972767854 ], [ 140.368260336845083, 40.041235279384694 ], [ 140.368245616741888, 40.042040559324391 ], [ 140.3698050321766, 40.04277277474381 ], [ 140.370487249786834, 40.043992504550488 ], [ 140.371430583754545, 40.04313861265689 ], [ 140.373655305048374, 40.043121666731565 ], [ 140.375255305088331, 40.044529440281508 ], [ 140.375154747393708, 40.045246946389511 ], [ 140.376233333101936, 40.047556387417387 ], [ 140.37727027210542, 40.048146946124689 ], [ 140.378054162569583, 40.049158613279417 ], [ 140.379427782566154, 40.0490955591128 ], [ 140.379366082778574, 40.049792225231045 ], [ 140.37853247689236, 40.050207224583801 ], [ 140.378693580544336, 40.050824171198599 ], [ 140.378246083290151, 40.051968053982534 ], [ 140.375705771903881, 40.05217889194239 ], [ 140.37516938925603, 40.052523054395522 ], [ 140.375459663432821, 40.053561667037343 ], [ 140.376626887221164, 40.054504170930784 ], [ 140.377039637369421, 40.056137506141056 ], [ 140.375399363889642, 40.056907531757247 ], [ 140.374282139709067, 40.056895026684174 ], [ 140.373817418639078, 40.057180584816194 ], [ 140.37382627786053, 40.058079198196481 ], [ 140.374326835115426, 40.059270027389914 ], [ 140.374419299810938, 40.061537252442292 ], [ 140.374947912316316, 40.062092251955903 ], [ 140.375593191172925, 40.062126133913978 ], [ 140.376452087793723, 40.06360225234215 ], [ 140.378830946590938, 40.06464974758785 ], [ 140.377730388646569, 40.065536972853067 ], [ 140.376626471734312, 40.067293107790761 ], [ 140.376451478952617, 40.068253107994565 ], [ 140.375639804833213, 40.068963945629662 ], [ 140.375392555122403, 40.069922279389743 ], [ 140.37477783432962, 40.070687000804469 ], [ 140.374100310281165, 40.073388387064483 ], [ 140.37330169881443, 40.074036720918002 ], [ 140.373071673818799, 40.075690081332255 ], [ 140.372470557969905, 40.076498694159454 ], [ 140.372970557645203, 40.077313972761658 ], [ 140.371901920237519, 40.078442307166767 ], [ 140.372168859705198, 40.08039897293429 ], [ 140.37124574609436, 40.083924838760367 ], [ 140.371479362982313, 40.08589817076404 ], [ 140.372454332401617, 40.087153720567812 ], [ 140.3733046171144, 40.086883441018017 ], [ 140.375430725947353, 40.087514278561173 ], [ 140.375760440791737, 40.088009838283483 ], [ 140.375628494959187, 40.088392613128633 ], [ 140.373817638972923, 40.090222612983268 ], [ 140.371127082349062, 40.090554279356581 ], [ 140.369294033792698, 40.089355667430141 ], [ 140.368266251686237, 40.08929733290563 ], [ 140.366171504911108, 40.090407892210521 ], [ 140.364412087447931, 40.089349278646353 ], [ 140.363055940379354, 40.089991224615403 ], [ 140.361890389330028, 40.08967038697881 ], [ 140.358965383046097, 40.090204864862699 ], [ 140.357895109771562, 40.090120414025932 ], [ 140.357609273749063, 40.090852640237188 ], [ 140.355776200011633, 40.091314306310267 ], [ 140.35444230936514, 40.090976531741603 ], [ 140.353533164923647, 40.090204864862699 ], [ 140.350931776980019, 40.089869027433735 ], [ 140.350306472066109, 40.090509027269832 ], [ 140.349216472162539, 40.090552639892451 ], [ 140.348005913642055, 40.091375972822959 ], [ 140.346327029568783, 40.09084097333232 ], [ 140.344142580815515, 40.089082639552203 ], [ 140.340506471596427, 40.089314865188953 ], [ 140.339788443881616, 40.087997639879234 ], [ 140.339519830775657, 40.085936802041829 ], [ 140.338846523648158, 40.085261251105919 ], [ 140.337403994898523, 40.085216251728696 ], [ 140.336466808696287, 40.084607918820438 ], [ 140.334760700346123, 40.084714865298849 ], [ 140.331568471307946, 40.083554864865164 ], [ 140.328493476093058, 40.081825973090247 ], [ 140.327592918378514, 40.08211319766599 ], [ 140.326575135833878, 40.081690973159937 ], [ 140.326143190555854, 40.081775414104129 ], [ 140.325440415342996, 40.083059306042173 ], [ 140.324217367037932, 40.083779865348561 ], [ 140.323485110249749, 40.08511461214971 ], [ 140.321783696360512, 40.086640440603901 ], [ 140.321219248569491, 40.087630999770852 ], [ 140.319584501423719, 40.088796558914112 ], [ 140.319239779592181, 40.090508225074586 ], [ 140.318605031796892, 40.091255999664725 ], [ 140.316439493987559, 40.090237946424168 ], [ 140.317062555092889, 40.088841559190655 ], [ 140.316190077809893, 40.087045441294151 ], [ 140.316358170992885, 40.084647946745406 ], [ 140.315534279583403, 40.084518775321271 ], [ 140.315080389048831, 40.083885170564201 ], [ 140.31323153131018, 40.083070721136949 ], [ 140.310257886092586, 40.083329332882442 ], [ 140.309196809285368, 40.08224738730712 ], [ 140.307114578375149, 40.081725999954983 ], [ 140.304039856554255, 40.082243225244724 ], [ 140.302678443955074, 40.083231865258426 ], [ 140.300812335421028, 40.083115467804646 ], [ 140.299576809022597, 40.081726027833952 ], [ 140.298418754721865, 40.081389918809748 ], [ 140.298090973419789, 40.080226306698762 ], [ 140.2975362517966, 40.079857973167009 ], [ 140.297528222649476, 40.07794464033293 ], [ 140.295956303940329, 40.076826306388966 ], [ 140.293671855072148, 40.076328531636477 ], [ 140.292730467237334, 40.074615747618736 ], [ 140.29129355385453, 40.073600747576506 ], [ 140.290965771653077, 40.072379360319303 ], [ 140.288839688900566, 40.070272134551431 ], [ 140.284831919557519, 40.0703043599583 ], [ 140.28421858641866, 40.06980658610513 ], [ 140.282194695428871, 40.069476864965395 ], [ 140.280093579655045, 40.069877693700676 ], [ 140.276187198080834, 40.069599640411127 ], [ 140.274447471273788, 40.069813000069928 ], [ 140.271864968193768, 40.068910505215683 ], [ 140.270174695106107, 40.068942172143579 ], [ 140.269036640828404, 40.069845224577477 ], [ 140.267120245802744, 40.069496053799924 ], [ 140.264726640821891, 40.070607721069507 ], [ 140.258156057256315, 40.072372198118501 ], [ 140.256298559730794, 40.072275252101235 ], [ 140.255249663341374, 40.071544694132399 ], [ 140.253474383635989, 40.071295252773723 ], [ 140.251214383736851, 40.072407224913547 ], [ 140.251204915674407, 40.073891108088219 ], [ 140.252031854886241, 40.074797225411658 ], [ 140.251958781372764, 40.075737775078323 ], [ 140.252419882671461, 40.076796386843853 ], [ 140.252192918068772, 40.078237775253172 ], [ 140.251627366809544, 40.07898972179828 ], [ 140.253049300185126, 40.080152225045197 ], [ 140.254769857043357, 40.080783053595098 ], [ 140.25478538293919, 40.081543333258253 ], [ 140.253627612824175, 40.082866387074148 ], [ 140.254487301747645, 40.084106946078748 ], [ 140.255486200327937, 40.084488891749004 ], [ 140.255613138735384, 40.085261108113684 ], [ 140.25547980524891, 40.08567610746644 ], [ 140.254560053303862, 40.086165865662224 ], [ 140.250021996917667, 40.086672532011789 ], [ 140.249093113256663, 40.087913359913671 ], [ 140.249208365873415, 40.088406693813909 ], [ 140.248721141067904, 40.08866974821035 ], [ 140.246848080774384, 40.088688080890279 ], [ 140.246825863023219, 40.089656441191835 ], [ 140.247558638720307, 40.090411171138669 ], [ 140.247272775718102, 40.090912278778717 ], [ 140.247772776292663, 40.092821170760487 ], [ 140.249376665900513, 40.092837559106101 ], [ 140.24947192029299, 40.09436338666103 ], [ 140.251333864966, 40.094470333139441 ], [ 140.252031088663898, 40.09510117068254 ], [ 140.25211105098424, 40.096322837628918 ], [ 140.253129662703827, 40.097099775434344 ], [ 140.251912969907721, 40.098248667442078 ], [ 140.250116861004358, 40.099205611749653 ], [ 140.249691582400715, 40.100258666604248 ], [ 140.248826549705541, 40.101153694387563 ], [ 140.248401283692374, 40.102606198417391 ], [ 140.246887911747763, 40.103556747645825 ], [ 140.247257613148349, 40.105871748282595 ], [ 140.245255913829396, 40.107673414096837 ], [ 140.244280894947451, 40.109773721380179 ], [ 140.243137275664822, 40.110775946552735 ], [ 140.242873384898871, 40.111648440922863 ], [ 140.24360641960061, 40.113332053631439 ], [ 140.245548911153378, 40.11454289184104 ], [ 140.245816668104794, 40.115976775407887 ], [ 140.2473719457588, 40.117024278747522 ], [ 140.247733332927055, 40.117600108358374 ], [ 140.247746641094636, 40.118987891777863 ], [ 140.246821089421815, 40.119747639941693 ], [ 140.247703838761254, 40.120499585587481 ], [ 140.248004384095111, 40.121242919325312 ], [ 140.24796022018802, 40.122273467746368 ], [ 140.247263799584744, 40.123804586012909 ], [ 140.247388222588484, 40.125589865280119 ], [ 140.247036278301721, 40.126310413794613 ], [ 140.247945161939697, 40.127267639589945 ], [ 140.248700142797361, 40.128923197947302 ], [ 140.249931803010327, 40.129469305863836 ], [ 140.25029069995594, 40.130690972810214 ], [ 140.250268716028472, 40.13155819805246 ], [ 140.249349274349584, 40.131783224616186 ], [ 140.247955084159912, 40.134724053572256 ], [ 140.248113113029831, 40.137717946126372 ], [ 140.249263916996256, 40.139615198182923 ], [ 140.249787496895578, 40.142530468406449 ], [ 140.252464448575552, 40.142960467551575 ], [ 140.253420246247401, 40.145223532340196 ], [ 140.254315524941603, 40.146393802132309 ], [ 140.254981581734683, 40.15126491884098 ], [ 140.25660713421189, 40.15225908069209 ], [ 140.257059053432613, 40.154290224714146 ], [ 140.257047366742654, 40.156730505408575 ], [ 140.257313747731359, 40.157772441045381 ], [ 140.258137081561131, 40.158511612720815 ], [ 140.254541218802274, 40.160561081328865 ], [ 140.254200635650932, 40.162543027039135 ], [ 140.253382827255791, 40.164006640394177 ], [ 140.253397561748102, 40.164554973233464 ], [ 140.254306446285568, 40.166089694184109 ], [ 140.253485576598109, 40.166900837703565 ], [ 140.253023359240728, 40.168674171276052 ], [ 140.254183606088645, 40.171805000000802 ], [ 140.253764941998497, 40.17706946758193 ], [ 140.254073255676303, 40.17912474760908 ], [ 140.254932139706511, 40.18000891877665 ], [ 140.254234642614733, 40.181146134886262 ], [ 140.254300751778374, 40.181810305801037 ], [ 140.254821828864351, 40.182857801946056 ], [ 140.257001828671491, 40.183190026798343 ], [ 140.260906277602658, 40.184693640199384 ], [ 140.262630725827421, 40.18477919810158 ], [ 140.264062387169474, 40.183522532239124 ], [ 140.265816834978978, 40.18348891917833 ], [ 140.269134059888984, 40.186073360297371 ], [ 140.269794617327761, 40.186180305876462 ], [ 140.270389338996893, 40.186850027406877 ], [ 140.271051284089594, 40.186782532388008 ], [ 140.27116708169558, 40.187300585953324 ], [ 140.271805422282455, 40.187565585583343 ], [ 140.270946809847487, 40.188781414131029 ], [ 140.272465940151051, 40.193128387065485 ], [ 140.272318974740983, 40.194142000353111 ], [ 140.272847588145737, 40.19542561260198 ], [ 140.273955083460351, 40.196615612620462 ], [ 140.274681479366791, 40.196905054025081 ], [ 140.275370921231115, 40.196072558801575 ], [ 140.277283695586107, 40.195656441591552 ], [ 140.282780077638563, 40.195218918718183 ], [ 140.285444812028572, 40.19545891899395 ], [ 140.287228417657388, 40.196199748119909 ], [ 140.289963410682958, 40.198331693552859 ], [ 140.290755913954285, 40.198433081321696 ], [ 140.292025914064766, 40.197858639364767 ], [ 140.295468418133055, 40.19814586483983 ], [ 140.296451751247332, 40.199294747854367 ], [ 140.299402554584276, 40.20119030558817 ], [ 140.299769221672364, 40.202532251462287 ], [ 140.29979085576349, 40.204080892119521 ], [ 140.299370855280813, 40.205243107583385 ], [ 140.296816693435744, 40.204735053579896 ], [ 140.294803087092873, 40.204974775065864 ], [ 140.291954721033562, 40.206293945609161 ], [ 140.288469974010127, 40.209319802766743 ], [ 140.286338586156944, 40.210420081021994 ], [ 140.282201088709371, 40.210793973263321 ], [ 140.279205525214934, 40.210363721408669 ], [ 140.27757328088228, 40.210938170560155 ], [ 140.274556614795983, 40.210499000128777 ], [ 140.273668831951113, 40.210780666894323 ], [ 140.273074668761069, 40.211389559180873 ], [ 140.273360505682831, 40.211979838198999 ], [ 140.274527445285457, 40.212908999750596 ], [ 140.277015472785934, 40.213855108126779 ], [ 140.27880630446748, 40.214941775142847 ], [ 140.280215187780755, 40.217154837625685 ], [ 140.279672114176833, 40.218179305730416 ], [ 140.279686835179405, 40.219209586153511 ], [ 140.280648494632374, 40.21953625229628 ], [ 140.281822633307911, 40.221282081003267 ], [ 140.2818737480751, 40.222807919350032 ], [ 140.282857367173847, 40.224435134673797 ], [ 140.281969000668937, 40.225212360262276 ], [ 140.281690117305175, 40.226174865078008 ], [ 140.279899001437798, 40.227616278668393 ], [ 140.280228691101229, 40.228421278918916 ], [ 140.279722865617828, 40.229069054293461 ], [ 140.276412554695753, 40.231253504845427 ], [ 140.276030895009853, 40.23232936021185 ], [ 140.274856446068156, 40.233686027088538 ], [ 140.273534746631299, 40.235994639840783 ], [ 140.273564188636442, 40.236619918674364 ], [ 140.275340557420805, 40.237858532445387 ], [ 140.276617496700169, 40.240093801887497 ], [ 140.275703021976938, 40.24117189206919 ], [ 140.276358301294636, 40.242361614197193 ], [ 140.277174967550764, 40.242779666748277 ], [ 140.277498029210733, 40.243635774571374 ], [ 140.282085227251514, 40.247002999988524 ], [ 140.282796860786561, 40.248956892246838 ], [ 140.283897977209904, 40.24971133261198 ], [ 140.284866590220986, 40.251169945736478 ], [ 140.287561556220908, 40.25357994535824 ], [ 140.288358223353384, 40.253651053853105 ], [ 140.290694358058204, 40.252093559370337 ], [ 140.293116589359215, 40.252026053559575 ], [ 140.296800466968079, 40.252952440702643 ], [ 140.300306860673118, 40.252997135209682 ], [ 140.301179637430437, 40.252540467568565 ], [ 140.302884085632058, 40.253562413974294 ], [ 140.305811024559148, 40.252238801679425 ], [ 140.307597418985779, 40.252478532158591 ], [ 140.30988571965031, 40.255172972954369 ], [ 140.309894616643305, 40.255773252433698 ], [ 140.310438222645871, 40.256384080960629 ], [ 140.310405446853906, 40.257067694318664 ], [ 140.309693217068343, 40.257292972692596 ], [ 140.309644890199593, 40.258028837560857 ], [ 140.310888755112046, 40.260418838058968 ], [ 140.311092892223314, 40.261901332680395 ], [ 140.310707886160117, 40.26233827908834 ], [ 140.311059273766546, 40.264479946192637 ], [ 140.312186225913706, 40.264830504624115 ], [ 140.313023411101653, 40.26585717067195 ], [ 140.313748145060913, 40.266211332686908 ], [ 140.314562580998427, 40.267553559149462 ], [ 140.314589805275318, 40.268514386729635 ], [ 140.315819494174434, 40.269390505367596 ], [ 140.317150610412455, 40.270137720579385 ], [ 140.318683112735584, 40.270126053674517 ], [ 140.319317833551281, 40.270612441211256 ], [ 140.319030337380241, 40.271141333405865 ], [ 140.320881167332118, 40.272474386783585 ], [ 140.323103943392312, 40.272321332963202 ], [ 140.323814189273435, 40.274954386935462 ], [ 140.323508638313115, 40.275490505182745 ], [ 140.323510558365683, 40.276847467936364 ], [ 140.322497222968536, 40.277384413559901 ], [ 140.322343061183346, 40.27791219778976 ], [ 140.323186939126003, 40.279082467581873 ], [ 140.323524694808839, 40.280527467668549 ], [ 140.324999974169486, 40.280026360028558 ], [ 140.326283021644144, 40.28028053182112 ], [ 140.32615496807739, 40.281942468170428 ], [ 140.325263553770014, 40.283534413882137 ], [ 140.32629077829688, 40.284192197811706 ], [ 140.326234942088945, 40.286586918851299 ], [ 140.327417690873745, 40.289479134954149 ], [ 140.327082411923811, 40.290199973050392 ], [ 140.327022386673889, 40.292290838351562 ], [ 140.325025422285421, 40.294629170999485 ], [ 140.324824034401786, 40.295696386579039 ], [ 140.323895382765727, 40.297155279392655 ], [ 140.324112049231758, 40.298139721371115 ], [ 140.3231412193918, 40.299995558748094 ], [ 140.323267860123678, 40.300827505385143 ], [ 140.322757302407695, 40.301905279904815 ], [ 140.324258106326624, 40.30431222542893 ], [ 140.324292554857607, 40.305088918618765 ], [ 140.325188106046312, 40.30602086537067 ], [ 140.325308948848942, 40.3068914136079 ], [ 140.325873943427837, 40.307306413859976 ], [ 140.325457808231363, 40.307686972775628 ], [ 140.325723645130211, 40.310153919268032 ], [ 140.325376939394346, 40.311728080886269 ], [ 140.328584448813331, 40.312306972688702 ], [ 140.330116939445247, 40.314589747918603 ], [ 140.333017496760135, 40.314405864439152 ], [ 140.333261945982031, 40.314673919066138 ], [ 140.33345024693142, 40.315983081054412 ], [ 140.332460803823096, 40.317811134776093 ], [ 140.332099104590043, 40.319343639797182 ], [ 140.332594383723858, 40.319995865017233 ], [ 140.333828832734525, 40.320311134950941 ], [ 140.332888806473306, 40.322763080751656 ], [ 140.334539637094622, 40.3233325323705 ], [ 140.336038520960983, 40.324673918866324 ], [ 140.336730998936559, 40.32625391888331 ], [ 140.336328781648035, 40.326832802591809 ], [ 140.336562114350158, 40.329423919378428 ], [ 140.335890972790253, 40.329968081162065 ], [ 140.335497639004871, 40.331719467679363 ], [ 140.336357639093876, 40.33256946820643 ], [ 140.336776498336803, 40.333789198013108 ], [ 140.337974280188973, 40.334962801592098 ], [ 140.338513994825121, 40.336043640101934 ], [ 140.342113695890362, 40.337909747736717 ], [ 140.34293119312008, 40.339840028294702 ], [ 140.344991440102945, 40.342318918683191 ], [ 140.346775615902061, 40.343741972613998 ], [ 140.346983942954694, 40.345033361300636 ], [ 140.350929999919572, 40.349646973329186 ], [ 140.350633333361657, 40.351985585666284 ], [ 140.350837224058751, 40.352425305583438 ], [ 140.353154136654098, 40.354891413907694 ], [ 140.353610362728091, 40.354633721269295 ], [ 140.354159415924414, 40.354421413817249 ] ] ] } },
{ "type": "Feature", "properties": { "regioncode": "0521400", "regionname": "秋田県にかほ市", "name": "にかほ市", "namekana": "にかほし", "PrefCode": "05" }, "geometry": { "type": "MultiPolygon", "coordinates": [ [ [ [ 139.878346666265656, 39.126356252439166 ], [ 139.877852698343418, 39.126353081429613 ], [ 139.8783476905935, 39.126421838197302 ], [ 139.878346666265656, 39.126356252439166 ] ] ], [ [ [ 139.883781802688077, 39.134418081029651 ], [ 139.883620414850384, 39.134635865352948 ], [ 139.883816252118436, 39.134437802262823 ], [ 139.883781802688077, 39.134418081029651 ] ] ], [ [ [ 139.883675965973111, 39.135937802187868 ], [ 139.883635694331929, 39.136219468054037 ], [ 139.883714864349599, 39.135973080793121 ], [ 139.883675965973111, 39.135937802187868 ] ] ], [ [ [ 139.881909001399322, 39.137023667008691 ], [ 139.881637886379394, 39.13701505420147 ], [ 139.881829558887148, 39.137268666615739 ], [ 139.881930660671514, 39.137068667285234 ], [ 139.881909001399322, 39.137023667008691 ] ] ], [ [ [ 139.88209678343992, 39.137513667122107 ], [ 139.881858444211844, 39.137651440561569 ], [ 139.882130946885809, 39.137558666499331 ], [ 139.88209678343992, 39.137513667122107 ] ] ], [ [ [ 139.88185066057963, 39.138747278863889 ], [ 139.881497056144326, 39.138791720661459 ], [ 139.881852335117287, 39.138776441179857 ], [ 139.88185066057963, 39.138747278863889 ] ] ], [ [ [ 139.881797055589686, 39.139913386593548 ], [ 139.881594553445893, 39.140019504796385 ], [ 139.881877613261281, 39.139937838260664 ], [ 139.881797055589686, 39.139913386593548 ] ] ], [ [ [ 139.881575110103313, 39.140988107914893 ], [ 139.881258418341417, 39.141021999765542 ], [ 139.881583995405094, 39.141020613010937 ], [ 139.881575110103313, 39.140988107914893 ] ] ], [ [ [ 139.881691504859077, 39.141292801821407 ], [ 139.881677588749767, 39.14152586472693 ], [ 139.881730388846449, 39.141323081095379 ], [ 139.881691504859077, 39.141292801821407 ] ] ], [ [ [ 139.91034236201051, 39.262817054063873 ], [ 139.909588106006368, 39.262388802301416 ], [ 139.91077019468878, 39.263128892184682 ], [ 139.910330751762899, 39.262827333314817 ], [ 139.91034236201051, 39.262817054063873 ] ] ], [ [ [ 139.932240557955424, 39.289321504683755 ], [ 139.931695888054833, 39.289038667000909 ], [ 139.932226252439705, 39.289325720705506 ], [ 139.932240557955424, 39.289321504683755 ] ] ], [ [ [ 139.94785863786592, 39.29166080230425 ], [ 139.947491608351129, 39.291784441099139 ], [ 139.947877003820736, 39.291666665883952 ], [ 139.94785863786592, 39.29166080230425 ] ] ], [ [ [ 139.957493968871631, 39.296818774866608 ], [ 139.95682204939817, 39.296183440713264 ], [ 139.957372438087646, 39.29687694571453 ], [ 139.957493968871631, 39.296818774866608 ] ] ], [ [ [ 139.996035356746347, 39.296233387261054 ], [ 139.998674553088222, 39.296382531728511 ], [ 140.000542606855902, 39.295764198359109 ], [ 140.001258469902496, 39.294828080551554 ], [ 140.002757912247944, 39.294288892018812 ], [ 139.997048171436063, 39.292866694242605 ], [ 139.995848715945499, 39.291761171141161 ], [ 139.996364577863005, 39.290602802077728 ], [ 139.996366524895279, 39.288925305658381 ], [ 139.993610661303023, 39.289595892336592 ], [ 139.99296316471839, 39.289297559334955 ], [ 139.992869857358073, 39.287640332735236 ], [ 139.992354034111486, 39.286595891587183 ], [ 139.992782633012212, 39.285918667012936 ], [ 139.994869856958417, 39.285243107983092 ], [ 139.995300440662845, 39.284814224896593 ], [ 139.996287392649151, 39.284883640867406 ], [ 139.996995720276345, 39.284123080615757 ], [ 139.998706005078134, 39.284128359636156 ], [ 139.999517419293511, 39.283204198315161 ], [ 139.999222969564471, 39.282498919389695 ], [ 140.000625188002118, 39.281248919302243 ], [ 140.00176386461078, 39.277252801575571 ], [ 140.003247470794236, 39.276066666843235 ], [ 140.004102776422087, 39.273751386517347 ], [ 140.005806393650232, 39.273929999969596 ], [ 140.006968366297087, 39.27296972097588 ], [ 140.007755032069099, 39.272840000066026 ], [ 140.008966419764533, 39.272000532398692 ], [ 140.009756446303072, 39.270910531595803 ], [ 140.01003505807148, 39.26946191893245 ], [ 140.011413942699392, 39.268602468329277 ], [ 140.011683411060631, 39.267541082155276 ], [ 140.014282866361214, 39.266980532025968 ], [ 140.016283994610717, 39.267880774977812 ], [ 140.020014034420228, 39.268467998999029 ], [ 140.021835965557443, 39.269204360293031 ], [ 140.037958637980864, 39.259530413297966 ], [ 140.03347169905976, 39.252295415101401 ], [ 140.033828949346571, 39.25098874783248 ], [ 140.032901997429349, 39.249522360068909 ], [ 140.031967003774298, 39.248708505093475 ], [ 140.033477275755786, 39.248817639622416 ], [ 140.034358391926276, 39.248542919220426 ], [ 140.034925356919757, 39.247842919315303 ], [ 140.034890636793534, 39.246950972609341 ], [ 140.03637924770419, 39.246997640228983 ], [ 140.037670116582717, 39.245541802412276 ], [ 140.038509273983891, 39.245182891976924 ], [ 140.039048469711133, 39.244216774584515 ], [ 140.041247081887377, 39.243566224801498 ], [ 140.041537665430951, 39.241785946664152 ], [ 140.04120544687396, 39.241642333027301 ], [ 140.042004616819668, 39.239114278501177 ], [ 140.044201582337223, 39.238894800754508 ], [ 140.045296614846961, 39.238216468215512 ], [ 140.046131894371456, 39.236241467969421 ], [ 140.048926641051708, 39.236013693976872 ], [ 140.052342217619298, 39.233876170948577 ], [ 140.054808949173776, 39.231527559049653 ], [ 140.058312607141147, 39.226820865390664 ], [ 140.054009584974438, 39.211478666906999 ], [ 140.05288133600493, 39.198431441158164 ], [ 140.053890531822617, 39.19361783789293 ], [ 140.052096354663149, 39.190953667377926 ], [ 140.049917717328867, 39.190192865208587 ], [ 140.047554111932754, 39.188015081331002 ], [ 140.045625498717868, 39.184938972755447 ], [ 140.045963022375645, 39.183184801937102 ], [ 140.044790533056698, 39.18109897194006 ], [ 140.044837755558092, 39.179946747944086 ], [ 140.042588028614659, 39.177619837585496 ], [ 140.042186641400463, 39.175580387424986 ], [ 140.042738300831957, 39.174390387406504 ], [ 140.047566134969202, 39.170311747888888 ], [ 140.050717834260695, 39.169793107965631 ], [ 140.053400362636694, 39.168275612629486 ], [ 140.056559001097071, 39.168209748081438 ], [ 140.056672048576274, 39.166089197958172 ], [ 140.059610415188558, 39.16307141401461 ], [ 140.060876278417595, 39.162270585719 ], [ 140.064080195044994, 39.161438891791477 ], [ 140.063515187875737, 39.159679441053413 ], [ 140.064131309812183, 39.158425558592683 ], [ 140.064295227442813, 39.156107225068411 ], [ 140.063368559711307, 39.150678332639018 ], [ 140.065758884864749, 39.144752505423867 ], [ 140.065900271780151, 39.142443053604097 ], [ 140.06512085634256, 39.138685838081017 ], [ 140.062439195812317, 39.133498640250082 ], [ 140.007766394103896, 39.123040279385464 ], [ 139.997640830959654, 39.115839225200148 ], [ 139.994446718741187, 39.105515640334602 ], [ 139.948052243915981, 39.117166693787965 ], [ 139.945653942675335, 39.112830892231955 ], [ 139.906039533197941, 39.118828306381261 ], [ 139.869589856886478, 39.11825817127766 ], [ 139.871197367164882, 39.119528171388026 ], [ 139.870973475545497, 39.119992612768897 ], [ 139.870200117041804, 39.119953171201928 ], [ 139.870344552659049, 39.120493721308264 ], [ 139.871472088466135, 39.120690946230241 ], [ 139.872140142653507, 39.121330107898189 ], [ 139.875515161595445, 39.120508134742693 ], [ 139.876913502156413, 39.120585640115223 ], [ 139.877984332111282, 39.121078973116141 ], [ 139.879191829339561, 39.123102305626958 ], [ 139.877118755326364, 39.124312305668411 ], [ 139.877117497174822, 39.125142306172563 ], [ 139.87765549950177, 39.125741973213565 ], [ 139.877230998811569, 39.125176666569985 ], [ 139.878150142814889, 39.125204252374374 ], [ 139.877963798790347, 39.125709972637196 ], [ 139.878266667073035, 39.125440197607077 ], [ 139.879998495134487, 39.126798946414283 ], [ 139.880880168884801, 39.126804505123857 ], [ 139.881121830208372, 39.127382000279169 ], [ 139.880905134964109, 39.128663107916168 ], [ 139.882563216819108, 39.129981171393979 ], [ 139.882993190783168, 39.132084504896056 ], [ 139.884644617654999, 39.132581694189867 ], [ 139.885070998827587, 39.133116693680506 ], [ 139.885082943623047, 39.133512252388584 ], [ 139.883556809399352, 39.134987802445153 ], [ 139.884062633084113, 39.135091971817076 ], [ 139.883986809443741, 39.135407251643414 ], [ 139.884358754652908, 39.135562251596696 ], [ 139.883935966271906, 39.135849198281903 ], [ 139.883954033651776, 39.136528081206052 ], [ 139.882964033863118, 39.136953081019954 ], [ 139.882183721801425, 39.137825891052103 ], [ 139.882924280231464, 39.137938919645478 ], [ 139.88277260687039, 39.138583360333882 ], [ 139.881428444167454, 39.139115613294962 ], [ 139.882660661060754, 39.139526694301537 ], [ 139.882190946954665, 39.140692532234652 ], [ 139.882418170562232, 39.1409883597251 ], [ 139.881779000800293, 39.141179469257168 ], [ 139.882970946951673, 39.141959468354855 ], [ 139.882797588238191, 39.143195865297002 ], [ 139.883310661357996, 39.143432531785948 ], [ 139.88329953314701, 39.14523446829611 ], [ 139.883892022698774, 39.145327531940097 ], [ 139.884791751238367, 39.146481972764889 ], [ 139.885033695848392, 39.147608359238461 ], [ 139.885655084214818, 39.148103918960771 ], [ 139.885442023130963, 39.148478640376993 ], [ 139.885698418047582, 39.148962802091717 ], [ 139.888982608160859, 39.150553891648826 ], [ 139.8892715045763, 39.151308612602463 ], [ 139.890192891488823, 39.151703054352538 ], [ 139.890286783408442, 39.152392775006604 ], [ 139.891659831436186, 39.152711108031269 ], [ 139.892169273992863, 39.153555801658968 ], [ 139.894160635604862, 39.155046586231038 ], [ 139.894931996714377, 39.156051027333092 ], [ 139.901209248408122, 39.169928359706091 ], [ 139.90491936373769, 39.181374775125846 ], [ 139.905047639437043, 39.183183559074052 ], [ 139.904481750032801, 39.186121279073802 ], [ 139.9053788849277, 39.187671748052765 ], [ 139.906200635950654, 39.190295252124258 ], [ 139.9059289489619, 39.192831666748077 ], [ 139.906148339474385, 39.193174641196777 ], [ 139.905020998820078, 39.197346332667166 ], [ 139.904075474103934, 39.199157333444248 ], [ 139.902802242729422, 39.200111252432407 ], [ 139.901982140163682, 39.199635198105966 ], [ 139.899099752751454, 39.200758865029627 ], [ 139.899132917949828, 39.201096108098966 ], [ 139.897253256632553, 39.201107775003891 ], [ 139.899289390093372, 39.201188614163243 ], [ 139.899181894129129, 39.200843720561295 ], [ 139.900471829511389, 39.200302693814308 ], [ 139.900943995169314, 39.201095027113865 ], [ 139.899572438217547, 39.201530027388912 ], [ 139.897007639191315, 39.201512414166643 ], [ 139.897300972861672, 39.203119667238923 ], [ 139.894155914164116, 39.203591802319863 ], [ 139.893862282818191, 39.202532332601095 ], [ 139.895006860778039, 39.20234238679177 ], [ 139.894922437820355, 39.202074172085418 ], [ 139.895635226984155, 39.201949197797319 ], [ 139.895712139703505, 39.202780720853639 ], [ 139.896775551150881, 39.202599080283392 ], [ 139.896742994793385, 39.201553532069909 ], [ 139.895969364694452, 39.201442026928078 ], [ 139.896257664859377, 39.20049058557214 ], [ 139.895861440652993, 39.201304775095366 ], [ 139.892837081765947, 39.202455053857705 ], [ 139.892525551213339, 39.204439836928998 ], [ 139.893698715923051, 39.205241360400521 ], [ 139.89419644570944, 39.20704089212353 ], [ 139.893688910614742, 39.208050837975861 ], [ 139.892676588753602, 39.208634586117284 ], [ 139.89240814561947, 39.209166505429948 ], [ 139.893312088382231, 39.209672026043222 ], [ 139.893759857231657, 39.211788135314237 ], [ 139.892075913572626, 39.212887945922034 ], [ 139.894772501949433, 39.211274081034048 ], [ 139.894507302669922, 39.212648108423537 ], [ 139.893604227752917, 39.212928278717129 ], [ 139.893307664617055, 39.212649252361132 ], [ 139.893624085683086, 39.212384080960646 ], [ 139.892976809432298, 39.212687306274233 ], [ 139.893048974630574, 39.21306758550071 ], [ 139.892584838119888, 39.212930612457853 ], [ 139.894324422833961, 39.214600586048277 ], [ 139.896555550898029, 39.214431864239202 ], [ 139.896893165387382, 39.215338639866388 ], [ 139.896182165874279, 39.21641138717581 ], [ 139.897480026082349, 39.217442171219261 ], [ 139.89753810609875, 39.217917080708787 ], [ 139.896285863102207, 39.218218694437269 ], [ 139.897012696978436, 39.218502251577718 ], [ 139.897831115113945, 39.21803789203517 ], [ 139.898608391963762, 39.218541918874507 ], [ 139.898830895029846, 39.218811585985975 ], [ 139.898245226835797, 39.219118946382309 ], [ 139.898202671815966, 39.219515586075488 ], [ 139.899522697614429, 39.219570864703712 ], [ 139.898761024901432, 39.220176225352589 ], [ 139.898814863715074, 39.220744971903002 ], [ 139.900653721891786, 39.221167135255143 ], [ 139.900897638715151, 39.222075559339658 ], [ 139.902039637419421, 39.222742359872086 ], [ 139.902042633061114, 39.223821720795854 ], [ 139.902973307272418, 39.224110306045816 ], [ 139.903584112416866, 39.225811135375636 ], [ 139.90367408599036, 39.227127666408705 ], [ 139.904258417791766, 39.227504440977214 ], [ 139.905097977189939, 39.230326251855104 ], [ 139.905848340028911, 39.231560108212477 ], [ 139.906263138832855, 39.233767774763066 ], [ 139.909471167160746, 39.238566693897837 ], [ 139.910454086586924, 39.237530999556043 ], [ 139.909660855763946, 39.238649640168831 ], [ 139.911078885182519, 39.24085550537734 ], [ 139.911881024689592, 39.242924134940949 ], [ 139.912676394100345, 39.243819775162535 ], [ 139.91114732898609, 39.245543108227935 ], [ 139.911123528428107, 39.246175837944634 ], [ 139.911466030732754, 39.246198892065252 ], [ 139.911658340859844, 39.245269081203162 ], [ 139.91296347568391, 39.245650414435147 ], [ 139.913728469593252, 39.247287197646131 ], [ 139.913537030010048, 39.247859838260979 ], [ 139.914740363377177, 39.24864366667191 ], [ 139.914966978143639, 39.24914141444475 ], [ 139.914887691214062, 39.249967919284074 ], [ 139.913891608411063, 39.250123838344507 ], [ 139.912613190646312, 39.252385919274786 ], [ 139.912927224012265, 39.253016360216918 ], [ 139.912529922418003, 39.253746748213928 ], [ 139.909714449062676, 39.254320693745058 ], [ 139.911201919632958, 39.253994774938974 ], [ 139.911141996905712, 39.254726585663434 ], [ 139.911281673310668, 39.253973972720701 ], [ 139.912532606894388, 39.253807748328995 ], [ 139.912165006310033, 39.255186305603559 ], [ 139.912755356374646, 39.255299693925792 ], [ 139.912412580676119, 39.255862027410672 ], [ 139.911700245669863, 39.25583246759436 ], [ 139.911809376601468, 39.256049721317652 ], [ 139.911482866041524, 39.256144883079969 ], [ 139.910430000044585, 39.255126197615994 ], [ 139.911080778255382, 39.256021252378957 ], [ 139.910877223904777, 39.256623999597934 ], [ 139.910113358644594, 39.256485441050302 ], [ 139.910895811092928, 39.256671332715882 ], [ 139.910757742675742, 39.257175035799321 ], [ 139.910425253422773, 39.257114505130346 ], [ 139.909838949408027, 39.259056666631921 ], [ 139.908183644659516, 39.258675998898298 ], [ 139.908823864829515, 39.255755667290259 ], [ 139.909325862798369, 39.255759440845566 ], [ 139.908812970442341, 39.255675107820025 ], [ 139.907622581017336, 39.254319414009785 ], [ 139.908699415745559, 39.255728774863144 ], [ 139.907890078064725, 39.258408305798753 ], [ 139.908043165160052, 39.258793080736154 ], [ 139.909820726445446, 39.259111107991316 ], [ 139.911129921708607, 39.26211150534175 ], [ 139.910957497390655, 39.26254250453303 ], [ 139.911197173011146, 39.262082747720683 ], [ 139.911018689960656, 39.261659134661386 ], [ 139.911895331104688, 39.261434838347157 ], [ 139.912029300411973, 39.261778640172167 ], [ 139.91225641969811, 39.262637278687521 ], [ 139.91176963735893, 39.262986640121369 ], [ 139.911291218714837, 39.26290446816671 ], [ 139.911695330874863, 39.26346663977364 ], [ 139.911191997412857, 39.264179865108758 ], [ 139.911122022963013, 39.265691666837029 ], [ 139.911307756347924, 39.26617838712292 ], [ 139.912327690970187, 39.266291054188855 ], [ 139.912906809401761, 39.266906278601937 ], [ 139.914061829389993, 39.269164532017612 ], [ 139.914488754652325, 39.271162532424967 ], [ 139.91549783355822, 39.27217235956681 ], [ 139.915316471777828, 39.274425639731533 ], [ 139.915728144538321, 39.275572440815552 ], [ 139.916337859704527, 39.275679586044134 ], [ 139.918141050768895, 39.278435694251925 ], [ 139.919092802390992, 39.279215053931637 ], [ 139.919516056620751, 39.280839000219714 ], [ 139.922682088407669, 39.281857945587774 ], [ 139.924265446493223, 39.28408436030503 ], [ 139.925103773820183, 39.284590666925794 ], [ 139.925820143185092, 39.285612973060324 ], [ 139.927156277640165, 39.285725080747909 ], [ 139.928287249756863, 39.286354802232381 ], [ 139.92894105058906, 39.287396333174286 ], [ 139.928916524278293, 39.287634864857182 ], [ 139.928088003158905, 39.287810387339562 ], [ 139.928115939698955, 39.288108134882577 ], [ 139.930626471834216, 39.289201721282438 ], [ 139.931166420294176, 39.289238586291788 ], [ 139.931851309790204, 39.288606387175093 ], [ 139.93182500641899, 39.289076693934305 ], [ 139.936971855266961, 39.289485945719889 ], [ 139.937819078687539, 39.289953000530602 ], [ 139.937439248222745, 39.289403918556047 ], [ 139.938754280086073, 39.288820504962359 ], [ 139.943763061416234, 39.29004117096332 ], [ 139.944989689023032, 39.28935499993338 ], [ 139.946671414054549, 39.289368918740649 ], [ 139.947696524275216, 39.289790278998225 ], [ 139.94733555079506, 39.290186585942251 ], [ 139.947916226852499, 39.290507892125561 ], [ 139.949073475360706, 39.290589666579876 ], [ 139.947951750972607, 39.290485026862541 ], [ 139.948020362949478, 39.289941359706063 ], [ 139.949974137396566, 39.290033586081165 ], [ 139.95116542164692, 39.290408224759801 ], [ 139.95158600489026, 39.290887387143243 ], [ 139.953443256001492, 39.291030251644827 ], [ 139.954335473403489, 39.291674026834926 ], [ 139.956229027447762, 39.291775053975641 ], [ 139.956917223750906, 39.293040468442939 ], [ 139.957812944012176, 39.293268333267008 ], [ 139.95780389143647, 39.295839054328951 ], [ 139.9580908300278, 39.294663134995744 ], [ 139.957832529447728, 39.29344594577384 ], [ 139.959094694664486, 39.293387414297797 ], [ 139.959594357993296, 39.294057386739041 ], [ 139.959867522568175, 39.293735774786228 ], [ 139.959561699113237, 39.293877441390862 ], [ 139.95900552508499, 39.293183332944523 ], [ 139.959118053655288, 39.292917198370048 ], [ 139.958040921251609, 39.293078891977359 ], [ 139.958023267559838, 39.292532532250618 ], [ 139.959193138952287, 39.292826413608168 ], [ 139.959615108950175, 39.29258258581774 ], [ 139.96085552496254, 39.293125612656979 ], [ 139.960411633989793, 39.293544468302628 ], [ 139.960959053117904, 39.293068198138883 ], [ 139.961588145076917, 39.293660945796091 ], [ 139.960931595916463, 39.294170648256852 ], [ 139.960188364701366, 39.294105170417311 ], [ 139.960902983086271, 39.29419554958497 ], [ 139.959941555658361, 39.294886837757417 ], [ 139.95886605732278, 39.294907053617692 ], [ 139.959342826610168, 39.295021414107055 ], [ 139.958801050727971, 39.296896505069697 ], [ 139.959437419101619, 39.295022414153152 ], [ 139.961190920824379, 39.294012251564197 ], [ 139.964750921318, 39.294483278680445 ], [ 139.965188248139157, 39.294968306442229 ], [ 139.966084086211708, 39.295135774596361 ], [ 139.966476005363461, 39.295813467717437 ], [ 139.968076938899685, 39.296949865443992 ], [ 139.968350388559656, 39.2977546669444 ], [ 139.970190219802817, 39.299618748406544 ], [ 139.970385005763433, 39.300287504964444 ], [ 139.971624695123637, 39.300858945883704 ], [ 139.972681025309157, 39.302723917674712 ], [ 139.974329389989407, 39.304230360342899 ], [ 139.980115226936277, 39.313091449710669 ], [ 139.987162723680854, 39.309560640311361 ], [ 139.988279688856665, 39.307783972952052 ], [ 139.990318611115072, 39.306808386597822 ], [ 139.990473060683257, 39.305577559157086 ], [ 139.9899208301822, 39.303639531838996 ], [ 139.990233644966793, 39.302578946960864 ], [ 139.991447807970076, 39.301799505442887 ], [ 139.992477562289764, 39.300566999867215 ], [ 139.993511166607163, 39.299053666593466 ], [ 139.993533671241948, 39.298032559255262 ], [ 139.995799805416709, 39.296328108355567 ], [ 139.996035356746347, 39.296233387261054 ] ] ] ] } },
{ "type": "Feature", "properties": { "regioncode": "0521500", "regionname": "秋田県仙北市", "name": "仙北市", "namekana": "せんぼくし", "PrefCode": "05" }, "geometry": { "type": "Polygon", "coordinates": [ [ [ 140.735074447827515, 39.99747008137922 ], [ 140.736884721053116, 39.996740332800186 ], [ 140.738513890603599, 39.997185891116033 ], [ 140.739160272029039, 39.996652558968492 ], [ 140.740130026279758, 39.994625306312912 ], [ 140.742196419229458, 39.992954748163129 ], [ 140.742346160846751, 39.991810865379193 ], [ 140.743817833925959, 39.990831946137462 ], [ 140.74405452739461, 39.989746387086143 ], [ 140.745497301659157, 39.9881555592317 ], [ 140.746522866037481, 39.987925802234031 ], [ 140.747965083621807, 39.988241639640023 ], [ 140.749495641610679, 39.988107467085968 ], [ 140.7512778856659, 39.986906613149756 ], [ 140.752372892095309, 39.985579667068009 ], [ 140.753913190641356, 39.984632413854854 ], [ 140.753951803033374, 39.983297414344236 ], [ 140.755075719968545, 39.981104639667421 ], [ 140.750960779316529, 39.978157721401772 ], [ 140.749518885488214, 39.973943559447775 ], [ 140.750032217612784, 39.972884387404633 ], [ 140.751204448826343, 39.97170602731137 ], [ 140.754721140668153, 39.96983350481247 ], [ 140.756823087415569, 39.969580171187999 ], [ 140.758043670678944, 39.96757402741946 ], [ 140.757028145432628, 39.966171252301478 ], [ 140.757260362975444, 39.965149585584982 ], [ 140.756660116771059, 39.964150134820898 ], [ 140.756999273597671, 39.963821802234463 ], [ 140.763518443821226, 39.962299803093515 ], [ 140.767771478970644, 39.963142838371368 ], [ 140.767974527002934, 39.964134802279375 ], [ 140.77072561609441, 39.965059504992212 ], [ 140.771462023253889, 39.964238945570912 ], [ 140.772740636171534, 39.963575306155519 ], [ 140.774882282591307, 39.963985307076314 ], [ 140.776025330804487, 39.963717252449271 ], [ 140.777400610050222, 39.964045279266259 ], [ 140.778597275843708, 39.963679441353179 ], [ 140.781332284157656, 39.964065802694677 ], [ 140.785171698615045, 39.965300775110734 ], [ 140.789886640855912, 39.968019666674309 ], [ 140.792536588592725, 39.970667972249146 ], [ 140.798625746181301, 39.97047655964559 ], [ 140.799746304148698, 39.970275721247617 ], [ 140.800317134428269, 39.96974319669124 ], [ 140.801240466574313, 39.969502360045908 ], [ 140.801565162302495, 39.970538198279257 ], [ 140.803020725825945, 39.971529585721839 ], [ 140.80335652368467, 39.97334264055047 ], [ 140.804975422078087, 39.973596801551196 ], [ 140.81098897456161, 39.975615108650402 ], [ 140.813608418194008, 39.975874251895277 ], [ 140.814328689717286, 39.975622027134875 ], [ 140.815095913945356, 39.97475786498353 ], [ 140.818005356562026, 39.973958945948652 ], [ 140.818893968581847, 39.973202558551293 ], [ 140.81977369619915, 39.971733667974434 ], [ 140.821973411843601, 39.971417252304377 ], [ 140.82682783443704, 39.969890865371212 ], [ 140.832002826669168, 39.966031666728099 ], [ 140.836302554619238, 39.96519886573509 ], [ 140.838054228020269, 39.965409693802371 ], [ 140.83979810609776, 39.964218837629289 ], [ 140.841386420347135, 39.96363661293941 ], [ 140.842790336704752, 39.96235161213724 ], [ 140.843996692693281, 39.962258278696652 ], [ 140.844718392340042, 39.96109355862086 ], [ 140.847935305070337, 39.959332973837718 ], [ 140.847891142062622, 39.958736865414039 ], [ 140.848306977784887, 39.958238801979178 ], [ 140.850247249810764, 39.958119918799241 ], [ 140.851477004360277, 39.957439892836817 ], [ 140.852481440066526, 39.957537945919512 ], [ 140.853959222240405, 39.957031559259121 ], [ 140.85452505768535, 39.956413504679574 ], [ 140.854853410956252, 39.954906531411325 ], [ 140.857382335126772, 39.952618720877297 ], [ 140.855771529732351, 39.951206224987345 ], [ 140.856550999129354, 39.94974817124114 ], [ 140.856034617403679, 39.947824000677144 ], [ 140.857031893607086, 39.944727026930821 ], [ 140.856918002563816, 39.944201197827056 ], [ 140.855448029203217, 39.942718973002229 ], [ 140.853163865420129, 39.941640918793439 ], [ 140.853277781644351, 39.9402800808611 ], [ 140.852857523056286, 39.939250080127124 ], [ 140.853085305142827, 39.938265891757567 ], [ 140.852223385001253, 39.936129504573046 ], [ 140.853063696232653, 39.934435055033816 ], [ 140.857071219161526, 39.931068332337702 ], [ 140.857571245816416, 39.930081946025041 ], [ 140.857458781097989, 39.928196919352388 ], [ 140.855834358169204, 39.925686918716394 ], [ 140.856082723938584, 39.924435801670938 ], [ 140.854694942317792, 39.923289134585957 ], [ 140.858609688486354, 39.920240467923293 ], [ 140.865296692888137, 39.916242918475973 ], [ 140.866870336496845, 39.913044558759452 ], [ 140.868054254400363, 39.911660920315285 ], [ 140.868197302363683, 39.910427585564662 ], [ 140.867937055650714, 39.90960535969964 ], [ 140.868340388997808, 39.907780332196637 ], [ 140.867846549678575, 39.903407802328275 ], [ 140.868077134052555, 39.902340586748721 ], [ 140.867157690575027, 39.90133253217067 ], [ 140.867261894121157, 39.900199170555311 ], [ 140.871356912991246, 39.896899135286901 ], [ 140.872826083257223, 39.896196054304539 ], [ 140.874764422640055, 39.894229360196846 ], [ 140.874643060928634, 39.893160747970171 ], [ 140.876944474607853, 39.88999736019008 ], [ 140.878965887965478, 39.885583721411649 ], [ 140.879632022999544, 39.883323693633599 ], [ 140.879753450361477, 39.881279505844589 ], [ 140.879352089227609, 39.87822613482831 ], [ 140.878655693805285, 39.877187252389831 ], [ 140.877989922097299, 39.874355306152495 ], [ 140.873772995627291, 39.87311838670422 ], [ 140.871516640680511, 39.871478667206759 ], [ 140.870149727827766, 39.87100813471767 ], [ 140.86808752302079, 39.871070080919537 ], [ 140.866267250233477, 39.871585666745204 ], [ 140.8633450579282, 39.871386802359098 ], [ 140.85847372178489, 39.870325468345754 ], [ 140.857337638821036, 39.869605197721739 ], [ 140.856283799757648, 39.867288251851392 ], [ 140.853521362121228, 39.865791612692817 ], [ 140.852924422723959, 39.865787440737847 ], [ 140.847990245553433, 39.867730559118058 ], [ 140.845251919640418, 39.86946169380218 ], [ 140.845043021518336, 39.870195332848368 ], [ 140.843089143649081, 39.871334504983452 ], [ 140.844733527930089, 39.872756720746111 ], [ 140.844658520874077, 39.873291441446895 ], [ 140.844241025003384, 39.873574225170387 ], [ 140.837962723800729, 39.875672359691691 ], [ 140.83543442286043, 39.874777640375839 ], [ 140.832486938921193, 39.875144613233374 ], [ 140.83215302334338, 39.875562666683777 ], [ 140.832846057099914, 39.876766278840762 ], [ 140.83404856039283, 39.877622106974684 ], [ 140.834991828710031, 39.878941559005796 ], [ 140.8350504402257, 39.879327666738504 ], [ 140.834031803325161, 39.881213532478569 ], [ 140.832485966754007, 39.882417134743037 ], [ 140.830258495333396, 39.882018000330504 ], [ 140.829473502300402, 39.882166053920287 ], [ 140.828722386728828, 39.883117721006045 ], [ 140.828380143428944, 39.885022747701726 ], [ 140.827311531202213, 39.885285532301509 ], [ 140.825817366977958, 39.886238053743227 ], [ 140.823855447371102, 39.885723054275559 ], [ 140.823371582432628, 39.883502774733302 ], [ 140.822152723169665, 39.88271055924497 ], [ 140.81977358018662, 39.882568917821345 ], [ 140.818421362256117, 39.882015865339952 ], [ 140.816818884583881, 39.882498667279719 ], [ 140.815925863188113, 39.880780053856427 ], [ 140.816142827329713, 39.879589505251545 ], [ 140.815650336993485, 39.879351441216102 ], [ 140.81397758719595, 39.879096171351307 ], [ 140.807726497679823, 39.879257613148354 ], [ 140.799227367449134, 39.881636278591429 ], [ 140.79757350161583, 39.880905748501561 ], [ 140.796526329226822, 39.877786306093185 ], [ 140.792416161276833, 39.874751052818908 ], [ 140.791324772820076, 39.874275225121607 ], [ 140.789692865733286, 39.874462170792583 ], [ 140.788094254246516, 39.874198585796137 ], [ 140.786363722108149, 39.873034134617683 ], [ 140.78617625213235, 39.871920532006982 ], [ 140.784588781447155, 39.871401919063373 ], [ 140.78406105117665, 39.869166081249716 ], [ 140.78223635462416, 39.867848586143396 ], [ 140.782741115310273, 39.865809135083566 ], [ 140.782691725442874, 39.863389972269431 ], [ 140.783368690112979, 39.862024413795723 ], [ 140.783085668069134, 39.86064886385401 ], [ 140.785374838378175, 39.860155504772763 ], [ 140.787651219428312, 39.85895105444763 ], [ 140.78388603141525, 39.856314413979078 ], [ 140.788591089207443, 39.85233713525065 ], [ 140.788714163228065, 39.850932973378065 ], [ 140.789095863383409, 39.850183532344204 ], [ 140.789194188960664, 39.849149359655257 ], [ 140.787593994667191, 39.846521054103391 ], [ 140.786917108238072, 39.84414938718453 ], [ 140.786166588917013, 39.843039666947107 ], [ 140.785010219945775, 39.842270504680073 ], [ 140.786326912856794, 39.83987994570299 ], [ 140.785859753724708, 39.836967440894739 ], [ 140.786042308905508, 39.834562721192697 ], [ 140.784662048314999, 39.833344945612794 ], [ 140.783018495007582, 39.831239414167669 ], [ 140.783418858793311, 39.828348306029568 ], [ 140.785023580274128, 39.827408865227028 ], [ 140.788287470890168, 39.82649605424956 ], [ 140.787240558405074, 39.825364666646124 ], [ 140.786648949289656, 39.82339938717206 ], [ 140.788565058330846, 39.823229107737177 ], [ 140.791899222870939, 39.821670748106612 ], [ 140.794965887665626, 39.82100269391924 ], [ 140.796690362869981, 39.819658774932577 ], [ 140.798367587694088, 39.819024332906679 ], [ 140.799203747654929, 39.816845721652783 ], [ 140.801570701226979, 39.816501251631507 ], [ 140.804002087626259, 39.815105693572946 ], [ 140.804873190745184, 39.815245135254827 ], [ 140.805579831244245, 39.815980667373935 ], [ 140.808340363217212, 39.816551773745402 ], [ 140.809654773648958, 39.817769251649679 ], [ 140.81134503234739, 39.818327306160313 ], [ 140.813086977781836, 39.817845613084614 ], [ 140.815288948925968, 39.815968360151771 ], [ 140.818476666964671, 39.816577224559296 ], [ 140.821319441938726, 39.815423027450834 ], [ 140.823028911055417, 39.814167197957886 ], [ 140.824097302048926, 39.811173585992265 ], [ 140.825033995422586, 39.809740504620663 ], [ 140.826676783406924, 39.809513000424658 ], [ 140.828615914193165, 39.810007694099852 ], [ 140.832510661238075, 39.8069254413561 ], [ 140.834876782937272, 39.80660846810639 ], [ 140.838212606726529, 39.805009837733849 ], [ 140.839707860029762, 39.805567865264834 ], [ 140.841647301981425, 39.804920892085534 ], [ 140.842550947068617, 39.803094225118457 ], [ 140.843307055676178, 39.80238394596239 ], [ 140.84370152980182, 39.800963386750936 ], [ 140.845755719850672, 39.799986414541422 ], [ 140.847201828801417, 39.798261387153332 ], [ 140.847464915573482, 39.797601945773238 ], [ 140.847136329378145, 39.796891386927996 ], [ 140.847530804403164, 39.795433054391992 ], [ 140.847268053977587, 39.794253332725191 ], [ 140.848270557939941, 39.793251387241753 ], [ 140.848056692862201, 39.792820000442703 ], [ 140.846249195843825, 39.792528081405862 ], [ 140.845871166721054, 39.791779748336751 ], [ 140.843965084221281, 39.79139950508312 ], [ 140.840037976871145, 39.78850733304705 ], [ 140.836965032110584, 39.784372359996496 ], [ 140.836915887758096, 39.783586252703458 ], [ 140.834829001057642, 39.781886278628917 ], [ 140.834631803115258, 39.780884612834654 ], [ 140.830391607586648, 39.778753838319062 ], [ 140.828025576719028, 39.776242198218938 ], [ 140.82557647187673, 39.774327252001115 ], [ 140.822207613290743, 39.774542838381365 ], [ 140.819528521224356, 39.771853720672709 ], [ 140.81795114093245, 39.767629837946743 ], [ 140.81612674385417, 39.765485972899398 ], [ 140.81673483844213, 39.764179586218972 ], [ 140.816126808605418, 39.762885693819783 ], [ 140.812939363960595, 39.761071864674875 ], [ 140.811213580242566, 39.759676892074935 ], [ 140.808468911411182, 39.759372467965079 ], [ 140.805330362906034, 39.756645279256304 ], [ 140.807006718985008, 39.753132747678194 ], [ 140.806080635812805, 39.74904827875514 ], [ 140.806001750880114, 39.74733241365999 ], [ 140.803727301573758, 39.744752134603402 ], [ 140.801860389045828, 39.743949639864013 ], [ 140.797522581102271, 39.741176585730898 ], [ 140.786861996883658, 39.737955775338833 ], [ 140.783221414436753, 39.738219667004103 ], [ 140.780816109276088, 39.737986053713485 ], [ 140.779975005742017, 39.736756613027296 ], [ 140.774822476775967, 39.73455272093139 ], [ 140.775137755702872, 39.732856613042316 ], [ 140.777635279144874, 39.732937694119357 ], [ 140.779265007174445, 39.732521306213357 ], [ 140.781946977970733, 39.731302386695859 ], [ 140.782696419903914, 39.730144612983565 ], [ 140.783997523966605, 39.72907791901082 ], [ 140.783300856049777, 39.727127919018301 ], [ 140.783340583601102, 39.725685667259768 ], [ 140.785903644237806, 39.725025108022351 ], [ 140.786192802356027, 39.724314251501539 ], [ 140.787139195817304, 39.723491468056864 ], [ 140.788230025795087, 39.723349531655629 ], [ 140.788716419627121, 39.722902558706153 ], [ 140.787822801980838, 39.721551440646522 ], [ 140.788295862464111, 39.719692532084764 ], [ 140.789281414206016, 39.719246134701393 ], [ 140.789452244025938, 39.717732224962276 ], [ 140.789820311358312, 39.717386945551141 ], [ 140.79010975366225, 39.716036386869803 ], [ 140.791923917355007, 39.715528305886664 ], [ 140.792318366299583, 39.713902999823631 ], [ 140.793330311344903, 39.713232720713563 ], [ 140.794460583788918, 39.709595999955468 ], [ 140.795118079935492, 39.709595999955468 ], [ 140.796826692897639, 39.710429053657947 ], [ 140.799126135263009, 39.710815441079774 ], [ 140.80076863816214, 39.710459864431243 ], [ 140.805303086468371, 39.71079510830765 ], [ 140.806393891265088, 39.710429532097294 ], [ 140.808023890889899, 39.70897700108776 ], [ 140.809903606166586, 39.708022531714505 ], [ 140.810350830026891, 39.705381107751975 ], [ 140.809154449318498, 39.703471386595254 ], [ 140.80891805442468, 39.701846387201044 ], [ 140.809916667020616, 39.701399414251625 ], [ 140.81019333265624, 39.699672748298724 ], [ 140.809891387977245, 39.698443838212597 ], [ 140.811034721275405, 39.697559945834882 ], [ 140.811350271797664, 39.695537973099022 ], [ 140.812875279170839, 39.693821838207327 ], [ 140.815609442122081, 39.692379278880651 ], [ 140.81571472125745, 39.690969278609373 ], [ 140.819578585583372, 39.689403666845806 ], [ 140.821103864551787, 39.687900585843408 ], [ 140.822575811024876, 39.688174748665745 ], [ 140.821773864872057, 39.686122775445767 ], [ 140.81921080423524, 39.68404058590437 ], [ 140.819210830315683, 39.682059721179257 ], [ 140.818409169247843, 39.680099441036418 ], [ 140.818632503287517, 39.679672747799145 ], [ 140.819657780781995, 39.679164972585454 ], [ 140.819552776839259, 39.678423585879841 ], [ 140.820328884570472, 39.677590774994314 ], [ 140.819553332620217, 39.675051333252497 ], [ 140.821866939307824, 39.673263802082829 ], [ 140.821433061386756, 39.672014332595438 ], [ 140.821538365703077, 39.670571838019953 ], [ 140.82256780795808, 39.66912597278548 ], [ 140.822284188764343, 39.667749585574938 ], [ 140.822980610266995, 39.665451773680445 ], [ 140.821925615574742, 39.663952054343895 ], [ 140.821456782804376, 39.659158135439668 ], [ 140.820814863815031, 39.658440918913357 ], [ 140.820814358395978, 39.654344251585997 ], [ 140.820171854847331, 39.653132306310965 ], [ 140.822304136626713, 39.649953360259417 ], [ 140.821532191857273, 39.649279505444895 ], [ 140.819811115190873, 39.648536440604289 ], [ 140.818396136272781, 39.646948108368576 ], [ 140.815346977680974, 39.646117026879324 ], [ 140.815684227944871, 39.644193413894982 ], [ 140.813702891974913, 39.641730080878574 ], [ 140.813517886141653, 39.640469252054402 ], [ 140.812700700077357, 39.639389802997073 ], [ 140.811720440845761, 39.636699532357568 ], [ 140.809848249297374, 39.634313972711709 ], [ 140.807105253204895, 39.632196748281387 ], [ 140.807323333405179, 39.629947306423105 ], [ 140.80866141399315, 39.62720338672699 ], [ 140.808127562037384, 39.62596172065696 ], [ 140.808388145096842, 39.624263108155958 ], [ 140.80747341136896, 39.623576170004299 ], [ 140.806690077585131, 39.623630613162334 ], [ 140.805937860343988, 39.623148667377166 ], [ 140.804598445162128, 39.6210273060654 ], [ 140.802571803146293, 39.61884841422301 ], [ 140.803890467371275, 39.6166250536034 ], [ 140.805013580312561, 39.612813359848758 ], [ 140.804872192497783, 39.612009197766326 ], [ 140.803456913205991, 39.611254504691715 ], [ 140.803728612785335, 39.610439468007087 ], [ 140.802857497075934, 39.609382802374455 ], [ 140.799927561607774, 39.606290053643136 ], [ 140.797739222387236, 39.605157558974213 ], [ 140.797540920976758, 39.604089224638074 ], [ 140.7962984176379, 39.603153414398605 ], [ 140.794250921243133, 39.602707305697663 ], [ 140.792519221784687, 39.603294839085606 ], [ 140.787485888063316, 39.603176252681976 ], [ 140.785176420055791, 39.603816560086216 ], [ 140.782195862649019, 39.60396880181878 ], [ 140.781857275992593, 39.602006865124793 ], [ 140.779363410992687, 39.600012694030681 ], [ 140.778753139146147, 39.598367135235151 ], [ 140.778585382309643, 39.595872414080702 ], [ 140.779177082256638, 39.594926865082812 ], [ 140.779295719921606, 39.593440468303015 ], [ 140.78056016941639, 39.591744613123467 ], [ 140.780661854860796, 39.590326000044911 ], [ 140.778141024588649, 39.590207412741961 ], [ 140.775943773986, 39.590950467689993 ], [ 140.774251284069578, 39.590933278947716 ], [ 140.771898494819766, 39.590187721186453 ], [ 140.770069922189236, 39.588497747573058 ], [ 140.766503217249692, 39.588497504756106 ], [ 140.764268780579869, 39.587854170233811 ], [ 140.763525162656151, 39.587161945867138 ], [ 140.762158248904143, 39.584717252199482 ], [ 140.762416329150369, 39.583714197851975 ], [ 140.7621782750075, 39.582623640368752 ], [ 140.760503865061423, 39.580970585724003 ], [ 140.760109417015997, 39.579590306247667 ], [ 140.758069170056274, 39.576780585855431 ], [ 140.756498054441749, 39.575866720872511 ], [ 140.756012801849351, 39.574033945710084 ], [ 140.75524308739864, 39.572305613313461 ], [ 140.754435577140271, 39.571701440669017 ], [ 140.754296719118315, 39.570719505101124 ], [ 140.751146161066572, 39.570405639908415 ], [ 140.747131141389104, 39.568970386674039 ], [ 140.745609196207511, 39.568172614274772 ], [ 140.744152826891536, 39.566900387442956 ], [ 140.740256420597348, 39.565337360330943 ], [ 140.736334720870786, 39.564994613410761 ], [ 140.730359414755299, 39.565842720864907 ], [ 140.728586615380095, 39.567447721135466 ], [ 140.728214384186572, 39.568193838275079 ], [ 140.728214358106243, 39.569484108205074 ], [ 140.727399078604662, 39.571062170183041 ], [ 140.727563216569251, 39.574795801884818 ], [ 140.72732128365044, 39.575531919462549 ], [ 140.726033476064117, 39.575870251610866 ], [ 140.724569299733503, 39.577127467858418 ], [ 140.7234967826505, 39.577590837247385 ], [ 140.72139983073771, 39.577754720703865 ], [ 140.720108690263942, 39.578240279065653 ], [ 140.718995641635615, 39.579903639041788 ], [ 140.716375057662844, 39.581577801674257 ], [ 140.715592243687183, 39.582649504870801 ], [ 140.713396135223547, 39.582291721285969 ], [ 140.712091699172674, 39.581519225232114 ], [ 140.710774188777805, 39.581201722281719 ], [ 140.708009467762736, 39.580945640329105 ], [ 140.705248053554897, 39.582264559062196 ], [ 140.704566109338543, 39.582901504800645 ], [ 140.701944135913209, 39.583370387033767 ], [ 140.700083553713057, 39.586286251709225 ], [ 140.697582438378845, 39.58684208219637 ], [ 140.696069636604534, 39.588631000120586 ], [ 140.695190751651921, 39.589089053616988 ], [ 140.694403529199576, 39.588710171936953 ], [ 140.691309661711557, 39.585677944881297 ], [ 140.69028022035593, 39.584009892242761 ], [ 140.690206886938313, 39.582461278565233 ], [ 140.688914695157109, 39.581506305571622 ], [ 140.688304137326099, 39.580580747603449 ], [ 140.687358859024243, 39.580045467524371 ], [ 140.687263306956083, 39.578760749109335 ], [ 140.686389415938834, 39.577536585644964 ], [ 140.685735811158793, 39.577798532076656 ], [ 140.679875252241118, 39.577414946942326 ], [ 140.677967756007206, 39.57791827860575 ], [ 140.674046328775148, 39.578073586127175 ], [ 140.669899364164394, 39.580901945868163 ], [ 140.667659364288284, 39.581189171343226 ], [ 140.667132944329978, 39.582382774945188 ], [ 140.663578495351317, 39.582922252160245 ], [ 140.662405446654134, 39.582527802316292 ], [ 140.661363773619314, 39.581585864995702 ], [ 140.65878267168307, 39.580664505062884 ], [ 140.657436277762031, 39.579387558589019 ], [ 140.655336549642129, 39.579015613379909 ], [ 140.653754060301708, 39.579354252197049 ], [ 140.652797950565059, 39.579223134640017 ], [ 140.651383773842099, 39.57968313516858 ], [ 140.650967081965291, 39.580110359905234 ], [ 140.648796251645763, 39.579529801659078 ], [ 140.646943216556224, 39.57813872132499 ], [ 140.64634933935065, 39.57682122531935 ], [ 140.645428223134104, 39.576065387407766 ], [ 140.645077664702512, 39.57535344000928 ], [ 140.643111283558937, 39.574987054409064 ], [ 140.640753255758227, 39.571203998665681 ], [ 140.639316861284215, 39.570908467951483 ], [ 140.638764643373634, 39.57034402735502 ], [ 140.63626075183231, 39.569489026597353 ], [ 140.634604915584418, 39.569718747622176 ], [ 140.634374915769854, 39.570430694121285 ], [ 140.632989922047273, 39.57055294616157 ], [ 140.63111406036569, 39.571210721097941 ], [ 140.630138494695871, 39.572261837913516 ], [ 140.63073044105704, 39.572934892331489 ], [ 140.629009052325955, 39.573460171949421 ], [ 140.628449856575685, 39.574161305899622 ], [ 140.628054577556782, 39.575736026896152 ], [ 140.62723208819034, 39.576053531645243 ], [ 140.62673871561924, 39.576776585670927 ], [ 140.626042607080763, 39.577139640182281 ], [ 140.623454837570762, 39.577961053959541 ], [ 140.62300036337615, 39.578427170777388 ], [ 140.620350921058275, 39.579028279431611 ], [ 140.619254253580948, 39.580109386838785 ], [ 140.616842555139897, 39.580748865068131 ], [ 140.614465576824955, 39.581985801603537 ], [ 140.611578911337801, 39.582694170599552 ], [ 140.609065279239303, 39.584096666927678 ], [ 140.604874164211424, 39.584782532188171 ], [ 140.601431089073571, 39.586114504580792 ], [ 140.600030804178346, 39.584974505069397 ], [ 140.599281414405823, 39.579530333158402 ], [ 140.596918365690044, 39.578450613405153 ], [ 140.596765863154133, 39.576546999544462 ], [ 140.597152827041441, 39.575934224884634 ], [ 140.59514644585181, 39.575613666937215 ], [ 140.595707275670293, 39.574788108184691 ], [ 140.595396719083396, 39.573449774887251 ], [ 140.593828106282103, 39.572910332745721 ], [ 140.593623670596003, 39.573226440847634 ], [ 140.590128663207338, 39.573670359699406 ], [ 140.589936719104344, 39.574202027201864 ], [ 140.588701725104556, 39.574082027063923 ], [ 140.586887522740994, 39.574567613304737 ], [ 140.58659752285746, 39.57495317065235 ], [ 140.585181140996951, 39.574927891608979 ], [ 140.583162777240432, 39.5755465046675 ], [ 140.582314161669274, 39.575054278732011 ], [ 140.581365576560188, 39.573893171232896 ], [ 140.580375030883033, 39.573710413704703 ], [ 140.579512529779436, 39.574147918591621 ], [ 140.57945167265666, 39.57516819765425 ], [ 140.576332776136724, 39.574904865367273 ], [ 140.574133021821581, 39.576688224581972 ], [ 140.57145442168428, 39.576956000419159 ], [ 140.569796057442204, 39.577671557696306 ], [ 140.565996030592373, 39.58016408090765 ], [ 140.564037392611681, 39.582278558808468 ], [ 140.562626278080302, 39.582311613390289 ], [ 140.560764864007297, 39.582826333168782 ], [ 140.560229299742446, 39.583163000672016 ], [ 140.559774578234283, 39.584167440874751 ], [ 140.556812607116171, 39.58415246806203 ], [ 140.553167612595303, 39.584586080683152 ], [ 140.552032607019214, 39.582971359640567 ], [ 140.551573476135104, 39.581294972984665 ], [ 140.551971829036802, 39.57913025175975 ], [ 140.553486588635224, 39.57615719829613 ], [ 140.55303243819651, 39.572770251645863 ], [ 140.55248216641894, 39.571523586244552 ], [ 140.550518585764166, 39.569448585883606 ], [ 140.545529689343766, 39.56761969399372 ], [ 140.542145811180262, 39.565786667021143 ], [ 140.540096667227431, 39.564104720756291 ], [ 140.539563060786691, 39.563210837809947 ], [ 140.540394189040626, 39.56203972085649 ], [ 140.539792529101987, 39.56089027936298 ], [ 140.540188638195104, 39.560434171100155 ], [ 140.540434501151367, 39.558811946114474 ], [ 140.541021440087434, 39.55876194560733 ], [ 140.540785331178199, 39.55802361299942 ], [ 140.5365914786139, 39.554974440917761 ], [ 140.535020389079705, 39.552719720938398 ], [ 140.534276781947938, 39.552192505080086 ], [ 140.529439558888612, 39.550984468258662 ], [ 140.528369494256822, 39.554056135082647 ], [ 140.528609779617682, 39.556046413910906 ], [ 140.527251699006797, 39.557827252325865 ], [ 140.524370025656253, 39.557517279398951 ], [ 140.522243358344326, 39.556289224568104 ], [ 140.519472217968541, 39.555915054436241 ], [ 140.513314968211262, 39.55751786485763 ], [ 140.512308832786516, 39.558526774690961 ], [ 140.50922605573794, 39.558303721239781 ], [ 140.507054085977302, 39.558983441432702 ], [ 140.507090194656826, 39.559530107828266 ], [ 140.508589053342234, 39.561589000432093 ], [ 140.508652944777623, 39.562143999945704 ], [ 140.507592386879196, 39.562844864998567 ], [ 140.506167638625698, 39.563136802021859 ], [ 140.504956809409236, 39.562789305781905 ], [ 140.504143475141291, 39.56320902657535 ], [ 140.502775939957701, 39.563092639913464 ], [ 140.502439830034177, 39.563744305755165 ], [ 140.502811776142607, 39.56436430556829 ], [ 140.501803411298511, 39.565400134808442 ], [ 140.502566471665432, 39.566072360051407 ], [ 140.501064773820303, 39.568007666920323 ], [ 140.499680309798578, 39.568836000081376 ], [ 140.500713644319262, 39.569605171341664 ], [ 140.500849754012961, 39.570070440998109 ], [ 140.501811140971427, 39.570479612744009 ], [ 140.502187523435509, 39.571207667000294 ], [ 140.501665576705022, 39.571869891782114 ], [ 140.502537223913805, 39.573436838139628 ], [ 140.500991633756939, 39.575618505289867 ], [ 140.499959143699584, 39.575951559317048 ], [ 140.49980661508323, 39.576617413762676 ], [ 140.498822438404886, 39.577677693770625 ], [ 140.499287717054585, 39.57851741414737 ], [ 140.499082970202949, 39.579108531333702 ], [ 140.499560467041988, 39.580392693967724 ], [ 140.499186835604064, 39.581039918957174 ], [ 140.499283216847061, 39.582337414040467 ], [ 140.498620699785533, 39.583184918948916 ], [ 140.499331530225959, 39.584446864731092 ], [ 140.500133747974132, 39.584935747886504 ], [ 140.500258754637912, 39.585642972944925 ], [ 140.49793011578231, 39.585871586004941 ], [ 140.497189000671938, 39.587170225025943 ], [ 140.49608258094645, 39.587478000009753 ], [ 140.494693943171001, 39.588693000281808 ], [ 140.494486161107488, 39.58999633286453 ], [ 140.492856978067152, 39.592113864863052 ], [ 140.491803060762663, 39.592554413955099 ], [ 140.492505836874898, 39.594793305866403 ], [ 140.488367755767399, 39.594462197972121 ], [ 140.48629605681765, 39.594857225180874 ], [ 140.484588559914187, 39.594416944986051 ], [ 140.483161050741955, 39.594456667141515 ], [ 140.482481894423927, 39.594911946229388 ], [ 140.481060441286445, 39.597171413729825 ], [ 140.48002155614995, 39.597850026857316 ], [ 140.476478495286415, 39.597068640105704 ], [ 140.473204279553897, 39.600284505125842 ], [ 140.471839533168009, 39.600986721859783 ], [ 140.469720078418959, 39.601070053939907 ], [ 140.469159494115388, 39.602340359819777 ], [ 140.469722554252485, 39.604208694175952 ], [ 140.470340052151755, 39.604590081367235 ], [ 140.471085862622544, 39.605871748382526 ], [ 140.471175031302664, 39.607834532237916 ], [ 140.470369999575837, 39.608722027299791 ], [ 140.470438884946702, 39.609432587044296 ], [ 140.469715006242609, 39.610056468331379 ], [ 140.46762496831775, 39.610165639732543 ], [ 140.466518301278597, 39.610866503886086 ], [ 140.464659363938608, 39.614801224896667 ], [ 140.464049078602216, 39.615432612824861 ], [ 140.464044889560114, 39.617095107653142 ], [ 140.467712943597576, 39.618779278840691 ], [ 140.467680726284584, 39.619690387401533 ], [ 140.469278469925484, 39.622170386654091 ], [ 140.468693451041986, 39.624304837598231 ], [ 140.469221776663744, 39.624854837780617 ], [ 140.468587029767718, 39.626205107779526 ], [ 140.469399533062074, 39.627412053723333 ], [ 140.470664254152098, 39.627653170957103 ], [ 140.470587301862565, 39.629039838317908 ], [ 140.468895330854934, 39.630881802753038 ], [ 140.46852169941701, 39.631920972974569 ], [ 140.468598910711194, 39.632987360278491 ], [ 140.469643332973533, 39.637216801714089 ], [ 140.471699728160047, 39.638318467623208 ], [ 140.471692476926364, 39.641113198115647 ], [ 140.472029948423483, 39.642264027263082 ], [ 140.473176328624731, 39.643630135222622 ], [ 140.473509611079749, 39.64794402659561 ], [ 140.475169026629374, 39.650649864499712 ], [ 140.477368469779094, 39.653078197700722 ], [ 140.479441530302438, 39.653817640072077 ], [ 140.479152891992385, 39.654980973393265 ], [ 140.479433722388421, 39.65643291894412 ], [ 140.482869273797974, 39.657594864611383 ], [ 140.483784837600183, 39.658579026900611 ], [ 140.483634253318201, 39.659292360154325 ], [ 140.488319533219965, 39.661142892430576 ], [ 140.488726160783813, 39.664212080723019 ], [ 140.491816161186989, 39.665453720712719 ], [ 140.492063669902564, 39.666021774785122 ], [ 140.491772243694186, 39.667469586152549 ], [ 140.492361413848244, 39.669570693832497 ], [ 140.492267807913095, 39.670709586278463 ], [ 140.492711946199393, 39.671568197814111 ], [ 140.492478054118919, 39.67221902728636 ], [ 140.493098053932158, 39.672878748355629 ], [ 140.493296667407321, 39.673918197366959 ], [ 140.493775836985378, 39.674505414193561 ], [ 140.49348357980341, 39.675589865280131 ], [ 140.49398552471223, 39.676982081457936 ], [ 140.493108274727206, 39.678138775084449 ], [ 140.493774942159916, 39.679060721375265 ], [ 140.494031855086064, 39.680632945853802 ], [ 140.49480380075488, 39.681645170588183 ], [ 140.494593255973996, 39.682748504739777 ], [ 140.495318222857804, 39.684989612580637 ], [ 140.49535321727717, 39.686534892471343 ], [ 140.497074305634783, 39.689217413652784 ], [ 140.502115136104749, 39.691138774734725 ], [ 140.504959584717085, 39.693050720814142 ], [ 140.505051803897686, 39.693783504605108 ], [ 140.50457788636038, 39.694659332762058 ], [ 140.502079531944901, 39.696490467561091 ], [ 140.501746200926505, 39.697509359869116 ], [ 140.500287030222353, 39.697705748421583 ], [ 140.499616160257688, 39.700699107677735 ], [ 140.49988224357071, 39.701851053783173 ], [ 140.499338637568144, 39.703298838170895 ], [ 140.499650830021892, 39.704031333279488 ], [ 140.496712476899347, 39.707024412846408 ], [ 140.497151607760543, 39.709401359685046 ], [ 140.496908833076304, 39.710633585571543 ], [ 140.497476328669677, 39.711588586444179 ], [ 140.495921581615789, 39.713698612700853 ], [ 140.495212672127195, 39.713978613022618 ], [ 140.495288494868191, 39.716353054350009 ], [ 140.494474306244342, 39.718115026787132 ], [ 140.495690116805463, 39.719936135044634 ], [ 140.495809274278599, 39.722310586264598 ], [ 140.496707029705703, 39.723927802026481 ], [ 140.497529532561998, 39.724463359996093 ], [ 140.499239804773197, 39.724611972964226 ], [ 140.501147860385458, 39.725738080647943 ], [ 140.503200635800795, 39.726216973234784 ], [ 140.504947004101041, 39.728688080890265 ], [ 140.507104226778665, 39.729376386910758 ], [ 140.506965330985281, 39.730256693691501 ], [ 140.508000052260627, 39.731101414298905 ], [ 140.508091997147972, 39.73185641404234 ], [ 140.508791724558478, 39.732495585602862 ], [ 140.509138638037825, 39.733599468340856 ], [ 140.509011141151291, 39.734618360648881 ], [ 140.510458339181127, 39.736233918960238 ], [ 140.508808612027906, 39.737728639864883 ], [ 140.508739416390995, 39.740574774706147 ], [ 140.510271335953462, 39.741964505157853 ], [ 140.511358274564827, 39.744337837621174 ], [ 140.513913799782131, 39.745910892173981 ], [ 140.51561352834176, 39.747792558979484 ], [ 140.515172671681512, 39.749925053898153 ], [ 140.513398781428691, 39.750666170807165 ], [ 140.512797637700828, 39.751483667137563 ], [ 140.512323450367035, 39.753730640356821 ], [ 140.510182048562797, 39.754665080928817 ], [ 140.509463696192711, 39.755958135159858 ], [ 140.507441698275784, 39.761179559389234 ], [ 140.507214747162948, 39.762195694375862 ], [ 140.507620558142321, 39.764156532098355 ], [ 140.506283306729301, 39.767909027080009 ], [ 140.506296057317286, 39.768971532010653 ], [ 140.504620506131573, 39.769957108034134 ], [ 140.503942140317577, 39.771656000224311 ], [ 140.50165464184829, 39.772092666943081 ], [ 140.497956834640263, 39.773725197260092 ], [ 140.496892632688969, 39.775064080942627 ], [ 140.496752360033497, 39.776424107686466 ], [ 140.495421504598767, 39.776527440688881 ], [ 140.494275667587999, 39.777406332836051 ], [ 140.492969831292726, 39.777710505135758 ], [ 140.490073114082975, 39.780735251630631 ], [ 140.490430609884811, 39.781923586104654 ], [ 140.487606394219824, 39.785083613118331 ], [ 140.486854968382204, 39.788270838328572 ], [ 140.486212749918536, 39.788614468383059 ], [ 140.485672995712207, 39.789465585868129 ], [ 140.484439947845431, 39.789921694130953 ], [ 140.48410411221505, 39.791081973354437 ], [ 140.484228249234434, 39.792963359571445 ], [ 140.483506004598553, 39.794410613359162 ], [ 140.480675446914461, 39.795497559165085 ], [ 140.480374033734734, 39.796527279310567 ], [ 140.481755966164997, 39.797025331953535 ], [ 140.482471803131261, 39.797990053598141 ], [ 140.482472087317092, 39.798669774690381 ], [ 140.483172335435029, 39.799024505076886 ], [ 140.483653450246607, 39.800308108332558 ], [ 140.484784280270333, 39.801547278783914 ], [ 140.486040116957952, 39.802066171416755 ], [ 140.486725913869918, 39.802725054317875 ], [ 140.486930362146609, 39.803074225095486 ], [ 140.486277029861071, 39.803805333449418 ], [ 140.486499805421772, 39.804285054311833 ], [ 140.488374526763096, 39.80528727858507 ], [ 140.490564253637444, 39.805011441225076 ], [ 140.491636472145501, 39.804364225228881 ], [ 140.494109559208823, 39.804730305059593 ], [ 140.496292023158389, 39.806120864686193 ], [ 140.498628171353062, 39.805925027418141 ], [ 140.500992023163349, 39.807079468242932 ], [ 140.50349955785839, 39.806666945623078 ], [ 140.50437372226952, 39.807005279570035 ], [ 140.505154838325211, 39.807871946333307 ], [ 140.507112335066267, 39.808377775414044 ], [ 140.508240636196433, 39.809773332573286 ], [ 140.513103450364042, 39.810182197650363 ], [ 140.514255083505418, 39.811337748238543 ], [ 140.51423535687627, 39.812781081881496 ], [ 140.515703385003235, 39.813652197590898 ], [ 140.515807003990062, 39.815335532408938 ], [ 140.517114189268455, 39.816561918997422 ], [ 140.517246394105882, 39.819463306386524 ], [ 140.516756938981644, 39.819840838184177 ], [ 140.515616938570929, 39.819965279174369 ], [ 140.51532330722489, 39.820374441027695 ], [ 140.514801607808067, 39.82266194579222 ], [ 140.515250506205916, 39.824083333279248 ], [ 140.515261854750861, 39.826171945778754 ], [ 140.513529052723698, 39.82752197296071 ], [ 140.514144864394098, 39.828370864623764 ], [ 140.513672633085662, 39.829366414128742 ], [ 140.513724552745998, 39.830317531728781 ], [ 140.512360389120772, 39.831338640865624 ], [ 140.51143313862849, 39.832662837719852 ], [ 140.511191479103559, 39.833711720619476 ], [ 140.510022553797853, 39.834532837620429 ], [ 140.511145331292028, 39.83585283823794 ], [ 140.511616135376357, 39.837804224985064 ], [ 140.510567497092325, 39.838411440935317 ], [ 140.509663605590958, 39.839670891998139 ], [ 140.509657756400429, 39.840331721931477 ], [ 140.512142698326898, 39.844391721201021 ], [ 140.51437155470353, 39.846744505054914 ], [ 140.517019611166234, 39.847691721395904 ], [ 140.518543256066437, 39.847070612718653 ], [ 140.520002943880854, 39.847553359799747 ], [ 140.521972969976673, 39.847348081448843 ], [ 140.52359547285289, 39.847801134714643 ], [ 140.526249338935941, 39.849696107889145 ], [ 140.527650998894501, 39.850251387091873 ], [ 140.528102917215961, 39.851957505334667 ], [ 140.529850946564011, 39.853198891715522 ], [ 140.528519831225253, 39.853989721348626 ], [ 140.528589248095386, 39.856141693784195 ], [ 140.532099804762197, 39.856905279355203 ], [ 140.531315330638108, 39.858846946229619 ], [ 140.531639467887203, 39.859467775217695 ], [ 140.533284773073888, 39.859338333097639 ], [ 140.53388586284234, 39.860105000645319 ], [ 140.535347250375366, 39.860673891986551 ], [ 140.535971414049527, 39.860579440688696 ], [ 140.53693447554565, 39.861107197938907 ], [ 140.536370272370277, 39.862356667426297 ], [ 140.53770416301677, 39.863275252051267 ], [ 140.537725550693722, 39.863607198113755 ], [ 140.536412723968056, 39.86590610808048 ], [ 140.535116057160394, 39.866586107962576 ], [ 140.53499852116488, 39.867492225286014 ], [ 140.533307418902268, 39.867955838391254 ], [ 140.53281182860303, 39.86911558611547 ], [ 140.534581803207743, 39.871300305564716 ], [ 140.535827366939543, 39.871562776301118 ], [ 140.536145667588585, 39.87376444077637 ], [ 140.535392606783489, 39.874617532273362 ], [ 140.53782894934659, 39.876916107692296 ], [ 140.537741672839957, 39.880912531188415 ], [ 140.539804136651696, 39.883221386757668 ], [ 140.540101089193968, 39.88343833291276 ], [ 140.542785006123154, 39.882988054055488 ], [ 140.543812503144522, 39.883301668337367 ], [ 140.544405837159729, 39.882161945817188 ], [ 140.545125837087767, 39.882130531598818 ], [ 140.546550856037243, 39.881085801768393 ], [ 140.547730583999282, 39.880983027244952 ], [ 140.548442802093746, 39.882041639909801 ], [ 140.550465032035618, 39.882086053828402 ], [ 140.552108365908452, 39.883492170827083 ], [ 140.553492218391284, 39.884064666651113 ], [ 140.554205005756444, 39.88422966706554 ], [ 140.55509141353798, 39.883881613245933 ], [ 140.557325031824803, 39.884126027394302 ], [ 140.558124189180035, 39.885001306065476 ], [ 140.558118611584746, 39.885832134845202 ], [ 140.560516938905721, 39.887440198206662 ], [ 140.561130245964137, 39.888885199192657 ], [ 140.566284137403045, 39.890373224644634 ], [ 140.568164942658086, 39.891654054391154 ], [ 140.568535226819336, 39.892744027315075 ], [ 140.569732139926373, 39.893956801765057 ], [ 140.571603255885634, 39.894511251792892 ], [ 140.574314668687066, 39.894346225298136 ], [ 140.57631661531957, 39.895011774873581 ], [ 140.578778833176671, 39.894984838379628 ], [ 140.579809689165927, 39.894578414062607 ], [ 140.582628586240276, 39.894626197740877 ], [ 140.584378365669068, 39.891564505297708 ], [ 140.587012309070815, 39.889689505166587 ], [ 140.588107302010485, 39.889538107897408 ], [ 140.588823995131293, 39.889037558736391 ], [ 140.590653721592048, 39.888979467928152 ], [ 140.591030415221553, 39.886924748178615 ], [ 140.592826550205245, 39.88648780177067 ], [ 140.594193800303742, 39.884625559422091 ], [ 140.596056887115765, 39.884598613035621 ], [ 140.596838521180871, 39.885201666923422 ], [ 140.599249364366756, 39.886143891127745 ], [ 140.60335355362372, 39.886081640055693 ], [ 140.604054384502319, 39.886358305691317 ], [ 140.606601089168976, 39.885536613124259 ], [ 140.60744691324453, 39.885742172063658 ], [ 140.610584475193491, 39.884009387123569 ], [ 140.611238910947009, 39.883331053685254 ], [ 140.611297003553886, 39.882357413463922 ], [ 140.611610052162291, 39.882116585811843 ], [ 140.613340051901901, 39.882262134789755 ], [ 140.613023112826454, 39.883639360168388 ], [ 140.613370856380016, 39.884259081191715 ], [ 140.615604474666839, 39.884920467805387 ], [ 140.616821166563682, 39.884567413755178 ], [ 140.618745330832439, 39.885765171325659 ], [ 140.617788365840511, 39.886041026672103 ], [ 140.617661141448593, 39.886407135281104 ], [ 140.618825304843995, 39.886955441140742 ], [ 140.619549441653476, 39.889050170828796 ], [ 140.623175551310737, 39.890644053680205 ], [ 140.624515006062779, 39.890421279018881 ], [ 140.625354747123993, 39.889914613568635 ], [ 140.626196978407847, 39.890234891826822 ], [ 140.627195278938984, 39.89187319759003 ], [ 140.628339169816854, 39.892792080789945 ], [ 140.628159143529729, 39.893134585792552 ], [ 140.627344137422028, 39.89328794628176 ], [ 140.627428832874443, 39.894474892202538 ], [ 140.629341633309764, 39.894890414061422 ], [ 140.630277445347929, 39.895409865173178 ], [ 140.629598274640671, 39.89595430574667 ], [ 140.630671894292504, 39.89669346842885 ], [ 140.629588248998516, 39.89759405402242 ], [ 140.632957418749925, 39.898778468351679 ], [ 140.634053528647541, 39.89996513458334 ], [ 140.633619338661561, 39.900400133959067 ], [ 140.633980999223809, 39.901489305587063 ], [ 140.633439856464292, 39.902064865401258 ], [ 140.633534864442481, 39.903248467642698 ], [ 140.632277885615963, 39.903776838230556 ], [ 140.633249559019987, 39.904684053626227 ], [ 140.63597399490402, 39.905500693802026 ], [ 140.634955642189198, 39.906121530883979 ], [ 140.636064526956375, 39.906783198086202 ], [ 140.634487003672348, 39.907323774272811 ], [ 140.635740051562152, 39.908040441313346 ], [ 140.635462555852314, 39.908778225334856 ], [ 140.634636978214075, 39.909200171051111 ], [ 140.633307523923122, 39.9090932245727 ], [ 140.633460855634098, 39.909954891105372 ], [ 140.634958366235651, 39.910619332716067 ], [ 140.634337198203184, 39.912477665711776 ], [ 140.635513308192685, 39.912928225157543 ], [ 140.634695253383256, 39.914032107895537 ], [ 140.633153838778753, 39.915067945229566 ], [ 140.634979637000697, 39.91652099964449 ], [ 140.635746861228768, 39.917793775062705 ], [ 140.635717108058202, 39.918598776212605 ], [ 140.634716550228632, 39.919066278885737 ], [ 140.632943475660909, 39.918956306188647 ], [ 140.633054863890948, 39.920576864730549 ], [ 140.631840117227739, 39.920513531774134 ], [ 140.631237611926281, 39.921054640359444 ], [ 140.631693450392504, 39.921807134591631 ], [ 140.631401193210536, 39.9225032512241 ], [ 140.631556472853049, 39.923142973169718 ], [ 140.629008948903902, 39.923473251889106 ], [ 140.629272800999047, 39.925069359663269 ], [ 140.630140583821003, 39.926032693653951 ], [ 140.629784162709029, 39.927522972807026 ], [ 140.633942217759227, 39.928256306083711 ], [ 140.634374163037251, 39.929614360614323 ], [ 140.634060531668297, 39.931243531963503 ], [ 140.634405499014633, 39.932247413687264 ], [ 140.635299947634508, 39.933226027159492 ], [ 140.636216057325214, 39.933865197820694 ], [ 140.637811050839446, 39.933931585774133 ], [ 140.638661921010907, 39.932736305835874 ], [ 140.640160246398295, 39.931956305838924 ], [ 140.642544967876006, 39.932982693996166 ], [ 140.643381946219961, 39.93228880228645 ], [ 140.646539727626418, 39.933010721367737 ], [ 140.648834968359211, 39.934421279218725 ], [ 140.649852437939671, 39.935810170602963 ], [ 140.651242438188092, 39.936117108317944 ], [ 140.651361049772731, 39.936747666171925 ], [ 140.652696886552121, 39.937444333189489 ], [ 140.653472996081973, 39.93726989169221 ], [ 140.654033554305101, 39.937784613269343 ], [ 140.656296614597181, 39.93844017137684 ], [ 140.656769363915032, 39.939329054092639 ], [ 140.657956304439949, 39.939668225308424 ], [ 140.658462138916661, 39.940456278734302 ], [ 140.659389079142784, 39.940804613142461 ], [ 140.659648780866632, 39.941639053599488 ], [ 140.659130142742015, 39.94287074798666 ], [ 140.659700415441876, 39.943982694046156 ], [ 140.659538716438647, 39.944621585917503 ], [ 140.660864552756948, 39.945426305579588 ], [ 140.660757328388058, 39.945959919214943 ], [ 140.661238170705133, 39.946382972895947 ], [ 140.661274253304214, 39.947318532224529 ], [ 140.661952308852051, 39.948272414340522 ], [ 140.664000051661105, 39.949301585899548 ], [ 140.664010609701904, 39.950413531958986 ], [ 140.664571140945441, 39.951110467873832 ], [ 140.664668079768148, 39.952388532205077 ], [ 140.667808339683233, 39.953723252026521 ], [ 140.667560532392713, 39.955217134763018 ], [ 140.670523865084419, 39.955507414335727 ], [ 140.673196938887713, 39.955382973345593 ], [ 140.673476913129093, 39.95560686586424 ], [ 140.673455252957638, 39.956362135404277 ], [ 140.674048029393134, 39.956718802031162 ], [ 140.674446615219154, 39.957814080955131 ], [ 140.675858559824746, 39.957648252265074 ], [ 140.676569662759789, 39.958411586025932 ], [ 140.67800328102669, 39.958486306198097 ], [ 140.67730272354197, 39.959332694148543 ], [ 140.675593256223806, 39.9595193601304 ], [ 140.67307797656747, 39.960626892317293 ], [ 140.674392672084196, 39.961763837730985 ], [ 140.673185447350534, 39.962776054371488 ], [ 140.672997911724337, 39.963315504606896 ], [ 140.674543475800874, 39.964103837722007 ], [ 140.674252360757919, 39.965199107652722 ], [ 140.675319559250283, 39.9656221712263 ], [ 140.677549857240137, 39.964917171090633 ], [ 140.679123449587564, 39.965386054223075 ], [ 140.6800934763329, 39.965219945843899 ], [ 140.682688444016549, 39.966029666635848 ], [ 140.68459983071773, 39.965456892022019 ], [ 140.685609001354351, 39.966029946325023 ], [ 140.686342048646679, 39.967008837687786 ], [ 140.691524811920544, 39.967365775010535 ], [ 140.693093112657039, 39.969722171441106 ], [ 140.695750025643179, 39.971627171157081 ], [ 140.695718365909897, 39.973056891762212 ], [ 140.694242217804117, 39.973330774895373 ], [ 140.6938652786597, 39.97371217107991 ], [ 140.694080532290741, 39.975537721088983 ], [ 140.696267756351972, 39.976732440749572 ], [ 140.696569415046497, 39.977188837694769 ], [ 140.696784383592444, 39.978416891626296 ], [ 140.696288833762765, 39.979578559403024 ], [ 140.69723686129214, 39.981619667014058 ], [ 140.699531530056106, 39.984126332963967 ], [ 140.700554864115702, 39.984781891970783 ], [ 140.703640143078246, 39.985743558618367 ], [ 140.706040973212453, 39.985779107919541 ], [ 140.707830389360993, 39.986890197824437 ], [ 140.709827327669132, 39.987432414374496 ], [ 140.711993968946558, 39.988706027061539 ], [ 140.714420635703846, 39.989547973260414 ], [ 140.7153667179997, 39.991521000393902 ], [ 140.715643086859018, 39.993529612801467 ], [ 140.713831140894513, 39.995404918702093 ], [ 140.7146158371512, 39.997306586429886 ], [ 140.718714136748076, 39.997937945579793 ], [ 140.719972218143425, 39.99777794629523 ], [ 140.722569728210487, 39.996418467238527 ], [ 140.724988586154382, 39.99800625178716 ], [ 140.727291115892399, 39.99746789242937 ], [ 140.730696354753036, 39.999556504928819 ], [ 140.732162192131568, 39.999805359929496 ], [ 140.733042477328581, 39.999567586375065 ], [ 140.734450803961522, 39.998527864869118 ], [ 140.734889728877988, 39.997541197967962 ], [ 140.735074447827515, 39.99747008137922 ] ] ] } },
{ "type": "Feature", "properties": { "regioncode": "0530300", "regionname": "秋田県小坂町", "name": "小坂町", "namekana": "こさかまち", "PrefCode": "05" }, "geometry": { "type": "Polygon", "coordinates": [ [ [ 140.880061505034519, 40.510246171323786 ], [ 140.878107444602961, 40.498417081782975 ], [ 140.861322606752992, 40.440629306397398 ], [ 140.892325914109733, 40.423351586106889 ], [ 140.896777834329669, 40.425196081234219 ], [ 140.898258664306013, 40.424889135425303 ], [ 140.90165224435566, 40.42525355870481 ], [ 140.90671946812904, 40.425266892053457 ], [ 140.910745032357454, 40.423347693841038 ], [ 140.911499468225998, 40.423305747662198 ], [ 140.913027808486618, 40.423740747937245 ], [ 140.914423645334978, 40.425123801822053 ], [ 140.916769727441078, 40.425957973381799 ], [ 140.918473332078634, 40.427109359209624 ], [ 140.920029416424541, 40.427305198276315 ], [ 140.925400584069735, 40.422010170832777 ], [ 140.926774188777813, 40.421105998742917 ], [ 140.925663087181761, 40.420410721177916 ], [ 140.923173359063298, 40.420751837627279 ], [ 140.921377562224734, 40.42011877516137 ], [ 140.921155058259387, 40.419679612823927 ], [ 140.92144061009617, 40.418751838026935 ], [ 140.920878145310212, 40.417836559309819 ], [ 140.921014526599151, 40.416710721422703 ], [ 140.920770363361612, 40.416058774992507 ], [ 140.919683411260507, 40.415875720688007 ], [ 140.917845939838344, 40.414872386651382 ], [ 140.916812334621568, 40.414988504415987 ], [ 140.914755110260216, 40.414434891656981 ], [ 140.911692891713642, 40.415243775180159 ], [ 140.910243722369955, 40.414990170859767 ], [ 140.909845965718773, 40.414310440774273 ], [ 140.908301802786013, 40.413658774033252 ], [ 140.903847639656874, 40.413305747862012 ], [ 140.902993747763276, 40.413469640311689 ], [ 140.900334034288335, 40.415055747624706 ], [ 140.89904374817047, 40.415104359578606 ], [ 140.896163502044033, 40.413742973059811 ], [ 140.895599338438728, 40.413005467828157 ], [ 140.892088780872655, 40.411784080570897 ], [ 140.890405747327463, 40.409382135277383 ], [ 140.888960505323098, 40.408493532250759 ], [ 140.883028274934986, 40.407454081440733 ], [ 140.879179416696843, 40.407822719842727 ], [ 140.875575253195393, 40.407539386633459 ], [ 140.874446887314093, 40.408980505246177 ], [ 140.872854941602327, 40.409545505220933 ], [ 140.869043307202901, 40.407777440776329 ], [ 140.868025836723064, 40.406445224667436 ], [ 140.865581946149973, 40.406543837128424 ], [ 140.863877782133954, 40.406235504564961 ], [ 140.861249442407939, 40.406920504677601 ], [ 140.859871634268529, 40.408289693714437 ], [ 140.857279170297488, 40.407900801680682 ], [ 140.855736355448471, 40.408739135302881 ], [ 140.852056083221783, 40.409748865317908 ], [ 140.851844694876831, 40.41082302726096 ], [ 140.851075811399596, 40.411420559311409 ], [ 140.850788833238084, 40.412896387258513 ], [ 140.850088559939195, 40.413130279338986 ], [ 140.848737444577523, 40.414438891841428 ], [ 140.848509947576076, 40.415439440677687 ], [ 140.848823553764078, 40.416135000629822 ], [ 140.848278521436669, 40.417391134992954 ], [ 140.84838963717209, 40.418207802148402 ], [ 140.847343256186377, 40.419381135031415 ], [ 140.846409339019829, 40.421934197904989 ], [ 140.845190998665771, 40.423068666585721 ], [ 140.843693217368127, 40.423178385674021 ], [ 140.843256550649357, 40.423475332820431 ], [ 140.841911529993126, 40.425623667498314 ], [ 140.839394306002532, 40.426049224891869 ], [ 140.838654059637179, 40.424839775235512 ], [ 140.837326549680597, 40.424495891572178 ], [ 140.833712944197032, 40.425325053908182 ], [ 140.832970725618566, 40.425155054162474 ], [ 140.83236408613368, 40.422986440671764 ], [ 140.829986303824967, 40.422073946255693 ], [ 140.82826824888059, 40.420961171021304 ], [ 140.828539104895867, 40.419597000201463 ], [ 140.827659389869041, 40.41853089168734 ], [ 140.827488274964026, 40.417312532447454 ], [ 140.826409974340891, 40.416348639977798 ], [ 140.827246913114664, 40.413746413865965 ], [ 140.826755278933092, 40.41078086524476 ], [ 140.825386134862242, 40.409197505360623 ], [ 140.822662243967443, 40.407540278760905 ], [ 140.821255331068755, 40.406035559193754 ], [ 140.819558664700708, 40.40574944078412 ], [ 140.8190445267835, 40.404162505195529 ], [ 140.818387029737664, 40.403435000424963 ], [ 140.818475641737564, 40.40251777467563 ], [ 140.817691751273401, 40.401203892145986 ], [ 140.817907056165723, 40.400132224922288 ], [ 140.818821218824269, 40.399390000048527 ], [ 140.81893788607465, 40.398363333101372 ], [ 140.820843474846583, 40.396926918842269 ], [ 140.821320143409935, 40.396186640101405 ], [ 140.820835136332562, 40.394648026884965 ], [ 140.82123488947866, 40.392873865036904 ], [ 140.820756549974817, 40.392492747642223 ], [ 140.820567392870998, 40.391679693962772 ], [ 140.821936834617304, 40.390368306152482 ], [ 140.821565473068176, 40.388300774661047 ], [ 140.82323075219756, 40.386669387382369 ], [ 140.823779948386004, 40.38486577633455 ], [ 140.823316614969826, 40.38396466733559 ], [ 140.82039552523338, 40.382858559674844 ], [ 140.817801634038233, 40.380457440858265 ], [ 140.818068053697743, 40.37831102713227 ], [ 140.817099727570394, 40.377354081026056 ], [ 140.815898054351806, 40.376933252267804 ], [ 140.816108912096638, 40.37585991860044 ], [ 140.815349196308375, 40.374900747571473 ], [ 140.814816978420936, 40.373525468325738 ], [ 140.813176160851185, 40.372592413609027 ], [ 140.812165330965286, 40.3711604680812 ], [ 140.810454227780497, 40.370142413941323 ], [ 140.810100921020762, 40.369381585691656 ], [ 140.809993969146376, 40.367134359762929 ], [ 140.810572607340077, 40.365816307076955 ], [ 140.811192334658585, 40.365468532047146 ], [ 140.808809026915128, 40.363061026245418 ], [ 140.806032361104599, 40.361409360153914 ], [ 140.8054656937868, 40.36041046786886 ], [ 140.804219338651592, 40.359535198190883 ], [ 140.802348781171418, 40.359646305832428 ], [ 140.801000725303311, 40.359043531633745 ], [ 140.799284617391208, 40.359054640059639 ], [ 140.797558494628902, 40.357779639718672 ], [ 140.79509102473105, 40.356969640136811 ], [ 140.793932114275663, 40.357345748307694 ], [ 140.792427977469288, 40.356874080874206 ], [ 140.790672114126778, 40.358265225060165 ], [ 140.789684358146701, 40.356293000121923 ], [ 140.789720751011942, 40.355751054267785 ], [ 140.790162970145047, 40.355417693571781 ], [ 140.788591310440665, 40.355917170740895 ], [ 140.785545187960111, 40.354247720555918 ], [ 140.785604357954867, 40.355159386696414 ], [ 140.784956588875502, 40.355412721220148 ], [ 140.784902411916846, 40.35641355873878 ], [ 140.783858248659271, 40.356493557931401 ], [ 140.783465745847593, 40.356346333516512 ], [ 140.784050752140615, 40.355798278567761 ], [ 140.782627134334803, 40.354562171207306 ], [ 140.783733527979962, 40.35425522539839 ], [ 140.784039390105818, 40.353872170864065 ], [ 140.783505226984744, 40.353519386610458 ], [ 140.783725498832723, 40.353216054277539 ], [ 140.783314383651941, 40.353096612618629 ], [ 140.783646614799522, 40.352585505416812 ], [ 140.783041893568566, 40.352048557994635 ], [ 140.783299947734463, 40.351751054167892 ], [ 140.782762438235977, 40.350966332730138 ], [ 140.782931633987801, 40.350614946022972 ], [ 140.782622750139922, 40.350285504572412 ], [ 140.782885810831544, 40.35013161168456 ], [ 140.78256664143737, 40.349891891997288 ], [ 140.782555253322357, 40.349056893061231 ], [ 140.785066887127186, 40.351835774801202 ], [ 140.785714667897651, 40.351479081194668 ], [ 140.78890549938933, 40.352081305907575 ], [ 140.789992166405455, 40.351745467579292 ], [ 140.790710220200594, 40.3518771346221 ], [ 140.791529105084237, 40.351722972836967 ], [ 140.792658560044629, 40.350557412794444 ], [ 140.791787471314819, 40.349177973284895 ], [ 140.791922192455331, 40.346850439696084 ], [ 140.791466913367458, 40.346646000412647 ], [ 140.790896666747813, 40.345237108106119 ], [ 140.791473891207147, 40.343854612700284 ], [ 140.789736108734473, 40.343076279146999 ], [ 140.788016693115992, 40.340895720860885 ], [ 140.788035031191839, 40.340019891804616 ], [ 140.788478949144292, 40.339268504637857 ], [ 140.788151725421812, 40.338537107601496 ], [ 140.789452282696743, 40.337007081111949 ], [ 140.789340336887108, 40.335866532114835 ], [ 140.788475642337062, 40.334143747635892 ], [ 140.785766472444834, 40.333234026729031 ], [ 140.787323722311953, 40.330642640145754 ], [ 140.787329273827027, 40.329723747952642 ], [ 140.790221802893939, 40.328025945740876 ], [ 140.789712917916859, 40.326588170807497 ], [ 140.789904577834022, 40.326327333239874 ], [ 140.791609299429638, 40.325905107834501 ], [ 140.792613747726364, 40.325170638714042 ], [ 140.793016004584956, 40.324223134590056 ], [ 140.791426278400081, 40.321959532906192 ], [ 140.788388781317281, 40.321588693863191 ], [ 140.78824905185229, 40.320960919410936 ], [ 140.788514643236226, 40.320425080852829 ], [ 140.787726303825934, 40.319678135437641 ], [ 140.787515745555311, 40.318727586209206 ], [ 140.783358521478704, 40.317715107865979 ], [ 140.782562438006153, 40.315409801021531 ], [ 140.782050778620601, 40.314873135087169 ], [ 140.781528002715163, 40.315084802221918 ], [ 140.781894668903874, 40.315547026773913 ], [ 140.781681336224779, 40.315738692986372 ], [ 140.778889947613038, 40.316299279088526 ], [ 140.7788516086149, 40.315244279000353 ], [ 140.778457445654681, 40.315254558251297 ], [ 140.778690219877831, 40.317214279015843 ], [ 140.779735472214384, 40.319793999593458 ], [ 140.779601284371893, 40.321250946274176 ], [ 140.780394890212051, 40.322946251968006 ], [ 140.777959053067889, 40.323799305693456 ], [ 140.774555162290994, 40.32302874767862 ], [ 140.774475719778707, 40.322260694275656 ], [ 140.773484915996164, 40.320784306050939 ], [ 140.773638248606403, 40.320156531598684 ], [ 140.772365745682691, 40.318554305736654 ], [ 140.772253554358144, 40.317119585800299 ], [ 140.773342995782741, 40.316060107987653 ], [ 140.773994112138666, 40.315987892427358 ], [ 140.774842438128076, 40.313857613438188 ], [ 140.77428997380332, 40.313625947179787 ], [ 140.775709973636481, 40.312567613304736 ], [ 140.774954967597751, 40.310844559029249 ], [ 140.774207755983184, 40.310336505025759 ], [ 140.77404639422582, 40.30879480173877 ], [ 140.772853061319779, 40.307819531945881 ], [ 140.772574162667524, 40.306652864837872 ], [ 140.771958340205288, 40.306083693807466 ], [ 140.772546977960701, 40.304870359979191 ], [ 140.769205576576155, 40.302898135040948 ], [ 140.769492802051218, 40.302282026594298 ], [ 140.770639468236936, 40.302039802295099 ], [ 140.770770895160695, 40.301152586922399 ], [ 140.77191756224579, 40.300003667035639 ], [ 140.771777833680176, 40.299582838277445 ], [ 140.770483670585008, 40.29950172212682 ], [ 140.77024005233659, 40.299181171374016 ], [ 140.773031478719872, 40.297940332680241 ], [ 140.773387030187337, 40.297392559219304 ], [ 140.771797029709205, 40.296227000076044 ], [ 140.771668417663363, 40.29555200132387 ], [ 140.770916200422334, 40.294578666872042 ], [ 140.771507328400503, 40.292277531982563 ], [ 140.769960946840342, 40.290727251861256 ], [ 140.768655694204995, 40.290409748011541 ], [ 140.767793721902763, 40.29198505356743 ], [ 140.767366783150578, 40.293541171188167 ], [ 140.768018171101744, 40.294293667218994 ], [ 140.767599248006945, 40.294718945822751 ], [ 140.767960636074577, 40.295752279444173 ], [ 140.7673611929647, 40.295531172125948 ], [ 140.766772891555775, 40.293499225009271 ], [ 140.767246226332304, 40.292928946014115 ], [ 140.767246227231681, 40.291988945833225 ], [ 140.768447638747602, 40.289377802043987 ], [ 140.767744305955034, 40.288003639756198 ], [ 140.768067392795956, 40.286511413570906 ], [ 140.767112087952569, 40.287717532138458 ], [ 140.767774615805934, 40.285931973182073 ], [ 140.767180726009769, 40.284271973073146 ], [ 140.766370441342815, 40.284612531942855 ], [ 140.766067108110633, 40.284281415055318 ], [ 140.766231283846764, 40.283992252440555 ], [ 140.764334617248892, 40.283256413652623 ], [ 140.763070440248725, 40.283688081040168 ], [ 140.761863502398796, 40.283235305664903 ], [ 140.760697665365001, 40.284020305892454 ], [ 140.758792944438937, 40.283889198227996 ], [ 140.757690168766317, 40.284672837781272 ], [ 140.757342387441327, 40.286028108010839 ], [ 140.756809052595713, 40.285877279113208 ], [ 140.756505446868914, 40.286228946408812 ], [ 140.75589236104372, 40.288515613005188 ], [ 140.754534864092761, 40.289812027103437 ], [ 140.754652335337028, 40.29087674796358 ], [ 140.754272048016674, 40.291632306186045 ], [ 140.749635940346479, 40.293439838277948 ], [ 140.749184837710118, 40.292789278602356 ], [ 140.749702048610743, 40.292010359590449 ], [ 140.749702088180925, 40.289840080555336 ], [ 140.750134578448069, 40.288663135095646 ], [ 140.749795161717429, 40.286665918897086 ], [ 140.750747392678136, 40.285460892106528 ], [ 140.75098267241242, 40.284054505311246 ], [ 140.750085161600964, 40.28375283852273 ], [ 140.748744331785588, 40.284083666727895 ], [ 140.745684086351616, 40.282245892234187 ], [ 140.74513907920516, 40.282336999852703 ], [ 140.744125161946727, 40.283198694264399 ], [ 140.742317108248017, 40.283328134585815 ], [ 140.736820168615964, 40.285090386712056 ], [ 140.735946550093331, 40.285507054307175 ], [ 140.735405720297763, 40.286353999837274 ], [ 140.733527911583906, 40.286835666832587 ], [ 140.732958754942615, 40.2875506674294 ], [ 140.730905693543036, 40.288374863709066 ], [ 140.72945652419935, 40.287995413657484 ], [ 140.726928754758319, 40.288051802049097 ], [ 140.72549263277881, 40.288815973078727 ], [ 140.725554280405731, 40.289915414065149 ], [ 140.724341505056486, 40.292263224668147 ], [ 140.724782607231646, 40.293524612870613 ], [ 140.724833969312272, 40.295137386880924 ], [ 140.723782580901457, 40.295661559433483 ], [ 140.722776199961686, 40.295647135207162 ], [ 140.72226175087917, 40.29606964030171 ], [ 140.721842555289754, 40.298090747889773 ], [ 140.7194853054026, 40.301369107698235 ], [ 140.719211699260541, 40.302758838149941 ], [ 140.7184972499482, 40.303418838009009 ], [ 140.720526419958333, 40.304478278949489 ], [ 140.719826667366874, 40.305443559073069 ], [ 140.720056667181552, 40.305585505366821 ], [ 140.719731946272418, 40.306270802255767 ], [ 140.719490272358257, 40.306400801955476 ], [ 140.719049727762808, 40.305827467963354 ], [ 140.713611634369499, 40.308378054103969 ], [ 140.713883554282688, 40.312026946286608 ], [ 140.712075498785339, 40.313614720942667 ], [ 140.712861893861373, 40.314262224721972 ], [ 140.713641581793581, 40.315934467301872 ], [ 140.711906303932892, 40.318034747605566 ], [ 140.711840194769252, 40.318845586254838 ], [ 140.711215447435052, 40.319926720641718 ], [ 140.711414060010952, 40.320827837734555 ], [ 140.713378781005986, 40.321779225131195 ], [ 140.715212943822394, 40.323519225332063 ], [ 140.716544617640011, 40.323937839060079 ], [ 140.717681556758521, 40.323660586167193 ], [ 140.719783748121586, 40.32456113488854 ], [ 140.720232088040461, 40.325377559227036 ], [ 140.720058755407308, 40.326248108363586 ], [ 140.720687912117569, 40.326728946183948 ], [ 140.720239584789056, 40.328175892403578 ], [ 140.720297886038679, 40.329335891937887 ], [ 140.721929558402508, 40.329718945572949 ], [ 140.722451504233618, 40.330541171437972 ], [ 140.720812335121195, 40.331475612909287 ], [ 140.717027886327969, 40.331695080763438 ], [ 140.715538975943105, 40.332324251862758 ], [ 140.714888974746486, 40.333063413645675 ], [ 140.714887030412228, 40.33379146790196 ], [ 140.716461478914198, 40.334786467921219 ], [ 140.718030052145309, 40.336325081137659 ], [ 140.71804505823286, 40.336886197839817 ], [ 140.715955888153758, 40.337627332735281 ], [ 140.715241971240062, 40.340113999561481 ], [ 140.713165305334655, 40.340003999884743 ], [ 140.711847249051402, 40.340459000182761 ], [ 140.711540026251328, 40.340997613149398 ], [ 140.711723060770737, 40.343078747786024 ], [ 140.711286939041088, 40.344102359736155 ], [ 140.711460271674241, 40.345470973206886 ], [ 140.710171634013818, 40.346653748072072 ], [ 140.710077198004342, 40.348651558722509 ], [ 140.709036355943113, 40.34944794616581 ], [ 140.704992191936185, 40.348787946306743 ], [ 140.704057470775751, 40.349456558973088 ], [ 140.702756887420492, 40.349627666683546 ], [ 140.701730778053047, 40.35040853182835 ], [ 140.703059104594104, 40.351696585828847 ], [ 140.703099663119019, 40.35260602704659 ], [ 140.703879389722147, 40.353439360438188 ], [ 140.703973255561323, 40.354401027085771 ], [ 140.705832439315714, 40.353931026995326 ], [ 140.706203281056673, 40.353954639594974 ], [ 140.706360752346882, 40.354354361264825 ], [ 140.706116860704583, 40.355291026759517 ], [ 140.704336303777495, 40.357049359640314 ], [ 140.703850998125176, 40.358178251625077 ], [ 140.702951828963819, 40.358593802262192 ], [ 140.70275128374476, 40.360371332970715 ], [ 140.701907950791337, 40.360519107770642 ], [ 140.700990999335204, 40.361500224955478 ], [ 140.69781374760646, 40.362831053410446 ], [ 140.697712088242383, 40.363429413736526 ], [ 140.696988196947814, 40.36427053076045 ], [ 140.697219300230586, 40.365146919195013 ], [ 140.695672335010272, 40.367553864719127 ], [ 140.693500661126677, 40.368639999336551 ], [ 140.692660078300037, 40.370262225221552 ], [ 140.689467301574723, 40.371573613031842 ], [ 140.686495642060322, 40.371534747030978 ], [ 140.685644812358305, 40.372080586050231 ], [ 140.683526719182851, 40.372597251961679 ], [ 140.682934772821568, 40.37311225232861 ], [ 140.682312282785688, 40.375698108081281 ], [ 140.683005577345625, 40.377052279339296 ], [ 140.68249975366075, 40.379525333127674 ], [ 140.682822502356657, 40.381058386735219 ], [ 140.682560557723605, 40.382521440711969 ], [ 140.681323605899706, 40.383925919145895 ], [ 140.680033605766312, 40.384116197704429 ], [ 140.678440803900003, 40.385120919394979 ], [ 140.678049688742249, 40.385991197835551 ], [ 140.677440246070546, 40.386181468300151 ], [ 140.67709469506417, 40.386713973071437 ], [ 140.677686641425453, 40.387613413828035 ], [ 140.677134967604729, 40.389037612595814 ], [ 140.677508275286755, 40.390745107700639 ], [ 140.677889390882797, 40.391102613394935 ], [ 140.677300219829363, 40.39194983861421 ], [ 140.677221050710955, 40.392934838172323 ], [ 140.676227977039616, 40.393915946363904 ], [ 140.676397976785211, 40.396117054158765 ], [ 140.675803800105314, 40.397069305803882 ], [ 140.675912943627509, 40.398318467723186 ], [ 140.675376836172063, 40.400329305952766 ], [ 140.675907664607053, 40.401302640404595 ], [ 140.676229857522003, 40.403301801836733 ], [ 140.675587366563832, 40.404652080828896 ], [ 140.676090143345505, 40.405961532398862 ], [ 140.675894577672693, 40.407133197938776 ], [ 140.676557327658657, 40.408378505363771 ], [ 140.677306226401242, 40.411504612647832 ], [ 140.676981194326686, 40.412304891457609 ], [ 140.675873968808673, 40.412875999627715 ], [ 140.676019533075078, 40.413863225007901 ], [ 140.678275914102187, 40.415348774626295 ], [ 140.681698689742802, 40.416422667672009 ], [ 140.682868392062687, 40.416637666794941 ], [ 140.6847203632542, 40.41642791881344 ], [ 140.687170336841632, 40.418302359566269 ], [ 140.687858664445912, 40.420030719841918 ], [ 140.687870895225728, 40.42118766707722 ], [ 140.688390026178809, 40.421668225208464 ], [ 140.686924474784746, 40.421854332711348 ], [ 140.686362528907694, 40.422442108016924 ], [ 140.687315006282574, 40.426519054111111 ], [ 140.687913333333768, 40.427349334304381 ], [ 140.689024721813553, 40.427704053899049 ], [ 140.691699169780918, 40.426845999942998 ], [ 140.693286668345081, 40.427284333105547 ], [ 140.693988885079079, 40.428035170786529 ], [ 140.695753606743665, 40.428049333310128 ], [ 140.699228053831689, 40.429415999748642 ], [ 140.699814162693542, 40.427951532037639 ], [ 140.700266108893857, 40.427587640257457 ], [ 140.702653605679416, 40.427125973285115 ], [ 140.705749170188142, 40.42801708092361 ], [ 140.70893055699969, 40.427872333241623 ], [ 140.709248339639203, 40.42825510808683 ], [ 140.709290558312659, 40.429257892637679 ], [ 140.709840271611256, 40.429659278952613 ], [ 140.712557496731165, 40.428992053940192 ], [ 140.713901115344242, 40.428143441066993 ], [ 140.715549442253064, 40.427882054013651 ], [ 140.717558611340905, 40.425806198397368 ], [ 140.717167808247837, 40.424640359564989 ], [ 140.717466977618983, 40.42110897280088 ], [ 140.719335615945965, 40.420437558746414 ], [ 140.720208664298525, 40.419565053584392 ], [ 140.721772283164455, 40.419377838116816 ], [ 140.723016445752478, 40.416610866098665 ], [ 140.72595147857794, 40.415763081501041 ], [ 140.727062581073369, 40.415713359783751 ], [ 140.728383943264475, 40.416203081107369 ], [ 140.730548974755493, 40.415669441391685 ], [ 140.733569780421135, 40.415802774878216 ], [ 140.733908106274157, 40.416113334163072 ], [ 140.734233384763002, 40.417803054167678 ], [ 140.735575615722155, 40.419378053954063 ], [ 140.735120583947833, 40.420420558861736 ], [ 140.735530026389711, 40.421660559387362 ], [ 140.734195304769514, 40.423336694233114 ], [ 140.735924449253957, 40.425314198191757 ], [ 140.735535279329724, 40.426569747995529 ], [ 140.735858340090431, 40.427859747229604 ], [ 140.734296393963518, 40.428612836813045 ], [ 140.733269974329914, 40.429698108081254 ], [ 140.731616354910898, 40.430497838304632 ], [ 140.73120192033241, 40.431107836757292 ], [ 140.731449688952011, 40.431706440799644 ], [ 140.733072750307201, 40.433101170582631 ], [ 140.734447716588875, 40.433363667399362 ], [ 140.735479104976775, 40.433974225230372 ], [ 140.732738560436246, 40.435936197897263 ], [ 140.733178521371769, 40.438466197656965 ], [ 140.733891582130923, 40.439505080994763 ], [ 140.735124915982169, 40.439883692878198 ], [ 140.73852797668485, 40.439485919139884 ], [ 140.741551310344789, 40.437856171325279 ], [ 140.745398807009451, 40.438130333248353 ], [ 140.747662139796034, 40.439260585907391 ], [ 140.751105746433154, 40.438624468444516 ], [ 140.752059921728119, 40.438755026623255 ], [ 140.756419584995911, 40.443417252404345 ], [ 140.756846808833188, 40.445575306055559 ], [ 140.759248754126816, 40.44649446804533 ], [ 140.761116226033096, 40.447763081401149 ], [ 140.761723995066404, 40.450062800757678 ], [ 140.762413969329259, 40.451034747555582 ], [ 140.769383112640639, 40.453914748167165 ], [ 140.770711478751764, 40.453235838263367 ], [ 140.771714254309472, 40.451504441876523 ], [ 140.772412580576201, 40.451227774442316 ], [ 140.776043943173477, 40.452328306306356 ], [ 140.779776446226037, 40.454283865008392 ], [ 140.781007521879701, 40.45529719770758 ], [ 140.783256693042063, 40.455585532046712 ], [ 140.787140025891517, 40.457194973169521 ], [ 140.789160309700605, 40.456761919027372 ], [ 140.791174475421712, 40.454323838074743 ], [ 140.791346977980766, 40.453595468156379 ], [ 140.791088366235158, 40.452116306422454 ], [ 140.793214501148327, 40.449404613032527 ], [ 140.794853385175657, 40.449678223671128 ], [ 140.796347561990501, 40.449231837978971 ], [ 140.798838105794061, 40.449470721296791 ], [ 140.803648663954732, 40.44864572102324 ], [ 140.803998080247311, 40.449281306087471 ], [ 140.805116978066167, 40.449991305554363 ], [ 140.805054475183965, 40.451024360385986 ], [ 140.805498637751953, 40.452118251656032 ], [ 140.805835005780978, 40.454648558983877 ], [ 140.807715252556932, 40.457808585997498 ], [ 140.807658833588334, 40.46138333357402 ], [ 140.808998003255283, 40.464650585855907 ], [ 140.808633256219878, 40.466319198772055 ], [ 140.808833799640183, 40.468119774607942 ], [ 140.808564085764033, 40.469785613115619 ], [ 140.809737108380887, 40.472688414238974 ], [ 140.809652944427853, 40.474093720948531 ], [ 140.81092708231904, 40.475812053783329 ], [ 140.811395135377211, 40.476986803098555 ], [ 140.811487612663313, 40.478556531958418 ], [ 140.810019274270189, 40.48014627882776 ], [ 140.809579273764484, 40.481184332990608 ], [ 140.809680660634058, 40.481782386647865 ], [ 140.810695940365463, 40.483141306326274 ], [ 140.81086202266431, 40.485446053792373 ], [ 140.81062897504728, 40.487129667400268 ], [ 140.811336200105643, 40.487871054105938 ], [ 140.814680609722473, 40.488439386968196 ], [ 140.816814746803175, 40.491678027319153 ], [ 140.818649754082912, 40.492543026739327 ], [ 140.818688611989955, 40.493436081410096 ], [ 140.820025551338176, 40.495330279368943 ], [ 140.821593060671262, 40.496181946339789 ], [ 140.823481634270024, 40.496165837683293 ], [ 140.824415525356244, 40.496638613980906 ], [ 140.825993580139652, 40.495913585943299 ], [ 140.826944695041675, 40.49607997311233 ], [ 140.827501089403768, 40.496587467737527 ], [ 140.82775522702218, 40.497499972945434 ], [ 140.828559663397868, 40.497577469324824 ], [ 140.829706614668567, 40.49823302743232 ], [ 140.829732437801795, 40.498697747603046 ], [ 140.83139241272977, 40.500855838126483 ], [ 140.83243630439199, 40.50122833282137 ], [ 140.834124357952874, 40.501160559012646 ], [ 140.834741309963533, 40.501572505167019 ], [ 140.835409610565193, 40.502258053866171 ], [ 140.83524267211169, 40.503220838371021 ], [ 140.835526550310078, 40.503580559095553 ], [ 140.836965446698059, 40.504129170724696 ], [ 140.837974617334794, 40.503691387947242 ], [ 140.840212633306464, 40.504086639986497 ], [ 140.841049857165217, 40.503303027412812 ], [ 140.842044305900117, 40.503540251481468 ], [ 140.842314864239711, 40.503949693923289 ], [ 140.841859856747078, 40.505278306448758 ], [ 140.843676225577383, 40.50591691863093 ], [ 140.845020946759405, 40.507359693794911 ], [ 140.8463523094116, 40.50711664032076 ], [ 140.847414526559191, 40.507708027303693 ], [ 140.848658145057357, 40.507642467625828 ], [ 140.849905083852605, 40.506380225067403 ], [ 140.852587301962444, 40.505217441231991 ], [ 140.854580363293167, 40.506124667419499 ], [ 140.857175057582936, 40.506427693982971 ], [ 140.858130052160277, 40.506837971894925 ], [ 140.861205304581176, 40.506387693936972 ], [ 140.862203917177112, 40.506538531827857 ], [ 140.863224189045127, 40.506837134626096 ], [ 140.864431698863882, 40.507748531869311 ], [ 140.866766108669026, 40.508254612760197 ], [ 140.867716939385332, 40.508080441059576 ], [ 140.869867223793449, 40.5089598907864 ], [ 140.873177198369035, 40.50945127855374 ], [ 140.876786887305116, 40.511063747693868 ], [ 140.87833938965116, 40.511030134633074 ], [ 140.879867133661378, 40.510253613213706 ], [ 140.880061505034519, 40.510246171323786 ] ] ] } },
{ "type": "Feature", "properties": { "regioncode": "0532700", "regionname": "秋田県上小阿仁村", "name": "上小阿仁村", "namekana": "かみこあにむら", "PrefCode": "05" }, "geometry": { "type": "Polygon", "coordinates": [ [ [ 140.348951478827757, 40.090666531835041 ], [ 140.350306472066109, 40.090509027269832 ], [ 140.351225939825326, 40.089877359652462 ], [ 140.353533164923647, 40.090204864862699 ], [ 140.35444230936514, 40.090976531741603 ], [ 140.355776200011633, 40.091314306310267 ], [ 140.357609273749063, 40.090852640237188 ], [ 140.357895109771562, 40.090120414025932 ], [ 140.358965383046097, 40.090204864862699 ], [ 140.361890389330028, 40.08967038697881 ], [ 140.363055940379354, 40.089991224615403 ], [ 140.364412087447931, 40.089349278646353 ], [ 140.366303449844395, 40.090407892210521 ], [ 140.368730142682011, 40.089265108398081 ], [ 140.369558470447146, 40.089462333320057 ], [ 140.370990701060123, 40.090568720669978 ], [ 140.373817638972923, 40.090222612983268 ], [ 140.375746004874259, 40.088161775145863 ], [ 140.375654616667248, 40.087665387147979 ], [ 140.375210724795124, 40.087435387333301 ], [ 140.3733046171144, 40.086883441018017 ], [ 140.372358781232833, 40.087103170574892 ], [ 140.371479362982313, 40.08589817076404 ], [ 140.37124574609436, 40.083924838760367 ], [ 140.372168859705198, 40.08039897293429 ], [ 140.371901920237519, 40.078442307166767 ], [ 140.372970557645203, 40.077313972761658 ], [ 140.372470557969905, 40.076498694159454 ], [ 140.373071673818799, 40.075690081332255 ], [ 140.373230026444617, 40.074190612906534 ], [ 140.374100310281165, 40.073388387064483 ], [ 140.37477783432962, 40.070687000804469 ], [ 140.375392555122403, 40.069922279389743 ], [ 140.375639804833213, 40.068963945629662 ], [ 140.376451478952617, 40.068253107994565 ], [ 140.376626471734312, 40.067293107790761 ], [ 140.377730388646569, 40.065536972853067 ], [ 140.378830946590938, 40.06464974758785 ], [ 140.376452087793723, 40.06360225234215 ], [ 140.375593191172925, 40.062126133913978 ], [ 140.374947912316316, 40.062092251955903 ], [ 140.374419299810938, 40.061537252442292 ], [ 140.374326835115426, 40.059270027389914 ], [ 140.37382627786053, 40.058079198196481 ], [ 140.373817418639078, 40.057180584816194 ], [ 140.374282139709067, 40.056895026684174 ], [ 140.375399363889642, 40.056907531757247 ], [ 140.377039637369421, 40.056137506141056 ], [ 140.376626887221164, 40.054504170930784 ], [ 140.375459663432821, 40.053561667037343 ], [ 140.37516938925603, 40.052523054395522 ], [ 140.375705771903881, 40.05217889194239 ], [ 140.378246083290151, 40.051968053982534 ], [ 140.378693580544336, 40.050824171198599 ], [ 140.37853247689236, 40.050207224583801 ], [ 140.379366082778574, 40.049792225231045 ], [ 140.379427782566154, 40.0490955591128 ], [ 140.378054162569583, 40.049158613279417 ], [ 140.37727027210542, 40.048146946124689 ], [ 140.376233333101936, 40.047556387417387 ], [ 140.375154747393708, 40.045246946389511 ], [ 140.375255305088331, 40.044529440281508 ], [ 140.373655305048374, 40.043121666731565 ], [ 140.371430583754545, 40.04313861265689 ], [ 140.370487249786834, 40.043992504550488 ], [ 140.3698050321766, 40.04277277474381 ], [ 140.368245616741888, 40.042040559324391 ], [ 140.368260336845083, 40.041235279384694 ], [ 140.369080362968475, 40.039714972767854 ], [ 140.369175641642641, 40.038420252093033 ], [ 140.36860452717724, 40.037907748244038 ], [ 140.367181193557258, 40.037476359646348 ], [ 140.366327612829082, 40.036656919881011 ], [ 140.367096225610339, 40.035401918663695 ], [ 140.366227886108163, 40.034751919265716 ], [ 140.365318470071429, 40.033374693887083 ], [ 140.365280700344101, 40.032699134857239 ], [ 140.364519026731728, 40.031730531738674 ], [ 140.364372943556532, 40.030891639637503 ], [ 140.363194060057936, 40.029810532230329 ], [ 140.362132672085181, 40.029996360044038 ], [ 140.361166006106373, 40.029698027042343 ], [ 140.358720752161048, 40.027096080619685 ], [ 140.357293255579293, 40.026336359435504 ], [ 140.356941608068837, 40.025536640003963 ], [ 140.354247445163537, 40.024764973125059 ], [ 140.353654137228659, 40.022929413661586 ], [ 140.352182476739927, 40.021511639650498 ], [ 140.351784137328195, 40.020704694166341 ], [ 140.351912218773919, 40.019962197697339 ], [ 140.352724721169011, 40.019331360154183 ], [ 140.357776978424909, 40.017957722171218 ], [ 140.357981996871672, 40.014629666725796 ], [ 140.357096161059076, 40.013447440447067 ], [ 140.357110920732453, 40.012996891793193 ], [ 140.357403695923836, 40.012073279058654 ], [ 140.359036783820557, 40.010665775305313 ], [ 140.359190388925413, 40.009640774801994 ], [ 140.360266523980954, 40.008188252785715 ], [ 140.360918197017213, 40.007692693962724 ], [ 140.363165966136535, 40.007270466758712 ], [ 140.36461516156055, 40.006447134727523 ], [ 140.364507393101803, 40.00557491914725 ], [ 140.365282114078354, 40.005215468219319 ], [ 140.366790466906536, 40.00326713377126 ], [ 140.36813299644075, 40.002259640370141 ], [ 140.368201608417507, 40.00137183774018 ], [ 140.372127755291785, 40.000258225236962 ], [ 140.371838028802017, 39.999882666551855 ], [ 140.371955525227349, 39.999460999625512 ], [ 140.373239688760691, 39.998581278303391 ], [ 140.373569442275993, 39.997819054305978 ], [ 140.373634162886333, 39.997052667346793 ], [ 140.37319833973163, 39.996671558945366 ], [ 140.373328611926013, 39.995700721011531 ], [ 140.373010583771475, 39.995006838295012 ], [ 140.373629754409649, 39.992268224598945 ], [ 140.374260052359546, 39.990952081173646 ], [ 140.37594450143763, 39.989384026851383 ], [ 140.375661750989025, 39.988853468213051 ], [ 140.374512866175905, 39.988422081414001 ], [ 140.373452580772096, 39.987047359747919 ], [ 140.371927327883895, 39.986185694114567 ], [ 140.369979000630451, 39.985684305886082 ], [ 140.367497082224645, 39.981142639621169 ], [ 140.363355694309917, 39.981179305880289 ], [ 140.362278781340706, 39.980197080730761 ], [ 140.361539883059208, 39.980114027440493 ], [ 140.359236835311776, 39.978541532265979 ], [ 140.35812321741264, 39.978393747573421 ], [ 140.355722698443856, 39.975891802164995 ], [ 140.355224915597432, 39.974777080797708 ], [ 140.354489922172206, 39.974245135404715 ], [ 140.352428833424028, 39.971028468189331 ], [ 140.353684695292486, 39.96929625162079 ], [ 140.353592191926168, 39.96851653221222 ], [ 140.355052502970693, 39.967303468180546 ], [ 140.355021945806243, 39.966750693589688 ], [ 140.355535837309162, 39.966292361303488 ], [ 140.355249467988642, 39.965283467657969 ], [ 140.35644308687904, 39.964142360181825 ], [ 140.356526160853718, 39.963241504791654 ], [ 140.357653670580476, 39.962090666651022 ], [ 140.357179805203941, 39.960669837642968 ], [ 140.357060920225308, 39.958828440680065 ], [ 140.356096498954344, 39.956894559236559 ], [ 140.356964837557257, 39.956104001198753 ], [ 140.357757639403644, 39.955853441083491 ], [ 140.358508197395508, 39.954466774622006 ], [ 140.360319857375544, 39.954065945886725 ], [ 140.35865072555066, 39.952516774629487 ], [ 140.358942140067825, 39.95001399914679 ], [ 140.358049921766565, 39.949120387795688 ], [ 140.356747690853354, 39.948693440949569 ], [ 140.356407717442266, 39.947261224725821 ], [ 140.355492996304747, 39.945925360067349 ], [ 140.355333864865997, 39.944820360371409 ], [ 140.356140000061032, 39.942101746698313 ], [ 140.357080557821519, 39.94079758583996 ], [ 140.358308080253778, 39.93994453121519 ], [ 140.361412244979192, 39.93923369358015 ], [ 140.361877833894937, 39.938575360164805 ], [ 140.361606471561458, 39.936430081383207 ], [ 140.361052309316733, 39.934998694334354 ], [ 140.359755940184527, 39.933576467779801 ], [ 140.359864553106718, 39.931536198336914 ], [ 140.36028929931183, 39.930187306099356 ], [ 140.359398469563757, 39.928906747948133 ], [ 140.360166549946371, 39.928387559438363 ], [ 140.366160751717416, 39.927384225401738 ], [ 140.366508521351193, 39.926386998661087 ], [ 140.367343838647344, 39.925704504959015 ], [ 140.368782995838615, 39.925180891784805 ], [ 140.368925773105957, 39.924541441434428 ], [ 140.370129689233863, 39.923620613000935 ], [ 140.372190531567867, 39.923814225346291 ], [ 140.372641089214994, 39.922615891310386 ], [ 140.371561388347459, 39.92099338663553 ], [ 140.371141140551231, 39.919425054422788 ], [ 140.371093358671601, 39.918426171130932 ], [ 140.371761997418275, 39.917050333406223 ], [ 140.370665888420035, 39.915452837978137 ], [ 140.372200610270056, 39.915174226209615 ], [ 140.373728689727272, 39.914231694437206 ], [ 140.374363165028058, 39.91268835978002 ], [ 140.375677639311675, 39.911457251750846 ], [ 140.375683475911728, 39.910119467939126 ], [ 140.376980168799832, 39.907839198220472 ], [ 140.37687658848381, 39.906900027214533 ], [ 140.375856030631326, 39.906020027102613 ], [ 140.375152697838757, 39.904796693712512 ], [ 140.375919389668184, 39.902778919011951 ], [ 140.373578340168365, 39.898987531049784 ], [ 140.373583889884685, 39.898150864770628 ], [ 140.372829196810017, 39.89595863957959 ], [ 140.372903943062624, 39.894083080969438 ], [ 140.372361168033535, 39.89307030584996 ], [ 140.373036718969502, 39.892438640031287 ], [ 140.373238689613913, 39.891540307239438 ], [ 140.37428230878163, 39.890785027806828 ], [ 140.374340388797918, 39.889077252113566 ], [ 140.376606497791727, 39.888761694396749 ], [ 140.37763819734505, 39.887557252165493 ], [ 140.377996277706075, 39.885427251966178 ], [ 140.378855187816725, 39.884333919175106 ], [ 140.378745771800027, 39.881644721426824 ], [ 140.380527470866127, 39.880204171185596 ], [ 140.382747198224706, 39.879546107566853 ], [ 140.38354224387956, 39.877251667230723 ], [ 140.384661140799039, 39.876909171221314 ], [ 140.38506447504551, 39.876056107603347 ], [ 140.386171724845326, 39.875499170950036 ], [ 140.383970337361234, 39.873129720859993 ], [ 140.382896743789729, 39.871438613201462 ], [ 140.385139274358039, 39.869623053760961 ], [ 140.386426783369416, 39.869489170788654 ], [ 140.387049857065335, 39.867737775278158 ], [ 140.38799544743199, 39.866813613057843 ], [ 140.387908223086129, 39.865252199329575 ], [ 140.389153553893493, 39.863054972109353 ], [ 140.389793553729533, 39.862490802208811 ], [ 140.389211336234212, 39.860726081443545 ], [ 140.388992476321846, 39.858472467630349 ], [ 140.390191672807532, 39.857596359784225 ], [ 140.391016135286463, 39.855800802165334 ], [ 140.390209196097544, 39.854376919059632 ], [ 140.390474500597747, 39.852959108176378 ], [ 140.389283385419958, 39.850684666963843 ], [ 140.390047056426624, 39.847228279161811 ], [ 140.390674552988344, 39.846659108131405 ], [ 140.391366808831208, 39.844779106870362 ], [ 140.393759053137842, 39.842859081281631 ], [ 140.396722411909877, 39.841943531868537 ], [ 140.397512412367973, 39.840970197416709 ], [ 140.399829389714682, 39.839667414319763 ], [ 140.400785810616753, 39.838578223806053 ], [ 140.401418612279144, 39.836425441081303 ], [ 140.400716939635117, 39.8347440541948 ], [ 140.398922501672132, 39.834541278657127 ], [ 140.394297223637977, 39.833178505383785 ], [ 140.39280885914161, 39.834327107809827 ], [ 140.390693281369863, 39.835036865359086 ], [ 140.388402438321918, 39.834608801555021 ], [ 140.386097134175429, 39.835036585669968 ], [ 140.38456491603813, 39.83457491869757 ], [ 140.382142969822212, 39.834822413923291 ], [ 140.38001267194727, 39.8339551976743 ], [ 140.37910795217033, 39.833910198297076 ], [ 140.378334890442943, 39.834056586342456 ], [ 140.377809610824897, 39.834664919250656 ], [ 140.375460142771431, 39.835678278929493 ], [ 140.373403164824254, 39.836027440713849 ], [ 140.372356782939278, 39.835898000392433 ], [ 140.370821505308299, 39.834192720317844 ], [ 140.370673449919877, 39.833327720897671 ], [ 140.366397328274161, 39.831332170243513 ], [ 140.363578197376, 39.827887972751796 ], [ 140.362419300410465, 39.827343837947808 ], [ 140.359445110203751, 39.827288278731146 ], [ 140.355811218712802, 39.826330775045278 ], [ 140.355231777424706, 39.825439946196639 ], [ 140.35340094659648, 39.824042720794978 ], [ 140.351769274232652, 39.821346892345275 ], [ 140.347777612646723, 39.818996891893107 ], [ 140.346565965946638, 39.816385224698422 ], [ 140.347785422359379, 39.815100467612524 ], [ 140.347987664599145, 39.814155747789584 ], [ 140.348657664919415, 39.813533532046904 ], [ 140.348407108401375, 39.812805198101444 ], [ 140.349136031402736, 39.811477413851605 ], [ 140.347834358069235, 39.809808801834777 ], [ 140.344931582126833, 39.808361027339572 ], [ 140.342924915852223, 39.806526585733423 ], [ 140.341052698223507, 39.805604640341926 ], [ 140.340168806745055, 39.80445769356777 ], [ 140.338624917206175, 39.804064640370882 ], [ 140.336247664598091, 39.804147413072712 ], [ 140.330357107894315, 39.800878837888092 ], [ 140.325577911791243, 39.799969107987977 ], [ 140.32164569359395, 39.797412170835059 ], [ 140.321053190552334, 39.796634666456725 ], [ 140.318568443778759, 39.796148000130131 ], [ 140.316394838151268, 39.796210504811029 ], [ 140.314455356629423, 39.796930802414636 ], [ 140.310928105847438, 39.797181359831939 ], [ 140.310962826873038, 39.798137748358442 ], [ 140.31072141376228, 39.798218027240239 ], [ 140.312560584003791, 39.801011639875355 ], [ 140.312883333599075, 39.802701919258197 ], [ 140.313665837308577, 39.803641639749912 ], [ 140.314411634289513, 39.807327198191672 ], [ 140.313204694641058, 39.809207748039171 ], [ 140.312989663142503, 39.810728613135041 ], [ 140.313575188344316, 39.813171386750128 ], [ 140.311878521976269, 39.814001107565105 ], [ 140.311257665109224, 39.815374440677942 ], [ 140.308641802577199, 39.816738892086278 ], [ 140.308571245366693, 39.818074171286014 ], [ 140.310748197371481, 39.820501386629758 ], [ 140.308751750992542, 39.82339138680311 ], [ 140.308979804674323, 39.824205838029059 ], [ 140.309740078042182, 39.825091386058659 ], [ 140.309620636383329, 39.825626134638469 ], [ 140.307660337354719, 39.827233919210073 ], [ 140.307828664361409, 39.827810864879552 ], [ 140.307589494159856, 39.828483639608351 ], [ 140.306328637456772, 39.830194467600677 ], [ 140.303272218638085, 39.831276135285464 ], [ 140.301446354765517, 39.831491136207035 ], [ 140.300308028892459, 39.832388639823932 ], [ 140.298433839050517, 39.83303866710088 ], [ 140.296461607817037, 39.832946440725721 ], [ 140.298627715796556, 39.834465053919132 ], [ 140.299444668936417, 39.836098667919259 ], [ 140.301660505827726, 39.837688666598751 ], [ 140.304062139955818, 39.842558107870445 ], [ 140.30474241233253, 39.843078107568658 ], [ 140.304262944179641, 39.843731440753459 ], [ 140.304326277136056, 39.844113667012152 ], [ 140.305600168612955, 39.84485589188597 ], [ 140.306476003964463, 39.84740310826686 ], [ 140.306297082044807, 39.848385053727327 ], [ 140.304663995047349, 39.851829504827833 ], [ 140.305753696376087, 39.853824505096895 ], [ 140.304560362570783, 39.855685332811902 ], [ 140.305158391946293, 39.857027560173833 ], [ 140.304875306050576, 39.859574504060163 ], [ 140.305065577414553, 39.860547558822816 ], [ 140.303053332645277, 39.861822278575346 ], [ 140.300217470759776, 39.862982027198825 ], [ 140.29859080402241, 39.864755359871992 ], [ 140.298273838866635, 39.865888413019889 ], [ 140.299881335655186, 39.868937586000868 ], [ 140.300259052713159, 39.872613413778083 ], [ 140.301204060319151, 39.873444251551007 ], [ 140.30129044110106, 39.875612865041717 ], [ 140.302419299810936, 39.87695008138121 ], [ 140.302234864147749, 39.878025639971383 ], [ 140.30283430635825, 39.879088694387804 ], [ 140.303894864256677, 39.879608694086016 ], [ 140.301363994852522, 39.881697305686146 ], [ 140.299087587722056, 39.882212865431427 ], [ 140.297991726037367, 39.884501747957358 ], [ 140.298003113253117, 39.885745639849461 ], [ 140.29740949415293, 39.886172306107085 ], [ 140.297478366033829, 39.887425639981359 ], [ 140.296775304836501, 39.888284252416383 ], [ 140.296982529320303, 39.889430639812247 ], [ 140.297610829875907, 39.890067027071723 ], [ 140.297051115216846, 39.892684801562382 ], [ 140.297459416418974, 39.894426747896148 ], [ 140.296555771331896, 39.895827585874429 ], [ 140.297193839424267, 39.896443973110934 ], [ 140.297860505957601, 39.898995359648154 ], [ 140.300112697942723, 39.90121286478194 ], [ 140.298325473441878, 39.902697026746466 ], [ 140.297010999158374, 39.902746198078603 ], [ 140.296123217212767, 39.903701504720743 ], [ 140.295702386655876, 39.904701225281372 ], [ 140.296030700356596, 39.906122891558255 ], [ 140.294820142735489, 39.907420386641604 ], [ 140.2944720493457, 39.909416225078758 ], [ 140.293728444012572, 39.910167332556398 ], [ 140.292799249186032, 39.911918442082481 ], [ 140.29354869021995, 39.912917891947188 ], [ 140.293847004335817, 39.914238441151213 ], [ 140.294924500965067, 39.916144839312949 ], [ 140.295183916704445, 39.917820666590558 ], [ 140.295766135099143, 39.918638171014834 ], [ 140.295641971100167, 39.91987927860589 ], [ 140.293983332564835, 39.921380387395004 ], [ 140.292911919849303, 39.922931225096022 ], [ 140.29327192026301, 39.923924559570821 ], [ 140.292507716857699, 39.925588171357049 ], [ 140.292762165641534, 39.927027612734207 ], [ 140.292432995786157, 39.927477333112506 ], [ 140.291012969872781, 39.927939558563821 ], [ 140.29011466855718, 39.92724705360871 ], [ 140.288342139877955, 39.927026225080283 ], [ 140.287889948162615, 39.926354279526436 ], [ 140.286262411780967, 39.926137333371287 ], [ 140.285567134215967, 39.92681927938628 ], [ 140.286001854801839, 39.928372359996445 ], [ 140.285861283571421, 39.928825414161565 ], [ 140.283102114071426, 39.929519865249631 ], [ 140.282055447101243, 39.928822639753093 ], [ 140.280795719946582, 39.928873197839835 ], [ 140.278166277651621, 39.927934891981749 ], [ 140.275481803142725, 39.927909053560029 ], [ 140.27459763916977, 39.928589612820417 ], [ 140.27496121888521, 39.930310441273889 ], [ 140.274222049008472, 39.931976838260539 ], [ 140.273059804766262, 39.932692414423457 ], [ 140.271405642156765, 39.934346586026152 ], [ 140.269930336715674, 39.934339359973535 ], [ 140.268113645028734, 39.93622269412208 ], [ 140.266481141691429, 39.936939666932119 ], [ 140.265818365625137, 39.937918278605707 ], [ 140.266793890825511, 39.939999945641034 ], [ 140.266946394260799, 39.941759667075019 ], [ 140.265159143679625, 39.943790505327627 ], [ 140.263069663334363, 39.945238027113305 ], [ 140.261267393175672, 39.94972302709607 ], [ 140.260187665328544, 39.950236108309809 ], [ 140.257565966196466, 39.952681387436144 ], [ 140.256275421973214, 39.953039440817577 ], [ 140.255175382937637, 39.953777224839087 ], [ 140.251533411038167, 39.95474391869692 ], [ 140.251266471570489, 39.956016973804367 ], [ 140.249835058441249, 39.958420892210484 ], [ 140.248246719910298, 39.958717837558197 ], [ 140.247785888408089, 39.959130891677376 ], [ 140.24755252872626, 39.960148667027397 ], [ 140.249057807671761, 39.962065332748978 ], [ 140.248615031858321, 39.962680054441023 ], [ 140.249080856396517, 39.96328061271015 ], [ 140.249188884759292, 39.965145053901153 ], [ 140.249782217875122, 39.965897279236117 ], [ 140.250926667231965, 39.966517558738417 ], [ 140.251254449433304, 39.967776170733771 ], [ 140.252140271756161, 39.968406440804642 ], [ 140.252676354929918, 39.970127000360833 ], [ 140.252397198172275, 39.972188945263667 ], [ 140.252882438174083, 39.973634504728636 ], [ 140.251978275077363, 39.974073667066136 ], [ 140.251866589171868, 39.975616749013795 ], [ 140.251418520848119, 39.97632953188247 ], [ 140.25125044115498, 39.978817026984245 ], [ 140.250925161766872, 39.979959252317713 ], [ 140.250213502151496, 39.980872306112076 ], [ 140.250239856783992, 39.98173091944642 ], [ 140.250905421647985, 39.982597864999548 ], [ 140.250432632759839, 39.983605918678279 ], [ 140.248329585242232, 39.98434844122761 ], [ 140.246976226072093, 39.984402054311431 ], [ 140.246386783423418, 39.984935667047466 ], [ 140.243185383098989, 39.985435666722708 ], [ 140.242008690348825, 39.98713874795493 ], [ 140.241152865812182, 39.98779569371635 ], [ 140.240284527209269, 39.987885973059235 ], [ 140.238831724604438, 39.98860430564423 ], [ 140.238167834278215, 39.988454865299843 ], [ 140.236635616140802, 39.988817080743729 ], [ 140.236530894585144, 39.990155414041169 ], [ 140.235239754111376, 39.990441278842013 ], [ 140.235309467757816, 39.991142107921974 ], [ 140.234284475348318, 39.991423773788199 ], [ 140.234590311393845, 39.992038505372761 ], [ 140.235779467848261, 39.992640170707375 ], [ 140.234085005718498, 39.994007667220103 ], [ 140.23447778192417, 39.994689613235096 ], [ 140.234066394248771, 39.995565442291365 ], [ 140.234488611560209, 39.996145720848403 ], [ 140.234371920028138, 39.997417107713375 ], [ 140.234749974331862, 39.998217945901558 ], [ 140.236453579868908, 40.000039892327209 ], [ 140.236675252860664, 40.000719332831011 ], [ 140.236591337120558, 40.003007387081311 ], [ 140.236843553787025, 40.003759053037925 ], [ 140.236462438190983, 40.004496559168899 ], [ 140.236677172913232, 40.00533822477928 ], [ 140.236213799926986, 40.00582544059165 ], [ 140.236316031259889, 40.006630467821878 ], [ 140.235378806386848, 40.007672134561403 ], [ 140.235671855871487, 40.008809640252764 ], [ 140.236937133641845, 40.009444639858316 ], [ 140.237538495005651, 40.010143801595234 ], [ 140.23605211441361, 40.011748252380016 ], [ 140.238234331948888, 40.012063802002899 ], [ 140.238687950888334, 40.013707973144506 ], [ 140.24180710821156, 40.014648225135545 ], [ 140.243878755000651, 40.016928504746772 ], [ 140.243278470125347, 40.017683224801033 ], [ 140.243300415381896, 40.018887972801735 ], [ 140.24271399535462, 40.020526586133087 ], [ 140.241778715715213, 40.020716306212591 ], [ 140.241453722311462, 40.021728801642951 ], [ 140.241907860159699, 40.0229860268837 ], [ 140.242544527108294, 40.023489918824737 ], [ 140.242475084157832, 40.024188801771857 ], [ 140.244689248310237, 40.026114359989776 ], [ 140.245210894667139, 40.028617134573153 ], [ 140.244939779647211, 40.029473252288824 ], [ 140.243145863291033, 40.030987413838147 ], [ 140.242084189333923, 40.030987413838147 ], [ 140.241466693233406, 40.031595504828715 ], [ 140.239887524189953, 40.031815505081568 ], [ 140.241080830116289, 40.034399667410753 ], [ 140.240791115317734, 40.036194108071697 ], [ 140.241464449424825, 40.036534666941407 ], [ 140.241805525404743, 40.038082170855546 ], [ 140.241139143956389, 40.039027719853436 ], [ 140.241724967733148, 40.039844387008884 ], [ 140.240784942371306, 40.042090225283744 ], [ 140.239406886918346, 40.043067468189179 ], [ 140.237228807163774, 40.043746081316669 ], [ 140.236133528239748, 40.045211360216172 ], [ 140.236672114226735, 40.047500802120396 ], [ 140.238091555580922, 40.048523865484071 ], [ 140.239132385950938, 40.048610802046937 ], [ 140.240018495157528, 40.04919080181412 ], [ 140.242514863869928, 40.051887748121146 ], [ 140.242072088056489, 40.053133586146146 ], [ 140.239426782619944, 40.055053864444346 ], [ 140.239834812226832, 40.056515802362469 ], [ 140.241152580727089, 40.056943865267215 ], [ 140.242009533013629, 40.057794134691619 ], [ 140.241059804866154, 40.058285532351476 ], [ 140.240453384815964, 40.060584441418882 ], [ 140.242250583697569, 40.062309720617179 ], [ 140.243597833773038, 40.062112775384321 ], [ 140.244183644959321, 40.062906667208949 ], [ 140.244905862615497, 40.063003586246566 ], [ 140.245333087352151, 40.06345830595609 ], [ 140.248327808181898, 40.062972747594301 ], [ 140.248928365551706, 40.063524693909528 ], [ 140.25040252885367, 40.063547197645107 ], [ 140.250509754121936, 40.063783586243574 ], [ 140.249942801719044, 40.064231640178093 ], [ 140.250018911343773, 40.06479719773256 ], [ 140.249021672911908, 40.065592747907033 ], [ 140.249872502613925, 40.065923306315597 ], [ 140.250092217781685, 40.066413306429013 ], [ 140.249908339698209, 40.067053026575991 ], [ 140.250262192346327, 40.067927747667454 ], [ 140.249910246260924, 40.068623027031151 ], [ 140.25227302158271, 40.068841639630023 ], [ 140.252456913156038, 40.069375252366058 ], [ 140.253818585659246, 40.070157747981739 ], [ 140.254226886861375, 40.071348026790076 ], [ 140.255249663341374, 40.071544694132399 ], [ 140.256298559730794, 40.072275252101235 ], [ 140.258156057256315, 40.072372198118501 ], [ 140.264726640821891, 40.070607721069507 ], [ 140.267120245802744, 40.069496053799924 ], [ 140.269036640828404, 40.069845224577477 ], [ 140.270174695106107, 40.068942172143579 ], [ 140.271864968193768, 40.068910505215683 ], [ 140.274447471273788, 40.069813000069928 ], [ 140.276187198080834, 40.069599640411127 ], [ 140.280093579655045, 40.069877693700676 ], [ 140.282194695428871, 40.069476864965395 ], [ 140.28421858641866, 40.06980658610513 ], [ 140.284831919557519, 40.0703043599583 ], [ 140.288839688900566, 40.070272134551431 ], [ 140.290965771653077, 40.072379360319303 ], [ 140.29129355385453, 40.073600747576506 ], [ 140.292730467237334, 40.074615747618736 ], [ 140.293671855072148, 40.076328531636477 ], [ 140.295956303940329, 40.076826306388966 ], [ 140.297528222649476, 40.07794464033293 ], [ 140.2975362517966, 40.079857973167009 ], [ 140.298090973419789, 40.080226306698762 ], [ 140.298418754721865, 40.081389918809748 ], [ 140.299576809022597, 40.081726027833952 ], [ 140.300812335421028, 40.083115467804646 ], [ 140.302678443955074, 40.083231865258426 ], [ 140.304039856554255, 40.082243225244724 ], [ 140.307114578375149, 40.081725999954983 ], [ 140.309196809285368, 40.08224738730712 ], [ 140.310257886092586, 40.083329332882442 ], [ 140.31323153131018, 40.083070721136949 ], [ 140.315080389048831, 40.083885170564201 ], [ 140.315534279583403, 40.084518775321271 ], [ 140.316358170992885, 40.084647946745406 ], [ 140.316190077809893, 40.087045441294151 ], [ 140.317062555092889, 40.088841559190655 ], [ 140.316439493987559, 40.090237946424168 ], [ 140.318605031796892, 40.091255999664725 ], [ 140.319239779592181, 40.090508225074586 ], [ 140.319584501423719, 40.088796558914112 ], [ 140.321219248569491, 40.087630999770852 ], [ 140.321783696360512, 40.086640440603901 ], [ 140.323485110249749, 40.08511461214971 ], [ 140.324217367037932, 40.083779865348561 ], [ 140.325440415342996, 40.083059306042173 ], [ 140.326143190555854, 40.081775414104129 ], [ 140.326575135833878, 40.081690973159937 ], [ 140.327592918378514, 40.08211319766599 ], [ 140.328493476093058, 40.081825973090247 ], [ 140.331568471307946, 40.083554864865164 ], [ 140.334760700346123, 40.084714865298849 ], [ 140.336466808696287, 40.084607918820438 ], [ 140.337301504560855, 40.085187919486941 ], [ 140.338949026576415, 40.085311801998103 ], [ 140.339519830775657, 40.085936802041829 ], [ 140.339788443881616, 40.087997639879234 ], [ 140.340550363008902, 40.089343198329971 ], [ 140.344142580815515, 40.089082639552203 ], [ 140.346327029568783, 40.09084097333232 ], [ 140.348005913642055, 40.091375972822959 ], [ 140.348606744405743, 40.090964864836678 ], [ 140.348951478827757, 40.090666531835041 ] ] ] } },
{ "type": "Feature", "properties": { "regioncode": "0534600", "regionname": "秋田県藤里町", "name": "藤里町", "namekana": "ふじさとまち", "PrefCode": "05" }, "geometry": { "type": "Polygon", "coordinates": [ [ [ 140.292236030768322, 40.446327081729464 ], [ 140.292828807203705, 40.445980694353636 ], [ 140.295725473152174, 40.446447080968085 ], [ 140.298870752183575, 40.44625235975866 ], [ 140.300042698311927, 40.44543597319165 ], [ 140.300394085918356, 40.444484307005212 ], [ 140.301957718274139, 40.442836251691688 ], [ 140.305769390445107, 40.442747360002727 ], [ 140.307626056997037, 40.441893468109129 ], [ 140.308386887045231, 40.439983747851727 ], [ 140.307973021737666, 40.438065412988465 ], [ 140.309538859230997, 40.436572333346533 ], [ 140.310726640622079, 40.436287332794222 ], [ 140.31275302183451, 40.437209837564012 ], [ 140.315345811360203, 40.43749510791298 ], [ 140.317611633470165, 40.439683467817815 ], [ 140.319399143955366, 40.438895945891261 ], [ 140.320966913192592, 40.438603999874772 ], [ 140.322736355398547, 40.439374279099752 ], [ 140.32687469371217, 40.43907399996516 ], [ 140.330498584741918, 40.439313171066033 ], [ 140.331335252819713, 40.439467054960687 ], [ 140.332227470221596, 40.440124559201081 ], [ 140.33521608285605, 40.439383441392749 ], [ 140.334933333306708, 40.437288171212174 ], [ 140.335149169698525, 40.436315666834616 ], [ 140.335586667390885, 40.435834559217597 ], [ 140.335396394228269, 40.434548721146598 ], [ 140.335714188558995, 40.43332705420022 ], [ 140.334497250247978, 40.431149279315832 ], [ 140.334868637877435, 40.429518170826952 ], [ 140.333681140672184, 40.428187333378787 ], [ 140.333404772712129, 40.427322054269439 ], [ 140.334263942726807, 40.425803441075971 ], [ 140.336207562029472, 40.425328973153626 ], [ 140.3364078347538, 40.424202306091615 ], [ 140.335559247960987, 40.423234532148001 ], [ 140.336136199925704, 40.422303694260108 ], [ 140.333854527264634, 40.420953972847599 ], [ 140.332680363408144, 40.419684801912126 ], [ 140.334112891696691, 40.416352305614453 ], [ 140.335469274387606, 40.415495640211702 ], [ 140.335371777085925, 40.413513413912995 ], [ 140.336537910895913, 40.411728694024077 ], [ 140.336447367152346, 40.410004252094609 ], [ 140.336997665010244, 40.407859531791985 ], [ 140.336275719848686, 40.406774252429841 ], [ 140.336506549737578, 40.405721747960342 ], [ 140.333158248754216, 40.40320286472047 ], [ 140.333357418909827, 40.402202305991693 ], [ 140.333097134425316, 40.401480639619876 ], [ 140.334358249233901, 40.400447306897775 ], [ 140.333251335780574, 40.39875591865075 ], [ 140.333027172566062, 40.396465640377073 ], [ 140.334245524611333, 40.393574775055868 ], [ 140.334813864668149, 40.393112559497069 ], [ 140.334347470859143, 40.391783107904132 ], [ 140.334526394577551, 40.389354504906521 ], [ 140.333786108642016, 40.388802278902119 ], [ 140.333426109127686, 40.387955613061138 ], [ 140.334592243837051, 40.38550255929573 ], [ 140.336122801825923, 40.384148944718049 ], [ 140.337755576758582, 40.38340644105449 ], [ 140.337477003660865, 40.381753107619886 ], [ 140.338276472181519, 40.378458945823752 ], [ 140.339666744025067, 40.377603667175549 ], [ 140.340363968622341, 40.376676171168413 ], [ 140.343038171074795, 40.375130332798676 ], [ 140.344165668211076, 40.374960612742143 ], [ 140.34626703039919, 40.375867838030331 ], [ 140.346833165318344, 40.375649774917235 ], [ 140.347480661003715, 40.374479505125123 ], [ 140.350134278873952, 40.373537801628288 ], [ 140.3502473668226, 40.37191419798188 ], [ 140.353850142670012, 40.369741694024015 ], [ 140.354753501772734, 40.3680089189765 ], [ 140.356433774399193, 40.36655836018025 ], [ 140.355933217144297, 40.365950584851646 ], [ 140.355691025220722, 40.363992802126177 ], [ 140.353239104601016, 40.360868080697401 ], [ 140.353232166331509, 40.360229197819251 ], [ 140.353796057442196, 40.359483360368813 ], [ 140.352251919690389, 40.356747801669769 ], [ 140.353194137599417, 40.355072252282696 ], [ 140.350633333361657, 40.351985585666284 ], [ 140.350929999919572, 40.349646973329186 ], [ 140.346983942954694, 40.345033361300636 ], [ 140.346775615902061, 40.343741972613998 ], [ 140.344991440102945, 40.342318918683191 ], [ 140.34293119312008, 40.339840028294702 ], [ 140.342113695890362, 40.337909747736717 ], [ 140.338513994825121, 40.336043640101934 ], [ 140.337974280188973, 40.334962801592098 ], [ 140.336776498336803, 40.333789198013108 ], [ 140.336357639093876, 40.33256946820643 ], [ 140.335497639004871, 40.331719467679363 ], [ 140.335890972790253, 40.329968081162065 ], [ 140.336562114350158, 40.329423919378428 ], [ 140.336328781648035, 40.326832802591809 ], [ 140.336730998936559, 40.32625391888331 ], [ 140.336038520960983, 40.324673918866324 ], [ 140.334539637094622, 40.3233325323705 ], [ 140.332888806473306, 40.322763080751656 ], [ 140.333828832734525, 40.320311134950941 ], [ 140.332594383723858, 40.319995865017233 ], [ 140.332099104590043, 40.319343639797182 ], [ 140.332460803823096, 40.317811134776093 ], [ 140.33345024693142, 40.315983081054412 ], [ 140.333439169082453, 40.314979468227932 ], [ 140.333017496760135, 40.314405864439152 ], [ 140.330116939445247, 40.314589747918603 ], [ 140.328584448813331, 40.312306972688702 ], [ 140.325376939394346, 40.311728080886269 ], [ 140.325723645130211, 40.310153919268032 ], [ 140.325457808231363, 40.307686972775628 ], [ 140.325873943427837, 40.307306413859976 ], [ 140.325308948848942, 40.3068914136079 ], [ 140.325188106046312, 40.30602086537067 ], [ 140.324292554857607, 40.305088918618765 ], [ 140.324258106326624, 40.30431222542893 ], [ 140.322757302407695, 40.301905279904815 ], [ 140.323267860123678, 40.300827505385143 ], [ 140.3231412193918, 40.299995558748094 ], [ 140.324112049231758, 40.298139721371115 ], [ 140.323895382765727, 40.297155279392655 ], [ 140.324824034401786, 40.295696386579039 ], [ 140.325025422285421, 40.294629170999485 ], [ 140.327022386673889, 40.292290838351562 ], [ 140.327082411923811, 40.290199973050392 ], [ 140.327417690873745, 40.289479134954149 ], [ 140.326234942088945, 40.286586918851299 ], [ 140.32629077829688, 40.284192197811706 ], [ 140.325263553770014, 40.283534413882137 ], [ 140.32615496807739, 40.281942468170428 ], [ 140.326283021644144, 40.28028053182112 ], [ 140.324999974169486, 40.280026360028558 ], [ 140.323524694808839, 40.280527467668549 ], [ 140.323186939126003, 40.279082467581873 ], [ 140.322343061183346, 40.27791219778976 ], [ 140.322497222968536, 40.277384413559901 ], [ 140.323510558365683, 40.276847467936364 ], [ 140.323508638313115, 40.275490505182745 ], [ 140.323814189273435, 40.274954386935462 ], [ 140.323103943392312, 40.272321332963202 ], [ 140.320881167332118, 40.272474386783585 ], [ 140.319030337380241, 40.271141333405865 ], [ 140.319317833551281, 40.270612441211256 ], [ 140.318683112735584, 40.270126053674517 ], [ 140.317150610412455, 40.270137720579385 ], [ 140.315819494174434, 40.269390505367596 ], [ 140.314589805275318, 40.268514386729635 ], [ 140.314562580998427, 40.267553559149462 ], [ 140.313748145060913, 40.266211332686908 ], [ 140.313023411101653, 40.26585717067195 ], [ 140.312186225913706, 40.264830504624115 ], [ 140.311059273766546, 40.264479946192637 ], [ 140.310707886160117, 40.26233827908834 ], [ 140.311092892223314, 40.261901332680395 ], [ 140.310888755112046, 40.260418838058968 ], [ 140.309644890199593, 40.258028837560857 ], [ 140.309693217068343, 40.257292972692596 ], [ 140.310405446853906, 40.257067694318664 ], [ 140.310438222645871, 40.256384080960629 ], [ 140.309894616643305, 40.255773252433698 ], [ 140.30988571965031, 40.255172972954369 ], [ 140.307793527849071, 40.252621027038799 ], [ 140.305811024559148, 40.252238801679425 ], [ 140.302884085632058, 40.253562413974294 ], [ 140.301179637430437, 40.252540467568565 ], [ 140.300306860673118, 40.252997135209682 ], [ 140.296800466968079, 40.252952440702643 ], [ 140.293116589359215, 40.252026053559575 ], [ 140.290694358058204, 40.252093559370337 ], [ 140.288358223353384, 40.253651053853105 ], [ 140.287857951183582, 40.2536652253699 ], [ 140.2863763037235, 40.252718279724888 ], [ 140.283897977209904, 40.24971133261198 ], [ 140.282796860786561, 40.248956892246838 ], [ 140.282085227251514, 40.247002999988524 ], [ 140.277498029210733, 40.243635774571374 ], [ 140.277174967550764, 40.242779666748277 ], [ 140.276358301294636, 40.242361614197193 ], [ 140.276008301342131, 40.241709944758213 ], [ 140.275257755940743, 40.242420505402038 ], [ 140.274164137165258, 40.24265133259297 ], [ 140.273408028557697, 40.243844946087449 ], [ 140.271293839339251, 40.244768558821988 ], [ 140.269282995713752, 40.24421105379713 ], [ 140.268218586018975, 40.243056612972339 ], [ 140.26470938912712, 40.243934134552717 ], [ 140.263412994813962, 40.243691919246714 ], [ 140.262363307021019, 40.242807748079144 ], [ 140.260821920295484, 40.242351918606232 ], [ 140.258715226926256, 40.242807748079144 ], [ 140.25235192000514, 40.240302467984577 ], [ 140.249577418862827, 40.245690559072102 ], [ 140.248189948407457, 40.24405194574075 ], [ 140.247624641763878, 40.244721667271165 ], [ 140.246406031613105, 40.244733891755743 ], [ 140.244651855398843, 40.245887775000881 ], [ 140.243274358424969, 40.245630279314014 ], [ 140.24097461658539, 40.247239197930696 ], [ 140.239095718792441, 40.247160306702824 ], [ 140.237612943582576, 40.248432802431921 ], [ 140.23569680936032, 40.249170305864993 ], [ 140.234720972994523, 40.24898446815871 ], [ 140.233653216922448, 40.248261972611999 ], [ 140.231696550255606, 40.247881694284843 ], [ 140.230698755143521, 40.248668919435147 ], [ 140.230573747580479, 40.249299505168096 ], [ 140.230926252144855, 40.250217278604566 ], [ 140.230221530799099, 40.251095891961882 ], [ 140.229392049203739, 40.251337558681428 ], [ 140.228533165173531, 40.252097838344639 ], [ 140.227307613155858, 40.252369775344903 ], [ 140.226219000906212, 40.254169774715365 ], [ 140.222677030021032, 40.255504251719913 ], [ 140.221319247984979, 40.255395360007924 ], [ 140.221009248078417, 40.256466748441767 ], [ 140.219274773312236, 40.258397865369261 ], [ 140.219377807739647, 40.260008441436469 ], [ 140.220413645073677, 40.261320108036614 ], [ 140.220501698594603, 40.262564559307009 ], [ 140.221691971107589, 40.263183999741841 ], [ 140.223073645432464, 40.263150107891192 ], [ 140.223595576874459, 40.263443169966365 ], [ 140.223470583700532, 40.264411505086969 ], [ 140.222687781416084, 40.265256224794996 ], [ 140.22298555234147, 40.265965386993059 ], [ 140.22269888534538, 40.267192892338187 ], [ 140.221905278605732, 40.267598170918916 ], [ 140.218348585818603, 40.268020134621565 ], [ 140.217643021808044, 40.267885133791935 ], [ 140.217128858709884, 40.267080135340052 ], [ 140.216482192199464, 40.267136252136368 ], [ 140.21537247735796, 40.26839180194014 ], [ 140.214409974340924, 40.26825680200983 ], [ 140.213079689076494, 40.268628198632541 ], [ 140.21157355397645, 40.269484026766463 ], [ 140.211661608396525, 40.27040069403688 ], [ 140.210956614556153, 40.271015413930286 ], [ 140.211264643148866, 40.273205720867395 ], [ 140.211054643357215, 40.274191278904425 ], [ 140.213009636385664, 40.275187108098635 ], [ 140.216207691232057, 40.275902640194715 ], [ 140.217561855295457, 40.277524332781809 ], [ 140.217230999211324, 40.278340721147401 ], [ 140.216408222961149, 40.278774332869204 ], [ 140.216207665151728, 40.27929655838949 ], [ 140.216485720239916, 40.280027108264505 ], [ 140.217466278046345, 40.280897107915223 ], [ 140.217547082132228, 40.281679613423478 ], [ 140.218369856583649, 40.282180721063469 ], [ 140.2176348640578, 40.284781838311233 ], [ 140.219090117315091, 40.287478774725741 ], [ 140.219141218592426, 40.289004891862305 ], [ 140.218788418151007, 40.290125198019552 ], [ 140.217487859976814, 40.290558801647421 ], [ 140.216909805443265, 40.292263802032892 ], [ 140.216267860373478, 40.290783802130818 ], [ 140.216804527207273, 40.289021307187625 ], [ 140.216642892055916, 40.287940467778412 ], [ 140.216378443710255, 40.287647694385612 ], [ 140.215675940092638, 40.287641864980117 ], [ 140.215629000877698, 40.287067693719166 ], [ 140.215092335842655, 40.286769359818152 ], [ 140.21377150515093, 40.287089639875035 ], [ 140.214051504573376, 40.288137973288883 ], [ 140.213470077582087, 40.289237134586131 ], [ 140.213545642217696, 40.291196585554019 ], [ 140.214379222023581, 40.291988801941727 ], [ 140.21392367223973, 40.292122693907231 ], [ 140.213535058096568, 40.292787693996956 ], [ 140.214373112928911, 40.293394359562114 ], [ 140.214755887774118, 40.29486991861188 ], [ 140.213836161010136, 40.295202972639117 ], [ 140.213890051984322, 40.294535467937521 ], [ 140.213434228806705, 40.293917972736324 ], [ 140.213201165901182, 40.294016026718339 ], [ 140.212927275573406, 40.294626053949287 ], [ 140.213066419579718, 40.296202441389596 ], [ 140.212549467683857, 40.297146332936961 ], [ 140.21374725043529, 40.297748278860013 ], [ 140.214393916945824, 40.298570504725092 ], [ 140.214033644936876, 40.298829666855681 ], [ 140.213215305042354, 40.297892720772495 ], [ 140.212667250093546, 40.298012999700234 ], [ 140.211586978156561, 40.297397170942759 ], [ 140.211565576989869, 40.298180504726588 ], [ 140.212071970844818, 40.298711333161521 ], [ 140.211946939000086, 40.299212171004967 ], [ 140.212296938952591, 40.299573559072542 ], [ 140.212383060729735, 40.300678558768539 ], [ 140.211845006242129, 40.30075272136105 ], [ 140.210675551235795, 40.298936332745598 ], [ 140.209742503713642, 40.298705504655345 ], [ 140.208838612212276, 40.299499386587456 ], [ 140.208405005886334, 40.299459945919807 ], [ 140.20905169937646, 40.298165225244986 ], [ 140.208759468274934, 40.296993000326779 ], [ 140.208393644750913, 40.297273559127518 ], [ 140.204455577363092, 40.297297748192591 ], [ 140.20431888490873, 40.300862468328319 ], [ 140.202004422066466, 40.301621640026724 ], [ 140.201166354643647, 40.302400801855583 ], [ 140.201056354966909, 40.303046360401254 ], [ 140.201791360982611, 40.30462274784162 ], [ 140.202098832894876, 40.30790722483863 ], [ 140.201563256039549, 40.309752225384955 ], [ 140.202092411735521, 40.310816386866804 ], [ 140.201702386556008, 40.312077505272725 ], [ 140.201871556227388, 40.312854441279512 ], [ 140.199931828291255, 40.313918612653879 ], [ 140.198527911034375, 40.315410864919556 ], [ 140.197866524420647, 40.318073639686759 ], [ 140.196620661214638, 40.319149198276932 ], [ 140.195316781844099, 40.319284468003843 ], [ 140.19498927483528, 40.319769747575833 ], [ 140.195683164746356, 40.322129467900652 ], [ 140.194605913632017, 40.323290305603166 ], [ 140.194765357135566, 40.323929747859609 ], [ 140.194493412041425, 40.324593666964233 ], [ 140.195367562063439, 40.326834505008435 ], [ 140.193743384649565, 40.329942559301742 ], [ 140.194305576940906, 40.332225332732946 ], [ 140.195736978378932, 40.332769506207796 ], [ 140.194859999989035, 40.335128107776029 ], [ 140.195233061256886, 40.336663108415792 ], [ 140.194843333752942, 40.337483666937715 ], [ 140.195462477411525, 40.338998947243681 ], [ 140.196782477129659, 40.340889225057765 ], [ 140.197736083153814, 40.341706440799669 ], [ 140.197272723657306, 40.343964774254971 ], [ 140.196832724950355, 40.344799224604571 ], [ 140.195741608088838, 40.345100919272056 ], [ 140.195040195348838, 40.346135359059645 ], [ 140.194219364332298, 40.346384532420302 ], [ 140.19425158164529, 40.346910640313865 ], [ 140.193572970316382, 40.347832585705305 ], [ 140.1937309991863, 40.349619801212896 ], [ 140.193295161642482, 40.350447306098374 ], [ 140.190386278404048, 40.352135667227287 ], [ 140.186631529721353, 40.353661224985615 ], [ 140.185645693793845, 40.355225108252171 ], [ 140.183002633065144, 40.355795107558208 ], [ 140.182592050283006, 40.357785414265493 ], [ 140.178032581038792, 40.360143468146589 ], [ 140.177647301581715, 40.361814585674665 ], [ 140.174660362585769, 40.361984586319636 ], [ 140.171666744324853, 40.361053775411449 ], [ 140.170521750878152, 40.36152655890362 ], [ 140.169600077981272, 40.36291544129466 ], [ 140.170743385199103, 40.364613224620655 ], [ 140.170072827299236, 40.365207666600611 ], [ 140.169092554577787, 40.367553504990326 ], [ 140.168224474979638, 40.367875440699095 ], [ 140.167675304871523, 40.369656000324198 ], [ 140.166180027286487, 40.370871837865081 ], [ 140.164308886146273, 40.371712945895808 ], [ 140.160610829826055, 40.37193241374996 ], [ 140.156170271640804, 40.37411074801264 ], [ 140.155874721141572, 40.3748826936814 ], [ 140.156266082713614, 40.375552972791525 ], [ 140.158014694822327, 40.376840747102847 ], [ 140.158306083259163, 40.378651026623629 ], [ 140.159269973930236, 40.37990908103933 ], [ 140.159400220044176, 40.380757135433498 ], [ 140.163959389814067, 40.384737387320627 ], [ 140.163071025107797, 40.38508350489991 ], [ 140.162451310379765, 40.38588794577214 ], [ 140.159308249076503, 40.387400197161412 ], [ 140.15708686067012, 40.387908531753396 ], [ 140.156314358321083, 40.38850853244287 ], [ 140.156285720309825, 40.389369081118275 ], [ 140.15460016866291, 40.390907694334658 ], [ 140.15373182916062, 40.392878251929858 ], [ 140.155392632364169, 40.395511585591237 ], [ 140.15532347629744, 40.398180748242964 ], [ 140.156048715675752, 40.400787414307786 ], [ 140.154045109794083, 40.401474919032353 ], [ 140.151067587599186, 40.403365748130852 ], [ 140.147959558486946, 40.402438252123716 ], [ 140.146486226158459, 40.401220467550615 ], [ 140.144209274038872, 40.4021668906895 ], [ 140.141541504436987, 40.401634946195884 ], [ 140.140616497753285, 40.40069966655642 ], [ 140.139601504905613, 40.400737170983689 ], [ 140.128279804769249, 40.405580531916087 ], [ 140.124264812071488, 40.404252198180473 ], [ 140.119663696122757, 40.404806667094078 ], [ 140.11779114124829, 40.40265027898721 ], [ 140.115219805949323, 40.401759720834491 ], [ 140.114389532950668, 40.401792467848168 ], [ 140.110813138715457, 40.404300838013341 ], [ 140.109947807445451, 40.405342775448787 ], [ 140.109827834287216, 40.406074468362078 ], [ 140.108376718810632, 40.406904467966854 ], [ 140.107863384887423, 40.407648360183714 ], [ 140.108175058432266, 40.408656413862445 ], [ 140.106963087076906, 40.41098836042454 ], [ 140.106475032197068, 40.413050864705667 ], [ 140.107551388485831, 40.416068359966914 ], [ 140.102244449521777, 40.416723080805582 ], [ 140.100554448928733, 40.417201693703248 ], [ 140.100123062129683, 40.417719224762493 ], [ 140.100059143714589, 40.419681441145656 ], [ 140.100961634072178, 40.421093919049156 ], [ 140.101227470971025, 40.422438919020976 ], [ 140.102810246295917, 40.423620586820675 ], [ 140.102040531845091, 40.424208360327611 ], [ 140.101465499033566, 40.425983917923531 ], [ 140.103039104870845, 40.428585027077418 ], [ 140.102392969859693, 40.430776135310452 ], [ 140.103096303551638, 40.433468918655706 ], [ 140.103348248622865, 40.433810304901726 ], [ 140.105682697998191, 40.434493080990933 ], [ 140.107616030855183, 40.435896134898769 ], [ 140.111622411645044, 40.435415864550578 ], [ 140.114670465869381, 40.436243613152271 ], [ 140.117856304325073, 40.434955837941629 ], [ 140.119610752134577, 40.435554999563635 ], [ 140.120944643680446, 40.436403053957804 ], [ 140.126256589170339, 40.437170801591265 ], [ 140.129251581595327, 40.437193027436308 ], [ 140.131135473323525, 40.438220803247532 ], [ 140.133574643355132, 40.437984667358592 ], [ 140.136729921948358, 40.439616613116243 ], [ 140.139822140079787, 40.439433001232089 ], [ 140.141465746447125, 40.438387170631472 ], [ 140.141797976695329, 40.437766332650199 ], [ 140.147244085746024, 40.438126027294402 ], [ 140.14779907896434, 40.437013801545731 ], [ 140.149184916250988, 40.435929080662618 ], [ 140.151939364310238, 40.434979892108402 ], [ 140.155197689921465, 40.4360168383065 ], [ 140.15785992239762, 40.437648506173673 ], [ 140.162424085203384, 40.439359026597856 ], [ 140.168064358783226, 40.439801225046551 ], [ 140.169484642802104, 40.439311224933135 ], [ 140.17093352795996, 40.438064558632504 ], [ 140.174191829289498, 40.440308720571068 ], [ 140.176293216658678, 40.440182026779155 ], [ 140.178412113828017, 40.440505919412715 ], [ 140.18037627814283, 40.441148973346515 ], [ 140.182031284316395, 40.442386748949332 ], [ 140.185467108220564, 40.443305613263476 ], [ 140.185793501868716, 40.441962838214465 ], [ 140.187477108281996, 40.439574225370279 ], [ 140.190277690662924, 40.438126135212997 ], [ 140.190724357842896, 40.437443639712228 ], [ 140.192385188026037, 40.436437801963052 ], [ 140.194051582314728, 40.434779747987022 ], [ 140.196960467351801, 40.434622252415068 ], [ 140.203706031108482, 40.436564999375264 ], [ 140.205274916404278, 40.436451080453025 ], [ 140.209203217154823, 40.438638586002014 ], [ 140.210096279020149, 40.438428585311044 ], [ 140.211842970177031, 40.435686081147765 ], [ 140.214694643043458, 40.434076053667013 ], [ 140.217414642571725, 40.433249386949683 ], [ 140.218199078924386, 40.431845224177778 ], [ 140.220168833424964, 40.431145504861206 ], [ 140.22337574569417, 40.431556585867781 ], [ 140.22456075177729, 40.432506027131524 ], [ 140.22561464300145, 40.432637413585837 ], [ 140.227704643154766, 40.433656305893862 ], [ 140.23198769137889, 40.434277946070381 ], [ 140.234472969651847, 40.435992666328559 ], [ 140.238509883324468, 40.437397107890263 ], [ 140.24156211400043, 40.437620135261113 ], [ 140.2425009990219, 40.437279026905628 ], [ 140.245381283819256, 40.43809708081568 ], [ 140.245839610709481, 40.439383468372398 ], [ 140.248016550123793, 40.440819027376278 ], [ 140.250054305062235, 40.442993748163019 ], [ 140.251497107205751, 40.441908747590674 ], [ 140.253405162818126, 40.441466532054847 ], [ 140.258082386592946, 40.441311252412447 ], [ 140.260444616925611, 40.441857918807955 ], [ 140.262261284330862, 40.440867359641004 ], [ 140.266867108230485, 40.440742639861014 ], [ 140.269985447170711, 40.442064865401278 ], [ 140.274541829042278, 40.443074586423052 ], [ 140.278856834675253, 40.445994026802964 ], [ 140.282672944101137, 40.445980413765142 ], [ 140.284442387206468, 40.445336250967273 ], [ 140.285095721290531, 40.445828198112906 ], [ 140.28684710780783, 40.445929027402769 ], [ 140.287786589079928, 40.445013747786277 ], [ 140.288493528153822, 40.444904305689192 ], [ 140.289880194615307, 40.446110134675052 ], [ 140.291041284128028, 40.446583466753623 ], [ 140.291673255716205, 40.446485640300125 ], [ 140.292236030768322, 40.446327081729464 ] ] ] } },
{ "type": "Feature", "properties": { "regioncode": "0534800", "regionname": "秋田県三種町", "name": "三種町", "namekana": "みたねちょう", "PrefCode": "05" }, "geometry": { "type": "Polygon", "coordinates": [ [ [ 140.069418884573906, 40.156732332830927 ], [ 140.073055031564536, 40.155257333159454 ], [ 140.073729754224814, 40.154728440964846 ], [ 140.073432802581806, 40.154392331940642 ], [ 140.073795577403985, 40.153956774985204 ], [ 140.074577522634627, 40.154587054948706 ], [ 140.074975577860641, 40.154007612761177 ], [ 140.078969494046987, 40.151685919369754 ], [ 140.077969493797127, 40.151106747878146 ], [ 140.079360336710238, 40.151312305018905 ], [ 140.079616160557407, 40.15109674831632 ], [ 140.078998663557513, 40.150680080721202 ], [ 140.080532555333207, 40.150860359717853 ], [ 140.082808975054263, 40.149740558979659 ], [ 140.082428807343604, 40.148985359586732 ], [ 140.086403721754436, 40.148370333024502 ], [ 140.090614577800579, 40.149613946126749 ], [ 140.092276108555666, 40.149414945943079 ], [ 140.093122995629756, 40.149679468033071 ], [ 140.093589662832755, 40.148747891801804 ], [ 140.093369882014485, 40.148502560344923 ], [ 140.094884889825835, 40.147667054191231 ], [ 140.095692218421163, 40.148606586724668 ], [ 140.097421166853451, 40.148399667110994 ], [ 140.097476834888084, 40.147642170849565 ], [ 140.098807275735226, 40.146977386597143 ], [ 140.097909104821383, 40.146031080370108 ], [ 140.099347950847346, 40.145252108298223 ], [ 140.100927327634167, 40.146459720639655 ], [ 140.100992891808573, 40.145264170904795 ], [ 140.100519831325187, 40.144742774559461 ], [ 140.101469299568635, 40.143700278644985 ], [ 140.102139856569238, 40.144107774953909 ], [ 140.102275940182608, 40.144729171414156 ], [ 140.102828170683551, 40.145168332852336 ], [ 140.102862361109146, 40.144718053995064 ], [ 140.104812361101608, 40.144228332671446 ], [ 140.106212633406358, 40.143220278992715 ], [ 140.10861736659831, 40.14274774821007 ], [ 140.108518781116913, 40.140969694096157 ], [ 140.109151555799713, 40.140776640229831 ], [ 140.10981795073792, 40.139604694101422 ], [ 140.109973528055889, 40.137939414072775 ], [ 140.111379079381095, 40.137142468150444 ], [ 140.111593839284296, 40.135867467809419 ], [ 140.113008560097001, 40.135507170619462 ], [ 140.115112723673292, 40.133446613370552 ], [ 140.117395253388281, 40.132071333225497 ], [ 140.11792024612248, 40.131369108397678 ], [ 140.118876354959866, 40.131372170589259 ], [ 140.119953891159184, 40.129939639602753 ], [ 140.12132917040492, 40.128987414037965 ], [ 140.123169442315998, 40.129144918603174 ], [ 140.123708365548737, 40.128468801993677 ], [ 140.125104474891714, 40.128767973163463 ], [ 140.126057808421137, 40.128407413371463 ], [ 140.126490027093155, 40.129893802956701 ], [ 140.12846919569688, 40.130586585802348 ], [ 140.131024475399272, 40.130760719731484 ], [ 140.132028080131818, 40.131541837585814 ], [ 140.133483358570174, 40.131994333271905 ], [ 140.135015305112347, 40.131256837932767 ], [ 140.135661414043057, 40.130390440966153 ], [ 140.137639493567804, 40.129669054283454 ], [ 140.13866949430178, 40.129444864988557 ], [ 140.140953113095748, 40.129821251949295 ], [ 140.143064253612465, 40.129472081171684 ], [ 140.144743138585, 40.127895693731318 ], [ 140.146904553002742, 40.127892054174993 ], [ 140.148033721978777, 40.128107054197244 ], [ 140.148760388581081, 40.128633440880662 ], [ 140.150442892425644, 40.128331505194865 ], [ 140.151662892028867, 40.129148720936769 ], [ 140.15345927432611, 40.128729278933122 ], [ 140.15517929968496, 40.127855666705727 ], [ 140.157227367149289, 40.128121197835071 ], [ 140.1582756942679, 40.12883063972231 ], [ 140.159727367324194, 40.128701197602254 ], [ 140.161151245034034, 40.129677586151729 ], [ 140.161722917978295, 40.131559803342327 ], [ 140.166507912010616, 40.132023413749607 ], [ 140.169293501793732, 40.131764533106775 ], [ 140.174680466930113, 40.130175612714424 ], [ 140.175561309706723, 40.130469504863811 ], [ 140.175532140196196, 40.131438107982376 ], [ 140.175964643053931, 40.131601441053704 ], [ 140.179366031017594, 40.131899774954718 ], [ 140.179769364364688, 40.131595613446848 ], [ 140.180025771871897, 40.130205052920928 ], [ 140.182452437729921, 40.130498080821837 ], [ 140.188211919144806, 40.128878360448027 ], [ 140.188524448844305, 40.128065865247549 ], [ 140.188060311434242, 40.125160278923772 ], [ 140.183764747345322, 40.122716694120186 ], [ 140.184300050806769, 40.121613054199145 ], [ 140.1842414392911, 40.120565837743243 ], [ 140.184644501042953, 40.119963333341218 ], [ 140.184798688908472, 40.118302225267541 ], [ 140.183185913998841, 40.117356667276454 ], [ 140.182924526945385, 40.116033611661919 ], [ 140.181125914329527, 40.116157225275799 ], [ 140.179550116844439, 40.114124440890293 ], [ 140.177164837787132, 40.112094171009232 ], [ 140.177270389417004, 40.111517505028871 ], [ 140.176903721429653, 40.110746107946568 ], [ 140.177350973168927, 40.108313612683105 ], [ 140.174873475830282, 40.10691722455033 ], [ 140.174954332076823, 40.106556946246144 ], [ 140.177028781153354, 40.105464720520501 ], [ 140.17460961114466, 40.103837224608299 ], [ 140.175211024669125, 40.102373613051839 ], [ 140.174682995823673, 40.101117774565694 ], [ 140.173950220126585, 40.100470278880323 ], [ 140.174624669393097, 40.098792467698274 ], [ 140.174382749964025, 40.097925252348546 ], [ 140.176413307628081, 40.098297197557656 ], [ 140.177300245110246, 40.097953865178795 ], [ 140.178070271625757, 40.097345532270538 ], [ 140.178378053804181, 40.096264693760645 ], [ 140.179111114586362, 40.095803026788303 ], [ 140.179769196191501, 40.094489972534234 ], [ 140.181728391751903, 40.093776053821898 ], [ 140.182344227703993, 40.093010225341686 ], [ 140.181422554807114, 40.091832440814528 ], [ 140.181691750673849, 40.090780776311817 ], [ 140.182344253784322, 40.090015225722141 ], [ 140.183670921076214, 40.090030224615248 ], [ 140.183722606912852, 40.089074667062278 ], [ 140.184470117102251, 40.088438838281832 ], [ 140.184882360932306, 40.086068252348014 ], [ 140.18325072634002, 40.084278251640058 ], [ 140.184173216720637, 40.083264359562577 ], [ 140.184262113805516, 40.082549919243434 ], [ 140.187011024739036, 40.082070747866794 ], [ 140.188178521021996, 40.082284639924239 ], [ 140.189472996181848, 40.080473505148177 ], [ 140.192561634112167, 40.080932945399184 ], [ 140.193120532186867, 40.080556278749327 ], [ 140.193157497020934, 40.078050720764224 ], [ 140.192608079599268, 40.076249054050663 ], [ 140.192785576992833, 40.074970720822137 ], [ 140.191876978439836, 40.074441837620782 ], [ 140.191458949271123, 40.072257108278961 ], [ 140.190624500720219, 40.071041000042158 ], [ 140.190602580644622, 40.069880999608472 ], [ 140.190375642122262, 40.069222107714154 ], [ 140.189972308775054, 40.069004333283431 ], [ 140.190106472335856, 40.068408197880103 ], [ 140.189645084153426, 40.067779865848195 ], [ 140.190913721790935, 40.067677081432237 ], [ 140.192949831869328, 40.068344305545338 ], [ 140.196218196612563, 40.068721250984993 ], [ 140.197766809390828, 40.068573468091131 ], [ 140.199900998632302, 40.067769838407344 ], [ 140.200699339403059, 40.067955667120373 ], [ 140.201482672287511, 40.068710108384835 ], [ 140.203144616730697, 40.068952333583354 ], [ 140.206600169961916, 40.070585387305812 ], [ 140.208190467216355, 40.070015081331007 ], [ 140.214566614657656, 40.069380640204429 ], [ 140.214886329040951, 40.069228134970501 ], [ 140.214734941664346, 40.06854758470331 ], [ 140.214980803721232, 40.068072026802668 ], [ 140.214800804413699, 40.066452837928182 ], [ 140.216109468177478, 40.063608107827974 ], [ 140.216199779895987, 40.060676171368243 ], [ 140.216501997069599, 40.060286720855515 ], [ 140.220732023064443, 40.056425307182224 ], [ 140.222555383224403, 40.055980586135206 ], [ 140.224159001237012, 40.054848918842595 ], [ 140.22553319140377, 40.052609999951585 ], [ 140.227344033900067, 40.051842505027651 ], [ 140.230221555980052, 40.049398892345039 ], [ 140.232885446805994, 40.049479720712611 ], [ 140.23397849451203, 40.048993865574516 ], [ 140.234317950812851, 40.048481639616 ], [ 140.236672114226735, 40.047500802120396 ], [ 140.236240466624281, 40.044962197647351 ], [ 140.237425746101394, 40.043619972983436 ], [ 140.239406886918346, 40.043067468189179 ], [ 140.240784942371306, 40.042090225283744 ], [ 140.241724967733148, 40.039844387008884 ], [ 140.241139143956389, 40.039027719853436 ], [ 140.241805525404743, 40.038082170855546 ], [ 140.241464449424825, 40.036534666941407 ], [ 140.240791115317734, 40.036194108071697 ], [ 140.241080830116289, 40.034399667410753 ], [ 140.239887524189953, 40.031815505081568 ], [ 140.241466693233406, 40.031595504828715 ], [ 140.242084189333923, 40.030987413838147 ], [ 140.243145863291033, 40.030987413838147 ], [ 140.244939779647211, 40.029473252288824 ], [ 140.245187275772196, 40.028763802307708 ], [ 140.244689248310237, 40.026114359989776 ], [ 140.242475084157832, 40.024188801771857 ], [ 140.242544527108294, 40.023489918824737 ], [ 140.241907860159699, 40.0229860268837 ], [ 140.241497612824674, 40.022074640432379 ], [ 140.241778715715213, 40.020716306212591 ], [ 140.24271399535462, 40.020526586133087 ], [ 140.243300415381896, 40.018887972801735 ], [ 140.243278470125347, 40.017683224801033 ], [ 140.243891803264205, 40.017112945805877 ], [ 140.243425136061205, 40.016174053589737 ], [ 140.24180710821156, 40.014648225135545 ], [ 140.238687950888334, 40.013707973144506 ], [ 140.238234331948888, 40.012063802002899 ], [ 140.236120168810771, 40.011831586258779 ], [ 140.237538495005651, 40.010143801595234 ], [ 140.236937133641845, 40.009444639858316 ], [ 140.235671855871487, 40.008809640252764 ], [ 140.235378806386848, 40.007672134561403 ], [ 140.233822970253982, 40.007571306170917 ], [ 140.230846860893962, 40.004457134689062 ], [ 140.229367691066159, 40.004558251761978 ], [ 140.227969363995044, 40.004107972904706 ], [ 140.227626304110686, 40.00428102674806 ], [ 140.227610752134524, 40.004913251945084 ], [ 140.226365719902105, 40.005622441122796 ], [ 140.222360725866906, 40.006095505203461 ], [ 140.219995965741305, 40.005881331658202 ], [ 140.21893430617331, 40.006894693135621 ], [ 140.216342361111174, 40.007491639727448 ], [ 140.215697612854569, 40.009062467558863 ], [ 140.214043139079649, 40.010627467783479 ], [ 140.211685356793851, 40.01158472145778 ], [ 140.21042619891, 40.011320279407414 ], [ 140.209448391230353, 40.011823891659333 ], [ 140.206708664173561, 40.012075000361051 ], [ 140.204099494396246, 40.011497801982046 ], [ 140.202027808036974, 40.012930584778701 ], [ 140.20060752311872, 40.012648918912532 ], [ 140.197349442123141, 40.012868107976828 ], [ 140.19592888471027, 40.011533945735039 ], [ 140.193956393572762, 40.010334504633761 ], [ 140.192655007122994, 40.010682559352688 ], [ 140.190723061020549, 40.010058667273711 ], [ 140.187369687860837, 40.010587865237824 ], [ 140.186418028868957, 40.009748972237333 ], [ 140.182039663299861, 40.008431225320862 ], [ 140.182164695144593, 40.006688135049444 ], [ 140.181388585614854, 40.005826775185596 ], [ 140.176508002642322, 40.004243999860762 ], [ 140.175501608212699, 40.004354838604968 ], [ 140.17476216674072, 40.005007892100593 ], [ 140.173387716669822, 40.005276251597763 ], [ 140.172961025231189, 40.006117080838635 ], [ 140.173515472561121, 40.007670972637356 ], [ 140.173019364252355, 40.008352360173319 ], [ 140.171210999388222, 40.009388468203269 ], [ 140.170798223159522, 40.010553747657355 ], [ 140.167974863649079, 40.010559333346635 ], [ 140.165997613299282, 40.01142072198877 ], [ 140.165155939595024, 40.010897107915241 ], [ 140.162575940227498, 40.010574360118653 ], [ 140.161769831112906, 40.01102074760945 ], [ 140.161114280199968, 40.010542414400959 ], [ 140.158493138647486, 40.010823802376649 ], [ 140.157204527067279, 40.009528802012653 ], [ 140.156794553126247, 40.008177414156364 ], [ 140.154979803974811, 40.008609387313413 ], [ 140.153877301696184, 40.007417720851208 ], [ 140.153221750783246, 40.007248278685154 ], [ 140.15321786031609, 40.006527721177463 ], [ 140.152526199824365, 40.005700225285239 ], [ 140.1528656678164, 40.005006054785667 ], [ 140.152402049315242, 40.004348838328269 ], [ 140.149417055552703, 40.00267050464015 ], [ 140.148448444340261, 40.002432170808106 ], [ 140.147876200326436, 40.0026305315738 ], [ 140.146132580354333, 40.002084134974893 ], [ 140.146000117411518, 40.000976919349398 ], [ 140.144428444217397, 39.998746640245315 ], [ 140.143134280222966, 39.998723864914496 ], [ 140.138556472003643, 39.996838054032992 ], [ 140.137074526867991, 39.996793891924597 ], [ 140.131915331227674, 39.997792532399501 ], [ 140.131165641980829, 39.995476135115609 ], [ 140.127509247653734, 39.993265027758866 ], [ 140.127404253603459, 39.991813360098547 ], [ 140.127742866340327, 39.991009198016116 ], [ 140.126936225726354, 39.989305864973744 ], [ 140.125064553086759, 39.988494225028489 ], [ 140.123940077672501, 39.989004774650709 ], [ 140.122652308757097, 39.988787838388077 ], [ 140.121430920600574, 39.989299504968244 ], [ 140.12041924804987, 39.98856450524778 ], [ 140.119344811813676, 39.988265081368468 ], [ 140.118479531805065, 39.9873386942254 ], [ 140.117305642241604, 39.987035360093842 ], [ 140.116283969229812, 39.986292306045129 ], [ 140.116316200032657, 39.985615360260738 ], [ 140.117590389185125, 39.985030080573836 ], [ 140.118939000834303, 39.983807838061352 ], [ 140.118570388512694, 39.982853108784013 ], [ 140.117372049080814, 39.98288091941896 ], [ 140.116889559205902, 39.982349802301599 ], [ 140.117340660942773, 39.982001747582615 ], [ 140.121966808621437, 39.981055891915958 ], [ 140.123389299576615, 39.979792532399529 ], [ 140.123100169337363, 39.978271694283308 ], [ 140.122562917944379, 39.978526134973208 ], [ 140.121035422147088, 39.978337279142181 ], [ 140.117053190852175, 39.979331440093915 ], [ 140.114712334706496, 39.97920008061925 ], [ 140.113897637965692, 39.978113972981532 ], [ 140.111894552791455, 39.978325640116225 ], [ 140.110073722424431, 39.977751225139002 ], [ 140.108943164895209, 39.977795387247397 ], [ 140.108829027437764, 39.976668441395532 ], [ 140.107879585274759, 39.976209279035061 ], [ 140.1078223614129, 39.975593999763305 ], [ 140.108430699717132, 39.974884837565241 ], [ 140.108112632891789, 39.9745678921945 ], [ 140.105176523577711, 39.974515387075485 ], [ 140.103743476380373, 39.974788746803256 ], [ 140.101227885558501, 39.976612359672686 ], [ 140.100057327983336, 39.976286278988653 ], [ 140.097278716040023, 39.976371559000313 ], [ 140.095198716347795, 39.975599080932909 ], [ 140.093767055905005, 39.975694918985369 ], [ 140.092967885959183, 39.975107972854744 ], [ 140.089279300399426, 39.974724667409532 ], [ 140.087567327570127, 39.975970775231133 ], [ 140.085598716107938, 39.976286639616774 ], [ 140.083893995411586, 39.977512224909333 ], [ 140.083847327792, 39.978139171085957 ], [ 140.083033721928814, 39.979025559082345 ], [ 140.082117055557774, 39.979060838586861 ], [ 140.081336783965526, 39.980075837729771 ], [ 140.080134838252206, 39.980444467138511 ], [ 140.080070635651396, 39.98128169369528 ], [ 140.078950077683999, 39.981732801727446 ], [ 140.078405357421389, 39.982427802301288 ], [ 140.079462580633617, 39.983777252118557 ], [ 140.078543942948727, 39.985961720656917 ], [ 140.07562839213665, 39.985993667273988 ], [ 140.068612866290778, 39.986825666971015 ], [ 140.070477133912618, 40.00980902716492 ], [ 140.071304059634713, 40.040098720679453 ], [ 140.066401167180175, 40.050849559059941 ], [ 140.058988858648945, 40.061542359692226 ], [ 140.051729637213043, 40.066062080700533 ], [ 140.02023199680923, 40.078393278826809 ], [ 140.016618637739953, 40.082161892357476 ], [ 140.015754188704932, 40.082553837589558 ], [ 140.010597223383229, 40.084836891609314 ], [ 140.005377470993608, 40.085690802388683 ], [ 140.003311362229624, 40.086684973232991 ], [ 140.000919662912224, 40.088218027739856 ], [ 140.000663839064941, 40.089858026926436 ], [ 139.999751854564465, 40.09102080176865 ], [ 139.999470194993592, 40.093439666907159 ], [ 139.998668248840659, 40.093228306441233 ], [ 139.988072943711472, 40.09419805439677 ], [ 139.985287109312708, 40.093233892130456 ], [ 139.983855473151607, 40.089129720860001 ], [ 139.983690220027711, 40.084214747812439 ], [ 139.982011894433413, 40.08235641391741 ], [ 139.982303864731648, 40.080958081450376 ], [ 139.981731634207563, 40.079451973329981 ], [ 139.980955810662181, 40.078366414278662 ], [ 139.979785523782994, 40.07752558503779 ], [ 139.976364967669156, 40.076322559238747 ], [ 139.976097755706974, 40.075941171148202 ], [ 139.976212191739364, 40.075403107667341 ], [ 139.979061115378272, 40.073594505382175 ], [ 139.980637249209735, 40.071853360344335 ], [ 139.980917250430821, 40.071188360254666 ], [ 139.980917522925438, 40.06932061315581 ], [ 139.979697003513934, 40.067413107928644 ], [ 139.96719613479388, 40.062258972773407 ], [ 139.966090052314144, 40.060528134865592 ], [ 139.963241724925751, 40.059158972808405 ], [ 139.962440609746409, 40.05843536030369 ], [ 139.962040896170492, 40.057523134784901 ], [ 139.9589850322335, 40.058393441104499 ], [ 139.957038366027859, 40.05947038734854 ], [ 139.955885032268498, 40.059525666876084 ], [ 139.954134162861351, 40.060579278411012 ], [ 139.954484162813969, 40.060658441234125 ], [ 139.954288612429536, 40.061022612703482 ], [ 139.953310272351246, 40.06140261314016 ], [ 139.951949974012109, 40.064324837821061 ], [ 139.954091633921848, 40.063825946110569 ], [ 139.954307757197284, 40.064087332264648 ], [ 139.953854423343046, 40.0646178918023 ], [ 139.953988300919377, 40.064879000065844 ], [ 139.955543580372023, 40.064340666788382 ], [ 139.955656913835583, 40.064586224874404 ], [ 139.95652194563138, 40.064578441242134 ], [ 139.956902750061886, 40.065077054162771 ], [ 139.952752438174571, 40.067041224772765 ], [ 139.952443280932698, 40.067523999732828 ], [ 139.958756355321611, 40.066289000337122 ], [ 139.958663865445146, 40.0667403871592 ], [ 139.95722191945606, 40.067374000010147 ], [ 139.957870532099491, 40.06780150533524 ], [ 139.955553579933849, 40.068039278889671 ], [ 139.955749143808021, 40.068324279441981 ], [ 139.95704664069001, 40.068181774669199 ], [ 139.957715810935952, 40.068680667279011 ], [ 139.957746913089636, 40.069005107599708 ], [ 139.956562437606522, 40.069472612970742 ], [ 139.957324383713399, 40.070018999677131 ], [ 139.954605771838942, 40.070890108191975 ], [ 139.95089852085016, 40.071420945620218 ], [ 139.945374254418425, 40.073031703350466 ], [ 139.949067367165298, 40.078864000173496 ], [ 139.950602633105063, 40.082180386915354 ], [ 139.951267082809636, 40.082783440803212 ], [ 139.958534228172198, 40.09672535978757 ], [ 139.959944774331916, 40.098899801784455 ], [ 139.967135810969012, 40.113133945575157 ], [ 139.972577977391779, 40.125143386957802 ], [ 139.977592437940757, 40.123557532354312 ], [ 139.981452165385235, 40.123776973228757 ], [ 140.006686641075703, 40.122235504664843 ], [ 140.007124967943014, 40.125296892237827 ], [ 140.008290506401863, 40.126518837974061 ], [ 140.012417756074683, 40.124261054004478 ], [ 140.013690803987515, 40.124092441013374 ], [ 140.014213307398336, 40.124400504679613 ], [ 140.013488029349105, 40.124463837636029 ], [ 140.012916354606091, 40.124930774635573 ], [ 140.013899143630624, 40.125655774794211 ], [ 140.014599974509224, 40.125279108144355 ], [ 140.018963863691397, 40.125786865371595 ], [ 140.022043021868058, 40.124973532902288 ], [ 140.026287196896646, 40.124812693650938 ], [ 140.025715227176079, 40.128039081638349 ], [ 140.023718002883584, 40.127998801903232 ], [ 140.023717716899228, 40.128861865083081 ], [ 140.025905771933935, 40.128883802245753 ], [ 140.026015473035727, 40.13124853179437 ], [ 140.026733800224747, 40.131310468103663 ], [ 140.02690741884237, 40.132494359926795 ], [ 140.026342140077759, 40.132653801631704 ], [ 140.027591284010668, 40.13451436044943 ], [ 140.028243502935425, 40.135139359593836 ], [ 140.030226550315092, 40.135619081355571 ], [ 140.031557108074139, 40.136490748349388 ], [ 140.031254577936465, 40.139349360384699 ], [ 140.031487082363014, 40.140358531920754 ], [ 140.035207612741146, 40.142115468154373 ], [ 140.035742335240684, 40.143455467895592 ], [ 140.037854527064837, 40.145395198529627 ], [ 140.039173139129161, 40.148095198035037 ], [ 140.038923943285454, 40.149496865188212 ], [ 140.039327004138045, 40.151461864973157 ], [ 140.041811970346203, 40.153911306161888 ], [ 140.041826419753534, 40.153269360192894 ], [ 140.042164747405195, 40.152969081058302 ], [ 140.042957523171253, 40.153075747847538 ], [ 140.043058079966499, 40.152514918928432 ], [ 140.043923359075848, 40.1525824139473 ], [ 140.044355745921052, 40.151778802249964 ], [ 140.046490220247506, 40.151224972754335 ], [ 140.048091724853293, 40.150134837952464 ], [ 140.048050777821231, 40.149551080817787 ], [ 140.053036393514844, 40.149528531216788 ], [ 140.055053943384792, 40.150669586532217 ], [ 140.056290051644623, 40.15209291925288 ], [ 140.05804919571392, 40.153196532194272 ], [ 140.057938637558095, 40.153575693563482 ], [ 140.058305863125156, 40.153692081124689 ], [ 140.058626420173255, 40.152917918627111 ], [ 140.06178058360706, 40.153973468201059 ], [ 140.062841970680438, 40.154971251622044 ], [ 140.064136693153955, 40.155598748183706 ], [ 140.065592244086815, 40.155820135191163 ], [ 140.06621555070717, 40.156495973910125 ], [ 140.067431388247996, 40.15665319788684 ], [ 140.068451387621508, 40.157267360200592 ], [ 140.069140557890478, 40.15692955865228 ], [ 140.069418884573906, 40.156732332830927 ] ] ] } },
{ "type": "Feature", "properties": { "regioncode": "0534900", "regionname": "秋田県八峰町", "name": "八峰町", "namekana": "はっぽうちょう", "PrefCode": "05" }, "geometry": { "type": "MultiPolygon", "coordinates": [ [ [ [ 140.023779974266517, 40.354137360251002 ], [ 140.024176083359635, 40.353875135029512 ], [ 140.023721360952095, 40.354136801772029 ], [ 140.023779974266517, 40.354137360251002 ] ] ], [ [ [ 140.023253864574258, 40.354711251822891 ], [ 140.023015810431389, 40.354653197886819 ], [ 140.023215810661213, 40.354712919165934 ], [ 140.023253864574258, 40.354711251822891 ] ] ], [ [ [ 140.022492191861261, 40.354987919257098 ], [ 140.022680803975959, 40.354759306197082 ], [ 140.02242552511791, 40.354993198277555 ], [ 140.022492191861261, 40.354987919257098 ] ] ], [ [ [ 140.019433838600889, 40.359370440593409 ], [ 140.019024668653628, 40.359576001331448 ], [ 140.019534942183896, 40.359407387441024 ], [ 140.019433838600889, 40.359370440593409 ] ] ], [ [ [ 140.019919663162, 40.360496837858818 ], [ 140.02007605796382, 40.36030155906974 ], [ 140.019859948178123, 40.360498506101237 ], [ 140.019919663162, 40.360496837858818 ] ] ], [ [ [ 140.01500824873176, 40.363121306003507 ], [ 140.014763527914511, 40.363052134648342 ], [ 140.014986861054808, 40.363166026590932 ], [ 140.01500824873176, 40.363121306003507 ] ] ], [ [ [ 140.011367107805881, 40.367682135022562 ], [ 140.011707393281654, 40.36742435964652 ], [ 140.011603501800209, 40.366784081020569 ], [ 140.010880725665061, 40.366306864770024 ], [ 140.010253774092462, 40.366432973103258 ], [ 140.010421556110032, 40.367169640166821 ], [ 140.011338780960045, 40.367684919323608 ], [ 140.011367107805881, 40.367682135022562 ] ] ], [ [ [ 140.002527665119715, 40.374530306028873 ], [ 140.003590557658185, 40.374163746859494 ], [ 140.002527665119715, 40.374455504917648 ], [ 140.001660388616074, 40.374265999776128 ], [ 140.002527665119715, 40.374530306028873 ] ] ], [ [ [ 140.004071219211482, 40.375131919202772 ], [ 140.004143450060269, 40.375337197553677 ], [ 140.004095357015217, 40.37513713527062 ], [ 140.004071219211482, 40.375131919202772 ] ] ], [ [ [ 140.003902334625081, 40.375611640065188 ], [ 140.004516782923247, 40.375484135084832 ], [ 140.003875381943431, 40.375611640065188 ], [ 140.003902334625081, 40.375611640065188 ] ] ], [ [ [ 139.999599831367163, 40.375562467833674 ], [ 139.999350660704522, 40.375635251765516 ], [ 139.999616782688463, 40.375643306093764 ], [ 139.999599831367163, 40.375562467833674 ] ] ], [ [ [ 140.001792970269435, 40.373729000193237 ], [ 140.000696226349874, 40.374783802430613 ], [ 140.000824577592198, 40.375684333165509 ], [ 140.000797445046146, 40.374789414200166 ], [ 140.001792970269435, 40.373729000193237 ] ] ], [ [ [ 139.995289805280322, 40.379132504761344 ], [ 139.995451749798463, 40.378676386606003 ], [ 139.994613139185049, 40.378890278663505 ], [ 139.995282309431104, 40.379149440794095 ], [ 139.995289805280322, 40.379132504761344 ] ] ], [ [ [ 139.995164811207133, 40.380123054035778 ], [ 139.99523814462475, 40.379853054175157 ], [ 139.9944656422756, 40.379729170764676 ], [ 139.995068974953256, 40.380111945609826 ], [ 139.995164811207133, 40.380123054035778 ] ] ], [ [ [ 139.995687030432123, 40.379920559086599 ], [ 139.995547301866509, 40.380173891811694 ], [ 139.995709248183289, 40.379959999754249 ], [ 139.995687030432123, 40.379920559086599 ] ] ], [ [ [ 139.993752309021943, 40.379813612608189 ], [ 139.993987301872494, 40.380292224606535 ], [ 139.994524527185263, 40.380382225159622 ], [ 139.993906744200899, 40.379869721310627 ], [ 139.993752309021943, 40.379813612608189 ] ] ], [ [ [ 139.993575641702591, 40.380201946162913 ], [ 139.993965356615945, 40.38059610822387 ], [ 139.993693410622427, 40.380246946439456 ], [ 139.993575641702591, 40.380201946162913 ] ] ], [ [ [ 139.995576743871652, 40.380354170808403 ], [ 139.995282309431104, 40.380748054079504 ], [ 139.995583969025006, 40.380387774875942 ], [ 139.995576743871652, 40.380354170808403 ] ] ], [ [ [ 139.994347859865911, 40.380686387566811 ], [ 139.993994812110941, 40.380843892131963 ], [ 139.99456869109224, 40.380888892408507 ], [ 139.994377301871054, 40.380703053802961 ], [ 139.994347859865911, 40.380686387566811 ] ] ], [ [ [ 139.99001422837398, 40.381964198289154 ], [ 139.989859779705171, 40.382093640409209 ], [ 139.9900508946331, 40.381986693930855 ], [ 139.99001422837398, 40.381964198289154 ] ] ], [ [ [ 139.986754773214329, 40.383410864819609 ], [ 139.986328106057272, 40.383506693878871 ], [ 139.986754773214329, 40.383444747677004 ], [ 139.986754773214329, 40.383410864819609 ] ] ], [ [ [ 139.982825887904482, 40.384857802045985 ], [ 139.982619780378627, 40.384959224888348 ], [ 139.982825887904482, 40.384913918842358 ], [ 139.982825887904482, 40.384857802045985 ] ] ], [ [ [ 139.980816977821291, 40.385218108229139 ], [ 139.980441698825416, 40.385364224679279 ], [ 139.980824474569886, 40.385263107606363 ], [ 139.980816977821291, 40.385218108229139 ] ] ], [ [ [ 139.981641140826014, 40.38547727935304 ], [ 139.981611699720247, 40.385736171687029 ], [ 139.981655862727962, 40.385488386879615 ], [ 139.981641140826014, 40.38547727935304 ] ] ], [ [ [ 139.980684746903648, 40.385747000423805 ], [ 139.980839195572457, 40.385482560172079 ], [ 139.980574188747823, 40.385769774855305 ], [ 139.980684746903648, 40.385747000423805 ] ] ], [ [ [ 139.980831698823863, 40.385989224723005 ], [ 139.980625862893362, 40.385994775338645 ], [ 139.980846419826435, 40.386000612838075 ], [ 139.980831698823863, 40.385989224723005 ] ] ], [ [ [ 139.980986419987403, 40.386563666679933 ], [ 139.980942245288475, 40.386236999637902 ], [ 139.980647808149911, 40.386417278634553 ], [ 139.980905304736098, 40.386574775105828 ], [ 139.980986419987403, 40.386563666679933 ] ] ], [ [ [ 139.979698637582146, 40.386985892085306 ], [ 139.979352801490677, 40.38704227867828 ], [ 139.979404188752369, 40.387278385788932 ], [ 139.979713358584718, 40.387002838010631 ], [ 139.979698637582146, 40.386985892085306 ] ] ], [ [ [ 139.981023087145786, 40.387081721144568 ], [ 139.980581698986271, 40.38757144066949 ], [ 139.981023087145786, 40.387098387380718 ], [ 139.981023087145786, 40.387081721144568 ] ] ], [ [ [ 139.980103358583165, 40.387391170666035 ], [ 139.979926693062453, 40.387633108081502 ], [ 139.980110583736518, 40.387402558781105 ], [ 139.980103358583165, 40.387391170666035 ] ] ], [ [ [ 139.979330856234128, 40.387880891989653 ], [ 139.978940856235567, 40.388010333210389 ], [ 139.979389753734267, 40.387908945441552 ], [ 139.979330856234128, 40.387880891989653 ] ] ], [ [ [ 139.979168910816611, 40.388686171929351 ], [ 139.978903916582567, 40.388776170683798 ], [ 139.97922780831675, 40.3887028381655 ], [ 139.979168910816611, 40.388686171929351 ] ] ], [ [ [ 139.97909530490449, 40.38901838688912 ], [ 139.978867250323447, 40.389074504584755 ], [ 139.979183645309035, 40.389040892423282 ], [ 139.97909530490449, 40.38901838688912 ] ] ], [ [ [ 139.978903891401501, 40.389558386610304 ], [ 139.978580272161935, 40.389592279360272 ], [ 139.978955550258547, 40.389575333434948 ], [ 139.978903891401501, 40.389558386610304 ] ] ], [ [ [ 139.978778612243218, 40.391388387364259 ], [ 139.979072775987902, 40.391146440955538 ], [ 139.9783811145968, 40.391500918632516 ], [ 139.978697782077006, 40.391394224863632 ], [ 139.978778612243218, 40.391388387364259 ] ] ], [ [ [ 139.979492217991492, 40.391534775409582 ], [ 139.97908027183712, 40.391669775339892 ], [ 139.979492217991492, 40.391662278591355 ], [ 139.979492217991492, 40.391534775409582 ] ] ], [ [ [ 139.979058054085954, 40.392080919299019 ], [ 139.97879333324579, 40.392142864601567 ], [ 139.979109728231492, 40.39212008117687 ], [ 139.979058054085954, 40.392080919299019 ] ] ], [ [ [ 139.979661361582657, 40.396201747812484 ], [ 139.97943302191652, 40.396370639593385 ], [ 139.979720246492207, 40.3962525855884 ], [ 139.979661361582657, 40.396201747812484 ] ] ], [ [ [ 139.978851919580507, 40.397254801767758 ], [ 139.978579689401158, 40.397254801767758 ], [ 139.978837197678558, 40.39726591918685 ], [ 139.978851919580507, 40.397254801767758 ] ] ], [ [ [ 139.978623864999463, 40.397485640649847 ], [ 139.978366354923423, 40.397519532500496 ], [ 139.978682749909012, 40.397519531601176 ], [ 139.978623864999463, 40.397485640649847 ] ] ], [ [ [ 139.978204422995759, 40.397688413489561 ], [ 139.977924695168667, 40.39782869423891 ], [ 139.978219144897707, 40.397710919023723 ], [ 139.978204422995759, 40.397688413489561 ] ] ], [ [ [ 139.968874669030811, 40.399990387446451 ], [ 139.968609948190647, 40.400052332748999 ], [ 139.968873410879269, 40.399995666466907 ], [ 139.968874669030811, 40.399990387446451 ] ] ], [ [ [ 139.965467976865739, 40.403312081987053 ], [ 139.965821024620709, 40.403576532131297 ], [ 139.965541581878597, 40.403334585722632 ], [ 139.965467976865739, 40.403312081987053 ] ] ], [ [ [ 139.964276030714359, 40.403970694192253 ], [ 139.964040466794131, 40.40428569432936 ], [ 139.964327418875314, 40.404010134859902 ], [ 139.964276030714359, 40.403970694192253 ] ] ], [ [ [ 139.96364325603156, 40.404218198411172 ], [ 139.963356303950377, 40.404229585626922 ], [ 139.963613799637187, 40.404381532381876 ], [ 139.96364325603156, 40.404218198411172 ] ] ], [ [ [ 139.962326304115663, 40.405389306371433 ], [ 139.962642698201989, 40.405226252089903 ], [ 139.962304086364611, 40.404781252253031 ], [ 139.96200241238148, 40.405074027444471 ], [ 139.962208520806598, 40.405400693587183 ], [ 139.962326304115663, 40.405389306371433 ] ] ], [ [ [ 139.960803256365239, 40.406177386777017 ], [ 139.960560193897891, 40.406171837960017 ], [ 139.960825188131935, 40.406183225175766 ], [ 139.960803256365239, 40.406177386777017 ] ] ], [ [ [ 139.96061182937251, 40.406436558800181 ], [ 139.96064128396813, 40.406785440895419 ], [ 139.960766278041319, 40.406549054095649 ], [ 139.96061182937251, 40.406436558800181 ] ] ], [ [ [ 139.956893773928641, 40.408563504901906 ], [ 139.956739338749571, 40.408800171390851 ], [ 139.956893773928641, 40.408602945569555 ], [ 139.956893773928641, 40.408563504901906 ] ] ], [ [ [ 139.953405966512264, 40.411541838285245 ], [ 139.953207082341009, 40.411519332751084 ], [ 139.953457367263809, 40.411581278952895 ], [ 139.953405966512264, 40.411541838285245 ] ] ], [ [ [ 139.94668069955469, 40.41312380242158 ], [ 139.946820414630452, 40.412442413986241 ], [ 139.946334864362598, 40.41238046778443 ], [ 139.946121529884749, 40.413106585800335 ], [ 139.946688197202548, 40.413185748623448 ], [ 139.94668069955469, 40.41312380242158 ] ] ], [ [ [ 139.946157885877824, 40.416699080598164 ], [ 139.94592983129678, 40.416732693658957 ], [ 139.946157884978447, 40.416716027422808 ], [ 139.946157885877824, 40.416699080598164 ] ] ], [ [ [ 139.945069001133561, 40.417532136099226 ], [ 139.944792334598674, 40.417571585760129 ], [ 139.945098444038081, 40.417554639834805 ], [ 139.945069001133561, 40.417532136099226 ] ] ], [ [ [ 139.945672334710594, 40.417892414403468 ], [ 139.945444279230173, 40.417954358806639 ], [ 139.94566150507444, 40.417938802333936 ], [ 139.945672334710594, 40.417892414403468 ] ] ], [ [ [ 139.94414313919458, 40.420184081230445 ], [ 139.943936743885729, 40.42029102680948 ], [ 139.944135642445985, 40.420229080607612 ], [ 139.94414313919458, 40.420184081230445 ] ] ], [ [ [ 139.9438556412249, 40.421079108114384 ], [ 139.943608417594419, 40.421433837601569 ], [ 139.943873696014293, 40.421112721175177 ], [ 139.9438556412249, 40.421079108114384 ] ] ], [ [ [ 139.944069247297989, 40.421259387111093 ], [ 139.943884811634803, 40.421445224817319 ], [ 139.944105913557109, 40.421304387387636 ], [ 139.944069247297989, 40.421259387111093 ] ] ], [ [ [ 139.941184527044356, 40.423860224669681 ], [ 139.941395084415717, 40.423793000346734 ], [ 139.94113703024982, 40.423837999723958 ], [ 139.941184527044356, 40.423860224669681 ] ] ], [ [ [ 139.941412866710493, 40.424040224876535 ], [ 139.941792581162758, 40.423933837776417 ], [ 139.941343411169555, 40.424091053659254 ], [ 139.941412866710493, 40.424040224876535 ] ] ], [ [ [ 139.940374254068615, 40.42483966731686 ], [ 139.939715084283762, 40.424541613105021 ], [ 139.94035202282771, 40.424879107085189 ], [ 139.940374254068615, 40.42483966731686 ] ] ], [ [ [ 139.940753969420257, 40.424800775235667 ], [ 139.940584527254146, 40.424941332976175 ], [ 139.940768690422829, 40.424817721160935 ], [ 139.940753969420257, 40.424800775235667 ] ] ], [ [ [ 139.940050078148602, 40.425064945690735 ], [ 139.93968561619829, 40.425110505345572 ], [ 139.940157276437276, 40.425144107614528 ], [ 139.940050078148602, 40.425064945690735 ] ] ], [ [ [ 139.940598948782508, 40.425279387234013 ], [ 139.94023089404061, 40.425290504653105 ], [ 139.940606161345386, 40.425307440685913 ], [ 139.940598948782508, 40.425279387234013 ] ] ], [ [ [ 139.939880609902275, 40.42543661300931 ], [ 139.93962671869815, 40.425470503960639 ], [ 139.939887834156252, 40.425447721435262 ], [ 139.939880609902275, 40.42543661300931 ] ] ], [ [ [ 139.939681724831757, 40.42602744061395 ], [ 139.939390893974632, 40.425661892282562 ], [ 139.939033384683057, 40.425847441306416 ], [ 139.939644772588281, 40.426072440890493 ], [ 139.939681724831757, 40.42602744061395 ] ] ], [ [ [ 139.938215615858098, 40.425898000292534 ], [ 139.937814227744525, 40.426123838044759 ], [ 139.93823033686067, 40.425909386608964 ], [ 139.938215615858098, 40.425898000292534 ] ] ], [ [ [ 139.938849222413751, 40.426489107586292 ], [ 139.938344772893061, 40.426196891773202 ], [ 139.938827003763322, 40.426494946884361 ], [ 139.938849222413751, 40.426489107586292 ] ] ], [ [ [ 139.937460609819368, 40.426872720599647 ], [ 139.937486161357356, 40.426461054134393 ], [ 139.937121724587996, 40.426788278756135 ], [ 139.937416445912277, 40.426872720599647 ], [ 139.937460609819368, 40.426872720599647 ] ] ], [ [ [ 140.07033224413783, 40.468312919305845 ], [ 140.071407808123922, 40.465958198312251 ], [ 140.072086977931804, 40.465388467903551 ], [ 140.074128637726517, 40.464617891902265 ], [ 140.076796693312758, 40.465411504937038 ], [ 140.078454188809815, 40.466895666901564 ], [ 140.079545862351779, 40.466643999720873 ], [ 140.080176420205703, 40.465870386709014 ], [ 140.082113112929846, 40.464831224581417 ], [ 140.082998663657463, 40.463937053852021 ], [ 140.083499780290708, 40.462346504787433 ], [ 140.087118106315643, 40.462405360918751 ], [ 140.088949222228848, 40.460898134941033 ], [ 140.08998839155106, 40.460523133835636 ], [ 140.090615084118895, 40.459641198382656 ], [ 140.093582309076396, 40.458924802038041 ], [ 140.094411192622488, 40.45773894609556 ], [ 140.098591504994033, 40.454244224691251 ], [ 140.098910947782088, 40.453495612832342 ], [ 140.099436498095997, 40.453191441431954 ], [ 140.097370946911724, 40.449240892353373 ], [ 140.099841245177345, 40.445602837900708 ], [ 140.099174306149393, 40.443969224799957 ], [ 140.101943747705832, 40.442942279063004 ], [ 140.103063501679344, 40.441730053199421 ], [ 140.10494350204101, 40.440942532172187 ], [ 140.107616030855183, 40.435896134898769 ], [ 140.105682697998191, 40.434493080990933 ], [ 140.103348248622865, 40.433810304901726 ], [ 140.103096303551638, 40.433468918655706 ], [ 140.102392969859693, 40.430776135310452 ], [ 140.103039104870845, 40.428585027077418 ], [ 140.101465499033566, 40.425983917923531 ], [ 140.102040531845091, 40.424208360327611 ], [ 140.102810246295917, 40.423620586820675 ], [ 140.101227470971025, 40.422438919020976 ], [ 140.100961634072178, 40.421093919049156 ], [ 140.100059143714589, 40.419681441145656 ], [ 140.100123062129683, 40.417719224762493 ], [ 140.100554448928733, 40.417201693703248 ], [ 140.102244449521777, 40.416723080805582 ], [ 140.107551388485831, 40.416068359966914 ], [ 140.107179999957111, 40.414475306290399 ], [ 140.106560026224315, 40.413423918778903 ], [ 140.106516134811841, 40.412417802239816 ], [ 140.107262243857576, 40.410225585142712 ], [ 140.108175058432266, 40.408656413862445 ], [ 140.107863384887423, 40.407648360183714 ], [ 140.108376718810632, 40.406904467966854 ], [ 140.109827834287216, 40.406074468362078 ], [ 140.109947807445451, 40.405342775448787 ], [ 140.110813138715457, 40.404300838013341 ], [ 140.113950698865779, 40.402021892096684 ], [ 140.11490089466065, 40.401692386794252 ], [ 140.117923139241498, 40.402729721499497 ], [ 140.119663696122757, 40.404806667094078 ], [ 140.124264812071488, 40.404252198180473 ], [ 140.128279804769249, 40.405580531916087 ], [ 140.130963969011987, 40.404260251609401 ], [ 140.132800363945648, 40.403818865248468 ], [ 140.137414279945119, 40.401558558680563 ], [ 140.14018844384168, 40.400652999836154 ], [ 140.140893450272529, 40.400830775120255 ], [ 140.141541504436987, 40.401634946195884 ], [ 140.144209274038872, 40.4021668906895 ], [ 140.146486226158459, 40.401220467550615 ], [ 140.147959558486946, 40.402438252123716 ], [ 140.151067587599186, 40.403365748130852 ], [ 140.154045109794083, 40.401474919032353 ], [ 140.156048715675752, 40.400787414307786 ], [ 140.15532347629744, 40.398180748242964 ], [ 140.155392632364169, 40.395511585591237 ], [ 140.15373182916062, 40.392878251929858 ], [ 140.154889610966848, 40.390456026924141 ], [ 140.156212386892207, 40.389456306363513 ], [ 140.156314358321083, 40.38850853244287 ], [ 140.15708686067012, 40.387908531753396 ], [ 140.159308249076503, 40.387400197161412 ], [ 140.162720466676205, 40.385728774763209 ], [ 140.163071025107797, 40.38508350489991 ], [ 140.163947133853185, 40.384855721014787 ], [ 140.16070688731304, 40.3816349187166 ], [ 140.159400220044176, 40.380757135433498 ], [ 140.159269973930236, 40.37990908103933 ], [ 140.158306083259163, 40.378651026623629 ], [ 140.158014694822327, 40.376840747102847 ], [ 140.156266082713614, 40.375552972791525 ], [ 140.155874721141572, 40.3748826936814 ], [ 140.156170271640804, 40.37411074801264 ], [ 140.151320830392024, 40.374455747734601 ], [ 140.149575278676252, 40.373154918864486 ], [ 140.149446394135794, 40.37254074755748 ], [ 140.149874449846038, 40.371373252173896 ], [ 140.151404475436266, 40.370006027256409 ], [ 140.15236280200179, 40.368097135274638 ], [ 140.151336718714674, 40.366049081300105 ], [ 140.151079222128487, 40.363824081216421 ], [ 140.151348105930424, 40.362476864415839 ], [ 140.150674253813804, 40.36158491860914 ], [ 140.15107953329391, 40.360550468029714 ], [ 140.150609804798705, 40.358134639901778 ], [ 140.150132891619705, 40.357253801621709 ], [ 140.147693994981978, 40.355411305687255 ], [ 140.146789274305661, 40.353687693832057 ], [ 140.147111245087899, 40.352212972950383 ], [ 140.14560403439873, 40.349142693780323 ], [ 140.142722113734635, 40.347250747723876 ], [ 140.142320999014942, 40.346277414171368 ], [ 140.140529883147678, 40.344495748380155 ], [ 140.137967977240464, 40.342883558929145 ], [ 140.137871310012997, 40.341532171072913 ], [ 140.136633255620268, 40.340025775169465 ], [ 140.136392723845233, 40.338769945676518 ], [ 140.134724669408001, 40.33758383792383 ], [ 140.135232165831894, 40.336746332577263 ], [ 140.135031893107453, 40.335682440891958 ], [ 140.135583307024035, 40.33498074756352 ], [ 140.135653580048711, 40.333127693588267 ], [ 140.136204695390461, 40.331973532452594 ], [ 140.135653891214133, 40.330143531698695 ], [ 140.135911115305817, 40.329175468173389 ], [ 140.136800272314758, 40.327390748284472 ], [ 140.137851140917519, 40.326636027330835 ], [ 140.137866135313971, 40.325712973075326 ], [ 140.139056692912163, 40.324654360410477 ], [ 140.140688080190785, 40.324147694960232 ], [ 140.140335616095854, 40.322717414077431 ], [ 140.13887338499876, 40.321219918764314 ], [ 140.138550077823879, 40.319299919255911 ], [ 140.137175914636828, 40.317740198051752 ], [ 140.135853411205971, 40.316991305604347 ], [ 140.13469980405273, 40.315747135821709 ], [ 140.135332049034901, 40.314378802040153 ], [ 140.134935109867456, 40.313781865340843 ], [ 140.134964552771976, 40.312903802368623 ], [ 140.135905421697885, 40.311034612757226 ], [ 140.136104034273785, 40.309491559587855 ], [ 140.135721802619173, 40.309013224580724 ], [ 140.136216251678775, 40.308267108340431 ], [ 140.135876278267688, 40.307188775341785 ], [ 140.133796835255794, 40.305336558635304 ], [ 140.132885720399713, 40.304075171332158 ], [ 140.13399574640664, 40.302284613044492 ], [ 140.13547992186102, 40.301395440747058 ], [ 140.137031582441637, 40.301060721175418 ], [ 140.137368520640734, 40.30043238644555 ], [ 140.137956589125338, 40.300167946193824 ], [ 140.137993257183098, 40.299644333019614 ], [ 140.139533553930391, 40.29783708061683 ], [ 140.139888275323756, 40.296712640276155 ], [ 140.140859416329022, 40.295466802251156 ], [ 140.141028586000516, 40.29443625203146 ], [ 140.141609144246672, 40.293879026695777 ], [ 140.139830804148346, 40.29222346833842 ], [ 140.137692476226903, 40.291530973275826 ], [ 140.137475550756108, 40.290811531826762 ], [ 140.136921115117389, 40.29032041385608 ], [ 140.137098611611691, 40.289940694007896 ], [ 140.136722775935482, 40.289075945498553 ], [ 140.135415006097674, 40.288152613352452 ], [ 140.134261945732305, 40.28782344079923 ], [ 140.136620310778767, 40.284273440766754 ], [ 140.136495305014364, 40.283209278385527 ], [ 140.138380051997842, 40.282149251986425 ], [ 140.13870005146623, 40.281610081440135 ], [ 140.137435887955917, 40.279282027143893 ], [ 140.135908170925404, 40.273744504705178 ], [ 140.133939000984128, 40.271024774973455 ], [ 140.134270143052731, 40.266357279165163 ], [ 140.134573191199934, 40.26587586487932 ], [ 140.13416513641198, 40.265034747855395 ], [ 140.134115719564875, 40.263795586397237 ], [ 140.131125162596277, 40.261610865149351 ], [ 140.126767393300611, 40.261875585989571 ], [ 140.126194331803049, 40.26238783802836 ], [ 140.125903775239067, 40.261900613222792 ], [ 140.123199339378061, 40.260990332937581 ], [ 140.120380441404336, 40.261821999885456 ], [ 140.119498222664902, 40.26136866693048 ], [ 140.117066005292031, 40.261376721258728 ], [ 140.116648780117202, 40.259690333242361 ], [ 140.113393502308327, 40.259859225023263 ], [ 140.113143774065975, 40.259031441347986 ], [ 140.10976988287382, 40.259217558743387 ], [ 140.109616550263695, 40.258221171070261 ], [ 140.103076549942898, 40.256464224944068 ], [ 140.10337433166012, 40.255780613384673 ], [ 140.102804617439233, 40.255287559173553 ], [ 140.101533217084352, 40.254797559060137 ], [ 140.100992388188274, 40.255046441040463 ], [ 140.100974086085216, 40.254198107856439 ], [ 140.100080466640293, 40.253371171342508 ], [ 140.099561582101387, 40.252200612868023 ], [ 140.098657690600021, 40.251705613423383 ], [ 140.097822697959259, 40.2503103332553 ], [ 140.097541050978748, 40.249463919224524 ], [ 140.097928274770084, 40.24851530623647 ], [ 140.097272437872789, 40.247714747737461 ], [ 140.09634022042485, 40.247224747624045 ], [ 140.096215472765948, 40.250451170685039 ], [ 140.09584713383822, 40.250444774706637 ], [ 140.095752697828857, 40.252410332970555 ], [ 140.092530751593017, 40.252358666919008 ], [ 140.092404306014032, 40.257215080611559 ], [ 140.088144578109905, 40.257173135331982 ], [ 140.087723748452277, 40.259764531807775 ], [ 140.083335136007804, 40.259692026665732 ], [ 140.083485719390524, 40.254802865060242 ], [ 140.079003216825072, 40.254335640277645 ], [ 140.077980972743717, 40.255329802128699 ], [ 140.077840415003266, 40.256207865100919 ], [ 140.078392917998826, 40.256548135288256 ], [ 140.078466523911061, 40.257465640726764 ], [ 140.077018717040232, 40.259678170811014 ], [ 140.076992335428031, 40.26109566693151 ], [ 140.076561776904555, 40.261417332843678 ], [ 140.075657586828243, 40.264212054342863 ], [ 140.07429953319695, 40.264120387346054 ], [ 140.073035641281876, 40.264677639661386 ], [ 140.072623969420761, 40.264272360181337 ], [ 140.067245083793637, 40.264142918960601 ], [ 140.067007588129741, 40.264224305807147 ], [ 140.06734786011566, 40.265060413607273 ], [ 140.06572369619164, 40.265820413581253 ], [ 140.065407301206051, 40.265471802181992 ], [ 140.065003968758219, 40.265533467795365 ], [ 140.064984501133836, 40.266392639608682 ], [ 140.067185887718551, 40.268466532004879 ], [ 140.066532282938624, 40.268635413893264 ], [ 140.067163943361379, 40.269823467778849 ], [ 140.066656978436868, 40.270572081436455 ], [ 140.066730337035438, 40.269783749220721 ], [ 140.066381167157147, 40.269472919239888 ], [ 140.065413358140063, 40.270728225327389 ], [ 140.06353503231594, 40.270144053605236 ], [ 140.062747561650667, 40.269376557781982 ], [ 140.052420583643084, 40.269470170911688 ], [ 140.050101141254686, 40.26844350486391 ], [ 140.048995576784478, 40.26842377373822 ], [ 140.048962529397272, 40.268927386889459 ], [ 140.046516420196667, 40.268915719984534 ], [ 140.04642697902193, 40.269580720973522 ], [ 140.047174188837857, 40.270029613076247 ], [ 140.050747807765219, 40.269592108189272 ], [ 140.051747808014966, 40.26985877516239 ], [ 140.046906692689731, 40.270319639939487 ], [ 140.045937224423483, 40.271418802136054 ], [ 140.044325278688689, 40.272322693637477 ], [ 140.0428113878354, 40.274028251602601 ], [ 140.04093664131301, 40.275111865420286 ], [ 140.038343580192191, 40.27420269489852 ], [ 140.033471946373311, 40.270959666755289 ], [ 140.032472697956678, 40.269721134822589 ], [ 140.032163916631475, 40.268161586288215 ], [ 140.031524475274409, 40.267429639766135 ], [ 140.03182586327307, 40.266281027447519 ], [ 140.032303644297826, 40.265763251772682 ], [ 140.032031725284014, 40.264648532204035 ], [ 140.031061997113511, 40.263488801567007 ], [ 140.030290338328541, 40.263072134871152 ], [ 140.023174189137535, 40.263857171071663 ], [ 140.022927004177973, 40.262963278232746 ], [ 140.023094773604953, 40.262313251855119 ], [ 140.022352555026487, 40.262733279317445 ], [ 140.020189222354816, 40.262164386177517 ], [ 140.019579493698757, 40.262455504817751 ], [ 140.019296718968462, 40.26320689198451 ], [ 140.018289493565362, 40.262854667109252 ], [ 140.017538663978257, 40.262983278255717 ], [ 140.017349754187876, 40.264293559000578 ], [ 140.015663760074517, 40.264461802370363 ], [ 140.0160165497241, 40.265097748062658 ], [ 140.018749078607129, 40.282036387069638 ], [ 140.019222672388537, 40.282995836888404 ], [ 140.020442048761652, 40.291570000255376 ], [ 140.021610363427612, 40.296580865314752 ], [ 140.022550311447731, 40.304749467713805 ], [ 140.022939753866581, 40.305644748206589 ], [ 140.023419688767717, 40.311502558796121 ], [ 140.024188585734692, 40.314714504570759 ], [ 140.024596329357223, 40.318351720855276 ], [ 140.025167108375399, 40.324640919143178 ], [ 140.02486783378356, 40.327360747800299 ], [ 140.025164967988985, 40.327704197990386 ], [ 140.025029975253233, 40.328724558891338 ], [ 140.025446835303228, 40.329331918733089 ], [ 140.025576523837572, 40.330641468329134 ], [ 140.025179299585034, 40.331627532684536 ], [ 140.025550271727752, 40.332138531967701 ], [ 140.025476420300606, 40.332969865267103 ], [ 140.025777756138609, 40.333590197829437 ], [ 140.025492308623257, 40.334312080937821 ], [ 140.025798002575812, 40.335004468081763 ], [ 140.025480363827796, 40.335696838138631 ], [ 140.025877029601247, 40.336344838343678 ], [ 140.025442865695709, 40.336829000058344 ], [ 140.025957588172218, 40.337364001347623 ], [ 140.025692866432678, 40.338107053597696 ], [ 140.026136743915686, 40.338875387589098 ], [ 140.025832580609176, 40.339418999887016 ], [ 140.026090052014297, 40.340235666143144 ], [ 140.02576616117949, 40.340787053979398 ], [ 140.026170894770985, 40.341333440685787 ], [ 140.025898663692487, 40.342076504627016 ], [ 140.026148948615173, 40.343281776033166 ], [ 140.025722283256869, 40.34359122465537 ], [ 140.026111997270959, 40.343923441413722 ], [ 140.025677808184355, 40.345223999587972 ], [ 140.026038367077035, 40.34528594578984 ], [ 140.025876420760255, 40.348467360480356 ], [ 140.025508339938028, 40.348743197840349 ], [ 140.025810001330569, 40.34952569435535 ], [ 140.025442218183912, 40.350133747574432 ], [ 140.025537781943171, 40.350978468181836 ], [ 140.025125836688062, 40.35143458633712 ], [ 140.025206666854274, 40.353117919356521 ], [ 140.024729974009119, 40.353430693671612 ], [ 140.024934423185186, 40.353720413866085 ], [ 140.024434136626155, 40.353889305646987 ], [ 140.024382750263726, 40.354502919374283 ], [ 140.023713022438073, 40.355049027290818 ], [ 140.022662476692062, 40.355022359694203 ], [ 140.022750584172172, 40.355308080603493 ], [ 140.021822476626085, 40.355693747668397 ], [ 140.023337756032674, 40.356327359620025 ], [ 140.023352477035246, 40.356670693797525 ], [ 140.022721362500988, 40.356854586270174 ], [ 140.02303608294892, 40.357498224763333 ], [ 140.022572438367433, 40.358129054212554 ], [ 140.020864162651037, 40.358178613152518 ], [ 140.021132996090955, 40.358409891803092 ], [ 140.020631336267229, 40.35855294606165 ], [ 140.020896328702634, 40.358884892124138 ], [ 140.020292724429737, 40.359025720560624 ], [ 140.020600505708785, 40.35936766618488 ], [ 140.019864668719606, 40.36106238821867 ], [ 140.019160778347327, 40.361160441301365 ], [ 140.019395227108134, 40.361339892921762 ], [ 140.018806616332313, 40.361891838337726 ], [ 140.017931050777406, 40.361739612792974 ], [ 140.018571440019969, 40.362272694029684 ], [ 140.018175187934617, 40.362471278726559 ], [ 140.017597690980665, 40.362421279118792 ], [ 140.017573256400738, 40.362004198734837 ], [ 140.017054085877476, 40.362329333332127 ], [ 140.016523216972928, 40.361527693848018 ], [ 140.01670213979196, 40.362730721445701 ], [ 140.015850195829898, 40.363034918926417 ], [ 140.015548520947505, 40.362583532104395 ], [ 140.015510195439219, 40.363152972931402 ], [ 140.014686030635858, 40.363637134646126 ], [ 140.01499518787773, 40.364352414032737 ], [ 140.014944643280728, 40.365405801636484 ], [ 140.014037808298326, 40.367294639635986 ], [ 140.013426834081201, 40.367542693340681 ], [ 140.014028366316097, 40.368234891627026 ], [ 140.013901310097481, 40.370269559192877 ], [ 140.013347199114037, 40.371025693880711 ], [ 140.013442360876297, 40.37170372065026 ], [ 140.012373086748653, 40.373077694080393 ], [ 140.012059610962297, 40.372922107769114 ], [ 140.012328611676139, 40.373134801929609 ], [ 140.012017250195981, 40.37355055941083 ], [ 140.011638755224453, 40.373396386833861 ], [ 140.011094162665586, 40.373973224584688 ], [ 140.01074644609173, 40.373856559132946 ], [ 140.011028521149342, 40.374024748543377 ], [ 140.010041829067177, 40.374807972609915 ], [ 140.007775693993153, 40.375877612761656 ], [ 140.00732011722971, 40.375382721235667 ], [ 140.006584552735035, 40.375320775033799 ], [ 140.00414530536159, 40.37594953244502 ], [ 140.003455447111264, 40.375015721398483 ], [ 140.003223164817314, 40.375092413783932 ], [ 140.00349167270258, 40.375650414335212 ], [ 140.002221672592214, 40.376084694253279 ], [ 140.000968495199913, 40.378065414187574 ], [ 140.001235162173089, 40.378168748089308 ], [ 140.000872023125453, 40.378754089829442 ], [ 140.000410116933381, 40.378593532065906 ], [ 140.000509350825951, 40.378123891704263 ], [ 140.000028015680414, 40.378570989659522 ], [ 139.999734825002292, 40.378462794022767 ], [ 139.999950427570184, 40.378034721225447 ], [ 139.999544214593925, 40.378412171184777 ], [ 139.99920889787245, 40.378286107817701 ], [ 139.999682879261513, 40.377527080910113 ], [ 140.000400427637715, 40.377321909578541 ], [ 140.000697978229141, 40.376849585639945 ], [ 140.000994293152189, 40.376971189269 ], [ 140.000667328434474, 40.37675672074613 ], [ 140.00047014308268, 40.377080305811489 ], [ 140.000075913572573, 40.376941793129276 ], [ 140.000664669139269, 40.375956144260726 ], [ 140.001073047683121, 40.376098936816561 ], [ 140.000935796749673, 40.376476991120285 ], [ 140.001266134824277, 40.375927640248449 ], [ 140.001123086861071, 40.375624640664682 ], [ 140.001115978619623, 40.376036270257714 ], [ 140.000598470043428, 40.37586150500448 ], [ 139.99879029853355, 40.378787738863139 ], [ 139.999623022184778, 40.37926422486413 ], [ 139.999486744317892, 40.379626080579214 ], [ 139.996811191982943, 40.38038499956815 ], [ 139.99600341102871, 40.380266945563164 ], [ 139.995148975045254, 40.381099170990012 ], [ 139.994308144905062, 40.381271107875364 ], [ 139.993580363143337, 40.380973332453379 ], [ 139.993738144699705, 40.381234440716923 ], [ 139.993122309646992, 40.381450278907323 ], [ 139.993408974844328, 40.381771946618073 ], [ 139.992400336606352, 40.381738612347135 ], [ 139.992899493616846, 40.382233612691152 ], [ 139.99172089520323, 40.382001387054402 ], [ 139.991555058419294, 40.382477504333394 ], [ 139.991064773220728, 40.381968891850931 ], [ 139.990857562226779, 40.382629198378879 ], [ 139.989988664245516, 40.382199198334376 ], [ 139.98961810579101, 40.383066973062398 ], [ 139.989123113540927, 40.382748359449295 ], [ 139.989241724226304, 40.383352532093738 ], [ 139.988641725335469, 40.382902252337146 ], [ 139.98827783355523, 40.383524747768945 ], [ 139.987362283242874, 40.383166694387512 ], [ 139.986291724883245, 40.384047252079085 ], [ 139.986701724904719, 40.384348640077746 ], [ 139.986435057931658, 40.384965027314195 ], [ 139.985381440101492, 40.384481414185984 ], [ 139.984027833617688, 40.385103639821182 ], [ 139.983725888039316, 40.384557252215473 ], [ 139.983095331084769, 40.384648919212282 ], [ 139.982886135287004, 40.385206441324272 ], [ 139.983176136069915, 40.385524224863161 ], [ 139.98154474699254, 40.386021441136677 ], [ 139.980926692412936, 40.387605891898431 ], [ 139.980164188726349, 40.387823946917649 ], [ 139.979715032222998, 40.388350613290243 ], [ 139.980076692785246, 40.388536441103952 ], [ 139.979802529063477, 40.389071722082349 ], [ 139.980060855723991, 40.389507558726905 ], [ 139.9793691700512, 40.389707558956729 ], [ 139.978754448359155, 40.390378107863455 ], [ 139.97988389072907, 40.390485333131664 ], [ 139.979759727629357, 40.391703946879716 ], [ 139.979353061394704, 40.392434252139083 ], [ 139.979760557703685, 40.394160359612954 ], [ 139.980323580069239, 40.394698693789735 ], [ 139.980225668180083, 40.395043892261867 ], [ 139.978939274328127, 40.395069468081545 ], [ 139.980106550277128, 40.395141081096085 ], [ 139.980183579908385, 40.395869801749996 ], [ 139.978483864838608, 40.397710919023723 ], [ 139.978226354762569, 40.398482027423654 ], [ 139.976870181613663, 40.399035784074215 ], [ 139.976684279156188, 40.398689748333254 ], [ 139.976130389405967, 40.398610802246765 ], [ 139.976072802218141, 40.399020775288591 ], [ 139.97567557706634, 40.39917974844667 ], [ 139.973921633776399, 40.399313081033938 ], [ 139.974180142999217, 40.399437414105421 ], [ 139.973877781934107, 40.400359748004007 ], [ 139.97344121863739, 40.400617251784809 ], [ 139.973174527382639, 40.400321775029965 ], [ 139.973365357225475, 40.400649198401823 ], [ 139.972709104841329, 40.401024279546903 ], [ 139.971340271936015, 40.400715640314615 ], [ 139.971338781759414, 40.400153198011708 ], [ 139.972962022979004, 40.400031107849372 ], [ 139.973645693893673, 40.398563198432896 ], [ 139.973244500932992, 40.398475558600182 ], [ 139.972906354944371, 40.399974775215753 ], [ 139.972425720370779, 40.400173531683208 ], [ 139.971562723740817, 40.400098440990291 ], [ 139.971027004792518, 40.399223225271669 ], [ 139.973805421583052, 40.397554332666346 ], [ 139.973669416210669, 40.397405531739935 ], [ 139.969098690152464, 40.400191803209225 ], [ 139.968963695618072, 40.400519775167538 ], [ 139.969467912214441, 40.401005640198207 ], [ 139.968843696379508, 40.401732171002948 ], [ 139.96808705627268, 40.401882721110724 ], [ 139.968068638157206, 40.402434359857864 ], [ 139.968188391880858, 40.401932027341218 ], [ 139.968860271784138, 40.401808305808743 ], [ 139.968874669030811, 40.402033999669413 ], [ 139.967749001115521, 40.403630171295447 ], [ 139.964703527945517, 40.404475134719746 ], [ 139.963148520987488, 40.405287081333768 ], [ 139.962341829112233, 40.406532639669649 ], [ 139.961528806908973, 40.406182081238114 ], [ 139.961752943143892, 40.406728746734302 ], [ 139.961529884296738, 40.406823504701038 ], [ 139.961055187946613, 40.406282081353027 ], [ 139.961101828586607, 40.406814053725668 ], [ 139.961449610810973, 40.40684433299964 ], [ 139.96066338480739, 40.407447108097585 ], [ 139.95983953296809, 40.407327170912254 ], [ 139.95922163397131, 40.406815748048359 ], [ 139.95817425383882, 40.407525775394276 ], [ 139.957731582346696, 40.407948748136278 ], [ 139.959222191550907, 40.406910999742877 ], [ 139.959561218875251, 40.407208224779822 ], [ 139.958837003824783, 40.408442278988048 ], [ 139.957931750749708, 40.408090001052756 ], [ 139.95819379970419, 40.408673080997914 ], [ 139.957998418392322, 40.408825413562056 ], [ 139.957658781327723, 40.408406000336697 ], [ 139.955882672447387, 40.409452946096621 ], [ 139.956312671592627, 40.409734891651965 ], [ 139.956169299873409, 40.410804612742709 ], [ 139.955885446855973, 40.410545440719545 ], [ 139.955223475682942, 40.410821278978915 ], [ 139.954517081598055, 40.411738775424226 ], [ 139.953998469553767, 40.411532666999051 ], [ 139.954075421843299, 40.411862666928585 ], [ 139.952927638699634, 40.411969919176499 ], [ 139.952986523609297, 40.412256864063067 ], [ 139.952388196558104, 40.412494640315458 ], [ 139.951647082346994, 40.412183802240747 ], [ 139.95114680927793, 40.412510196788219 ], [ 139.951183748031667, 40.412087973181485 ], [ 139.950735135618061, 40.41247630583689 ], [ 139.950778755435294, 40.412921305673763 ], [ 139.949769299713466, 40.412687413593289 ], [ 139.949300143187088, 40.413005748416595 ], [ 139.948234033773701, 40.412976026722333 ], [ 139.948144864194205, 40.413366026720837 ], [ 139.947725422190501, 40.412831027230197 ], [ 139.947026523055683, 40.412679081374563 ], [ 139.946996808555923, 40.413720468424913 ], [ 139.946739300278523, 40.413951307307059 ], [ 139.947320700290106, 40.41453686488444 ], [ 139.947347276155938, 40.415414532155012 ], [ 139.947143996098589, 40.41600074803614 ], [ 139.946463450327997, 40.416288891719034 ], [ 139.946643722130148, 40.416575198087003 ], [ 139.946084279965589, 40.417504080848687 ], [ 139.946077055711612, 40.418286586356942 ], [ 139.945039559128418, 40.418787972786788 ], [ 139.945217859616605, 40.420416305967819 ], [ 139.944386199863288, 40.420476865415083 ], [ 139.943973696129206, 40.4209607753196 ], [ 139.944377301970917, 40.421330504599155 ], [ 139.944017588441056, 40.421608558788023 ], [ 139.944315356668426, 40.42168717122604 ], [ 139.944116471597908, 40.422818558829476 ], [ 139.943472308800096, 40.423139945951789 ], [ 139.943383969294814, 40.423669107943056 ], [ 139.942558691130785, 40.42364105359178 ], [ 139.94222730174863, 40.423793000346734 ], [ 139.942352580906913, 40.424040775261631 ], [ 139.94160924716914, 40.424184108309987 ], [ 139.941402022685224, 40.424744386844054 ], [ 139.940694812015977, 40.42508799981141 ], [ 139.941291478918629, 40.425009107684218 ], [ 139.940694773345172, 40.42531883779418 ], [ 139.941121997182449, 40.425403278738372 ], [ 139.940061166789519, 40.425746333226755 ], [ 139.93997255478962, 40.426253279265495 ], [ 139.93933199737387, 40.426140505180229 ], [ 139.939773670618479, 40.426489666964585 ], [ 139.938860337134884, 40.426039108418195 ], [ 139.939171167115774, 40.426807999989251 ], [ 139.938123670970754, 40.426574107908777 ], [ 139.937423671065631, 40.427728278936968 ], [ 139.937563671226485, 40.428060504688574 ], [ 139.936871167170693, 40.428150505241661 ], [ 139.937165886696334, 40.428443278634461 ], [ 139.936309778873238, 40.428203837736987 ], [ 139.9373794936688, 40.428738838126947 ], [ 139.938502826943932, 40.428678838057976 ], [ 139.941089779869458, 40.429404946181364 ], [ 139.942120051299412, 40.429999107572826 ], [ 139.945419779898998, 40.429867999908311 ], [ 139.947974746637328, 40.431204667661348 ], [ 139.949932530262117, 40.431231891938296 ], [ 139.950873358718582, 40.43091522535741 ], [ 139.954625576709077, 40.432120504857494 ], [ 139.956200856184637, 40.433053000195855 ], [ 139.957033917081617, 40.434183278935222 ], [ 139.959544476196697, 40.434862721237664 ], [ 139.961638080832813, 40.434075775776478 ], [ 139.963511971200546, 40.432760225004415 ], [ 139.963592528872141, 40.431890225353698 ], [ 139.964173113198626, 40.431141332906236 ], [ 139.964113943203984, 40.430278533227806 ], [ 139.967296160989122, 40.429017973300859 ], [ 139.968586447106873, 40.428852414407459 ], [ 139.969846719250768, 40.427450721173898 ], [ 139.971129805396231, 40.427385441185208 ], [ 139.972846471787307, 40.426547666941303 ], [ 139.976233968822612, 40.427375414643734 ], [ 139.976815642228189, 40.427819864994831 ], [ 139.977701192955806, 40.427684865064521 ], [ 139.978597030128867, 40.428087359344204 ], [ 139.981208417634434, 40.427377081087457 ], [ 139.983708975388936, 40.42821677628325 ], [ 139.985203696293638, 40.427912612976741 ], [ 139.990137029900097, 40.430884532395282 ], [ 139.99142924776163, 40.432074250926007 ], [ 139.993727301573813, 40.432536197587524 ], [ 139.994097562352636, 40.434045640394061 ], [ 139.995054501264235, 40.435046747709293 ], [ 139.996695331424462, 40.434168973419446 ], [ 139.997417587751556, 40.432769226318783 ], [ 139.999919804755223, 40.432425053973134 ], [ 140.001031750814718, 40.432893107930624 ], [ 140.003275356972267, 40.431822838253424 ], [ 140.006833450003796, 40.427018918888052 ], [ 140.008304837098649, 40.426370306244678 ], [ 140.009133747624446, 40.425502802212577 ], [ 140.011720973044589, 40.425907224638763 ], [ 140.012012088087431, 40.425650837815965 ], [ 140.012028470137807, 40.424750837681074 ], [ 140.013144034169954, 40.424648892332584 ], [ 140.014300414832292, 40.423306666769292 ], [ 140.014147082222166, 40.422506946438489 ], [ 140.014583774121888, 40.422079171316739 ], [ 140.016499883163192, 40.42112499961911 ], [ 140.017478223241483, 40.421069441301711 ], [ 140.018456549829921, 40.420005251940893 ], [ 140.019443216731133, 40.419841640079653 ], [ 140.019531828730919, 40.421078865297432 ], [ 140.018622114119353, 40.421903027402834 ], [ 140.019297366480373, 40.423320802313242 ], [ 140.018282361042225, 40.42535610839775 ], [ 140.017493748237939, 40.425922774816229 ], [ 140.017368469978919, 40.427043892161919 ], [ 140.018160700755743, 40.427456386902804 ], [ 140.019191529765294, 40.428779721307137 ], [ 140.022126226244382, 40.429815802357439 ], [ 140.022324552835926, 40.430518585664231 ], [ 140.022029001437318, 40.43213997338114 ], [ 140.022683994770659, 40.433627198436511 ], [ 140.022566498345327, 40.435372197968604 ], [ 140.024159000737313, 40.435850801873073 ], [ 140.025267030249324, 40.436564135126787 ], [ 140.026038975018764, 40.438946918565478 ], [ 140.026054812080019, 40.439237198138244 ], [ 140.024918974631078, 40.439976919299454 ], [ 140.023338145439084, 40.441768305862695 ], [ 140.022949780408112, 40.442663586355479 ], [ 140.022233943441847, 40.443286080887958 ], [ 140.022132827268251, 40.444674135003368 ], [ 140.020066978408408, 40.446828306281361 ], [ 140.020588079776076, 40.44900580237595 ], [ 140.021889754008953, 40.449867468009302 ], [ 140.023599753725762, 40.452131360174178 ], [ 140.025956419952877, 40.45357080155128 ], [ 140.027888911044442, 40.453604667321599 ], [ 140.029004475076476, 40.454992999327487 ], [ 140.030108079924048, 40.455150504792016 ], [ 140.030289727688796, 40.456747440841752 ], [ 140.031417782404787, 40.457866612953865 ], [ 140.032678884622896, 40.458161613068057 ], [ 140.034203332617722, 40.457896332849543 ], [ 140.034288054150466, 40.458374945747209 ], [ 140.035779728151965, 40.459225775449227 ], [ 140.036171673384047, 40.461617695100585 ], [ 140.037627223417644, 40.461347413752208 ], [ 140.038185006333038, 40.460774918827497 ], [ 140.041035006460447, 40.461202693949247 ], [ 140.042862502602475, 40.460441306321286 ], [ 140.046258366030884, 40.460799919081069 ], [ 140.047354188145277, 40.460716306412451 ], [ 140.048688079691146, 40.460100170986152 ], [ 140.049747249935649, 40.461843775669763 ], [ 140.051909728251417, 40.463246000402648 ], [ 140.053312775864015, 40.46359961293183 ], [ 140.054076938799767, 40.464336279096074 ], [ 140.052762775681572, 40.46563489203669 ], [ 140.052395006024767, 40.466522945577537 ], [ 140.053619727968112, 40.467790441076033 ], [ 140.055172218623056, 40.46741238677231 ], [ 140.059235279184804, 40.467230170635901 ], [ 140.060698611951466, 40.467834026719004 ], [ 140.062816667355378, 40.467523748022586 ], [ 140.065206109374458, 40.468370135073712 ], [ 140.067571115014971, 40.468334585772595 ], [ 140.068149170447896, 40.468859865390527 ], [ 140.070162527678576, 40.468436532020405 ], [ 140.07033224413783, 40.468312919305845 ] ] ] ] } },
{ "type": "Feature", "properties": { "regioncode": "0536100", "regionname": "秋田県五城目町", "name": "五城目町", "namekana": "ごじょうめまち", "PrefCode": "05" }, "geometry": { "type": "MultiPolygon", "coordinates": [ [ [ [ 140.051825615559778, 39.935964747874891 ], [ 140.056557003702778, 39.935963612930436 ], [ 140.056619493994504, 39.934554719724588 ], [ 140.056274772163079, 39.933387504929442 ], [ 140.057317277070752, 39.932821360117714 ], [ 140.058927031157623, 39.933137747908802 ], [ 140.057584811889569, 39.932111080961647 ], [ 140.063022023048006, 39.930937441409867 ], [ 140.062616783138083, 39.929510774902383 ], [ 140.056772022610858, 39.928971919118851 ], [ 140.055595641925379, 39.929957468162684 ], [ 140.047776472006603, 39.926543333208315 ], [ 140.016001970814386, 39.919848946271884 ], [ 140.038589468329405, 39.935725054267891 ], [ 140.044122775645633, 39.940230054273627 ], [ 140.048340584350512, 39.937147531733274 ], [ 140.051135576545676, 39.936068640255598 ], [ 140.051825615559778, 39.935964747874891 ] ] ], [ [ [ 140.202555031989164, 40.0127164139314 ], [ 140.204099494396246, 40.011497801982046 ], [ 140.206708664173561, 40.012075000361051 ], [ 140.209448391230353, 40.011823891659333 ], [ 140.21042619891, 40.011320279407414 ], [ 140.211685356793851, 40.01158472145778 ], [ 140.214043139079649, 40.010627467783479 ], [ 140.215697612854569, 40.009062467558863 ], [ 140.216342361111174, 40.007491639727448 ], [ 140.21893430617331, 40.006894693135621 ], [ 140.219995965741305, 40.005881331658202 ], [ 140.222360725866906, 40.006095505203461 ], [ 140.226365719902105, 40.005622441122796 ], [ 140.227610752134524, 40.004913251945084 ], [ 140.227757133884666, 40.004124918829973 ], [ 140.229367691066159, 40.004558251761978 ], [ 140.230846860893962, 40.004457134689062 ], [ 140.233822970253982, 40.007571306170917 ], [ 140.235378806386848, 40.007672134561403 ], [ 140.236316031259889, 40.006630467821878 ], [ 140.236213799926986, 40.00582544059165 ], [ 140.236677172913232, 40.00533822477928 ], [ 140.236462438190983, 40.004496559168899 ], [ 140.236843553787025, 40.003759053037925 ], [ 140.236591337120558, 40.003007387081311 ], [ 140.236675252860664, 40.000719332831011 ], [ 140.236453579868908, 40.000039892327209 ], [ 140.234749974331862, 39.998217945901558 ], [ 140.234371920028138, 39.997417107713375 ], [ 140.234488611560209, 39.996145720848403 ], [ 140.234066394248771, 39.995565442291365 ], [ 140.23447778192417, 39.994689613235096 ], [ 140.234085005718498, 39.994007667220103 ], [ 140.235779467848261, 39.992640170707375 ], [ 140.234458638055798, 39.991927386939381 ], [ 140.234321699187149, 39.991339614331764 ], [ 140.235309467757816, 39.991142107921974 ], [ 140.235239754111376, 39.990441278842013 ], [ 140.236530894585144, 39.990155414041169 ], [ 140.236712827435099, 39.988765413792862 ], [ 140.238831724604438, 39.98860430564423 ], [ 140.240284527209269, 39.987885973059235 ], [ 140.241152865812182, 39.98779569371635 ], [ 140.242008690348825, 39.98713874795493 ], [ 140.243185383098989, 39.985435666722708 ], [ 140.246192892288263, 39.984979838149059 ], [ 140.246976226072093, 39.984402054311431 ], [ 140.249721803218677, 39.983968135920804 ], [ 140.250432632759839, 39.983605918678279 ], [ 140.250900142627529, 39.982665639707534 ], [ 140.250239856783992, 39.98173091944642 ], [ 140.250213502151496, 39.980872306112076 ], [ 140.250925161766872, 39.979959252317713 ], [ 140.25125044115498, 39.978817026984245 ], [ 140.251418520848119, 39.97632953188247 ], [ 140.251866589171868, 39.975616749013795 ], [ 140.251978275077363, 39.974073667066136 ], [ 140.252882438174083, 39.973634504728636 ], [ 140.252397198172275, 39.972188945263667 ], [ 140.252676354929918, 39.970127000360833 ], [ 140.252140271756161, 39.968406440804642 ], [ 140.251254449433304, 39.967776170733771 ], [ 140.250926667231965, 39.966517558738417 ], [ 140.249782217875122, 39.965897279236117 ], [ 140.249188884759292, 39.965145053901153 ], [ 140.249080856396517, 39.96328061271015 ], [ 140.248615031858321, 39.962680054441023 ], [ 140.249057807671761, 39.962065332748978 ], [ 140.24755252872626, 39.960148667027397 ], [ 140.247859494320323, 39.958953945568169 ], [ 140.249835058441249, 39.958420892210484 ], [ 140.251266471570489, 39.956016973804367 ], [ 140.251533411038167, 39.95474391869692 ], [ 140.255175382937637, 39.953777224839087 ], [ 140.256275421973214, 39.953039440817577 ], [ 140.257565966196466, 39.952681387436144 ], [ 140.260187665328544, 39.950236108309809 ], [ 140.261267393175672, 39.94972302709607 ], [ 140.263069663334363, 39.945238027113305 ], [ 140.265159143679625, 39.943790505327627 ], [ 140.266946394260799, 39.941759667075019 ], [ 140.266793890825511, 39.939999945641034 ], [ 140.26600749664874, 39.938610225081902 ], [ 140.265875305301165, 39.937669946111157 ], [ 140.266481141691429, 39.936939666932119 ], [ 140.268345057678289, 39.936032973143256 ], [ 140.269930336715674, 39.934339359973535 ], [ 140.271405642156765, 39.934346586026152 ], [ 140.273059804766262, 39.932692414423457 ], [ 140.274222049008472, 39.931976838260539 ], [ 140.27496121888521, 39.930310441273889 ], [ 140.27459763916977, 39.928589612820417 ], [ 140.275348469656251, 39.927970999761897 ], [ 140.278166277651621, 39.927934891981749 ], [ 140.280795719946582, 39.928873197839835 ], [ 140.282055447101243, 39.928822639753093 ], [ 140.283102114071426, 39.929519865249631 ], [ 140.285861283571421, 39.928825414161565 ], [ 140.286001854801839, 39.928372359996445 ], [ 140.285567134215967, 39.92681927938628 ], [ 140.286342411872852, 39.926117333348316 ], [ 140.287889948162615, 39.926354279526436 ], [ 140.288342139877955, 39.927026225080283 ], [ 140.29011466855718, 39.92724705360871 ], [ 140.291012969872781, 39.927939558563821 ], [ 140.291642996227324, 39.927885946379376 ], [ 140.29267021895555, 39.92722372069818 ], [ 140.292534111959753, 39.92544261338594 ], [ 140.29327192026301, 39.923924559570821 ], [ 140.292911919849303, 39.922931225096022 ], [ 140.293983332564835, 39.921380387395004 ], [ 140.295641971100167, 39.91987927860589 ], [ 140.295766135099143, 39.918638171014834 ], [ 140.295183916704445, 39.917820666590558 ], [ 140.294924500965067, 39.916144839312949 ], [ 140.293847004335817, 39.914238441151213 ], [ 140.29354869021995, 39.912917891947188 ], [ 140.292799249186032, 39.911918442082481 ], [ 140.293728444012572, 39.910167332556398 ], [ 140.2944720493457, 39.909416225078758 ], [ 140.294820142735489, 39.907420386641604 ], [ 140.296030700356596, 39.906122891558255 ], [ 140.295702386655876, 39.904701225281372 ], [ 140.296123217212767, 39.903701504720743 ], [ 140.297010999158374, 39.902746198078603 ], [ 140.298325473441878, 39.902697026746466 ], [ 140.300112697942723, 39.90121286478194 ], [ 140.297860505957601, 39.898995359648154 ], [ 140.297193839424267, 39.896443973110934 ], [ 140.296555771331896, 39.895827585874429 ], [ 140.297459416418974, 39.894426747896148 ], [ 140.297051115216846, 39.892684801562382 ], [ 140.297610829875907, 39.890067027071723 ], [ 140.296982529320303, 39.889430639812247 ], [ 140.296775304836501, 39.888284252416383 ], [ 140.297478366033829, 39.887425639981359 ], [ 140.29740949415293, 39.886172306107085 ], [ 140.298003113253117, 39.885745639849461 ], [ 140.297991726037367, 39.884501747957358 ], [ 140.299087587722056, 39.882212865431427 ], [ 140.301363994852522, 39.881697305686146 ], [ 140.303894864256677, 39.879608694086016 ], [ 140.30283430635825, 39.879088694387804 ], [ 140.302234864147749, 39.878025639971383 ], [ 140.302419299810936, 39.87695008138121 ], [ 140.30129044110106, 39.875612865041717 ], [ 140.301204060319151, 39.873444251551007 ], [ 140.300259052713159, 39.872613413778083 ], [ 140.299881335655186, 39.868937586000868 ], [ 140.298273838866635, 39.865888413019889 ], [ 140.29859080402241, 39.864755359871992 ], [ 140.300217470759776, 39.862982027198825 ], [ 140.303053332645277, 39.861822278575346 ], [ 140.305065577414553, 39.860547558822816 ], [ 140.304875306050576, 39.859574504060163 ], [ 140.305158391946293, 39.857027560173833 ], [ 140.304560362570783, 39.855685332811902 ], [ 140.305753696376087, 39.853824505096895 ], [ 140.304663995047349, 39.851829504827833 ], [ 140.306297082044807, 39.848385053727327 ], [ 140.306476003964463, 39.84740310826686 ], [ 140.305600168612955, 39.84485589188597 ], [ 140.304326277136056, 39.844113667012152 ], [ 140.304262944179641, 39.843731440753459 ], [ 140.30474241233253, 39.843078107568658 ], [ 140.304062139955818, 39.842558107870445 ], [ 140.301660505827726, 39.837688666598751 ], [ 140.299444668936417, 39.836098667919259 ], [ 140.298627715796556, 39.834465053919132 ], [ 140.297343280667974, 39.833342279122917 ], [ 140.294949948181625, 39.832220053812478 ], [ 140.292771336028409, 39.830593945554199 ], [ 140.290649921656609, 39.831011721114066 ], [ 140.28792046665626, 39.83080838709742 ], [ 140.287499636998746, 39.831189506290741 ], [ 140.28729797662038, 39.832183386654037 ], [ 140.286406278127288, 39.83308672057575 ], [ 140.283124305742149, 39.834212026963542 ], [ 140.281913748121042, 39.834989532241195 ], [ 140.27950347600472, 39.832733973194365 ], [ 140.278288196942754, 39.832222026925081 ], [ 140.277564034052943, 39.830040080984986 ], [ 140.274751530258982, 39.829004532333329 ], [ 140.274222113759606, 39.827752026734686 ], [ 140.273564331628677, 39.827329802228633 ], [ 140.270154578171287, 39.827037586415543 ], [ 140.26628455259015, 39.827677892021143 ], [ 140.265156497874159, 39.828352891672637 ], [ 140.264997860163135, 39.829331224556427 ], [ 140.263767587604093, 39.829714000300953 ], [ 140.261948974965321, 39.829119559220317 ], [ 140.26022172535238, 39.830179278950595 ], [ 140.258454773369181, 39.82990538682418 ], [ 140.256585616133293, 39.82898180106929 ], [ 140.255415057658865, 39.829188747662613 ], [ 140.253871167220609, 39.827962639863983 ], [ 140.25169839166756, 39.827501251681497 ], [ 140.25072085558304, 39.827567639634935 ], [ 140.249138080258263, 39.828932081150697 ], [ 140.245687496680716, 39.82935374807704 ], [ 140.245780245561946, 39.831009053724927 ], [ 140.243023307279827, 39.831829613146169 ], [ 140.242998559735838, 39.832573775159631 ], [ 140.242392724244837, 39.832974611988789 ], [ 140.242194941743264, 39.833833505012308 ], [ 140.241057418964829, 39.834854332661394 ], [ 140.241271855112132, 39.836097107595492 ], [ 140.239268780729731, 39.837167945644239 ], [ 140.239305446988851, 39.838979081319621 ], [ 140.237554033491961, 39.839232135254917 ], [ 140.237039300223614, 39.840157972912152 ], [ 140.235442360576599, 39.84047853175889 ], [ 140.233691218674835, 39.841680197782978 ], [ 140.233285383413772, 39.842747414261794 ], [ 140.232280362248957, 39.843477973130007 ], [ 140.232531750639851, 39.844729919350357 ], [ 140.231238949118278, 39.845975504665887 ], [ 140.231390894973856, 39.846651053803157 ], [ 140.228491970827804, 39.849176612710551 ], [ 140.227845550731672, 39.850198279427104 ], [ 140.22707555209513, 39.851700505174222 ], [ 140.22715108885177, 39.852453279095585 ], [ 140.226643307342783, 39.852749135364377 ], [ 140.226585810986421, 39.853549414174154 ], [ 140.22542635464265, 39.853900531984038 ], [ 140.224824384437852, 39.854446360211398 ], [ 140.222659389819, 39.855006919333903 ], [ 140.222291024811057, 39.856333585726475 ], [ 140.222844916359918, 39.857565531923797 ], [ 140.222220195105933, 39.859030532033501 ], [ 140.222724332561938, 39.860973865351639 ], [ 140.221916549808952, 39.861472224663487 ], [ 140.220430143136696, 39.861696386978736 ], [ 140.219785136774703, 39.86250638656054 ], [ 140.215912049001872, 39.863141946443704 ], [ 140.216462606763912, 39.863866945703023 ], [ 140.216585109715083, 39.864800000419734 ], [ 140.216453696281178, 39.866920585616583 ], [ 140.216749805259383, 39.868523639754244 ], [ 140.216243671308462, 39.871042531987314 ], [ 140.216642827304668, 39.872656135172576 ], [ 140.216462244337208, 39.873788360044841 ], [ 140.216711970780921, 39.874420586141184 ], [ 140.217692529486726, 39.875015027221764 ], [ 140.217273890577644, 39.877055586246343 ], [ 140.215902502698441, 39.878078360028326 ], [ 140.214705005931364, 39.878008945856209 ], [ 140.214320246282455, 39.878381440551095 ], [ 140.213254136868954, 39.878568386222071 ], [ 140.210958274704694, 39.880680333430689 ], [ 140.206835771653573, 39.880148972597055 ], [ 140.201903774439756, 39.881285918910066 ], [ 140.200474331725104, 39.880918440633593 ], [ 140.197572943436626, 39.88097538660486 ], [ 140.196223191447189, 39.881303441300815 ], [ 140.1952379121999, 39.881921225184442 ], [ 140.191347328116763, 39.881762359945014 ], [ 140.188168418038117, 39.88281264039108 ], [ 140.18580786044447, 39.882879890794356 ], [ 140.185022308932503, 39.883507945835106 ], [ 140.185202282159707, 39.884897386705063 ], [ 140.184200855585118, 39.887825170994915 ], [ 140.183192529411713, 39.888741585555806 ], [ 140.17946610847423, 39.890857135448471 ], [ 140.179227470671321, 39.892744108254021 ], [ 140.178560804137874, 39.893446612771015 ], [ 140.177372165692987, 39.893451613001616 ], [ 140.176379663091097, 39.894017170556026 ], [ 140.17546272422544, 39.893669666222195 ], [ 140.17366577175801, 39.892170224776123 ], [ 140.171349948241527, 39.891993865024915 ], [ 140.170219663206922, 39.891457747676952 ], [ 140.168126304085717, 39.891293865119849 ], [ 140.166555746050904, 39.891538026558749 ], [ 140.165763528763932, 39.892048891842933 ], [ 140.164789921817487, 39.891926666782297 ], [ 140.163491828684982, 39.892463053926861 ], [ 140.162342113797536, 39.891492224986223 ], [ 140.161646550248179, 39.891400558888733 ], [ 140.160142387361361, 39.891879440683681 ], [ 140.157208780860628, 39.890404747681032 ], [ 140.15547152898796, 39.890878080658922 ], [ 140.150683995270242, 39.890700054463991 ], [ 140.150252606672552, 39.891035333413981 ], [ 140.150332606764437, 39.89204950518058 ], [ 140.14931455262456, 39.893220053762548 ], [ 140.149868689688333, 39.894712558737638 ], [ 140.148800078360978, 39.895328106906675 ], [ 140.148902866374215, 39.896400640177433 ], [ 140.150364772816033, 39.898061721271461 ], [ 140.149927004427809, 39.898975359625183 ], [ 140.150250895262616, 39.899399252373655 ], [ 140.150139494442215, 39.900487306144328 ], [ 140.149055305058369, 39.900707026707948 ], [ 140.148351970467161, 39.901550080871573 ], [ 140.148528638685775, 39.902101197112586 ], [ 140.147697808107409, 39.902617586032818 ], [ 140.147646108780918, 39.902945360140336 ], [ 140.144892775880976, 39.902642332677544 ], [ 140.143807497418152, 39.903613170611379 ], [ 140.142622503026132, 39.90328817091239 ], [ 140.140947470749211, 39.903958171232659 ], [ 140.140183581207339, 39.903908747190997 ], [ 140.139852191825298, 39.904797639799312 ], [ 140.138571088684898, 39.904559027177413 ], [ 140.138155226882304, 39.905025973170154 ], [ 140.137492165730919, 39.90498374820146 ], [ 140.137517717268906, 39.906145693868723 ], [ 140.135932969730788, 39.906947919710774 ], [ 140.135417976558415, 39.90854433325444 ], [ 140.136168248565923, 39.908760171444783 ], [ 140.136515745705196, 39.909277667430445 ], [ 140.136006834647787, 39.910274892372456 ], [ 140.133978223116515, 39.910681838296227 ], [ 140.133024889587091, 39.910334612752251 ], [ 140.132374331710139, 39.910602667379237 ], [ 140.132261529745847, 39.911809080924399 ], [ 140.133298754733801, 39.912189054381429 ], [ 140.133102360785415, 39.913470467787931 ], [ 140.132783476476334, 39.913673801804578 ], [ 140.133533475989225, 39.914083532029451 ], [ 140.133092361223589, 39.91453797294912 ], [ 140.133462632794362, 39.915262973107758 ], [ 140.132902049390168, 39.915938251549107 ], [ 140.133166226140474, 39.916685468559592 ], [ 140.131797055989409, 39.916926306104187 ], [ 140.130663696172746, 39.918011305777213 ], [ 140.128678975154685, 39.917737170833846 ], [ 140.126608144949955, 39.91807161341427 ], [ 140.124820921348487, 39.917742440860991 ], [ 140.124397561898036, 39.918123278566497 ], [ 140.124405330241871, 39.918613559268408 ], [ 140.123366719398632, 39.918913558713825 ], [ 140.123915886808845, 39.919881613245934 ], [ 140.123616719236225, 39.920218278950472 ], [ 140.121770583745501, 39.919859972859513 ], [ 140.1210072499847, 39.920023585620015 ], [ 140.119762243832497, 39.919561080479525 ], [ 140.119218366234691, 39.919749973182775 ], [ 140.118921413692306, 39.920068585896558 ], [ 140.118836133680702, 39.921130251759791 ], [ 140.119706135130059, 39.9216488647034 ], [ 140.119276666584938, 39.9230899734236 ], [ 140.119309728361372, 39.924332467769204 ], [ 140.118530558438579, 39.924786918581503 ], [ 140.117360245479063, 39.924756386598006 ], [ 140.116732192236896, 39.925073054078211 ], [ 140.115099688899591, 39.9247775044783 ], [ 140.114592192475811, 39.925285000902136 ], [ 140.113889416363577, 39.925287776209984 ], [ 140.112347445078626, 39.926234720955676 ], [ 140.110314668787055, 39.926277532282313 ], [ 140.108780220330914, 39.92755169445519 ], [ 140.107374916319372, 39.927944467962902 ], [ 140.106557419089654, 39.927908918661728 ], [ 140.104562697610504, 39.927073918826352 ], [ 140.103251854789278, 39.925646720819543 ], [ 140.10238214112303, 39.925295612902289 ], [ 140.102180752339905, 39.925646720819543 ], [ 140.101618807362115, 39.925033946159715 ], [ 140.095695720381286, 39.927213134778412 ], [ 140.093802114176242, 39.927324252312474 ], [ 140.093071556207406, 39.927687027134652 ], [ 140.092657108139065, 39.926625640061275 ], [ 140.091817664753535, 39.926738693835716 ], [ 140.091239052640276, 39.926051467900948 ], [ 140.090071556357316, 39.926351505117907 ], [ 140.089511284118544, 39.927046504792429 ], [ 140.086932672404942, 39.927684838184803 ], [ 140.086543774075949, 39.927497333135477 ], [ 140.080463475708939, 39.92831513523538 ], [ 140.076816498182893, 39.930552667371728 ], [ 140.073557885687933, 39.931036305681005 ], [ 140.072032606719517, 39.930137414410183 ], [ 140.070357613113401, 39.930397135019803 ], [ 140.069740363427059, 39.931910468293552 ], [ 140.068510920942344, 39.932485504702356 ], [ 140.066986199553526, 39.932042170409886 ], [ 140.064371479160513, 39.9321299451409 ], [ 140.059378105914902, 39.933412197614871 ], [ 140.060231725313884, 39.934044135028842 ], [ 140.060848392239564, 39.935398306286856 ], [ 140.061890895348597, 39.936389135250465 ], [ 140.063669780436044, 39.936528864715399 ], [ 140.064416446162113, 39.935682197975098 ], [ 140.066983113080255, 39.936157441113096 ], [ 140.070389780064374, 39.937292721881647 ], [ 140.075921724907744, 39.940196306314533 ], [ 140.077215331322577, 39.940147413772195 ], [ 140.081064811891565, 39.93861961310472 ], [ 140.083783385095217, 39.939852946056646 ], [ 140.085386446427378, 39.939824612915629 ], [ 140.084851167247621, 39.94208933335608 ], [ 140.085131440063947, 39.942436837689968 ], [ 140.085961439668722, 39.94236099966048 ], [ 140.086246719010887, 39.943351837617286 ], [ 140.08750311237884, 39.94312097355413 ], [ 140.087512282765715, 39.942740413739159 ], [ 140.088684501388684, 39.94232902696308 ], [ 140.089031751214407, 39.938473467876292 ], [ 140.089555643178414, 39.938317919336555 ], [ 140.090333697042524, 39.938625108861743 ], [ 140.090815914422933, 39.939584000201478 ], [ 140.093631439939031, 39.942730666886803 ], [ 140.096345887952452, 39.943051775219317 ], [ 140.100980337272858, 39.941976748128468 ], [ 140.103470077981797, 39.941784774347923 ], [ 140.103858975411413, 39.941984503881827 ], [ 140.104241165697317, 39.943350333051455 ], [ 140.105475615607247, 39.944077559032166 ], [ 140.108233969422258, 39.943330053339366 ], [ 140.108737030389761, 39.943450054376569 ], [ 140.10892394278585, 39.944156999745815 ], [ 140.106678392294043, 39.944832279086484 ], [ 140.105826161448249, 39.94638950467197 ], [ 140.10756280178191, 39.948338386807166 ], [ 140.107650311212979, 39.949145333190643 ], [ 140.108174188787871, 39.949380612924983 ], [ 140.108262529192416, 39.949991721141089 ], [ 140.10762447548916, 39.950071721232973 ], [ 140.107675836670637, 39.950838386982014 ], [ 140.107157223726972, 39.951329774749354 ], [ 140.105222503216055, 39.951229774634442 ], [ 140.105061387872865, 39.950942278463458 ], [ 140.106529169585542, 39.950271171077759 ], [ 140.106010311126965, 39.948954505146332 ], [ 140.105577249790258, 39.94879810764661 ], [ 140.105363087036949, 39.948201721332453 ], [ 140.102845032072651, 39.946856197055922 ], [ 140.10121060958204, 39.945426468356857 ], [ 140.099447275571379, 39.945178973131135 ], [ 140.098393359166266, 39.945334251874272 ], [ 140.098190857022473, 39.945761504489894 ], [ 140.09308863793035, 39.945384864819687 ], [ 140.092043060938522, 39.951416531447819 ], [ 140.093429727400007, 39.951540693648155 ], [ 140.093323060610828, 39.952247918706519 ], [ 140.096871920302988, 39.952625107862502 ], [ 140.096232192062075, 39.953057892207994 ], [ 140.097616913289926, 39.953649000401128 ], [ 140.090351051260086, 39.958912386097779 ], [ 140.092540466969012, 39.964183225375621 ], [ 140.093416589204253, 39.964014892073635 ], [ 140.093926860935994, 39.965245721313067 ], [ 140.094920467005977, 39.965229333866716 ], [ 140.095261283981131, 39.967044892407898 ], [ 140.094656550159698, 39.9674698922218 ], [ 140.094903502194938, 39.9677243329117 ], [ 140.109693553814509, 39.959734774740127 ], [ 140.111385772135691, 39.958052531699025 ], [ 140.113086614955364, 39.958275864839322 ], [ 140.115086887050211, 39.959228638990567 ], [ 140.115113839731976, 39.960304747066459 ], [ 140.115585771566202, 39.960847801784666 ], [ 140.115228003269749, 39.961790305678107 ], [ 140.11518603101058, 39.964318918683205 ], [ 140.117652996388756, 39.965538640396005 ], [ 140.119009389871508, 39.96660308066771 ], [ 140.119845745884504, 39.968564468775241 ], [ 140.11980852114641, 39.97016946814648 ], [ 140.11806489038247, 39.971215332921304 ], [ 140.118319053181835, 39.971898386901103 ], [ 140.119059883207115, 39.972389467999619 ], [ 140.118397950704889, 39.973017837803013 ], [ 140.119065162227571, 39.973403945535722 ], [ 140.119227392730068, 39.974116721209782 ], [ 140.119180726009745, 39.974720053887438 ], [ 140.118578780986013, 39.975374774726106 ], [ 140.120393217173273, 39.976632838135004 ], [ 140.121035422147088, 39.978337279142181 ], [ 140.122562917944379, 39.978526134973208 ], [ 140.123100169337363, 39.978271694283308 ], [ 140.123414033630866, 39.979662252111325 ], [ 140.121764033983027, 39.981151441286045 ], [ 140.116972607100251, 39.98226591893706 ], [ 140.116894838226244, 39.982541466715361 ], [ 140.117372049080814, 39.98288091941896 ], [ 140.118570388512694, 39.982853108784013 ], [ 140.118939000834303, 39.983807838061352 ], [ 140.117590389185125, 39.985030080573836 ], [ 140.116316200032657, 39.985615360260738 ], [ 140.116221751432704, 39.986224251647968 ], [ 140.121430920600574, 39.989299504968244 ], [ 140.122652308757097, 39.988787838388077 ], [ 140.123940077672501, 39.989004774650709 ], [ 140.125064553086759, 39.988494225028489 ], [ 140.126936225726354, 39.989305864973744 ], [ 140.127742866340327, 39.991009198016116 ], [ 140.127404253603459, 39.991813360098547 ], [ 140.127509247653734, 39.993265027758866 ], [ 140.131165641980829, 39.995476135115609 ], [ 140.131880610202074, 39.997773359752784 ], [ 140.137074526867991, 39.996793891924597 ], [ 140.138556472003643, 39.996838054032992 ], [ 140.143134280222966, 39.998723864914496 ], [ 140.144428444217397, 39.998746640245315 ], [ 140.146000117411518, 40.000976919349398 ], [ 140.146132580354333, 40.002084134974893 ], [ 140.147876200326436, 40.0026305315738 ], [ 140.148448444340261, 40.002432170808106 ], [ 140.149417055552703, 40.00267050464015 ], [ 140.152402049315242, 40.004348838328269 ], [ 140.1528656678164, 40.005006054785667 ], [ 140.152526199824365, 40.005700225285239 ], [ 140.15321786031609, 40.006527721177463 ], [ 140.153221750783246, 40.007248278685154 ], [ 140.153877301696184, 40.007417720851208 ], [ 140.154979803974811, 40.008609387313413 ], [ 140.156794553126247, 40.008177414156364 ], [ 140.157204527067279, 40.009528802012653 ], [ 140.158493138647486, 40.010823802376649 ], [ 140.161114280199968, 40.010542414400959 ], [ 140.161769831112906, 40.01102074760945 ], [ 140.162575940227498, 40.010574360118653 ], [ 140.165155939595024, 40.010897107915241 ], [ 140.165997613299282, 40.01142072198877 ], [ 140.167974863649079, 40.010559333346635 ], [ 140.170798223159522, 40.010553747657355 ], [ 140.171210999388222, 40.009388468203269 ], [ 140.173019364252355, 40.008352360173319 ], [ 140.173515472561121, 40.007670972637356 ], [ 140.172961025231189, 40.006117080838635 ], [ 140.173387716669822, 40.005276251597763 ], [ 140.17476216674072, 40.005007892100593 ], [ 140.175501608212699, 40.004354838604968 ], [ 140.176508002642322, 40.004243999860762 ], [ 140.181388585614854, 40.005826775185596 ], [ 140.182164695144593, 40.006688135049444 ], [ 140.182039663299861, 40.008431225320862 ], [ 140.186418028868957, 40.009748972237333 ], [ 140.187369687860837, 40.010587865237824 ], [ 140.190723061020549, 40.010058667273711 ], [ 140.192655007122994, 40.010682559352688 ], [ 140.193956393572762, 40.010334504633761 ], [ 140.19592888471027, 40.011533945735039 ], [ 140.197349442123141, 40.012868107976828 ], [ 140.20060752311872, 40.012648918912532 ], [ 140.202239753961521, 40.01290641370008 ], [ 140.202555031989164, 40.0127164139314 ] ] ] ] } },
{ "type": "Feature", "properties": { "regioncode": "0536300", "regionname": "秋田県八郎潟町", "name": "八郎潟町", "namekana": "はちろうがたまち", "PrefCode": "05" }, "geometry": { "type": "Polygon", "coordinates": [ [ [ 140.068612866290778, 39.986825666971015 ], [ 140.07562839213665, 39.985993667273988 ], [ 140.078543942948727, 39.985961720656917 ], [ 140.079462580633617, 39.983777252118557 ], [ 140.078405357421389, 39.982427802301288 ], [ 140.078950077683999, 39.981732801727446 ], [ 140.080070635651396, 39.98128169369528 ], [ 140.080134838252206, 39.980444467138511 ], [ 140.081336783965526, 39.980075837729771 ], [ 140.082117055557774, 39.979060838586861 ], [ 140.083033721928814, 39.979025559082345 ], [ 140.083847327792, 39.978139171085957 ], [ 140.083893995411586, 39.977512224909333 ], [ 140.085598716107938, 39.976286639616774 ], [ 140.087567327570127, 39.975970775231133 ], [ 140.089279300399426, 39.974724667409532 ], [ 140.092967885959183, 39.975107972854744 ], [ 140.093767055905005, 39.975694918985369 ], [ 140.095198716347795, 39.975599080932909 ], [ 140.097278716040023, 39.976371559000313 ], [ 140.100057327983336, 39.976286278988653 ], [ 140.101227885558501, 39.976612359672686 ], [ 140.103743476380373, 39.974788746803256 ], [ 140.105176523577711, 39.974515387075485 ], [ 140.108112632891789, 39.9745678921945 ], [ 140.108430699717132, 39.974884837565241 ], [ 140.1078223614129, 39.975593999763305 ], [ 140.107879585274759, 39.976209279035061 ], [ 140.108829027437764, 39.976668441395532 ], [ 140.108943164895209, 39.977795387247397 ], [ 140.110073722424431, 39.977751225139002 ], [ 140.111894552791455, 39.978325640116225 ], [ 140.113897637965692, 39.978113972981532 ], [ 140.114712334706496, 39.97920008061925 ], [ 140.117053190852175, 39.979331440093915 ], [ 140.121035422147088, 39.978337279142181 ], [ 140.120393217173273, 39.976632838135004 ], [ 140.118578780986013, 39.975374774726106 ], [ 140.119180726009745, 39.974720053887438 ], [ 140.119227392730068, 39.974116721209782 ], [ 140.119065162227571, 39.973403945535722 ], [ 140.118397950704889, 39.973017837803013 ], [ 140.119059883207115, 39.972389467999619 ], [ 140.118319053181835, 39.971898386901103 ], [ 140.11806489038247, 39.971215332921304 ], [ 140.11980852114641, 39.97016946814648 ], [ 140.119845745884504, 39.968564468775241 ], [ 140.119009389871508, 39.96660308066771 ], [ 140.117652996388756, 39.965538640396005 ], [ 140.11518603101058, 39.964318918683205 ], [ 140.115228003269749, 39.961790305678107 ], [ 140.115585771566202, 39.960847801784666 ], [ 140.115113839731976, 39.960304747066459 ], [ 140.115086887050211, 39.959228638990567 ], [ 140.113086614955364, 39.958275864839322 ], [ 140.111385772135691, 39.958052531699025 ], [ 140.109693553814509, 39.959734774740127 ], [ 140.094903502194938, 39.9677243329117 ], [ 140.094656550159698, 39.9674698922218 ], [ 140.095261283981131, 39.967044892407898 ], [ 140.094920467005977, 39.965229333866716 ], [ 140.093926860935994, 39.965245721313067 ], [ 140.093416589204253, 39.964014892073635 ], [ 140.092540466969012, 39.964183225375621 ], [ 140.090351051260086, 39.958912386097779 ], [ 140.097616913289926, 39.953649000401128 ], [ 140.096232192062075, 39.953057892207994 ], [ 140.096871920302988, 39.952625107862502 ], [ 140.093323060610828, 39.952247918706519 ], [ 140.093429727400007, 39.951540693648155 ], [ 140.092043060938522, 39.951416531447819 ], [ 140.09308863793035, 39.945384864819687 ], [ 140.098190857022473, 39.945761504489894 ], [ 140.098393359166266, 39.945334251874272 ], [ 140.099447275571379, 39.945178973131135 ], [ 140.10121060958204, 39.945426468356857 ], [ 140.102845032072651, 39.946856197055922 ], [ 140.105363087036949, 39.948201721332453 ], [ 140.105577249790258, 39.94879810764661 ], [ 140.106010311126965, 39.948954505146332 ], [ 140.106529169585542, 39.950271171077759 ], [ 140.105061387872865, 39.950942278463458 ], [ 140.105222503216055, 39.951229774634442 ], [ 140.107157223726972, 39.951329774749354 ], [ 140.107675836670637, 39.950838386982014 ], [ 140.10762447548916, 39.950071721232973 ], [ 140.108262529192416, 39.949991721141089 ], [ 140.108174188787871, 39.949380612924983 ], [ 140.107650311212979, 39.949145333190643 ], [ 140.10756280178191, 39.948338386807166 ], [ 140.105826161448249, 39.94638950467197 ], [ 140.106678392294043, 39.944832279086484 ], [ 140.10892394278585, 39.944156999745815 ], [ 140.108737030389761, 39.943450054376569 ], [ 140.108233969422258, 39.943330053339366 ], [ 140.105475615607247, 39.944077559032166 ], [ 140.104241165697317, 39.943350333051455 ], [ 140.103858975411413, 39.941984503881827 ], [ 140.103470077981797, 39.941784774347923 ], [ 140.100980337272858, 39.941976748128468 ], [ 140.096345887952452, 39.943051775219317 ], [ 140.093631439939031, 39.942730666886803 ], [ 140.090815914422933, 39.939584000201478 ], [ 140.090333697042524, 39.938625108861743 ], [ 140.089555643178414, 39.938317919336555 ], [ 140.089031751214407, 39.938473467876292 ], [ 140.088684501388684, 39.94232902696308 ], [ 140.087512282765715, 39.942740413739159 ], [ 140.08750311237884, 39.94312097355413 ], [ 140.086246719010887, 39.943351837617286 ], [ 140.085961439668722, 39.94236099966048 ], [ 140.085131440063947, 39.942436837689968 ], [ 140.084851167247621, 39.94208933335608 ], [ 140.085386446427378, 39.939824612915629 ], [ 140.083783385095217, 39.939852946056646 ], [ 140.081064811891565, 39.93861961310472 ], [ 140.077215331322577, 39.940147413772195 ], [ 140.075921724907744, 39.940196306314533 ], [ 140.070389780064374, 39.937292721881647 ], [ 140.066983113080255, 39.936157441113096 ], [ 140.064416446162113, 39.935682197975098 ], [ 140.063669780436044, 39.936528864715399 ], [ 140.061890895348597, 39.936389135250465 ], [ 140.060848392239564, 39.935398306286856 ], [ 140.060107562214284, 39.933932198212403 ], [ 140.058927031157623, 39.933137747908802 ], [ 140.057582553691987, 39.932829134756844 ], [ 140.056724500635255, 39.932968585431922 ], [ 140.05621228277073, 39.933472505251984 ], [ 140.056619493994504, 39.934554719724588 ], [ 140.056557003702778, 39.935963612930436 ], [ 140.052563671176586, 39.935907774923919 ], [ 140.049730583699557, 39.936455305567961 ], [ 140.048340584350512, 39.937147531733274 ], [ 140.044122775645633, 39.940230054273627 ], [ 140.051278612817782, 39.946244505179834 ], [ 140.054558859403869, 39.95131755925803 ], [ 140.06108936378314, 39.962827586424055 ], [ 140.06821177675215, 39.982105387253853 ], [ 140.068459532781276, 39.984916774089925 ], [ 140.068612866290778, 39.986825666971015 ] ] ] } },
{ "type": "Feature", "properties": { "regioncode": "0536600", "regionname": "秋田県井川町", "name": "井川町", "namekana": "いかわまち", "PrefCode": "05" }, "geometry": { "type": "Polygon", "coordinates": [ [ [ 140.062809804628841, 39.932445251946888 ], [ 140.066986199553526, 39.932042170409886 ], [ 140.068510920942344, 39.932485504702356 ], [ 140.069740363427059, 39.931910468293552 ], [ 140.070357613113401, 39.930397135019803 ], [ 140.072032606719517, 39.930137414410183 ], [ 140.073557885687933, 39.931036305681005 ], [ 140.076816498182893, 39.930552667371728 ], [ 140.080463475708939, 39.92831513523538 ], [ 140.086543774075949, 39.927497333135477 ], [ 140.086932672404942, 39.927684838184803 ], [ 140.089511284118544, 39.927046504792429 ], [ 140.090071556357316, 39.926351505117907 ], [ 140.091239052640276, 39.926051467900948 ], [ 140.091817664753535, 39.926738693835716 ], [ 140.092657108139065, 39.926625640061275 ], [ 140.093071556207406, 39.927687027134652 ], [ 140.093802114176242, 39.927324252312474 ], [ 140.095695720381286, 39.927213134778412 ], [ 140.101618807362115, 39.925033946159715 ], [ 140.102180752339905, 39.925646720819543 ], [ 140.10238214112303, 39.925295612902289 ], [ 140.103251854789278, 39.925646720819543 ], [ 140.104562697610504, 39.927073918826352 ], [ 140.106557419089654, 39.927908918661728 ], [ 140.107374916319372, 39.927944467962902 ], [ 140.108780220330914, 39.92755169445519 ], [ 140.110314668787055, 39.926277532282313 ], [ 140.112347445078626, 39.926234720955676 ], [ 140.113889416363577, 39.925287776209984 ], [ 140.114592192475811, 39.925285000902136 ], [ 140.115099688899591, 39.9247775044783 ], [ 140.116732192236896, 39.925073054078211 ], [ 140.11881389074847, 39.924676360425735 ], [ 140.119309728361372, 39.924332467769204 ], [ 140.119276666584938, 39.9230899734236 ], [ 140.119706135130059, 39.9216488647034 ], [ 140.118836133680702, 39.921130251759791 ], [ 140.118921413692306, 39.920068585896558 ], [ 140.119218366234691, 39.919749973182775 ], [ 140.119762243832497, 39.919561080479525 ], [ 140.1210072499847, 39.920023585620015 ], [ 140.121770583745501, 39.919859972859513 ], [ 140.123616719236225, 39.920218278950472 ], [ 140.123915886808845, 39.919881613245934 ], [ 140.123366719398632, 39.918913558713825 ], [ 140.124405330241871, 39.918613559268408 ], [ 140.124397561898036, 39.918123278566497 ], [ 140.124820921348487, 39.917742440860991 ], [ 140.126608144949955, 39.91807161341427 ], [ 140.128678975154685, 39.917737170833846 ], [ 140.130663696172746, 39.918011305777213 ], [ 140.131797055989409, 39.916926306104187 ], [ 140.133166226140474, 39.916685468559592 ], [ 140.132902049390168, 39.915938251549107 ], [ 140.133462632794362, 39.915262973107758 ], [ 140.133092361223589, 39.91453797294912 ], [ 140.133533475989225, 39.914083532029451 ], [ 140.132783476476334, 39.913673801804578 ], [ 140.133102360785415, 39.913470467787931 ], [ 140.133298754733801, 39.912189054381429 ], [ 140.132261529745847, 39.911809080924399 ], [ 140.132374331710139, 39.910602667379237 ], [ 140.133024889587091, 39.910334612752251 ], [ 140.133978223116515, 39.910681838296227 ], [ 140.136006834647787, 39.910274892372456 ], [ 140.136515745705196, 39.909277667430445 ], [ 140.136168248565923, 39.908760171444783 ], [ 140.135417976558415, 39.90854433325444 ], [ 140.135932969730788, 39.906947919710774 ], [ 140.137517717268906, 39.906145693868723 ], [ 140.137492165730919, 39.90498374820146 ], [ 140.138155226882304, 39.905025973170154 ], [ 140.138571088684898, 39.904559027177413 ], [ 140.139852191825298, 39.904797639799312 ], [ 140.140183581207339, 39.903908747190997 ], [ 140.140947470749211, 39.903958171232659 ], [ 140.142622503026132, 39.90328817091239 ], [ 140.143807497418152, 39.903613170611379 ], [ 140.144892775880976, 39.902642332677544 ], [ 140.147646108780918, 39.902945360140336 ], [ 140.147697808107409, 39.902617586032818 ], [ 140.148528638685775, 39.902101197112586 ], [ 140.148351970467161, 39.901550080871573 ], [ 140.149055305058369, 39.900707026707948 ], [ 140.150139494442215, 39.900487306144328 ], [ 140.150250895262616, 39.899399252373655 ], [ 140.149927004427809, 39.898975359625183 ], [ 140.150364772816033, 39.898061721271461 ], [ 140.148902866374215, 39.896400640177433 ], [ 140.148800078360978, 39.895328106906675 ], [ 140.149868689688333, 39.894712558737638 ], [ 140.14931455262456, 39.893220053762548 ], [ 140.150332606764437, 39.89204950518058 ], [ 140.150252606672552, 39.891035333413981 ], [ 140.150683995270242, 39.890700054463991 ], [ 140.15547152898796, 39.890878080658922 ], [ 140.157208780860628, 39.890404747681032 ], [ 140.160142387361361, 39.891879440683681 ], [ 140.161646550248179, 39.891400558888733 ], [ 140.162342113797536, 39.891492224986223 ], [ 140.163491828684982, 39.892463053926861 ], [ 140.164789921817487, 39.891926666782297 ], [ 140.165763528763932, 39.892048891842933 ], [ 140.166555746050904, 39.891538026558749 ], [ 140.168126304085717, 39.891293865119849 ], [ 140.170219663206922, 39.891457747676952 ], [ 140.171349948241527, 39.891993865024915 ], [ 140.17366577175801, 39.892170224776123 ], [ 140.17546272422544, 39.893669666222195 ], [ 140.176379663091097, 39.894017170556026 ], [ 140.177372165692987, 39.893451613001616 ], [ 140.178560804137874, 39.893446612771015 ], [ 140.179227470671321, 39.892744108254021 ], [ 140.17946610847423, 39.890857135448471 ], [ 140.183192529411713, 39.888741585555806 ], [ 140.184200855585118, 39.887825170994915 ], [ 140.185202282159707, 39.884897386705063 ], [ 140.185022308932503, 39.883507945835106 ], [ 140.18580786044447, 39.882879890794356 ], [ 140.188168418038117, 39.88281264039108 ], [ 140.191347328116763, 39.881762359945014 ], [ 140.1952379121999, 39.881921225184442 ], [ 140.196223191447189, 39.881303441300815 ], [ 140.197572943436626, 39.88097538660486 ], [ 140.200474331725104, 39.880918440633593 ], [ 140.201903774439756, 39.881285918910066 ], [ 140.206835771653573, 39.880148972597055 ], [ 140.211235227224051, 39.880620891840749 ], [ 140.213254136868954, 39.878568386222071 ], [ 140.214320246282455, 39.878381440551095 ], [ 140.214705005931364, 39.878008945856209 ], [ 140.215902502698441, 39.878078360028326 ], [ 140.217312503869039, 39.87693641438409 ], [ 140.217228637591575, 39.876325864647015 ], [ 140.217692529486726, 39.875015027221764 ], [ 140.216520310863757, 39.874101135259252 ], [ 140.216642827304668, 39.872656135172576 ], [ 140.216295057670891, 39.871985586265851 ], [ 140.216749805259383, 39.868523639754244 ], [ 140.216462606763912, 39.863866945703023 ], [ 140.215771219666067, 39.863057224911074 ], [ 140.214174280019051, 39.862749467913659 ], [ 140.213262049104401, 39.862842801354248 ], [ 140.212203968838139, 39.864174467977364 ], [ 140.209383411615249, 39.863668081316973 ], [ 140.209125641635069, 39.864524467929925 ], [ 140.208333332617258, 39.865007865220832 ], [ 140.206717833661173, 39.864898108361047 ], [ 140.204148948115517, 39.863913946071818 ], [ 140.201940337276824, 39.863577837946934 ], [ 140.200446135281027, 39.86394005429014 ], [ 140.199010855966321, 39.862539504994231 ], [ 140.197734227852379, 39.860301170662524 ], [ 140.197781167067319, 39.859791172324776 ], [ 140.197149221559357, 39.859286999795245 ], [ 140.192461167249121, 39.857186467681402 ], [ 140.187090584163229, 39.855771198282241 ], [ 140.186027807637288, 39.854375919013478 ], [ 140.184997250222978, 39.854092585804267 ], [ 140.182560311409361, 39.854559837566512 ], [ 140.181510309753094, 39.854385108286181 ], [ 140.179440830330122, 39.8546481707765 ], [ 140.17802916991036, 39.854360667410901 ], [ 140.16998883331803, 39.854934612942088 ], [ 140.168529662613878, 39.856555169685407 ], [ 140.166803800654975, 39.857309612748509 ], [ 140.166730752322451, 39.858611279786771 ], [ 140.165835746122866, 39.858196838013725 ], [ 140.163250440755291, 39.857849640348661 ], [ 140.16236182873547, 39.85914519829231 ], [ 140.161489299291816, 39.859444080779781 ], [ 140.161279027005548, 39.86054046676918 ], [ 140.160132088325327, 39.86097602822116 ], [ 140.159873748174959, 39.861698558841454 ], [ 140.158111505042029, 39.86218494547893 ], [ 140.157820660695052, 39.86311910905971 ], [ 140.156883139045704, 39.863459667030043 ], [ 140.157158145432163, 39.864227721332327 ], [ 140.156786471818236, 39.864962721052791 ], [ 140.155671478855766, 39.865012747640264 ], [ 140.155445329938061, 39.866195801295248 ], [ 140.154475888651405, 39.866395252039297 ], [ 140.15394616008723, 39.867298026582716 ], [ 140.152606718825041, 39.865853306185159 ], [ 140.151890895348629, 39.865984135059819 ], [ 140.150872826819523, 39.864701081289923 ], [ 140.149548391644998, 39.864100801810594 ], [ 140.148382283015962, 39.864502504686868 ], [ 140.147334474806257, 39.866296385969463 ], [ 140.146171140585693, 39.86600972077207 ], [ 140.14563808003345, 39.866233892080515 ], [ 140.145395576944338, 39.866719721138281 ], [ 140.145492218091476, 39.868127504580741 ], [ 140.14423472125543, 39.867923892673559 ], [ 140.142874720591976, 39.868588080675408 ], [ 140.142393060791164, 39.868598919304759 ], [ 140.142038885286411, 39.867918919422664 ], [ 140.139529416149685, 39.867841135260221 ], [ 140.139360245578928, 39.867050026837319 ], [ 140.138850532326273, 39.866757532234374 ], [ 140.13558608323126, 39.866498666880034 ], [ 140.13447219193813, 39.865760891851721 ], [ 140.133163306941128, 39.865785613315438 ], [ 140.132339143936406, 39.866395892356593 ], [ 140.130448832847378, 39.866782000089302 ], [ 140.129971050923359, 39.868384251132341 ], [ 140.129253256132984, 39.869161197031644 ], [ 140.129187977043557, 39.87065674801056 ], [ 140.129874357615563, 39.871377586106746 ], [ 140.127862943819878, 39.873434251989181 ], [ 140.12530846991001, 39.87316510828316 ], [ 140.122869856558737, 39.873882892281699 ], [ 140.121500973291404, 39.873366224571669 ], [ 140.120893994762127, 39.87416789193469 ], [ 140.121158715602292, 39.874617892002163 ], [ 140.120691506108187, 39.87512153303237 ], [ 140.118404836813852, 39.875487639842731 ], [ 140.115626472183976, 39.876465414247548 ], [ 140.115907301680636, 39.876998467605233 ], [ 140.115728106367101, 39.87828850461085 ], [ 140.115043113449019, 39.87900238735034 ], [ 140.114848392239537, 39.879746278667881 ], [ 140.113525616314178, 39.880052387207968 ], [ 140.113260855903832, 39.880550440750312 ], [ 140.11369642005377, 39.881960171224989 ], [ 140.114155863002793, 39.882446279072553 ], [ 140.114007807614257, 39.882740441018598 ], [ 140.113105032171575, 39.883538504798196 ], [ 140.112110558255722, 39.883646586221005 ], [ 140.11050693934385, 39.885110467574066 ], [ 140.106430531943602, 39.885740225031441 ], [ 140.105582165484634, 39.887498558811501 ], [ 140.104554669362528, 39.888614387244218 ], [ 140.104531336452055, 39.889526333073889 ], [ 140.103410194824733, 39.890408279318706 ], [ 140.102182411589069, 39.890444414078502 ], [ 140.101512969747773, 39.891014414283859 ], [ 140.102003255845602, 39.891662197752282 ], [ 140.101925472582593, 39.892160252193946 ], [ 140.100781284029154, 39.892892197816707 ], [ 140.098602114296227, 39.893462198022064 ], [ 140.099030169107095, 39.89411608069264 ], [ 140.100049610900896, 39.894638306212926 ], [ 140.100135161608478, 39.895154134855488 ], [ 140.098820143235116, 39.895940000230894 ], [ 140.098290699756035, 39.896744171306523 ], [ 140.0970779118162, 39.897248054254362 ], [ 140.096564280217422, 39.898604171645275 ], [ 140.094369534226644, 39.900740027330471 ], [ 140.092269805207366, 39.901903919130632 ], [ 140.092005058286873, 39.904327801586817 ], [ 140.087204475406224, 39.905401720712916 ], [ 140.085453644669997, 39.904921441371471 ], [ 140.084371699094731, 39.905311441369975 ], [ 140.082334188771824, 39.904609532204177 ], [ 140.079259752935286, 39.904279532274643 ], [ 140.079080856196583, 39.905179251821039 ], [ 140.077462217707193, 39.905341198137819 ], [ 140.074977470933618, 39.904956442086188 ], [ 140.074827003563428, 39.904164026948365 ], [ 140.0739310512771, 39.904214441143608 ], [ 140.073961919606973, 39.905293532270775 ], [ 140.069798715938077, 39.905419136084333 ], [ 140.069755694169999, 39.904442585656852 ], [ 140.033544060310192, 39.905588278776122 ], [ 140.016001970814386, 39.919848946271884 ], [ 140.047776472006603, 39.926543333208315 ], [ 140.055595641925379, 39.929957468162684 ], [ 140.056772022610858, 39.928971919118851 ], [ 140.062616783138083, 39.929510774902383 ], [ 140.063022023048006, 39.930937441409867 ], [ 140.057584811889569, 39.932111080961647 ], [ 140.059378105914902, 39.933412197614871 ], [ 140.061673695584659, 39.932844693927507 ], [ 140.062809804628841, 39.932445251946888 ] ] ] } },
{ "type": "Feature", "properties": { "regioncode": "0536800", "regionname": "秋田県大潟村", "name": "大潟村", "namekana": "おおがたむら", "PrefCode": "05" }, "geometry": { "type": "Polygon", "coordinates": [ [ [ 139.998202140116746, 40.093305801021927 ], [ 139.999470194993592, 40.093439666907159 ], [ 139.999751854564465, 40.09102080176865 ], [ 140.000663839064941, 40.089858026926436 ], [ 140.000962995845612, 40.088143865147288 ], [ 140.004487756404842, 40.086064974319186 ], [ 140.010597223383229, 40.084836891609314 ], [ 140.015754188704932, 40.082553837589558 ], [ 140.016618637739953, 40.082161892357476 ], [ 140.02023199680923, 40.078393278826809 ], [ 140.051729637213043, 40.066062080700533 ], [ 140.058988858648945, 40.061542359692226 ], [ 140.066401167180175, 40.050849559059941 ], [ 140.071304059634713, 40.040098720679453 ], [ 140.070477133912618, 40.00980902716492 ], [ 140.068262334838892, 39.982367892164518 ], [ 140.06108936378314, 39.962827586424055 ], [ 140.054558859403869, 39.95131755925803 ], [ 140.051116938995619, 39.946038386862142 ], [ 140.038589468329405, 39.935725054267891 ], [ 140.015760311289455, 39.919803945995341 ], [ 140.01148610879693, 39.920347559192578 ], [ 139.97632844440227, 39.927809891613265 ], [ 139.949453280644434, 39.941116640120924 ], [ 139.947474668721043, 39.942188333424895 ], [ 139.946912166163656, 39.942936667393326 ], [ 139.944778806996396, 39.943880279251516 ], [ 139.940563502004125, 39.946478640077203 ], [ 139.926209533443284, 39.95298950506168 ], [ 139.922620583772982, 39.957935919307261 ], [ 139.922439754391235, 39.958798693804738 ], [ 139.928354915646878, 39.974531775421156 ], [ 139.933471219021612, 39.990236774807386 ], [ 139.93623175099458, 39.995140386719527 ], [ 139.94301588757321, 40.001522893266952 ], [ 139.943664501115904, 40.004466504725485 ], [ 139.943396977988186, 40.005689278737293 ], [ 139.941832529048042, 40.007860386947357 ], [ 139.936249143882947, 40.010705973202164 ], [ 139.934146589193801, 40.016497639554473 ], [ 139.932682671867838, 40.017915972943854 ], [ 139.930328197288532, 40.023295414351935 ], [ 139.93191763928769, 40.024195413587506 ], [ 139.93407761389085, 40.030229585726829 ], [ 139.952375694183047, 40.037066775111612 ], [ 139.953113191320767, 40.03850427934907 ], [ 139.953290116745507, 40.04282650473948 ], [ 139.957701505420232, 40.04787344070678 ], [ 139.958006200226009, 40.049183720552321 ], [ 139.959213969049529, 40.050308721170609 ], [ 139.962440609746409, 40.05843536030369 ], [ 139.963635887885971, 40.059413414397625 ], [ 139.966090052314144, 40.060528134865592 ], [ 139.96719613479388, 40.062258972773407 ], [ 139.979010336957572, 40.06698283808754 ], [ 139.980408664028687, 40.068185891765552 ], [ 139.980993359156287, 40.070259224783456 ], [ 139.980637249209735, 40.071853360344335 ], [ 139.979061115378272, 40.073594505382175 ], [ 139.976034135866712, 40.075725892336095 ], [ 139.976364967669156, 40.076322559238747 ], [ 139.979327471185911, 40.077300585453713 ], [ 139.980752475746272, 40.078190306337603 ], [ 139.982024136904442, 40.079970305685094 ], [ 139.982303864731648, 40.080958081450376 ], [ 139.982011894433413, 40.08235641391741 ], [ 139.983690220027711, 40.084214747812439 ], [ 139.983855473151607, 40.089129720860001 ], [ 139.985408222811316, 40.093377774664646 ], [ 139.988072943711472, 40.09419805439677 ], [ 139.99752046659637, 40.093415252112266 ], [ 139.998202140116746, 40.093305801021927 ] ] ] } },
{ "type": "Feature", "properties": { "regioncode": "0543400", "regionname": "秋田県美郷町", "name": "美郷町", "namekana": "みさとちょう", "PrefCode": "05" }, "geometry": { "type": "Polygon", "coordinates": [ [ [ 140.644510245551487, 39.498331107694526 ], [ 140.647694449039705, 39.497528026597195 ], [ 140.648241115435212, 39.496279134474548 ], [ 140.649424448779314, 39.495500532023982 ], [ 140.650403645012261, 39.49382108137786 ], [ 140.654095305354076, 39.494520504817501 ], [ 140.657672528764238, 39.494260467646541 ], [ 140.660798080267227, 39.494594081951391 ], [ 140.661643645338017, 39.492930468366467 ], [ 140.662801971234103, 39.492689639815069 ], [ 140.664607522119468, 39.491549612424706 ], [ 140.664897561573298, 39.490338775114424 ], [ 140.666920894983377, 39.488987945737165 ], [ 140.667917562345679, 39.488894865006046 ], [ 140.669724500885081, 39.489982360297745 ], [ 140.670670335867385, 39.489641532530754 ], [ 140.671113385074705, 39.488945693788764 ], [ 140.672027276137896, 39.48877874724144 ], [ 140.673384526674681, 39.487657918578122 ], [ 140.673758974696966, 39.486368171154254 ], [ 140.675339274188218, 39.484221225029557 ], [ 140.676423995071332, 39.48335483795546 ], [ 140.67675094719857, 39.482060108287442 ], [ 140.677348755340859, 39.481569838377368 ], [ 140.678341802931868, 39.481236197992189 ], [ 140.680669028053217, 39.481218413898716 ], [ 140.688305135573614, 39.479241999918429 ], [ 140.690114306230271, 39.479055612726427 ], [ 140.693402944390414, 39.477098359701586 ], [ 140.693823256038513, 39.474018640348049 ], [ 140.694136031252924, 39.473544197606714 ], [ 140.695197690820805, 39.473080278731913 ], [ 140.695211855143043, 39.471993054136192 ], [ 140.695753281189013, 39.470610000251384 ], [ 140.698154423388019, 39.467784693708722 ], [ 140.697521361821487, 39.466900802230271 ], [ 140.696446912994702, 39.466332505340915 ], [ 140.692620830087321, 39.465751386817089 ], [ 140.689526939216989, 39.464809441402679 ], [ 140.689495836163928, 39.463929999769732 ], [ 140.688423644635577, 39.462568053872644 ], [ 140.687331167099728, 39.460144720902179 ], [ 140.685415615638249, 39.459392504560469 ], [ 140.684678417974624, 39.45819361294491 ], [ 140.683450363143834, 39.457135279069917 ], [ 140.682472023065429, 39.457446386941228 ], [ 140.681900921190618, 39.457223332590786 ], [ 140.681895939845845, 39.456460838796716 ], [ 140.680925110005887, 39.454626387297992 ], [ 140.680969299093931, 39.453113892192448 ], [ 140.678967951409845, 39.451838891851423 ], [ 140.678204890143661, 39.450219998853925 ], [ 140.678121854839787, 39.449133053947321 ], [ 140.676987419433885, 39.448403891726286 ], [ 140.676821310155447, 39.447947504673664 ], [ 140.677018832752992, 39.446725253167926 ], [ 140.677753307269427, 39.445213026959664 ], [ 140.679025252613428, 39.4449483061195 ], [ 140.680273865046843, 39.4436849726834 ], [ 140.680367223668554, 39.442940226110579 ], [ 140.681447224010299, 39.442566892348282 ], [ 140.68289277628071, 39.441324108420929 ], [ 140.684561724643913, 39.438445748172796 ], [ 140.685454773019387, 39.437548251750457 ], [ 140.686288171162232, 39.434481837866599 ], [ 140.686433891011347, 39.432849721237687 ], [ 140.685772140172162, 39.431535864788373 ], [ 140.685818392305009, 39.429999802049281 ], [ 140.684794968313213, 39.42884980297606 ], [ 140.684676588753632, 39.427785973344044 ], [ 140.683959947793369, 39.426914026661052 ], [ 140.684118275238234, 39.426106558670824 ], [ 140.685124968242803, 39.424665413977721 ], [ 140.683560557973465, 39.422485945669905 ], [ 140.683437419201596, 39.421807613130909 ], [ 140.681964475380255, 39.420773721030457 ], [ 140.680742283229847, 39.417816504628036 ], [ 140.679397029649294, 39.417014838164278 ], [ 140.67888949365522, 39.418005387438711 ], [ 140.676878910833125, 39.41890708099703 ], [ 140.675131725049141, 39.416909026630321 ], [ 140.67326700416902, 39.416892640083347 ], [ 140.671227833697685, 39.417602359861064 ], [ 140.669684773333643, 39.417609054414356 ], [ 140.662102581069348, 39.414684333215462 ], [ 140.660090635774282, 39.414276026617415 ], [ 140.658319779834073, 39.415012135201948 ], [ 140.657549830660173, 39.411157666992779 ], [ 140.65882208896835, 39.409253775241609 ], [ 140.662815720069489, 39.408109585788793 ], [ 140.661764643723359, 39.40537292002432 ], [ 140.663709663270424, 39.403669837892778 ], [ 140.661496912852272, 39.401742332642584 ], [ 140.658396911988007, 39.400176225352595 ], [ 140.657838054382751, 39.399433719890339 ], [ 140.658213060884123, 39.398279279065548 ], [ 140.657141699429985, 39.397389279391803 ], [ 140.657068080027898, 39.396502612605559 ], [ 140.656579779633148, 39.395381774948987 ], [ 140.655983671209469, 39.394980108045615 ], [ 140.655930051830524, 39.394237614274516 ], [ 140.65442060992325, 39.393902892004917 ], [ 140.653124811860607, 39.390998440625594 ], [ 140.656170973012081, 39.389145919048985 ], [ 140.655382361107172, 39.388811748063802 ], [ 140.653452387217953, 39.385880639879701 ], [ 140.652478495186415, 39.385519802197166 ], [ 140.650805720207927, 39.385731748121714 ], [ 140.648755446706559, 39.385182026729183 ], [ 140.648363773969095, 39.384492585764292 ], [ 140.64694766460309, 39.383585640165222 ], [ 140.64431350176676, 39.383696774786358 ], [ 140.643914889860298, 39.382195666896564 ], [ 140.643331024807026, 39.38163344133028 ], [ 140.640384085856908, 39.38044983818952 ], [ 140.636652114303729, 39.379993469123349 ], [ 140.636077133652861, 39.379215972838949 ], [ 140.636166860812068, 39.378208440766969 ], [ 140.634846304413486, 39.377917359898277 ], [ 140.632093502113548, 39.378617919181693 ], [ 140.631015473085654, 39.377614026666038 ], [ 140.630803528060483, 39.377032080765957 ], [ 140.632366615427031, 39.375715692725066 ], [ 140.631367717746002, 39.374002081331014 ], [ 140.6304444233715, 39.373619305586544 ], [ 140.630408029606997, 39.372597360080135 ], [ 140.627261362921672, 39.371057639798266 ], [ 140.622710245681333, 39.370442107817098 ], [ 140.620920245872753, 39.369635441122739 ], [ 140.619974942389717, 39.370476279356865 ], [ 140.621891051430907, 39.371494053807567 ], [ 140.623020506391299, 39.372631558599608 ], [ 140.622249663291427, 39.372676558876151 ], [ 140.62015185522398, 39.373910747982677 ], [ 140.617510726239061, 39.374421586287212 ], [ 140.616553191076946, 39.376860224819552 ], [ 140.616408170900399, 39.377840504735559 ], [ 140.616669273768025, 39.378200774945867 ], [ 140.616422606817878, 39.378611891925345 ], [ 140.616647612697193, 39.379079386504543 ], [ 140.6164153825639, 39.379501612809236 ], [ 140.615668418262999, 39.38004246688638 ], [ 140.612666200684657, 39.380825252083753 ], [ 140.611527834342155, 39.381771107750467 ], [ 140.611219468503691, 39.381095612572494 ], [ 140.609007224403967, 39.380052107618724 ], [ 140.607304553262566, 39.378540892248452 ], [ 140.605928755108039, 39.378299720156008 ], [ 140.604641088715312, 39.377644802365808 ], [ 140.60215980523094, 39.37726691893323 ], [ 140.600164357099516, 39.377218252120713 ], [ 140.599580195269823, 39.377696197721377 ], [ 140.599588716346261, 39.377063387065732 ], [ 140.60052958527217, 39.376846557822432 ], [ 140.601791725307976, 39.37672705411029 ], [ 140.603312477089162, 39.377045666824131 ], [ 140.603167497382174, 39.376656252284249 ], [ 140.602084501398735, 39.37618941421016 ], [ 140.600882114118349, 39.376297838274695 ], [ 140.599679727737339, 39.375715919354263 ], [ 140.597108417619438, 39.37640074769638 ], [ 140.595064475345339, 39.378294694744397 ], [ 140.594086666766316, 39.378150919229597 ], [ 140.593711478601904, 39.378462892248706 ], [ 140.590499441995689, 39.378954054286226 ], [ 140.58548664069599, 39.378808170760522 ], [ 140.582665498913684, 39.379559864596104 ], [ 140.580700777918651, 39.379427639973642 ], [ 140.578184357921828, 39.380368224713834 ], [ 140.57580019492309, 39.380204612852651 ], [ 140.575406861137822, 39.380401863855013 ], [ 140.575564357609096, 39.381272135101028 ], [ 140.574500440742781, 39.381302972853973 ], [ 140.57336214005079, 39.380559640015406 ], [ 140.57228878120236, 39.380311585411391 ], [ 140.5718468606442, 39.37779908106279 ], [ 140.571019922331629, 39.377726585813321 ], [ 140.570468521005523, 39.376712973425015 ], [ 140.562791828879881, 39.377109414368022 ], [ 140.554986523809134, 39.376044171001752 ], [ 140.551552633447386, 39.374591413363078 ], [ 140.548982361147068, 39.37393502697995 ], [ 140.547857366824132, 39.373051693980528 ], [ 140.549119026621838, 39.372347801809667 ], [ 140.550737912424779, 39.372231945747728 ], [ 140.551193501778698, 39.371869170925549 ], [ 140.551386550249163, 39.371496386648971 ], [ 140.550937107761342, 39.369300279084655 ], [ 140.551379363766728, 39.368118053705246 ], [ 140.550955187731802, 39.367152504684384 ], [ 140.550664112259028, 39.364463333016431 ], [ 140.54985216474563, 39.363646666760303 ], [ 140.550236355123729, 39.360622467053247 ], [ 140.549235550879985, 39.358775252376063 ], [ 140.548168832625606, 39.358359413955839 ], [ 140.548463021551242, 39.357801559094753 ], [ 140.548261556325883, 39.356975306065578 ], [ 140.547438975228602, 39.356697359795362 ], [ 140.547728754778291, 39.356291946316333 ], [ 140.547065383360859, 39.356311386961011 ], [ 140.546769441656465, 39.355218305980088 ], [ 140.544420752415817, 39.35635955914637 ], [ 140.543408999825601, 39.358531413793742 ], [ 140.543808029017441, 39.359669413212885 ], [ 140.542726692283054, 39.360596170876647 ], [ 140.541973800550522, 39.362300864593294 ], [ 140.54046741903619, 39.362643080913529 ], [ 140.539718495112538, 39.363729774009926 ], [ 140.530414941996014, 39.362786504793405 ], [ 140.530456394447128, 39.361918251626037 ], [ 140.53270464290506, 39.358237918245379 ], [ 140.533329364158931, 39.356478667156807 ], [ 140.536951050950279, 39.354990026568544 ], [ 140.538401362432978, 39.355173080873044 ], [ 140.540094968408084, 39.354541558945868 ], [ 140.539898858645529, 39.353784468278661 ], [ 140.540700558384174, 39.353668053737749 ], [ 140.540367782247472, 39.353169171020454 ], [ 140.540916938865735, 39.352390278988253 ], [ 140.540450830141708, 39.35148110756711 ], [ 140.540068340381708, 39.351353613378592 ], [ 140.535187471424706, 39.352816973124845 ], [ 140.531033280761335, 39.352927837050117 ], [ 140.529693528333723, 39.353659531762048 ], [ 140.527610726354055, 39.356215360050896 ], [ 140.525687833726579, 39.357797504950952 ], [ 140.522152891942483, 39.358041532390871 ], [ 140.521121219368865, 39.358399306083186 ], [ 140.518810921287013, 39.360259053712412 ], [ 140.516303943272419, 39.360530441226956 ], [ 140.513849753663294, 39.361531305725237 ], [ 140.510626641006752, 39.36440272140851 ], [ 140.509159689368289, 39.366140504780503 ], [ 140.507989389898512, 39.369206081395589 ], [ 140.507298520810195, 39.370087747951231 ], [ 140.505945187720272, 39.371043864882495 ], [ 140.501385965789723, 39.37294805430929 ], [ 140.500001803040846, 39.374120306207203 ], [ 140.498728690376879, 39.377956413857476 ], [ 140.497660920814951, 39.378341999983377 ], [ 140.49196255462823, 39.378840360194545 ], [ 140.489841698735518, 39.380340918598563 ], [ 140.489016109405952, 39.382289558816126 ], [ 140.489778884687894, 39.384219558785674 ], [ 140.490835007129931, 39.385116504822918 ], [ 140.490827781976577, 39.38597233295684 ], [ 140.487078833021769, 39.38836208074548 ], [ 140.486104111815393, 39.389570413443892 ], [ 140.488030506402765, 39.390726251815124 ], [ 140.48836574578263, 39.395235693572431 ], [ 140.485616278168777, 39.39647877517541 ], [ 140.484437107786334, 39.398277946270241 ], [ 140.485066809485716, 39.400295170585707 ], [ 140.486436808811732, 39.40206183838319 ], [ 140.48822627802042, 39.401899332688117 ], [ 140.488464577678201, 39.401128135255306 ], [ 140.488069390390137, 39.400019387185012 ], [ 140.489846394095821, 39.400163197773395 ], [ 140.490195421881253, 39.397410134670054 ], [ 140.492363385162207, 39.39742561290177 ], [ 140.49250267216064, 39.398091774915542 ], [ 140.493622944143567, 39.398040865193821 ], [ 140.494213607172242, 39.401379386949202 ], [ 140.495638832965824, 39.401220027082616 ], [ 140.496242698042124, 39.404273747935179 ], [ 140.496816861209254, 39.404577891456597 ], [ 140.497991581746192, 39.403367332936114 ], [ 140.498040505764834, 39.402174559408422 ], [ 140.499834384349469, 39.40072122530438 ], [ 140.500769104610526, 39.400630080813642 ], [ 140.50068219232935, 39.399880918569579 ], [ 140.501393021870513, 39.399165639182968 ], [ 140.502458301209685, 39.399134251944247 ], [ 140.502782282876069, 39.398527413709246 ], [ 140.503293022255207, 39.398411197918506 ], [ 140.503155279392672, 39.397785919084924 ], [ 140.504892503386372, 39.397279775241486 ], [ 140.505048052825487, 39.396794775358671 ], [ 140.50684808007486, 39.396669505193586 ], [ 140.507368910746663, 39.395944505034947 ], [ 140.508301970859293, 39.395794748129163 ], [ 140.510711971380488, 39.397945585620334 ], [ 140.510015550777098, 39.400928440794985 ], [ 140.510420000182876, 39.40320061301793 ], [ 140.509761634392021, 39.403316720890018 ], [ 140.51010247744739, 39.405299225079204 ], [ 140.508274941735181, 39.40657230626698 ], [ 140.506352970013609, 39.412587332739292 ], [ 140.504901829355958, 39.411962613284004 ], [ 140.503249051702483, 39.414321775129849 ], [ 140.504541828942365, 39.414869838172535 ], [ 140.503967913088786, 39.415841775977242 ], [ 140.505555162540759, 39.41496955859833 ], [ 140.510044642946013, 39.41423035994319 ], [ 140.51108046679019, 39.414434532127984 ], [ 140.51422133644553, 39.413296719767857 ], [ 140.514589636702453, 39.415885892220217 ], [ 140.516106588848061, 39.415741441314537 ], [ 140.517424915827291, 39.417324775118345 ], [ 140.517804838022926, 39.421458440554659 ], [ 140.520043086919031, 39.421375134554864 ], [ 140.520004811772765, 39.423896170771741 ], [ 140.518654163159113, 39.42400519828135 ], [ 140.518598585956056, 39.423018972947318 ], [ 140.516618275213318, 39.424425748249746 ], [ 140.513988716006452, 39.427450667414405 ], [ 140.514553580183588, 39.429455440616152 ], [ 140.514165331165145, 39.430048054274323 ], [ 140.514323359135801, 39.430413748295905 ], [ 140.512337198303157, 39.4312572799995 ], [ 140.511169948434485, 39.431402837970666 ], [ 140.510647223790443, 39.431864801719257 ], [ 140.512978949119315, 39.437111720829307 ], [ 140.514019533075043, 39.436840414253766 ], [ 140.514194306422155, 39.437241865319891 ], [ 140.515556549994812, 39.436765612243278 ], [ 140.515828171333055, 39.437345414159608 ], [ 140.518604968444606, 39.436238224614442 ], [ 140.519002048805532, 39.437278250990516 ], [ 140.521133384498171, 39.436785667124866 ], [ 140.521160311099493, 39.437101532409827 ], [ 140.52192169872751, 39.437072585931162 ], [ 140.52261869040035, 39.439629468225405 ], [ 140.521104162826873, 39.439899693815846 ], [ 140.521612671887397, 39.441205891638617 ], [ 140.522140078402003, 39.441088612849228 ], [ 140.521944812203401, 39.440637108216038 ], [ 140.523457613078449, 39.440326414032825 ], [ 140.523776886793939, 39.441211026767519 ], [ 140.526665642305602, 39.440583837773943 ], [ 140.527961750634404, 39.4440838651783 ], [ 140.529478339453817, 39.444302802432446 ], [ 140.530011945894671, 39.444828974177881 ], [ 140.532378301417566, 39.444361692737971 ], [ 140.532849079421567, 39.445464359592563 ], [ 140.533233384912819, 39.445359999564403 ], [ 140.534137003919682, 39.447560666691459 ], [ 140.53617269761196, 39.447016747724774 ], [ 140.536168417738395, 39.447329414121214 ], [ 140.537520052008858, 39.447135414168088 ], [ 140.53782885941439, 39.448259775368399 ], [ 140.537500532223817, 39.450702279186885 ], [ 140.540182165774354, 39.450703027422833 ], [ 140.541523968656293, 39.449185640005339 ], [ 140.542939533033064, 39.448673891586907 ], [ 140.542665810878589, 39.449966414318624 ], [ 140.542996083302683, 39.4503741984106 ], [ 140.54400302182205, 39.450604746811678 ], [ 140.543791608296146, 39.450995891647153 ], [ 140.544636614887963, 39.451032135224921 ], [ 140.544747470719244, 39.450578107993351 ], [ 140.545822361113096, 39.450268359896938 ], [ 140.546160584443442, 39.451032891554746 ], [ 140.545154227785474, 39.451338748284684 ], [ 140.545130000049539, 39.452682386682852 ], [ 140.548394423064224, 39.452513108193443 ], [ 140.549550310898212, 39.452790532856852 ], [ 140.551757952267735, 39.452352107963463 ], [ 140.552150389429016, 39.451458612624947 ], [ 140.552660245673906, 39.451111585831086 ], [ 140.554293994572276, 39.451250774803441 ], [ 140.556308559592367, 39.45076294565348 ], [ 140.555917198020325, 39.44983841381179 ], [ 140.558342943871821, 39.449239558858608 ], [ 140.559043411424341, 39.450211558716489 ], [ 140.558853943154986, 39.450347865361778 ], [ 140.55935632873161, 39.451033864621195 ], [ 140.558679026815753, 39.450993585785397 ], [ 140.558865083956562, 39.451435413713398 ], [ 140.557179688791621, 39.452253919083148 ], [ 140.557991633607116, 39.453767612985018 ], [ 140.555676886579135, 39.455098972939311 ], [ 140.55591147923144, 39.455400801605776 ], [ 140.555129999849669, 39.455419504806343 ], [ 140.55501297017247, 39.457094721444264 ], [ 140.553639196391828, 39.458405585849164 ], [ 140.554221970567596, 39.458126278904672 ], [ 140.554064035227157, 39.460514971788598 ], [ 140.554905162143541, 39.460921666801539 ], [ 140.555628559710271, 39.463681279667355 ], [ 140.553751115221871, 39.46414830569978 ], [ 140.553573139388959, 39.464657775236162 ], [ 140.554184577656201, 39.464671170638042 ], [ 140.554115668903023, 39.465062224641997 ], [ 140.555146252397662, 39.465386198214503 ], [ 140.555174941670316, 39.467980468024223 ], [ 140.557749974082071, 39.467949170717702 ], [ 140.557774033644819, 39.468770279624778 ], [ 140.5562657716481, 39.468811694304293 ], [ 140.555225667930245, 39.469305585784184 ], [ 140.552780661298584, 39.469351694025534 ], [ 140.552878664019204, 39.470102504726867 ], [ 140.553300946981153, 39.470383918782886 ], [ 140.551397562447619, 39.470826693697006 ], [ 140.55106620004517, 39.471265332629059 ], [ 140.547682944212625, 39.469918332565044 ], [ 140.547179053170794, 39.470120865285764 ], [ 140.546541023749342, 39.46986735989077 ], [ 140.546235810034659, 39.470274386753601 ], [ 140.546581310679016, 39.470292224806371 ], [ 140.54657208813137, 39.470548108008813 ], [ 140.546098807314138, 39.470582386567912 ], [ 140.54599313877236, 39.471237837656133 ], [ 140.544983281053646, 39.47112850527634 ], [ 140.544895109721551, 39.471757440753322 ], [ 140.552270856314976, 39.473634919416043 ], [ 140.552140272056022, 39.473001440564076 ], [ 140.553679053445649, 39.473123027106055 ], [ 140.558556161437764, 39.47583641391941 ], [ 140.559039222382239, 39.476570865952738 ], [ 140.559205058266912, 39.477878919076886 ], [ 140.559947808344759, 39.478640027015672 ], [ 140.558926977997658, 39.4793014136294 ], [ 140.559049754342709, 39.479749197767319 ], [ 140.557806420929637, 39.479935864648496 ], [ 140.557433332682194, 39.480916999819726 ], [ 140.558402529353316, 39.482204387422598 ], [ 140.560336419790019, 39.482512666926084 ], [ 140.560044695006695, 39.483525252288587 ], [ 140.564417393048302, 39.484345225351944 ], [ 140.56614856010799, 39.485016107907086 ], [ 140.565976550377513, 39.485342441300702 ], [ 140.569291387587555, 39.486343892156924 ], [ 140.57090527855587, 39.485828891789993 ], [ 140.570666420419002, 39.484165837583362 ], [ 140.569977781649413, 39.484220838321107 ], [ 140.56987114094045, 39.48348889179897 ], [ 140.56820197134391, 39.483301386749645 ], [ 140.571597522707521, 39.482513891802739 ], [ 140.571479753787685, 39.482116666650882 ], [ 140.570342243599725, 39.481873891966586 ], [ 140.570644227848902, 39.480939440602754 ], [ 140.574060051730044, 39.480240532474625 ], [ 140.576760272468618, 39.479261250806132 ], [ 140.577411751251361, 39.479824972844256 ], [ 140.580317717089088, 39.479785053737317 ], [ 140.580638391948241, 39.479999801949361 ], [ 140.579884227675052, 39.480296865108301 ], [ 140.580039584659175, 39.481072415259803 ], [ 140.58111131033877, 39.480930108337873 ], [ 140.581339078935457, 39.481857613338263 ], [ 140.582734449035684, 39.481521667091329 ], [ 140.583962412135634, 39.481829081447017 ], [ 140.584040610885495, 39.481611612785741 ], [ 140.584382477369445, 39.482560946130832 ], [ 140.587762825693972, 39.48280130703472 ], [ 140.589608689589454, 39.482117135197711 ], [ 140.592012243770114, 39.487491865057564 ], [ 140.592634188816874, 39.486925468435686 ], [ 140.59635391699976, 39.488893531311476 ], [ 140.602852802115194, 39.488871559075221 ], [ 140.603760310689836, 39.489364332697846 ], [ 140.607363645016221, 39.489717919146699 ], [ 140.610091387707485, 39.492057640347866 ], [ 140.611145837410504, 39.492167918814459 ], [ 140.611981671816807, 39.492690414131346 ], [ 140.6116705576502, 39.493024864805705 ], [ 140.612535550775078, 39.493812359752667 ], [ 140.613299169621087, 39.493698171033827 ], [ 140.614990856442887, 39.492068720894792 ], [ 140.6162003105959, 39.491796505104674 ], [ 140.618215577087312, 39.492506504571566 ], [ 140.619506420784774, 39.492479801901368 ], [ 140.621559441714908, 39.49376813469172 ], [ 140.623049442078127, 39.494311746989581 ], [ 140.623978885117481, 39.495403693925368 ], [ 140.628835836604594, 39.495646170934094 ], [ 140.631423333619978, 39.496652837858221 ], [ 140.633492776170783, 39.496297801702212 ], [ 140.636535551374664, 39.496814748202098 ], [ 140.638150829996903, 39.496720027107642 ], [ 140.638961361078032, 39.497213638898359 ], [ 140.639158300914914, 39.498139467562453 ], [ 140.644375525310352, 39.498343612767542 ], [ 140.644510245551487, 39.498331107694526 ] ] ] } },
{ "type": "Feature", "properties": { "regioncode": "0546300", "regionname": "秋田県羽後町", "name": "羽後町", "namekana": "うごまち", "PrefCode": "05" }, "geometry": { "type": "Polygon", "coordinates": [ [ [ 140.401704745977327, 39.260140945947967 ], [ 140.401963670686882, 39.258758170852957 ], [ 140.401630895449557, 39.256865946006656 ], [ 140.401789248075374, 39.256176505041708 ], [ 140.407772113891951, 39.25257119760272 ], [ 140.410035472758977, 39.251617586182704 ], [ 140.408251608125283, 39.247470919247576 ], [ 140.409833279981967, 39.24800619842739 ], [ 140.411597471046548, 39.247968107642123 ], [ 140.414157497370638, 39.246956441386715 ], [ 140.416000310765753, 39.245751412797517 ], [ 140.417614189143592, 39.246525025809319 ], [ 140.425379027420263, 39.242459721439047 ], [ 140.423292049888232, 39.24215527934274 ], [ 140.421436523676675, 39.239773891651851 ], [ 140.424290194836658, 39.236063612645637 ], [ 140.421524916241992, 39.234790278748392 ], [ 140.421788806108566, 39.233823891559382 ], [ 140.421388002554295, 39.232735837788709 ], [ 140.421912723693254, 39.231536386794858 ], [ 140.421935525104459, 39.230493891779759 ], [ 140.423602217968096, 39.228974721006637 ], [ 140.42623389058167, 39.230235252155239 ], [ 140.430157056203257, 39.225196080934438 ], [ 140.432338443664321, 39.226197720648315 ], [ 140.433375693833227, 39.22492494612942 ], [ 140.434474864123786, 39.225449945158914 ], [ 140.435087664863886, 39.224683837888847 ], [ 140.436290999130392, 39.225320467965275 ], [ 140.4361737743003, 39.225995198719488 ], [ 140.442108833056295, 39.225609612593587 ], [ 140.442226420313091, 39.219543224939912 ], [ 140.443921996702898, 39.217854054421139 ], [ 140.445125357049619, 39.217207387011342 ], [ 140.446723449627598, 39.215107360316495 ], [ 140.446305966347381, 39.21354517137263 ], [ 140.443638417978718, 39.21530517069715 ], [ 140.442835914246075, 39.215345721128188 ], [ 140.445223475782882, 39.212494891825827 ], [ 140.442399001113131, 39.210917667116689 ], [ 140.442950143434473, 39.209885169864776 ], [ 140.445076278347642, 39.208008505088515 ], [ 140.443759053037979, 39.207369332628673 ], [ 140.443553502192458, 39.206387666857381 ], [ 140.444016860789588, 39.204582107878025 ], [ 140.443390506366882, 39.202852108138359 ], [ 140.444166614997357, 39.201995171140311 ], [ 140.445265526283038, 39.201698224893221 ], [ 140.445578585683279, 39.201018503800981 ], [ 140.446501673213675, 39.200722107039667 ], [ 140.447082217970092, 39.201158504861155 ], [ 140.44695500616865, 39.199806559425213 ], [ 140.447522243656636, 39.199557946342225 ], [ 140.447535305410042, 39.199035440233445 ], [ 140.448370336721723, 39.198604306143864 ], [ 140.448246446116627, 39.198188467723639 ], [ 140.447763645076179, 39.198198505057007 ], [ 140.447978949069352, 39.197706558810694 ], [ 140.447799493851676, 39.196714891678937 ], [ 140.450365940435859, 39.194267359750881 ], [ 140.449658197367967, 39.191535973006808 ], [ 140.449968197274529, 39.190635414392887 ], [ 140.454602217618344, 39.184535946077119 ], [ 140.455251413921701, 39.183199558912577 ], [ 140.45742005259342, 39.181335385719535 ], [ 140.458082022867075, 39.180369279118963 ], [ 140.458955939964767, 39.17986177460125 ], [ 140.456836200130624, 39.177914001330123 ], [ 140.460198222969666, 39.175507305817575 ], [ 140.446190946654951, 39.16360350509774 ], [ 140.43815856006961, 39.169390774664578 ], [ 140.436456083181724, 39.167041892069733 ], [ 140.435326614731594, 39.16648300029027 ], [ 140.433922723554929, 39.166635532503847 ], [ 140.433051893829884, 39.163966081169747 ], [ 140.43246355375004, 39.163587197691072 ], [ 140.431239662780285, 39.163727749136342 ], [ 140.430220220087108, 39.162362467653793 ], [ 140.430306329273776, 39.161653586044224 ], [ 140.429757445150017, 39.160612225074203 ], [ 140.430227756405884, 39.158541386775653 ], [ 140.429561088973173, 39.157475279160849 ], [ 140.429302218222801, 39.154781386951527 ], [ 140.428792218086414, 39.154475837789732 ], [ 140.428713605648454, 39.153544170726946 ], [ 140.427890271818683, 39.153275559419569 ], [ 140.426800000319872, 39.151965559263203 ], [ 140.427341413775252, 39.149913053644582 ], [ 140.42697282663471, 39.148047224799654 ], [ 140.42781228261083, 39.147359999764205 ], [ 140.427372827094359, 39.146761667317151 ], [ 140.427482866341279, 39.146172224668476 ], [ 140.425310052117311, 39.145360027143568 ], [ 140.424831725204058, 39.144751973025166 ], [ 140.425090610343432, 39.144434468276131 ], [ 140.424368974548656, 39.142131693922579 ], [ 140.423584811589876, 39.140965305604425 ], [ 140.419811997325837, 39.139328386595821 ], [ 140.419184527743823, 39.138149504895807 ], [ 140.419827587972918, 39.137590613116345 ], [ 140.419717859891421, 39.136595053718793 ], [ 140.419380635707853, 39.136222559023906 ], [ 140.418494254006646, 39.13663172087729 ], [ 140.415333112733038, 39.137031748316588 ], [ 140.41268224409032, 39.13683953171909 ], [ 140.410658611206031, 39.137053440863667 ], [ 140.408273890627584, 39.135147333182942 ], [ 140.408187782340292, 39.134585387305833 ], [ 140.406877782183983, 39.133803441175928 ], [ 140.406618911433725, 39.132627612674241 ], [ 140.407097523432071, 39.131250107606434 ], [ 140.407693385441462, 39.130697333015576 ], [ 140.407223111957137, 39.12994594584876 ], [ 140.40748202317684, 39.128574838557995 ], [ 140.405944526918461, 39.12684291876576 ], [ 140.407356497604383, 39.124772054386881 ], [ 140.407372360745967, 39.122615972948836 ], [ 140.40541930036045, 39.12126874805432 ], [ 140.403991530384928, 39.120957359594513 ], [ 140.403128754988074, 39.119494026827908 ], [ 140.403222917603671, 39.118782360017974 ], [ 140.400563774298803, 39.115349333005383 ], [ 140.400924642558266, 39.114295440881961 ], [ 140.400506589107863, 39.112877387181697 ], [ 140.399269923268434, 39.111755440661113 ], [ 140.398346860918991, 39.111638775209371 ], [ 140.397967418061967, 39.110928801822809 ], [ 140.396721025155216, 39.110523802031878 ], [ 140.396664941633844, 39.109374640227543 ], [ 140.396022723170177, 39.108270747596976 ], [ 140.395235772313072, 39.107590198229104 ], [ 140.393567716976577, 39.106975749031619 ], [ 140.392677444808328, 39.105027134894385 ], [ 140.391379662841246, 39.104784666878913 ], [ 140.390442437968204, 39.103786612762008 ], [ 140.389514668567131, 39.103779386709391 ], [ 140.38896216557157, 39.102934387312189 ], [ 140.386666056993022, 39.103131613133485 ], [ 140.385776057319276, 39.101971081200475 ], [ 140.384782436860064, 39.101635531554564 ], [ 140.383479921761023, 39.102436359850174 ], [ 140.382219636127388, 39.102345252231657 ], [ 140.381455745686139, 39.101653586344014 ], [ 140.379694085313872, 39.101412747900042 ], [ 140.378218249272891, 39.100225278573816 ], [ 140.375650441114999, 39.100312775414295 ], [ 140.374685161890739, 39.101090000103454 ], [ 140.37351377424136, 39.100274440912756 ], [ 140.370735693797315, 39.100043918592007 ], [ 140.369893476003199, 39.099540306340145 ], [ 140.368611245112902, 39.099643640241879 ], [ 140.366571529652447, 39.098708919081389 ], [ 140.365872088226411, 39.09811474779741 ], [ 140.365946251718242, 39.097072802268087 ], [ 140.365241555553439, 39.09517894605159 ], [ 140.365469339438505, 39.094760027453333 ], [ 140.365278495206439, 39.093532558980485 ], [ 140.362120726390458, 39.092965055293121 ], [ 140.359794863742081, 39.093332279061485 ], [ 140.357522088074006, 39.092814532164994 ], [ 140.356446498906848, 39.093423134869852 ], [ 140.356266226205435, 39.092663694274108 ], [ 140.356621245274368, 39.090825639191962 ], [ 140.35488905298746, 39.088626197840824 ], [ 140.354947106923532, 39.086990359817321 ], [ 140.354053527948054, 39.084925639606638 ], [ 140.347643502145957, 39.08311455878993 ], [ 140.346042672031786, 39.082260108417302 ], [ 140.345012387112092, 39.082357333224422 ], [ 140.341666224716619, 39.083940694007879 ], [ 140.341105357126594, 39.08639680187099 ], [ 140.341694527280652, 39.087930973335801 ], [ 140.341045887657629, 39.08921735909388 ], [ 140.336364137594956, 39.093814586374094 ], [ 140.334894112073698, 39.096349053965696 ], [ 140.332298495079499, 39.098298224783321 ], [ 140.330854863761033, 39.100255171139281 ], [ 140.327994578986704, 39.100825170445319 ], [ 140.326339000844314, 39.100515747903501 ], [ 140.325093994692111, 39.100927972847728 ], [ 140.321544812143429, 39.099971306430689 ], [ 140.320068417623474, 39.101087721221404 ], [ 140.316976160821241, 39.101482171065413 ], [ 140.316982802314556, 39.102794666840452 ], [ 140.316499467976087, 39.104021891597085 ], [ 140.316790856412922, 39.105102441424606 ], [ 140.31560527926024, 39.106935505269405 ], [ 140.315506083139326, 39.108222170716658 ], [ 140.315982749904038, 39.10959633210507 ], [ 140.314956328471794, 39.110009108333713 ], [ 140.314916615309585, 39.110630504794017 ], [ 140.314274384255441, 39.111326332744113 ], [ 140.314055745576297, 39.111855224938722 ], [ 140.314333800664485, 39.112840225396155 ], [ 140.312009610755013, 39.114139666612402 ], [ 140.311837367200837, 39.115153000210853 ], [ 140.312678468936269, 39.116308000413937 ], [ 140.311526252134854, 39.11687772093012 ], [ 140.310969830793169, 39.118236612729561 ], [ 140.308798105648066, 39.120237748173565 ], [ 140.307433942922216, 39.120371359550631 ], [ 140.30706311287247, 39.121078027029398 ], [ 140.305698911475702, 39.122246080891955 ], [ 140.303937781703326, 39.122354135335115 ], [ 140.304500271670236, 39.1234966403577 ], [ 140.303043839401766, 39.127044413668784 ], [ 140.303804941944577, 39.128227748811582 ], [ 140.303652698413316, 39.129829134706881 ], [ 140.304010195114529, 39.130741918704643 ], [ 140.303275162119121, 39.132152466663058 ], [ 140.303129300177147, 39.133469693771417 ], [ 140.301182892076895, 39.134596666602931 ], [ 140.299037276049489, 39.136930278709428 ], [ 140.298302282624263, 39.137087505384102 ], [ 140.296355576848441, 39.138355838151483 ], [ 140.296607250324428, 39.139328053846668 ], [ 140.296362218341756, 39.141016945575643 ], [ 140.29499136196182, 39.141493919009235 ], [ 140.293733280566471, 39.142370305645159 ], [ 140.293097691005755, 39.144162251586692 ], [ 140.292309636680443, 39.14461364020741 ], [ 140.292230195067532, 39.145371694048492 ], [ 140.289058494853748, 39.14595669404622 ], [ 140.287548756170281, 39.146735613058127 ], [ 140.286860117400579, 39.147929224753966 ], [ 140.286899830562788, 39.148398667264757 ], [ 140.284158418176503, 39.149716441160876 ], [ 140.283277834404544, 39.149546170719248 ], [ 140.281635305425084, 39.151002837710848 ], [ 140.282251141377174, 39.152921170775471 ], [ 140.280960246418317, 39.15525450499149 ], [ 140.281046354705609, 39.156618386229582 ], [ 140.280225226912762, 39.158547028222813 ], [ 140.279682113738659, 39.16339702705119 ], [ 140.278179001260014, 39.165508693671313 ], [ 140.275020610113074, 39.168685081151636 ], [ 140.274521698617605, 39.169927305700639 ], [ 140.273838079863594, 39.170605387328806 ], [ 140.273747807715267, 39.171488721227547 ], [ 140.273181946189879, 39.171947054413067 ], [ 140.271425837332572, 39.17158344142274 ], [ 140.268058833148643, 39.173187332829173 ], [ 140.266259662953189, 39.17324819804594 ], [ 140.265297133855711, 39.174339305914316 ], [ 140.263654889061968, 39.175060135017247 ], [ 140.263706004728419, 39.175637640065077 ], [ 140.262657081359293, 39.178091252309514 ], [ 140.260256471558932, 39.181009305934765 ], [ 140.258622022987993, 39.18113766706972 ], [ 140.257109493708185, 39.182106278282163 ], [ 140.256779196103139, 39.183077946290268 ], [ 140.257219442123642, 39.185424612056238 ], [ 140.257565005720494, 39.185791279144269 ], [ 140.256720271623294, 39.187052946136589 ], [ 140.257840245930652, 39.188260170870251 ], [ 140.257034695295033, 39.189161278969891 ], [ 140.257325525252895, 39.190139333063826 ], [ 140.25611133527002, 39.190557945892522 ], [ 140.25585994777839, 39.191235999641719 ], [ 140.254299921704046, 39.192443225274701 ], [ 140.250842632781314, 39.194526585733399 ], [ 140.248701193205534, 39.197016865136277 ], [ 140.24527396861879, 39.196907973424288 ], [ 140.244669804967543, 39.196542134611889 ], [ 140.243773968693745, 39.195013558728817 ], [ 140.239120077829398, 39.193633559840976 ], [ 140.236763645425981, 39.195181332652453 ], [ 140.236106108809963, 39.197301359370272 ], [ 140.23449472065488, 39.197483306609342 ], [ 140.233810557811012, 39.197980801672713 ], [ 140.232568833285086, 39.200402198402799 ], [ 140.231135473123686, 39.201610532000529 ], [ 140.231151025099848, 39.20299525232906 ], [ 140.230047664867925, 39.203679972752582 ], [ 140.230174890159105, 39.205540251881189 ], [ 140.229307638836531, 39.206855801753875 ], [ 140.229922892027957, 39.208194135051372 ], [ 140.229245082894295, 39.209875531830392 ], [ 140.229869248367208, 39.210922467697799 ], [ 140.229089248370201, 39.211116640320768 ], [ 140.228244228288531, 39.212081945625357 ], [ 140.227221167622815, 39.212284999952828 ], [ 140.227029442055141, 39.215831667097802 ], [ 140.225564694654963, 39.216634170830389 ], [ 140.223329416219599, 39.21683722515786 ], [ 140.221844668796507, 39.217988054305295 ], [ 140.221546057004957, 39.219187505299203 ], [ 140.221994111838853, 39.219948612338669 ], [ 140.220527419205041, 39.220860279378428 ], [ 140.220730194742714, 39.221912505058128 ], [ 140.223014916105512, 39.221917775085331 ], [ 140.223344916035103, 39.222191667211746 ], [ 140.22360766466204, 39.222635559083812 ], [ 140.222506809042102, 39.225100278854825 ], [ 140.222923475737844, 39.226173332833071 ], [ 140.222711777126847, 39.226882504923708 ], [ 140.226815110229268, 39.229585000047791 ], [ 140.228582607201588, 39.229721946110999 ], [ 140.229193450117691, 39.229465251720057 ], [ 140.231716588949439, 39.226123027455799 ], [ 140.232909079190676, 39.225504414397278 ], [ 140.236212165858888, 39.226374414047996 ], [ 140.237748002868102, 39.22728800024106 ], [ 140.240476393970425, 39.225429946035206 ], [ 140.242103645267093, 39.224791892332007 ], [ 140.248398145058445, 39.224557413893592 ], [ 140.249050363083825, 39.224942413661495 ], [ 140.251203138614073, 39.227484638805095 ], [ 140.252448689755283, 39.22827630570697 ], [ 140.252653138931237, 39.22866741367028 ], [ 140.252177588225209, 39.230308251924328 ], [ 140.252617301847067, 39.230956027298873 ], [ 140.255143722304979, 39.231374613147921 ], [ 140.256459830656695, 39.232636837719951 ], [ 140.258471505255784, 39.233119612680014 ], [ 140.260620414600567, 39.234791000004691 ], [ 140.26105263327247, 39.235512080917829 ], [ 140.261076252167413, 39.236715972763989 ], [ 140.262541530167596, 39.237874027064777 ], [ 140.264604059629733, 39.237620695238945 ], [ 140.265994889952253, 39.236343197480608 ], [ 140.267322697584518, 39.2370826389527 ], [ 140.270399104734906, 39.237501506289561 ], [ 140.270426588916052, 39.238940387388993 ], [ 140.270135746367714, 39.239368169705301 ], [ 140.270677977306832, 39.240413440927625 ], [ 140.272182437869333, 39.240483721146859 ], [ 140.274107717297397, 39.23986650473546 ], [ 140.275573307362265, 39.240841225042573 ], [ 140.277553306939581, 39.241122306349439 ], [ 140.280330829804029, 39.240569252069406 ], [ 140.280786667370876, 39.240178135112899 ], [ 140.281910273140625, 39.240300360173535 ], [ 140.281725550593706, 39.241568414151061 ], [ 140.284126109132671, 39.243337585661095 ], [ 140.285214474968143, 39.24335286514264 ], [ 140.286676134995673, 39.243963946379097 ], [ 140.291095888264749, 39.243887837653631 ], [ 140.296242309035392, 39.244969748155427 ], [ 140.296965356765895, 39.24447474781141 ], [ 140.298470078131686, 39.244428919259292 ], [ 140.298933720914533, 39.243994748159139 ], [ 140.299963164968176, 39.243964198189246 ], [ 140.300104552782955, 39.244373919420923 ], [ 140.301565939416605, 39.244575559114821 ], [ 140.301707613215854, 39.245376107721256 ], [ 140.302544280394272, 39.245574721196476 ], [ 140.303683722326014, 39.24530583739454 ], [ 140.305604837893043, 39.246965279024437 ], [ 140.307459300206574, 39.246690278933272 ], [ 140.31036263282931, 39.248251359912388 ], [ 140.310904863768542, 39.248098585781179 ], [ 140.311117082187707, 39.247426640227332 ], [ 140.312916277564227, 39.24679108124343 ], [ 140.313894616743255, 39.247460253288125 ], [ 140.314727665949135, 39.247136359755245 ], [ 140.316730999336187, 39.247111891900317 ], [ 140.318856834775147, 39.247897170917781 ], [ 140.320675472595099, 39.247307721074549 ], [ 140.324223255798643, 39.248123532974716 ], [ 140.325582697983236, 39.248013532398659 ], [ 140.326726057361725, 39.245786026803728 ], [ 140.331035810953949, 39.246021278659157 ], [ 140.332379416077288, 39.247054332591404 ], [ 140.332493307120444, 39.248145170663122 ], [ 140.333899973604957, 39.2481329461786 ], [ 140.334933022141286, 39.249181278693129 ], [ 140.336968301246202, 39.248875440848963 ], [ 140.337144967666177, 39.248010721117964 ], [ 140.338127497685946, 39.247430413782638 ], [ 140.338036938653886, 39.246626802085302 ], [ 140.337424163094738, 39.245594026942854 ], [ 140.337628339776074, 39.245233468050174 ], [ 140.338021141162812, 39.245080693918965 ], [ 140.33928613474734, 39.245545135299778 ], [ 140.341183917403896, 39.24449125216961 ], [ 140.342087275607355, 39.244650135395489 ], [ 140.342350582713266, 39.245777360037209 ], [ 140.343356419563179, 39.246137891950184 ], [ 140.343996692793212, 39.246856225434499 ], [ 140.344876977990225, 39.247070107599427 ], [ 140.347827275908116, 39.246774000419862 ], [ 140.348833113657292, 39.248167332656351 ], [ 140.346758637601056, 39.250489278757243 ], [ 140.35014306075368, 39.253392053800269 ], [ 140.352388339650247, 39.25460313482688 ], [ 140.352675551635457, 39.25519286525855 ], [ 140.353691945626906, 39.255883972667277 ], [ 140.356307523073838, 39.255801198166807 ], [ 140.357522243656717, 39.256415332601591 ], [ 140.358124747159422, 39.257184774557743 ], [ 140.359040310961632, 39.257175613164065 ], [ 140.36038946759993, 39.257863946164264 ], [ 140.361047250630122, 39.259338387356763 ], [ 140.362773061327744, 39.260955891801018 ], [ 140.364027522951915, 39.260292802770664 ], [ 140.366458637755954, 39.261556692887098 ], [ 140.372615084418726, 39.261732774747827 ], [ 140.374051751387242, 39.262085559001378 ], [ 140.376439830933464, 39.261313865142824 ], [ 140.376957612903539, 39.260739693881817 ], [ 140.377549559264821, 39.260723306435523 ], [ 140.379879299789877, 39.259364694325257 ], [ 140.3819454220436, 39.261026892377231 ], [ 140.384893217148374, 39.260723559144992 ], [ 140.385854642777645, 39.259549359315542 ], [ 140.387202140166664, 39.259734080963142 ], [ 140.387782996088504, 39.259332135269858 ], [ 140.390350778165953, 39.26007936037422 ], [ 140.393045252236675, 39.259668774894124 ], [ 140.393457198391047, 39.260301000091147 ], [ 140.395200830054364, 39.259512946665211 ], [ 140.39542277644, 39.259603225108776 ], [ 140.395274968365129, 39.261089055315722 ], [ 140.395581088596373, 39.26131072111292 ], [ 140.395496641356999, 39.260547107662944 ], [ 140.395887496610726, 39.259488504890612 ], [ 140.397583644969359, 39.259139585923208 ], [ 140.398957523071317, 39.25959097184591 ], [ 140.398999468350894, 39.259960414241789 ], [ 140.398608612197791, 39.260650134895855 ], [ 140.39809080324801, 39.263645972683548 ], [ 140.399633333011934, 39.263826802065296 ], [ 140.400177781679304, 39.263404027174147 ], [ 140.401535576305832, 39.260633440780737 ], [ 140.401704745977327, 39.260140945947967 ] ] ] } },
{ "type": "Feature", "properties": { "regioncode": "0546400", "regionname": "秋田県東成瀬村", "name": "東成瀬村", "namekana": "ひがしなるせむら", "PrefCode": "05" }, "geometry": { "type": "Polygon", "coordinates": [ [ [ 140.668603695604133, 39.206411748903122 ], [ 140.669872048156549, 39.206008134967533 ], [ 140.67027819728105, 39.205296468157542 ], [ 140.671685447425489, 39.204651171314538 ], [ 140.675232191012924, 39.202156999645865 ], [ 140.678430831317883, 39.202055306107525 ], [ 140.678548054349335, 39.201286134847294 ], [ 140.677737561939011, 39.198932801507624 ], [ 140.679330636299937, 39.197011134656179 ], [ 140.680933191313784, 39.195742774909206 ], [ 140.683486835149438, 39.194876386036412 ], [ 140.684127133560423, 39.193819721303157 ], [ 140.686563864630671, 39.193374972377114 ], [ 140.68643108962317, 39.192759134626442 ], [ 140.688000583759958, 39.191120252397809 ], [ 140.688825305243654, 39.190505531605027 ], [ 140.691137029650235, 39.189752441122323 ], [ 140.691603722034188, 39.188164385877769 ], [ 140.694843190660777, 39.187977720795232 ], [ 140.696971829286554, 39.188569359588314 ], [ 140.69777294356652, 39.18798491896888 ], [ 140.698030753116882, 39.187157693772576 ], [ 140.698750778225872, 39.186762973232703 ], [ 140.702032165152332, 39.187527108289487 ], [ 140.705043580097254, 39.187417667091722 ], [ 140.70648024706577, 39.187772386686333 ], [ 140.70886527880964, 39.18754541398971 ], [ 140.711817224285483, 39.189472359861554 ], [ 140.712801088899141, 39.190543748295397 ], [ 140.714169143890899, 39.191185107906449 ], [ 140.715801114829674, 39.191142613141153 ], [ 140.717758366055818, 39.190641224912667 ], [ 140.720809999581888, 39.193389251812562 ], [ 140.721514137267718, 39.194843414192292 ], [ 140.721590505897211, 39.196105639663585 ], [ 140.722209079385607, 39.196897586254636 ], [ 140.725723281004662, 39.19676925209933 ], [ 140.727202165747372, 39.197941441044748 ], [ 140.728337691131628, 39.199572838215943 ], [ 140.73124914283369, 39.197622000055333 ], [ 140.733970000315367, 39.197374198160787 ], [ 140.736308080253821, 39.195934747790432 ], [ 140.738197833763138, 39.195630865072417 ], [ 140.74291147918143, 39.196243333063421 ], [ 140.743734773441133, 39.196873613026867 ], [ 140.746458690416262, 39.197007198323604 ], [ 140.747350077743931, 39.197468865295946 ], [ 140.750397860373027, 39.197647467956358 ], [ 140.752987030127429, 39.198224668134003 ], [ 140.7551275883676, 39.200192721117219 ], [ 140.758317301102579, 39.201083279269994 ], [ 140.759766718659193, 39.201986305623564 ], [ 140.76100221807792, 39.206206865354602 ], [ 140.766618300793994, 39.208525440796507 ], [ 140.767004746671773, 39.206112387077042 ], [ 140.767610896026099, 39.204774053779602 ], [ 140.766468690477723, 39.203035720921832 ], [ 140.766802049375087, 39.201877666621044 ], [ 140.766455135895853, 39.200092972812513 ], [ 140.765991803379052, 39.199284918464286 ], [ 140.764909856005147, 39.198924359571606 ], [ 140.76470267199079, 39.198037414894827 ], [ 140.765335161588496, 39.197412413951781 ], [ 140.769312749683763, 39.195241559350563 ], [ 140.770857497175825, 39.193529054122621 ], [ 140.771338341291425, 39.193395171150257 ], [ 140.773826667366848, 39.194201559054761 ], [ 140.778721698847335, 39.194763198263047 ], [ 140.780800920626007, 39.191977360267003 ], [ 140.781863696252685, 39.19196958562793 ], [ 140.784789584771602, 39.190926774950753 ], [ 140.787192113725155, 39.189687612593275 ], [ 140.788000751733421, 39.188775945553516 ], [ 140.789091856004461, 39.188515946154041 ], [ 140.795268807209709, 39.189948135398197 ], [ 140.79739272439474, 39.189956197820322 ], [ 140.80044888510804, 39.18781338677843 ], [ 140.802186135182069, 39.18561672073514 ], [ 140.805955110240234, 39.183319774887764 ], [ 140.808195719856599, 39.180417278634536 ], [ 140.807618806562687, 39.179237279077199 ], [ 140.807717976603385, 39.178200332879101 ], [ 140.806550195235332, 39.177983108833473 ], [ 140.805334357694505, 39.177071720583513 ], [ 140.8032738391164, 39.176257585918904 ], [ 140.799538274771635, 39.175100359893747 ], [ 140.798598249409793, 39.175311748238641 ], [ 140.797301284027071, 39.176440080845111 ], [ 140.796214331925967, 39.17657174788792 ], [ 140.792640466584317, 39.174117613137412 ], [ 140.788530466807629, 39.172674559183633 ], [ 140.787208300622638, 39.169522081079208 ], [ 140.786644423001803, 39.168865972586616 ], [ 140.786227523381513, 39.166781252352962 ], [ 140.784756419573114, 39.166342081022265 ], [ 140.78374280178889, 39.16541263978155 ], [ 140.779933891436031, 39.166917918726995 ], [ 140.778601893862401, 39.168563467629951 ], [ 140.777759947663526, 39.168665171060866 ], [ 140.77489939039458, 39.167764332757827 ], [ 140.774131051007316, 39.167853225346107 ], [ 140.773264720590419, 39.165488504790744 ], [ 140.772022218150937, 39.164180170178781 ], [ 140.771540311036574, 39.163028224972663 ], [ 140.77075561567915, 39.160809891563304 ], [ 140.770739248917266, 39.159380440754774 ], [ 140.765672088096494, 39.154956305988776 ], [ 140.766293216558779, 39.154297414094458 ], [ 140.765737393266136, 39.153635468102436 ], [ 140.7655493639121, 39.152308252224088 ], [ 140.764160219818336, 39.151321586222252 ], [ 140.76356330650151, 39.149784080970619 ], [ 140.761724423143733, 39.148892693642949 ], [ 140.760408611568209, 39.146862135079516 ], [ 140.759705551270258, 39.146371865169499 ], [ 140.759566978333396, 39.145133801783572 ], [ 140.759109196432291, 39.144363531551789 ], [ 140.759190895343636, 39.143714360429442 ], [ 140.756142243969407, 39.143676331697407 ], [ 140.752880856166598, 39.142578279264228 ], [ 140.751687834426093, 39.141263558566436 ], [ 140.749726162132788, 39.140410802516556 ], [ 140.749423694947609, 39.138892468112942 ], [ 140.74894147936584, 39.13812219788116 ], [ 140.749530117121253, 39.137590801974 ], [ 140.750216835838387, 39.134639971657407 ], [ 140.750854331961932, 39.134181919060381 ], [ 140.751262970409812, 39.133070802175837 ], [ 140.753388249168438, 39.133242721074794 ], [ 140.755619389823096, 39.132723838334527 ], [ 140.757867172432157, 39.132902135225436 ], [ 140.758112438238527, 39.133659639580742 ], [ 140.760785576792955, 39.129719081070789 ], [ 140.763368418018104, 39.128140198011806 ], [ 140.76756958476858, 39.126517107878271 ], [ 140.769580440984669, 39.125062081250121 ], [ 140.769980750811101, 39.124164865416276 ], [ 140.767545499125504, 39.121452946296472 ], [ 140.766605498944728, 39.120829053318232 ], [ 140.766605525924319, 39.120217946001446 ], [ 140.763564942368248, 39.119457386649117 ], [ 140.762665810978433, 39.118725172129018 ], [ 140.760311893978837, 39.118228532320984 ], [ 140.758718274628791, 39.118581865160991 ], [ 140.755955472766914, 39.11830189181893 ], [ 140.756397198172181, 39.11489297293241 ], [ 140.755506108520194, 39.113253837994307 ], [ 140.755931414103543, 39.112187413818162 ], [ 140.758023670655916, 39.112257414348221 ], [ 140.761693696007342, 39.11091738672809 ], [ 140.761726497879636, 39.109695171195256 ], [ 140.763246808993131, 39.108858225226982 ], [ 140.761988223078106, 39.107085171343613 ], [ 140.762241555803257, 39.106359333016883 ], [ 140.760729611082752, 39.105964892166071 ], [ 140.759969637189101, 39.104134639601966 ], [ 140.759037691336403, 39.103164081357306 ], [ 140.759225771951833, 39.102641864830275 ], [ 140.758212477024244, 39.099745467779144 ], [ 140.756929416059734, 39.098764918965912 ], [ 140.756087781925658, 39.097291027259132 ], [ 140.755948911313226, 39.095874918792504 ], [ 140.757150363298706, 39.093841027341568 ], [ 140.755810362658167, 39.092035748051387 ], [ 140.753236199890807, 39.090854946298805 ], [ 140.752468197749181, 39.087579386979201 ], [ 140.752700441372326, 39.086196333094335 ], [ 140.755417134093477, 39.085444359569578 ], [ 140.758526328727157, 39.085382134577912 ], [ 140.758981945960159, 39.083387666707495 ], [ 140.759470272435237, 39.083052386858242 ], [ 140.760548885123058, 39.083013225879711 ], [ 140.762032282663768, 39.082073504488676 ], [ 140.763220636023561, 39.080591532373376 ], [ 140.763877588080277, 39.080394586241198 ], [ 140.766557327658575, 39.081051532002675 ], [ 140.768074305884625, 39.079563440900131 ], [ 140.770467418936278, 39.078879838333933 ], [ 140.771967133776229, 39.078679802131205 ], [ 140.774090505072763, 39.079120081426652 ], [ 140.775110220260558, 39.079685081401465 ], [ 140.775801024597627, 39.080779531150483 ], [ 140.77834547286534, 39.082093386700478 ], [ 140.782112193323087, 39.08149891864025 ], [ 140.782559169869842, 39.079869197805294 ], [ 140.783452529410738, 39.079051134901988 ], [ 140.785474772842576, 39.07910389183121 ], [ 140.790901802776034, 39.078154413695302 ], [ 140.794146030614911, 39.077021053878582 ], [ 140.797684942006526, 39.077543532108393 ], [ 140.799976912804368, 39.076544359234845 ], [ 140.800305525080034, 39.076781026623109 ], [ 140.800297198257113, 39.077694639795823 ], [ 140.802386913325449, 39.077894891835854 ], [ 140.800820026323208, 39.07395544129065 ], [ 140.802513670969233, 39.07371238691718 ], [ 140.804097886108593, 39.072046532221748 ], [ 140.803979857284617, 39.071405695116766 ], [ 140.804434863877987, 39.07057125196178 ], [ 140.803676809137528, 39.070130693876479 ], [ 140.80339016912103, 39.069404585753091 ], [ 140.803904384379848, 39.067180413944982 ], [ 140.801798003075419, 39.065244892138139 ], [ 140.800609948290571, 39.064633774928836 ], [ 140.799927444695868, 39.063782946126139 ], [ 140.799447197730046, 39.0628365589601 ], [ 140.799531672848502, 39.060973506322284 ], [ 140.800222801840846, 39.059978223915948 ], [ 140.801225330984266, 39.059590413766614 ], [ 140.802009248428135, 39.058841252421928 ], [ 140.803264526636667, 39.058644026600575 ], [ 140.804865693996589, 39.057878720626491 ], [ 140.806643748110559, 39.058292612014498 ], [ 140.808497392940353, 39.058174252240008 ], [ 140.80980380030519, 39.057973973220328 ], [ 140.810250466585785, 39.057408972346252 ], [ 140.809028520849665, 39.056666467783316 ], [ 140.808186056641262, 39.055447306348185 ], [ 140.806374357990308, 39.054763720869062 ], [ 140.805691893965786, 39.053485946119565 ], [ 140.804663839364707, 39.052940386789487 ], [ 140.805178029442573, 39.052024000107565 ], [ 140.804318300948921, 39.051478440777487 ], [ 140.803762476757015, 39.050440107824784 ], [ 140.800829973724376, 39.049444586198774 ], [ 140.800628054341246, 39.04725291858739 ], [ 140.799263060641806, 39.0460376404248 ], [ 140.799381166807507, 39.044394586241197 ], [ 140.797687523060858, 39.04380322533865 ], [ 140.796684746603887, 39.042988505215419 ], [ 140.793558910915067, 39.041861305754708 ], [ 140.796120725990818, 39.036220170624404 ], [ 140.794915745965, 39.034449332670647 ], [ 140.79336547213893, 39.033338775164395 ], [ 140.793213799677233, 39.032750721068965 ], [ 140.793432995936087, 39.031732107550795 ], [ 140.795076083394633, 39.030664332592949 ], [ 140.795286939340826, 39.029429054407387 ], [ 140.794680584041771, 39.028735722075965 ], [ 140.79282666671736, 39.028006279266435 ], [ 140.79090557723066, 39.025075468757905 ], [ 140.790762282853166, 39.024089918814752 ], [ 140.790358105941891, 39.023623251611809 ], [ 140.785715304617725, 39.021510504905905 ], [ 140.785260336695274, 39.020153838029273 ], [ 140.784240894901473, 39.018724387220743 ], [ 140.783853411205996, 39.016927172151327 ], [ 140.783457327293831, 39.016381639800898 ], [ 140.780112022851654, 39.014722467967601 ], [ 140.780356251739704, 39.012606640184345 ], [ 140.778688248563867, 39.008144721301903 ], [ 140.774197108010185, 39.005177532317305 ], [ 140.768703190999531, 39.003465640427009 ], [ 140.768783217171745, 39.002139251924973 ], [ 140.768254331272487, 39.000949251906491 ], [ 140.764032892004479, 39.000192054219951 ], [ 140.76467625170767, 38.999422891952975 ], [ 140.764676588953535, 38.996528441034798 ], [ 140.767269416250656, 38.995650081286271 ], [ 140.767902217913047, 38.994710639584412 ], [ 140.767062243927512, 38.993010641228182 ], [ 140.767197250153004, 38.991913414372618 ], [ 140.765320025998449, 38.990957864913582 ], [ 140.763898911005981, 38.989395387287345 ], [ 140.763847276430738, 38.988727333099973 ], [ 140.764905356696886, 38.987334838132313 ], [ 140.76457345020458, 38.985387613447642 ], [ 140.765185421769843, 38.984610108169989 ], [ 140.768058806968384, 38.982930359848297 ], [ 140.76878466867754, 38.982160891811759 ], [ 140.769106355274175, 38.981452837578445 ], [ 140.769303644947286, 38.978995333068212 ], [ 140.770154254315457, 38.976198107856419 ], [ 140.773131283681892, 38.973416693625552 ], [ 140.774956912831271, 38.970417252254435 ], [ 140.774749441933295, 38.968991973400932 ], [ 140.773442774664431, 38.968028359721075 ], [ 140.773048612603475, 38.967372801613578 ], [ 140.772312218034472, 38.967040865443664 ], [ 140.772177224399456, 38.966635864753414 ], [ 140.772374746997002, 38.96485891860425 ], [ 140.772001140740144, 38.964028918999475 ], [ 140.774625421825817, 38.961158640059239 ], [ 140.77497819708617, 38.960405865238556 ], [ 140.774065693676903, 38.959502802012764 ], [ 140.77359016905109, 38.958084467724063 ], [ 140.772096523735627, 38.95839391814485 ], [ 140.770483995240284, 38.957986440721697 ], [ 140.768062022944036, 38.957941999823504 ], [ 140.76434031085671, 38.957002053601968 ], [ 140.762351673291164, 38.957232333105765 ], [ 140.758665473632732, 38.958515695343124 ], [ 140.756804617139437, 38.958077667050759 ], [ 140.755625446756994, 38.958207946439643 ], [ 140.755091530050095, 38.959045441893693 ], [ 140.753134527036877, 38.960754919104261 ], [ 140.749898831965538, 38.966031333279432 ], [ 140.746639274283098, 38.969059134771328 ], [ 140.744247003896135, 38.97062361338908 ], [ 140.739809364010966, 38.974315864585549 ], [ 140.73606066057107, 38.976376170923629 ], [ 140.732817781715312, 38.98000174818219 ], [ 140.729910505565499, 38.980765386813175 ], [ 140.729483838408441, 38.981179279100502 ], [ 140.729172943676417, 38.983765106974147 ], [ 140.727904838437553, 38.98547569394816 ], [ 140.726807885875246, 38.985851532322386 ], [ 140.724461167049299, 38.985882666851637 ], [ 140.723388391860908, 38.986339332694115 ], [ 140.722918884598926, 38.988416279187959 ], [ 140.722321672707039, 38.988509054149574 ], [ 140.719706588987947, 38.991394639551004 ], [ 140.717859585651468, 38.992277440151781 ], [ 140.717091505268854, 38.993007721129459 ], [ 140.715671167290566, 38.995589108150853 ], [ 140.71640282692897, 38.996609666902657 ], [ 140.716347808204887, 38.998384387229748 ], [ 140.717938366262615, 38.999800225000456 ], [ 140.717536109404023, 39.001453559334323 ], [ 140.718035550600234, 39.002267134620638 ], [ 140.717831633822925, 39.003970224846057 ], [ 140.718722724374288, 39.005509080879449 ], [ 140.713307055576252, 39.008497198886687 ], [ 140.710874474877187, 39.010855531557581 ], [ 140.709207224433953, 39.011965279673973 ], [ 140.706486615165204, 39.012511134881038 ], [ 140.702895445968124, 39.012525613066657 ], [ 140.70233955882361, 39.01479422487364 ], [ 140.70317844373028, 39.016288107610137 ], [ 140.702003968708254, 39.017344505244751 ], [ 140.700714500973504, 39.017923108364812 ], [ 140.704892308733179, 39.020383918782898 ], [ 140.705479415842433, 39.021706279221462 ], [ 140.706915616062929, 39.023331107744468 ], [ 140.707481971316042, 39.025019171197869 ], [ 140.707225032309452, 39.025624441015168 ], [ 140.703838300597113, 39.026312801894335 ], [ 140.702627172805819, 39.027132532140683 ], [ 140.703287976658885, 39.028773640191389 ], [ 140.706448520782715, 39.031753891828714 ], [ 140.706904643434655, 39.03285944101043 ], [ 140.707596589011473, 39.033478892237156 ], [ 140.707093190798219, 39.035919171132889 ], [ 140.708178470160306, 39.037417504614211 ], [ 140.708309273853956, 39.039306080011613 ], [ 140.706899248401669, 39.040283054019767 ], [ 140.706296161238924, 39.041364441116116 ], [ 140.706841141405562, 39.043289721443557 ], [ 140.70688306060481, 39.045652503959957 ], [ 140.705556639727206, 39.046343332578772 ], [ 140.705042723942597, 39.047126107883628 ], [ 140.705336330107571, 39.047941387385151 ], [ 140.704979921586187, 39.049110837894887 ], [ 140.705687690734408, 39.050044720887229 ], [ 140.701970362842076, 39.052597252261421 ], [ 140.701089805150445, 39.053527531670284 ], [ 140.699013644663978, 39.053915866124385 ], [ 140.696020245837758, 39.055783945972394 ], [ 140.69465717309015, 39.056147864732225 ], [ 140.693310194609808, 39.05745369473226 ], [ 140.692790998905593, 39.058706469228241 ], [ 140.691857911813258, 39.059705919092949 ], [ 140.690106718650213, 39.063321774680219 ], [ 140.6892625547232, 39.063468440616077 ], [ 140.688371698894798, 39.064163441189919 ], [ 140.683312437718882, 39.06546125193529 ], [ 140.683370193979385, 39.067417360123102 ], [ 140.684423800118338, 39.068343197780393 ], [ 140.685052671743506, 39.069616531677639 ], [ 140.684140414748413, 39.071938467886014 ], [ 140.684910946682862, 39.073428441269584 ], [ 140.684732606624607, 39.074305107594682 ], [ 140.685303969302822, 39.076345108140288 ], [ 140.685906744400768, 39.077033720829604 ], [ 140.685812283210339, 39.07810483676883 ], [ 140.686624773014955, 39.079740108219482 ], [ 140.686215576987365, 39.080485945669921 ], [ 140.686745304652163, 39.081393440754766 ], [ 140.686635031581545, 39.082540386629603 ], [ 140.687976978354982, 39.082990080927573 ], [ 140.688181414940459, 39.083321197815053 ], [ 140.686975550881016, 39.084882586362312 ], [ 140.686576355314628, 39.086449531820506 ], [ 140.68401933992061, 39.09034983757499 ], [ 140.683590142970729, 39.091601774802143 ], [ 140.682132334739549, 39.092460108447312 ], [ 140.682190921074266, 39.093249838209545 ], [ 140.682655357059161, 39.093565946311401 ], [ 140.683113969933856, 39.094597893178275 ], [ 140.683613411130068, 39.094849839148822 ], [ 140.684248145435618, 39.096097332825707 ], [ 140.685470921246065, 39.096458972703488 ], [ 140.685982309036376, 39.096980919433918 ], [ 140.685782308806552, 39.097747864872133 ], [ 140.687110609267279, 39.09977146897819 ], [ 140.68791561581304, 39.102412838082046 ], [ 140.687610000101472, 39.104884774912477 ], [ 140.688503332662776, 39.105860053698564 ], [ 140.69027863844849, 39.106595027338699 ], [ 140.689926108703048, 39.106920054017337 ], [ 140.690313890973357, 39.107874467632655 ], [ 140.689773022507097, 39.109428640019757 ], [ 140.690666355068288, 39.109945865309498 ], [ 140.69040775591327, 39.110300865492604 ], [ 140.689367172856805, 39.110474774591239 ], [ 140.689302723841706, 39.111777251918681 ], [ 140.68878518828592, 39.112267000221948 ], [ 140.688491284445263, 39.113997559339964 ], [ 140.687697639034923, 39.115125891946434 ], [ 140.684658690446327, 39.117316171004518 ], [ 140.685199532832257, 39.118014505365181 ], [ 140.685481724801775, 39.119855055166738 ], [ 140.684505863255026, 39.120628386690726 ], [ 140.684453087440147, 39.121468667345198 ], [ 140.684011944795429, 39.121995054028559 ], [ 140.68445302089026, 39.124361720716877 ], [ 140.684200246644082, 39.12492505424791 ], [ 140.6832182751034, 39.125236171112476 ], [ 140.682166303931808, 39.126259251563283 ], [ 140.682160441251426, 39.127589223863652 ], [ 140.681672632785876, 39.129111170843885 ], [ 140.682953773697818, 39.12952783843906 ], [ 140.683823774247799, 39.130207838321155 ], [ 140.684540997968725, 39.131583667052666 ], [ 140.685598780559303, 39.132224468184688 ], [ 140.685792918108746, 39.134211414125502 ], [ 140.686239585288718, 39.135140585569616 ], [ 140.687150415059705, 39.135776972829092 ], [ 140.686727329003133, 39.137189467819724 ], [ 140.68740900072487, 39.137716135091637 ], [ 140.687843994704622, 39.138812224304786 ], [ 140.686915331377463, 39.14040308093746 ], [ 140.68724450123284, 39.141444720697336 ], [ 140.686538911141952, 39.142669198025146 ], [ 140.6855338908764, 39.143401694033003 ], [ 140.684711114626339, 39.143415585860623 ], [ 140.684487756304975, 39.144173081222789 ], [ 140.683793864595259, 39.144415586110483 ], [ 140.682171894117687, 39.143948667097334 ], [ 140.681642697952157, 39.145003945975361 ], [ 140.680502387275396, 39.145777279298045 ], [ 140.680314331841032, 39.146530332908583 ], [ 140.679144578259752, 39.146928666924509 ], [ 140.679144553078686, 39.147860054298121 ], [ 140.678503696188727, 39.149160332783197 ], [ 140.677522309207234, 39.148803134656987 ], [ 140.675652827316185, 39.148805080789884 ], [ 140.674506977714941, 39.149308693941123 ], [ 140.672620310678894, 39.148692892163297 ], [ 140.669446083370076, 39.148889585585948 ], [ 140.667917976933154, 39.150072918930107 ], [ 140.667200727131899, 39.151240134624572 ], [ 140.667370999372224, 39.151988748282179 ], [ 140.664738171129784, 39.153858505365804 ], [ 140.663597587958407, 39.153638506012271 ], [ 140.660365084581031, 39.152111864570941 ], [ 140.656738418243435, 39.14862133310811 ], [ 140.656032865924089, 39.147392198191426 ], [ 140.654510636556665, 39.146574972557005 ], [ 140.651836160710332, 39.145796666882745 ], [ 140.651254228300104, 39.145112225249022 ], [ 140.650196419629083, 39.144709170691726 ], [ 140.646405005586644, 39.144775585624814 ], [ 140.646469689324817, 39.146027531845164 ], [ 140.644436030798261, 39.147588387094459 ], [ 140.64234905326623, 39.148440081044953 ], [ 140.640820946829308, 39.150048972681986 ], [ 140.639733384987835, 39.151962587003823 ], [ 140.640021167143232, 39.152498135080918 ], [ 140.642507587555201, 39.152926171006015 ], [ 140.64294258063569, 39.154230892142039 ], [ 140.642778106324613, 39.154858108115263 ], [ 140.643477562139879, 39.156411999913928 ], [ 140.642507522803953, 39.157600332589311 ], [ 140.64263693884368, 39.158856720561232 ], [ 140.6413969131371, 39.160337558631454 ], [ 140.641367133886206, 39.162933108176446 ], [ 140.640832113711099, 39.165148666277958 ], [ 140.639968197074722, 39.166544774721615 ], [ 140.639250947273467, 39.166993693803988 ], [ 140.638827860317519, 39.167918413603957 ], [ 140.636596135103673, 39.170372586126007 ], [ 140.636691387697397, 39.171690919400476 ], [ 140.636291673222217, 39.172485081021705 ], [ 140.636450803761704, 39.173415918010278 ], [ 140.635496328992417, 39.174032027356247 ], [ 140.635210466889589, 39.175556505028737 ], [ 140.633937523298073, 39.175526359753746 ], [ 140.632324034326757, 39.177505108374078 ], [ 140.630626225819697, 39.17843680241657 ], [ 140.62912533106919, 39.179980973443207 ], [ 140.628042801833885, 39.180599333792259 ], [ 140.626663358727114, 39.180802108430612 ], [ 140.625426666807243, 39.181771585690171 ], [ 140.62575272410902, 39.185057945867584 ], [ 140.624526588431422, 39.18545046756509 ], [ 140.620263476378341, 39.185822440653169 ], [ 140.619158715902131, 39.186270775176183 ], [ 140.618218689640912, 39.18711497327746 ], [ 140.618665914400481, 39.187269973230741 ], [ 140.620222891773096, 39.186758838149899 ], [ 140.620190660970252, 39.187110775242161 ], [ 140.620726782814813, 39.187615505351346 ], [ 140.621682361052194, 39.187390225178774 ], [ 140.622208716259365, 39.188370747911733 ], [ 140.621685382774217, 39.18861994555408 ], [ 140.623084527329183, 39.191244080949616 ], [ 140.622742580805493, 39.191374080649382 ], [ 140.622858144587781, 39.191658531715916 ], [ 140.624082581446032, 39.192962972263388 ], [ 140.624254253930758, 39.19356574826071 ], [ 140.625530635630412, 39.194487666672558 ], [ 140.626536161314903, 39.195877666920865 ], [ 140.628394811771159, 39.195287081233857 ], [ 140.628955382584877, 39.194758747518222 ], [ 140.630328470182803, 39.194684864614885 ], [ 140.631370142318247, 39.194195108217741 ], [ 140.633433501854711, 39.194896225080754 ], [ 140.634587690869353, 39.194377306367642 ], [ 140.635373528365676, 39.194735640337569 ], [ 140.637375771774487, 39.19447089161838 ], [ 140.63839880725925, 39.195842559186815 ], [ 140.638479921611179, 39.196897278686492 ], [ 140.639474616760253, 39.198985613295463 ], [ 140.63983403531256, 39.200591440942276 ], [ 140.63988542167499, 39.201433666830326 ], [ 140.638440635626921, 39.204095332733459 ], [ 140.638759222260319, 39.204746440995507 ], [ 140.641593968986513, 39.205328359915939 ], [ 140.643429532946698, 39.206253053635578 ], [ 140.646183165320849, 39.206759720884463 ], [ 140.648819610636565, 39.206419695312718 ], [ 140.652708521081422, 39.206942134871667 ], [ 140.655332437941752, 39.206701559029796 ], [ 140.656261919651911, 39.206153774776965 ], [ 140.657900558164329, 39.205827107734876 ], [ 140.660429196350378, 39.206027358875588 ], [ 140.66100058420966, 39.206353197641988 ], [ 140.662286109316597, 39.208684279056286 ], [ 140.664018054289841, 39.209312612886833 ], [ 140.66499444913461, 39.209274837763587 ], [ 140.666784189039163, 39.20860453167387 ], [ 140.668385083904582, 39.206630359703411 ], [ 140.668603695604133, 39.206411748903122 ] ] ] } }
]
}
