{
"type": "FeatureCollection",
"name": "13_tokyo_region",
"crs": { "type": "name", "properties": { "name": "urn:ogc:def:crs:OGC:1.3:CRS84" } },
"features": [
{ "type": "Feature", "properties": { "regioncode": "1310300", "regionname": "東京都港区", "name": "港区", "namekana": "みなとく", "PrefCode": "13" }, "geometry": { "type": "MultiPolygon", "coordinates": [ [ [ [ 139.758336667303411, 35.633623973167857 ], [ 139.757549104907298, 35.624092774661847 ], [ 139.753507341190925, 35.624048558594161 ], [ 139.755255913729457, 35.633610467149367 ], [ 139.758333332617326, 35.633623946188209 ], [ 139.758336667303411, 35.633623973167857 ] ] ], [ [ [ 139.731499389285432, 35.681495278684224 ], [ 139.743206029834482, 35.671429694025221 ], [ 139.76322046100006, 35.665257067000141 ], [ 139.759477122000021, 35.659077001000071 ], [ 139.764531199760569, 35.656117278143775 ], [ 139.759079610735512, 35.645411198368151 ], [ 139.760425771732002, 35.636778332653989 ], [ 139.754804838072914, 35.638875585839685 ], [ 139.751921971321963, 35.626100774631084 ], [ 139.746773216810539, 35.623238360262178 ], [ 139.735399300237532, 35.623201999772505 ], [ 139.725998495334352, 35.635033666770369 ], [ 139.717828196813912, 35.635045359755622 ], [ 139.716843217940209, 35.639901748267107 ], [ 139.723560220128093, 35.646701170622578 ], [ 139.722792775566177, 35.656075306130504 ], [ 139.714463865415155, 35.657348107629105 ], [ 139.70856389101084, 35.664067000191949 ], [ 139.719475667568076, 35.674498081021682 ], [ 139.719487911837746, 35.678410559100087 ], [ 139.731079103717775, 35.681244440678427 ], [ 139.731499389285432, 35.681495278684224 ] ] ], [ [ [ 139.776931699238617, 35.636071306345741 ], [ 139.7823763423944, 35.62950860533789 ], [ 139.771349689136855, 35.623138306187911 ], [ 139.768732464131972, 35.626435675865821 ], [ 139.777247392752997, 35.631750504582158 ], [ 139.771312515660156, 35.634727161629257 ], [ 139.776877834344646, 35.636042694414868 ], [ 139.776931699238617, 35.636071306345741 ] ] ], [ [ [ 139.770109882864858, 35.631695171095316 ], [ 139.768095498608432, 35.630101360189656 ], [ 139.770161191885563, 35.631715666644766 ], [ 139.770109882864858, 35.631695171095316 ] ] ] ] } },
{ "type": "Feature", "properties": { "regioncode": "1310200", "regionname": "東京都中央区", "name": "中央区", "namekana": "ちゅうおうく", "PrefCode": "13" }, "geometry": { "type": "Polygon", "coordinates": [ [ [ 139.759477199000003, 35.658992092000062 ], [ 139.763310429999933, 35.664553417999912 ], [ 139.758607889000018, 35.668762804000039 ], [ 139.770895801482766, 35.684515466325706 ], [ 139.76812138799994, 35.688636550000069 ], [ 139.782543306928119, 35.69657130572125 ], [ 139.788915251837466, 35.694703775359017 ], [ 139.792751607700552, 35.685999053813362 ], [ 139.787179000010951, 35.674505747742103 ], [ 139.789592425150317, 35.656259359581838 ], [ 139.772787755450622, 35.646038801949203 ], [ 139.769489533215506, 35.649265558658669 ], [ 139.771629300052268, 35.652586171314795 ], [ 139.767310973222948, 35.651054721198484 ], [ 139.76723866413306, 35.655209080934412 ], [ 139.770650751331118, 35.654939973201238 ], [ 139.760618970999985, 35.658333332999973 ], [ 139.759477199000003, 35.658992092000062 ] ] ] } },
{ "type": "Feature", "properties": { "regioncode": "1310100", "regionname": "東京都千代田区", "name": "千代田区", "namekana": "ちよだく", "PrefCode": "13" }, "geometry": { "type": "Polygon", "coordinates": [ [ [ 139.759354854000094, 35.670180582000114 ], [ 139.747667690611479, 35.669608585767662 ], [ 139.73945297007856, 35.673753305670573 ], [ 139.73120160756821, 35.681976108410709 ], [ 139.731094448849831, 35.688975801691925 ], [ 139.746008222901196, 35.703009667362323 ], [ 139.768284111622506, 35.699700747691395 ], [ 139.766772996076952, 35.702646026492971 ], [ 139.773039169921844, 35.705095467681765 ], [ 139.782588559914188, 35.694717694166286 ], [ 139.76812138799994, 35.688636550000069 ], [ 139.770291416999981, 35.682975630999977 ], [ 139.75949392300015, 35.670426562000053 ], [ 139.759354854000094, 35.670180582000114 ] ] ] } },
{ "type": "Feature", "properties": { "regioncode": "1310400", "regionname": "東京都新宿区", "name": "新宿区", "namekana": "しんじゅくく", "PrefCode": "13" }, "geometry": { "type": "Polygon", "coordinates": [ [ [ 139.735808248951571, 35.709114667408016 ], [ 139.743057691159606, 35.708050774823448 ], [ 139.745870441367856, 35.702911054002016 ], [ 139.731175279015929, 35.689142467650811 ], [ 139.731499389285432, 35.681495278684224 ], [ 139.720646004809282, 35.679125559696899 ], [ 139.716558417936653, 35.673433080472364 ], [ 139.712894254366461, 35.67461836084874 ], [ 139.71478958457169, 35.680862252191218 ], [ 139.702102943795921, 35.689169467996578 ], [ 139.687188638245175, 35.681987027079686 ], [ 139.683740389307559, 35.69261394607679 ], [ 139.688376588708707, 35.699064748039746 ], [ 139.688372191923236, 35.706914720637883 ], [ 139.6943311411693, 35.711039999896116 ], [ 139.682782749824128, 35.710122505249444 ], [ 139.679100856119703, 35.718278613367374 ], [ 139.673494475289885, 35.719548612578478 ], [ 139.677015421824308, 35.729519945589061 ], [ 139.684408715989548, 35.722513865322696 ], [ 139.704599637163597, 35.723013558329114 ], [ 139.705876783286953, 35.71343941359811 ], [ 139.735762943804843, 35.709045774842707 ], [ 139.735808248951571, 35.709114667408016 ] ] ] } },
{ "type": "Feature", "properties": { "regioncode": "1310500", "regionname": "東京都文京区", "name": "文京区", "namekana": "ぶんきょうく", "PrefCode": "13" }, "geometry": { "type": "Polygon", "coordinates": [ [ [ 139.745040414783375, 35.735855441875174 ], [ 139.760937108261032, 35.732205999307496 ], [ 139.764966809370776, 35.727572666945093 ], [ 139.763258417641964, 35.721873252148896 ], [ 139.768678106409538, 35.715816305578073 ], [ 139.764509493318542, 35.717275198391746 ], [ 139.766621672552219, 35.708707974193715 ], [ 139.772401698979252, 35.707842134806754 ], [ 139.766772996076952, 35.702646026492971 ], [ 139.768284111622506, 35.699700747691395 ], [ 139.745870441367856, 35.702911054002016 ], [ 139.743057691159606, 35.708050774823448 ], [ 139.732446549868428, 35.707393838055225 ], [ 139.717477107782315, 35.71462161289719 ], [ 139.724724694688916, 35.720008837937598 ], [ 139.722749727717769, 35.725148801575983 ], [ 139.736038638172658, 35.72529630567999 ], [ 139.735968418208017, 35.729354080926157 ], [ 139.744965966206451, 35.735848224815754 ], [ 139.745040414783375, 35.735855441875174 ] ] ] } },
{ "type": "Feature", "properties": { "regioncode": "1310600", "regionname": "東京都台東区", "name": "台東区", "namekana": "たいとうく", "PrefCode": "13" }, "geometry": { "type": "Polygon", "coordinates": [ [ [ 139.766666667432787, 35.713295361092094 ], [ 139.764509493318542, 35.717275198391746 ], [ 139.768678106409538, 35.715816305578073 ], [ 139.763258417641964, 35.721873252148896 ], [ 139.763214060380619, 35.731192666608308 ], [ 139.766052917907928, 35.727531558934345 ], [ 139.78016766500582, 35.724610999797846 ], [ 139.791205810699694, 35.731218225340854 ], [ 139.809718612224287, 35.728134585842497 ], [ 139.807320025898548, 35.718360558692893 ], [ 139.788915251837466, 35.694703775359017 ], [ 139.773170532094468, 35.701878801365638 ], [ 139.770138612606956, 35.705351585607218 ], [ 139.772215577087309, 35.708345198472159 ], [ 139.766621672552219, 35.708707974193715 ], [ 139.766670583980385, 35.713294225248376 ], [ 139.766666667432787, 35.713295361092094 ] ] ] } },
{ "type": "Feature", "properties": { "regioncode": "1310700", "regionname": "東京都墨田区", "name": "墨田区", "namekana": "すみだく", "PrefCode": "13" }, "geometry": { "type": "Polygon", "coordinates": [ [ [ 139.795167301829565, 35.7046607210155 ], [ 139.807320025898548, 35.718360558692893 ], [ 139.810927523186706, 35.73216402704827 ], [ 139.820362891734135, 35.743428720958775 ], [ 139.842154773424113, 35.71931091906373 ], [ 139.833159442254555, 35.715757891913256 ], [ 139.839605005666499, 35.710350108370847 ], [ 139.835401581617816, 35.703016504907851 ], [ 139.818689611336595, 35.708007639740856 ], [ 139.819694527280717, 35.693033748708615 ], [ 139.811468949232676, 35.691908748090327 ], [ 139.80946666715306, 35.68699264009831 ], [ 139.789646614699564, 35.690187108448356 ], [ 139.795004226863625, 35.70440210837063 ], [ 139.795167301829565, 35.7046607210155 ] ] ] } },
{ "type": "Feature", "properties": { "regioncode": "1310900", "regionname": "東京都品川区", "name": "品川区", "namekana": "しながわく", "PrefCode": "13" }, "geometry": { "type": "MultiPolygon", "coordinates": [ [ [ [ 139.755006031703033, 35.617707839045579 ], [ 139.76194630407872, 35.614649332900456 ], [ 139.773148885412752, 35.595756846601262 ], [ 139.766797004378304, 35.592565278564791 ], [ 139.762561725443334, 35.594609468152498 ], [ 139.762567497292252, 35.585009747601816 ], [ 139.755969688550294, 35.5849297753889 ], [ 139.756013332649218, 35.589254467619639 ], [ 139.749474980785749, 35.58886186498313 ], [ 139.748341388044651, 35.592018972797405 ], [ 139.754901141074811, 35.617707865125908 ], [ 139.755006031703033, 35.617707839045579 ] ] ], [ [ [ 139.772309144351539, 35.621875801926763 ], [ 139.770626147678627, 35.618735865767633 ], [ 139.767598612386109, 35.625816748044542 ], [ 139.772235524949565, 35.621972748843348 ], [ 139.772309144351539, 35.621875801926763 ] ] ], [ [ [ 139.759530026289781, 35.624999999950091 ], [ 139.759272243719124, 35.618823639599327 ], [ 139.753132412031277, 35.61899108077381 ], [ 139.753507341190925, 35.624048558594154 ], [ 139.757549104907298, 35.624092774661847 ], [ 139.757432437656917, 35.627930000169442 ], [ 139.759483748076605, 35.626203774884345 ], [ 139.759530026289781, 35.624999999950091 ] ] ], [ [ [ 139.719431829215637, 35.641666666883225 ], [ 139.717828196813912, 35.635045359755622 ], [ 139.725998495334352, 35.635033666770369 ], [ 139.735399300237532, 35.623201999772505 ], [ 139.751877444988168, 35.624716252153348 ], [ 139.746541310433145, 35.590169062851999 ], [ 139.730108274777081, 35.587371504891109 ], [ 139.728241633844391, 35.594382892056899 ], [ 139.719183280883726, 35.5918481978361 ], [ 139.714485524687234, 35.599969027348777 ], [ 139.701067444606906, 35.601413504929383 ], [ 139.695392724294834, 35.607492386864237 ], [ 139.695816082846022, 35.613430170565948 ], [ 139.703986693431261, 35.621878748105814 ], [ 139.696138638187676, 35.624814865513656 ], [ 139.714633449674011, 35.62904674770931 ], [ 139.713228755402838, 35.637551747814939 ], [ 139.719431750974536, 35.641666720842522 ], [ 139.719431829215637, 35.641666666883225 ] ] ] ] } },
{ "type": "Feature", "properties": { "regioncode": "1311000", "regionname": "東京都目黒区", "name": "目黒区", "namekana": "めぐろく", "PrefCode": "13" }, "geometry": { "type": "Polygon", "coordinates": [ [ [ 139.680530440927214, 35.604454081290896 ], [ 139.680935447013326, 35.600647135057272 ], [ 139.677000440917709, 35.608091586257729 ], [ 139.668309026640372, 35.606491891987275 ], [ 139.66284347514636, 35.609344667422533 ], [ 139.666495720001535, 35.618525467576319 ], [ 139.661482969963117, 35.631706305601597 ], [ 139.679597198252168, 35.625067666739483 ], [ 139.686370609516075, 35.638974585908443 ], [ 139.684207055611182, 35.652272639770558 ], [ 139.675002918050268, 35.663879585974144 ], [ 139.687023502033071, 35.661809000385119 ], [ 139.708623748087575, 35.642007586381055 ], [ 139.71764099933273, 35.641661171126202 ], [ 139.713228755402838, 35.637551747814939 ], [ 139.714633449674011, 35.62904674770931 ], [ 139.696138638187676, 35.624814865513656 ], [ 139.703986693431261, 35.621878748105814 ], [ 139.695816082846022, 35.613430170565948 ], [ 139.695392724294834, 35.607492386864237 ], [ 139.684268560245869, 35.613210171212472 ], [ 139.684757134034612, 35.605337693979436 ], [ 139.680538495255405, 35.604457693867516 ], [ 139.680530440927214, 35.604454081290896 ] ] ] } },
{ "type": "Feature", "properties": { "regioncode": "1311200", "regionname": "東京都世田谷区", "name": "世田谷区", "namekana": "せたがやく", "PrefCode": "13" }, "geometry": { "type": "Polygon", "coordinates": [ [ [ 139.588842554640223, 35.682502333216178 ], [ 139.603263606330415, 35.680649306220573 ], [ 139.608783580298109, 35.675920170879238 ], [ 139.608917133219165, 35.670351864646875 ], [ 139.616186588939968, 35.669901612769252 ], [ 139.61031274973368, 35.676643504594097 ], [ 139.637403553831064, 35.665878559448004 ], [ 139.672704331839554, 35.672295668310483 ], [ 139.67418625179414, 35.66459874773409 ], [ 139.684587056047917, 35.651350413790624 ], [ 139.686370609516075, 35.638974585908443 ], [ 139.679597198252168, 35.625067666739483 ], [ 139.661482969963117, 35.631706305601597 ], [ 139.666495720001535, 35.618525467576319 ], [ 139.66284347514636, 35.609344667422533 ], [ 139.668309026640372, 35.606491891987275 ], [ 139.677257665009279, 35.607939359813656 ], [ 139.680623190707706, 35.594855748394139 ], [ 139.675653449846891, 35.591786891951529 ], [ 139.66967011728218, 35.599100505284127 ], [ 139.659689806339543, 35.599977170709906 ], [ 139.652974772767607, 35.595936918753864 ], [ 139.658194774269532, 35.593523865034399 ], [ 139.655138638737299, 35.590146360366305 ], [ 139.618601388243519, 35.613752467802215 ], [ 139.5902355514296, 35.618430775260094 ], [ 139.589575031762365, 35.623813559448251 ], [ 139.594116419237366, 35.62682772092262 ], [ 139.584435939567015, 35.641143774965315 ], [ 139.58763819694525, 35.646167387015339 ], [ 139.592062335308583, 35.64590991920744 ], [ 139.592861829010303, 35.654182387007609 ], [ 139.586560506062597, 35.663958198412161 ], [ 139.590123839443663, 35.665792360329192 ], [ 139.588501361748513, 35.670513748011103 ], [ 139.582488638439941, 35.673393999533516 ], [ 139.587304448641476, 35.673758440799475 ], [ 139.588280026002508, 35.67964427876052 ], [ 139.585320052278689, 35.682045107995407 ], [ 139.591803112923344, 35.68167789232092 ], [ 139.58550089515029, 35.682623999797784 ], [ 139.588648664404445, 35.682527332570373 ], [ 139.588842554640223, 35.682502333216178 ] ] ] } },
{ "type": "Feature", "properties": { "regioncode": "1311300", "regionname": "東京都渋谷区", "name": "渋谷区", "namekana": "しぶやく", "PrefCode": "13" }, "geometry": { "type": "Polygon", "coordinates": [ [ [ 139.684483139385407, 35.690495612782343 ], [ 139.687673086843574, 35.68159369419368 ], [ 139.702102943795921, 35.689169467996578 ], [ 139.71478958457169, 35.680862252191218 ], [ 139.712894254366461, 35.67461836084874 ], [ 139.717005641796959, 35.67257280159356 ], [ 139.70856389101084, 35.664067000191949 ], [ 139.714463865415155, 35.657348107629105 ], [ 139.722792775566177, 35.656075306130504 ], [ 139.723560220128093, 35.646701170622578 ], [ 139.719439637129653, 35.642000053659615 ], [ 139.707531245370774, 35.642693973248299 ], [ 139.687023502033071, 35.661809000385119 ], [ 139.674699857312589, 35.664016532037351 ], [ 139.672704331839554, 35.672295668310483 ], [ 139.661856226383861, 35.671642080617573 ], [ 139.662055135735955, 35.675622080694495 ], [ 139.684497860387978, 35.690525613266516 ], [ 139.684483139385407, 35.690495612782343 ] ] ] } },
{ "type": "Feature", "properties": { "regioncode": "1311400", "regionname": "東京都中野区", "name": "中野区", "namekana": "なかのく", "PrefCode": "13" }, "geometry": { "type": "Polygon", "coordinates": [ [ [ 139.63197855996259, 35.735381667330159 ], [ 139.643573773610797, 35.725308333213036 ], [ 139.659621673701395, 35.725830000254348 ], [ 139.671455421730343, 35.733540505090275 ], [ 139.677969053029415, 35.730678558368822 ], [ 139.673517223641056, 35.718664170714931 ], [ 139.679100856119703, 35.718278613367374 ], [ 139.682782749824128, 35.710122505249444 ], [ 139.6943311411693, 35.711039999896116 ], [ 139.688372191923236, 35.706914720637883 ], [ 139.683990116650648, 35.691990613376163 ], [ 139.664749339110813, 35.676620972979549 ], [ 139.659647108327476, 35.679929864771509 ], [ 139.659219922261627, 35.686685386721251 ], [ 139.667769467586936, 35.693781748129197 ], [ 139.661167781867675, 35.695195918556863 ], [ 139.658221777313202, 35.709220892630128 ], [ 139.632188949160764, 35.716946999804236 ], [ 139.624327638809518, 35.729564468325577 ], [ 139.627168249115471, 35.735105559274189 ], [ 139.631848560262938, 35.735375837025288 ], [ 139.63197855996259, 35.735381667330159 ] ] ] } },
{ "type": "Feature", "properties": { "regioncode": "1311500", "regionname": "東京都杉並区", "name": "杉並区", "namekana": "すぎなみく", "PrefCode": "13" }, "geometry": { "type": "Polygon", "coordinates": [ [ [ 139.62434263320597, 35.729842224838876 ], [ 139.632188949160764, 35.716946999804236 ], [ 139.658221777313202, 35.709220892630128 ], [ 139.661167781867675, 35.695195918556863 ], [ 139.667769467586936, 35.693781748129197 ], [ 139.659219922261627, 35.686685386721251 ], [ 139.659647108327476, 35.679929864771509 ], [ 139.664999339847668, 35.679015414329967 ], [ 139.661756226268835, 35.672522918897641 ], [ 139.637403553831064, 35.665878559448004 ], [ 139.61031274973368, 35.676643504594097 ], [ 139.616186588939968, 35.669901612769252 ], [ 139.608917133219165, 35.670351864646875 ], [ 139.605633333411674, 35.678789892239763 ], [ 139.593089494184824, 35.6829028921548 ], [ 139.590564527031347, 35.687000945337388 ], [ 139.594054812080003, 35.688996774781401 ], [ 139.58671652404837, 35.693962865294054 ], [ 139.595473256985315, 35.705435054384282 ], [ 139.586651361870963, 35.711912252348611 ], [ 139.585215577137205, 35.718251972750409 ], [ 139.593358637890901, 35.718069747620802 ], [ 139.609552891852559, 35.728708332623512 ], [ 139.624545422233496, 35.730145558970435 ], [ 139.62434263320597, 35.729842224838876 ] ] ] } },
{ "type": "Feature", "properties": { "regioncode": "1311600", "regionname": "東京都豊島区", "name": "豊島区", "namekana": "としまく", "PrefCode": "13" }, "geometry": { "type": "Polygon", "coordinates": [ [ [ 139.713630168697364, 35.745304613217399 ], [ 139.719512943567565, 35.745042666785707 ], [ 139.724324305722234, 35.739747694200787 ], [ 139.732635188063568, 35.745088224641904 ], [ 139.734573217180241, 35.740685441579899 ], [ 139.741900195337848, 35.742113504734505 ], [ 139.752760439842518, 35.735057387088773 ], [ 139.749194034377297, 35.732873801684661 ], [ 139.744617638992963, 35.735833225023384 ], [ 139.735968418208017, 35.729354080926157 ], [ 139.736038638172658, 35.72529630567999 ], [ 139.722749727717769, 35.725148801575983 ], [ 139.724724694688916, 35.720008837937598 ], [ 139.71747294392128, 35.71478827885602 ], [ 139.722509611429473, 35.712265774945593 ], [ 139.705876783286953, 35.71343941359811 ], [ 139.704599637163597, 35.723013558329114 ], [ 139.684408715989548, 35.722513865322696 ], [ 139.677344305695215, 35.729372721174173 ], [ 139.680760270769952, 35.73875602706903 ], [ 139.692577588185259, 35.743634332958152 ], [ 139.698865915030069, 35.742392945677977 ], [ 139.703813942659394, 35.735872135091029 ], [ 139.710428494979169, 35.745792668097181 ], [ 139.713597951384372, 35.745309332859449 ], [ 139.713630168697364, 35.745304613217399 ] ] ] } },
{ "type": "Feature", "properties": { "regioncode": "1311700", "regionname": "東京都北区", "name": "北区", "namekana": "きたく", "PrefCode": "13" }, "geometry": { "type": "Polygon", "coordinates": [ [ [ 139.710858585855135, 35.791928999723609 ], [ 139.72073635519871, 35.791427919063267 ], [ 139.724462166395938, 35.78727430576464 ], [ 139.733871633569152, 35.790047081107957 ], [ 139.738185524942082, 35.787779865048776 ], [ 139.736727081789468, 35.770219305276783 ], [ 139.746406225966666, 35.767012080942834 ], [ 139.759279339370096, 35.769305414213534 ], [ 139.758892049028873, 35.76519846763523 ], [ 139.748282282801142, 35.758912106708408 ], [ 139.75758724965192, 35.753169054108639 ], [ 139.750886977552, 35.753705720043001 ], [ 139.749778611693614, 35.750120441405272 ], [ 139.771124668868424, 35.737898775308281 ], [ 139.759937393096266, 35.731577946065386 ], [ 139.741900195337848, 35.742113504734505 ], [ 139.734573217180241, 35.740685441579899 ], [ 139.732635188063568, 35.745088224641904 ], [ 139.724523475877731, 35.739747694200787 ], [ 139.720011802902491, 35.741785171248694 ], [ 139.722702477337521, 35.753227946212803 ], [ 139.706404227573103, 35.766669027353771 ], [ 139.703027133895148, 35.78356789204463 ], [ 139.69497960992112, 35.782621774675192 ], [ 139.689397690650935, 35.787031747816968 ], [ 139.69685968942315, 35.798904000319396 ], [ 139.709754967517824, 35.791953999977181 ], [ 139.710858585855135, 35.791928999723609 ] ] ] } },
{ "type": "Feature", "properties": { "regioncode": "1311800", "regionname": "東京都荒川区", "name": "荒川区", "namekana": "あらかわく", "PrefCode": "13" }, "geometry": { "type": "Polygon", "coordinates": [ [ [ 139.770355057839765, 35.753646837831354 ], [ 139.788795913600552, 35.752505135004014 ], [ 139.791232023239331, 35.749653468432882 ], [ 139.788681167302116, 35.744907360186573 ], [ 139.792423087155839, 35.740775134564842 ], [ 139.812212309050892, 35.740954864075775 ], [ 139.814407276274892, 35.736682080713479 ], [ 139.809718612224287, 35.728134585842497 ], [ 139.791205810699694, 35.731218225340854 ], [ 139.781455447411076, 35.72461766737149 ], [ 139.766052917907928, 35.727531558934345 ], [ 139.761321284249902, 35.733809891613248 ], [ 139.771124668868424, 35.737898775308281 ], [ 139.749637497272715, 35.751187945667198 ], [ 139.757963943281425, 35.754855171429085 ], [ 139.770005331281027, 35.753665171410603 ], [ 139.770355057839765, 35.753646837831354 ] ] ] } },
{ "type": "Feature", "properties": { "regioncode": "1311900", "regionname": "東京都板橋区", "name": "板橋区", "namekana": "いたばしく", "PrefCode": "13" }, "geometry": { "type": "Polygon", "coordinates": [ [ [ 139.69685968942315, 35.798904000319396 ], [ 139.689469078835032, 35.786796747771746 ], [ 139.695654331682135, 35.782458440704545 ], [ 139.702751025839234, 35.783915107696089 ], [ 139.706404227573103, 35.766669027353771 ], [ 139.722702477337521, 35.753227946212803 ], [ 139.721409637145143, 35.746310999553032 ], [ 139.710428494979169, 35.745792668097181 ], [ 139.703813942659394, 35.735872135091029 ], [ 139.698865915030069, 35.742392945677977 ], [ 139.692577588185259, 35.743634332958152 ], [ 139.680478029337678, 35.738714919058339 ], [ 139.68084060990634, 35.743817387262652 ], [ 139.672136108694531, 35.744525999974996 ], [ 139.675024864206193, 35.751887360113642 ], [ 139.668218392065228, 35.767566747707292 ], [ 139.642964228416417, 35.770925972755492 ], [ 139.63483024631887, 35.768797388089013 ], [ 139.625164189076145, 35.778009305684975 ], [ 139.64085666630217, 35.797942865171137 ], [ 139.696166356192407, 35.799287332744257 ], [ 139.69685968942315, 35.798904000319396 ] ] ] } },
{ "type": "Feature", "properties": { "regioncode": "1312000", "regionname": "東京都練馬区", "name": "練馬区", "namekana": "ねりまく", "PrefCode": "13" }, "geometry": { "type": "Polygon", "coordinates": [ [ [ 139.629388612294633, 35.77252989204095 ], [ 139.63483024631887, 35.768797388089013 ], [ 139.642964228416417, 35.770925972755492 ], [ 139.668218392065228, 35.767566747707292 ], [ 139.675024864206193, 35.751887360113642 ], [ 139.672136108694531, 35.744525999974996 ], [ 139.68084060990634, 35.743817387262652 ], [ 139.678102114021385, 35.730794108661257 ], [ 139.671455421730343, 35.733540505090275 ], [ 139.659621673701395, 35.725830000254348 ], [ 139.643573773610797, 35.725308333213036 ], [ 139.633543281397351, 35.735283613348145 ], [ 139.627693800328643, 35.735233054362027 ], [ 139.624545422233496, 35.730145558970435 ], [ 139.601948144591233, 35.726008081307953 ], [ 139.593358637890901, 35.718069747620802 ], [ 139.586812244289717, 35.719758640249097 ], [ 139.586651361870963, 35.711912252348611 ], [ 139.565639753571872, 35.7216569463111 ], [ 139.569276304358027, 35.749989946179141 ], [ 139.563584720858216, 35.762837694204279 ], [ 139.571075577076272, 35.763342694110122 ], [ 139.570040024827335, 35.765586587151347 ], [ 139.582242581230162, 35.771207135900681 ], [ 139.588760998721227, 35.778528504986582 ], [ 139.604383800072355, 35.775017387142782 ], [ 139.5982070557111, 35.769140197961804 ], [ 139.615424357747997, 35.770873505408019 ], [ 139.617729053053381, 35.766647972426028 ], [ 139.622992114094814, 35.766871864944676 ], [ 139.624713917413374, 35.779825694300428 ], [ 139.62939642020865, 35.776880973078505 ], [ 139.629386667061112, 35.77269183745841 ], [ 139.629388612294633, 35.77252989204095 ] ] ] } },
{ "type": "Feature", "properties": { "regioncode": "1312100", "regionname": "東京都足立区", "name": "足立区", "namekana": "あだちく", "PrefCode": "13" }, "geometry": { "type": "Polygon", "coordinates": [ [ [ 139.776088249373288, 35.81213150506494 ], [ 139.781137108091116, 35.807229838386377 ], [ 139.794001310112435, 35.805198413775827 ], [ 139.814696082758132, 35.808709224950803 ], [ 139.823391997242993, 35.814152000214676 ], [ 139.820486303899884, 35.797539252134811 ], [ 139.826418223122573, 35.793381467780591 ], [ 139.837219415443769, 35.800638386952073 ], [ 139.843870271595847, 35.799493639919604 ], [ 139.846747755904289, 35.796506414039811 ], [ 139.84526574601739, 35.787706721388133 ], [ 139.858301751824456, 35.766192838129029 ], [ 139.845458690166538, 35.769414531655343 ], [ 139.837477781674352, 35.763187586238189 ], [ 139.831730000439279, 35.763708414211976 ], [ 139.82986661505231, 35.757661226184666 ], [ 139.824369973995204, 35.761786224854461 ], [ 139.822597419235535, 35.755575945673399 ], [ 139.819737173132125, 35.76044900042109 ], [ 139.813540194924144, 35.759666224216915 ], [ 139.820362891734135, 35.743428720958775 ], [ 139.81449703041369, 35.738804864752751 ], [ 139.792423087155839, 35.740775134564842 ], [ 139.788473112743986, 35.745789306431391 ], [ 139.790870077592103, 35.750769865237146 ], [ 139.784662581812768, 35.753863468324482 ], [ 139.749280051833011, 35.75689210798447 ], [ 139.748887834106313, 35.759810720088694 ], [ 139.759844863649619, 35.766284306375667 ], [ 139.759279339370096, 35.769305414213534 ], [ 139.746406225966666, 35.767012080942834 ], [ 139.735704863788442, 35.772207639770784 ], [ 139.738049078901895, 35.780220693630156 ], [ 139.746768301116276, 35.786849865329089 ], [ 139.755000830024301, 35.786895693881206 ], [ 139.759969780381084, 35.794337638671152 ], [ 139.760601192591025, 35.797882640271666 ], [ 139.750773190830159, 35.810170694322153 ], [ 139.76716494220841, 35.817653442252606 ], [ 139.775004642750105, 35.813284468303607 ], [ 139.776088249373288, 35.81213150506494 ] ] ] } },
{ "type": "Feature", "properties": { "regioncode": "1312200", "regionname": "東京都葛飾区", "name": "葛飾区", "namekana": "かつしかく", "PrefCode": "13" }, "geometry": { "type": "Polygon", "coordinates": [ [ [ 139.876264501005949, 35.794793612934939 ], [ 139.871193865204759, 35.786634467806493 ], [ 139.874542437783361, 35.781775865164093 ], [ 139.887747782334372, 35.784022504734878 ], [ 139.894331362002845, 35.781643612662663 ], [ 139.879389857356045, 35.768013081238735 ], [ 139.889982282856181, 35.750765026884551 ], [ 139.880753086585742, 35.749730864987498 ], [ 139.885016329040468, 35.745600586397984 ], [ 139.876542438282968, 35.737035891992889 ], [ 139.872934111819859, 35.737373108082522 ], [ 139.866269001413343, 35.71852977512907 ], [ 139.867398975282526, 35.712119225022263 ], [ 139.856268105888489, 35.71445786523833 ], [ 139.851355577198206, 35.710853135164086 ], [ 139.823822607927127, 35.737707892405354 ], [ 139.81327464311039, 35.759300108413299 ], [ 139.819737173132125, 35.76044900042109 ], [ 139.822597419235535, 35.755575945673399 ], [ 139.826973307172466, 35.76208538703105 ], [ 139.825625497718647, 35.758246774768907 ], [ 139.82986661505231, 35.757661226184666 ], [ 139.831730000439279, 35.763708414211976 ], [ 139.837477781674352, 35.763187586238189 ], [ 139.845797587988386, 35.769515081256031 ], [ 139.851299249061185, 35.769882278944067 ], [ 139.85657060994572, 35.764426720716642 ], [ 139.858534838112405, 35.769255053977588 ], [ 139.848054889921286, 35.781872278782714 ], [ 139.844650246411788, 35.794740052911152 ], [ 139.846747755904289, 35.796506414039811 ], [ 139.85591747101455, 35.790822802130663 ], [ 139.859895006049783, 35.795333359946653 ], [ 139.875690336939556, 35.795531108274076 ], [ 139.876264501005949, 35.794793612934939 ] ] ] } },
{ "type": "Feature", "properties": { "regioncode": "1312300", "regionname": "東京都江戸川区", "name": "江戸川区", "namekana": "えどがわく", "PrefCode": "13" }, "geometry": { "type": "MultiPolygon", "coordinates": [ [ [ [ 139.863798520585306, 35.637220918710454 ], [ 139.866225745821566, 35.632789000312187 ], [ 139.863689610886922, 35.637087170636448 ], [ 139.858155499576696, 35.634590837896894 ], [ 139.863682282311515, 35.637247721205426 ], [ 139.863798520585306, 35.637220918710454 ] ] ], [ [ [ 139.855604747061534, 35.638563612820519 ], [ 139.857693695907415, 35.635103559381832 ], [ 139.852462219056179, 35.638539919281925 ], [ 139.849566743810215, 35.635742837961629 ], [ 139.850704720746307, 35.640224225367774 ], [ 139.855571414589122, 35.63857930599022 ], [ 139.855604747061534, 35.638563612820519 ] ] ], [ [ [ 139.890184188749345, 35.750551134827049 ], [ 139.900682775389782, 35.741351135046898 ], [ 139.897982113983403, 35.724289198088059 ], [ 139.916210921297079, 35.708001386754631 ], [ 139.918908364929166, 35.698274171116168 ], [ 139.907153917319533, 35.684383613313173 ], [ 139.886431920396831, 35.678566134619473 ], [ 139.887389221735248, 35.656165586372765 ], [ 139.883146056645273, 35.64475669336673 ], [ 139.871460610418922, 35.63864172073886 ], [ 139.857988106066273, 35.639169054408399 ], [ 139.849509689021033, 35.642629892055936 ], [ 139.85038140098095, 35.656526081413574 ], [ 139.845542970131987, 35.656716774559527 ], [ 139.847706303703035, 35.694967026706991 ], [ 139.835045745964521, 35.703306774588043 ], [ 139.839605005666499, 35.710350108370847 ], [ 139.833159442254555, 35.715757891913256 ], [ 139.842154773424113, 35.71931091906373 ], [ 139.851355577198206, 35.710853135164086 ], [ 139.856268105888489, 35.71445786523833 ], [ 139.867398975282526, 35.712119225022263 ], [ 139.866269001413343, 35.71852977512907 ], [ 139.872934111819859, 35.737373108082522 ], [ 139.876542438282968, 35.737035891992889 ], [ 139.885016329040468, 35.745600586397984 ], [ 139.880753086585742, 35.749730864987498 ], [ 139.889982282856181, 35.750765026884551 ], [ 139.890184188749345, 35.750551134827049 ] ] ] ] } },
{ "type": "Feature", "properties": { "regioncode": "1320100", "regionname": "東京都八王子市", "name": "八王子市", "namekana": "はちおうじし", "PrefCode": "13" }, "geometry": { "type": "Polygon", "coordinates": [ [ [ 139.323272865950116, 35.715771666829028 ], [ 139.329057691159619, 35.710032973243187 ], [ 139.332258248819244, 35.714007505442055 ], [ 139.336064162631033, 35.695962532145188 ], [ 139.340256393717709, 35.693714198251712 ], [ 139.363326667991373, 35.69374446763311 ], [ 139.376266394178856, 35.691631414258438 ], [ 139.38034413707237, 35.687417837763064 ], [ 139.375200532078907, 35.68578225244903 ], [ 139.37650213976201, 35.676453639723718 ], [ 139.370469857098328, 35.668562252446065 ], [ 139.372424863616629, 35.665752532053773 ], [ 139.357349273650129, 35.659998053567392 ], [ 139.358148690010125, 35.654111945809689 ], [ 139.365656135122549, 35.646218053920109 ], [ 139.376549468383359, 35.645403054107703 ], [ 139.378084163253561, 35.639322504829806 ], [ 139.392659754444139, 35.639464505082913 ], [ 139.4150037218443, 35.647033999819314 ], [ 139.429974527302647, 35.632147414071937 ], [ 139.404407717042545, 35.620592306589742 ], [ 139.398527275913125, 35.611954946063975 ], [ 139.387554864365597, 35.604907225388217 ], [ 139.386884188654449, 35.597941360105722 ], [ 139.365832724200914, 35.608720413816116 ], [ 139.361221855104645, 35.605092224926295 ], [ 139.342711854968229, 35.6100355589939 ], [ 139.338279144267176, 35.623504440877298 ], [ 139.337375226685481, 35.614208053558855 ], [ 139.33012830078053, 35.616412505033111 ], [ 139.315467496128122, 35.612868359587196 ], [ 139.307617250136104, 35.616240026755861 ], [ 139.293540583930849, 35.615466721312202 ], [ 139.293434228307092, 35.620750332761702 ], [ 139.287033969142385, 35.622026720756594 ], [ 139.269163967942859, 35.612619531566168 ], [ 139.264775057822703, 35.602458694313327 ], [ 139.252223670585977, 35.601667333180956 ], [ 139.238637562073905, 35.606976747978592 ], [ 139.225905642231623, 35.623477278653525 ], [ 139.219640609626481, 35.625895026834087 ], [ 139.221433969302325, 35.629466413644138 ], [ 139.211461218960153, 35.649116666900682 ], [ 139.198257860112221, 35.652999972770601 ], [ 139.184232529008113, 35.645074693642243 ], [ 139.166892776180703, 35.651170224726116 ], [ 139.168360310579942, 35.658555747849562 ], [ 139.16160367077282, 35.667906586419861 ], [ 139.169977638757132, 35.680051304723975 ], [ 139.171414890285064, 35.688742693820302 ], [ 139.199390219882844, 35.688245505425812 ], [ 139.206458392041213, 35.712425224744379 ], [ 139.217245357087677, 35.71886772056888 ], [ 139.246525913240362, 35.71088972138358 ], [ 139.256187055688088, 35.712660838127249 ], [ 139.265949001345348, 35.709775838184441 ], [ 139.273911219227443, 35.715007774589196 ], [ 139.295925084175337, 35.711449721127792 ], [ 139.304047614306, 35.713875000231155 ], [ 139.3045414788063, 35.711469170765668 ], [ 139.308496498414684, 35.715886107358017 ], [ 139.31611230913586, 35.714327226120645 ], [ 139.319315938879527, 35.71909722485708 ], [ 139.322937173311971, 35.716280225352193 ], [ 139.323272865950116, 35.715771666829028 ] ] ] } },
{ "type": "Feature", "properties": { "regioncode": "1320200", "regionname": "東京都立川市", "name": "立川市", "namekana": "たちかわし", "PrefCode": "13" }, "geometry": { "type": "Polygon", "coordinates": [ [ [ 139.387310777570406, 35.739085586330816 ], [ 139.395309662610885, 35.733503360391808 ], [ 139.42668224419026, 35.73148335986923 ], [ 139.422848053894654, 35.730307532266863 ], [ 139.446121970652484, 35.722875332530634 ], [ 139.443981335969966, 35.711703972960038 ], [ 139.433098300845927, 35.719297838424552 ], [ 139.428264667880171, 35.717359505336958 ], [ 139.432450778180964, 35.716374504879525 ], [ 139.429343281467368, 35.715280054231187 ], [ 139.433810466779732, 35.707203694395048 ], [ 139.437312698422375, 35.706982026799153 ], [ 139.434222698019198, 35.706574532288869 ], [ 139.435628494859202, 35.703728694223912 ], [ 139.425593747953144, 35.701883135198557 ], [ 139.43164680855341, 35.696937306411598 ], [ 139.431215913683559, 35.690280666719445 ], [ 139.42539005150968, 35.686775666963513 ], [ 139.421575330637097, 35.688643721630513 ], [ 139.417568366187197, 35.682760667071193 ], [ 139.385088612149843, 35.691282559142849 ], [ 139.398531219440315, 35.711561441207607 ], [ 139.379314863889931, 35.721722532069236 ], [ 139.380091556180446, 35.725589748168375 ], [ 139.362412606956354, 35.724172802432918 ], [ 139.353349584715602, 35.7279589185693 ], [ 139.352925719846212, 35.736093333240774 ], [ 139.359375188114541, 35.739421108097702 ], [ 139.391205499434363, 35.733419747723246 ], [ 139.384824669223121, 35.737875586289306 ], [ 139.38329635504283, 35.745016107107688 ], [ 139.387268833190205, 35.739135306249409 ], [ 139.387310777570406, 35.739085586330816 ] ] ] } },
{ "type": "Feature", "properties": { "regioncode": "1320300", "regionname": "東京都武蔵野市", "name": "武蔵野市", "namekana": "むさしのし", "PrefCode": "13" }, "geometry": { "type": "Polygon", "coordinates": [ [ [ 139.532279922080761, 35.70548166714525 ], [ 139.532542723767733, 35.709109170751674 ], [ 139.525246614839489, 35.712943891647342 ], [ 139.526913306803749, 35.718513613412597 ], [ 139.530000531899077, 35.717501107190401 ], [ 139.529422723779703, 35.712792505170057 ], [ 139.537361088943157, 35.711320000217881 ], [ 139.559938079678659, 35.721996945802459 ], [ 139.575125576783989, 35.718991945721768 ], [ 139.595473256985315, 35.705435054384282 ], [ 139.58671652404837, 35.693962865294054 ], [ 139.576654916191501, 35.701433665731145 ], [ 139.572301284676655, 35.697359198168499 ], [ 139.55016771726639, 35.706780837665576 ], [ 139.550660195012028, 35.695009441432603 ], [ 139.53651880729717, 35.695331387033946 ], [ 139.532276589193316, 35.705214440793839 ], [ 139.532279922080761, 35.70548166714525 ] ] ] } },
{ "type": "Feature", "properties": { "regioncode": "1320400", "regionname": "東京都三鷹市", "name": "三鷹市", "namekana": "みたかし", "PrefCode": "13" }, "geometry": { "type": "Polygon", "coordinates": [ [ [ 139.572078494726838, 35.697647252818513 ], [ 139.576654916191501, 35.701433665731145 ], [ 139.594054812080003, 35.688996774781401 ], [ 139.590564527031347, 35.687000945337388 ], [ 139.594178637933851, 35.682140667258068 ], [ 139.58550089515029, 35.682623999797784 ], [ 139.591803112923344, 35.68167789232092 ], [ 139.585320052278689, 35.682045107995407 ], [ 139.587403606091584, 35.674023721017988 ], [ 139.582488638439941, 35.673393999533516 ], [ 139.588889415614062, 35.669409585583935 ], [ 139.575071970894783, 35.673137306041895 ], [ 139.582141361634626, 35.665025973370007 ], [ 139.576765772922158, 35.66031289182655 ], [ 139.566143891027764, 35.664254251632485 ], [ 139.560870661352055, 35.682842532357029 ], [ 139.542938755319369, 35.680460559207518 ], [ 139.541395914390023, 35.669899440007214 ], [ 139.54443116676498, 35.666605306090048 ], [ 139.541598663847367, 35.664273360427273 ], [ 139.535589533330381, 35.66929222495628 ], [ 139.531370336971577, 35.66769863978044 ], [ 139.52945233485741, 35.675607505382118 ], [ 139.526756743828741, 35.674679999482464 ], [ 139.525389274295662, 35.680900000334816 ], [ 139.528843190760654, 35.68285944230945 ], [ 139.52456736679062, 35.689365000394503 ], [ 139.532161829404913, 35.688779171221825 ], [ 139.533934643169346, 35.698972775273432 ], [ 139.53651880729717, 35.695331387033946 ], [ 139.550660195012028, 35.695009441432603 ], [ 139.55016771726639, 35.706780837665576 ], [ 139.572006278267168, 35.697771693808647 ], [ 139.572078494726838, 35.697647252818513 ] ] ] } },
{ "type": "Feature", "properties": { "regioncode": "1320500", "regionname": "東京都青梅市", "name": "青梅市", "namekana": "おうめし", "PrefCode": "13" }, "geometry": { "type": "Polygon", "coordinates": [ [ [ 139.167260116860916, 35.849947053713606 ], [ 139.192819001395833, 35.840222359774145 ], [ 139.212649362777938, 35.846611278487785 ], [ 139.231272387011131, 35.836640441003624 ], [ 139.239037691136559, 35.840524891710459 ], [ 139.242779882585523, 35.836600440957625 ], [ 139.260426304230577, 35.835991558563649 ], [ 139.280264942073472, 35.840686559237383 ], [ 139.284940505699865, 35.836007667220144 ], [ 139.290910505815305, 35.837957107834313 ], [ 139.295604384135117, 35.833845441613903 ], [ 139.301168558881955, 35.834959892285269 ], [ 139.304766550336126, 35.822397667318569 ], [ 139.316159080177499, 35.823667668328255 ], [ 139.31502486420618, 35.814269054173565 ], [ 139.330070804424167, 35.790612413831866 ], [ 139.326263839304829, 35.787031333229493 ], [ 139.321217755894736, 35.789594641179804 ], [ 139.322759390833312, 35.78630550479528 ], [ 139.318008275161787, 35.789524360061193 ], [ 139.324119883425965, 35.781084108444873 ], [ 139.320685693590008, 35.776808000289009 ], [ 139.309186809024027, 35.77570550430562 ], [ 139.298414332055813, 35.781278837748232 ], [ 139.292132632315202, 35.775341892214612 ], [ 139.296692865983005, 35.766050252417244 ], [ 139.296541971434863, 35.754545252461469 ], [ 139.287519780213756, 35.760981640090677 ], [ 139.257389221735252, 35.760335801855831 ], [ 139.249452308077593, 35.766601053895556 ], [ 139.238307561245051, 35.767009385674669 ], [ 139.220852309386601, 35.774034081907416 ], [ 139.21053033700548, 35.773177694395144 ], [ 139.192215110239204, 35.78919041390651 ], [ 139.158631673113291, 35.777914532429804 ], [ 139.157737717321879, 35.773171197692648 ], [ 139.148795226718448, 35.778937864690761 ], [ 139.14824160766409, 35.775290918641019 ], [ 139.142857133649841, 35.776405891818513 ], [ 139.138490998860561, 35.771898108411051 ], [ 139.137354642502828, 35.778311441020264 ], [ 139.147812192179003, 35.781991197935497 ], [ 139.146778638223623, 35.792631441288052 ], [ 139.149820051854022, 35.796378414432354 ], [ 139.175689883281507, 35.807077612841624 ], [ 139.175242217854134, 35.827133748124027 ], [ 139.178430855899364, 35.83058902706199 ], [ 139.162576201230763, 35.849550666729954 ], [ 139.166962048259961, 35.849962054405353 ], [ 139.167260116860916, 35.849947053713606 ] ] ] } },
{ "type": "Feature", "properties": { "regioncode": "1320600", "regionname": "東京都府中市", "name": "府中市", "namekana": "ふちゅうし", "PrefCode": "13" }, "geometry": { "type": "Polygon", "coordinates": [ [ [ 139.462972438327483, 35.699872892320172 ], [ 139.467791309821109, 35.692497613374201 ], [ 139.463717977202919, 35.689715387055514 ], [ 139.466542413201864, 35.688443440812193 ], [ 139.489587522646161, 35.695451199213551 ], [ 139.490178054373814, 35.690052305469578 ], [ 139.497814162793475, 35.685663693924369 ], [ 139.502948080289684, 35.687272558581753 ], [ 139.500529170185132, 35.684267865169886 ], [ 139.514571192706399, 35.686091414187445 ], [ 139.518077613391256, 35.691382532278112 ], [ 139.52149817130362, 35.688356694006302 ], [ 139.520499248441638, 35.68163391907018 ], [ 139.526457301962978, 35.672384747957778 ], [ 139.517460778292389, 35.658385080806909 ], [ 139.520835136232563, 35.646194837921485 ], [ 139.512094332087827, 35.651201774742162 ], [ 139.502150388829477, 35.649102359586266 ], [ 139.486127860412466, 35.652677108062164 ], [ 139.472550272077456, 35.649281026997869 ], [ 139.442015253401337, 35.657961027079807 ], [ 139.429827782226425, 35.670818467997947 ], [ 139.453510337432135, 35.671554892244558 ], [ 139.449596719013471, 35.674340170862251 ], [ 139.451572049310698, 35.68170513458432 ], [ 139.462842996207428, 35.699901774947023 ], [ 139.462972438327483, 35.699872892320172 ] ] ] } },
{ "type": "Feature", "properties": { "regioncode": "1320700", "regionname": "東京都昭島市", "name": "昭島市", "namekana": "あきしまし", "PrefCode": "13" }, "geometry": { "type": "Polygon", "coordinates": [ [ [ 139.365390700220701, 35.725592252780302 ], [ 139.380091556180446, 35.725589748168375 ], [ 139.379314863889931, 35.721722532069236 ], [ 139.398531219440315, 35.711561441207607 ], [ 139.388588884169735, 35.693069774650439 ], [ 139.34644688691435, 35.691984667058762 ], [ 139.336210830365644, 35.695785864825837 ], [ 139.331440803750183, 35.711876134675947 ], [ 139.341619274010327, 35.721309252220237 ], [ 139.365340414628463, 35.72566502681957 ], [ 139.365390700220701, 35.725592252780302 ] ] ] } },
{ "type": "Feature", "properties": { "regioncode": "1320800", "regionname": "東京都調布市", "name": "調布市", "namekana": "ちょうふし", "PrefCode": "13" }, "geometry": { "type": "Polygon", "coordinates": [ [ [ 139.523780972613849, 35.688016386946742 ], [ 139.528843190760654, 35.68285944230945 ], [ 139.525389274295662, 35.680900000334816 ], [ 139.526756743828741, 35.674679999482464 ], [ 139.52945233485741, 35.675607505382118 ], [ 139.531370336971577, 35.66769863978044 ], [ 139.535589533330381, 35.66929222495628 ], [ 139.5383772760905, 35.664745026961498 ], [ 139.544392827766842, 35.666506135150087 ], [ 139.541429532846678, 35.670530837827982 ], [ 139.545438754594898, 35.682062775176973 ], [ 139.560870661352055, 35.682842532357029 ], [ 139.565571115514672, 35.665069252344153 ], [ 139.573013581011992, 35.664144278935396 ], [ 139.575501607613205, 35.660040667043177 ], [ 139.582141361634626, 35.665025973370007 ], [ 139.575071970894783, 35.673137306041895 ], [ 139.588838029251747, 35.669460972845684 ], [ 139.590123839443663, 35.665792360329192 ], [ 139.586560506062597, 35.663958198412161 ], [ 139.592861829010303, 35.654182387007609 ], [ 139.592062335308583, 35.64590991920744 ], [ 139.569924059947425, 35.649257918917897 ], [ 139.565753217437077, 35.647169559127917 ], [ 139.561970635636385, 35.632590694405053 ], [ 139.523922632923245, 35.643431775256261 ], [ 139.52071325561235, 35.653737306231733 ], [ 139.517036031187899, 35.655308694340818 ], [ 139.526457301962978, 35.672384747957778 ], [ 139.520499248441638, 35.68163391907018 ], [ 139.523680414919227, 35.688104999845905 ], [ 139.523780972613849, 35.688016386946742 ] ] ] } },
{ "type": "Feature", "properties": { "regioncode": "1320900", "regionname": "東京都町田市", "name": "町田市", "namekana": "まちだし", "PrefCode": "13" }, "geometry": { "type": "Polygon", "coordinates": [ [ [ 139.338483021474303, 35.622969170690737 ], [ 139.342711854968229, 35.6100355589939 ], [ 139.361221855104645, 35.605092224926295 ], [ 139.365832724200914, 35.608720413816116 ], [ 139.386884188654449, 35.597941360105722 ], [ 139.387639856594205, 35.605011946044499 ], [ 139.398582672352518, 35.610437278957306 ], [ 139.415759389784057, 35.612163441289852 ], [ 139.423110778239902, 35.606634585617712 ], [ 139.428575524840653, 35.608138225099083 ], [ 139.434284111822421, 35.604698224743345 ], [ 139.43873472083078, 35.610055468185351 ], [ 139.445934720111268, 35.608705225166034 ], [ 139.449280583931909, 35.61177605382187 ], [ 139.453516939355382, 35.604476054426414 ], [ 139.466048948899925, 35.609500504644643 ], [ 139.471059753704708, 35.601158000341513 ], [ 139.493678079979418, 35.589075775027027 ], [ 139.493936083783296, 35.582730225219791 ], [ 139.507013307318289, 35.575821892266561 ], [ 139.506574942679549, 35.571715774863151 ], [ 139.489247639167274, 35.56180717136391 ], [ 139.482867951095159, 35.571383837793917 ], [ 139.489869416040733, 35.583578559303135 ], [ 139.485166913222542, 35.584686333407603 ], [ 139.476385226796879, 35.581940775146734 ], [ 139.46826566802622, 35.563139359593833 ], [ 139.474739559183377, 35.559605198421195 ], [ 139.476485940074099, 35.562552134673354 ], [ 139.481990362964893, 35.555629387386375 ], [ 139.480332529322823, 35.543146333336665 ], [ 139.486816355290671, 35.535525505297869 ], [ 139.487594642978479, 35.52477525237606 ], [ 139.476972893284483, 35.511396080564737 ], [ 139.484938391893365, 35.503968891850946 ], [ 139.467745031607933, 35.502311919759336 ], [ 139.463442917756538, 35.517624386656166 ], [ 139.454773748209959, 35.521690801689203 ], [ 139.458316978146058, 35.52798946803955 ], [ 139.445098715733252, 35.542072414210622 ], [ 139.433392477181087, 35.546355171054358 ], [ 139.422441193406371, 35.559435413613471 ], [ 139.416232801902311, 35.561885945679876 ], [ 139.409103748339362, 35.575221135247261 ], [ 139.401512100602986, 35.577027703265969 ], [ 139.399796743624847, 35.584425892441061 ], [ 139.339954629802378, 35.605537179797068 ], [ 139.304186225913668, 35.604620613250745 ], [ 139.285248418279934, 35.61338867584675 ], [ 139.268799494301334, 35.609354532086058 ], [ 139.277654526735091, 35.61938589214526 ], [ 139.287033969142385, 35.622026720756594 ], [ 139.293434228307092, 35.620750332761702 ], [ 139.293540583930849, 35.615466721312202 ], [ 139.307617250136104, 35.616240026755861 ], [ 139.315467496128122, 35.612868359587196 ], [ 139.33012830078053, 35.616412505033111 ], [ 139.337375226685481, 35.614208053558855 ], [ 139.338440532104983, 35.62320361315625 ], [ 139.338483021474303, 35.622969170690737 ] ] ] } },
{ "type": "Feature", "properties": { "regioncode": "1321000", "regionname": "東京都小金井市", "name": "小金井市", "namekana": "こがねいし", "PrefCode": "13" }, "geometry": { "type": "Polygon", "coordinates": [ [ [ 139.525426056567312, 35.712920838425987 ], [ 139.532542723767733, 35.709109170751674 ], [ 139.534190169340945, 35.69521166658518 ], [ 139.531369611218679, 35.694613612028604 ], [ 139.532161829404913, 35.688779171221825 ], [ 139.524875136378455, 35.690104440967218 ], [ 139.526917367242731, 35.684216108286819 ], [ 139.518077613391256, 35.691382532278112 ], [ 139.514571192706399, 35.686091414187445 ], [ 139.505947003651386, 35.687238387041987 ], [ 139.50185752370578, 35.684015640409541 ], [ 139.502948080289684, 35.687272558581753 ], [ 139.497814162793475, 35.685663693924369 ], [ 139.487811945265094, 35.691977585797019 ], [ 139.491441166576692, 35.70024897261203 ], [ 139.484457806782416, 35.702255360096842 ], [ 139.486028391796935, 35.708601468383108 ], [ 139.495397301344497, 35.709637559325927 ], [ 139.495900389291592, 35.713163667069637 ], [ 139.507820999239811, 35.712218081199524 ], [ 139.508590998775617, 35.716364468445533 ], [ 139.523147197884896, 35.719065558828504 ], [ 139.526451361940872, 35.717283053969823 ], [ 139.525246614839489, 35.712943891647342 ], [ 139.525426056567312, 35.712920838425987 ] ] ] } },
{ "type": "Feature", "properties": { "regioncode": "1321100", "regionname": "東京都小平市", "name": "小平市", "namekana": "こだいらし", "PrefCode": "13" }, "geometry": { "type": "Polygon", "coordinates": [ [ [ 139.503369883013761, 35.741666666683386 ], [ 139.504440803800094, 35.732200838098265 ], [ 139.506731413923717, 35.74202361299939 ], [ 139.508173332932984, 35.73839194643125 ], [ 139.51263613494973, 35.737975838214425 ], [ 139.512847523294681, 35.741434171250035 ], [ 139.513008366143254, 35.738778054163902 ], [ 139.514337276344236, 35.741418865688161 ], [ 139.521107834059308, 35.738951920095076 ], [ 139.516706108600147, 35.730585278887588 ], [ 139.524671088300124, 35.719405278630745 ], [ 139.508590998775617, 35.716364468445533 ], [ 139.507820999239811, 35.712218081199524 ], [ 139.495900389291592, 35.713163667069637 ], [ 139.491498689912646, 35.708039251810078 ], [ 139.485718664384876, 35.708375359934962 ], [ 139.480238391888292, 35.714363973318768 ], [ 139.476585862847401, 35.708929532072318 ], [ 139.471938080178347, 35.711028413930194 ], [ 139.472021166743502, 35.715383693902425 ], [ 139.422848053894654, 35.730307532266863 ], [ 139.447095913945304, 35.735217801860131 ], [ 139.46639102582526, 35.744081694414717 ], [ 139.483204086199635, 35.734537532181434 ], [ 139.486222698418828, 35.73450613505014 ], [ 139.487224422668987, 35.744942504792789 ], [ 139.490981633695469, 35.741465278799637 ], [ 139.498105032321405, 35.745858332995738 ], [ 139.503590310444565, 35.742313333193806 ], [ 139.503369883013761, 35.741666666683386 ] ] ] } },
{ "type": "Feature", "properties": { "regioncode": "1321200", "regionname": "東京都日野市", "name": "日野市", "namekana": "ひのし", "PrefCode": "13" }, "geometry": { "type": "Polygon", "coordinates": [ [ [ 139.401207781713765, 35.687117865297296 ], [ 139.421495306263409, 35.680077612591788 ], [ 139.441604694900775, 35.659011586315728 ], [ 139.437888520838669, 35.650114360389466 ], [ 139.43405016937993, 35.650855747994399 ], [ 139.427149001325461, 35.64372238667886 ], [ 139.416809831208752, 35.649051252013749 ], [ 139.392659754444139, 35.639464505082913 ], [ 139.378084163253561, 35.639322504829806 ], [ 139.376549468383359, 35.645403054107703 ], [ 139.365656135122549, 35.646218053920109 ], [ 139.358148690010125, 35.654111945809689 ], [ 139.357349273650129, 35.659998053567392 ], [ 139.372424863616629, 35.665752532053773 ], [ 139.370469857098328, 35.668562252446065 ], [ 139.37650213976201, 35.676453639723718 ], [ 139.375200532078907, 35.68578225244903 ], [ 139.38034413707237, 35.687417837763064 ], [ 139.376266394178856, 35.691631414258438 ], [ 139.400506109069738, 35.687343945866473 ], [ 139.401207781713765, 35.687117865297296 ] ] ] } },
{ "type": "Feature", "properties": { "regioncode": "1321300", "regionname": "東京都東村山市", "name": "東村山市", "namekana": "ひがしむらやまし", "PrefCode": "13" }, "geometry": { "type": "Polygon", "coordinates": [ [ [ 139.494799389780042, 35.781652134638364 ], [ 139.501209299569609, 35.765629386786827 ], [ 139.497201219061026, 35.762433586540851 ], [ 139.504790414346189, 35.761102197808214 ], [ 139.494763139007773, 35.758286360227373 ], [ 139.493395057935686, 35.751877467571148 ], [ 139.486357781986158, 35.748831667047853 ], [ 139.486222698418828, 35.73450613505014 ], [ 139.478827134364792, 35.735222251705579 ], [ 139.477263255594835, 35.739900585243845 ], [ 139.46639102582526, 35.744081694414717 ], [ 139.450465109777042, 35.737244198361111 ], [ 139.451176004968715, 35.746489468214463 ], [ 139.440501050483135, 35.760274999591616 ], [ 139.44077194606848, 35.767002198292857 ], [ 139.471155109720598, 35.773403837916817 ], [ 139.482519637371411, 35.781089945044982 ], [ 139.48957936399654, 35.779147171105137 ], [ 139.494184112307039, 35.781705467133634 ], [ 139.494799389780042, 35.781652134638364 ] ] ] } },
{ "type": "Feature", "properties": { "regioncode": "1321400", "regionname": "東京都国分寺市", "name": "国分寺市", "namekana": "こくぶんじし", "PrefCode": "13" }, "geometry": { "type": "Polygon", "coordinates": [ [ [ 139.430318223007703, 35.703542864611563 ], [ 139.437312698422375, 35.706982026799153 ], [ 139.433810466779732, 35.707203694395048 ], [ 139.429343281467368, 35.715280054231187 ], [ 139.432450778180964, 35.716374504879525 ], [ 139.428264667880171, 35.717359505336958 ], [ 139.433098300845927, 35.719297838424552 ], [ 139.443981335969966, 35.711703972960038 ], [ 139.446121970652484, 35.722875332530634 ], [ 139.472021166743502, 35.715383693902425 ], [ 139.471938080178347, 35.711028413930194 ], [ 139.476585862847401, 35.708929532072318 ], [ 139.480238391888292, 35.714363973318768 ], [ 139.487432555468104, 35.706456197695445 ], [ 139.484457806782416, 35.702255360096842 ], [ 139.491393644601089, 35.698787864768178 ], [ 139.486610829626102, 35.692209838413362 ], [ 139.4679057458535, 35.688328440904854 ], [ 139.46371795112259, 35.689643440392501 ], [ 139.467812969093302, 35.692353441258376 ], [ 139.462972438327483, 35.699872892320172 ], [ 139.46024883341704, 35.699849000031406 ], [ 139.459405188398819, 35.692386774629995 ], [ 139.44870046725282, 35.700914279370522 ], [ 139.430786005369896, 35.702976747678804 ], [ 139.430318223007703, 35.703542864611563 ] ] ] } },
{ "type": "Feature", "properties": { "regioncode": "1321500", "regionname": "東京都国立市", "name": "国立市", "namekana": "くにたちし", "PrefCode": "13" }, "geometry": { "type": "Polygon", "coordinates": [ [ [ 139.433336107675245, 35.672177197919382 ], [ 139.429827782226425, 35.670818467997947 ], [ 139.417568366187197, 35.682616225158711 ], [ 139.421575330637097, 35.688643721630513 ], [ 139.42539005150968, 35.686775666963513 ], [ 139.431215913683559, 35.690280666719445 ], [ 139.427272918010772, 35.703629251688653 ], [ 139.44870046725282, 35.700914279370522 ], [ 139.459405188398819, 35.692386774629995 ], [ 139.454934617138974, 35.690271775122369 ], [ 139.451572049310698, 35.68170513458432 ], [ 139.449596719013471, 35.674340170862251 ], [ 139.453425058319795, 35.671483774756439 ], [ 139.433375837025324, 35.672165693791783 ], [ 139.433336107675245, 35.672177197919382 ] ] ] } },
{ "type": "Feature", "properties": { "regioncode": "1321800", "regionname": "東京都福生市", "name": "福生市", "namekana": "ふっさし", "PrefCode": "13" }, "geometry": { "type": "Polygon", "coordinates": [ [ [ 139.325206108874909, 35.754427747942259 ], [ 139.34263771665735, 35.749843891782234 ], [ 139.342329441650463, 35.74614627882778 ], [ 139.352072697597009, 35.74124027921556 ], [ 139.350004668780457, 35.74770110771999 ], [ 139.359876303848409, 35.73957861356223 ], [ 139.352925719846212, 35.736093333240774 ], [ 139.355047496644715, 35.725078468296715 ], [ 139.341619274010327, 35.721309252220237 ], [ 139.332486161307315, 35.712611801693356 ], [ 139.32860791232531, 35.727670559049102 ], [ 139.320156548685873, 35.733241666669642 ], [ 139.313868300981426, 35.747124171043708 ], [ 139.325003060842619, 35.754731558714525 ], [ 139.325206108874909, 35.754427747942259 ] ] ] } },
{ "type": "Feature", "properties": { "regioncode": "1321900", "regionname": "東京都狛江市", "name": "狛江市", "namekana": "こまえし", "PrefCode": "13" }, "geometry": { "type": "Polygon", "coordinates": [ [ [ 139.561970635636385, 35.632590694405053 ], [ 139.565753217437077, 35.647169559127917 ], [ 139.574499883363046, 35.650744585494294 ], [ 139.58766319090364, 35.646388505125458 ], [ 139.58444510995389, 35.641077387011876 ], [ 139.594108080723458, 35.626738838226856 ], [ 139.589575031762365, 35.623813559448251 ], [ 139.5902355514296, 35.618430775260094 ], [ 139.572458910650312, 35.623681865425795 ], [ 139.56247147887575, 35.632399027293332 ], [ 139.561970635636385, 35.632590694405053 ] ] ] } },
{ "type": "Feature", "properties": { "regioncode": "1322000", "regionname": "東京都東大和市", "name": "東大和市", "namekana": "ひがしやまとし", "PrefCode": "13" }, "geometry": { "type": "Polygon", "coordinates": [ [ [ 139.440107497263284, 35.767436360399756 ], [ 139.440501050483135, 35.760274999591616 ], [ 139.451176004968715, 35.746489468214463 ], [ 139.450988443262077, 35.736994748009238 ], [ 139.428354448998675, 35.730012559132376 ], [ 139.415894720664937, 35.732200586288059 ], [ 139.411197224372472, 35.73725835998539 ], [ 139.407538755309361, 35.760849170852623 ], [ 139.391627029663709, 35.763026080589214 ], [ 139.404590441295909, 35.76914358570798 ], [ 139.418849079021811, 35.76591580107339 ], [ 139.440000271995018, 35.767607468110214 ], [ 139.440107497263284, 35.767436360399756 ] ] ] } },
{ "type": "Feature", "properties": { "regioncode": "1322100", "regionname": "東京都清瀬市", "name": "清瀬市", "namekana": "きよせし", "PrefCode": "13" }, "geometry": { "type": "Polygon", "coordinates": [ [ [ 139.538251505003018, 35.791978775400196 ], [ 139.54379289092924, 35.788194332902208 ], [ 139.542643384684538, 35.779545197552864 ], [ 139.508587912302346, 35.762046891550881 ], [ 139.497201219061026, 35.762433586540851 ], [ 139.501209299569609, 35.765629386786827 ], [ 139.496684357996742, 35.775586333342687 ], [ 139.498031335577707, 35.781207694179784 ], [ 139.521175615961965, 35.788457945777623 ], [ 139.536859921947894, 35.803943467417128 ], [ 139.544291894155663, 35.806636251661757 ], [ 139.546222412134625, 35.799234027228636 ], [ 139.538659831386212, 35.792211838305718 ], [ 139.538251505003018, 35.791978775400196 ] ] ] } },
{ "type": "Feature", "properties": { "regioncode": "1322200", "regionname": "東京都東久留米市", "name": "東久留米市", "namekana": "ひがしくるめし", "PrefCode": "13" }, "geometry": { "type": "Polygon", "coordinates": [ [ [ 139.546971388219049, 35.769071585984932 ], [ 139.544584358181623, 35.754760774989848 ], [ 139.533198443753236, 35.744641640199575 ], [ 139.527171752174695, 35.743653027165522 ], [ 139.531317588136289, 35.740266081414575 ], [ 139.520168080292706, 35.733443053654071 ], [ 139.521107834059308, 35.738951920095076 ], [ 139.515227004422741, 35.741280531971029 ], [ 139.51263613494973, 35.737975838214425 ], [ 139.506731413923717, 35.74202361299939 ], [ 139.505605524775206, 35.73205583770681 ], [ 139.503795863088726, 35.742845560074613 ], [ 139.498105032321405, 35.745858332995738 ], [ 139.491134423115227, 35.741470279030182 ], [ 139.489555836832437, 35.744919721368092 ], [ 139.484527756051193, 35.744375558685135 ], [ 139.497083995130311, 35.759302198437751 ], [ 139.547662528902606, 35.774228251832426 ], [ 139.546947782813959, 35.769551027158229 ], [ 139.546971388219049, 35.769071585984932 ] ] ] } },
{ "type": "Feature", "properties": { "regioncode": "1322300", "regionname": "東京都武蔵村山市", "name": "武蔵村山市", "namekana": "むさしむらやまし", "PrefCode": "13" }, "geometry": { "type": "Polygon", "coordinates": [ [ [ 139.370909780262195, 35.771433864881033 ], [ 139.374459493410995, 35.767141640874058 ], [ 139.379025668000281, 35.771196918702913 ], [ 139.380977302060955, 35.765936918953685 ], [ 139.391661219189928, 35.767408585737712 ], [ 139.392709532818799, 35.762328891964842 ], [ 139.407538755309361, 35.760849170852623 ], [ 139.407354227016071, 35.748735278610297 ], [ 139.410625331094252, 35.747761945957109 ], [ 139.414416109316107, 35.733028081280963 ], [ 139.395309662610885, 35.733503360391808 ], [ 139.383689973913192, 35.745134721390343 ], [ 139.384824669223121, 35.737875586289306 ], [ 139.391205499434363, 35.733419747723246 ], [ 139.37847797727693, 35.733515306086531 ], [ 139.354910466944602, 35.742768891970854 ], [ 139.359016355020799, 35.75449110787838 ], [ 139.356799143965418, 35.755819440714674 ], [ 139.363788611954988, 35.760940279370459 ], [ 139.368334811702312, 35.774360251624387 ], [ 139.370728106417005, 35.771556640326764 ], [ 139.370909780262195, 35.771433864881033 ] ] ] } },
{ "type": "Feature", "properties": { "regioncode": "1322400", "regionname": "東京都多摩市", "name": "多摩市", "namekana": "たまし", "PrefCode": "13" }, "geometry": { "type": "Polygon", "coordinates": [ [ [ 139.393901140825051, 35.608188721132649 ], [ 139.404547172214279, 35.620690359672437 ], [ 139.429974527302647, 35.632147414071937 ], [ 139.41557260689035, 35.645161251590537 ], [ 139.416809831208752, 35.649051252013749 ], [ 139.427272918010772, 35.64374822510058 ], [ 139.43405016937993, 35.650855747994399 ], [ 139.437811025358542, 35.650036864909453 ], [ 139.441850531776709, 35.657960467701457 ], [ 139.473806978409357, 35.649333532116884 ], [ 139.468779689031521, 35.644564386837033 ], [ 139.471590467026545, 35.633515225347423 ], [ 139.445934720111268, 35.608705225166034 ], [ 139.438855279447694, 35.6100768648555 ], [ 139.434284111822421, 35.604698224743345 ], [ 139.428441919758825, 35.608154892234552 ], [ 139.426221607840944, 35.605441000002202 ], [ 139.412702723651819, 35.612279837844312 ], [ 139.394015162269966, 35.608098198073435 ], [ 139.393901140825051, 35.608188721132649 ] ] ] } },
{ "type": "Feature", "properties": { "regioncode": "1322500", "regionname": "東京都稲城市", "name": "稲城市", "namekana": "いなぎし", "PrefCode": "13" }, "geometry": { "type": "Polygon", "coordinates": [ [ [ 139.487935357430842, 35.651729333242201 ], [ 139.512283501782235, 35.65116177469622 ], [ 139.525388755386871, 35.642647614096177 ], [ 139.52096258095844, 35.637631531170257 ], [ 139.523492283042515, 35.63239402706273 ], [ 139.517272801998274, 35.630515972833905 ], [ 139.516075005756989, 35.625618774886618 ], [ 139.494677950726896, 35.617286027328362 ], [ 139.500023476002639, 35.607280467919338 ], [ 139.497739558633839, 35.604894639376141 ], [ 139.489287031271488, 35.604409107994002 ], [ 139.476043721840369, 35.61323966717697 ], [ 139.47546680944572, 35.619700504674597 ], [ 139.464158196243829, 35.624514413709278 ], [ 139.464526004571553, 35.629620802058412 ], [ 139.471590467026545, 35.633515225347423 ], [ 139.468779689031521, 35.644564386837033 ], [ 139.473848885018128, 35.646845467744185 ], [ 139.473866419999354, 35.650670198071225 ], [ 139.487454254310478, 35.652054892319484 ], [ 139.487935357430842, 35.651729333242201 ] ] ] } },
{ "type": "Feature", "properties": { "regioncode": "1322700", "regionname": "東京都羽村市", "name": "羽村市", "namekana": "はむらし", "PrefCode": "13" }, "geometry": { "type": "Polygon", "coordinates": [ [ [ 139.300782113903551, 35.779969945556616 ], [ 139.309186809024027, 35.77570550430562 ], [ 139.318439883194173, 35.77841105442667 ], [ 139.328785914238665, 35.771337748038718 ], [ 139.331517056367147, 35.772920251768255 ], [ 139.34263771665735, 35.749843891782234 ], [ 139.324927223712507, 35.754845251906886 ], [ 139.313868300981426, 35.747124171043708 ], [ 139.302605862570545, 35.755198305957094 ], [ 139.296541971434863, 35.754545252461469 ], [ 139.296692865983005, 35.766050252417244 ], [ 139.292132632315202, 35.775341892214612 ], [ 139.300694060382625, 35.780048000414922 ], [ 139.300782113903551, 35.779969945556616 ] ] ] } },
{ "type": "Feature", "properties": { "regioncode": "1322800", "regionname": "東京都あきる野市", "name": "あきる野市", "namekana": "あきるのし", "PrefCode": "13" }, "geometry": { "type": "Polygon", "coordinates": [ [ [ 139.152479390311669, 35.77522035963193 ], [ 139.157737717321879, 35.773171197692648 ], [ 139.158373112629079, 35.777743108157949 ], [ 139.163044162558094, 35.778244559338987 ], [ 139.178984721367897, 35.770353467938264 ], [ 139.181482750228838, 35.762895972970853 ], [ 139.212760531573394, 35.75204825242497 ], [ 139.215671608258162, 35.744412694390405 ], [ 139.26292027175316, 35.732383107294595 ], [ 139.28364769068844, 35.731356387287519 ], [ 139.284654112097655, 35.740589170953513 ], [ 139.279305810614687, 35.74211297323518 ], [ 139.277614449347425, 35.752291081068563 ], [ 139.261850311442799, 35.755587748375945 ], [ 139.255863942766837, 35.760234388006666 ], [ 139.287727003798295, 35.760919414199634 ], [ 139.294336135004642, 35.75536080175965 ], [ 139.311383332974515, 35.750267467969309 ], [ 139.320156548685873, 35.733241666669642 ], [ 139.32860791232531, 35.727670559049102 ], [ 139.331230078205635, 35.713460640296375 ], [ 139.327638079833605, 35.710396224706074 ], [ 139.319484551870687, 35.719119721398101 ], [ 139.31611230913586, 35.714327226120645 ], [ 139.308496498414684, 35.715886107358017 ], [ 139.3045414788063, 35.711469170765668 ], [ 139.304047614306, 35.713875000231155 ], [ 139.295925084175337, 35.711449721127792 ], [ 139.273911219227443, 35.715007774589196 ], [ 139.268806783306445, 35.70996277486222 ], [ 139.255379001339861, 35.712686108177422 ], [ 139.249630363050869, 35.710492775021578 ], [ 139.217245357087677, 35.71886772056888 ], [ 139.206458392041213, 35.712425224744379 ], [ 139.199390219882844, 35.688245505425812 ], [ 139.171095719991513, 35.688812694350418 ], [ 139.17225605677163, 35.701483224671108 ], [ 139.165312438018645, 35.706274612883135 ], [ 139.167271414144466, 35.721932639779538 ], [ 139.164101776975485, 35.741327080880126 ], [ 139.156430920550633, 35.744806225127263 ], [ 139.149343994829565, 35.754246747689308 ], [ 139.14063372176895, 35.755524532331378 ], [ 139.140489001066612, 35.75911617187387 ], [ 139.147212088067477, 35.762132305561522 ], [ 139.136095446847435, 35.770255892395596 ], [ 139.142857133649841, 35.776405891818513 ], [ 139.14824160766409, 35.775290918641019 ], [ 139.148719105402506, 35.778922026730186 ], [ 139.152428559730311, 35.77537258607606 ], [ 139.152479390311669, 35.77522035963193 ] ] ] } },
{ "type": "Feature", "properties": { "regioncode": "1322900", "regionname": "東京都西東京市", "name": "西東京市", "namekana": "にしとうきょうし", "PrefCode": "13" }, "geometry": { "type": "Polygon", "coordinates": [ [ [ 139.564622192260458, 35.759245224587517 ], [ 139.569276304358027, 35.749989946179141 ], [ 139.565639753571872, 35.7216569463111 ], [ 139.555248911108379, 35.721042505207492 ], [ 139.537361088943157, 35.711320000217881 ], [ 139.529422723779703, 35.712792505170057 ], [ 139.530000531899077, 35.717501107190401 ], [ 139.522922995999579, 35.717638054152928 ], [ 139.523331361952842, 35.723248892022809 ], [ 139.516706108600147, 35.730585278887588 ], [ 139.531317588136289, 35.740266081414575 ], [ 139.527171752174695, 35.743653027165522 ], [ 139.533198443753236, 35.744641640199575 ], [ 139.544584358181623, 35.754760774989848 ], [ 139.555246329154784, 35.755736053775934 ], [ 139.562785836896865, 35.761595225039628 ], [ 139.564448028653715, 35.759474108343454 ], [ 139.564622192260458, 35.759245224587517 ] ] ] } },
{ "type": "Feature", "properties": { "regioncode": "1330300", "regionname": "東京都瑞穂町", "name": "瑞穂町", "namekana": "みずほまち", "PrefCode": "13" }, "geometry": { "type": "Polygon", "coordinates": [ [ [ 139.350003360266896, 35.794138081807091 ], [ 139.369920558387093, 35.791727413989008 ], [ 139.367193774373277, 35.785601892313537 ], [ 139.373008469665251, 35.779715531846364 ], [ 139.37026788555454, 35.778288026271468 ], [ 139.375520999194805, 35.780458559814747 ], [ 139.381544331805571, 35.77702802662219 ], [ 139.374527562197272, 35.767146080827047 ], [ 139.36822369596689, 35.774231359889427 ], [ 139.363788611954988, 35.760940279370459 ], [ 139.356633307181482, 35.755466107874611 ], [ 139.359016355020799, 35.75449110787838 ], [ 139.356314669286576, 35.746440000105963 ], [ 139.349901050693006, 35.747725000908133 ], [ 139.352072697597009, 35.74124027921556 ], [ 139.342329441650463, 35.74614627882778 ], [ 139.343067756272035, 35.753699171179846 ], [ 139.33584360569796, 35.75929358652985 ], [ 139.336425616349175, 35.766043865432096 ], [ 139.331517056367147, 35.772920251768255 ], [ 139.328785914238665, 35.771337748038718 ], [ 139.321073190775223, 35.777219666754263 ], [ 139.324119883425965, 35.781084108444873 ], [ 139.317971894887137, 35.789414667053279 ], [ 139.322759390833312, 35.78630550479528 ], [ 139.321217755894736, 35.789594641179804 ], [ 139.326263839304829, 35.787031333229493 ], [ 139.33036583691387, 35.793616865326101 ], [ 139.346858663096896, 35.796413252369746 ], [ 139.350000000399746, 35.794148720786893 ], [ 139.350003360266896, 35.794138081807091 ] ] ] } },
{ "type": "Feature", "properties": { "regioncode": "1330500", "regionname": "東京都日の出町", "name": "日の出町", "namekana": "ひのでまち", "PrefCode": "13" }, "geometry": { "type": "Polygon", "coordinates": [ [ [ 139.193021505338265, 35.78875291891211 ], [ 139.21053033700548, 35.773177694395144 ], [ 139.220852309386601, 35.774034081907416 ], [ 139.238307561245051, 35.767009385674669 ], [ 139.249452308077593, 35.766601053895556 ], [ 139.261850311442799, 35.755587748375945 ], [ 139.275573358823522, 35.753580531716239 ], [ 139.28063055785401, 35.74731441362934 ], [ 139.279305810614687, 35.74211297323518 ], [ 139.284654112097655, 35.740589170953513 ], [ 139.284371855376889, 35.73211446810825 ], [ 139.26292027175316, 35.732383107294595 ], [ 139.243217445029131, 35.739025532302549 ], [ 139.226287418829429, 35.739973279243486 ], [ 139.215131336042418, 35.744743531588767 ], [ 139.21258469522752, 35.752152973081309 ], [ 139.181482750228838, 35.762895972970853 ], [ 139.178984721367897, 35.770353467938264 ], [ 139.163044162558094, 35.778244559338987 ], [ 139.181530363035904, 35.78749986472701 ], [ 139.192966225810778, 35.788835413723405 ], [ 139.193021505338265, 35.78875291891211 ] ] ] } },
{ "type": "Feature", "properties": { "regioncode": "1330700", "regionname": "東京都檜原村", "name": "檜原村", "namekana": "ひのはらむら", "PrefCode": "13" }, "geometry": { "type": "Polygon", "coordinates": [ [ [ 139.106114552644499, 35.778673586316984 ], [ 139.130669273967897, 35.765115864905283 ], [ 139.136095446847435, 35.770255892395596 ], [ 139.143495447257123, 35.766320612905986 ], [ 139.147220143295044, 35.762045360005402 ], [ 139.140489001066612, 35.75911617187387 ], [ 139.140447613366746, 35.755730333188353 ], [ 139.149343994829565, 35.754246747689308 ], [ 139.156430920550633, 35.744806225127263 ], [ 139.164101776975485, 35.741327080880126 ], [ 139.167271414144466, 35.721932639779538 ], [ 139.165312438018645, 35.706274612883135 ], [ 139.172201608217733, 35.701592108289219 ], [ 139.172612139738476, 35.696983504585148 ], [ 139.169559882982298, 35.690047945556273 ], [ 139.171747366947443, 35.684009361342987 ], [ 139.161850895302678, 35.667997134660084 ], [ 139.14663642033463, 35.666950440710309 ], [ 139.131093333090917, 35.672010414149327 ], [ 139.10585919644484, 35.690979802376035 ], [ 139.092106666589416, 35.690552838442784 ], [ 139.065305525129929, 35.697836414419044 ], [ 139.025467523507473, 35.719154107875852 ], [ 139.012910921102161, 35.736877945860556 ], [ 139.028185667734419, 35.744511801478495 ], [ 139.039869000553949, 35.744510721392714 ], [ 139.042923748432258, 35.757612919101007 ], [ 139.054325446861981, 35.75986430619281 ], [ 139.075028611980883, 35.771995441136767 ], [ 139.093213644793991, 35.769891613007587 ], [ 139.096621193113606, 35.775918278505799 ], [ 139.106035965387605, 35.778807640160494 ], [ 139.106114552644499, 35.778673586316984 ] ] ] } },
{ "type": "Feature", "properties": { "regioncode": "1330800", "regionname": "東京都奥多摩町", "name": "奥多摩町", "namekana": "おくたままち", "PrefCode": "13" }, "geometry": { "type": "Polygon", "coordinates": [ [ [ 139.019116808893727, 35.898263720594286 ], [ 139.061631802665602, 35.873629332827477 ], [ 139.072054616927062, 35.871579919078044 ], [ 139.082272166327471, 35.87493994632149 ], [ 139.101372438287513, 35.865690531492874 ], [ 139.135360635984625, 35.865387000409783 ], [ 139.159269273558152, 35.857149559404718 ], [ 139.166118104666907, 35.842971505430683 ], [ 139.177417004291328, 35.835052640267179 ], [ 139.175600998787104, 35.806902611965995 ], [ 139.149820051854022, 35.796378414432354 ], [ 139.146778638223623, 35.792631441288052 ], [ 139.147812192179003, 35.781991197935497 ], [ 139.137354642502828, 35.778311441020264 ], [ 139.137638494620887, 35.772431999936884 ], [ 139.130751219293415, 35.765115864905283 ], [ 139.103366496966373, 35.778698027192263 ], [ 139.096621193113606, 35.775918278505799 ], [ 139.093213644793991, 35.769891613007587 ], [ 139.075028611980883, 35.771995441136767 ], [ 139.054325446861981, 35.75986430619281 ], [ 139.042923748432258, 35.757612919101007 ], [ 139.041377055706675, 35.746062944949017 ], [ 139.035382606622079, 35.742455999844594 ], [ 139.028246782962697, 35.744523197687499 ], [ 139.011881478847272, 35.738863225357591 ], [ 139.005155422284929, 35.75045153221248 ], [ 138.992572672091228, 35.755380972653825 ], [ 138.984396886806962, 35.767764864756771 ], [ 138.986425226742881, 35.782252891657663 ], [ 138.976719974347361, 35.789244838178774 ], [ 138.970221387806873, 35.804872360071386 ], [ 138.969765615890537, 35.831225414321466 ], [ 138.962195330650047, 35.829607640080553 ], [ 138.94911949297034, 35.840470998937519 ], [ 138.942867587769001, 35.86016213537431 ], [ 138.946583722261039, 35.864472414170621 ], [ 138.94526121793092, 35.868119080531187 ], [ 138.96520408629965, 35.877785720534632 ], [ 138.967583839023064, 35.882025999700204 ], [ 138.978927782091546, 35.885010693988363 ], [ 138.98556360607563, 35.881165693841751 ], [ 139.000930856074206, 35.884008467916487 ], [ 139.010323449267844, 35.897172054246937 ], [ 139.018795965861159, 35.898384000421345 ], [ 139.019116808893727, 35.898263720594286 ] ] ] } },
{ "type": "Feature", "properties": { "regioncode": "1336100", "regionname": "東京都大島町", "name": "大島町", "namekana": "おおしままち", "PrefCode": "13" }, "geometry": { "type": "MultiPolygon", "coordinates": [ [ [ [ 139.351983449776412, 34.747708225154497 ], [ 139.351817612992477, 34.750154332556463 ], [ 139.352076277798005, 34.74782163955706 ], [ 139.351983449776412, 34.747708225154497 ] ] ], [ [ [ 139.36109136167704, 34.799072946259514 ], [ 139.367553022054381, 34.7962589459936 ], [ 139.372836304352063, 34.798300107563989 ], [ 139.384797613119417, 34.789780945834025 ], [ 139.391499247692195, 34.789237775103288 ], [ 139.389384396572723, 34.793126883398998 ], [ 139.397495278684232, 34.787996585673966 ], [ 139.413194279592403, 34.786880197862899 ], [ 139.435765499378363, 34.770123387384444 ], [ 139.44070537015682, 34.752458595287976 ], [ 139.44926814540861, 34.740290748219479 ], [ 139.443881802603187, 34.731985748343675 ], [ 139.449646743802305, 34.715343559157986 ], [ 139.443597133900653, 34.703639612977781 ], [ 139.450004085819955, 34.696526559253357 ], [ 139.444740194704309, 34.684535107908971 ], [ 139.436377173267942, 34.687537134830961 ], [ 139.442814890095178, 34.681213999726367 ], [ 139.434300466893092, 34.677885613330432 ], [ 139.424373968683767, 34.682852495246493 ], [ 139.40121977956926, 34.681939359613807 ], [ 139.372573410934251, 34.699620747799315 ], [ 139.358043358714099, 34.701269332813524 ], [ 139.361231089343391, 34.709705774901636 ], [ 139.352672282799631, 34.718420612921022 ], [ 139.352082995733781, 34.724985278947543 ], [ 139.356886782898755, 34.741913919292017 ], [ 139.351229170389956, 34.747205270307006 ], [ 139.352946808948104, 34.750869081343069 ], [ 139.348596640722462, 34.751774251680445 ], [ 139.352338676588715, 34.752789595263664 ], [ 139.348689753829149, 34.76520794579011 ], [ 139.352092411635567, 34.769118252005796 ], [ 139.349642438048136, 34.782805413738913 ], [ 139.361058248639324, 34.799075333060216 ], [ 139.36109136167704, 34.799072946259514 ] ] ] ] } },
{ "type": "Feature", "properties": { "regioncode": "1336200", "regionname": "東京都利島村", "name": "利島村", "namekana": "としまむら", "PrefCode": "13" }, "geometry": { "type": "Polygon", "coordinates": [ [ [ 139.280578716434661, 34.53333333336667 ], [ 139.290267781932698, 34.5293524951216 ], [ 139.293078612088379, 34.523795828814514 ], [ 139.276332776036838, 34.511050829232431 ], [ 139.268166108978789, 34.517251386742146 ], [ 139.267766666998114, 34.525368332982225 ], [ 139.275655837447061, 34.533760279313469 ], [ 139.280703332792655, 34.53407833264896 ], [ 139.280578716434661, 34.53333333336667 ] ] ] } },
{ "type": "Feature", "properties": { "regioncode": "1336300", "regionname": "東京都新島村", "name": "新島村", "namekana": "にいじまむら", "PrefCode": "13" }, "geometry": { "type": "MultiPolygon", "coordinates": [ [ [ [ 139.276011166782041, 34.327400667207087 ], [ 139.280760116885972, 34.325110306195711 ], [ 139.276945499435328, 34.324341775252776 ], [ 139.275964500960981, 34.32742722508641 ], [ 139.276011166782041, 34.327400667207087 ] ] ], [ [ [ 139.212872970211492, 34.336931559044274 ], [ 139.216538391933341, 34.334233252062972 ], [ 139.21428024643626, 34.332263494864435 ], [ 139.217543799806549, 34.334301945878167 ], [ 139.226451555894641, 34.330126333363637 ], [ 139.225161479318899, 34.323381802028621 ], [ 139.219800583730034, 34.322141865354865 ], [ 139.216812918081814, 34.316639694366472 ], [ 139.207121997282457, 34.317617946311202 ], [ 139.204094163414993, 34.321981027002835 ], [ 139.201303450194132, 34.316362667203407 ], [ 139.196072113637229, 34.316346305837385 ], [ 139.193930726222106, 34.320316026663363 ], [ 139.201653695661548, 34.325696468117542 ], [ 139.200265162207529, 34.329047135217195 ], [ 139.205157755626033, 34.32683891918083 ], [ 139.208835253444249, 34.33104741360728 ], [ 139.206086134767361, 34.334678694366289 ], [ 139.212866719023964, 34.336939080973877 ], [ 139.212872970211492, 34.336931559044274 ] ] ], [ [ [ 139.210574695166088, 34.338368666680651 ], [ 139.212456200093584, 34.336869387112586 ], [ 139.210507612935999, 34.338371666819 ], [ 139.210574695166088, 34.338368666680651 ] ] ], [ [ [ 139.224426549745544, 34.375612865241578 ], [ 139.229445161564968, 34.37263153171989 ], [ 139.228899611228144, 34.367085107791524 ], [ 139.225905837384516, 34.367810829206462 ], [ 139.227985278597771, 34.370892251876001 ], [ 139.224423256428167, 34.375618360099281 ], [ 139.224426549745544, 34.375612865241578 ] ] ], [ [ [ 139.27929953334683, 34.431389919309368 ], [ 139.290972723612413, 34.42422494592455 ], [ 139.292418028569273, 34.418842532257088 ], [ 139.286476912879266, 34.411760360352389 ], [ 139.291486743718337, 34.40753069408629 ], [ 139.283171362068742, 34.397847558717899 ], [ 139.285695863373462, 34.396406225167198 ], [ 139.277882191909725, 34.39035425184727 ], [ 139.275991854740369, 34.343959467655338 ], [ 139.270929143764988, 34.330878892347073 ], [ 139.257721024805505, 34.33577708134726 ], [ 139.244629805121463, 34.348283828935621 ], [ 139.245240142618513, 34.358959973224216 ], [ 139.239892438285437, 34.37064863992282 ], [ 139.245763995012453, 34.367826080809039 ], [ 139.252458612175246, 34.376440693882955 ], [ 139.257276588843524, 34.392476332616695 ], [ 139.255322698383907, 34.401084359955291 ], [ 139.267138585877092, 34.40815182884387 ], [ 139.269391167268623, 34.416359198318389 ], [ 139.279897444911171, 34.418359467715334 ], [ 139.279273476389903, 34.431398279407119 ], [ 139.27929953334683, 34.431389919309368 ] ] ], [ [ [ 139.286506939443711, 34.478353333139864 ], [ 139.299361388317493, 34.470322225390419 ], [ 139.291668340221804, 34.470126666912222 ], [ 139.286452502581028, 34.478347494741115 ], [ 139.286506939443711, 34.478353333139864 ] ] ] ] } },
{ "type": "Feature", "properties": { "regioncode": "1336400", "regionname": "東京都神津島村", "name": "神津島村", "namekana": "こうづしまむら", "PrefCode": "13" }, "geometry": { "type": "MultiPolygon", "coordinates": [ [ [ [ 139.074198053897135, 34.185938892166178 ], [ 139.076105279435183, 34.184068612576482 ], [ 139.07245944224951, 34.183526946411519 ], [ 139.074140558440035, 34.185943892396779 ], [ 139.074198053897135, 34.185938892166178 ] ] ], [ [ [ 139.07677722408971, 34.188161946116963 ], [ 139.074974449411343, 34.18629333297099 ], [ 139.076715837266192, 34.188163054081713 ], [ 139.07677722408971, 34.188161946116963 ] ] ], [ [ [ 139.192386939205903, 34.209338892076232 ], [ 139.192097496902079, 34.205958891789464 ], [ 139.189228054331352, 34.20857249522453 ], [ 139.192217497039906, 34.209355829008359 ], [ 139.192386939205903, 34.209338892076232 ] ] ], [ [ [ 139.18912972785472, 34.212526945562161 ], [ 139.188625550828533, 34.209211945574907 ], [ 139.189065006345004, 34.212521946230879 ], [ 139.18912972785472, 34.212526945562161 ] ] ], [ [ [ 139.143311413590936, 34.243736332565732 ], [ 139.167696446334048, 34.234145973058276 ], [ 139.176223450152179, 34.20765930563249 ], [ 139.17523527868525, 34.204341279426558 ], [ 139.170373112928928, 34.204532468098989 ], [ 139.168331919882235, 34.208634359588075 ], [ 139.157278392184139, 34.205057558859323 ], [ 139.154652866436663, 34.202166612599171 ], [ 139.157545641917864, 34.200448973141647 ], [ 139.153505136353033, 34.19957636006103 ], [ 139.15875416257461, 34.200071278566725 ], [ 139.153622335102796, 34.193259279192432 ], [ 139.147574306209322, 34.196740919058243 ], [ 139.145269170236134, 34.187764801904109 ], [ 139.143477082201684, 34.189771080570949 ], [ 139.142236809181441, 34.185751774724679 ], [ 139.133079144087333, 34.187145865089633 ], [ 139.129148339624294, 34.184380721393211 ], [ 139.125021920025688, 34.189720224808582 ], [ 139.119437717376854, 34.189990685122098 ], [ 139.121776847723368, 34.189393278976695 ], [ 139.119816173677577, 34.194056874425257 ], [ 139.121981894049213, 34.199289972754116 ], [ 139.132361244975527, 34.201964278628623 ], [ 139.132727859902843, 34.207201387034445 ], [ 139.127330194632805, 34.209274080634373 ], [ 139.132764553141669, 34.208351639716454 ], [ 139.13044988255615, 34.215856000154361 ], [ 139.134251529984226, 34.21796116197811 ], [ 139.128398002865652, 34.222968468420106 ], [ 139.135782361366978, 34.223869278844177 ], [ 139.137640388593127, 34.227540000270835 ], [ 139.134175498600484, 34.23509827866269 ], [ 139.137688495128032, 34.242069828559806 ], [ 139.143199441700972, 34.243781775308719 ], [ 139.143311413590936, 34.243736332565732 ] ] ] ] } },
{ "type": "Feature", "properties": { "regioncode": "1338100", "regionname": "東京都三宅村", "name": "三宅村", "namekana": "みやけむら", "PrefCode": "13" }, "geometry": { "type": "Polygon", "coordinates": [ [ [ 139.532377393302113, 34.12463334215505 ], [ 139.539795161617462, 34.124249224622076 ], [ 139.559467444666893, 34.111717332888645 ], [ 139.565660725761973, 34.102085829397538 ], [ 139.566512023111386, 34.09349827872262 ], [ 139.561304137276124, 34.083522612778381 ], [ 139.563299999995024, 34.080011198158331 ], [ 139.569420751666371, 34.080845766319101 ], [ 139.563147716893695, 34.078591198325171 ], [ 139.563214059881034, 34.069059080712066 ], [ 139.550775330716988, 34.058448053634834 ], [ 139.533744694662005, 34.052761667317156 ], [ 139.529926160663877, 34.046505585664306 ], [ 139.525180778170466, 34.049443865042406 ], [ 139.501766393604271, 34.045229053777859 ], [ 139.48780094655649, 34.052382441196755 ], [ 139.482046640739895, 34.051473197829864 ], [ 139.477506109419437, 34.061804891882332 ], [ 139.48182972785969, 34.067547386902447 ], [ 139.477311140896518, 34.067704252049623 ], [ 139.480175031952172, 34.070641918989395 ], [ 139.472873475830283, 34.076579054279989 ], [ 139.48185277568507, 34.083397748207574 ], [ 139.480305939967252, 34.086536748172421 ], [ 139.488297197857491, 34.095608197960019 ], [ 139.488560324199625, 34.103155314865944 ], [ 139.488545863101194, 34.100490693790562 ], [ 139.4948578340219, 34.10324082870136 ], [ 139.489213021563728, 34.112513332724177 ], [ 139.491535965912135, 34.118388775421693 ], [ 139.498437690646938, 34.121829891836114 ], [ 139.512760895199222, 34.120303306152721 ], [ 139.52081152992821, 34.1246794953625 ], [ 139.532346328919971, 34.12473833260799 ], [ 139.532377393302113, 34.12463334215505 ] ] ] } },
{ "type": "Feature", "properties": { "regioncode": "1338200", "regionname": "東京都御蔵島村", "name": "御蔵島村", "namekana": "みくらじまむら", "PrefCode": "13" }, "geometry": { "type": "Polygon", "coordinates": [ [ [ 139.603623307269913, 33.901140252021094 ], [ 139.618525006124173, 33.892425279103406 ], [ 139.631920558187289, 33.871303054192651 ], [ 139.619723606359457, 33.851720000077989 ], [ 139.591491114723226, 33.85456889224065 ], [ 139.579448053984606, 33.859572495274506 ], [ 139.577077781914113, 33.86447305398832 ], [ 139.576871672589732, 33.879559162425437 ], [ 139.58909693867281, 33.895239999726243 ], [ 139.58704005155721, 33.897220027182584 ], [ 139.603579170342528, 33.901158054100961 ], [ 139.603623307269913, 33.901140252021094 ] ] ] } },
{ "type": "Feature", "properties": { "regioncode": "1340100", "regionname": "東京都八丈町", "name": "八丈町", "namekana": "はちじょうまち", "PrefCode": "13" }, "geometry": { "type": "MultiPolygon", "coordinates": [ [ [ [ 139.685855836677547, 33.136620828588434 ], [ 139.697240557705641, 33.127741667344139 ], [ 139.700105226674964, 33.116320973434256 ], [ 139.684948884783239, 33.117624162125423 ], [ 139.67506888512105, 33.130813891747778 ], [ 139.676725278948538, 33.13642333297048 ], [ 139.685802503282957, 33.1366602791486 ], [ 139.685855836677547, 33.136620828588434 ] ] ], [ [ [ 139.76001391730847, 33.158977351423687 ], [ 139.774229493696225, 33.157887640202489 ], [ 139.796077367176849, 33.142473990582232 ], [ 139.798033229849693, 33.133517377924704 ], [ 139.8055472759861, 33.132447225159353 ], [ 139.801997004358327, 33.131692252395567 ], [ 139.805729662993599, 33.129365982354273 ], [ 139.806031114844131, 33.133689107966006 ], [ 139.816966328633271, 33.123354874228141 ], [ 139.821296549895919, 33.123720161756125 ], [ 139.817206393660172, 33.120115694283925 ], [ 139.846651542834479, 33.117000252060052 ], [ 139.857492061609378, 33.099085351307963 ], [ 139.854398404562744, 33.091426413598185 ], [ 139.859452944298027, 33.084009505034658 ], [ 139.858596096332803, 33.079363288085347 ], [ 139.838946161436297, 33.074999468150963 ], [ 139.83326885917063, 33.066773495300595 ], [ 139.833437639435601, 33.054869828579797 ], [ 139.837041284028146, 33.049576440600333 ], [ 139.832603332977556, 33.045277558912289 ], [ 139.819211024769061, 33.058525945915733 ], [ 139.810237224268576, 33.058331080814753 ], [ 139.801913864733137, 33.063885360321194 ], [ 139.796195188257343, 33.062341864685379 ], [ 139.784137950606009, 33.069302612825368 ], [ 139.779479196208058, 33.075324865350296 ], [ 139.779365771912921, 33.094601891863874 ], [ 139.774578520582281, 33.096206386715437 ], [ 139.779465331360029, 33.100870467797904 ], [ 139.770098106242699, 33.096718639653545 ], [ 139.771206355189179, 33.100273279288444 ], [ 139.753641932829055, 33.105049423092453 ], [ 139.751333527820066, 33.115243395866059 ], [ 139.739813489401058, 33.131416666845723 ], [ 139.738582983018318, 33.145870477240805 ], [ 139.745774564644535, 33.155907396009582 ], [ 139.75992326834421, 33.159080116953874 ], [ 139.76001391730847, 33.158977351423687 ] ] ] ] } },
{ "type": "Feature", "properties": { "regioncode": "1340200", "regionname": "東京都青ヶ島村", "name": "青ヶ島村", "namekana": "あおがしまむら", "PrefCode": "13" }, "geometry": { "type": "Polygon", "coordinates": [ [ [ 139.758436939013563, 32.473473053638543 ], [ 139.769835005980781, 32.469090559281938 ], [ 139.781275226870321, 32.457477387071833 ], [ 139.779409442092174, 32.447476666914724 ], [ 139.768471673329145, 32.442861107853901 ], [ 139.757735005566133, 32.446914468328089 ], [ 139.7546097283564, 32.451379441308234 ], [ 139.754433061037048, 32.467146946274624 ], [ 139.758361115373191, 32.473452495136598 ], [ 139.758436939013563, 32.473473053638543 ] ] ] } },
{ "type": "Feature", "properties": { "regioncode": "1342100", "regionname": "東京都小笠原村", "name": "小笠原村", "namekana": "おがさわらむら", "PrefCode": "13" }, "geometry": { "type": "MultiPolygon", "coordinates": [ [ [ [ 141.462141387914812, 24.245068892415532 ], [ 141.472238611622743, 24.241913612922929 ], [ 141.471817496880021, 24.232381387391172 ], [ 141.46880861172815, 24.227181946189887 ], [ 141.455013061004024, 24.225448332974224 ], [ 141.455037497382705, 24.241873612876986 ], [ 141.462079727697301, 24.245102775272926 ], [ 141.462141387914812, 24.245068892415532 ] ] ], [ [ [ 153.984079999592382, 24.29761444135346 ], [ 153.986197781602414, 24.281429161726464 ], [ 153.970744449396875, 24.284702774913171 ], [ 153.983993332826117, 24.297577495405164 ], [ 153.984079999592382, 24.29761444135346 ] ] ], [ [ [ 141.287679948171103, 24.806609495431928 ], [ 141.285338054207955, 24.798077494980475 ], [ 141.287630466572864, 24.80664338728252 ], [ 141.287679948171103, 24.806609495431928 ] ] ], [ [ [ 141.323477782373857, 24.812615829057336 ], [ 141.340907223689442, 24.799784721187962 ], [ 141.346322775575686, 24.778890828748786 ], [ 141.336276109055234, 24.770739441172339 ], [ 141.325069026614301, 24.770417532443219 ], [ 141.285843773571401, 24.745606918924238 ], [ 141.285521388201573, 24.753515000317066 ], [ 141.293928391881877, 24.773101252420929 ], [ 141.292285550837619, 24.784185586395722 ], [ 141.285935837169177, 24.7857080540835 ], [ 141.285895278644261, 24.788693332931018 ], [ 141.321524162610103, 24.808420278573067 ], [ 141.323424720574508, 24.812618332769887 ], [ 141.323477782373857, 24.812615829057336 ] ] ], [ [ [ 141.284109415717012, 25.448771216318619 ], [ 141.292646082750593, 25.439051494730734 ], [ 141.293451634285589, 25.426112613006751 ], [ 141.287648301028298, 25.420769828864536 ], [ 141.277169415835942, 25.419028162219945 ], [ 141.272288028869525, 25.42907177464275 ], [ 141.27285330673476, 25.439660666706459 ], [ 141.283906082599742, 25.448843720561285 ], [ 141.284109415717012, 25.448771216318619 ] ] ], [ [ [ 142.208423061175381, 26.550610279141097 ], [ 142.207919727713374, 26.553488892098756 ], [ 142.208386939006118, 26.550710279256009 ], [ 142.208423061175381, 26.550610279141097 ] ] ], [ [ [ 142.212559441665007, 26.564463613105318 ], [ 142.218398054426757, 26.563051666701085 ], [ 142.215287497320219, 26.556813612857979 ], [ 142.20176111458386, 26.553199721390058 ], [ 142.203143606392359, 26.562064161631781 ], [ 142.212505279095467, 26.564478054418714 ], [ 142.212559441665007, 26.564463613105318 ] ] ], [ [ [ 142.154994720629929, 26.564543053818909 ], [ 142.161349441723473, 26.559524720789284 ], [ 142.160982503040145, 26.54829833260203 ], [ 142.15678610899181, 26.543171386650215 ], [ 142.150830829878942, 26.547919720718596 ], [ 142.15517583689541, 26.550274162023015 ], [ 142.15155944171488, 26.562255279257784 ], [ 142.154942218208816, 26.564587494717159 ], [ 142.154994720629929, 26.564543053818909 ] ] ], [ [ [ 142.230672776027859, 26.575648612693385 ], [ 142.240003333087429, 26.567628892159689 ], [ 142.226875278970965, 26.563784721187972 ], [ 142.2265361086545, 26.570963332791621 ], [ 142.230631945907589, 26.575670558849254 ], [ 142.230672776027859, 26.575648612693385 ] ] ], [ [ [ 142.161439169781943, 26.588464720770276 ], [ 142.158526109192621, 26.58338805411546 ], [ 142.147124163449462, 26.582381666880451 ], [ 142.149441945689318, 26.585968333172104 ], [ 142.161376666899741, 26.588488613059098 ], [ 142.161439169781943, 26.588464720770276 ] ] ], [ [ [ 142.163819442313525, 26.592892495092599 ], [ 142.165151115231879, 26.588712494785852 ], [ 142.163736666913678, 26.592935559128819 ], [ 142.163819442313525, 26.592892495092599 ] ] ], [ [ [ 142.168508392348485, 26.595668495404766 ], [ 142.167796938677839, 26.593191945951617 ], [ 142.16844758828563, 26.595698081301464 ], [ 142.168508392348485, 26.595668495404766 ] ] ], [ [ [ 142.177596252065428, 26.605497278676523 ], [ 142.175799948009285, 26.601736775232041 ], [ 142.177580921322487, 26.605512639996391 ], [ 142.177596252065428, 26.605497278676523 ] ] ], [ [ [ 142.131057223811922, 26.61062472105408 ], [ 142.135812218259275, 26.600769441056912 ], [ 142.132141673099795, 26.595753054160184 ], [ 142.127844721356837, 26.598221667096311 ], [ 142.125258611995378, 26.595594440730906 ], [ 142.127474721381304, 26.599683053730018 ], [ 142.123412775978863, 26.607135829055323 ], [ 142.130984721367895, 26.610637225227833 ], [ 142.131057223811922, 26.61062472105408 ] ] ], [ [ [ 142.125999415940328, 26.71429341430968 ], [ 142.134577781839198, 26.699353333289764 ], [ 142.142942360901316, 26.698219135304896 ], [ 142.141967029954571, 26.708743197940294 ], [ 142.150389299626568, 26.70561141413549 ], [ 142.154074305884592, 26.709102162335 ], [ 142.158631802915465, 26.703642945665479 ], [ 142.165030609675, 26.702569828734681 ], [ 142.146153774277309, 26.693778999801054 ], [ 142.146614916045564, 26.685191468011908 ], [ 142.152322412149715, 26.683687666652531 ], [ 142.168614863984885, 26.689884467694071 ], [ 142.161661751089014, 26.673318972692471 ], [ 142.164055252647813, 26.660427945693186 ], [ 142.178679947721434, 26.655377693925459 ], [ 142.18228374789669, 26.659630828899708 ], [ 142.189156056706679, 26.659303026913221 ], [ 142.184962048559782, 26.65336166660768 ], [ 142.174391855200042, 26.654434639646979 ], [ 142.171214253634957, 26.643389278692325 ], [ 142.17267819704125, 26.63613919796569 ], [ 142.18109980481222, 26.628482531943348 ], [ 142.180704552772909, 26.614275026970972 ], [ 142.183384162848938, 26.611691945626831 ], [ 142.178475162198993, 26.607566197821825 ], [ 142.173423773688228, 26.608196531744568 ], [ 142.178322672253557, 26.615356054338463 ], [ 142.171165136262061, 26.630995027298695 ], [ 142.16183433188894, 26.63032627883473 ], [ 142.160740363277228, 26.639920332757185 ], [ 142.157297198207175, 26.637500359653927 ], [ 142.158807523248697, 26.634671161744791 ], [ 142.154078494926694, 26.635958107780482 ], [ 142.152857107669433, 26.646777747894816 ], [ 142.144966783390373, 26.656882586162453 ], [ 142.149309416196616, 26.665876748213407 ], [ 142.141515031593485, 26.667123972993011 ], [ 142.144710777880164, 26.676441640069697 ], [ 142.130687833576758, 26.689142026983006 ], [ 142.128557613043426, 26.700765467652275 ], [ 142.122719170253617, 26.706535972956829 ], [ 142.123088392315481, 26.714097945763626 ], [ 142.126022775830506, 26.714334999860398 ], [ 142.125999415940328, 26.71429341430968 ] ] ], [ [ [ 142.179096939072565, 27.044526108193395 ], [ 142.176622503026124, 27.043020829247951 ], [ 142.179115005553172, 27.044576386591018 ], [ 142.179096939072565, 27.044526108193395 ] ] ], [ [ [ 142.174010271956604, 27.044093892219394 ], [ 142.17656693931292, 27.0317019457882 ], [ 142.171585278837597, 27.043483053799946 ], [ 142.173978612223209, 27.044263053796953 ], [ 142.174010271956604, 27.044093892219394 ] ] ], [ [ [ 142.239042671881862, 27.047817305824083 ], [ 142.241587133639314, 27.045647224639765 ], [ 142.239023891339571, 27.047852532268621 ], [ 142.239042671881862, 27.047817305824083 ] ] ], [ [ [ 142.241307496643685, 27.095826945956844 ], [ 142.247463061071471, 27.094970278755397 ], [ 142.248865006115238, 27.091385000117725 ], [ 142.245738885341325, 27.090312224929278 ], [ 142.241263332736708, 27.095853332965021 ], [ 142.241307496643685, 27.095826945956844 ] ] ], [ [ [ 142.193289079127794, 27.105828251572575 ], [ 142.218754137393603, 27.101149251636684 ], [ 142.217548560217892, 27.098479413594134 ], [ 142.224945109928967, 27.089262720598128 ], [ 142.224618171291581, 27.081609775071115 ], [ 142.232601971104145, 27.078160532382697 ], [ 142.232802633234996, 27.062602865330007 ], [ 142.230054669287597, 27.059571748037797 ], [ 142.237348975075179, 27.053847585697554 ], [ 142.236909000649916, 27.049700080594278 ], [ 142.228668197079742, 27.056847305858525 ], [ 142.221849727982658, 27.053149081365063 ], [ 142.226302580799484, 27.049822134783767 ], [ 142.2227401953038, 27.0442296673653 ], [ 142.22940367074284, 27.035950252302371 ], [ 142.219464617098424, 27.036304197580705 ], [ 142.218329196035597, 27.041575413674479 ], [ 142.211304668875414, 27.03815289164271 ], [ 142.206284617241408, 27.044120081376718 ], [ 142.199253087060356, 27.045634278898888 ], [ 142.193710310782308, 27.041327135139227 ], [ 142.186991997382847, 27.044765945691893 ], [ 142.185744162862875, 27.040398999714114 ], [ 142.18400771678273, 27.045518467803106 ], [ 142.189788690195996, 27.050574801685798 ], [ 142.189501088804263, 27.055541359845904 ], [ 142.186216913080102, 27.05482261267349 ], [ 142.187245965928696, 27.061194613340774 ], [ 142.195295382975587, 27.061395135177406 ], [ 142.190955862722944, 27.064038972920287 ], [ 142.192928222559544, 27.067739468201921 ], [ 142.182537691261473, 27.07090161311902 ], [ 142.181788520923533, 27.074377775214202 ], [ 142.187201219260942, 27.072621224789771 ], [ 142.193844475242372, 27.0758745861433 ], [ 142.20312544728165, 27.072941558805951 ], [ 142.208357756005739, 27.083280666869314 ], [ 142.201918054374801, 27.087397134570153 ], [ 142.203746082915472, 27.093649332950406 ], [ 142.199215032248048, 27.096025251863921 ], [ 142.202960466652257, 27.098833964116182 ], [ 142.191860389145745, 27.092700108423344 ], [ 142.19344756215537, 27.089296694287043 ], [ 142.18656119334446, 27.087958162239431 ], [ 142.182577561805147, 27.093130828824769 ], [ 142.182979637000699, 27.103132000441519 ], [ 142.193296692788181, 27.105846198443373 ], [ 142.193289079127794, 27.105828251572575 ] ] ], [ [ [ 142.185672217998558, 27.118748054179434 ], [ 142.188420830357131, 27.116080000391776 ], [ 142.185648885088085, 27.118787225050426 ], [ 142.185672217998558, 27.118748054179434 ] ] ], [ [ [ 142.16841778205503, 27.12156916178742 ], [ 142.172157496771092, 27.11610777505382 ], [ 142.161640000085981, 27.113106386650486 ], [ 142.165775837385013, 27.116969161897373 ], [ 142.163241115285359, 27.121469999840656 ], [ 142.168375550791097, 27.121598891575616 ], [ 142.16841778205503, 27.12156916178742 ] ] ], [ [ [ 142.176215279211874, 27.127090829178485 ], [ 142.17880555063573, 27.125635828630664 ], [ 142.176160558163247, 27.127115279046961 ], [ 142.176215279211874, 27.127090829178485 ] ] ], [ [ [ 142.179047782129487, 27.129402495129114 ], [ 142.182028612030877, 27.126993892154474 ], [ 142.176767782207435, 27.128533332747168 ], [ 142.178936667293442, 27.129408332628486 ], [ 142.179047782129487, 27.129402495129114 ] ] ], [ [ [ 142.191666667083041, 27.144172919045047 ], [ 142.20012639441768, 27.132577494955456 ], [ 142.206884162873848, 27.134058612714853 ], [ 142.205090271698737, 27.127814721372317 ], [ 142.219638611632718, 27.132662774967116 ], [ 142.217795836908408, 27.129122775395842 ], [ 142.226834448850809, 27.123725558887486 ], [ 142.226025836922872, 27.11621582859766 ], [ 142.235657224401393, 27.113970000215375 ], [ 142.235661114868662, 27.109695829199211 ], [ 142.200770272130399, 27.109798333026674 ], [ 142.206040272340715, 27.118448892002789 ], [ 142.197572775763092, 27.123456107613322 ], [ 142.187124448634449, 27.121533613385623 ], [ 142.190809728286354, 27.124925829163715 ], [ 142.186760271769231, 27.130436387229565 ], [ 142.193148339724189, 27.133614162363756 ], [ 142.188991388142085, 27.136922224980765 ], [ 142.191665837008827, 27.144173053943348 ], [ 142.191666667083041, 27.144172919045047 ] ] ], [ [ [ 142.189216108936307, 27.190032225306993 ], [ 142.194584720708349, 27.182783332584791 ], [ 142.199781672586141, 27.183650829422277 ], [ 142.194511945769705, 27.176446107801667 ], [ 142.198273605742429, 27.168565828949909 ], [ 142.202166394063852, 27.169178612602934 ], [ 142.199394448794806, 27.158162774592427 ], [ 142.187889727628885, 27.150133612975935 ], [ 142.188091945586848, 27.144320558946674 ], [ 142.179629169550594, 27.148345559300196 ], [ 142.185613605583512, 27.150432775152524 ], [ 142.186199727935104, 27.15511527884712 ], [ 142.180970830339561, 27.157656108242861 ], [ 142.184558885184515, 27.159460278668973 ], [ 142.183878611908426, 27.171821945826196 ], [ 142.187687223686453, 27.172311945939612 ], [ 142.184469999790736, 27.178390828773786 ], [ 142.187720829552745, 27.184463053926834 ], [ 142.184205278950571, 27.187302774803243 ], [ 142.189183333144342, 27.19006833308714 ], [ 142.189216108936307, 27.190032225306993 ] ] ], [ [ [ 142.198560830318115, 27.196769721245687 ], [ 142.19346834009184, 27.19384166715929 ], [ 142.198534448705914, 27.196779162328539 ], [ 142.198560830318115, 27.196769721245687 ] ] ], [ [ [ 140.875380272081998, 27.249982774885211 ], [ 140.880026393703133, 27.247028892269611 ], [ 140.875877782433804, 27.243941386585789 ], [ 140.872455005893926, 27.245952775200465 ], [ 140.875373138659484, 27.249999999600334 ], [ 140.875380272081998, 27.249982774885211 ] ] ], [ [ [ 142.206951673181266, 27.48950499985591 ], [ 142.20818167324569, 27.486677495370145 ], [ 142.204787496945528, 27.487921666951422 ], [ 142.206888611820091, 27.48954166701435 ], [ 142.206951673181266, 27.48950499985591 ] ] ], [ [ [ 142.218462218356763, 27.496042775253898 ], [ 142.218831388258081, 27.492453892133483 ], [ 142.218339170416471, 27.496026108118429 ], [ 142.218462218356763, 27.496042775253898 ] ] ], [ [ [ 142.211408340022899, 27.502242224798863 ], [ 142.214809170406966, 27.489349999902629 ], [ 142.203884720603469, 27.498505828581187 ], [ 142.211345278661724, 27.502273333247786 ], [ 142.211408340022899, 27.502242224798863 ] ] ], [ [ [ 142.171120557767608, 27.625908333003224 ], [ 142.171579442237544, 27.623279441093359 ], [ 142.171096667277425, 27.625926946271591 ], [ 142.171120557767608, 27.625908333003224 ] ] ], [ [ [ 142.175066666893258, 27.63588666723598 ], [ 142.185762776131241, 27.626635828780536 ], [ 142.185491946196407, 27.619473892406234 ], [ 142.177736109234161, 27.626521667041345 ], [ 142.175485006328017, 27.621807494620214 ], [ 142.17204000034576, 27.625741945834193 ], [ 142.169766108619115, 27.634186667081053 ], [ 142.175000000149907, 27.635899360267331 ], [ 142.175066666893258, 27.63588666723598 ] ] ], [ [ [ 142.157072502594019, 27.664433333431646 ], [ 142.158311673045318, 27.654768892270624 ], [ 142.157025279193363, 27.664448054434217 ], [ 142.157072502594019, 27.664433333431646 ] ] ], [ [ [ 142.126970557845084, 27.680828054371261 ], [ 142.125872217628853, 27.677620278752897 ], [ 142.123561388047733, 27.679185278977513 ], [ 142.126973605647436, 27.680940000180897 ], [ 142.126970557845084, 27.680828054371261 ] ] ], [ [ [ 142.131246666900211, 27.688738332807873 ], [ 142.132820000242873, 27.685486946365529 ], [ 142.142482775859435, 27.688851107792459 ], [ 142.148126939007057, 27.683622774971127 ], [ 142.146917224050753, 27.671218613048609 ], [ 142.138608340002975, 27.672690558622435 ], [ 142.138951945775716, 27.678778333053685 ], [ 142.134689441664477, 27.68171082889171 ], [ 142.131106394244739, 27.678378891972329 ], [ 142.123923332795584, 27.683508892021791 ], [ 142.131306938564421, 27.688774161798165 ], [ 142.131246666900211, 27.688738332807873 ] ] ], [ [ [ 142.106717497114914, 27.718017495011452 ], [ 142.110588611775029, 27.717569162287077 ], [ 142.10665055787706, 27.718014720602923 ], [ 142.106717497114914, 27.718017495011452 ] ] ], [ [ [ 142.124521388251537, 27.718188054135453 ], [ 142.126522217926095, 27.716959162035778 ], [ 142.124450557647151, 27.718192225191103 ], [ 142.124521388251537, 27.718188054135453 ] ] ], [ [ [ 142.09657167314424, 27.720539999821199 ], [ 142.102895551088864, 27.716203333117392 ], [ 142.096471115449731, 27.720512225159098 ], [ 142.09657167314424, 27.720539999821199 ] ] ] ] } },
{ "type": "Feature", "properties": { "regioncode": "1310800", "regionname": "東京都江東区", "name": "江東区", "namekana": "こうとうく", "PrefCode": "13" }, "geometry": { "type": "MultiPolygon", "coordinates": [ [ [ [ 139.79447687430843, 35.592182251909549 ], [ 139.804425836683208, 35.597639613277693 ], [ 139.799939363610974, 35.595229747654912 ], [ 139.79447687430843, 35.592182251909549 ] ] ], [ [ [ 139.810197431966117, 35.593761404765189 ], [ 139.805596187414267, 35.599405432115191 ], [ 139.820271750840789, 35.607490251873799 ], [ 139.827142957081946, 35.596980000127076 ], [ 139.813551024560297, 35.589655639896023 ], [ 139.811889831051076, 35.591666666983258 ], [ 139.810197431966117, 35.593761404765189 ] ] ], [ [ [ 139.804375006101736, 35.600614253145295 ], [ 139.800299882933359, 35.598536413624629 ], [ 139.804346161246372, 35.600648947191189 ], [ 139.804375006101736, 35.600614253145295 ] ] ], [ [ [ 139.819368495160006, 35.608985369379354 ], [ 139.824441919758897, 35.609977999684986 ], [ 139.821474683110182, 35.609389612840403 ], [ 139.819368495160006, 35.608985369379354 ] ] ], [ [ [ 139.810091336246273, 35.613546639965534 ], [ 139.818944228293617, 35.608875802276486 ], [ 139.790436472165538, 35.592485468229825 ], [ 139.798524086117709, 35.606791775420163 ], [ 139.810051971121652, 35.613369863828211 ], [ 139.810091336246273, 35.613546639965534 ] ] ], [ [ [ 139.821995122576936, 35.619217773781259 ], [ 139.817690544583002, 35.617583495182203 ], [ 139.821958533659426, 35.619283405404872 ], [ 139.821995122576936, 35.619217773781259 ] ] ], [ [ [ 139.797627587942884, 35.617379694417423 ], [ 139.794406860288404, 35.613909027179886 ], [ 139.785288144832066, 35.625133360416328 ], [ 139.789878145160287, 35.627622639773051 ], [ 139.797657807861583, 35.617411080756824 ], [ 139.797627587942884, 35.617379694417423 ] ] ], [ [ [ 139.820821284274871, 35.628827666563609 ], [ 139.807254358302089, 35.627130386857914 ], [ 139.820757249847247, 35.628822531434707 ], [ 139.820821284274871, 35.628827666563609 ] ] ], [ [ [ 139.783336667253479, 35.620997414299268 ], [ 139.792628119092456, 35.609578911137874 ], [ 139.786729830917011, 35.601840449976862 ], [ 139.773047327672089, 35.615332838339896 ], [ 139.771349689136855, 35.623138306187911 ], [ 139.7823763423944, 35.62950860533789 ], [ 139.783333332567281, 35.62100153229494 ], [ 139.783336667253479, 35.620997414299268 ] ] ], [ [ [ 139.840115772025342, 35.631160134732511 ], [ 139.838683917329035, 35.614207334101252 ], [ 139.835524331882425, 35.612490135311532 ], [ 139.832486977791859, 35.616226748265888 ], [ 139.828045667773381, 35.612034838237264 ], [ 139.83293564236601, 35.61973905411412 ], [ 139.827417056052354, 35.619797775347081 ], [ 139.82585131028975, 35.63069908109776 ], [ 139.840144188803379, 35.631523414074366 ], [ 139.840115772025342, 35.631160134732511 ] ] ], [ [ [ 139.818451945700758, 35.639556693686529 ], [ 139.809650895072764, 35.637525305948145 ], [ 139.816751725212043, 35.639393440654828 ], [ 139.818451945700758, 35.639556693686529 ] ] ], [ [ [ 139.824808755020058, 35.639673773725747 ], [ 139.832768495269875, 35.638205440728541 ], [ 139.82115836636558, 35.634060945656188 ], [ 139.820099274362065, 35.639048252075213 ], [ 139.826128559585413, 35.642830305973916 ], [ 139.824945746049366, 35.639973134652507 ], [ 139.824808755020058, 35.639673773725747 ] ] ], [ [ [ 139.782467755782363, 35.639003053947818 ], [ 139.790212361111685, 35.643395585637791 ], [ 139.78251985710574, 35.639013891677791 ], [ 139.782467755782363, 35.639003053947818 ] ] ], [ [ [ 139.796673216595764, 35.646701359480232 ], [ 139.790858222728843, 35.643843802349636 ], [ 139.796769495315971, 35.646749802361569 ], [ 139.796673216595764, 35.646701359480232 ] ] ], [ [ [ 139.833740194754228, 35.702895666601762 ], [ 139.847706303703035, 35.694967026706991 ], [ 139.845542970131987, 35.656716774559527 ], [ 139.842958469657674, 35.656821098614842 ], [ 139.840254163299051, 35.633892224746432 ], [ 139.820629467875733, 35.629743359868201 ], [ 139.821247004445809, 35.633439972776557 ], [ 139.833675331151653, 35.634625081382467 ], [ 139.83448036287848, 35.644067613029961 ], [ 139.808124136719584, 35.640462053780823 ], [ 139.80772116669857, 35.645553224701587 ], [ 139.806990466636762, 35.63690074837092 ], [ 139.801369468226426, 35.636358964394731 ], [ 139.80219272381521, 35.626223864839517 ], [ 139.798856057361263, 35.62176427879848 ], [ 139.792020504742595, 35.629870224531317 ], [ 139.787298780714195, 35.627269225994041 ], [ 139.778665667686482, 35.637369638697919 ], [ 139.796288444356264, 35.643176053931768 ], [ 139.797693968701765, 35.647863558756285 ], [ 139.793986134952206, 35.650826386928259 ], [ 139.794697612904542, 35.647216504638038 ], [ 139.780161284315909, 35.639354386695629 ], [ 139.77608610898676, 35.642032440944433 ], [ 139.792418638209597, 35.652934197255433 ], [ 139.787165356396144, 35.672281027347594 ], [ 139.792635746242809, 35.684374612898125 ], [ 139.7904013356532, 35.689292945812838 ], [ 139.80946666715306, 35.68699264009831 ], [ 139.811468949232676, 35.691908748090327 ], [ 139.819694527280717, 35.693033748708615 ], [ 139.818689611336595, 35.708007639740856 ], [ 139.83333741898673, 35.702899054347938 ], [ 139.833740194754228, 35.702895666601762 ] ] ] ] } },
{ "type": "Feature", "properties": { "regioncode": "1311100", "regionname": "東京都大田区", "name": "大田区", "namekana": "おおたく", "PrefCode": "13" }, "geometry": { "type": "MultiPolygon", "coordinates": [ [ [ [ 139.816666667332925, 35.533259134601451 ], [ 139.802451414701068, 35.520966306050241 ], [ 139.79984703021637, 35.522917504839029 ], [ 139.819801919822794, 35.542383252285333 ], [ 139.826027781556945, 35.541570170726857 ], [ 139.816669364399672, 35.533261504315021 ], [ 139.816666667332925, 35.533259134601451 ] ] ], [ [ [ 139.764228911135433, 35.575000000050011 ], [ 139.77380199736433, 35.574520531897065 ], [ 139.765610557581226, 35.564896332699618 ], [ 139.757141219192022, 35.571500559003653 ], [ 139.757608443075242, 35.574460387037277 ], [ 139.764228911135433, 35.57500002702966 ], [ 139.764228911135433, 35.575000000050011 ] ] ], [ [ [ 139.775003113003322, 35.592665386598355 ], [ 139.776778910718235, 35.59028766724208 ], [ 139.76905896210144, 35.584010676351681 ], [ 139.772886640406227, 35.587473756908423 ], [ 139.773329804726814, 35.583261495221905 ], [ 139.776044526134001, 35.585586224724523 ], [ 139.773440584115747, 35.583180702827235 ], [ 139.777797497256756, 35.587161225410284 ], [ 139.784024253816369, 35.586050170578972 ], [ 139.78183191980736, 35.584432774952631 ], [ 139.787532776216722, 35.580059468969353 ], [ 139.785135499303919, 35.577249504860788 ], [ 139.766670467068479, 35.577144197846508 ], [ 139.770409481212596, 35.58106468528706 ], [ 139.767812996372754, 35.581516000163333 ], [ 139.75584041460354, 35.577073919425914 ], [ 139.749474980785749, 35.58886186498313 ], [ 139.762567497292252, 35.585009747601816 ], [ 139.762561725443334, 35.594609468152498 ], [ 139.766797004378304, 35.592565278564791 ], [ 139.773148885412752, 35.595756846601262 ], [ 139.77499999955046, 35.592669559452645 ], [ 139.775003113003322, 35.592665386598355 ] ] ], [ [ [ 139.685938833310615, 35.611813505189161 ], [ 139.693833280981153, 35.609268225048595 ], [ 139.701067444606906, 35.601413504929383 ], [ 139.714485524687234, 35.599969027348777 ], [ 139.719183280883726, 35.5918481978361 ], [ 139.728241633844391, 35.594382892056899 ], [ 139.730108274777081, 35.587371504891109 ], [ 139.746541310433145, 35.590169062851999 ], [ 139.752097224007798, 35.578962665694519 ], [ 139.749872114206823, 35.576186468430819 ], [ 139.756355253092465, 35.569070640297866 ], [ 139.749784227959822, 35.566625801839336 ], [ 139.754952581396537, 35.561546224978372 ], [ 139.758591777088895, 35.564367802032507 ], [ 139.763733256084947, 35.560462532020267 ], [ 139.770996666562951, 35.568973721260306 ], [ 139.7864665238111, 35.569987693377414 ], [ 139.809098663672444, 35.538619801762479 ], [ 139.794898418027628, 35.532132865039728 ], [ 139.781957562291723, 35.538830467951811 ], [ 139.776496380603589, 35.534469999790701 ], [ 139.756853580028746, 35.54450174835705 ], [ 139.7395952527188, 35.545155945790327 ], [ 139.7342924380456, 35.540897081235357 ], [ 139.726563281270501, 35.543574864788241 ], [ 139.715950726245069, 35.537666559963839 ], [ 139.700741530297478, 35.537773278913733 ], [ 139.697935472843824, 35.544663837666008 ], [ 139.703735525374213, 35.552607694089886 ], [ 139.678789727563981, 35.562987748285991 ], [ 139.66870868985427, 35.585590224909026 ], [ 139.663801440184329, 35.589805531699994 ], [ 139.655138638737299, 35.590146360366305 ], [ 139.658194774269532, 35.593523865034399 ], [ 139.652974772767607, 35.595936918753864 ], [ 139.659689806339543, 35.599977170709906 ], [ 139.66967011728218, 35.599100505284127 ], [ 139.675653449846891, 35.591786891951529 ], [ 139.680669584933412, 35.594904360347982 ], [ 139.680410999268247, 35.604400468207075 ], [ 139.684757134034612, 35.605337693979436 ], [ 139.685889390383068, 35.611847387147236 ], [ 139.685938833310615, 35.611813505189161 ] ] ], [ [ [ 139.805638183910759, 35.585562976783294 ], [ 139.793950965667477, 35.591827956343813 ], [ 139.804425836683208, 35.597639613277693 ], [ 139.81171486434971, 35.588638540836143 ], [ 139.805832477087279, 35.585447748015326 ], [ 139.805638183910759, 35.585562976783294 ] ] ] ] } }
]
}
