{
"type": "FeatureCollection",
"name": "21_gifu_region",
"crs": { "type": "name", "properties": { "name": "urn:ogc:def:crs:OGC:1.3:CRS84" } },
"features": [
{ "type": "Feature", "properties": { "regioncode": "2120100", "regionname": "岐阜県岐阜市", "name": "岐阜市", "namekana": "ぎふし", "PrefCode": "21" }, "geometry": { "type": "Polygon", "coordinates": [ [ [ 136.699807977056594, 35.542727278940845 ], [ 136.711023190268065, 35.527338170919904 ], [ 136.716240116987819, 35.526220667050211 ], [ 136.717500389131715, 35.520665972956351 ], [ 136.729740362727625, 35.517319892399144 ], [ 136.736822282822118, 35.507934919161244 ], [ 136.743475641787541, 35.511009053724877 ], [ 136.755252826956507, 35.503984360190145 ], [ 136.759851166698013, 35.506459919489771 ], [ 136.773651971261529, 35.490758585740195 ], [ 136.789350609742883, 35.491843305724046 ], [ 136.793099753850584, 35.484321666611663 ], [ 136.799585304718107, 35.484982775334856 ], [ 136.799733942867192, 35.492194133952182 ], [ 136.803878948754573, 35.493125279408162 ], [ 136.805342971301116, 35.501009973031898 ], [ 136.800860338334019, 35.504778027184273 ], [ 136.814718418020675, 35.510125801664458 ], [ 136.809415913613634, 35.524781332692385 ], [ 136.815217860116263, 35.531725224839306 ], [ 136.826274812432757, 35.530588586094439 ], [ 136.834563411372415, 35.523807467640552 ], [ 136.835282581226238, 35.518752506123292 ], [ 136.840187030407151, 35.518456107563338 ], [ 136.840440920712012, 35.512373053673514 ], [ 136.846135357760659, 35.506878640237119 ], [ 136.860622023088013, 35.508140864809093 ], [ 136.858977029966013, 35.50091474831703 ], [ 136.851278416865512, 35.505276134685914 ], [ 136.843570077597064, 35.499704466787762 ], [ 136.845778690234397, 35.497196414083305 ], [ 136.842497860887647, 35.496326694121706 ], [ 136.840348948844962, 35.476263359766278 ], [ 136.834920337004064, 35.467058640344021 ], [ 136.837600337385766, 35.463354197937917 ], [ 136.850070077871806, 35.469348081348926 ], [ 136.856647859611144, 35.463890864771656 ], [ 136.873422892152803, 35.463850306246684 ], [ 136.886170440413593, 35.455916387331456 ], [ 136.882328470082939, 35.445415278092639 ], [ 136.869049248024453, 35.444156972766109 ], [ 136.871881479346825, 35.43662086536068 ], [ 136.860212827060423, 35.434306441189335 ], [ 136.858798366151746, 35.425244505329715 ], [ 136.845134720790838, 35.424544224836154 ], [ 136.842118638364582, 35.431176170943559 ], [ 136.815598858800399, 35.427370640242884 ], [ 136.81781383863779, 35.41892646758248 ], [ 136.813624357678009, 35.400584279141242 ], [ 136.816892698139554, 35.396134865331817 ], [ 136.813238494560892, 35.393809027864393 ], [ 136.816445162214563, 35.390470414378171 ], [ 136.812952114448535, 35.387406801882435 ], [ 136.803607029740647, 35.387114747947294 ], [ 136.789545447864157, 35.399034305688701 ], [ 136.782336549792035, 35.399429305917806 ], [ 136.768904577883973, 35.393156801745079 ], [ 136.76473347636886, 35.383142919110469 ], [ 136.766664306412622, 35.379845721203139 ], [ 136.754581777127328, 35.375566504990275 ], [ 136.751811777091916, 35.369717666936822 ], [ 136.757379532939126, 35.364987946136864 ], [ 136.744700362831509, 35.363551558857409 ], [ 136.743038689983564, 35.359128225387337 ], [ 136.733328417572466, 35.361222386703844 ], [ 136.72208756199143, 35.351658225346853 ], [ 136.717201166700534, 35.355548774356521 ], [ 136.708439222192396, 35.351741838015471 ], [ 136.699845330397693, 35.356767640814041 ], [ 136.688419195589518, 35.352340135388999 ], [ 136.690584772968919, 35.366790693835526 ], [ 136.706495941034859, 35.387314304811355 ], [ 136.697922918008317, 35.407518439724242 ], [ 136.69328819709267, 35.407664000393368 ], [ 136.693026524054858, 35.421308413752342 ], [ 136.698871556177437, 35.421583973221857 ], [ 136.698084111592493, 35.462907802353243 ], [ 136.692564086363518, 35.463115865904513 ], [ 136.683079390001922, 35.475460558358122 ], [ 136.685858001945348, 35.482904441187088 ], [ 136.69826525303904, 35.483039414137693 ], [ 136.698800829894481, 35.491537198083279 ], [ 136.691369973745395, 35.492486640246284 ], [ 136.694632217702747, 35.494508279333672 ], [ 136.691263916696471, 35.500843558883162 ], [ 136.698204475056514, 35.503182414037212 ], [ 136.694574227618546, 35.510950442209207 ], [ 136.682865356750881, 35.51562572075045 ], [ 136.689884033821158, 35.526980107645898 ], [ 136.678685719770215, 35.536224837905991 ], [ 136.693454890930525, 35.538293135619767 ], [ 136.69965686127523, 35.542863667424342 ], [ 136.699807977056594, 35.542727278940845 ] ] ] } },
{ "type": "Feature", "properties": { "regioncode": "2120200", "regionname": "岐阜県大垣市", "name": "大垣市", "namekana": "おおがきし", "PrefCode": "21" }, "geometry": { "type": "MultiPolygon", "coordinates": [ [ [ [ 136.498352529046088, 35.360517134758027 ], [ 136.510640271931038, 35.346156000399162 ], [ 136.52177194621845, 35.348671000366437 ], [ 136.527709728121522, 35.345595134607834 ], [ 136.526937497367726, 35.341101802406286 ], [ 136.536195253408323, 35.33148986456564 ], [ 136.533067198192725, 35.325457919147709 ], [ 136.515902476817928, 35.333275440609157 ], [ 136.506993839394227, 35.321713504574632 ], [ 136.509515772235204, 35.314542387920937 ], [ 136.516450505686407, 35.30951405443011 ], [ 136.515415771820471, 35.303829613346011 ], [ 136.522469364169865, 35.301484026766502 ], [ 136.518603527630717, 35.293125694395314 ], [ 136.523670467218381, 35.289728197798127 ], [ 136.520887134733584, 35.285722918677834 ], [ 136.524979078821502, 35.282075135359264 ], [ 136.521494086283155, 35.278561802485228 ], [ 136.525467107621012, 35.268940134879358 ], [ 136.522493501973599, 35.264519865399507 ], [ 136.527667951015246, 35.257532640319141 ], [ 136.516010998908541, 35.253893747698328 ], [ 136.510659053372706, 35.238441531551473 ], [ 136.502586549829516, 35.234765999651188 ], [ 136.497086278209281, 35.237928505196408 ], [ 136.489449078911889, 35.235519891429874 ], [ 136.482446861233711, 35.239805467648239 ], [ 136.481108520741714, 35.234975747632689 ], [ 136.47303075166792, 35.237432135184918 ], [ 136.470272698226495, 35.232693801577739 ], [ 136.466137419406436, 35.23801797335085 ], [ 136.440828833284058, 35.216732721138214 ], [ 136.434539390380678, 35.220448279164827 ], [ 136.430901335927956, 35.229404387302679 ], [ 136.412010220195612, 35.218447197680064 ], [ 136.377402750236797, 35.242990531787655 ], [ 136.379214967796543, 35.247504694086388 ], [ 136.389154423437958, 35.249766640118423 ], [ 136.396962190852491, 35.257731332934725 ], [ 136.39354136224415, 35.261912999685251 ], [ 136.395960803848084, 35.280229386576991 ], [ 136.390951634010776, 35.289500225055406 ], [ 136.399380557766563, 35.29943272084347 ], [ 136.408466641322548, 35.298119108110427 ], [ 136.421788028994456, 35.287847441106578 ], [ 136.429549144077782, 35.299441054860836 ], [ 136.425728584806393, 35.306738278948444 ], [ 136.438807756273036, 35.306586333092866 ], [ 136.457468858700963, 35.314804360432959 ], [ 136.455264137430049, 35.327887972751796 ], [ 136.465956666467036, 35.343773838391996 ], [ 136.472104694576046, 35.342696053979751 ], [ 136.482979443346721, 35.359404360422957 ], [ 136.491203060872635, 35.357436865019338 ], [ 136.4982561352125, 35.360588801731865 ], [ 136.498352529046088, 35.360517134758027 ] ] ], [ [ [ 136.682569299933334, 35.369968225253444 ], [ 136.690584772968919, 35.366790693835526 ], [ 136.688676134595994, 35.345831801996098 ], [ 136.682769755220079, 35.344218748296669 ], [ 136.672209363571369, 35.347275640158728 ], [ 136.676325331249132, 35.363309865158215 ], [ 136.672847833660626, 35.367183801890974 ], [ 136.682386199763414, 35.370202774738289 ], [ 136.682569299933334, 35.369968225253444 ] ] ], [ [ [ 136.565472892160301, 35.409595387117463 ], [ 136.575672892190255, 35.404412333362529 ], [ 136.578228444387264, 35.408574558569057 ], [ 136.585012334551607, 35.408155107572213 ], [ 136.593677301566231, 35.398313721201305 ], [ 136.600001192101445, 35.39789233306476 ], [ 136.600132581253661, 35.393221505268286 ], [ 136.60618508427433, 35.391701224731776 ], [ 136.610764811646845, 35.404596504625033 ], [ 136.622805083587764, 35.403847333387773 ], [ 136.621601751120011, 35.392977053348375 ], [ 136.626714772868581, 35.388767612835125 ], [ 136.644403968968049, 35.387293999918199 ], [ 136.65649394284128, 35.376919559290286 ], [ 136.657928910990563, 35.351486251589279 ], [ 136.653693891060243, 35.343926531584202 ], [ 136.656735837089286, 35.340694864576392 ], [ 136.639179169583031, 35.334810945768595 ], [ 136.640922166325026, 35.314685667009996 ], [ 136.619526302896588, 35.302243999760833 ], [ 136.613940752164012, 35.294422891803094 ], [ 136.595205472754401, 35.302584558630542 ], [ 136.594512724082961, 35.31695261327252 ], [ 136.585812191579407, 35.321935387108454 ], [ 136.58927247704321, 35.32775122543876 ], [ 136.582784137378098, 35.329385387125967 ], [ 136.581862775646641, 35.341043440902126 ], [ 136.560597497376648, 35.343919278551937 ], [ 136.562166135358893, 35.34785038698584 ], [ 136.55865583679747, 35.347053171266907 ], [ 136.556480311117525, 35.352106225322075 ], [ 136.558106692769684, 35.358430107763297 ], [ 136.562959196210045, 35.358495386852667 ], [ 136.560675616086883, 35.370213721286234 ], [ 136.542776743951663, 35.377728171218166 ], [ 136.547708974989291, 35.380112053628409 ], [ 136.548371478560966, 35.387260946235756 ], [ 136.541186226363266, 35.398149837744882 ], [ 136.549092334643547, 35.396920108376378 ], [ 136.549237327840501, 35.392937612680726 ], [ 136.555195939840814, 35.397773720580801 ], [ 136.546918999712148, 35.398345666919056 ], [ 136.549890661025302, 35.398398171138751 ], [ 136.54575622576931, 35.401456224924914 ], [ 136.548370116987371, 35.407279837894237 ], [ 136.56506204857476, 35.409684838184774 ], [ 136.565472892160301, 35.409595387117463 ] ] ] ] } },
{ "type": "Feature", "properties": { "regioncode": "2120300", "regionname": "岐阜県高山市", "name": "高山市", "namekana": "たかやまし", "PrefCode": "21" }, "geometry": { "type": "Polygon", "coordinates": [ [ [ 137.578264449444873, 36.392661865053071 ], [ 137.58734719831466, 36.389800530769946 ], [ 137.587086549604692, 36.371964171409445 ], [ 137.617998171078852, 36.365125946005662 ], [ 137.635470506458773, 36.342549865384058 ], [ 137.645422412314588, 36.341715441114786 ], [ 137.646365668041199, 36.330231837829103 ], [ 137.652433917291546, 36.322009332764537 ], [ 137.648831854606442, 36.309107081326772 ], [ 137.653056835404641, 36.304674558584054 ], [ 137.646858715957023, 36.296452333208663 ], [ 137.647820609233804, 36.289051749138991 ], [ 137.629043086869046, 36.27862591855137 ], [ 137.620924449004178, 36.266675053610868 ], [ 137.61473944077261, 36.264777000258391 ], [ 137.605923280635011, 36.248786720630733 ], [ 137.596350219587066, 36.2429761712134 ], [ 137.589679299560089, 36.228603414016391 ], [ 137.583197107660453, 36.226910053556196 ], [ 137.58302538301507, 36.220396468122544 ], [ 137.573057639198737, 36.218654802377273 ], [ 137.578569974324864, 36.197538694655066 ], [ 137.595088781022469, 36.190739802000337 ], [ 137.590933476099053, 36.185932865409484 ], [ 137.595063644971333, 36.172048170286871 ], [ 137.590842477298565, 36.163799558802623 ], [ 137.57051547341041, 36.155616197629456 ], [ 137.567959558786697, 36.147668693555431 ], [ 137.554721440242361, 36.140198973204122 ], [ 137.560551335875516, 36.130241747858406 ], [ 137.557084811814661, 36.118057864978539 ], [ 137.55020033697599, 36.112892865113679 ], [ 137.573427497081411, 36.08768263874282 ], [ 137.592790310824284, 36.080944640083146 ], [ 137.596814448727855, 36.075841027041804 ], [ 137.612958948596656, 36.077185775203418 ], [ 137.610931114979053, 36.067255224648932 ], [ 137.614783605578964, 36.062127999907318 ], [ 137.597859363818657, 36.042407441250475 ], [ 137.600223501613414, 36.028571359880402 ], [ 137.590450660669489, 36.00666083782744 ], [ 137.575715887678143, 35.995492775171499 ], [ 137.569113942954118, 35.995693585690503 ], [ 137.544787197970891, 35.98410386510136 ], [ 137.541982723324054, 35.966628053841646 ], [ 137.532557392109993, 35.961617225654493 ], [ 137.524519000751297, 35.942463640084952 ], [ 137.50355610872748, 35.939887801880616 ], [ 137.483431284126482, 35.913788108234655 ], [ 137.473489831990264, 35.917715306416312 ], [ 137.445531414143488, 35.940910838264642 ], [ 137.440878365943945, 35.95907358587732 ], [ 137.428513579937771, 35.962455224728899 ], [ 137.423125810807619, 35.970906612650083 ], [ 137.40151788634148, 35.966921586262231 ], [ 137.400002335339536, 35.961628801727898 ], [ 137.385178612203276, 35.951145467589299 ], [ 137.367690751826785, 35.945291306448667 ], [ 137.36453627812682, 35.951119080581179 ], [ 137.370009921720566, 35.958099333217717 ], [ 137.367617977787518, 35.962377386607159 ], [ 137.370210245706289, 35.968804333153514 ], [ 137.355754448708922, 35.975999054312979 ], [ 137.349174838647968, 35.98854405366518 ], [ 137.342374305629733, 35.989790171379354 ], [ 137.34473411228953, 36.002031558709518 ], [ 137.291309144201705, 35.985533467895266 ], [ 137.283621698882371, 35.98952789219851 ], [ 137.278999753735661, 35.985705108004368 ], [ 137.268757302107815, 35.989989532191203 ], [ 137.26130980490359, 35.987190919325542 ], [ 137.259142050265496, 35.992880359740866 ], [ 137.246090168726369, 35.99766422512397 ], [ 137.234633061266777, 36.013271107575633 ], [ 137.233783916894367, 36.021505000755212 ], [ 137.201189857226154, 36.028838251684022 ], [ 137.196331581936988, 36.037604612762721 ], [ 137.184704112304985, 36.037135692758056 ], [ 137.174416589354223, 36.028697333315336 ], [ 137.170215226551477, 36.029279000425561 ], [ 137.153105187554388, 36.015568387071482 ], [ 137.148080168964725, 36.004108945871224 ], [ 137.130601245151411, 35.996377612736694 ], [ 137.120883722405893, 35.985672387071077 ], [ 137.116748391425176, 35.972587414077964 ], [ 137.105235032271025, 35.958406919343929 ], [ 137.120035278605314, 35.950394171254061 ], [ 137.120917471264306, 35.946131667142765 ], [ 137.106764085694067, 35.92712810827561 ], [ 137.093651581755125, 35.928145333240593 ], [ 137.089900467232837, 35.918043693861421 ], [ 137.093637950730908, 35.90931650455309 ], [ 137.090257366784158, 35.898384306190849 ], [ 137.084613191045946, 35.897511532131546 ], [ 137.083949053406172, 35.907695386632838 ], [ 137.07192016868089, 35.913725054068038 ], [ 137.065220220336982, 35.932987775965159 ], [ 137.069077757032915, 35.939152224795407 ], [ 137.057888053990609, 35.947996639833093 ], [ 137.049585862697427, 35.960527721277344 ], [ 137.03933194651222, 35.953699945995766 ], [ 137.024016977701422, 35.96064658557151 ], [ 137.019239467827219, 35.959373802059361 ], [ 137.016670000420277, 35.952596864553698 ], [ 137.008209442112161, 35.951022972732062 ], [ 136.997699973674912, 35.939164052678962 ], [ 136.99821605682564, 35.928795439657847 ], [ 136.991706887063287, 35.928013532198804 ], [ 136.982913255842163, 35.917527197921913 ], [ 136.971994112038715, 35.924512747565302 ], [ 136.972479974371367, 35.938158305761249 ], [ 136.968469728295418, 35.94849164017711 ], [ 136.971531971123682, 35.956823305850946 ], [ 136.96607533101178, 35.9609644140765 ], [ 136.959379558220121, 35.978525026908528 ], [ 136.944674306374168, 35.983454774917959 ], [ 136.941732945019453, 35.990504775375143 ], [ 136.93724851970353, 35.9889958919469 ], [ 136.930705810624772, 36.005855919415183 ], [ 136.906667860433458, 36.013045586384749 ], [ 136.908063696382555, 36.016384504741154 ], [ 136.903695940115654, 36.018403360426817 ], [ 136.902963475583988, 36.023599775409366 ], [ 136.894534356675308, 36.027721972690927 ], [ 136.88190992200532, 36.018188306445211 ], [ 136.845396355157732, 36.008448198125905 ], [ 136.83780108854944, 36.001435918832613 ], [ 136.82961253019414, 36.01145819843714 ], [ 136.814995887650184, 36.011965198435234 ], [ 136.806899338933363, 36.028461945662286 ], [ 136.797155473246562, 36.031538639696521 ], [ 136.801850803971433, 36.042988666793576 ], [ 136.795931140709627, 36.051048134663745 ], [ 136.777288391646039, 36.052644585978896 ], [ 136.768332892349122, 36.057487946011975 ], [ 136.763998249119936, 36.074446306252071 ], [ 136.754284448668386, 36.086290224714162 ], [ 136.756178106134712, 36.099111919379652 ], [ 136.764956783428829, 36.105608279198805 ], [ 136.788150025603272, 36.097698802058119 ], [ 136.798658106386597, 36.106076027386791 ], [ 136.80714224401936, 36.105489333066316 ], [ 136.818318520183652, 36.093010135309555 ], [ 136.844191244730268, 36.097640386594605 ], [ 136.856939856888971, 36.105361251620536 ], [ 136.877207522609183, 36.101964306307764 ], [ 136.896254721078549, 36.105937639710362 ], [ 136.900444942180457, 36.101242080557597 ], [ 136.914512140323041, 36.100794586001371 ], [ 136.924769559367746, 36.094337387160749 ], [ 136.934857638769131, 36.104754613035027 ], [ 136.932635188263362, 36.112572666895119 ], [ 136.955334617198901, 36.118579360249328 ], [ 136.956027977409349, 36.12780853313734 ], [ 136.938411970835887, 36.142173225214208 ], [ 136.933158911154919, 36.142707945915049 ], [ 136.938549805429261, 36.155882945541578 ], [ 136.937141504876649, 36.163485413920796 ], [ 136.943856251564853, 36.170572360326219 ], [ 136.947036277702068, 36.18113653182553 ], [ 136.947724448824374, 36.20978400033141 ], [ 136.964360466862104, 36.194919279800956 ], [ 136.976610169323862, 36.194586775259495 ], [ 136.982792088384258, 36.190564587086101 ], [ 136.999104863998355, 36.194800134918353 ], [ 137.010828716671995, 36.189298224733363 ], [ 137.021618171041837, 36.189502693694408 ], [ 137.031232918364594, 36.197076559135951 ], [ 137.047563450193138, 36.195156558728229 ], [ 137.05110396867326, 36.191287386603676 ], [ 137.060233190909116, 36.199293468019164 ], [ 137.069698443928132, 36.197864558602532 ], [ 137.086215227151115, 36.216593864715151 ], [ 137.100864694949792, 36.219654612870158 ], [ 137.106365772362551, 36.216835973001821 ], [ 137.105627392989845, 36.204200468576801 ], [ 137.113265641796033, 36.189757972552457 ], [ 137.121998949192175, 36.183222134294112 ], [ 137.137478443575333, 36.191745586689535 ], [ 137.14145849491365, 36.20160274806841 ], [ 137.155402672095761, 36.201122666577874 ], [ 137.15965275027429, 36.214406747673308 ], [ 137.17714994831158, 36.211827865263842 ], [ 137.188201946262893, 36.222179775176528 ], [ 137.206796328887549, 36.213107944975718 ], [ 137.201945252671294, 36.219502333366052 ], [ 137.204958611950474, 36.223000134948336 ], [ 137.195874747022003, 36.231309531609668 ], [ 137.207013969319291, 36.241018467628237 ], [ 137.212788418151035, 36.241675720957801 ], [ 137.215797859983354, 36.245566000170811 ], [ 137.213633164838711, 36.251391838062943 ], [ 137.219960972820672, 36.256536026716333 ], [ 137.23941732774756, 36.255019134825261 ], [ 137.246984863760531, 36.262809171206356 ], [ 137.263769339183682, 36.268525306198001 ], [ 137.276041634414014, 36.286240613213806 ], [ 137.316444135988149, 36.289082612972265 ], [ 137.329151337064673, 36.286651533241695 ], [ 137.336592529121958, 36.29983817099486 ], [ 137.363989779005124, 36.296538749064098 ], [ 137.365367885719365, 36.302943198170112 ], [ 137.371414034130453, 36.30689125163002 ], [ 137.365700999101932, 36.312644026800456 ], [ 137.369943838637255, 36.318973720660722 ], [ 137.360347755844373, 36.328763720669201 ], [ 137.363436938763812, 36.33358036004563 ], [ 137.35852172469788, 36.34477313517209 ], [ 137.362770362162564, 36.35048702725453 ], [ 137.379074552848351, 36.344035918622808 ], [ 137.400667172651993, 36.342869279393767 ], [ 137.418354812024972, 36.351141775072904 ], [ 137.41351591442799, 36.360134532382801 ], [ 137.422279610815394, 36.370284225236844 ], [ 137.432034111884832, 36.373422000325093 ], [ 137.442977496914068, 36.370829252168278 ], [ 137.443661388162582, 36.367136467673902 ], [ 137.472874059890046, 36.375906747998101 ], [ 137.484108807275675, 36.371096504600075 ], [ 137.49777411188586, 36.382675640168713 ], [ 137.520937197993362, 36.381140108029626 ], [ 137.53997306140775, 36.392700107823771 ], [ 137.559505252565373, 36.387451559142221 ], [ 137.577655279267788, 36.392952134733264 ], [ 137.578264449444873, 36.392661865053071 ] ] ] } },
{ "type": "Feature", "properties": { "regioncode": "2120400", "regionname": "岐阜県多治見市", "name": "多治見市", "namekana": "たじみし", "PrefCode": "21" }, "geometry": { "type": "Polygon", "coordinates": [ [ [ 137.065059300146686, 35.400196252255284 ], [ 137.076760078015241, 35.384893802007412 ], [ 137.079323941746566, 35.373980467824367 ], [ 137.085125577083772, 35.371062171382164 ], [ 137.104545862901318, 35.374048306384282 ], [ 137.112993333375698, 35.369032504946176 ], [ 137.120743332838629, 35.375356080718575 ], [ 137.117227808316784, 35.379326081233728 ], [ 137.123724474804703, 35.384435801571044 ], [ 137.145015551026972, 35.377409413713508 ], [ 137.147254501394173, 35.369206558835685 ], [ 137.151808858891741, 35.368943305689072 ], [ 137.1589385599666, 35.355991107703517 ], [ 137.15582355301467, 35.351619999663285 ], [ 137.145352166369435, 35.349476667014642 ], [ 137.16031880706737, 35.330514720677854 ], [ 137.153690998740672, 35.320520305667628 ], [ 137.163372386726337, 35.319915865025223 ], [ 137.172097393380113, 35.311985585666321 ], [ 137.182358469967426, 35.288703360971397 ], [ 137.175363475643962, 35.284671693943551 ], [ 137.185233475744326, 35.27875891858929 ], [ 137.185086497743782, 35.274663360125999 ], [ 137.175715383058559, 35.270523081075396 ], [ 137.165226783389357, 35.283414748391976 ], [ 137.145601219220907, 35.279826135967426 ], [ 137.131714449362448, 35.293609892082884 ], [ 137.102333748303863, 35.301647504628704 ], [ 137.096033449684001, 35.290554171138126 ], [ 137.081310661058183, 35.29219083833658 ], [ 137.081840699888403, 35.305120838356061 ], [ 137.066769584948474, 35.308971640029199 ], [ 137.063522114154352, 35.318196918852777 ], [ 137.072978807426125, 35.326456919351415 ], [ 137.068217716474464, 35.335681919385138 ], [ 137.061053280884266, 35.339109107998979 ], [ 137.049549104707467, 35.334379666888196 ], [ 137.046144668941338, 35.340205504780272 ], [ 137.045241388079717, 35.350597135049782 ], [ 137.049849754362754, 35.359600468386986 ], [ 137.047775888046885, 35.365363774618572 ], [ 137.054723943155523, 35.368872386951125 ], [ 137.052917302291689, 35.376739891832585 ], [ 137.05620761319085, 35.385111802168012 ], [ 137.068237327990346, 35.393897666843884 ], [ 137.062008716129412, 35.394450694144268 ], [ 137.060179611100239, 35.403108441401514 ], [ 137.064961802845005, 35.400275414179077 ], [ 137.065059300146686, 35.400196252255284 ] ] ] } },
{ "type": "Feature", "properties": { "regioncode": "2120500", "regionname": "岐阜県関市", "name": "関市", "namekana": "せきし", "PrefCode": "21" }, "geometry": { "type": "Polygon", "coordinates": [ [ [ 136.76390963712015, 35.810607198263654 ], [ 136.774385472711515, 35.806673359488002 ], [ 136.776021283755313, 35.798833106762515 ], [ 136.792173476424864, 35.797815918669755 ], [ 136.792828443677763, 35.786642612966261 ], [ 136.800941478766276, 35.781702386955658 ], [ 136.810012308920932, 35.78519155774427 ], [ 136.812387562336198, 35.7798862789287 ], [ 136.827216134616947, 35.775731305855118 ], [ 136.840001141439643, 35.776714639868771 ], [ 136.843217224095724, 35.767626864688111 ], [ 136.835651672886456, 35.765516865411087 ], [ 136.83340411240988, 35.754454081890401 ], [ 136.854746004824278, 35.746172108256246 ], [ 136.85325313922101, 35.72411346786231 ], [ 136.848521996592922, 35.711843440722248 ], [ 136.840187561906532, 35.706815693589419 ], [ 136.839916419906899, 35.699257333359299 ], [ 136.855055499311902, 35.684217774730598 ], [ 136.860598222530029, 35.669833865040914 ], [ 136.871097977389809, 35.665261081333881 ], [ 136.879652969908648, 35.652280026801861 ], [ 136.869460195032048, 35.646992252390589 ], [ 136.87026131021139, 35.636639505209075 ], [ 136.854278807021387, 35.633538945865723 ], [ 136.853921855309409, 35.622602305751855 ], [ 136.847455719905611, 35.617645918924097 ], [ 136.853460168552033, 35.61094289220074 ], [ 136.852674331055596, 35.603354305756682 ], [ 136.841686004205826, 35.593468748284181 ], [ 136.846660998906032, 35.589486838047208 ], [ 136.842531284191523, 35.585438774579814 ], [ 136.843644578334647, 35.579777667305564 ], [ 136.84749486379701, 35.57948961355487 ], [ 136.847054034116468, 35.567454081041035 ], [ 136.839634306178368, 35.564019919084046 ], [ 136.83842150474868, 35.559295505183456 ], [ 136.842668170899401, 35.55025883757537 ], [ 136.854086783778143, 35.546256359843198 ], [ 136.853308716424181, 35.539891107688504 ], [ 136.860653722391476, 35.535467775117752 ], [ 136.862410921227138, 35.524320027247484 ], [ 136.887189830945999, 35.512721198324698 ], [ 136.898806524001998, 35.511670360298922 ], [ 136.895679027265373, 35.514657864968569 ], [ 136.898409584834553, 35.518739802300104 ], [ 136.900855965630399, 35.516857026630532 ], [ 136.90221763903287, 35.526952054193998 ], [ 136.912340194844205, 35.526544531804745 ], [ 136.921893579625021, 35.521309775126099 ], [ 136.932134747020996, 35.522940585939352 ], [ 136.933000583710054, 35.531710558695352 ], [ 136.942230388821486, 35.538399719671361 ], [ 136.944550661284097, 35.546311639370685 ], [ 136.956721854729835, 35.54671466694839 ], [ 136.960113280903215, 35.550104387107808 ], [ 136.955612412382948, 35.563667170803342 ], [ 136.967335279399663, 35.571847693716165 ], [ 136.966003605582046, 35.580972692735656 ], [ 136.974119195644448, 35.584415721108712 ], [ 136.972463359396556, 35.587347946250759 ], [ 136.979013671343978, 35.601244891938279 ], [ 136.9763800256178, 35.603987108318449 ], [ 136.978672528814172, 35.61538958556099 ], [ 136.986611997445834, 35.618989586100554 ], [ 136.980108339628259, 35.64190764022544 ], [ 136.990795032065193, 35.645695946210992 ], [ 136.992406692714781, 35.651358171342565 ], [ 137.018067328344614, 35.65172841413505 ], [ 137.020065693876745, 35.645461467772577 ], [ 137.029667665430452, 35.64194535959075 ], [ 137.040174332479523, 35.650581720969683 ], [ 137.047789610801942, 35.650438108232152 ], [ 137.054774331270437, 35.663631972937253 ], [ 137.048057952312661, 35.673900612823047 ], [ 137.051013747786328, 35.694036721217742 ], [ 137.060643773691254, 35.69104502660673 ], [ 137.065496004636998, 35.685106107960564 ], [ 137.079009636785372, 35.684403026978146 ], [ 137.082436303792406, 35.677233306072253 ], [ 137.101327173110576, 35.678830748440362 ], [ 137.096217134413337, 35.657627466734255 ], [ 137.089281310084402, 35.655764171279543 ], [ 137.085905187674371, 35.649678613677111 ], [ 137.09282516235146, 35.645592251681137 ], [ 137.094422672168662, 35.636806171167905 ], [ 137.0908143322157, 35.63129838661132 ], [ 137.08619571995655, 35.633263387295528 ], [ 137.070814357796394, 35.626825054432743 ], [ 137.071098807064345, 35.623607027442404 ], [ 137.061242437988199, 35.623324532401284 ], [ 137.059059947958303, 35.604625107163031 ], [ 137.053920802702919, 35.598823720938015 ], [ 137.057371945658815, 35.584852081158658 ], [ 137.065367755917237, 35.579702919254373 ], [ 137.063875525235403, 35.575484053846083 ], [ 137.072768275235831, 35.573140441278383 ], [ 137.0712932800609, 35.570509613128195 ], [ 137.051197249953134, 35.559006559305317 ], [ 137.044049196413312, 35.549623532200314 ], [ 137.036261192500092, 35.553388504376016 ], [ 137.028842477198623, 35.539581865011087 ], [ 137.010753216787634, 35.533765747890982 ], [ 137.000462308788542, 35.517363252312293 ], [ 136.99252060983838, 35.517223279131088 ], [ 136.992368080322763, 35.508117721655594 ], [ 136.983366108559153, 35.510814945853099 ], [ 136.96135238660338, 35.505796891613329 ], [ 136.94900094743582, 35.507069972801048 ], [ 136.947194838071368, 35.499041359771013 ], [ 136.950819856851012, 35.495978838152894 ], [ 136.951006809716546, 35.488648558584146 ], [ 136.963984331711572, 35.484047694445621 ], [ 136.953865965841715, 35.473358531571023 ], [ 136.963014331945942, 35.468418801986161 ], [ 136.954445446700106, 35.430940386689542 ], [ 136.94174844393558, 35.42737427889989 ], [ 136.908798858880346, 35.441576612770518 ], [ 136.9047871729897, 35.446248586303284 ], [ 136.881787081808397, 35.44465972076955 ], [ 136.886170440413593, 35.455916387331456 ], [ 136.873312607390972, 35.463898360620874 ], [ 136.856647859611144, 35.463890864771656 ], [ 136.850070077871806, 35.469348081348926 ], [ 136.837600337385766, 35.463354197937917 ], [ 136.834472827159288, 35.469471694063486 ], [ 136.840348948844962, 35.476263359766278 ], [ 136.842497860887647, 35.496326694121706 ], [ 136.845778690234397, 35.497196414083305 ], [ 136.843570077597064, 35.499704466787762 ], [ 136.851278416865512, 35.505276134685914 ], [ 136.858977029966013, 35.50091474831703 ], [ 136.860622023088013, 35.508140864809093 ], [ 136.846135357760659, 35.506878640237119 ], [ 136.840440920712012, 35.512373053673514 ], [ 136.840187030407151, 35.518456107563338 ], [ 136.835282581226238, 35.518752506123292 ], [ 136.834563411372415, 35.523807467640552 ], [ 136.826274812432757, 35.530588586094439 ], [ 136.821382308946454, 35.529306613309586 ], [ 136.80973483839216, 35.53588800043093 ], [ 136.809192048973955, 35.547777135006811 ], [ 136.812614553019216, 35.54736658549956 ], [ 136.813120415374897, 35.554709360248808 ], [ 136.820706251692172, 35.560287135442991 ], [ 136.817988470791306, 35.567111279262178 ], [ 136.813692360813889, 35.565972108026415 ], [ 136.805032944414961, 35.573260972915591 ], [ 136.803394305902543, 35.569056531733622 ], [ 136.793782943628003, 35.571270694087332 ], [ 136.792216006263743, 35.58272483828074 ], [ 136.796416030875207, 35.591614278775978 ], [ 136.785886613676325, 35.597027053555735 ], [ 136.796925473431884, 35.599161225710077 ], [ 136.806567691445821, 35.609424000217473 ], [ 136.803574941930037, 35.616311503972781 ], [ 136.807062165686489, 35.623474837893525 ], [ 136.803463553700112, 35.633737053921948 ], [ 136.80621966280728, 35.637843441121959 ], [ 136.805369415865925, 35.653824277868182 ], [ 136.799377224079649, 35.660735414008229 ], [ 136.77257839207914, 35.667262946128119 ], [ 136.768468443563847, 35.683166306280043 ], [ 136.762845940587795, 35.684367135035302 ], [ 136.753821777153348, 35.680068801933714 ], [ 136.745117366773115, 35.684859639760646 ], [ 136.739506251912076, 35.683825171194769 ], [ 136.733750169035147, 35.693492386764262 ], [ 136.726922114064337, 35.691314612779195 ], [ 136.71895710828403, 35.693957386624163 ], [ 136.728650467145371, 35.706394891810874 ], [ 136.727646056620301, 35.71582683843792 ], [ 136.695753838668793, 35.717000693827003 ], [ 136.683835253094571, 35.724844026730523 ], [ 136.687066641312526, 35.72973569384726 ], [ 136.680863061181412, 35.734857893177264 ], [ 136.681901141424646, 35.743798999724106 ], [ 136.691866977778886, 35.753153693688091 ], [ 136.68550894897885, 35.760011170878897 ], [ 136.682917029997043, 35.771755584752498 ], [ 136.669621776623785, 35.775738108327062 ], [ 136.666135421612466, 35.785136441893314 ], [ 136.66815930001178, 35.788350305921938 ], [ 136.676959300231601, 35.793253053585602 ], [ 136.68261542076516, 35.789561946326842 ], [ 136.689994034397273, 35.789306081110794 ], [ 136.697120700260143, 35.794062721317573 ], [ 136.708985694334388, 35.791659080801992 ], [ 136.719191828640078, 35.798564586286659 ], [ 136.723383798923237, 35.808194251563521 ], [ 136.741096550065777, 35.801068774604289 ], [ 136.763526588881064, 35.810607198263654 ], [ 136.76390963712015, 35.810607198263654 ] ] ] } },
{ "type": "Feature", "properties": { "regioncode": "2120600", "regionname": "岐阜県中津川市", "name": "中津川市", "namekana": "なかつがわし", "PrefCode": "21" }, "geometry": { "type": "Polygon", "coordinates": [ [ [ 137.383046808863241, 35.800456224775019 ], [ 137.39414680902803, 35.797391775010453 ], [ 137.396958470157301, 35.785351531847766 ], [ 137.391130973016061, 35.780675134549881 ], [ 137.393261529895767, 35.777727081339776 ], [ 137.411091829624297, 35.777270134908861 ], [ 137.434266861426522, 35.771156837717911 ], [ 137.440179339105271, 35.758553252030993 ], [ 137.4499415824381, 35.75929241381391 ], [ 137.452494085933381, 35.763424359746466 ], [ 137.45969603134688, 35.761353559219458 ], [ 137.468093528293707, 35.747024946144393 ], [ 137.466630998621781, 35.741030224565236 ], [ 137.479024864206167, 35.726558863900493 ], [ 137.485212360861851, 35.724704135387583 ], [ 137.485719273625591, 35.706028332641495 ], [ 137.497633968732771, 35.698138891496683 ], [ 137.497196445859345, 35.688481946184936 ], [ 137.535373915873606, 35.66580505425992 ], [ 137.545373891392046, 35.651257000310352 ], [ 137.539723021999976, 35.646833109260626 ], [ 137.53844357990738, 35.63855033253185 ], [ 137.526598559775721, 35.634259506071373 ], [ 137.527691335886516, 35.628705332685001 ], [ 137.522652411979266, 35.619402559280729 ], [ 137.516826304290589, 35.618281172138438 ], [ 137.513808781150374, 35.608022837583917 ], [ 137.532036004757856, 35.593231197761611 ], [ 137.530982918426957, 35.588981748209164 ], [ 137.537603191334256, 35.584451468260681 ], [ 137.550520169170568, 35.587706198382421 ], [ 137.571303527735722, 35.584160918891371 ], [ 137.564118494972604, 35.568612864692 ], [ 137.572061309082187, 35.561248413583485 ], [ 137.573946834878598, 35.544724531112251 ], [ 137.602381050744953, 35.530723134565051 ], [ 137.607809416171676, 35.533295360192767 ], [ 137.631587497365217, 35.50991394567211 ], [ 137.628331946162461, 35.501467306171321 ], [ 137.624546356129486, 35.500606198117623 ], [ 137.624429689778481, 35.493826747906155 ], [ 137.631750219796913, 35.470043973150894 ], [ 137.618175745814028, 35.467769252249241 ], [ 137.593011193312009, 35.447029802183692 ], [ 137.615537588189227, 35.430594531712302 ], [ 137.62149367129598, 35.41238480171728 ], [ 137.632045914187643, 35.410703693620633 ], [ 137.633689221080772, 35.399035107883947 ], [ 137.613098054831426, 35.391688171072303 ], [ 137.590342750117884, 35.393679837554487 ], [ 137.564317782040121, 35.403836748367269 ], [ 137.558400245674875, 35.396307586426019 ], [ 137.558424423048791, 35.389962864894358 ], [ 137.544074942104999, 35.383941197828051 ], [ 137.539593838884571, 35.377929252433091 ], [ 137.529420219567555, 35.37330813466275 ], [ 137.524504111575538, 35.375850081016495 ], [ 137.509700506273361, 35.373689252057375 ], [ 137.489071026206943, 35.359514531870218 ], [ 137.467311335749628, 35.37042146827622 ], [ 137.459312995698269, 35.383149531825495 ], [ 137.448643580137173, 35.39007644117487 ], [ 137.430280804415702, 35.421495613032164 ], [ 137.437146913299443, 35.419613667436863 ], [ 137.461810557811077, 35.426506198402365 ], [ 137.48432555108343, 35.427111468219721 ], [ 137.494073916977754, 35.430627305705627 ], [ 137.502883359179691, 35.43908202741369 ], [ 137.482689754428634, 35.442197027171119 ], [ 137.462331387583504, 35.439587585798506 ], [ 137.45867167295944, 35.445117586307617 ], [ 137.441887223616504, 35.454456721100826 ], [ 137.431726108473185, 35.473175333374968 ], [ 137.418619728018143, 35.479939774800812 ], [ 137.411324163179643, 35.478229506186835 ], [ 137.406998885490225, 35.483938945725811 ], [ 137.392863605970661, 35.481333667314971 ], [ 137.39351055846555, 35.487603108396797 ], [ 137.389480557881484, 35.491707559356428 ], [ 137.395309441777385, 35.501296999756789 ], [ 137.391732802027263, 35.507794224723739 ], [ 137.368608611598233, 35.504193107226172 ], [ 137.348077496679139, 35.512480054111279 ], [ 137.351068079728179, 35.532201414064048 ], [ 137.348925863138106, 35.537314468188185 ], [ 137.341444746577849, 35.540338918806128 ], [ 137.340433385192682, 35.545535027119854 ], [ 137.34553228308846, 35.554529171184356 ], [ 137.342680362908482, 35.562715558576201 ], [ 137.368540077862349, 35.567092774811783 ], [ 137.395523696261648, 35.562552224605554 ], [ 137.398945667908265, 35.579435558903981 ], [ 137.389894033782753, 35.590846360271371 ], [ 137.386644060175286, 35.60313522461098 ], [ 137.404226304400481, 35.614480801747675 ], [ 137.405019921931967, 35.622261639862813 ], [ 137.41267325596607, 35.626641640399441 ], [ 137.411095498858231, 35.638261640262556 ], [ 137.39995108927144, 35.646456612582654 ], [ 137.408555005808921, 35.658408000029226 ], [ 137.373126083402099, 35.672069306253547 ], [ 137.352594448674949, 35.696117864847622 ], [ 137.343687496580742, 35.695947305723621 ], [ 137.341555278653232, 35.700771747618091 ], [ 137.344828612150764, 35.703304251989664 ], [ 137.341440583616077, 35.707217586222669 ], [ 137.331020025753674, 35.710968946259925 ], [ 137.330357834246684, 35.736639801785486 ], [ 137.324791725058162, 35.747838414411376 ], [ 137.330049222893422, 35.75101063982919 ], [ 137.333955357154082, 35.764427585864439 ], [ 137.358602580944421, 35.794764000058592 ], [ 137.382339584704141, 35.8007612253503 ], [ 137.383046808863241, 35.800456224775019 ] ] ] } },
{ "type": "Feature", "properties": { "regioncode": "2120700", "regionname": "岐阜県美濃市", "name": "美濃市", "namekana": "みのし", "PrefCode": "21" }, "geometry": { "type": "Polygon", "coordinates": [ [ [ 136.880138807060348, 35.65225946829986 ], [ 136.898184694967767, 35.645320053877413 ], [ 136.903538611817567, 35.627587612978004 ], [ 136.912184747028505, 35.62285010854572 ], [ 136.925096446743737, 35.601276558866175 ], [ 136.941835421867268, 35.598368225113575 ], [ 136.95261630389939, 35.615014026875883 ], [ 136.972990558167794, 35.617665694116567 ], [ 136.978672528814172, 35.61538958556099 ], [ 136.9763800256178, 35.603987108318449 ], [ 136.979013671343978, 35.601244891938279 ], [ 136.972463359396556, 35.587347946250759 ], [ 136.974119195644448, 35.584415721108712 ], [ 136.967153333059969, 35.582654081420799 ], [ 136.967335279399663, 35.571847693716165 ], [ 136.955612412382948, 35.563667170803342 ], [ 136.958883799747582, 35.54843633267069 ], [ 136.944550661284097, 35.546311639370685 ], [ 136.942230388821486, 35.538399719671361 ], [ 136.933000583710054, 35.531710558695352 ], [ 136.932134747020996, 35.522940585939352 ], [ 136.921893579625021, 35.521309775126099 ], [ 136.912340194844205, 35.526544531804745 ], [ 136.902005965602939, 35.526844837918986 ], [ 136.900855965630399, 35.516857026630532 ], [ 136.898409584834553, 35.518739802300104 ], [ 136.895679027265373, 35.514657864968569 ], [ 136.898806524001998, 35.511670360298922 ], [ 136.894370143167635, 35.51047925231569 ], [ 136.862410921227138, 35.524320027247484 ], [ 136.860653722391476, 35.535467775117752 ], [ 136.853308716424181, 35.539891107688504 ], [ 136.854086783778143, 35.546256359843198 ], [ 136.842668170899401, 35.55025883757537 ], [ 136.83842150474868, 35.559295505183456 ], [ 136.839634306178368, 35.564019919084046 ], [ 136.847054034116468, 35.567454081041035 ], [ 136.84749486379701, 35.57948961355487 ], [ 136.843644578334647, 35.579777667305564 ], [ 136.842531284191523, 35.585438774579814 ], [ 136.846660998906032, 35.589486838047208 ], [ 136.841686004205826, 35.593468748284181 ], [ 136.852674331055596, 35.603354305756682 ], [ 136.853460168552033, 35.61094289220074 ], [ 136.847455719905611, 35.617645918924097 ], [ 136.853921855309409, 35.622602305751855 ], [ 136.854278807021387, 35.633538945865723 ], [ 136.87026131021139, 35.636639505209075 ], [ 136.869460195032048, 35.646992252390589 ], [ 136.879652969908648, 35.652280026801861 ], [ 136.880138807060348, 35.65225946829986 ] ] ] } },
{ "type": "Feature", "properties": { "regioncode": "2120800", "regionname": "岐阜県瑞浪市", "name": "瑞浪市", "namekana": "みずなみし", "PrefCode": "21" }, "geometry": { "type": "Polygon", "coordinates": [ [ [ 137.22010316462945, 35.469660666806362 ], [ 137.23183763919576, 35.471754532245939 ], [ 137.232012335201148, 35.463640386494717 ], [ 137.236888169753342, 35.457096775395939 ], [ 137.247508716154357, 35.464328413725354 ], [ 137.262319856875934, 35.46419619809609 ], [ 137.271889273871011, 35.451914801726787 ], [ 137.284686523164623, 35.448288414179046 ], [ 137.295500440892738, 35.460827558944743 ], [ 137.299689610687096, 35.457887278575072 ], [ 137.299967367200338, 35.450552279364274 ], [ 137.311820699765576, 35.442047279258588 ], [ 137.330645719824133, 35.442290865131383 ], [ 137.335997081700043, 35.431860305009138 ], [ 137.331982633092139, 35.427451973130133 ], [ 137.352384864370038, 35.417480278592052 ], [ 137.342282334662059, 35.410690837811956 ], [ 137.33857121928645, 35.400886107807708 ], [ 137.34520678426577, 35.395409134923682 ], [ 137.341051750937595, 35.382426919366878 ], [ 137.325584747238395, 35.368090224983973 ], [ 137.321803358837997, 35.361290531932582 ], [ 137.323053088229472, 35.354224694414143 ], [ 137.311058053986017, 35.349662252011399 ], [ 137.29592330661535, 35.328023171432278 ], [ 137.307025525407767, 35.32600480227984 ], [ 137.314712503079591, 35.333006170998033 ], [ 137.329959170179677, 35.333989746929319 ], [ 137.340593890795503, 35.326686694335535 ], [ 137.340276939129467, 35.322945305981136 ], [ 137.346934163380979, 35.317018081219544 ], [ 137.341514163447982, 35.311759225407968 ], [ 137.334176083159718, 35.31166227939076 ], [ 137.326259415939376, 35.303541746654332 ], [ 137.32381077784521, 35.29820566695804 ], [ 137.327788832688498, 35.296200387437977 ], [ 137.328066329297712, 35.291384838039903 ], [ 137.320768002641216, 35.293396775241035 ], [ 137.277065188807455, 35.28856772072379 ], [ 137.28291355381748, 35.317375441223703 ], [ 137.275471335633711, 35.316715197648307 ], [ 137.272960778317383, 35.323069639951996 ], [ 137.263597717061089, 35.324018557810234 ], [ 137.257101894137122, 35.331267721228414 ], [ 137.249654941922131, 35.327197198092279 ], [ 137.242486886560641, 35.336036891689275 ], [ 137.244587717249374, 35.339052721406006 ], [ 137.219506639819656, 35.357923278636463 ], [ 137.21924413670763, 35.365188836695495 ], [ 137.22517858482388, 35.370109917938407 ], [ 137.217622217491453, 35.392916000173329 ], [ 137.195955278613269, 35.400685746949705 ], [ 137.191362801552145, 35.41031572069403 ], [ 137.199441699275098, 35.412122386738815 ], [ 137.19737863831358, 35.419607107781871 ], [ 137.205883113215123, 35.424870414338216 ], [ 137.199358663971225, 35.434418467937974 ], [ 137.196788146156109, 35.449918749250912 ], [ 137.20310119266594, 35.453699838177045 ], [ 137.199751751342319, 35.458357053835016 ], [ 137.20191788630143, 35.467013721006481 ], [ 137.213106497566855, 35.474585385806961 ], [ 137.219465667606528, 35.469997613099395 ], [ 137.22010316462945, 35.469660666806362 ] ] ] } },
{ "type": "Feature", "properties": { "regioncode": "2120900", "regionname": "岐阜県羽島市", "name": "羽島市", "namekana": "はしまし", "PrefCode": "21" }, "geometry": { "type": "Polygon", "coordinates": [ [ [ 136.731750362789057, 35.356574613028044 ], [ 136.735010336857613, 35.353288224971664 ], [ 136.732644772738126, 35.348771558960323 ], [ 136.753946160586906, 35.34489380190746 ], [ 136.750100336661262, 35.336539081213687 ], [ 136.725733307446262, 35.295614360414447 ], [ 136.707004668630589, 35.279067693619197 ], [ 136.696019948062258, 35.258640441403315 ], [ 136.677874642800589, 35.241057639598466 ], [ 136.671393255794214, 35.243719025812425 ], [ 136.657099052579269, 35.256437332616883 ], [ 136.677216886749989, 35.276826801615641 ], [ 136.666212996232844, 35.302717640306923 ], [ 136.666199974049619, 35.314679027315321 ], [ 136.686671388373952, 35.329735720727001 ], [ 136.690901440449238, 35.354185694414298 ], [ 136.699968664322455, 35.356757359764401 ], [ 136.711037833928913, 35.351284333105525 ], [ 136.717201166700534, 35.355548774356521 ], [ 136.72208756199143, 35.351658225346853 ], [ 136.731530363435581, 35.356684892393901 ], [ 136.731750362789057, 35.356574613028044 ] ] ] } },
{ "type": "Feature", "properties": { "regioncode": "2121000", "regionname": "岐阜県恵那市", "name": "恵那市", "namekana": "えなし", "PrefCode": "21" }, "geometry": { "type": "Polygon", "coordinates": [ [ [ 137.341526446388457, 35.547181135401104 ], [ 137.341485862682475, 35.540216693745492 ], [ 137.348925863138106, 35.537314468188185 ], [ 137.351068079728179, 35.532201414064048 ], [ 137.348194163030257, 35.512329774699367 ], [ 137.368608611598233, 35.504193107226172 ], [ 137.391732802027263, 35.507794224723739 ], [ 137.395309441777385, 35.501296999756789 ], [ 137.389480557881484, 35.491707559356428 ], [ 137.39351055846555, 35.487603108396797 ], [ 137.392863605970661, 35.481333667314971 ], [ 137.406998885490225, 35.483938945725811 ], [ 137.411324163179643, 35.478229506186835 ], [ 137.418619728018143, 35.479939774800812 ], [ 137.431726108473185, 35.473175333374968 ], [ 137.441887223616504, 35.454456721100826 ], [ 137.45867167295944, 35.445117586307617 ], [ 137.462331387583504, 35.439587585798506 ], [ 137.482689754428634, 35.442197027171119 ], [ 137.502883359179691, 35.43908202741369 ], [ 137.494073916977754, 35.430627305705627 ], [ 137.48432555108343, 35.427111468219721 ], [ 137.461810557811077, 35.426506198402365 ], [ 137.437146913299443, 35.419613667436863 ], [ 137.430348586318246, 35.42177561335393 ], [ 137.436034137165734, 35.416188387184377 ], [ 137.432848301408058, 35.414745892608892 ], [ 137.43808802863964, 35.411205053970093 ], [ 137.443166082948437, 35.39744310821294 ], [ 137.447407470978078, 35.396602558661186 ], [ 137.448643580137173, 35.39007644117487 ], [ 137.459312995698269, 35.383149531825495 ], [ 137.467311335749628, 35.37042146827622 ], [ 137.491714916110595, 35.360116747589871 ], [ 137.509700506273361, 35.373689252057375 ], [ 137.524504111575538, 35.375850081016495 ], [ 137.529420219567555, 35.37330813466275 ], [ 137.539593838884571, 35.377929252433091 ], [ 137.544074942104999, 35.383941197828051 ], [ 137.558424423048791, 35.389962864894358 ], [ 137.558400245674875, 35.396307586426019 ], [ 137.564430271939614, 35.4038531349143 ], [ 137.575227782436286, 35.40000872112563 ], [ 137.577363307170913, 35.390436224851953 ], [ 137.586415253361338, 35.389557332704783 ], [ 137.598543306328565, 35.379028170913386 ], [ 137.59783800312141, 35.366272332702067 ], [ 137.602555745851078, 35.358261224975593 ], [ 137.600417107663475, 35.342257333209432 ], [ 137.603815161840316, 35.332854000311897 ], [ 137.590595421841272, 35.330595945646451 ], [ 137.583367912299423, 35.318995667016452 ], [ 137.571466251966058, 35.318348719917537 ], [ 137.565070388687559, 35.310825667070958 ], [ 137.556987613087927, 35.309874559363493 ], [ 137.559283995060355, 35.302109559208816 ], [ 137.556384526824559, 35.295537332581887 ], [ 137.561984252671209, 35.289317053839 ], [ 137.56190230914433, 35.283296224940898 ], [ 137.551394812021044, 35.284232054066081 ], [ 137.543429220781945, 35.2805534410885 ], [ 137.518935331400485, 35.283327306410115 ], [ 137.520675058207416, 35.273476468164517 ], [ 137.516141439975513, 35.274982586177487 ], [ 137.504802244428106, 35.262944837734153 ], [ 137.496985577322562, 35.264170639763279 ], [ 137.496985552141609, 35.259125918826157 ], [ 137.476498885315323, 35.25336397326879 ], [ 137.469937471237358, 35.245756467786805 ], [ 137.46610080420885, 35.246644252430372 ], [ 137.460735811308723, 35.240182612737442 ], [ 137.453365525398794, 35.240507586356102 ], [ 137.450450220101629, 35.235092332145484 ], [ 137.441887717344343, 35.233623973067949 ], [ 137.435526328677156, 35.224560386952362 ], [ 137.4295979770651, 35.222863720584314 ], [ 137.417078003147367, 35.240322585019328 ], [ 137.40841827468364, 35.234801199116077 ], [ 137.400744383946176, 35.241755080932307 ], [ 137.387022995814618, 35.240884253005902 ], [ 137.382784941571913, 35.247310640173964 ], [ 137.386827445430299, 35.252048972881823 ], [ 137.383180245771769, 35.260208693576374 ], [ 137.37774328102762, 35.258834801984563 ], [ 137.372551608170284, 35.26341980118292 ], [ 137.344099079409034, 35.25785789182828 ], [ 137.345119923245875, 35.261775387224418 ], [ 137.339950194745711, 35.264545107570711 ], [ 137.346342723338125, 35.270671774982475 ], [ 137.344629948313582, 35.273717613277256 ], [ 137.331174383591019, 35.2767631709836 ], [ 137.308081050700025, 35.289662917809437 ], [ 137.320768002641216, 35.293396775241035 ], [ 137.328066329297712, 35.291384838039903 ], [ 137.327788832688498, 35.296200387437977 ], [ 137.32381077784521, 35.29820566695804 ], [ 137.326259415939376, 35.303541746654332 ], [ 137.334176083159718, 35.31166227939076 ], [ 137.341514163447982, 35.311759225407968 ], [ 137.346934163380979, 35.317018081219544 ], [ 137.333041672934883, 35.333816134606991 ], [ 137.314712503079591, 35.333006170998033 ], [ 137.307025525407767, 35.32600480227984 ], [ 137.295907471352734, 35.327778721311006 ], [ 137.311058053986017, 35.349662252011399 ], [ 137.323053088229472, 35.354224694414143 ], [ 137.321803358837997, 35.361290531932582 ], [ 137.325584747238395, 35.368090224983973 ], [ 137.341051750937595, 35.382426919366878 ], [ 137.34520678426577, 35.395409134923682 ], [ 137.33857121928645, 35.400886107807708 ], [ 137.342282334662059, 35.410690837811956 ], [ 137.352384864370038, 35.417480278592052 ], [ 137.331982633092139, 35.427451973130133 ], [ 137.335997081700043, 35.431860305009138 ], [ 137.330645719824133, 35.442290865131383 ], [ 137.311820699765576, 35.442047279258588 ], [ 137.299967367200338, 35.450552279364274 ], [ 137.299689610687096, 35.457887278575072 ], [ 137.295500440892738, 35.460827558944743 ], [ 137.284686523164623, 35.448288414179046 ], [ 137.271889273871011, 35.451914801726787 ], [ 137.2627931907532, 35.464030360412835 ], [ 137.253655136275597, 35.462677864591853 ], [ 137.249808754770243, 35.465965360612927 ], [ 137.257587081978272, 35.470001748182199 ], [ 137.254184863940395, 35.474932586169984 ], [ 137.257475719828676, 35.477415640419508 ], [ 137.255629052838572, 35.479676467694901 ], [ 137.264476834938023, 35.481292586283871 ], [ 137.26516880659517, 35.491833972559846 ], [ 137.27985713409953, 35.498267864570323 ], [ 137.287304383990204, 35.505919251572266 ], [ 137.279387471254836, 35.519718665783842 ], [ 137.273199688614795, 35.521040892223425 ], [ 137.269220246117584, 35.527170054354599 ], [ 137.27675830055523, 35.53131117067403 ], [ 137.300620558292167, 35.532191440582551 ], [ 137.309866667212987, 35.536307559346426 ], [ 137.321762243632747, 35.534640333184882 ], [ 137.341564227806884, 35.547400864957979 ], [ 137.341526446388457, 35.547181135401104 ] ] ] } },
{ "type": "Feature", "properties": { "regioncode": "2121100", "regionname": "岐阜県美濃加茂市", "name": "美濃加茂市", "namekana": "みのかもし", "PrefCode": "21" }, "geometry": { "type": "Polygon", "coordinates": [ [ [ 137.048072775838023, 35.547976306061742 ], [ 137.057756055997288, 35.545611305817147 ], [ 137.059597756031735, 35.550971586269725 ], [ 137.067576861383145, 35.547707693855045 ], [ 137.065265448141986, 35.538453000005973 ], [ 137.06726233518873, 35.53165161263189 ], [ 137.070294553251074, 35.532883280039414 ], [ 137.068957587822524, 35.529625774609883 ], [ 137.072145083728742, 35.530563558861218 ], [ 137.06428622582871, 35.52791133314156 ], [ 137.052753409842012, 35.517078278739632 ], [ 137.053076692735203, 35.508677749278775 ], [ 137.039775305086323, 35.504083559009075 ], [ 137.03680444866643, 35.49626077471504 ], [ 137.051336328308935, 35.4890538650439 ], [ 137.051107029066202, 35.46114083777951 ], [ 137.053980363003461, 35.460921973370432 ], [ 137.053085382884206, 35.466016945725528 ], [ 137.065805383111979, 35.478128891834956 ], [ 137.070203995118391, 35.479278333328466 ], [ 137.076478106379568, 35.473410864919515 ], [ 137.082992801576552, 35.475095305903722 ], [ 137.086760829648597, 35.467073667116097 ], [ 137.084076912719411, 35.461155054262406 ], [ 137.075732776146765, 35.459005054040063 ], [ 137.076083021614181, 35.44980589242806 ], [ 137.083399389570218, 35.449414531755281 ], [ 137.08121243890298, 35.443231467858027 ], [ 137.071934136950972, 35.439513693901915 ], [ 137.053568638082197, 35.445092252405573 ], [ 137.033300337440664, 35.436903053732976 ], [ 137.011566471915216, 35.435899973305197 ], [ 137.00650119337547, 35.429896918607938 ], [ 137.002334254822017, 35.431414666653609 ], [ 137.001918170886938, 35.440756612727569 ], [ 136.99292347643734, 35.442219081245639 ], [ 136.992087107833868, 35.45269436015667 ], [ 136.984069611323548, 35.448113505034257 ], [ 136.969888221764108, 35.451378224825248 ], [ 136.970025720010995, 35.44517374896941 ], [ 136.959700725907851, 35.446626252099918 ], [ 136.96488433184652, 35.480934360232595 ], [ 136.968870467098441, 35.479941306346291 ], [ 136.971069365259041, 35.471485748268719 ], [ 136.983940466879062, 35.471320198368517 ], [ 136.984359947553571, 35.479449359200601 ], [ 136.99445966238352, 35.478587135088276 ], [ 137.012243021997961, 35.48767217093399 ], [ 137.00812360542011, 35.493916055081911 ], [ 137.009788053575903, 35.49061883828881 ], [ 137.010072776237735, 35.493908838022492 ], [ 137.013208339893026, 35.492066054305042 ], [ 137.008914449442386, 35.495885504712305 ], [ 137.001337781713346, 35.492528278857037 ], [ 136.997181672796046, 35.494460224959482 ], [ 137.003222802090704, 35.499980775392544 ], [ 136.99717224430367, 35.502352999891059 ], [ 136.99994002571168, 35.503192440578744 ], [ 136.998900311400348, 35.506737170584017 ], [ 136.995830584413966, 35.506083558609419 ], [ 136.997981698896297, 35.507900774601126 ], [ 136.992421413717352, 35.507952170856072 ], [ 136.99252060983838, 35.517223279131088 ], [ 137.000462308788542, 35.517363252312293 ], [ 137.002153138556537, 35.523493251712239 ], [ 137.016032411666515, 35.537083251590843 ], [ 137.028842477198623, 35.539581865011087 ], [ 137.036261192500092, 35.553388504376016 ], [ 137.04683472234467, 35.54859880239286 ], [ 137.048072775838023, 35.547976306061742 ] ], [ [ 137.076760804667515, 35.44740394623517 ], [ 137.081632437587018, 35.446200081368715 ], [ 137.07672191978088, 35.447431441208096 ], [ 137.076760804667515, 35.44740394623517 ] ] ] } },
{ "type": "Feature", "properties": { "regioncode": "2121200", "regionname": "岐阜県土岐市", "name": "土岐市", "namekana": "ときし", "PrefCode": "21" }, "geometry": { "type": "Polygon", "coordinates": [ [ [ 137.195955278613269, 35.400685746949705 ], [ 137.217311388409939, 35.393494053807615 ], [ 137.22517858482388, 35.370109917938407 ], [ 137.21924413670763, 35.365188836695495 ], [ 137.219506639819656, 35.357923278636463 ], [ 137.244587717249374, 35.339052721406006 ], [ 137.244730506207929, 35.33121244170087 ], [ 137.249745499155551, 35.327143027428804 ], [ 137.257101894137122, 35.331267721228414 ], [ 137.263597717061089, 35.324018557810234 ], [ 137.272960778317383, 35.323069639951996 ], [ 137.275471335633711, 35.316715197648307 ], [ 137.28291355381748, 35.317375441223703 ], [ 137.276984357741981, 35.291644666568175 ], [ 137.271428249014548, 35.285978586042972 ], [ 137.262663772914834, 35.285201946812435 ], [ 137.260813773936547, 35.275174442146863 ], [ 137.22399732801432, 35.256200864878053 ], [ 137.221012606746513, 35.260371693898605 ], [ 137.212255939460078, 35.259947251664357 ], [ 137.207736498140889, 35.253478919216775 ], [ 137.203535667736901, 35.255020865320716 ], [ 137.200085641739065, 35.251463640134943 ], [ 137.185223695617083, 35.25369030576303 ], [ 137.172894553341052, 35.264902802122663 ], [ 137.186455940389351, 35.277418360369097 ], [ 137.175363475643962, 35.284671693943551 ], [ 137.182358469967426, 35.288703360971397 ], [ 137.172097393380113, 35.311985585666321 ], [ 137.163372386726337, 35.319915865025223 ], [ 137.153690998740672, 35.320520305667628 ], [ 137.16031880706737, 35.330514720677854 ], [ 137.145352166369435, 35.349476667014642 ], [ 137.15582355301467, 35.351619999663285 ], [ 137.1589385599666, 35.355991107703517 ], [ 137.151808858891741, 35.368943305689072 ], [ 137.147254501394173, 35.369206558835685 ], [ 137.14523444871088, 35.377038026983428 ], [ 137.151678885272418, 35.381376360130957 ], [ 137.155340558619969, 35.394246891580849 ], [ 137.160828339556247, 35.398427441373371 ], [ 137.170015278482424, 35.392425225743636 ], [ 137.179500000025087, 35.391853837884355 ], [ 137.1910766669547, 35.39701713533259 ], [ 137.191510025966977, 35.403322972876936 ], [ 137.195308339608232, 35.401296865058328 ], [ 137.195955278613269, 35.400685746949705 ] ] ] } },
{ "type": "Feature", "properties": { "regioncode": "2121300", "regionname": "岐阜県各務原市", "name": "各務原市", "namekana": "かかみがはらし", "PrefCode": "21" }, "geometry": { "type": "Polygon", "coordinates": [ [ [ 136.891895447217166, 35.444658612804801 ], [ 136.9047871729897, 35.446248586303284 ], [ 136.934760077615579, 35.429569307277745 ], [ 136.94989016919601, 35.428716468490279 ], [ 136.95069869029237, 35.41587291939976 ], [ 136.961117029527372, 35.414582108077866 ], [ 136.961713021938522, 35.399771333380386 ], [ 136.922074188672923, 35.379178414352396 ], [ 136.888542724267381, 35.377912891966446 ], [ 136.864931828840895, 35.372605414308453 ], [ 136.834039001398878, 35.355944639733366 ], [ 136.792886782698929, 35.363457693917496 ], [ 136.794063721863381, 35.366068225268407 ], [ 136.799977613276269, 35.36417519822686 ], [ 136.798958444876348, 35.36933155920417 ], [ 136.806322360888316, 35.37376766574522 ], [ 136.821037911770304, 35.375669053783838 ], [ 136.819740440968644, 35.384971802007101 ], [ 136.812952114448535, 35.387406801882435 ], [ 136.816445162214563, 35.390470414378171 ], [ 136.813238494560892, 35.393809027864393 ], [ 136.816892698139554, 35.396134865331817 ], [ 136.813624357678009, 35.400584279141242 ], [ 136.81781383863779, 35.41892646758248 ], [ 136.815598858800399, 35.427370640242884 ], [ 136.842118638364582, 35.431176170943559 ], [ 136.845134720790838, 35.424544224836154 ], [ 136.858798366151746, 35.425244505329715 ], [ 136.860212827060423, 35.434306441189335 ], [ 136.871881479346825, 35.43662086536068 ], [ 136.869049248024453, 35.444156972766109 ], [ 136.891667107551029, 35.444695252084273 ], [ 136.891895447217166, 35.444658612804801 ] ] ] } },
{ "type": "Feature", "properties": { "regioncode": "2121400", "regionname": "岐阜県可児市", "name": "可児市", "namekana": "かにし", "PrefCode": "21" }, "geometry": { "type": "MultiPolygon", "coordinates": [ [ [ [ 137.069435252834751, 35.437002305611941 ], [ 137.072057717289908, 35.436920080597304 ], [ 137.069016887319549, 35.435280918679496 ], [ 137.07056994814468, 35.429442865296039 ], [ 137.099115421839315, 35.437685667159883 ], [ 137.099223476282418, 35.432780666694441 ], [ 137.106800388627107, 35.431002081980523 ], [ 137.105460661380448, 35.418381838151333 ], [ 137.109813139065182, 35.415811838345689 ], [ 137.119862023313772, 35.420029891666218 ], [ 137.122759780139859, 35.413956027049039 ], [ 137.132226160908658, 35.41464658587131 ], [ 137.141004747371312, 35.40680491941157 ], [ 137.152525032204494, 35.404481305967522 ], [ 137.160383605918696, 35.398549107955034 ], [ 137.154595278749184, 35.392935504669879 ], [ 137.15085693909657, 35.380140531560357 ], [ 137.14523444871088, 35.377038026983428 ], [ 137.123724474804703, 35.384435801571044 ], [ 137.117227808316784, 35.379326081233728 ], [ 137.120743332838629, 35.375356080718575 ], [ 137.112993333375698, 35.369032504946176 ], [ 137.104545862901318, 35.374048306384282 ], [ 137.085125577083772, 35.371062171382164 ], [ 137.077007562449126, 35.377372972284888 ], [ 137.076760078015241, 35.384893802007412 ], [ 137.066393475878272, 35.399874026964824 ], [ 137.060179611100239, 35.403108441401514 ], [ 137.062008716129412, 35.394450694144268 ], [ 137.068237327990346, 35.393897666843884 ], [ 137.05620761319085, 35.385111802168012 ], [ 137.052917302291689, 35.376739891832585 ], [ 137.054723943155523, 35.368872386951125 ], [ 137.047621699282104, 35.364692946022672 ], [ 137.033981724976684, 35.368045972943321 ], [ 137.028337885584961, 35.376064559431939 ], [ 137.020013722055637, 35.375720945565263 ], [ 137.014906250922763, 35.381580080856111 ], [ 137.002236523696638, 35.381373946350607 ], [ 136.998445746374159, 35.391330025959974 ], [ 136.990112723623383, 35.394856667001648 ], [ 136.988963022225789, 35.401164413806725 ], [ 136.978199169755953, 35.403329108051935 ], [ 136.987098949756842, 35.415373278554 ], [ 136.986424811655752, 35.419999359682777 ], [ 136.993215641888469, 35.424195775314843 ], [ 137.005365330745462, 35.424884135294633 ], [ 137.007168689983132, 35.432823585939786 ], [ 137.011566471915216, 35.435899973305197 ], [ 137.033300337440664, 35.436903053732976 ], [ 137.054658637985767, 35.445254197823033 ], [ 137.071934136950972, 35.439513693901915 ], [ 137.069354967657659, 35.437188414014145 ], [ 137.069435252834751, 35.437002305611941 ] ] ], [ [ [ 137.109316003730669, 35.463370080864593 ], [ 137.112654577646708, 35.458338721155087 ], [ 137.106706834852616, 35.457566467918184 ], [ 137.102301828666555, 35.45026869344548 ], [ 137.101150726125184, 35.452690639661341 ], [ 137.100690441410848, 35.447229838386363 ], [ 137.094711582073955, 35.453064252213494 ], [ 137.091166057067994, 35.4520178649326 ], [ 137.089915473320502, 35.44587202667276 ], [ 137.083253553708573, 35.448480918559596 ], [ 137.084711634434484, 35.453443413582704 ], [ 137.096959948343056, 35.462472586240892 ], [ 137.109016835258785, 35.463457027320032 ], [ 137.109316003730669, 35.463370080864593 ] ] ] ] } },
{ "type": "Feature", "properties": { "regioncode": "2121500", "regionname": "岐阜県山県市", "name": "山県市", "namekana": "やまがたし", "PrefCode": "21" }, "geometry": { "type": "Polygon", "coordinates": [ [ [ 136.70284494174075, 35.718787919227168 ], [ 136.713584383912234, 35.718505972772505 ], [ 136.719128002855086, 35.714244612598861 ], [ 136.727646056620301, 35.71582683843792 ], [ 136.730253838743693, 35.712160720640782 ], [ 136.71895710828403, 35.693957386624163 ], [ 136.726922114064337, 35.691314612779195 ], [ 136.733750169035147, 35.693492386764262 ], [ 136.739506251912076, 35.683825171194769 ], [ 136.745117366773115, 35.684859639760646 ], [ 136.753821777153348, 35.680068801933714 ], [ 136.762845940587795, 35.684367135035302 ], [ 136.768468443563847, 35.683166306280043 ], [ 136.77257839207914, 35.667262946128119 ], [ 136.799377224079649, 35.660735414008229 ], [ 136.805598584707013, 35.65341066706867 ], [ 136.803463553700112, 35.633737053921948 ], [ 136.807062165686489, 35.623474837893525 ], [ 136.803574941930037, 35.616311503972781 ], [ 136.806567691445821, 35.609424000217473 ], [ 136.796925473431884, 35.599161225710077 ], [ 136.785886614575702, 35.596973170675312 ], [ 136.796416030875207, 35.591614278775978 ], [ 136.792216006263743, 35.58272483828074 ], [ 136.795139052925038, 35.569706801827522 ], [ 136.803394305902543, 35.569056531733622 ], [ 136.805032944414961, 35.573260972915591 ], [ 136.813692360813889, 35.565972108026415 ], [ 136.817988470791306, 35.567111279262178 ], [ 136.820706251692172, 35.560287135442991 ], [ 136.80881844361636, 35.546286306368017 ], [ 136.80973483839216, 35.53588800043093 ], [ 136.815490636183995, 35.531101053970531 ], [ 136.809415913613634, 35.524781332692385 ], [ 136.814718418020675, 35.510125801664458 ], [ 136.800860338334019, 35.504778027184273 ], [ 136.805638948978412, 35.499548027019898 ], [ 136.803878948754573, 35.493125279408162 ], [ 136.799733942867192, 35.492194133952182 ], [ 136.799585304718107, 35.484982775334856 ], [ 136.792924189100063, 35.484339721401057 ], [ 136.789350609742883, 35.491843305724046 ], [ 136.773800025750688, 35.490671080805782 ], [ 136.759851166698013, 35.506459919489771 ], [ 136.755252826956507, 35.503984360190145 ], [ 136.743475641787541, 35.511009053724877 ], [ 136.736822282822118, 35.507934919161244 ], [ 136.729740362727625, 35.517319892399144 ], [ 136.717500389131715, 35.520665972956351 ], [ 136.716240116987819, 35.526220667050211 ], [ 136.71132569432541, 35.527038440371769 ], [ 136.700983800162362, 35.542400333108958 ], [ 136.696775187924686, 35.543000054109257 ], [ 136.686122477270601, 35.555846945979852 ], [ 136.681173670828343, 35.570643026654409 ], [ 136.683164812106497, 35.576729107662231 ], [ 136.668774500143172, 35.589931414303408 ], [ 136.668178664213997, 35.59717394612079 ], [ 136.663485887563752, 35.601895638672829 ], [ 136.66912422760106, 35.612535080729458 ], [ 136.665082827210767, 35.626395414117098 ], [ 136.676771478620935, 35.637940972597846 ], [ 136.674654279371566, 35.654956278809266 ], [ 136.688652048952918, 35.6606737483948 ], [ 136.693720699950404, 35.669989053851793 ], [ 136.689772386586469, 35.683235440763042 ], [ 136.694919338856494, 35.690232386615378 ], [ 136.6936468862948, 35.708515720723994 ], [ 136.695753838668793, 35.717000693827003 ], [ 136.70259411182883, 35.71896819822382 ], [ 136.70284494174075, 35.718787919227168 ] ] ] } },
{ "type": "Feature", "properties": { "regioncode": "2121600", "regionname": "岐阜県瑞穂市", "name": "瑞穂市", "namekana": "みずほし", "PrefCode": "21" }, "geometry": { "type": "Polygon", "coordinates": [ [ [ 136.640610415438346, 35.428723413954458 ], [ 136.645527055829007, 35.422570918912811 ], [ 136.670875965753226, 35.421053412784829 ], [ 136.670643190630813, 35.41793313580564 ], [ 136.681284863006113, 35.419440359984662 ], [ 136.682034305838556, 35.414292865423477 ], [ 136.697922918008317, 35.407518439724242 ], [ 136.70644316521998, 35.385104586007913 ], [ 136.690584772968919, 35.366790693835526 ], [ 136.684329999829743, 35.367169776064372 ], [ 136.681275278931025, 35.37122789215357 ], [ 136.677902750211842, 35.367198135285776 ], [ 136.672148520837595, 35.367242864866398 ], [ 136.663152580827045, 35.371282386572943 ], [ 136.661554500839657, 35.377204558943276 ], [ 136.658275058247455, 35.376052890728374 ], [ 136.656453670300721, 35.38284650526208 ], [ 136.652714228079276, 35.381321505083463 ], [ 136.6380389749188, 35.389765388162175 ], [ 136.642372022750692, 35.394910108314889 ], [ 136.632557328258144, 35.424641775197813 ], [ 136.632990414775918, 35.428788134564797 ], [ 136.640134863832941, 35.428780640514219 ], [ 136.640610415438346, 35.428723413954458 ] ] ] } },
{ "type": "Feature", "properties": { "regioncode": "2121700", "regionname": "岐阜県飛騨市", "name": "飛騨市", "namekana": "ひだし", "PrefCode": "21" }, "geometry": { "type": "Polygon", "coordinates": [ [ [ 137.279028365666591, 36.465064639921252 ], [ 137.298512503349457, 36.45822986521614 ], [ 137.30661002603199, 36.463876774893322 ], [ 137.317011699030786, 36.460803170929637 ], [ 137.317788301389101, 36.451182025829894 ], [ 137.312042724392313, 36.444904837987963 ], [ 137.31387464340014, 36.441667891959696 ], [ 137.305006835197332, 36.43583538739324 ], [ 137.313451219198441, 36.425031748016806 ], [ 137.319793165422311, 36.424525359557776 ], [ 137.338397107840365, 36.433853946202703 ], [ 137.351206550142251, 36.432902531826414 ], [ 137.358589922087276, 36.436843612842495 ], [ 137.361497781897128, 36.450051387361668 ], [ 137.378017249596496, 36.452719720838502 ], [ 137.38993594039141, 36.459921640171615 ], [ 137.396205887791552, 36.450464694190316 ], [ 137.395221634670747, 36.43639746816865 ], [ 137.40470691379312, 36.426691053849083 ], [ 137.436010362688194, 36.420393305706568 ], [ 137.445309001009605, 36.412964440656481 ], [ 137.449369299753471, 36.416818890879142 ], [ 137.46071155569382, 36.412226108048515 ], [ 137.47410775616811, 36.425409135023642 ], [ 137.510413671353945, 36.424321387022474 ], [ 137.515045863375917, 36.411345586329787 ], [ 137.531199753965552, 36.402447025809636 ], [ 137.53997306140775, 36.392700107823771 ], [ 137.520937197993362, 36.381140108029626 ], [ 137.49777411188586, 36.382675640168713 ], [ 137.484108807275675, 36.371096504600075 ], [ 137.472874059890046, 36.375906747998101 ], [ 137.443661388162582, 36.367136467673902 ], [ 137.442977496914068, 36.370829252168278 ], [ 137.432034111884832, 36.373422000325093 ], [ 137.422279610815394, 36.370284225236844 ], [ 137.413132308609192, 36.35911813479413 ], [ 137.418354812024972, 36.351141775072904 ], [ 137.40372883271948, 36.343564279068289 ], [ 137.379681776892539, 36.34392174789042 ], [ 137.362770362162564, 36.35048702725453 ], [ 137.35852172469788, 36.34477313517209 ], [ 137.363436938763812, 36.33358036004563 ], [ 137.360347755844373, 36.328763720669201 ], [ 137.369943838637255, 36.318973720660722 ], [ 137.365700999101932, 36.312644026800456 ], [ 137.371414034130453, 36.30689125163002 ], [ 137.365367885719365, 36.302943198170112 ], [ 137.363989779005124, 36.296538749064098 ], [ 137.336592529121958, 36.29983817099486 ], [ 137.329151337064673, 36.286651533241695 ], [ 137.316444135988149, 36.289082612972265 ], [ 137.276041634414014, 36.286240613213806 ], [ 137.263769339183682, 36.268525306198001 ], [ 137.246984863760531, 36.262809171206356 ], [ 137.23941732774756, 36.255019134825261 ], [ 137.219960972820672, 36.256536026716333 ], [ 137.213633164838711, 36.251391838062943 ], [ 137.215797859983354, 36.245566000170811 ], [ 137.212788418151035, 36.241675720957801 ], [ 137.207013969319291, 36.241018467628237 ], [ 137.195874747022003, 36.231309531609668 ], [ 137.204958611950474, 36.223000134948336 ], [ 137.201945252671294, 36.219502333366052 ], [ 137.206796328887549, 36.213107944975718 ], [ 137.188201946262893, 36.222179775176528 ], [ 137.17714994831158, 36.211827865263842 ], [ 137.15965275027429, 36.214406747673308 ], [ 137.155402672095761, 36.201122666577874 ], [ 137.14145849491365, 36.20160274806841 ], [ 137.137478443575333, 36.191745586689535 ], [ 137.122315615773118, 36.183322972577173 ], [ 137.113265641796033, 36.189757972552457 ], [ 137.105627392989845, 36.204200468576801 ], [ 137.106365772362551, 36.216835973001821 ], [ 137.100864694949792, 36.219654612870158 ], [ 137.086215227151115, 36.216593864715151 ], [ 137.069698443928132, 36.197864558602532 ], [ 137.060233190909116, 36.199293468019164 ], [ 137.05110396867326, 36.191287386603676 ], [ 137.047563450193138, 36.195156558728229 ], [ 137.031232918364594, 36.197076559135951 ], [ 137.021618171041837, 36.189502693694408 ], [ 137.010828716671995, 36.189298224733363 ], [ 136.999104863998355, 36.194800134918353 ], [ 136.982792088384258, 36.190564587086101 ], [ 136.976610169323862, 36.194586775259495 ], [ 136.96442658861622, 36.194884558775414 ], [ 136.953401634178135, 36.20357150522085 ], [ 136.95109058426317, 36.21693983840288 ], [ 136.95799228291753, 36.230496774706467 ], [ 136.951326200343942, 36.237117919056743 ], [ 136.955583994705648, 36.239463198068165 ], [ 136.954115939598978, 36.244192640078325 ], [ 136.965957976679306, 36.265474305794612 ], [ 136.973460467426662, 36.267466251966027 ], [ 136.975666057442709, 36.275310972523414 ], [ 136.986524968252752, 36.282464558692482 ], [ 136.986216108686563, 36.286274559023752 ], [ 137.002680830156237, 36.286925667285743 ], [ 137.012595576924355, 36.293099801814435 ], [ 137.01080949366326, 36.298028693669323 ], [ 137.02125121886877, 36.30917646761992 ], [ 137.018201505395268, 36.311452306378897 ], [ 137.019741244562852, 36.318280918929304 ], [ 137.037570973221932, 36.317438666960982 ], [ 137.051514915680855, 36.328132838160002 ], [ 137.052533280986154, 36.338539774890762 ], [ 137.058735524724739, 36.342500333423686 ], [ 137.048904423000749, 36.345494802443227 ], [ 137.062166471605451, 36.366140919068187 ], [ 137.058387860311541, 36.368234800695575 ], [ 137.059361776624769, 36.373417865242345 ], [ 137.078726005001158, 36.384311441319994 ], [ 137.094882671797905, 36.383966721287209 ], [ 137.091944111831367, 36.396540332570339 ], [ 137.10192577175701, 36.399193107775773 ], [ 137.111510310852282, 36.415382838147536 ], [ 137.122253359305205, 36.4173764408701 ], [ 137.132267613359772, 36.434563108400766 ], [ 137.143389584861552, 36.438469748080479 ], [ 137.144667107800842, 36.44593669402326 ], [ 137.152832698370389, 36.447654748967523 ], [ 137.160152996363763, 36.456534467791528 ], [ 137.171244667907217, 36.454726693781936 ], [ 137.174939364360284, 36.450062252071348 ], [ 137.177998832779963, 36.454199747720224 ], [ 137.191675252111281, 36.45521336010853 ], [ 137.19312574705566, 36.448011666505238 ], [ 137.204870725703472, 36.436773892001554 ], [ 137.206043449745493, 36.427634170180852 ], [ 137.208709856874407, 36.431600559018648 ], [ 137.213980973143407, 36.430749694243048 ], [ 137.213869610993811, 36.438792774666865 ], [ 137.232064358283537, 36.444502467814686 ], [ 137.247085577937128, 36.461716919000651 ], [ 137.256378585603329, 36.451141332406621 ], [ 137.278484474578931, 36.464995748255205 ], [ 137.279028365666591, 36.465064639921252 ] ] ] } },
{ "type": "Feature", "properties": { "regioncode": "2121800", "regionname": "岐阜県本巣市", "name": "本巣市", "namekana": "もとすし", "PrefCode": "21" }, "geometry": { "type": "Polygon", "coordinates": [ [ [ 136.652467950535538, 35.795860919346012 ], [ 136.654326252054943, 35.785882586012576 ], [ 136.666135421612466, 35.785136441893314 ], [ 136.669621776623785, 35.775738108327062 ], [ 136.682917029997043, 35.771755584752498 ], [ 136.68550894897885, 35.760011170878897 ], [ 136.691892529316874, 35.752961198300738 ], [ 136.684613915799673, 35.748304801925144 ], [ 136.680863061181412, 35.734857893177264 ], [ 136.686621946345781, 35.731244278700558 ], [ 136.685577471023521, 35.722318198026471 ], [ 136.69294247701373, 35.720694305697691 ], [ 136.696884383607426, 35.714074027394474 ], [ 136.693455187706832, 35.707017387242672 ], [ 136.694919338856494, 35.690232386615378 ], [ 136.689772386586469, 35.683235440763042 ], [ 136.693720699950404, 35.669989053851793 ], [ 136.688652048952918, 35.6606737483948 ], [ 136.674654279371566, 35.654956278809266 ], [ 136.676771478620935, 35.637940972597846 ], [ 136.665082827210767, 35.626395414117098 ], [ 136.66912422760106, 35.612535080729458 ], [ 136.663390052209252, 35.602465360088331 ], [ 136.668178664213997, 35.59717394612079 ], [ 136.668774500143172, 35.589931414303408 ], [ 136.683164812106497, 35.576729107662231 ], [ 136.681173670828343, 35.570643026654409 ], [ 136.684685837281677, 35.558831946037515 ], [ 136.696775187924686, 35.543000054109257 ], [ 136.693600999286787, 35.538340639608862 ], [ 136.678685719770215, 35.536224837905991 ], [ 136.689884033821158, 35.526980107645898 ], [ 136.682514526724049, 35.516425720770428 ], [ 136.696728949281692, 35.509130747685901 ], [ 136.698204475056514, 35.503182414037212 ], [ 136.691263916696471, 35.500843558883162 ], [ 136.694632217702747, 35.494508279333672 ], [ 136.691369973745395, 35.492486640246284 ], [ 136.698800829894481, 35.491537198083279 ], [ 136.698921920010662, 35.486942198423776 ], [ 136.69806136234206, 35.48275746678371 ], [ 136.684710219700946, 35.481507505367119 ], [ 136.683184941631794, 35.474970559144026 ], [ 136.692564086363518, 35.463115865904513 ], [ 136.698084111592493, 35.462907802353243 ], [ 136.698433256289832, 35.447261170766467 ], [ 136.692075473004707, 35.449114775126816 ], [ 136.69158822301813, 35.442333946254678 ], [ 136.677007664871894, 35.44090227861733 ], [ 136.683302360715402, 35.425140918718455 ], [ 136.678360415201041, 35.417950080831645 ], [ 136.653943995219265, 35.420914251691443 ], [ 136.651483748676128, 35.424115359736106 ], [ 136.645527055829007, 35.422570918912811 ], [ 136.640610415438346, 35.428723413954458 ], [ 136.632990414775918, 35.428788134564797 ], [ 136.634330725682503, 35.447747586182231 ], [ 136.642369053189327, 35.451595081048197 ], [ 136.660086393572215, 35.493449135169499 ], [ 136.65678360637844, 35.500342748019477 ], [ 136.659668948962917, 35.509370774941374 ], [ 136.653528664016676, 35.509636892428716 ], [ 136.650648391809909, 35.515629387286424 ], [ 136.642448392279562, 35.517978000084668 ], [ 136.639657859822478, 35.522881054417155 ], [ 136.648155938745617, 35.526876027306855 ], [ 136.649707612816087, 35.531155468350221 ], [ 136.633285719760238, 35.54718964028973 ], [ 136.646543528061443, 35.551856531753572 ], [ 136.635292165701003, 35.5659051705872 ], [ 136.639828028640636, 35.574373224744591 ], [ 136.628629389934417, 35.571049918618883 ], [ 136.607015771860461, 35.578501666918442 ], [ 136.585478858762372, 35.577512559257229 ], [ 136.581128028635703, 35.582211171608321 ], [ 136.570978611873556, 35.580843945791514 ], [ 136.569015551026951, 35.585672865410459 ], [ 136.562703644857379, 35.587627864734202 ], [ 136.559700973121494, 35.628398721423935 ], [ 136.536071335823522, 35.644654026761998 ], [ 136.53726136102307, 35.651526251935024 ], [ 136.520948079989921, 35.663789026942084 ], [ 136.515266445690031, 35.673763720719194 ], [ 136.522229494295743, 35.68532150458384 ], [ 136.535684746953621, 35.689573694370551 ], [ 136.537667004728519, 35.694492585764294 ], [ 136.530932865959016, 35.702887026814892 ], [ 136.528674553188125, 35.71533033262881 ], [ 136.535392335088204, 35.731598080986714 ], [ 136.529660998856116, 35.751080000042009 ], [ 136.521989922097305, 35.753150838340559 ], [ 136.51312077840123, 35.76378333313437 ], [ 136.513306886803434, 35.775330279269042 ], [ 136.522736640883295, 35.788109972896962 ], [ 136.544947691183097, 35.778774694396702 ], [ 136.555817690633944, 35.78097774742514 ], [ 136.570745446445244, 35.777423838039738 ], [ 136.585986550339044, 35.784334666611642 ], [ 136.58523158207197, 35.78963077504028 ], [ 136.589652140234193, 35.795547413882105 ], [ 136.59914963664653, 35.798529919220471 ], [ 136.611451283949691, 35.788796278825259 ], [ 136.622056809873925, 35.786799864821944 ], [ 136.627647108127576, 35.790841531411616 ], [ 136.626627665434512, 35.796838468020951 ], [ 136.637853773932534, 35.797304558758412 ], [ 136.644973800100843, 35.806806468144032 ], [ 136.652611556078568, 35.79612869428388 ], [ 136.652467950535538, 35.795860919346012 ] ] ] } },
{ "type": "Feature", "properties": { "regioncode": "2121900", "regionname": "岐阜県郡上市", "name": "郡上市", "namekana": "ぐじょうし", "PrefCode": "21" }, "geometry": { "type": "Polygon", "coordinates": [ [ [ 136.764256834785215, 36.067682413412683 ], [ 136.76811871610596, 36.05770794626477 ], [ 136.777193670551469, 36.052680413170606 ], [ 136.795931140709627, 36.051048134663745 ], [ 136.801850803971433, 36.042988666793576 ], [ 136.797155473246562, 36.031538639696521 ], [ 136.806899338933363, 36.028461945662286 ], [ 136.814995887650184, 36.011965198435234 ], [ 136.82961253019414, 36.01145819843714 ], [ 136.83780108854944, 36.001435918832613 ], [ 136.845396355157732, 36.008448198125905 ], [ 136.88190992200532, 36.018188306445211 ], [ 136.894534356675308, 36.027721972690927 ], [ 136.902963475583988, 36.023599775409366 ], [ 136.903695940115654, 36.018403360426817 ], [ 136.908063696382555, 36.016384504741154 ], [ 136.906667860433458, 36.013045586384749 ], [ 136.930705810624772, 36.005855919415183 ], [ 136.93724851970353, 35.9889958919469 ], [ 136.941732945019453, 35.990504775375143 ], [ 136.944674306374168, 35.983454774917959 ], [ 136.959379558220121, 35.978525026908528 ], [ 136.96607533101178, 35.9609644140765 ], [ 136.971531971123682, 35.956823305850946 ], [ 136.968469728295418, 35.94849164017711 ], [ 136.972479974371367, 35.938158305761249 ], [ 136.971994112038715, 35.924512747565302 ], [ 136.977674916264391, 35.919196080634663 ], [ 136.983870752333473, 35.917716360421764 ], [ 136.991706887063287, 35.928013532198804 ], [ 136.99821605682564, 35.928795439657847 ], [ 136.997699973674912, 35.939164052678962 ], [ 137.008209442112161, 35.951022972732062 ], [ 137.016670000420277, 35.952596864553698 ], [ 137.019239467827219, 35.959373802059361 ], [ 137.024016977701422, 35.96064658557151 ], [ 137.03933194651222, 35.953699945995766 ], [ 137.049754474789211, 35.960474666672553 ], [ 137.057888053990609, 35.947996639833093 ], [ 137.068899973654879, 35.93948389206804 ], [ 137.065220220336982, 35.932987775965159 ], [ 137.069593773633756, 35.917335054169484 ], [ 137.083949053406172, 35.907695386632838 ], [ 137.084613191045946, 35.897511532131546 ], [ 137.090369300003204, 35.898457919297584 ], [ 137.092583474947446, 35.902833198393466 ], [ 137.089900467232837, 35.918043693861421 ], [ 137.093651581755125, 35.928145333240593 ], [ 137.100042970007166, 35.927297278846368 ], [ 137.107875447194147, 35.914831505269831 ], [ 137.122002917900431, 35.910595972726014 ], [ 137.136114253869778, 35.884751639776425 ], [ 137.146947587960881, 35.882540278810893 ], [ 137.146997003009346, 35.877661414442798 ], [ 137.16540391655758, 35.860346197818842 ], [ 137.167326667092084, 35.851652305909226 ], [ 137.164729999689825, 35.846917333068518 ], [ 137.155421114492924, 35.845212892061397 ], [ 137.144285305122821, 35.850598973164153 ], [ 137.135250583647576, 35.849943135367482 ], [ 137.122443359073827, 35.834932360440121 ], [ 137.128718884968634, 35.819557360084161 ], [ 137.12877328226125, 35.789988440813943 ], [ 137.132765227133632, 35.786692054095056 ], [ 137.127523838854131, 35.776684532365323 ], [ 137.131587690819288, 35.769150360300955 ], [ 137.132041283678404, 35.741182558928017 ], [ 137.123157133894665, 35.740842278848163 ], [ 137.124064889782858, 35.735956999615894 ], [ 137.1115965891114, 35.735056693711499 ], [ 137.10760769024273, 35.730430305913956 ], [ 137.098202412111732, 35.730134748220109 ], [ 137.096968249085535, 35.726417531843651 ], [ 137.076223502013022, 35.722699774075352 ], [ 137.073697392720533, 35.725530892037114 ], [ 137.070828782022772, 35.722578108393066 ], [ 137.071478495436281, 35.716365305714362 ], [ 137.066568780724765, 35.713128667254239 ], [ 137.06763238732492, 35.70154835986898 ], [ 137.04988457791103, 35.698743946376055 ], [ 137.051517367232805, 35.687696441437652 ], [ 137.048057952312661, 35.673900612823047 ], [ 137.054774331270437, 35.663631972937253 ], [ 137.047789610801942, 35.650438108232152 ], [ 137.040174332479523, 35.650581720969683 ], [ 137.029667665430452, 35.64194535959075 ], [ 137.020065693876745, 35.645461467772577 ], [ 137.018067328344614, 35.65172841413505 ], [ 136.992293086756604, 35.651326223826231 ], [ 136.990795032065193, 35.645695946210992 ], [ 136.979116667100584, 35.639565414412402 ], [ 136.986367004133967, 35.626763747648909 ], [ 136.986611997445834, 35.618989586100554 ], [ 136.978672528814172, 35.61538958556099 ], [ 136.972990558167794, 35.617665694116567 ], [ 136.95261630389939, 35.615014026875883 ], [ 136.942530700331645, 35.598816838426387 ], [ 136.934630661575852, 35.598707945815079 ], [ 136.923555330713953, 35.60234350464907 ], [ 136.912184747028505, 35.62285010854572 ], [ 136.903538611817567, 35.627587612978004 ], [ 136.898184694967767, 35.645320053877413 ], [ 136.877885472036951, 35.653666413574172 ], [ 136.871097977389809, 35.665261081333881 ], [ 136.860598222530029, 35.669833865040914 ], [ 136.855055499311902, 35.684217774730598 ], [ 136.841115550742188, 35.697018972947319 ], [ 136.840187561906532, 35.706815693589419 ], [ 136.848521996592922, 35.711843440722248 ], [ 136.85325313922101, 35.72411346786231 ], [ 136.854746004824278, 35.746172108256246 ], [ 136.83340411240988, 35.754454081890401 ], [ 136.835651672886456, 35.765516865411087 ], [ 136.843217224095724, 35.767626864688111 ], [ 136.84196586333394, 35.773574360168652 ], [ 136.83992308658128, 35.776746305897348 ], [ 136.827216134616947, 35.775731305855118 ], [ 136.812387562336198, 35.7798862789287 ], [ 136.810393411027121, 35.78513600122551 ], [ 136.801058690106515, 35.781686279198482 ], [ 136.794539000974169, 35.784810693958434 ], [ 136.789253190682302, 35.799395081417913 ], [ 136.798528559945112, 35.817742306062598 ], [ 136.797089688738197, 35.828095332933344 ], [ 136.802188106396102, 35.843961441367469 ], [ 136.820916419657124, 35.843933973374249 ], [ 136.831130336695765, 35.851934279343595 ], [ 136.830078197350986, 35.86584202678813 ], [ 136.81899824936977, 35.881655586036516 ], [ 136.823768586251276, 35.892766387059169 ], [ 136.811956472313454, 35.912450197618568 ], [ 136.805964812026559, 35.912773801569756 ], [ 136.798984305781119, 35.920643225604408 ], [ 136.784782943178357, 35.924018224761312 ], [ 136.793244162488122, 35.945981504642759 ], [ 136.75286535715054, 35.95645991859044 ], [ 136.748845939788339, 35.963601864834231 ], [ 136.753607082001281, 35.968373531813086 ], [ 136.752250829712125, 35.988605197671802 ], [ 136.726745058237952, 35.995937775008372 ], [ 136.735726109072743, 36.032314694367699 ], [ 136.735477030140942, 36.047804972521533 ], [ 136.732792580812998, 36.048881945745279 ], [ 136.74463929976389, 36.060099413557168 ], [ 136.764119053251761, 36.067648532353928 ], [ 136.764256834785215, 36.067682413412683 ] ] ] } },
{ "type": "Feature", "properties": { "regioncode": "2122000", "regionname": "岐阜県下呂市", "name": "下呂市", "namekana": "げろし", "PrefCode": "21" }, "geometry": { "type": "Polygon", "coordinates": [ [ [ 137.197055188146464, 36.035622945842306 ], [ 137.198807108861047, 36.030739054264018 ], [ 137.208344553158668, 36.025892972882446 ], [ 137.213760116736012, 36.027390225378667 ], [ 137.233551698452175, 36.021682774240674 ], [ 137.234633061266777, 36.013271107575633 ], [ 137.246090168726369, 35.99766422512397 ], [ 137.259142050265496, 35.992880359740866 ], [ 137.26130980490359, 35.987190919325542 ], [ 137.268757302107815, 35.989989532191203 ], [ 137.278999753735661, 35.985705108004368 ], [ 137.283621698882371, 35.98952789219851 ], [ 137.291309144201705, 35.985533467895266 ], [ 137.34473411228953, 36.002031558709518 ], [ 137.342374305629733, 35.989790171379354 ], [ 137.349174838647968, 35.98854405366518 ], [ 137.355754448708922, 35.975999054312979 ], [ 137.370210245706289, 35.968804333153514 ], [ 137.367617977787518, 35.962377386607159 ], [ 137.370009921720566, 35.958099333217717 ], [ 137.36453627812682, 35.951119080581179 ], [ 137.367690751826785, 35.945291306448667 ], [ 137.385178612203276, 35.951145467589299 ], [ 137.400002335339536, 35.961628801727898 ], [ 137.40151788634148, 35.966921586262231 ], [ 137.423125810807619, 35.970906612650083 ], [ 137.428513579937771, 35.962455224728899 ], [ 137.440878365943945, 35.95907358587732 ], [ 137.444550311347825, 35.941893306231123 ], [ 137.473489831990264, 35.917715306416312 ], [ 137.483431284126482, 35.913788108234655 ], [ 137.484456278334619, 35.908631170791978 ], [ 137.479257639328694, 35.896423412710362 ], [ 137.461601440254299, 35.889314531840228 ], [ 137.447670000170433, 35.893419506205305 ], [ 137.43489910550943, 35.905488918878575 ], [ 137.419401828831383, 35.904471693913592 ], [ 137.380816161037046, 35.892422225505356 ], [ 137.364370025856033, 35.878872532341575 ], [ 137.368185887968366, 35.874205306329884 ], [ 137.367585330598558, 35.860667000381795 ], [ 137.361127030088483, 35.846207838121302 ], [ 137.3558036955842, 35.84239950513313 ], [ 137.336045616312163, 35.844217559292986 ], [ 137.332630609914759, 35.841307279407488 ], [ 137.324551750862724, 35.81202091903026 ], [ 137.332321192768859, 35.809334802359274 ], [ 137.336723411056596, 35.798600640107509 ], [ 137.352542581175271, 35.801533413836012 ], [ 137.36028594004415, 35.795968441390528 ], [ 137.333955357154082, 35.764427585864439 ], [ 137.330049222893422, 35.75101063982919 ], [ 137.324791725058162, 35.747838414411376 ], [ 137.330357834246684, 35.736639801785486 ], [ 137.331020025753674, 35.710968946259925 ], [ 137.305051946090543, 35.703379467688308 ], [ 137.300199170155679, 35.695095865381916 ], [ 137.284679144227198, 35.691205278600762 ], [ 137.273850245592371, 35.69159138813211 ], [ 137.26766500623512, 35.698276973403665 ], [ 137.249528884850179, 35.68950697276864 ], [ 137.248187471374763, 35.67948641356719 ], [ 137.243185253296815, 35.674673641275604 ], [ 137.218711673305165, 35.68174089162892 ], [ 137.205169170221097, 35.677543693586642 ], [ 137.193184423322577, 35.667955080562592 ], [ 137.197565499448274, 35.655570945642694 ], [ 137.190313838612838, 35.65372872130348 ], [ 137.188240505594877, 35.647951251648976 ], [ 137.179524941822706, 35.650424864815704 ], [ 137.178830506023132, 35.645309864558669 ], [ 137.169711893988733, 35.63698210823776 ], [ 137.142814721122591, 35.631927081069989 ], [ 137.142242503188982, 35.626233198003717 ], [ 137.131547807685251, 35.619998747744091 ], [ 137.130149468023546, 35.62299013478696 ], [ 137.119582580571659, 35.623825107642631 ], [ 137.112368975447907, 35.620827332715294 ], [ 137.108788715926607, 35.624924802237899 ], [ 137.093785161656001, 35.626553972687759 ], [ 137.091133501609875, 35.631558666599233 ], [ 137.095606278007381, 35.640564466776766 ], [ 137.0859288065692, 35.648950278832331 ], [ 137.089281310084402, 35.655764171279543 ], [ 137.096217134413337, 35.657627466734255 ], [ 137.101327173110576, 35.678830748440362 ], [ 137.082436303792406, 35.677233306072253 ], [ 137.079009636785372, 35.684403026978146 ], [ 137.065496004636998, 35.685106107960564 ], [ 137.060643773691254, 35.69104502660673 ], [ 137.051013747786328, 35.694036721217742 ], [ 137.04988457791103, 35.698743946376055 ], [ 137.06763238732492, 35.70154835986898 ], [ 137.066568780724765, 35.713128667254239 ], [ 137.071478495436281, 35.716365305714362 ], [ 137.068980441394274, 35.720006999723296 ], [ 137.073697392720533, 35.725530892037114 ], [ 137.076223502013022, 35.722699774075352 ], [ 137.096968249085535, 35.726417531843651 ], [ 137.098202412111732, 35.730134748220109 ], [ 137.10760769024273, 35.730430305913956 ], [ 137.1115965891114, 35.735056693711499 ], [ 137.124064889782858, 35.735956999615894 ], [ 137.123157133894665, 35.740842278848163 ], [ 137.132041283678404, 35.741182558928017 ], [ 137.131587690819288, 35.769150360300955 ], [ 137.127523838854131, 35.776684532365323 ], [ 137.132765227133632, 35.786692054095056 ], [ 137.12877328226125, 35.789988440813943 ], [ 137.128718884968634, 35.819557360084161 ], [ 137.122443359073827, 35.834932360440121 ], [ 137.135250583647576, 35.849943135367482 ], [ 137.144285305122821, 35.850598973164153 ], [ 137.155421114492924, 35.845212892061397 ], [ 137.164729999689825, 35.846917333068518 ], [ 137.167326667092084, 35.851652305909226 ], [ 137.16540391655758, 35.860346197818842 ], [ 137.146997003009346, 35.877661414442798 ], [ 137.146947587960881, 35.882540278810893 ], [ 137.13553119281039, 35.885469693571565 ], [ 137.122002917900431, 35.910595972726014 ], [ 137.108280440689896, 35.914534279333566 ], [ 137.103095472278255, 35.920888414069111 ], [ 137.102448520682742, 35.925634775024889 ], [ 137.112267444686836, 35.931414504675729 ], [ 137.121330531678723, 35.94848472079326 ], [ 137.105249468188504, 35.958653305705525 ], [ 137.128638755374368, 35.994775413854313 ], [ 137.148080168964725, 36.004108945871224 ], [ 137.15788383866834, 36.02018313494375 ], [ 137.184491607901464, 36.037055135086462 ], [ 137.196763255619771, 36.036807666840389 ], [ 137.197055188146464, 36.035622945842306 ] ] ] } },
{ "type": "Feature", "properties": { "regioncode": "2122100", "regionname": "岐阜県海津市", "name": "海津市", "namekana": "かいづし", "PrefCode": "21" }, "geometry": { "type": "Polygon", "coordinates": [ [ [ 136.673729948078744, 35.289044586238731 ], [ 136.677299104570125, 35.278169585657906 ], [ 136.675221024930465, 35.272188747812493 ], [ 136.657099052579269, 35.256437332616883 ], [ 136.677874642800589, 35.241057639598466 ], [ 136.683349922261186, 35.202713775220616 ], [ 136.67231739283352, 35.188777387066807 ], [ 136.674626304160711, 35.154627135134206 ], [ 136.671053800392656, 35.142081586296229 ], [ 136.672777717118038, 35.134777135256627 ], [ 136.669629948763145, 35.133729080632634 ], [ 136.655470195093471, 35.161307107736889 ], [ 136.646381555664334, 35.165813224700628 ], [ 136.645218249322852, 35.144572414285562 ], [ 136.63407130994301, 35.149832666744203 ], [ 136.623765188112998, 35.145830171025636 ], [ 136.615552114238767, 35.149928504796719 ], [ 136.602301245106446, 35.178039278589893 ], [ 136.597240414613452, 35.177090946190276 ], [ 136.592698469558741, 35.186594558891841 ], [ 136.587719026811669, 35.184463440835202 ], [ 136.585189274365575, 35.194459532181725 ], [ 136.577404838062876, 35.196745640299127 ], [ 136.576055667934838, 35.202252306099126 ], [ 136.559839584729161, 35.206578413862758 ], [ 136.556987885782405, 35.220625917751931 ], [ 136.547371245386785, 35.220316226312832 ], [ 136.550444864638848, 35.233055081726718 ], [ 136.540935420733149, 35.237308440632091 ], [ 136.541392633363444, 35.245749278606354 ], [ 136.536336809396289, 35.25020094611682 ], [ 136.55647153013706, 35.261933134606522 ], [ 136.569540972737741, 35.261018134679205 ], [ 136.582140116673145, 35.248676640214853 ], [ 136.591735420653208, 35.257852279159408 ], [ 136.594405382802279, 35.250883667347409 ], [ 136.592086497993591, 35.244150891950142 ], [ 136.582437950551025, 35.245288171012362 ], [ 136.591153165386345, 35.243809504804858 ], [ 136.593813722425466, 35.234983945852491 ], [ 136.601780946833287, 35.241539775140552 ], [ 136.602447613366735, 35.229741440615044 ], [ 136.60835011666461, 35.227521170965304 ], [ 136.608633722368495, 35.236021441536366 ], [ 136.614191504734208, 35.235351441216096 ], [ 136.6169984696038, 35.2464364676689 ], [ 136.627687082093189, 35.254872864790912 ], [ 136.626832113711089, 35.264720917836144 ], [ 136.652243255821645, 35.271571775117366 ], [ 136.655421024660654, 35.276294865215903 ], [ 136.65146075211203, 35.284450108185979 ], [ 136.653373255771157, 35.288370135173636 ], [ 136.667484942476221, 35.288539305744393 ], [ 136.672390505917178, 35.292139864762987 ], [ 136.6734643836744, 35.289669865072256 ], [ 136.673729948078744, 35.289044586238731 ] ] ] } },
{ "type": "Feature", "properties": { "regioncode": "2130200", "regionname": "岐阜県岐南町", "name": "岐南町", "namekana": "ぎなんちょう", "PrefCode": "21" }, "geometry": { "type": "MultiPolygon", "coordinates": [ [ [ [ 136.777197055599686, 35.369811279167266 ], [ 136.774903580236128, 35.372934278394268 ], [ 136.777193450217624, 35.370415441919135 ], [ 136.777197055599686, 35.369811279167266 ] ] ], [ [ [ 136.794019611016324, 35.395508467741649 ], [ 136.803607029740647, 35.387114747947294 ], [ 136.81688905318731, 35.387364027427964 ], [ 136.818865719877181, 35.381013197700952 ], [ 136.803450414604981, 35.382498197833627 ], [ 136.801535965712333, 35.377360441131486 ], [ 136.796576471726894, 35.37574661311578 ], [ 136.778054305561795, 35.381817640371878 ], [ 136.777516782573571, 35.373302108305722 ], [ 136.774758444047052, 35.373005721436925 ], [ 136.762842606800973, 35.378503224943927 ], [ 136.766958470157306, 35.380116278643413 ], [ 136.764802360840349, 35.383545693978647 ], [ 136.772283501682296, 35.396320414355671 ], [ 136.786056108902358, 35.399985225437831 ], [ 136.793912114152818, 35.39555958610606 ], [ 136.794019611016324, 35.395508467741649 ] ] ] ] } },
{ "type": "Feature", "properties": { "regioncode": "2130300", "regionname": "岐阜県笠松町", "name": "笠松町", "namekana": "かさまつちょう", "PrefCode": "21" }, "geometry": { "type": "Polygon", "coordinates": [ [ [ 136.810599728094985, 35.383076918764857 ], [ 136.818865719877181, 35.381013197700952 ], [ 136.821037911770304, 35.375669053783838 ], [ 136.806322360888316, 35.37376766574522 ], [ 136.798958444876348, 35.36933155920417 ], [ 136.799977613276269, 35.36417519822686 ], [ 136.794455667994725, 35.368334613052014 ], [ 136.77719900083332, 35.369502945704426 ], [ 136.774903580236128, 35.372934278394268 ], [ 136.760454527254637, 35.359356027258912 ], [ 136.753946160586906, 35.34489380190746 ], [ 136.732644772738126, 35.348771558960323 ], [ 136.735010336857613, 35.353288224971664 ], [ 136.728983385375045, 35.356574613028044 ], [ 136.733328417572466, 35.361222386703844 ], [ 136.743038689983564, 35.359128225387337 ], [ 136.744700362831509, 35.363551558857409 ], [ 136.757700920960815, 35.365192053570468 ], [ 136.751811777091916, 35.369717666936822 ], [ 136.760500946661409, 35.378606558845661 ], [ 136.774758444047052, 35.373005721436925 ], [ 136.777516782573571, 35.373302108305722 ], [ 136.778054305561795, 35.381817640371878 ], [ 136.796576471726894, 35.37574661311578 ], [ 136.801535965712333, 35.377360441131486 ], [ 136.803450414604981, 35.382498197833627 ], [ 136.810398780879154, 35.383050413945512 ], [ 136.810599728094985, 35.383076918764857 ] ] ] } },
{ "type": "Feature", "properties": { "regioncode": "2134100", "regionname": "岐阜県養老町", "name": "養老町", "namekana": "ようろうちょう", "PrefCode": "21" }, "geometry": { "type": "Polygon", "coordinates": [ [ [ 136.558333332717211, 35.343797836800775 ], [ 136.581862775646641, 35.341043440902126 ], [ 136.582784137378098, 35.329385387125967 ], [ 136.58927247704321, 35.32775122543876 ], [ 136.585812191579407, 35.321935387108454 ], [ 136.594512724082961, 35.31695261327252 ], [ 136.596898559820715, 35.307257054669378 ], [ 136.594426861310694, 35.303527055329369 ], [ 136.610085810012151, 35.293971054420695 ], [ 136.605673255816214, 35.290682586232435 ], [ 136.610592140914605, 35.287343414267184 ], [ 136.605352114208813, 35.273986747990079 ], [ 136.607193747693373, 35.263738694485198 ], [ 136.613422632948186, 35.256919801807442 ], [ 136.625215136269617, 35.252600359818814 ], [ 136.6169984696038, 35.2464364676689 ], [ 136.614191504734208, 35.235351441216096 ], [ 136.608633722368495, 35.236021441536366 ], [ 136.60835011666461, 35.227521170965304 ], [ 136.602447613366735, 35.229741440615044 ], [ 136.601780946833287, 35.241539775140552 ], [ 136.593813722425466, 35.234983945852491 ], [ 136.591153165386345, 35.243809504804858 ], [ 136.582437950551025, 35.245288171012362 ], [ 136.592086497993591, 35.244150891950142 ], [ 136.594405382802279, 35.250883667347409 ], [ 136.591735420653208, 35.257852279159408 ], [ 136.582140116673145, 35.248676640214853 ], [ 136.569540972737741, 35.261018134679205 ], [ 136.55647153013706, 35.261933134606522 ], [ 136.537065693726845, 35.249665387247887 ], [ 136.534174889559608, 35.257089000257224 ], [ 136.527667951015246, 35.257532640319141 ], [ 136.522493501973599, 35.264519865399507 ], [ 136.525467107621012, 35.270040135244074 ], [ 136.521494086283155, 35.278561802485228 ], [ 136.524979078821502, 35.282075135359264 ], [ 136.518353800287741, 35.295625440961373 ], [ 136.522742970311924, 35.296986251914063 ], [ 136.522469364169865, 35.301484026766502 ], [ 136.515415771820471, 35.303829613346011 ], [ 136.516450505686407, 35.30951405443011 ], [ 136.509515772235204, 35.314542387920937 ], [ 136.506993839394227, 35.321713504574632 ], [ 136.515902476817928, 35.333275440609157 ], [ 136.533067198192725, 35.325457919147709 ], [ 136.535624137144282, 35.333101802206443 ], [ 136.554453305775496, 35.33425983762146 ], [ 136.553395551063886, 35.343647360437387 ], [ 136.558326666942207, 35.343801225446271 ], [ 136.558333332717211, 35.343797836800775 ] ] ] } },
{ "type": "Feature", "properties": { "regioncode": "2136100", "regionname": "岐阜県垂井町", "name": "垂井町", "namekana": "たるいちょう", "PrefCode": "21" }, "geometry": { "type": "Polygon", "coordinates": [ [ [ 136.5174205063513, 35.437342306002677 ], [ 136.525094059843013, 35.418488720777873 ], [ 136.530584616986516, 35.419236505260585 ], [ 136.53867958469516, 35.413888441198651 ], [ 136.543300143087208, 35.416255668164581 ], [ 136.550002606834937, 35.410713999851282 ], [ 136.54560678272685, 35.402612333092748 ], [ 136.549890661025302, 35.398398171138751 ], [ 136.546918999712148, 35.398345666919056 ], [ 136.555195939840814, 35.397773720580801 ], [ 136.547792165875762, 35.392660531558363 ], [ 136.549092334643547, 35.396920108376378 ], [ 136.540789494039927, 35.39684066676341 ], [ 136.548371478560966, 35.387260946235756 ], [ 136.547708974989291, 35.380112053628409 ], [ 136.542776743951663, 35.377728171218166 ], [ 136.560925888419092, 35.369174559158637 ], [ 136.562959196210045, 35.358495386852667 ], [ 136.558106692769684, 35.358430107763297 ], [ 136.556480311117525, 35.352106225322075 ], [ 136.55865583679747, 35.347053171266907 ], [ 136.562166135358893, 35.34785038698584 ], [ 136.559889442244071, 35.34300872127551 ], [ 136.553395551063886, 35.343647360437387 ], [ 136.554453305775496, 35.33425983762146 ], [ 136.535624137144282, 35.333101802206443 ], [ 136.523177224149663, 35.348301837659733 ], [ 136.510640271931038, 35.346156000399162 ], [ 136.501666977748869, 35.356532945639003 ], [ 136.509107275880183, 35.374568504832666 ], [ 136.495904500692177, 35.373131559074238 ], [ 136.48918335982421, 35.36768574769917 ], [ 136.476997302383666, 35.377380171357856 ], [ 136.476869559082957, 35.385914585589717 ], [ 136.463781828768447, 35.394965946321406 ], [ 136.4703849417117, 35.415205613448336 ], [ 136.48491966321194, 35.415693667428854 ], [ 136.496755616378664, 35.433573587251317 ], [ 136.507713280843291, 35.431577306347663 ], [ 136.517217444829271, 35.43763397322931 ], [ 136.5174205063513, 35.437342306002677 ] ] ] } },
{ "type": "Feature", "properties": { "regioncode": "2136200", "regionname": "岐阜県関ケ原町", "name": "関ケ原町", "namekana": "せきがはらちょう", "PrefCode": "21" }, "geometry": { "type": "Polygon", "coordinates": [ [ [ 136.46317155602253, 35.394913999681364 ], [ 136.476869559082957, 35.385914585589717 ], [ 136.476997302383666, 35.377380171357856 ], [ 136.48918335982421, 35.36768574769917 ], [ 136.495904500692177, 35.373131559074238 ], [ 136.509107275880183, 35.374568504832666 ], [ 136.504450052128277, 35.369099053878301 ], [ 136.503935576965318, 35.358077387361561 ], [ 136.501666977748869, 35.356532945639003 ], [ 136.497966135328966, 35.360632694942979 ], [ 136.481019999573391, 35.358102722162926 ], [ 136.474009144806246, 35.344583837973801 ], [ 136.465956666467036, 35.343773838391996 ], [ 136.455714967571794, 35.329177134717042 ], [ 136.457468858700963, 35.314804360432959 ], [ 136.438807756273036, 35.306586333092866 ], [ 136.426499416215165, 35.307354388294414 ], [ 136.429549144077782, 35.299441054860836 ], [ 136.419927197682114, 35.287481333396897 ], [ 136.402657224151653, 35.300451891941293 ], [ 136.412264162661018, 35.315562693963216 ], [ 136.411427249967687, 35.329014081334833 ], [ 136.422325058254842, 35.348389613290067 ], [ 136.421423112886373, 35.35391683669269 ], [ 136.410559494125437, 35.352543505378549 ], [ 136.409727030378235, 35.356967667124195 ], [ 136.413528417902285, 35.359972919015036 ], [ 136.411973994604182, 35.370064865501206 ], [ 136.436483995340154, 35.378822918642811 ], [ 136.45124128375835, 35.393554278707029 ], [ 136.462589053442116, 35.395047054378097 ], [ 136.46317155602253, 35.394913999681364 ] ] ] } },
{ "type": "Feature", "properties": { "regioncode": "2138100", "regionname": "岐阜県神戸町", "name": "神戸町", "namekana": "ごうどちょう", "PrefCode": "21" }, "geometry": { "type": "Polygon", "coordinates": [ [ [ 136.602433190939109, 35.446716224773979 ], [ 136.619295668160589, 35.423717890868033 ], [ 136.630369274122813, 35.426929558752192 ], [ 136.632183722001287, 35.418942891900997 ], [ 136.624402891979912, 35.418642612766405 ], [ 136.640027588202656, 35.403963170563941 ], [ 136.642372022750692, 35.394910108314889 ], [ 136.637865642285647, 35.391298440870401 ], [ 136.640948949034851, 35.387122613417944 ], [ 136.627325888279188, 35.388389278842169 ], [ 136.621803695684093, 35.392720386836459 ], [ 136.622805083587764, 35.403847333387773 ], [ 136.610764811646845, 35.404596504625033 ], [ 136.60618508427433, 35.391701224731776 ], [ 136.584270920866402, 35.406118171016828 ], [ 136.584429079238703, 35.429199640051422 ], [ 136.590604864023362, 35.444207333002055 ], [ 136.602257368083087, 35.446875107999858 ], [ 136.602433190939109, 35.446716224773979 ] ] ] } },
{ "type": "Feature", "properties": { "regioncode": "2138200", "regionname": "岐阜県輪之内町", "name": "輪之内町", "namekana": "わのうちちょう", "PrefCode": "21" }, "geometry": { "type": "Polygon", "coordinates": [ [ [ 136.641503838831113, 35.311883170871681 ], [ 136.665222191550924, 35.307402919309311 ], [ 136.672390505917178, 35.292139864762987 ], [ 136.667484942476221, 35.288539305744393 ], [ 136.652579922425502, 35.287845109164493 ], [ 136.653384916380901, 35.272812891701619 ], [ 136.637934890083216, 35.26538761314788 ], [ 136.626832113711089, 35.264720917836144 ], [ 136.625215136269617, 35.252600359818814 ], [ 136.613917082007788, 35.256648972771927 ], [ 136.607033190829156, 35.264199802079247 ], [ 136.608466835176387, 35.269484532285389 ], [ 136.605352114208813, 35.273986747990079 ], [ 136.610592140914605, 35.287343414267184 ], [ 136.6058215819005, 35.291043693711572 ], [ 136.616346303738965, 35.295835946172019 ], [ 136.619909663200474, 35.302514558999746 ], [ 136.641308560042035, 35.311913720841574 ], [ 136.641503838831113, 35.311883170871681 ] ] ] } },
{ "type": "Feature", "properties": { "regioncode": "2138300", "regionname": "岐阜県安八町", "name": "安八町", "namekana": "あんぱちちょう", "PrefCode": "21" }, "geometry": { "type": "Polygon", "coordinates": [ [ [ 136.657711166237391, 35.380674837673666 ], [ 136.663152580827045, 35.371282386572943 ], [ 136.676293113036763, 35.363414306125378 ], [ 136.672209363571369, 35.347275640158728 ], [ 136.688676134595994, 35.345831801996098 ], [ 136.686671388373952, 35.329735720727001 ], [ 136.668505253015041, 35.317948467647739 ], [ 136.665222191550924, 35.307402919309311 ], [ 136.639270505629383, 35.312708171145232 ], [ 136.64145136159118, 35.316936224926906 ], [ 136.638500558254236, 35.333969558948013 ], [ 136.644041672585217, 35.33858235978812 ], [ 136.656735837089286, 35.340694864576392 ], [ 136.653693891060243, 35.343926531584202 ], [ 136.657928910990563, 35.351486251589279 ], [ 136.657135616315713, 35.374741775412645 ], [ 136.652714228079276, 35.381321505083463 ], [ 136.657108392038708, 35.381268721174592 ], [ 136.657711166237391, 35.380674837673666 ] ] ] } },
{ "type": "Feature", "properties": { "regioncode": "2140100", "regionname": "岐阜県揖斐川町", "name": "揖斐川町", "namekana": "いびがわちょう", "PrefCode": "21" }, "geometry": { "type": "Polygon", "coordinates": [ [ [ 136.379112022401955, 35.794391359673568 ], [ 136.388798105748037, 35.791895251764515 ], [ 136.389500610265031, 35.788042198188975 ], [ 136.400275057647832, 35.789334694840363 ], [ 136.409207003700317, 35.779931082253711 ], [ 136.418505330856419, 35.782433305552672 ], [ 136.430934189061645, 35.774991919241756 ], [ 136.445804747091415, 35.772908306073532 ], [ 136.458932243628169, 35.779067197992845 ], [ 136.472598612136267, 35.772695558853002 ], [ 136.485714448962767, 35.776454440819862 ], [ 136.49651469429773, 35.765533054107209 ], [ 136.503616030755325, 35.750720837796507 ], [ 136.514040506064589, 35.762266944863654 ], [ 136.521989922097305, 35.753150838340559 ], [ 136.529604616759684, 35.7511486129182 ], [ 136.535392335088204, 35.731598080986714 ], [ 136.528674553188125, 35.71533033262881 ], [ 136.530932865959016, 35.702887026814892 ], [ 136.537667004728519, 35.694492585764294 ], [ 136.535684746953621, 35.689573694370551 ], [ 136.522229494295743, 35.68532150458384 ], [ 136.515266445690031, 35.673763720719194 ], [ 136.520948079989921, 35.663789026942084 ], [ 136.53726136102307, 35.651526251935024 ], [ 136.536071335823522, 35.644654026761998 ], [ 136.559700973121494, 35.628398721423935 ], [ 136.562703644857379, 35.587627864734202 ], [ 136.569015551026951, 35.585672865410459 ], [ 136.571138612057325, 35.580731170806928 ], [ 136.581128028635703, 35.582211171608321 ], [ 136.585478858762372, 35.577512559257229 ], [ 136.607015771860461, 35.578501666918442 ], [ 136.628629389934417, 35.571049918618883 ], [ 136.638656355006788, 35.575220440970611 ], [ 136.635359104938857, 35.565687387163223 ], [ 136.646565745812609, 35.552637639715329 ], [ 136.633285719760238, 35.54718964028973 ], [ 136.649461219259933, 35.531621586067388 ], [ 136.648155938745617, 35.526876027306855 ], [ 136.639657859822478, 35.522881054417155 ], [ 136.653854747398782, 35.509521612832202 ], [ 136.645241387979695, 35.500603053188399 ], [ 136.636079468192975, 35.505451667060811 ], [ 136.618682775689649, 35.499032532025808 ], [ 136.612718858588551, 35.491898666190536 ], [ 136.593825772441505, 35.488207864701224 ], [ 136.59227547343437, 35.479756775354929 ], [ 136.605386031240414, 35.473632027096414 ], [ 136.607289610926841, 35.461777892335931 ], [ 136.592843773921118, 35.460310667303531 ], [ 136.588839883354012, 35.464388170977372 ], [ 136.573954616912147, 35.4618218017348 ], [ 136.570442114112325, 35.464009586073587 ], [ 136.568825187932134, 35.473211801783293 ], [ 136.545856030731329, 35.468723747702825 ], [ 136.53156710833548, 35.47180702657306 ], [ 136.536085771741, 35.467321774780146 ], [ 136.525563022115875, 35.462533414585494 ], [ 136.517960246168514, 35.450345919128893 ], [ 136.517068002686187, 35.437763134760928 ], [ 136.507713280843291, 35.431577306347663 ], [ 136.496755616378664, 35.433573587251317 ], [ 136.48491966321194, 35.415693667428854 ], [ 136.4703849417117, 35.415205613448336 ], [ 136.463781828768447, 35.394965946321406 ], [ 136.45124128375835, 35.393554278707029 ], [ 136.448135422911491, 35.388692053595435 ], [ 136.427965226613992, 35.400784505100887 ], [ 136.420306109039757, 35.412908054263369 ], [ 136.411808078679996, 35.418598054056986 ], [ 136.411839493797629, 35.422406080376334 ], [ 136.418886744128031, 35.427775505135514 ], [ 136.415729001392378, 35.43342241391332 ], [ 136.423119027421194, 35.439734359653016 ], [ 136.426222698418883, 35.448400973326329 ], [ 136.420538611667666, 35.465962000745776 ], [ 136.401619467664318, 35.470016999784775 ], [ 136.398005356761814, 35.480928613564743 ], [ 136.386718715796178, 35.488809720692132 ], [ 136.394094941728213, 35.506323252216362 ], [ 136.400071114790194, 35.513639334187985 ], [ 136.405677807684697, 35.513455413836311 ], [ 136.399056978097178, 35.521342666930593 ], [ 136.400404500667264, 35.53008183790655 ], [ 136.384252775645109, 35.533091333698167 ], [ 136.372800583879894, 35.559723333365184 ], [ 136.362640271831197, 35.558746387236056 ], [ 136.356662140045842, 35.539914467578683 ], [ 136.345976809182503, 35.536128107726029 ], [ 136.34092788481405, 35.537283413698617 ], [ 136.33732014380962, 35.550254531621363 ], [ 136.329564111694481, 35.550917667416456 ], [ 136.32244319070071, 35.544356080668649 ], [ 136.3175033846735, 35.54739736030001 ], [ 136.316231192915325, 35.556923748332395 ], [ 136.32267041520754, 35.569467612740198 ], [ 136.324449390227187, 35.584180080746194 ], [ 136.320309999706751, 35.601553414258717 ], [ 136.314981673965121, 35.60592953242201 ], [ 136.323711479401368, 35.616444224121722 ], [ 136.315764811696795, 35.623424504637228 ], [ 136.298398054027075, 35.617476467764845 ], [ 136.288700803799088, 35.620465387068009 ], [ 136.287344746662825, 35.62809953226764 ], [ 136.279164188676418, 35.636685640430017 ], [ 136.282500946861319, 35.645416441415705 ], [ 136.276217056372161, 35.652478107878437 ], [ 136.284449947707003, 35.663391135392658 ], [ 136.290544422986841, 35.665936107965081 ], [ 136.288788054225392, 35.671377748284499 ], [ 136.298907302330235, 35.677683279160078 ], [ 136.292014501568019, 35.683882720611109 ], [ 136.291822023267855, 35.690523305606121 ], [ 136.297797587488731, 35.691841333111086 ], [ 136.309463450977546, 35.70351583818541 ], [ 136.311751750742815, 35.711955305592937 ], [ 136.323953138926299, 35.716746999574411 ], [ 136.320448975539875, 35.722544224636295 ], [ 136.327002865889654, 35.731433972699733 ], [ 136.325198417573006, 35.743648440623076 ], [ 136.318386160992645, 35.751058467574296 ], [ 136.327947833925464, 35.77510186495914 ], [ 136.346527562097322, 35.776046865370574 ], [ 136.35708869029088, 35.786831612688843 ], [ 136.378627302208315, 35.79480080211539 ], [ 136.379112022401955, 35.794391359673568 ] ] ] } },
{ "type": "Feature", "properties": { "regioncode": "2140300", "regionname": "岐阜県大野町", "name": "大野町", "namekana": "おおのちょう", "PrefCode": "21" }, "geometry": { "type": "Polygon", "coordinates": [ [ [ 136.659475057827763, 35.509649386709896 ], [ 136.65678360637844, 35.500342748019477 ], [ 136.659984968031949, 35.491572775263421 ], [ 136.656246887383986, 35.479978082322702 ], [ 136.642369053189327, 35.451595081048197 ], [ 136.634330725682503, 35.447747586182231 ], [ 136.632557328258144, 35.424641775197813 ], [ 136.640027588202656, 35.403963170563941 ], [ 136.624402891979912, 35.418642612766405 ], [ 136.632183722001287, 35.418942891900997 ], [ 136.630369274122813, 35.426929558752192 ], [ 136.619295668160589, 35.423717890868033 ], [ 136.595850998924561, 35.453602892159779 ], [ 136.592843773921118, 35.460310667303531 ], [ 136.607289610926841, 35.461777892335931 ], [ 136.60758158212434, 35.466394532381798 ], [ 136.605386031240414, 35.473632027096414 ], [ 136.593187418364778, 35.478342053642905 ], [ 136.592596056562797, 35.486599838212044 ], [ 136.613272191658439, 35.492135892057831 ], [ 136.626393606080114, 35.502964748424461 ], [ 136.636336978269014, 35.505433613170737 ], [ 136.645241387979695, 35.500603053188399 ], [ 136.651359196170006, 35.507988305615868 ], [ 136.659221167522901, 35.509903559401778 ], [ 136.659475057827763, 35.509649386709896 ] ] ] } },
{ "type": "Feature", "properties": { "regioncode": "2140400", "regionname": "岐阜県池田町", "name": "池田町", "namekana": "いけだちょう", "PrefCode": "21" }, "geometry": { "type": "Polygon", "coordinates": [ [ [ 136.56973961139397, 35.468780135195118 ], [ 136.573954616912147, 35.4618218017348 ], [ 136.588839883354012, 35.464388170977372 ], [ 136.600541244882606, 35.448447890957482 ], [ 136.590604864023362, 35.444207333002055 ], [ 136.584476057124448, 35.429366865388602 ], [ 136.585012334551607, 35.408155107572213 ], [ 136.578228444387264, 35.408574558569057 ], [ 136.575965109802041, 35.40441122539778 ], [ 136.562936498220893, 35.410869278594362 ], [ 136.548537613020471, 35.407378441362027 ], [ 136.550002606834937, 35.410713999851282 ], [ 136.543300143087208, 35.416255668164581 ], [ 136.53867958469516, 35.413888441198651 ], [ 136.530584616986516, 35.419236505260585 ], [ 136.525094059843013, 35.418488720777873 ], [ 136.516361336106797, 35.439025360232222 ], [ 136.517960246168514, 35.450345919128893 ], [ 136.525563022115875, 35.462533414585494 ], [ 136.536085771741, 35.467321774780146 ], [ 136.53156710833548, 35.47180702657306 ], [ 136.545856030731329, 35.468723747702825 ], [ 136.568825187932134, 35.473211801783293 ], [ 136.569738222840783, 35.468915973293576 ], [ 136.56973961139397, 35.468780135195118 ] ] ] } },
{ "type": "Feature", "properties": { "regioncode": "2142100", "regionname": "岐阜県北方町", "name": "北方町", "namekana": "きたがたちょう", "PrefCode": "21" }, "geometry": { "type": "Polygon", "coordinates": [ [ [ 136.698538521035971, 35.442469775359882 ], [ 136.698871556177437, 35.421583973221857 ], [ 136.693026524054858, 35.421308413752342 ], [ 136.693214306095456, 35.411603720735172 ], [ 136.682034305838556, 35.414292865423477 ], [ 136.683302360715402, 35.425140918718455 ], [ 136.677007664871894, 35.44090227861733 ], [ 136.69158822301813, 35.442333946254678 ], [ 136.692075473004707, 35.449114775126816 ], [ 136.698433256289832, 35.447261170766467 ], [ 136.698621582420174, 35.443247838217189 ], [ 136.698538521035971, 35.442469775359882 ] ] ] } },
{ "type": "Feature", "properties": { "regioncode": "2150100", "regionname": "岐阜県坂祝町", "name": "坂祝町", "namekana": "さかほぎちょう", "PrefCode": "21" }, "geometry": { "type": "Polygon", "coordinates": [ [ [ 136.99218795061347, 35.448391027723801 ], [ 136.994183747681859, 35.441153801906466 ], [ 137.001918170886938, 35.440756612727569 ], [ 137.005802826639183, 35.425164413506934 ], [ 136.968656497699271, 35.422050973173953 ], [ 136.963423994721666, 35.42016930636845 ], [ 136.961117029527372, 35.414582108077866 ], [ 136.95069869029237, 35.41587291939976 ], [ 136.952146277728616, 35.426962026976014 ], [ 136.948521829119159, 35.429441224033326 ], [ 136.954713772922332, 35.431223170413034 ], [ 136.959012386612471, 35.44637958604909 ], [ 136.970025720010995, 35.44517374896941 ], [ 136.969888221764108, 35.451378224825248 ], [ 136.974452943948222, 35.452289053696916 ], [ 136.984069611323548, 35.448113505034257 ], [ 136.991695446787503, 35.452823531580748 ], [ 136.992216004964689, 35.448472694259465 ], [ 136.99218795061347, 35.448391027723801 ] ] ] } },
{ "type": "Feature", "properties": { "regioncode": "2150200", "regionname": "岐阜県富加町", "name": "富加町", "namekana": "とみかちょう", "PrefCode": "21" }, "geometry": { "type": "Polygon", "coordinates": [ [ [ 136.983591387832348, 35.510782170960454 ], [ 136.988471114650338, 35.506909108368689 ], [ 136.997981698896297, 35.507900774601126 ], [ 136.995830584413966, 35.506083558609419 ], [ 136.998900311400348, 35.506737170584017 ], [ 136.99994002571168, 35.503192440578744 ], [ 136.99717224430367, 35.502352999891059 ], [ 137.003213645193682, 35.499555774679322 ], [ 136.997181672796046, 35.494460224959482 ], [ 137.001337781713346, 35.492528278857037 ], [ 137.008914449442386, 35.495885504712305 ], [ 137.013208339893026, 35.492066054305042 ], [ 137.010072776237735, 35.493908838022492 ], [ 137.009788053575903, 35.49061883828881 ], [ 137.00812360542011, 35.493916055081911 ], [ 137.011718859337975, 35.486619946153667 ], [ 136.99445966238352, 35.478587135088276 ], [ 136.984359947553571, 35.479449359200601 ], [ 136.983940466879062, 35.471320198368517 ], [ 136.971069365259041, 35.471485748268719 ], [ 136.968870467098441, 35.479941306346291 ], [ 136.964946834728721, 35.480970747701917 ], [ 136.963014331945942, 35.468418801986161 ], [ 136.956033475864274, 35.470955468420186 ], [ 136.953894033682786, 35.473494919155257 ], [ 136.963984331711572, 35.484047694445621 ], [ 136.951006809716546, 35.488648558584146 ], [ 136.950819856851012, 35.495978838152894 ], [ 136.947194838071368, 35.499041359771013 ], [ 136.94900094743582, 35.507069972801048 ], [ 136.96135238660338, 35.505796891613329 ], [ 136.983366108559153, 35.510814945853099 ], [ 136.983591387832348, 35.510782170960454 ] ] ] } },
{ "type": "Feature", "properties": { "regioncode": "2150300", "regionname": "岐阜県川辺町", "name": "川辺町", "namekana": "かわべちょう", "PrefCode": "21" }, "geometry": { "type": "Polygon", "coordinates": [ [ [ 137.10598163414511, 35.549266081364635 ], [ 137.099935551384647, 35.548301613328817 ], [ 137.099716667190478, 35.544526081313677 ], [ 137.108563281070587, 35.545433865080838 ], [ 137.104284695282558, 35.541848865233021 ], [ 137.109774332419533, 35.527923892173931 ], [ 137.106739584564252, 35.518535837858678 ], [ 137.119509248053419, 35.519399197814778 ], [ 137.129882527656605, 35.515059747709245 ], [ 137.131129143595217, 35.504214504795584 ], [ 137.126573865191745, 35.501151720575479 ], [ 137.116183086580236, 35.506043919191598 ], [ 137.101826667366822, 35.48896391934943 ], [ 137.090195084235802, 35.491411694094438 ], [ 137.084577302700382, 35.488466972872573 ], [ 137.082602865429976, 35.483028919049445 ], [ 137.091794449354438, 35.473101170782456 ], [ 137.087351672541672, 35.469366720697678 ], [ 137.082895305174247, 35.471070613118343 ], [ 137.082883917059235, 35.475155865350985 ], [ 137.074717562065871, 35.47374586507965 ], [ 137.067542892190772, 35.478733891855654 ], [ 137.051107029066202, 35.46114083777951 ], [ 137.051336328308935, 35.4890538650439 ], [ 137.036775836735501, 35.496391054103924 ], [ 137.039775305086323, 35.504083559009075 ], [ 137.053076692735203, 35.508677749278775 ], [ 137.052753409842012, 35.517078278739632 ], [ 137.06428622582871, 35.52791133314156 ], [ 137.072145083728742, 35.530563558861218 ], [ 137.068957587822524, 35.529625774609883 ], [ 137.070294553251074, 35.532883280039414 ], [ 137.06726233518873, 35.53165161263189 ], [ 137.065265448141986, 35.538453000005973 ], [ 137.067749338761018, 35.547473252288796 ], [ 137.057641634354013, 35.55300130576569 ], [ 137.078143191255322, 35.551936027325837 ], [ 137.094718365660128, 35.545027170967217 ], [ 137.097408910592776, 35.54804772122543 ], [ 137.093724773079884, 35.552654108100683 ], [ 137.096681166602593, 35.554729107562309 ], [ 137.106208586157436, 35.549323306125757 ], [ 137.10598163414511, 35.549266081364635 ] ] ] } },
{ "type": "Feature", "properties": { "regioncode": "2150400", "regionname": "岐阜県七宗町", "name": "七宗町", "namekana": "ひちそうちょう", "PrefCode": "21" }, "geometry": { "type": "Polygon", "coordinates": [ [ [ 137.087343218015121, 35.632223108209928 ], [ 137.095905693792815, 35.62505619768541 ], [ 137.108788715926607, 35.624924802237899 ], [ 137.112368975447907, 35.620827332715294 ], [ 137.119582580571659, 35.623825107642631 ], [ 137.130149468023546, 35.62299013478696 ], [ 137.131547807685251, 35.619998747744091 ], [ 137.140513605118826, 35.624876532026406 ], [ 137.135420804626506, 35.611160440901699 ], [ 137.13765024556244, 35.609201305595832 ], [ 137.144245771825013, 35.614033532021949 ], [ 137.156476549852982, 35.614268279357645 ], [ 137.157023772928824, 35.607728279036905 ], [ 137.139828274954994, 35.597577721035066 ], [ 137.156611529998145, 35.590142197404532 ], [ 137.164124810811472, 35.57767055934886 ], [ 137.17457505799257, 35.573491945796718 ], [ 137.183615577397063, 35.56084946802855 ], [ 137.184459441849867, 35.552287801640773 ], [ 137.17916669328838, 35.55154641403584 ], [ 137.180481387905843, 35.547905306384848 ], [ 137.176185551322192, 35.54600225280177 ], [ 137.166075863010747, 35.546941136024657 ], [ 137.170433087317178, 35.542939467682345 ], [ 137.162006134875242, 35.541754467894407 ], [ 137.163129442070158, 35.533931135013916 ], [ 137.159710856371021, 35.541359467665359 ], [ 137.153610051662668, 35.544002252302164 ], [ 137.14308700436186, 35.534931973431867 ], [ 137.139316471677944, 35.537208054108476 ], [ 137.140780336843136, 35.532876134925743 ], [ 137.134346160646828, 35.528324468199685 ], [ 137.13438503204361, 35.520793639814656 ], [ 137.122896161428798, 35.516468360326598 ], [ 137.119509248053419, 35.519399197814778 ], [ 137.106739584564252, 35.518535837858678 ], [ 137.109774332419533, 35.527923892173931 ], [ 137.104284695282558, 35.541848865233021 ], [ 137.108563281070587, 35.545433865080838 ], [ 137.099802776377146, 35.544177198319119 ], [ 137.099935551384647, 35.548301613328817 ], [ 137.107053306764783, 35.549748585628777 ], [ 137.098738365782992, 35.554703838411456 ], [ 137.093724773079884, 35.552654108100683 ], [ 137.097408910592776, 35.54804772122543 ], [ 137.094718365660128, 35.545027170967217 ], [ 137.078143191255322, 35.551936027325837 ], [ 137.068381310349309, 35.550425467561354 ], [ 137.05899469494932, 35.554302134635861 ], [ 137.058010505680386, 35.545677972560441 ], [ 137.044049196413312, 35.549623532200314 ], [ 137.051197249953134, 35.559006559305317 ], [ 137.072852969788755, 35.572781837511855 ], [ 137.063875525235403, 35.575484053846083 ], [ 137.065367755917237, 35.579702919254373 ], [ 137.057682503145088, 35.584474026854934 ], [ 137.056582191614893, 35.59240069363716 ], [ 137.053027471040991, 35.593284306325756 ], [ 137.055139415551594, 35.602950108160996 ], [ 137.059268002516319, 35.605356225409537 ], [ 137.061242437988199, 35.623324532401284 ], [ 137.069072698346417, 35.622846746879929 ], [ 137.070814357796394, 35.626825054432743 ], [ 137.087294890247108, 35.632270333409224 ], [ 137.087343218015121, 35.632223108209928 ] ] ] } },
{ "type": "Feature", "properties": { "regioncode": "2150500", "regionname": "岐阜県八百津町", "name": "八百津町", "namekana": "やおつちょう", "PrefCode": "21" }, "geometry": { "type": "MultiPolygon", "coordinates": [ [ [ [ 137.079138029396631, 35.448853693842921 ], [ 137.081632437587018, 35.446200081368715 ], [ 137.078577172598557, 35.444718414123543 ], [ 137.075917470814716, 35.448013666797351 ], [ 137.079044695056723, 35.448871171267569 ], [ 137.079138029396631, 35.448853693842921 ] ] ], [ [ [ 137.200646394215823, 35.554641973148591 ], [ 137.206587197840918, 35.544620865360685 ], [ 137.21921778207502, 35.554163612960394 ], [ 137.226085006118183, 35.552969720676117 ], [ 137.249551634100726, 35.53890308101245 ], [ 137.255318858678493, 35.530976135440369 ], [ 137.26611024569138, 35.529323107775269 ], [ 137.273199688614795, 35.521040892223425 ], [ 137.279387471254836, 35.519718665783842 ], [ 137.287304383990204, 35.505919251572266 ], [ 137.27985713409953, 35.498267864570323 ], [ 137.265079362722531, 35.491730359868257 ], [ 137.264271829081736, 35.481022027044958 ], [ 137.255629052838572, 35.479676467694901 ], [ 137.257278755710104, 35.469714802396254 ], [ 137.236888169753342, 35.457096775395939 ], [ 137.230315965609407, 35.472605081359461 ], [ 137.221451218698803, 35.469332613009726 ], [ 137.214522361417949, 35.474732612919809 ], [ 137.204701218786226, 35.469577612616774 ], [ 137.18497511041312, 35.472865945906733 ], [ 137.168448716135458, 35.467109837848795 ], [ 137.164319247835124, 35.453449865319101 ], [ 137.144041479131033, 35.455665945926739 ], [ 137.143533138243811, 35.452366801886456 ], [ 137.135001192650975, 35.450087360443376 ], [ 137.11550958519922, 35.453992892158283 ], [ 137.110858494823788, 35.463239252889252 ], [ 137.103682969693409, 35.465144251705908 ], [ 137.085341051048772, 35.454041198342679 ], [ 137.081932437931755, 35.448159251748109 ], [ 137.076083021614181, 35.44980589242806 ], [ 137.075767223778371, 35.459098107791476 ], [ 137.084076912719411, 35.461155054262406 ], [ 137.091808340282796, 35.472852838287906 ], [ 137.084487276066966, 35.479317252389365 ], [ 137.084014254254498, 35.48768835963017 ], [ 137.090195084235802, 35.491411694094438 ], [ 137.101826667366822, 35.48896391934943 ], [ 137.116183086580236, 35.506043919191598 ], [ 137.126573865191745, 35.501151720575479 ], [ 137.130304695505401, 35.50339672068219 ], [ 137.132131946132517, 35.512898918750125 ], [ 137.123049493139661, 35.516493080890996 ], [ 137.13438503204361, 35.520793639814656 ], [ 137.134346160646828, 35.528324468199685 ], [ 137.140780336843136, 35.532876134925743 ], [ 137.137527301943464, 35.536091107818436 ], [ 137.14308700436186, 35.534931973431867 ], [ 137.153610051662668, 35.544002252302164 ], [ 137.159710856371021, 35.541359467665359 ], [ 137.163129442070158, 35.533931135013916 ], [ 137.162006134875242, 35.541754467894407 ], [ 137.170433087317178, 35.542939467682345 ], [ 137.166654475124005, 35.54731113420155 ], [ 137.176185551322192, 35.54600225280177 ], [ 137.180481387905843, 35.547905306384848 ], [ 137.180270310726314, 35.552161972996714 ], [ 137.200194162930302, 35.554921694680502 ], [ 137.200646394215823, 35.554641973148591 ] ] ] ] } },
{ "type": "Feature", "properties": { "regioncode": "2150600", "regionname": "岐阜県白川町", "name": "白川町", "namekana": "しらかわちょう", "PrefCode": "21" }, "geometry": { "type": "Polygon", "coordinates": [ [ [ 137.333560856048734, 35.70915477537261 ], [ 137.344790557338456, 35.703466198306444 ], [ 137.341555278653232, 35.700771747618091 ], [ 137.343953605974207, 35.696209801641089 ], [ 137.320968859025697, 35.685982802164631 ], [ 137.320640246750031, 35.680472801678491 ], [ 137.303894668803991, 35.666510558915206 ], [ 137.295348559788295, 35.666018865378362 ], [ 137.286754356828169, 35.655689107566332 ], [ 137.284936031073016, 35.650677720900148 ], [ 137.287921582415152, 35.647521333442853 ], [ 137.279820725945797, 35.640939171105913 ], [ 137.270534060298701, 35.634648919711935 ], [ 137.258135136027818, 35.632762559344712 ], [ 137.261538755209472, 35.627198945774808 ], [ 137.259039559028452, 35.618052333348544 ], [ 137.263230660566592, 35.60936344077021 ], [ 137.282485641998846, 35.597542640280665 ], [ 137.324983191621072, 35.613918170587169 ], [ 137.33306433225323, 35.622094278728014 ], [ 137.347739053014948, 35.616436278611445 ], [ 137.358591556155488, 35.618054053751621 ], [ 137.389922386708804, 35.610368559061783 ], [ 137.393979883165116, 35.605565802519834 ], [ 137.38708878122236, 35.603925504758308 ], [ 137.386389856906476, 35.599150531871601 ], [ 137.398945667908265, 35.579435558903981 ], [ 137.395316471777846, 35.562397504341391 ], [ 137.368540077862349, 35.567092774811783 ], [ 137.343012865651303, 35.563039999796217 ], [ 137.344872554824633, 35.550590585786949 ], [ 137.322365863194136, 35.534822559213808 ], [ 137.309355279422675, 35.536232838274941 ], [ 137.300620558292167, 35.532191440582551 ], [ 137.27675830055523, 35.53131117067403 ], [ 137.269005524885074, 35.526979225410969 ], [ 137.255318858678493, 35.530976135440369 ], [ 137.249551634100726, 35.53890308101245 ], [ 137.22321083041561, 35.553977224869072 ], [ 137.206587197840918, 35.544620865360685 ], [ 137.200194162930302, 35.554921694680502 ], [ 137.18489085562851, 35.553361692887847 ], [ 137.17457505799257, 35.573491945796718 ], [ 137.164124810811472, 35.57767055934886 ], [ 137.156611529998145, 35.590142197404532 ], [ 137.139828274954994, 35.597577721035066 ], [ 137.153772671571573, 35.60460438678308 ], [ 137.158179882895297, 35.612309108078932 ], [ 137.151037133556883, 35.61556630594032 ], [ 137.13966302273036, 35.609377134747035 ], [ 137.13549302198544, 35.61083377475893 ], [ 137.142814721122591, 35.631927081069989 ], [ 137.169327173010743, 35.636776558291558 ], [ 137.178830506023132, 35.645309864558669 ], [ 137.179524941822706, 35.650424864815704 ], [ 137.188240505594877, 35.647951251648976 ], [ 137.190313838612838, 35.65372872130348 ], [ 137.197565499448274, 35.655570945642694 ], [ 137.193184423322577, 35.667955080562592 ], [ 137.205014720652912, 35.677478413597953 ], [ 137.218711673305165, 35.68174089162892 ], [ 137.243185253296815, 35.674673641275604 ], [ 137.248187471374763, 35.67948641356719 ], [ 137.249528884850179, 35.68950697276864 ], [ 137.26766500623512, 35.698276973403665 ], [ 137.273850245592371, 35.69159138813211 ], [ 137.284679144227198, 35.691205278600762 ], [ 137.300199170155679, 35.695095865381916 ], [ 137.302558612590019, 35.702298918760164 ], [ 137.313416109665809, 35.706521694420701 ], [ 137.333334189121615, 35.709290946220221 ], [ 137.333560856048734, 35.70915477537261 ] ] ] } },
{ "type": "Feature", "properties": { "regioncode": "2150700", "regionname": "岐阜県東白川村", "name": "東白川村", "namekana": "ひがししらかわむら", "PrefCode": "21" }, "geometry": { "type": "Polygon", "coordinates": [ [ [ 137.354088611999941, 35.69455064059963 ], [ 137.373126083402099, 35.672069306253547 ], [ 137.408555005808921, 35.658408000029226 ], [ 137.39995108927144, 35.646456612582654 ], [ 137.411095498858231, 35.638261640262556 ], [ 137.41267325596607, 35.626641640399441 ], [ 137.405019921931967, 35.622261639862813 ], [ 137.404226304400481, 35.614480801747675 ], [ 137.39459350228833, 35.607996359744277 ], [ 137.33306433225323, 35.622094278728014 ], [ 137.324983191621072, 35.613918170587169 ], [ 137.282884253905308, 35.597550413121098 ], [ 137.276154812294862, 35.598907359686962 ], [ 137.272517613996797, 35.605804559033231 ], [ 137.262987613387736, 35.609608170580657 ], [ 137.258135136027818, 35.632762559344712 ], [ 137.270679882670493, 35.634711972979233 ], [ 137.287756030716309, 35.647292440693661 ], [ 137.284936031073016, 35.650677720900148 ], [ 137.286754356828169, 35.655689107566332 ], [ 137.295348559788295, 35.666018865378362 ], [ 137.303894668803991, 35.666510558915206 ], [ 137.313816640725463, 35.674176972689168 ], [ 137.320640246750031, 35.680472801678491 ], [ 137.320968859025697, 35.685982802164631 ], [ 137.343027781806768, 35.695936747682822 ], [ 137.353917223700932, 35.694705081174618 ], [ 137.354088611999941, 35.69455064059963 ] ] ] } },
{ "type": "Feature", "properties": { "regioncode": "2152100", "regionname": "岐阜県御嵩町", "name": "御嵩町", "namekana": "みたけちょう", "PrefCode": "21" }, "geometry": { "type": "Polygon", "coordinates": [ [ [ 137.20310119266594, 35.453699838177045 ], [ 137.196788146156109, 35.449918749250912 ], [ 137.199358663971225, 35.434418467937974 ], [ 137.205858664245966, 35.424774864968072 ], [ 137.19737863831358, 35.419607107781871 ], [ 137.199441699275098, 35.412122386738815 ], [ 137.191362801552145, 35.41031572069403 ], [ 137.194165577379522, 35.403818531699926 ], [ 137.191315032262992, 35.403182135447253 ], [ 137.1910766669547, 35.39701713533259 ], [ 137.179250557767091, 35.391818559279159 ], [ 137.170015278482424, 35.392425225743636 ], [ 137.152383359304622, 35.404556865207212 ], [ 137.141004747371312, 35.40680491941157 ], [ 137.132226160908658, 35.41464658587131 ], [ 137.122759780139859, 35.413956027049039 ], [ 137.120060635889672, 35.419962107964977 ], [ 137.109654811620317, 35.415849332880441 ], [ 137.105460661380448, 35.418381838151333 ], [ 137.106800388627107, 35.431002081980523 ], [ 137.099223476282418, 35.432780666694441 ], [ 137.099115421839315, 35.437685667159883 ], [ 137.07056994814468, 35.429442865296039 ], [ 137.069016887319549, 35.435280918679496 ], [ 137.080774942109997, 35.44275202668473 ], [ 137.083253553708573, 35.448480918559596 ], [ 137.089915473320502, 35.44587202667276 ], [ 137.092010194914678, 35.45302646809705 ], [ 137.100690441410848, 35.447229838386363 ], [ 137.101020168845821, 35.452541198417634 ], [ 137.102301828666555, 35.45026869344548 ], [ 137.106814331716123, 35.45761008144018 ], [ 137.135001192650975, 35.450087360443376 ], [ 137.143533138243811, 35.452366801886456 ], [ 137.144041479131033, 35.455665945926739 ], [ 137.164319247835124, 35.453449865319101 ], [ 137.168448716135458, 35.467109837848795 ], [ 137.188807886075097, 35.473435667322235 ], [ 137.203403450308997, 35.469732332880938 ], [ 137.199743411029658, 35.458831224981111 ], [ 137.203108690313911, 35.453905388123189 ], [ 137.20310119266594, 35.453699838177045 ] ] ] } },
{ "type": "Feature", "properties": { "regioncode": "2160400", "regionname": "岐阜県白川村", "name": "白川村", "namekana": "しらかわむら", "PrefCode": "21" }, "geometry": { "type": "Polygon", "coordinates": [ [ [ 136.871406719144829, 36.367507612486406 ], [ 136.876304188687413, 36.35794483788402 ], [ 136.869578053884197, 36.350716197894258 ], [ 136.875741115060464, 36.350105667042953 ], [ 136.874756913201054, 36.342792891878503 ], [ 136.890090532152385, 36.345558468148852 ], [ 136.907474227653552, 36.36084155869105 ], [ 136.932756666886689, 36.34829322555197 ], [ 136.946998301130748, 36.34566627887574 ], [ 136.951067444706837, 36.339243504284354 ], [ 136.955136056783658, 36.339096558659321 ], [ 136.961408780390911, 36.322947081043026 ], [ 136.973271777070863, 36.309908198304754 ], [ 136.9573741366072, 36.279984586419573 ], [ 136.967889391282483, 36.275241532270968 ], [ 136.970722191875666, 36.277749027395771 ], [ 136.975503554445595, 36.273360972530895 ], [ 136.973460467426662, 36.267466251966027 ], [ 136.965957976679306, 36.265474305794612 ], [ 136.954115939598978, 36.244192640078325 ], [ 136.955583994705648, 36.239463198068165 ], [ 136.951326200343942, 36.237117919056743 ], [ 136.957992282018267, 36.230466504425692 ], [ 136.95109058426317, 36.21693983840288 ], [ 136.952882775719559, 36.211486505098208 ], [ 136.946422502996143, 36.207667053791567 ], [ 136.947036277702068, 36.18113653182553 ], [ 136.943856251564853, 36.170572360326219 ], [ 136.937141504876649, 36.163485413920796 ], [ 136.938549805429261, 36.155882945541578 ], [ 136.933290052094321, 36.144911559221157 ], [ 136.956027977409349, 36.12780853313734 ], [ 136.955286276840297, 36.118425197564875 ], [ 136.932635188263362, 36.112572666895119 ], [ 136.934857638769131, 36.104754613035027 ], [ 136.924769559367746, 36.094337387160749 ], [ 136.914512140323041, 36.100794586001371 ], [ 136.900444942180457, 36.101242080557597 ], [ 136.895868339952017, 36.105960135352007 ], [ 136.877207522609183, 36.101964306307764 ], [ 136.856939856888971, 36.105361251620536 ], [ 136.844191244730268, 36.097640386594605 ], [ 136.818382970098014, 36.093012918711281 ], [ 136.80714224401936, 36.105489333066316 ], [ 136.798658106386597, 36.106076027386791 ], [ 136.788587808380726, 36.097803531707655 ], [ 136.783690855948294, 36.098748532119089 ], [ 136.764956783428829, 36.105608279198805 ], [ 136.771056860585759, 36.123969413657562 ], [ 136.778587445254402, 36.129398027297157 ], [ 136.780785031304163, 36.141544694432127 ], [ 136.775831439569288, 36.143913891812701 ], [ 136.773372632840847, 36.157443333143362 ], [ 136.766449274014803, 36.162555801808878 ], [ 136.786442049361199, 36.16618969419909 ], [ 136.798407276474677, 36.172564107747405 ], [ 136.80205866337667, 36.187059081011853 ], [ 136.811243086899026, 36.196634613396725 ], [ 136.822602502803306, 36.201497666783951 ], [ 136.820993645340536, 36.21074183856507 ], [ 136.831644721027146, 36.21759653235415 ], [ 136.832291671723283, 36.223607359891787 ], [ 136.840415005847944, 36.231414306225304 ], [ 136.847298885335363, 36.245630135322529 ], [ 136.851823333180391, 36.247102081795674 ], [ 136.844286693376262, 36.259240946412604 ], [ 136.833671997065039, 36.265827585574641 ], [ 136.814578690354324, 36.266401999652601 ], [ 136.814402309019442, 36.270314467838489 ], [ 136.806002892019933, 36.275806108665051 ], [ 136.805942891950963, 36.284374973226477 ], [ 136.792287082383041, 36.299211026967384 ], [ 136.804176808712782, 36.306191053874102 ], [ 136.80939204920378, 36.302540774936858 ], [ 136.826184552874906, 36.302548333738685 ], [ 136.832367639255267, 36.306811414315348 ], [ 136.832518755036631, 36.31541805400002 ], [ 136.842496589246252, 36.332715865145133 ], [ 136.837151920125052, 36.347215585930599 ], [ 136.844063333256258, 36.351111693649784 ], [ 136.85206413655078, 36.347428665900281 ], [ 136.865100271860115, 36.349660359637937 ], [ 136.864134748020319, 36.355200640297369 ], [ 136.871220921008785, 36.367549000186273 ], [ 136.871406719144829, 36.367507612486406 ] ] ] } }
]
}
