{
"type": "FeatureCollection",
"name": "36_tokushima_region",
"crs": { "type": "name", "properties": { "name": "urn:ogc:def:crs:OGC:1.3:CRS84" } },
"features": [
{ "type": "Feature", "properties": { "regioncode": "3620500", "regionname": "徳島県吉野川市", "name": "吉野川市", "namekana": "よしのがわし", "PrefCode": "36" }, "geometry": { "type": "Polygon", "coordinates": [ [ [ 134.396661115318238, 34.088839161897852 ], [ 134.397718611924461, 34.086015558671136 ], [ 134.400505550690696, 34.07495835994041 ], [ 134.401888326685025, 34.076301386799628 ], [ 134.401884162823876, 34.069382494906279 ], [ 134.403151387626508, 34.063199440901542 ], [ 134.403239728031053, 34.061241386580775 ], [ 134.402851388181034, 34.060527494848088 ], [ 134.403188884859219, 34.059813053629568 ], [ 134.403448611764134, 34.056175278866078 ], [ 134.404336108624534, 34.053024999604077 ], [ 134.403589727983672, 34.051878333418415 ], [ 134.403266108743992, 34.049999162231586 ], [ 134.39961639368164, 34.050579440788624 ], [ 134.398979441647953, 34.051169720706071 ], [ 134.397111115385769, 34.051836945718549 ], [ 134.396398053727239, 34.052555279202807 ], [ 134.395443891022865, 34.052555279202807 ], [ 134.394647497284268, 34.053121666831487 ], [ 134.393615551316657, 34.051980829152001 ], [ 134.39305166020597, 34.051960559332372 ], [ 134.392773061028038, 34.050828053871669 ], [ 134.39160221836778, 34.049554720873743 ], [ 134.389214720682844, 34.048548332739415 ], [ 134.387671660318915, 34.04745694608124 ], [ 134.387140271606313, 34.046151386777126 ], [ 134.385622776270225, 34.045909441267725 ], [ 134.385557497180798, 34.044886946275597 ], [ 134.379807223924331, 34.043607225393202 ], [ 134.379162776041312, 34.042099162146656 ], [ 134.378231660262941, 34.04228944070519 ], [ 134.377419169559062, 34.041553054230121 ], [ 134.376315837206221, 34.041720559256476 ], [ 134.37573166008815, 34.040805829125759 ], [ 134.374109169802409, 34.039719440899546 ], [ 134.372499727780223, 34.039153054170185 ], [ 134.372087224046254, 34.03740999987167 ], [ 134.372462503042129, 34.034925000388512 ], [ 134.370927223612512, 34.03355027872243 ], [ 134.370559999844204, 34.032072494749912 ], [ 134.369064162880932, 34.031315000287066 ], [ 134.366739169876837, 34.029053892423235 ], [ 134.364975550781082, 34.029245558635694 ], [ 134.364613606033117, 34.030582495285955 ], [ 134.362897497221752, 34.031118892323093 ], [ 134.360855837427039, 34.032609441272768 ], [ 134.359622776070296, 34.03395472093365 ], [ 134.359575550871, 34.034546667294933 ], [ 134.358841115025484, 34.035436387279503 ], [ 134.355603061032525, 34.037207774719093 ], [ 134.354254449383347, 34.039630559103045 ], [ 134.351399727815306, 34.038902225157642 ], [ 134.349856939046617, 34.038829999704774 ], [ 134.348859727594458, 34.037318332874804 ], [ 134.348922502971163, 34.036292225305999 ], [ 134.348528885000064, 34.035717224870098 ], [ 134.346912776303611, 34.035146667085087 ], [ 134.346758885214399, 34.034302495064139 ], [ 134.346050000007608, 34.033434161857144 ], [ 134.343354449448384, 34.032136108294821 ], [ 134.342934993954827, 34.031399441231258 ], [ 134.338196109063233, 34.031714721057597 ], [ 134.336107496563727, 34.031229161796432 ], [ 134.334869169676494, 34.029840828891167 ], [ 134.334821946275838, 34.028491108377978 ], [ 134.335404721350869, 34.026600558968653 ], [ 134.335299728199971, 34.024228892049791 ], [ 134.334438885446275, 34.022099999815168 ], [ 134.334221388006767, 34.020522775106031 ], [ 134.330718327189061, 34.018165559393083 ], [ 134.330608054118443, 34.017497224617273 ], [ 134.330912503409422, 34.017045828801997 ], [ 134.330544993656645, 34.015883332749638 ], [ 134.329705551170264, 34.014767775012842 ], [ 134.330009999561867, 34.01340082888521 ], [ 134.328545836721105, 34.012881386766651 ], [ 134.326819169868827, 34.010829161736467 ], [ 134.324851387581589, 34.010258333255535 ], [ 134.323256108982264, 34.008704440557551 ], [ 134.323403060902592, 34.007167224887553 ], [ 134.324001387953786, 34.006188053835672 ], [ 134.323513333073947, 34.005293613309675 ], [ 134.324295279203852, 34.004488891848951 ], [ 134.325062218346716, 34.002807495069874 ], [ 134.320960557983426, 34.004716108261846 ], [ 134.319230558243703, 34.004979721137261 ], [ 134.318732217817683, 34.00564361326218 ], [ 134.317248327448397, 34.00640082893517 ], [ 134.314532218387285, 34.006706945569135 ], [ 134.312550271777695, 34.007523612724583 ], [ 134.31097221789355, 34.007396107744228 ], [ 134.308759442294445, 34.00538389175324 ], [ 134.306253061429743, 34.0051330537475 ], [ 134.301916108741466, 34.005064720560483 ], [ 134.298932218447135, 34.00648110781691 ], [ 134.296161114943516, 34.002683332869594 ], [ 134.292389170323986, 34.002240828651395 ], [ 134.291251387641523, 34.002535828765531 ], [ 134.289583333204291, 34.001651108112185 ], [ 134.288768327096705, 34.000660558837751 ], [ 134.288629728079513, 33.999185559166278 ], [ 134.287966394433624, 33.998153053820431 ], [ 134.287991659987142, 33.997215278562294 ], [ 134.287511660334872, 33.99662555892246 ], [ 134.286709441687435, 33.994212774999596 ], [ 134.284194721409335, 33.99281138663622 ], [ 134.282678326843325, 33.991294161996052 ], [ 134.281073061272878, 33.991936946133194 ], [ 134.279733605621459, 33.992158054350796 ], [ 134.278798611966408, 33.991936946133194 ], [ 134.277976939184441, 33.992463613405107 ], [ 134.274804720961129, 33.992843053564116 ], [ 134.272820830017395, 33.99192666688225 ], [ 134.268789441779404, 33.988828891839944 ], [ 134.267449728022598, 33.988818332899768 ], [ 134.266167223738421, 33.988049161639537 ], [ 134.262780000096996, 33.987627494713138 ], [ 134.261212775849003, 33.986384162199386 ], [ 134.256037496733143, 33.986099721025369 ], [ 134.253933060662234, 33.984676945884416 ], [ 134.253617224155619, 33.984140000260879 ], [ 134.253534993745006, 33.982474999921351 ], [ 134.2514213881866, 33.980522224621041 ], [ 134.247853890944384, 33.980562224666983 ], [ 134.243468053807646, 33.979722224601062 ], [ 134.240642776043387, 33.980594162290799 ], [ 134.237741115260292, 33.979684441383938 ], [ 134.230411387875279, 33.980359162245577 ], [ 134.229099441586072, 33.980268333416916 ], [ 134.227055278978014, 33.979262775356858 ], [ 134.224889170099232, 33.97882277485121 ], [ 134.221699442075646, 33.979411945904644 ], [ 134.219181659605965, 33.979249162319036 ], [ 134.217146667384895, 33.980316108101931 ], [ 134.212715278687256, 33.980900000134966 ], [ 134.21125639396746, 33.980782775304874 ], [ 134.210408612067909, 33.981377495175309 ], [ 134.208565551359129, 33.98151082866184 ], [ 134.207487497150282, 33.982031108049227 ], [ 134.204163060576889, 33.982668613166027 ], [ 134.203696109188172, 33.982972494984722 ], [ 134.20348832712466, 33.983785829252668 ], [ 134.202893061365785, 33.984138054127925 ], [ 134.202307496593789, 33.985660829383846 ], [ 134.201273891377014, 33.986618333069657 ], [ 134.200506108670083, 33.986895828779552 ], [ 134.200387782170424, 33.987469161872355 ], [ 134.19981194626439, 33.987735828845473 ], [ 134.199354449448379, 33.988474720831732 ], [ 134.197460272173885, 33.98920555938912 ], [ 134.195790271603869, 33.98911500035706 ], [ 134.196244720617415, 33.989968054082453 ], [ 134.198573890972398, 33.991963054351515 ], [ 134.198855278948031, 33.992998054416717 ], [ 134.199591388431941, 33.993483612778562 ], [ 134.198144994395989, 33.99521166728465 ], [ 134.197799441590973, 33.999329721389586 ], [ 134.196334162691528, 34.000631386629266 ], [ 134.193982502990139, 34.001786108042495 ], [ 134.193118884928708, 34.002565000074753 ], [ 134.1904569393364, 34.003242224649 ], [ 134.187869169826399, 34.005930828844726 ], [ 134.186818053910088, 34.00636055909257 ], [ 134.186880271707196, 34.006979441048429 ], [ 134.189340557820515, 34.011179161689029 ], [ 134.18927832743293, 34.012839999966104 ], [ 134.186592217956559, 34.014128613344894 ], [ 134.185338611587667, 34.01539777528717 ], [ 134.182706938974093, 34.0160294411059 ], [ 134.197842502929234, 34.029733612616155 ], [ 134.197725836578115, 34.03052333338519 ], [ 134.198076109025237, 34.031211386696214 ], [ 134.197772503298438, 34.033295559242731 ], [ 134.198652218325265, 34.03378194588015 ], [ 134.198761115433172, 34.034413332909025 ], [ 134.198434163306047, 34.035588054345283 ], [ 134.197274162872418, 34.036440558584957 ], [ 134.197881387815869, 34.03735610799805 ], [ 134.198426394062949, 34.039168613340905 ], [ 134.197748885302872, 34.041884440914259 ], [ 134.198231660262991, 34.042724162190382 ], [ 134.196744448697359, 34.044031666728074 ], [ 134.195086108736973, 34.04433444058202 ], [ 134.194922775665646, 34.045092495322478 ], [ 134.1941597278892, 34.045534441061648 ], [ 134.193591115337767, 34.047220559281413 ], [ 134.192283061314242, 34.047612224824377 ], [ 134.191597782411804, 34.048837224658257 ], [ 134.190110829850937, 34.048805829325602 ], [ 134.189596939247394, 34.049399441231287 ], [ 134.189558054360759, 34.051034999565616 ], [ 134.189897782256935, 34.052187774846004 ], [ 134.192197497116808, 34.054963332691727 ], [ 134.192446666880187, 34.05675027930198 ], [ 134.191301945928103, 34.058423892448729 ], [ 134.189176393775597, 34.060305829050833 ], [ 134.188405279080484, 34.062121386692695 ], [ 134.186324163329573, 34.06355055871137 ], [ 134.193900000085023, 34.064856946291115 ], [ 134.225414448817787, 34.066257494687704 ], [ 134.237387223941255, 34.06932999967978 ], [ 134.24090639431472, 34.069577494905502 ], [ 134.270069442350973, 34.06934305423863 ], [ 134.278762503286998, 34.069462774687338 ], [ 134.278736939158534, 34.070008612807271 ], [ 134.284271115219894, 34.069910279136138 ], [ 134.287583606098565, 34.069816387216576 ], [ 134.287635279344727, 34.068334999660578 ], [ 134.291456939386308, 34.068389162230119 ], [ 134.295199999580404, 34.068632224697467 ], [ 134.308807224174075, 34.070731666833012 ], [ 134.309242775733537, 34.070066387054169 ], [ 134.310626666887174, 34.070903054232645 ], [ 134.312996667362427, 34.068319999868152 ], [ 134.313727224431886, 34.068153892388295 ], [ 134.322759442194524, 34.069390559127044 ], [ 134.327717497264757, 34.071771107750465 ], [ 134.334209999891641, 34.074298612790813 ], [ 134.33384888521789, 34.076563612920438 ], [ 134.331882218089959, 34.079121387342184 ], [ 134.334336939198465, 34.080471667233724 ], [ 134.333761945957121, 34.084168891681031 ], [ 134.376258327360006, 34.087131108314054 ], [ 134.375018326834379, 34.08906555902837 ], [ 134.382034162946297, 34.088025000253594 ], [ 134.395846109210652, 34.092460559107565 ], [ 134.396866912578048, 34.088872251553198 ], [ 134.396661115318238, 34.088839161897852 ] ] ] } },
{ "type": "Feature", "properties": { "regioncode": "3620600", "regionname": "徳島県阿波市", "name": "阿波市", "namekana": "あわし", "PrefCode": "36" }, "geometry": { "type": "Polygon", "coordinates": [ [ [ 134.3517733331729, 34.185248613033139 ], [ 134.355530000109525, 34.185289999833685 ], [ 134.358421387936801, 34.184464162291306 ], [ 134.359126394367649, 34.183848892012804 ], [ 134.35894610907576, 34.183114162088941 ], [ 134.360258885439293, 34.182093053851418 ], [ 134.361638611832518, 34.18174610799656 ], [ 134.363190272413249, 34.18178694621065 ], [ 134.363748326923769, 34.181171107560601 ], [ 134.368693061235831, 34.178255000068248 ], [ 134.369909170372011, 34.177060828994115 ], [ 134.369951114752212, 34.176203332617774 ], [ 134.370290830057797, 34.175849441298737 ], [ 134.371825836992798, 34.175601107904868 ], [ 134.375094994038818, 34.173199721090327 ], [ 134.375658326670532, 34.171785828553197 ], [ 134.374789999758718, 34.170420558761805 ], [ 134.373631115383773, 34.169584162279307 ], [ 134.372741114810651, 34.168293332971018 ], [ 134.372661659707887, 34.167051666900932 ], [ 134.371880272056956, 34.166584999698046 ], [ 134.370698327266041, 34.164878892247145 ], [ 134.370537782093038, 34.164179720617653 ], [ 134.371122503300967, 34.16297389163185 ], [ 134.370150558301702, 34.160835829010352 ], [ 134.369384449233053, 34.160020278812851 ], [ 134.369125279008472, 34.158643054333538 ], [ 134.368338612337197, 34.157423053830939 ], [ 134.367943333318294, 34.155168612641432 ], [ 134.369152218200384, 34.151464720620424 ], [ 134.370179727812229, 34.15092333324526 ], [ 134.371353605684362, 34.151005559159273 ], [ 134.372683060874579, 34.149387495336669 ], [ 134.375295836933446, 34.148171387099865 ], [ 134.377588054145463, 34.14414527878165 ], [ 134.379525836847961, 34.143396387233508 ], [ 134.38194389079797, 34.139598891975311 ], [ 134.383068054147429, 34.139001386904511 ], [ 134.382680271877121, 34.137339161872887 ], [ 134.382097781887182, 34.136953054140179 ], [ 134.381166393614194, 34.135065000349528 ], [ 134.38000250271341, 34.134237224768185 ], [ 134.379587497065359, 34.132408892256649 ], [ 134.377882217890146, 34.12994610782664 ], [ 134.378534994394499, 34.128448892202641 ], [ 134.378496108608601, 34.12729749468366 ], [ 134.379520271843148, 34.123642225408446 ], [ 134.380261946331871, 34.122994441040646 ], [ 134.381499169750896, 34.120849162259105 ], [ 134.382419169908871, 34.120424999714032 ], [ 134.382691945976603, 34.119332225401934 ], [ 134.383570558434599, 34.118464440781395 ], [ 134.384576666879752, 34.118306667318905 ], [ 134.384833605886229, 34.11798916167055 ], [ 134.385454163279064, 34.116864440741381 ], [ 134.386340557570747, 34.11379889200532 ], [ 134.39522583690291, 34.115596107974056 ], [ 134.395833605936218, 34.116277775199194 ], [ 134.396463332816666, 34.116016945725505 ], [ 134.39656166019256, 34.116460558807773 ], [ 134.398924163019728, 34.116285828628122 ], [ 134.398850000427274, 34.11569333278112 ], [ 134.399504721265885, 34.115582774625409 ], [ 134.400337223684005, 34.113610829376341 ], [ 134.400130000099466, 34.112028332841362 ], [ 134.401609728406356, 34.108966946167698 ], [ 134.401495278884113, 34.105962494673463 ], [ 134.401156393652741, 34.105566667068103 ], [ 134.401472502653974, 34.105330559058132 ], [ 134.399028612080883, 34.104087224745683 ], [ 134.398827224197134, 34.104365000144696 ], [ 134.398227781986634, 34.104133332986976 ], [ 134.398128885339815, 34.103696667167526 ], [ 134.397258327210125, 34.103715829022349 ], [ 134.397056939326376, 34.104751667255698 ], [ 134.394146109055782, 34.104164721125017 ], [ 134.394271659809306, 34.101990828613907 ], [ 134.394673606401852, 34.101113333113858 ], [ 134.394428612190723, 34.097518613393333 ], [ 134.395846109210652, 34.092460559107565 ], [ 134.382034162946297, 34.088025000253594 ], [ 134.375018326834379, 34.08906555902837 ], [ 134.376258327360006, 34.087131108314054 ], [ 134.333761945957121, 34.084168891681031 ], [ 134.334336939198465, 34.080471667233724 ], [ 134.331882218089959, 34.079121387342184 ], [ 134.33384888521789, 34.076563612920438 ], [ 134.334209999891641, 34.074298612790813 ], [ 134.327717497264757, 34.071771107750465 ], [ 134.322759442194524, 34.069390559127044 ], [ 134.313503061217375, 34.068148613367839 ], [ 134.312996667362427, 34.068319999868152 ], [ 134.310626666887174, 34.070903054232645 ], [ 134.309242775733537, 34.070066387054169 ], [ 134.308807224174075, 34.070731666833012 ], [ 134.295199999580404, 34.068632224697467 ], [ 134.291456939386308, 34.068389162230119 ], [ 134.287635279344727, 34.068334999660578 ], [ 134.287583606098565, 34.069816387216576 ], [ 134.284271115219894, 34.069910279136138 ], [ 134.278736939158534, 34.070008612807271 ], [ 134.278762503286998, 34.069462774687338 ], [ 134.270069442350973, 34.06934305423863 ], [ 134.24090639431472, 34.069577494905502 ], [ 134.237387223941255, 34.06932999967978 ], [ 134.225414448817787, 34.066257494687704 ], [ 134.193900000085023, 34.064856946291115 ], [ 134.186324163329573, 34.06355055871137 ], [ 134.184832217732719, 34.069608053868649 ], [ 134.183656393727688, 34.070947225334237 ], [ 134.181928054136506, 34.071768333341936 ], [ 134.181788053975538, 34.072715278987005 ], [ 134.180876939119457, 34.073839721126262 ], [ 134.181219442323481, 34.075317495206264 ], [ 134.178790271853586, 34.082176108240844 ], [ 134.179342775748523, 34.085693891859648 ], [ 134.180068884771231, 34.087263332936516 ], [ 134.18212306133023, 34.088529440781144 ], [ 134.182959727609386, 34.090106667288921 ], [ 134.184811660130094, 34.090421108047735 ], [ 134.186193606050097, 34.092007225253269 ], [ 134.188041945779219, 34.093083613018393 ], [ 134.191169727600936, 34.093678892267121 ], [ 134.192541387974757, 34.096828333360975 ], [ 134.193274993746058, 34.097688053760749 ], [ 134.19630306143722, 34.09938527860777 ], [ 134.196248326898854, 34.100918054324779 ], [ 134.196831114564361, 34.102943332968493 ], [ 134.198450000367302, 34.106730279179089 ], [ 134.199156393552812, 34.107200558958652 ], [ 134.200343060683736, 34.10714499974199 ], [ 134.201238054292844, 34.107963053652043 ], [ 134.202757496661206, 34.108600279079667 ], [ 134.203248054354276, 34.109421108297568 ], [ 134.204386667111066, 34.110172224768405 ], [ 134.205356939371313, 34.112345279111366 ], [ 134.206324162929832, 34.112823892009033 ], [ 134.20920165982875, 34.11540305410773 ], [ 134.209290830307623, 34.116326945632068 ], [ 134.208519169724013, 34.117272775218453 ], [ 134.208937496568296, 34.118746945715031 ], [ 134.210192503181588, 34.121098054131949 ], [ 134.210261115158346, 34.122622494932273 ], [ 134.210731115248791, 34.123793891574906 ], [ 134.210645278556854, 34.127994721079574 ], [ 134.21154360595267, 34.128748891648058 ], [ 134.211714994251679, 34.129349440923988 ], [ 134.211701388408414, 34.130991108353044 ], [ 134.211121660236472, 34.133330828654891 ], [ 134.212881114571815, 34.134808054148436 ], [ 134.213648884688382, 34.136290829358359 ], [ 134.215600272334768, 34.1376150001322 ], [ 134.217458885019596, 34.14037805380417 ], [ 134.217311659705388, 34.141373891991577 ], [ 134.21765805427583, 34.141835558963919 ], [ 134.218254448683979, 34.146058613414311 ], [ 134.217180829931408, 34.151633892090501 ], [ 134.218062217697252, 34.152029162116207 ], [ 134.221227496751681, 34.154644440988193 ], [ 134.221855279297756, 34.156875828956402 ], [ 134.221693890560687, 34.158628333330967 ], [ 134.220507224329026, 34.162461946261885 ], [ 134.220901388188622, 34.163750000262382 ], [ 134.220078326853354, 34.165007224603812 ], [ 134.219669999570897, 34.165494161626327 ], [ 134.217612502714928, 34.166523333185353 ], [ 134.215942217959082, 34.16858166731015 ], [ 134.214361115373208, 34.169432774902702 ], [ 134.212695278664228, 34.171298333051709 ], [ 134.209237781998127, 34.172994440940727 ], [ 134.209582217845195, 34.173477775279139 ], [ 134.208933891186234, 34.174046386931252 ], [ 134.208726394207815, 34.174725559437093 ], [ 134.21107610867557, 34.17512166673157 ], [ 134.214626667186963, 34.176394720939697 ], [ 134.216008053728729, 34.176376387360449 ], [ 134.217599441860784, 34.17777138693998 ], [ 134.220016666635956, 34.178965000434459 ], [ 134.220879999612407, 34.179921108372525 ], [ 134.222223605635008, 34.179348892237613 ], [ 134.223702502968194, 34.179842225238531 ], [ 134.22552666712204, 34.178940558659917 ], [ 134.226953061134964, 34.177783613223198 ], [ 134.228018612069377, 34.17855110814719 ], [ 134.227966108749001, 34.180481386906536 ], [ 134.228439170131651, 34.18081027887132 ], [ 134.229264994184177, 34.180761666917419 ], [ 134.230653605879297, 34.179817775370111 ], [ 134.231576938924604, 34.179951667335615 ], [ 134.232500000374785, 34.180573053903345 ], [ 134.234999728055072, 34.179708053583852 ], [ 134.237026939341831, 34.180451107632564 ], [ 134.239841659964668, 34.17964110805076 ], [ 134.24065999985919, 34.180262224821888 ], [ 134.24258916975441, 34.179793332696192 ], [ 134.243752775570215, 34.180670559298903 ], [ 134.244488611660131, 34.179683612708629 ], [ 134.247427782266413, 34.178730000389237 ], [ 134.250840272360733, 34.180509999736728 ], [ 134.253752776269721, 34.18075027880235 ], [ 134.254752503125587, 34.18015777486147 ], [ 134.256575278726245, 34.180954162304772 ], [ 134.256692217571867, 34.181938053898136 ], [ 134.259071946013592, 34.18281694604525 ], [ 134.260125837237638, 34.183533333396667 ], [ 134.263750829936953, 34.182877775289171 ], [ 134.264409442142096, 34.183203053777959 ], [ 134.265373332813169, 34.182991667231704 ], [ 134.266076667404377, 34.183212775449306 ], [ 134.267531659858264, 34.182146666935182 ], [ 134.273551387986231, 34.181080559320435 ], [ 134.273931388422852, 34.180463612705637 ], [ 134.273554163294079, 34.179817775370111 ], [ 134.274374449321499, 34.17876110793884 ], [ 134.277248327348502, 34.176464162091463 ], [ 134.278636939043622, 34.177160829109027 ], [ 134.281531659758343, 34.177316386641962 ], [ 134.281899999585335, 34.178285559031394 ], [ 134.282498611721621, 34.178712774774795 ], [ 134.283654163209121, 34.178838892101226 ], [ 134.285588053645824, 34.179798332926794 ], [ 134.287219170228582, 34.180060828844205 ], [ 134.287737223793897, 34.179261666992375 ], [ 134.28870693937381, 34.178970278555539 ], [ 134.292233060607373, 34.17914277481924 ], [ 134.293819442213589, 34.177542495090108 ], [ 134.294049999607864, 34.175752774970647 ], [ 134.294959727709283, 34.173972495034661 ], [ 134.296208054158456, 34.172534999790457 ], [ 134.296751660161021, 34.169392225370927 ], [ 134.297905550600717, 34.168638613281416 ], [ 134.298445551221221, 34.168803333107405 ], [ 134.298911388350007, 34.169573053853412 ], [ 134.300856666901723, 34.17042694574701 ], [ 134.302727224382011, 34.170579999567394 ], [ 134.305094993639159, 34.170154999753493 ], [ 134.306154720563995, 34.170861667232202 ], [ 134.308495279033991, 34.17088110787688 ], [ 134.31050416303674, 34.174611386906008 ], [ 134.311940558410129, 34.175150559250937 ], [ 134.314563060636829, 34.177256107783194 ], [ 134.318822218370769, 34.175303891861176 ], [ 134.321576108850422, 34.17517749484557 ], [ 134.324078611838559, 34.174378612682858 ], [ 134.325332503292429, 34.174298612590974 ], [ 134.328313890773529, 34.173166667407827 ], [ 134.329418611679671, 34.174242774584457 ], [ 134.330738612297182, 34.174701386559775 ], [ 134.332771115194873, 34.174641107701007 ], [ 134.33396861196195, 34.175551666776073 ], [ 134.336342217819151, 34.174458891564655 ], [ 134.339952217920541, 34.173664720950171 ], [ 134.342636938843725, 34.172540000021058 ], [ 134.344193332556301, 34.172379721047321 ], [ 134.346298053712303, 34.17531610825182 ], [ 134.346528326920861, 34.178519162429438 ], [ 134.347489442283972, 34.180143892027047 ], [ 134.347163332821651, 34.181601107605104 ], [ 134.347992218166382, 34.183094721444263 ], [ 134.348064163030813, 34.183874162062978 ], [ 134.349743605582944, 34.185289999833685 ], [ 134.351671387824354, 34.185319162149653 ], [ 134.3517733331729, 34.185248613033139 ] ] ] } },
{ "type": "Feature", "properties": { "regioncode": "3620800", "regionname": "徳島県三好市", "name": "三好市", "namekana": "みよしし", "PrefCode": "36" }, "geometry": { "type": "MultiPolygon", "coordinates": [ [ [ [ 133.785736109134177, 34.079186667330873 ], [ 133.785761388177548, 34.078681946214886 ], [ 133.787226667077107, 34.078027225376218 ], [ 133.788792776165792, 34.077788892443493 ], [ 133.791841114575845, 34.078121666781556 ], [ 133.791941945664348, 34.07768027862204 ], [ 133.790098053982092, 34.076370279364937 ], [ 133.790131659848271, 34.075585558826504 ], [ 133.791478884742787, 34.07462582931862 ], [ 133.792051660255993, 34.073784721287893 ], [ 133.793112503239513, 34.073220829277886 ], [ 133.79549555107883, 34.070611108216099 ], [ 133.797828054321258, 34.069759720934428 ], [ 133.800050830381565, 34.069546107666781 ], [ 133.804429169870332, 34.070537495109363 ], [ 133.806955279162821, 34.071546666645418 ], [ 133.809422502646498, 34.07203361266113 ], [ 133.810331945662824, 34.072587225420193 ], [ 133.812411946254429, 34.072779999597344 ], [ 133.814129441820342, 34.073340558719849 ], [ 133.815375551440638, 34.073224720644419 ], [ 133.817093332991021, 34.072216107587337 ], [ 133.81769111505298, 34.072237224568312 ], [ 133.819653060740279, 34.073382774695347 ], [ 133.820150000022522, 34.074020278912769 ], [ 133.822838053833152, 34.074102774623384 ], [ 133.823071114940035, 34.073193891884671 ], [ 133.823717782349831, 34.07236472055547 ], [ 133.826060557648702, 34.071505000155696 ], [ 133.826951114902045, 34.069648332704446 ], [ 133.82927250342334, 34.068382775244913 ], [ 133.830194993803957, 34.066353892118457 ], [ 133.832346939259878, 34.064166386569525 ], [ 133.832834449150596, 34.061075000311064 ], [ 133.833634994159752, 34.060146667035099 ], [ 133.835198612126305, 34.060173054043275 ], [ 133.835527224401972, 34.059460828754311 ], [ 133.836518054264843, 34.05931972062865 ], [ 133.8370163937916, 34.058627495362657 ], [ 133.838182775814516, 34.05815999988414 ], [ 133.838384162798889, 34.056814999912376 ], [ 133.838908327257514, 34.055952828860029 ], [ 133.838924449403862, 34.055480360130559 ], [ 133.83845983085655, 34.054942972939898 ], [ 133.841908170625629, 34.055977467586104 ], [ 133.843532918209689, 34.055818468347695 ], [ 133.843830999401121, 34.055182558628246 ], [ 133.842686978121606, 34.054853413953936 ], [ 133.844075421643424, 34.054190494895465 ], [ 133.844010972628325, 34.053650891775305 ], [ 133.843390635569449, 34.053028414329901 ], [ 133.845117419333519, 34.053509828615745 ], [ 133.845651828868881, 34.053256801660098 ], [ 133.845686718966931, 34.052786531773052 ], [ 133.844770972602419, 34.051180946043871 ], [ 133.845181854858765, 34.05049802696243 ], [ 133.844985615593714, 34.049152278754718 ], [ 133.84840180280105, 34.048811972594535 ], [ 133.849011439726269, 34.049078440817425 ], [ 133.849908392058751, 34.048950801838089 ], [ 133.850947588360555, 34.048413359788753 ], [ 133.850724694988799, 34.047683387278539 ], [ 133.850958391916265, 34.046642162106139 ], [ 133.852647587616161, 34.046257027439935 ], [ 133.852591309841159, 34.045768828668542 ], [ 133.853909883234564, 34.045197829316407 ], [ 133.853733891306092, 34.042649720808015 ], [ 133.853108327387417, 34.040850279017207 ], [ 133.853871660248956, 34.036912225119124 ], [ 133.852206393710162, 34.034743054048761 ], [ 133.855589170204098, 34.036160278574073 ], [ 133.857280271567333, 34.036347774630144 ], [ 133.866417496870099, 34.034204999561155 ], [ 133.875362217792144, 34.03409138730774 ], [ 133.877788053575841, 34.033436107990042 ], [ 133.879215837041329, 34.031977774554719 ], [ 133.881449170243059, 34.031482495420903 ], [ 133.886190557947998, 34.032761945607376 ], [ 133.891252502700922, 34.035298333251546 ], [ 133.893861114898641, 34.034997494738661 ], [ 133.893394162610548, 34.033081945975084 ], [ 133.893067497367156, 34.032831386759142 ], [ 133.893822218320793, 34.031797775247185 ], [ 133.895144449257032, 34.030867225142401 ], [ 133.895157781706303, 34.029280829147012 ], [ 133.894256393917544, 34.027275278931029 ], [ 133.89457693927443, 34.025364162026506 ], [ 133.895051114917123, 34.024430558723338 ], [ 133.896293060676271, 34.022552494601996 ], [ 133.897975551030868, 34.021399721120304 ], [ 133.898803606301499, 34.020063333056441 ], [ 133.900353060845191, 34.019260558627934 ], [ 133.901774994220659, 34.015893891689814 ], [ 133.901948611938906, 34.014121387292221 ], [ 133.903357497050933, 34.013693613069847 ], [ 133.905146939279916, 34.011826946056772 ], [ 133.906195278989003, 34.009615559010911 ], [ 133.906289170009245, 34.00774861320798 ], [ 133.906008612107826, 34.006440278596017 ], [ 133.906215836591628, 34.005059440640707 ], [ 133.907791387662428, 34.004909720607145 ], [ 133.908098612261256, 34.00392916190134 ], [ 133.909313891323109, 34.002372224998226 ], [ 133.910918326819342, 34.002208333447868 ], [ 133.911970557894961, 34.002466946092738 ], [ 133.912053890874404, 34.000273053558601 ], [ 133.913265278569838, 33.998674999651541 ], [ 133.912901660183479, 33.997874441152589 ], [ 133.913870829875009, 33.997587495366645 ], [ 133.9142569394063, 33.994958892139209 ], [ 133.916489727618909, 33.994176946009304 ], [ 133.916671387974247, 33.993531107774459 ], [ 133.917420829907428, 33.993083613218232 ], [ 133.91746639405892, 33.990196107764234 ], [ 133.916845836666084, 33.988260828774287 ], [ 133.917655837147208, 33.98738138714134 ], [ 133.918465836729069, 33.983763053921848 ], [ 133.918458327389999, 33.981638892121225 ], [ 133.917989169964244, 33.979489161695483 ], [ 133.918070000130456, 33.976921946190942 ], [ 133.919136938718793, 33.976722224750915 ], [ 133.921222775910451, 33.974644162198388 ], [ 133.923673060663305, 33.974849441448612 ], [ 133.924851114987064, 33.974490828688829 ], [ 133.927776938754732, 33.974439161737962 ], [ 133.928886108607117, 33.973716667090571 ], [ 133.931010829786032, 33.974599721300137 ], [ 133.933666667183047, 33.975201107844896 ], [ 133.935260272143864, 33.974180828782266 ], [ 133.937102217693223, 33.973487224855603 ], [ 133.938031659833314, 33.974564440896302 ], [ 133.939508611932979, 33.974745279271247 ], [ 133.940397782431774, 33.974385278857596 ], [ 133.941198054047049, 33.974809161713495 ], [ 133.942729169615518, 33.974700278994703 ], [ 133.944680272176925, 33.975780279336448 ], [ 133.946671114880132, 33.974799162151669 ], [ 133.949452217945577, 33.97448444080436 ], [ 133.950346108985855, 33.974052775215455 ], [ 133.950410272016484, 33.972875828856445 ], [ 133.95173444908562, 33.971744720942183 ], [ 133.955345279261337, 33.97086222521159 ], [ 133.955029170260104, 33.968498892310095 ], [ 133.954574993741062, 33.967595829084303 ], [ 133.954970271860589, 33.966209441412616 ], [ 133.954481115311296, 33.965109162258102 ], [ 133.954451388221059, 33.963891107888344 ], [ 133.956126109332558, 33.963913892212418 ], [ 133.957514163447968, 33.963494441215516 ], [ 133.957924162570066, 33.96215722487608 ], [ 133.958862775996408, 33.961659441130337 ], [ 133.959055551072879, 33.960982775035063 ], [ 133.96042389114973, 33.960879999612359 ], [ 133.962503333262248, 33.961692225016236 ], [ 133.964533333346708, 33.961480558780806 ], [ 133.965496667337447, 33.961836387239543 ], [ 133.96812444858449, 33.960657775336131 ], [ 133.972229170240098, 33.960242224698959 ], [ 133.97314333289853, 33.957399721320144 ], [ 133.973152775780022, 33.955637224578311 ], [ 133.972595278849099, 33.952382224659971 ], [ 133.974524162759963, 33.952063891635362 ], [ 133.975364993799531, 33.95153638709462 ], [ 133.9772997278003, 33.948183612883497 ], [ 133.977262217977, 33.946366108209361 ], [ 133.977052218185349, 33.945924161570872 ], [ 133.973833060747211, 33.944478891687538 ], [ 133.972886108806961, 33.943603333327246 ], [ 133.9697288849801, 33.941845558925479 ], [ 133.967839727721298, 33.939955828798531 ], [ 133.96660888499207, 33.939256387372438 ], [ 133.966282776429011, 33.938150829197468 ], [ 133.967186938626355, 33.935822495212051 ], [ 133.969322217846184, 33.932932495038642 ], [ 133.969520271943111, 33.93133277468786 ], [ 133.971211660190079, 33.930122774646406 ], [ 133.971516667060655, 33.929198053947061 ], [ 133.974069169656559, 33.928411666964905 ], [ 133.975086108637015, 33.925044721236929 ], [ 133.980110829551222, 33.924327225021443 ], [ 133.982245837175697, 33.923509440908049 ], [ 133.986756939081488, 33.923774441437388 ], [ 133.989887497110317, 33.923186387341957 ], [ 133.99270749675361, 33.923251107952296 ], [ 133.995297781667318, 33.922273053858419 ], [ 133.9963358367296, 33.921312495175584 ], [ 133.998733605571488, 33.920332494948752 ], [ 134.000983890993894, 33.92009749490353 ], [ 134.002773333222763, 33.919466386664453 ], [ 134.003823605575008, 33.917343613417074 ], [ 134.002866666663408, 33.915741386655725 ], [ 134.001493061055953, 33.914298613290441 ], [ 134.001790557688196, 33.913241387380197 ], [ 134.001745278621797, 33.91182277520096 ], [ 134.001366939232867, 33.911118613233441 ], [ 134.001871387854294, 33.909414162333803 ], [ 134.001732217767653, 33.907793333095924 ], [ 134.002896108668551, 33.906460829203979 ], [ 134.004428054311347, 33.906595829134233 ], [ 134.005876393580706, 33.906169721355582 ], [ 134.007731659888236, 33.906418053850132 ], [ 134.008798326881333, 33.905797494658714 ], [ 134.010007224354013, 33.905587225070406 ], [ 134.0129552793627, 33.903019720883492 ], [ 134.01477499367104, 33.902191667411557 ], [ 134.015880558141362, 33.900773054333058 ], [ 134.016824721283911, 33.901059161950798 ], [ 134.018272502973673, 33.900988891624081 ], [ 134.020554994017857, 33.899521946280856 ], [ 134.024553333069889, 33.899292774741809 ], [ 134.026880829786478, 33.898380828912195 ], [ 134.029085278562775, 33.89936249468343 ], [ 134.030784993632665, 33.90092277526594 ], [ 134.032245551091364, 33.900599162321555 ], [ 134.034552217710711, 33.900618054379777 ], [ 134.03753861171765, 33.899407494959974 ], [ 134.040404162921845, 33.897385828892936 ], [ 134.042693333230773, 33.897812495150561 ], [ 134.044899169660994, 33.897089720813995 ], [ 134.045548884873256, 33.896097774892439 ], [ 134.047437782227917, 33.895257225340742 ], [ 134.04575583686244, 33.892504720716317 ], [ 134.041506666999112, 33.887284161634796 ], [ 134.04328666724598, 33.88431249492578 ], [ 134.043373333112868, 33.881766387408902 ], [ 134.04588610905671, 33.878211108356027 ], [ 134.045919442428385, 33.877556386617982 ], [ 134.046923060650784, 33.877079441063415 ], [ 134.04817944232741, 33.875459720689605 ], [ 134.048658326820373, 33.870944721122044 ], [ 134.053058884959682, 33.872242494995191 ], [ 134.056884162973802, 33.871396667322415 ], [ 134.058027782256431, 33.870653332685208 ], [ 134.060430557624159, 33.870567495093894 ], [ 134.062604163251649, 33.869885279282244 ], [ 134.065695278814133, 33.871993053636572 ], [ 134.068463891195734, 33.871713054214126 ], [ 134.069294720874723, 33.872140000160925 ], [ 134.071265550964426, 33.872281666765559 ], [ 134.076995836788456, 33.871244440878286 ], [ 134.085468053907675, 33.873089161735493 ], [ 134.087468885380872, 33.874104161777723 ], [ 134.089934721210511, 33.874231946447196 ], [ 134.091153060665306, 33.873157774611684 ], [ 134.091394993584117, 33.872047494995968 ], [ 134.091384163048701, 33.868607224843629 ], [ 134.090704163166606, 33.865630000324302 ], [ 134.091064448665406, 33.864919721168235 ], [ 134.091168326656998, 33.863407225163371 ], [ 134.092415551436602, 33.862375828681593 ], [ 134.093220557982477, 33.860141667204232 ], [ 134.095404163171679, 33.858078332848834 ], [ 134.095978327238072, 33.854983891593349 ], [ 134.095264448995181, 33.854964441056154 ], [ 134.093574163317044, 33.852950000142471 ], [ 134.091911946379241, 33.852325278888543 ], [ 134.090710272261276, 33.850067774608135 ], [ 134.088587782300351, 33.848777494785622 ], [ 134.08783610914918, 33.847956386777867 ], [ 134.085366393644222, 33.84396889175099 ], [ 134.083438053823215, 33.844320559046594 ], [ 134.08309888530539, 33.84484972103786 ], [ 134.082226393633277, 33.84517472073685 ], [ 134.080622218040958, 33.845266108044484 ], [ 134.078126394317678, 33.846002224722952 ], [ 134.071292502746815, 33.843238612571952 ], [ 134.069311659605432, 33.842999999950109 ], [ 134.066668612366584, 33.841527774687108 ], [ 134.065230830238647, 33.84108777508078 ], [ 134.064596667002661, 33.839762224746949 ], [ 134.061222218230796, 33.838030829259424 ], [ 134.059621114722745, 33.837538332628014 ], [ 134.05774389056819, 33.837674161733219 ], [ 134.054177781879162, 33.836998612595949 ], [ 134.052089441874273, 33.835566667068065 ], [ 134.050160557963409, 33.835164440786343 ], [ 134.049337781713348, 33.834202775038079 ], [ 134.044832502917757, 33.833886945726022 ], [ 134.04144972822246, 33.834339721101287 ], [ 134.039770558164832, 33.835034999565607 ], [ 134.039005836749993, 33.834897495023426 ], [ 134.037684449377934, 33.833794161771209 ], [ 134.037621659612, 33.832823892208921 ], [ 134.035700558434087, 33.830402494579516 ], [ 134.033977496963985, 33.828830279094177 ], [ 134.032828327065658, 33.828399720570701 ], [ 134.031480558081398, 33.82839889229507 ], [ 134.026706938674351, 33.827435278615269 ], [ 134.024156393902558, 33.825902225007724 ], [ 134.023407223564618, 33.824693054141164 ], [ 134.020911659745366, 33.824543612897457 ], [ 134.016768611682096, 33.823067495368662 ], [ 134.015095279123898, 33.823248892222637 ], [ 134.012646667110062, 33.821830000354282 ], [ 134.00562499439809, 33.821413892137457 ], [ 134.001937223624054, 33.822039440767639 ], [ 133.998854449273495, 33.821100829139993 ], [ 133.997704994290075, 33.821086386927277 ], [ 133.995931659818325, 33.82193027925905 ], [ 133.990120829812554, 33.828104161977535 ], [ 133.989948612338708, 33.828582774875201 ], [ 133.990331114689297, 33.830744162313295 ], [ 133.9885152791569, 33.833017494661703 ], [ 133.987147224165142, 33.836668612666415 ], [ 133.987523605729848, 33.837745558910456 ], [ 133.987494721304415, 33.839459720689604 ], [ 133.985149999872647, 33.840784720638396 ], [ 133.982617223905777, 33.840641107900865 ], [ 133.981360829638675, 33.839049720668129 ], [ 133.979093890570653, 33.837493053561616 ], [ 133.977420272027985, 33.837284721113065 ], [ 133.974751945745766, 33.836415279041944 ], [ 133.969972503228519, 33.836470829265409 ], [ 133.968423891349516, 33.836151945855647 ], [ 133.967429727699823, 33.835593612555215 ], [ 133.961102218292808, 33.834915558806074 ], [ 133.95867472056193, 33.8342772254137 ], [ 133.957336393559785, 33.833352225025237 ], [ 133.957088053870621, 33.832011945594843 ], [ 133.957432218122449, 33.831461666622658 ], [ 133.95487083022465, 33.830823333230285 ], [ 133.951965278974512, 33.829610828576904 ], [ 133.951085837341566, 33.828925000188633 ], [ 133.951888885163953, 33.827258053716264 ], [ 133.952041660194482, 33.825216107937081 ], [ 133.953074162842427, 33.823660829383812 ], [ 133.952080000091996, 33.82119610781416 ], [ 133.952118327398921, 33.820366946377533 ], [ 133.953093332791127, 33.818659999859165 ], [ 133.95250055815427, 33.817024721213954 ], [ 133.952730000389238, 33.815493333150869 ], [ 133.950837496753138, 33.812278891757501 ], [ 133.951162502747366, 33.810540279210556 ], [ 133.950818611889531, 33.809383612563693 ], [ 133.949690829668157, 33.808474162352752 ], [ 133.948830557983911, 33.806551946015531 ], [ 133.948830557983911, 33.805865828944889 ], [ 133.947473606022186, 33.803744161863619 ], [ 133.943306108989759, 33.800992495407399 ], [ 133.941260830323131, 33.799158053801193 ], [ 133.937858327200161, 33.800091107618584 ], [ 133.936520000197902, 33.79914972068309 ], [ 133.934531946292395, 33.798974162227864 ], [ 133.931874721241456, 33.80000333288757 ], [ 133.929160558313129, 33.799700279344449 ], [ 133.924878326673479, 33.800609162083219 ], [ 133.924132776106831, 33.798559440765644 ], [ 133.922985837426495, 33.798527495047892 ], [ 133.921016939080573, 33.797857494727623 ], [ 133.919525837047786, 33.797825558902446 ], [ 133.918799442040722, 33.796182494826326 ], [ 133.916543891087713, 33.793989161670538 ], [ 133.915071660428794, 33.793701946087992 ], [ 133.913389727653907, 33.791181387411143 ], [ 133.912778053764214, 33.791404720551441 ], [ 133.91157360613704, 33.793175559404574 ], [ 133.909681387586033, 33.793845558825524 ], [ 133.907998884640847, 33.79522527892351 ], [ 133.905934448615994, 33.794427775421525 ], [ 133.904290558062826, 33.794316108401745 ], [ 133.902876108845362, 33.793678053799169 ], [ 133.901365836863988, 33.794013053959304 ], [ 133.900084993627615, 33.796653054295064 ], [ 133.898631946407249, 33.797937225022963 ], [ 133.895974993850928, 33.802380000037033 ], [ 133.893375278646204, 33.804936386804854 ], [ 133.892209170017281, 33.804621107877892 ], [ 133.890794720799818, 33.803424720874204 ], [ 133.887286939440742, 33.802958053671318 ], [ 133.885117496775138, 33.803316946120219 ], [ 133.883597781912158, 33.80504361297244 ], [ 133.882670558399582, 33.805354720843752 ], [ 133.878388885238905, 33.805159162365499 ], [ 133.877308884897161, 33.805809161763477 ], [ 133.872358611660616, 33.806193053566631 ], [ 133.8718441625781, 33.808593053626566 ], [ 133.872495551428642, 33.810158053851183 ], [ 133.871386939155968, 33.81075694567653 ], [ 133.870908884737332, 33.812131386754174 ], [ 133.868851115386747, 33.81447749494049 ], [ 133.868061114928537, 33.816406946323582 ], [ 133.866585551382173, 33.818241387030412 ], [ 133.866190558347625, 33.819425278853601 ], [ 133.8634780537692, 33.821684440584534 ], [ 133.859684993967335, 33.826133613375589 ], [ 133.85644277611334, 33.828409999821702 ], [ 133.855362218191885, 33.830148613267966 ], [ 133.855040000095983, 33.831401946242863 ], [ 133.853953890659568, 33.832845829371593 ], [ 133.853658054175867, 33.834571667048863 ], [ 133.852062775576655, 33.83429416234577 ], [ 133.851304449240956, 33.835159161765944 ], [ 133.849927497256203, 33.834924999888869 ], [ 133.848404993595636, 33.835313333443651 ], [ 133.846296667057572, 33.836776107731225 ], [ 133.844534994094715, 33.837505000155659 ], [ 133.843912218074479, 33.838132494918739 ], [ 133.844140000160905, 33.839291945866648 ], [ 133.842811115140876, 33.839779999847167 ], [ 133.841322503330957, 33.842638333092623 ], [ 133.838421660031599, 33.845268332967237 ], [ 133.83678138835046, 33.845299999895133 ], [ 133.835512775893903, 33.844400279449417 ], [ 133.834161388037728, 33.844412774629916 ], [ 133.833060000019032, 33.844038892281105 ], [ 133.829855279397634, 33.844793053856392 ], [ 133.828488053580827, 33.844748891747997 ], [ 133.825442775563715, 33.842251945670796 ], [ 133.819610557880992, 33.838753892278362 ], [ 133.819185279277235, 33.837524162010538 ], [ 133.817772776192783, 33.837321387372185 ], [ 133.809024163234653, 33.838031108049222 ], [ 133.806236666888708, 33.836383891803223 ], [ 133.804725837327624, 33.83709972067561 ], [ 133.800632776281645, 33.837131386704186 ], [ 133.799265837348571, 33.837492495082643 ], [ 133.797483605883713, 33.836399999560399 ], [ 133.792712776173744, 33.836399720770544 ], [ 133.79038916992431, 33.836787225150374 ], [ 133.788580000166917, 33.836243891642312 ], [ 133.786869999550959, 33.840276386945732 ], [ 133.786661114918616, 33.841839162247595 ], [ 133.785659441929738, 33.842413613197721 ], [ 133.785197782151954, 33.842260829173995 ], [ 133.78459666720255, 33.841235828670619 ], [ 133.783516394366188, 33.841133892315327 ], [ 133.780911660045149, 33.841976945579631 ], [ 133.775772503098551, 33.842296667157541 ], [ 133.773281114831661, 33.839883332849581 ], [ 133.770397782231953, 33.83949749491353 ], [ 133.765963605635989, 33.840268053827685 ], [ 133.763654993783007, 33.839104721405818 ], [ 133.761773060778182, 33.838748613257962 ], [ 133.758088053620895, 33.836894721114561 ], [ 133.756525279218295, 33.836463891895164 ], [ 133.753366394343743, 33.837148892007804 ], [ 133.751955278913101, 33.836741667294177 ], [ 133.74800027189508, 33.836778053864123 ], [ 133.747370271620753, 33.836923333045434 ], [ 133.747009170436968, 33.837669162401994 ], [ 133.74575444890877, 33.838507225328215 ], [ 133.744134162861428, 33.840605000120718 ], [ 133.740920830332129, 33.842623891779226 ], [ 133.741119170413413, 33.84477472117652 ], [ 133.74082666681727, 33.846313613182758 ], [ 133.739858327200068, 33.848203053728014 ], [ 133.738003890966866, 33.849856108372762 ], [ 133.735009727716829, 33.84955389209847 ], [ 133.731811387785342, 33.850721945961084 ], [ 133.728951388096107, 33.851079720552718 ], [ 133.726505551390119, 33.849888612569487 ], [ 133.722999727855267, 33.850043332833593 ], [ 133.719469441861293, 33.84927861321745 ], [ 133.717047781629844, 33.849586107612822 ], [ 133.715284449417823, 33.850944440933233 ], [ 133.709631388377943, 33.851192775226423 ], [ 133.707598053607398, 33.85168166737509 ], [ 133.706189441889251, 33.851370558604458 ], [ 133.703923332895556, 33.850240558654889 ], [ 133.701571659704427, 33.849806107865618 ], [ 133.700296939052578, 33.851051945890617 ], [ 133.697621115122388, 33.852048613252975 ], [ 133.697341114800679, 33.852688613089072 ], [ 133.696302217973084, 33.853579720727566 ], [ 133.696216938860744, 33.854290829058584 ], [ 133.694633332562262, 33.856403612636655 ], [ 133.690801387873762, 33.857099440586751 ], [ 133.687009169837438, 33.856548333338992 ], [ 133.685647782419323, 33.857505828930925 ], [ 133.683929999969564, 33.858155559431566 ], [ 133.683348054069484, 33.858757494562781 ], [ 133.681106394044946, 33.85920972135159 ], [ 133.680811115140955, 33.859511666929961 ], [ 133.67729277574108, 33.858579441388144 ], [ 133.674344449137038, 33.860849721437546 ], [ 133.674484720893247, 33.862963053602073 ], [ 133.673226393982986, 33.864245279096394 ], [ 133.669624720704405, 33.865666386894304 ], [ 133.666490829788017, 33.865940558709895 ], [ 133.665800830344097, 33.868458612774816 ], [ 133.664105550730596, 33.869058892254145 ], [ 133.663936393649692, 33.869611387155828 ], [ 133.662849169953347, 33.87049527863428 ], [ 133.662480557631739, 33.873358053631307 ], [ 133.661289441554572, 33.876754441364426 ], [ 133.661380829761583, 33.8780461079416 ], [ 133.662045837045753, 33.879425828938906 ], [ 133.661388054015561, 33.88125055876634 ], [ 133.660748054179408, 33.881809161863373 ], [ 133.661206667054103, 33.884516107732225 ], [ 133.661918054174976, 33.885784161709751 ], [ 133.664320557947462, 33.887196108113926 ], [ 133.666633606156097, 33.8880780543588 ], [ 133.668885550827554, 33.887512495005694 ], [ 133.669270557790128, 33.888378053804217 ], [ 133.670648884838215, 33.889434440646994 ], [ 133.672978611873532, 33.890195278789122 ], [ 133.67794555134617, 33.893084440794382 ], [ 133.678079442412354, 33.896797495108387 ], [ 133.677798054436721, 33.898316666780772 ], [ 133.676558884884685, 33.899405558719593 ], [ 133.676249170063215, 33.900905829340616 ], [ 133.67451389130315, 33.903185829262668 ], [ 133.675816938800722, 33.903979161709003 ], [ 133.67654527904142, 33.905079720552692 ], [ 133.676486666626374, 33.9062636132752 ], [ 133.677577781689365, 33.909550828707836 ], [ 133.681880558341163, 33.910248892372522 ], [ 133.683376109320079, 33.912310000006528 ], [ 133.684302776152208, 33.912491386967986 ], [ 133.685644993621622, 33.913359161696008 ], [ 133.685993605920203, 33.914105829220716 ], [ 133.687470000440271, 33.91530861310207 ], [ 133.687807497118342, 33.91621389225736 ], [ 133.68883444915059, 33.916027774861959 ], [ 133.690517223691018, 33.91629055856248 ], [ 133.690307782378341, 33.917539721381104 ], [ 133.689350829976888, 33.918523891764266 ], [ 133.688506939443755, 33.921629721134764 ], [ 133.68562972762993, 33.925716108311804 ], [ 133.683951946125489, 33.925989162270071 ], [ 133.682006939169014, 33.925720559056629 ], [ 133.681150271967567, 33.926148891757975 ], [ 133.678999170075713, 33.926001946132942 ], [ 133.675683606213511, 33.926380000436723 ], [ 133.676540000021078, 33.928101945848198 ], [ 133.676308054073502, 33.930294440835837 ], [ 133.675894993659085, 33.931327494768141 ], [ 133.676484448898236, 33.93294472132186 ], [ 133.680248054104482, 33.934486386837307 ], [ 133.680388885238926, 33.935922775016081 ], [ 133.681079169767941, 33.936489721123792 ], [ 133.681759442144653, 33.938081666835501 ], [ 133.684016666735829, 33.939106667338876 ], [ 133.686439999706295, 33.938976387050673 ], [ 133.690208327252549, 33.941605558649655 ], [ 133.6924449942411, 33.943646945949865 ], [ 133.692495551428578, 33.946116666850742 ], [ 133.69279749700695, 33.946830829279406 ], [ 133.692626108708055, 33.947838891951335 ], [ 133.689129442070112, 33.953399440631756 ], [ 133.687829728359361, 33.95387833321854 ], [ 133.687053891324126, 33.954894720914695 ], [ 133.687134448995721, 33.955331386734144 ], [ 133.689033890901442, 33.957058053586366 ], [ 133.691836109149222, 33.960499721285146 ], [ 133.692363890681122, 33.962455000298064 ], [ 133.686647224190096, 33.965375829231164 ], [ 133.685773605667464, 33.964983332714667 ], [ 133.686257496686153, 33.964118333294493 ], [ 133.685723332665702, 33.96395027878242 ], [ 133.684947224035227, 33.963891386678199 ], [ 133.682977497413617, 33.964592775136509 ], [ 133.682554163144232, 33.965844440768365 ], [ 133.683314994091802, 33.96779749485853 ], [ 133.683118611834516, 33.968675279040951 ], [ 133.680513605918236, 33.969788612754314 ], [ 133.680321946001072, 33.970224999783966 ], [ 133.681249170412912, 33.973568612601468 ], [ 133.684131115358696, 33.976391107863378 ], [ 133.683838885156433, 33.977205828885928 ], [ 133.682624448759384, 33.978293891649855 ], [ 133.681380557766602, 33.97878861320396 ], [ 133.681153060765155, 33.979368891760998 ], [ 133.680871115209811, 33.981334720720838 ], [ 133.682206394409604, 33.98325416175021 ], [ 133.680326667441818, 33.984266387383911 ], [ 133.676729442210103, 33.984300000444705 ], [ 133.675766939192954, 33.983606946003817 ], [ 133.675106939333887, 33.983602774948167 ], [ 133.676458612275155, 33.988396945662544 ], [ 133.676477497138876, 33.992491387167831 ], [ 133.677326666692352, 33.994281386976468 ], [ 133.677717496765126, 33.994825000173648 ], [ 133.678683891148694, 33.994988053555858 ], [ 133.680685836881935, 33.996295828789528 ], [ 133.681968611861976, 33.998170828920649 ], [ 133.682177223999702, 33.999208053908603 ], [ 133.681756109257094, 34.000274441212525 ], [ 133.682107781948616, 34.000902224657978 ], [ 133.682818612389156, 34.001701387409128 ], [ 133.685736939408343, 34.003656386732928 ], [ 133.685736939408343, 34.005167495083867 ], [ 133.685098327226115, 34.00709000010346 ], [ 133.68317972796217, 34.007458613324388 ], [ 133.681098612211258, 34.010456107663288 ], [ 133.679397224402464, 34.011549441353679 ], [ 133.679194448864791, 34.01198555858673 ], [ 133.679548611779069, 34.012519999598339 ], [ 133.681585279437172, 34.012888612819268 ], [ 133.684054163069277, 34.012808612727326 ], [ 133.68505389082452, 34.013250829162473 ], [ 133.687253333074977, 34.012286387207041 ], [ 133.688792217886657, 34.012495279033942 ], [ 133.689817782264868, 34.013496666937669 ], [ 133.690994993923937, 34.013349161934343 ], [ 133.691651945980539, 34.012765558583737 ], [ 133.691932217897602, 34.013496666937669 ], [ 133.69355972819892, 34.014989440810098 ], [ 133.697401114869649, 34.015683613108308 ], [ 133.700633333161818, 34.017919441029449 ], [ 133.701902775692588, 34.017691945826698 ], [ 133.703670557750115, 34.01628555903136 ], [ 133.707149999672765, 34.015947494881061 ], [ 133.708762502987156, 34.015351667045877 ], [ 133.70943416255659, 34.015505279345234 ], [ 133.709788327269507, 34.016248613083064 ], [ 133.710814163243072, 34.017053053955351 ], [ 133.713921114967548, 34.017538332628021 ], [ 133.714725551343236, 34.019037224588317 ], [ 133.71627888466287, 34.020087495141865 ], [ 133.717504163286549, 34.020486667325883 ], [ 133.718658884699835, 34.021475559149792 ], [ 133.721319727723312, 34.022292495202521 ], [ 133.722271387614455, 34.023299720605678 ], [ 133.722980000326856, 34.025449720828021 ], [ 133.722145836860932, 34.026125278958489 ], [ 133.722286108617027, 34.028907495384658 ], [ 133.721791659557539, 34.030222225075704 ], [ 133.723071946113464, 34.036462775436803 ], [ 133.72520861208784, 34.037765000054776 ], [ 133.72571749706492, 34.038717224720187 ], [ 133.726448326628997, 34.039122495207039 ], [ 133.727754721403358, 34.041063892284853 ], [ 133.728994162550634, 34.044159721194205 ], [ 133.731171114555309, 34.044178332663989 ], [ 133.733595836978338, 34.045185558966409 ], [ 133.73853277596686, 34.048306387230014 ], [ 133.740152502635965, 34.04959610767429 ], [ 133.740451387821395, 34.050191946301311 ], [ 133.741831387608499, 34.050505279095432 ], [ 133.744439999806218, 34.052323891734261 ], [ 133.74558778205062, 34.052280828597418 ], [ 133.74831832702921, 34.053360559142561 ], [ 133.749497497411653, 34.054270279150103 ], [ 133.749890830297659, 34.055299440816611 ], [ 133.750996667262484, 34.056587225020451 ], [ 133.752528054426193, 34.056709999566863 ], [ 133.754296939052551, 34.058744441402894 ], [ 133.756991660436825, 34.059586107912594 ], [ 133.758776938804772, 34.061293333220817 ], [ 133.758662217687288, 34.06235277506056 ], [ 133.760103891181643, 34.063497774802499 ], [ 133.760300557624646, 34.064550828757774 ], [ 133.761160271729182, 34.0649597208145 ], [ 133.762134993834934, 34.066257775276142 ], [ 133.763379728391783, 34.066809720692106 ], [ 133.763404720551421, 34.069839721026369 ], [ 133.764280557701682, 34.070722775235936 ], [ 133.767539441791882, 34.072134720740848 ], [ 133.768507782308347, 34.073329161611582 ], [ 133.769139170236599, 34.072502494894252 ], [ 133.770225551268254, 34.072579720577721 ], [ 133.771126394067892, 34.073056107653315 ], [ 133.772574994140768, 34.072625279333238 ], [ 133.773341114900632, 34.073591946211423 ], [ 133.775041946029091, 34.074264441250989 ], [ 133.776970272360245, 34.075711667159737 ], [ 133.77799778197209, 34.077291386588286 ], [ 133.777955550708157, 34.078934161982033 ], [ 133.778469169716459, 34.07945972128914 ], [ 133.779892218251348, 34.07923222518707 ], [ 133.782325836767995, 34.080185000237634 ], [ 133.785298053862107, 34.079810278821355 ], [ 133.78559194601155, 34.079454161680246 ], [ 133.785736109134177, 34.079186667330873 ] ] ], [ [ [ 133.935533333296803, 34.115248054154449 ], [ 133.93911583662657, 34.115395559157776 ], [ 133.939767223678473, 34.114893613349636 ], [ 133.93904333328328, 34.112197495318185 ], [ 133.939159999634285, 34.111327775356585 ], [ 133.938862503002156, 34.110478053619318 ], [ 133.938098326576551, 34.109761945957075 ], [ 133.937668054037545, 34.107821946425759 ], [ 133.939565550709631, 34.104657494747642 ], [ 133.942299728050102, 34.103915000077222 ], [ 133.942971387619536, 34.102837495354152 ], [ 133.944430829918929, 34.101753892328304 ], [ 133.944338326552611, 34.100422494602469 ], [ 133.943566394373647, 34.100168332702424 ], [ 133.943405550625698, 34.099646386871314 ], [ 133.943948054059547, 34.098375278796141 ], [ 133.94431805403508, 34.096107224568811 ], [ 133.943887497310243, 34.094495000044276 ], [ 133.944534993894877, 34.093022774781275 ], [ 133.946079170317489, 34.09193249518853 ], [ 133.947257223741985, 34.092220279142623 ], [ 133.948431387598475, 34.092106387200033 ], [ 133.950405836560208, 34.090674721361381 ], [ 133.951612217729689, 34.090380278826842 ], [ 133.952412502834818, 34.089557495382167 ], [ 133.953876394080339, 34.088881666555721 ], [ 133.955456666591999, 34.088701386659693 ], [ 133.956478053619321, 34.088099161946843 ], [ 133.957398884750774, 34.086895000304082 ], [ 133.959230829839044, 34.085916386831855 ], [ 133.959209728146448, 34.084408613167 ], [ 133.958587782200425, 34.083429720904974 ], [ 133.959124720629461, 34.082494999744483 ], [ 133.962778053664351, 34.081166387219071 ], [ 133.967215837441017, 34.081998612645918 ], [ 133.968813061273863, 34.081493333050958 ], [ 133.969809441752432, 34.079715000147189 ], [ 133.971477223694933, 34.077833613030862 ], [ 133.971653605929191, 34.076519440919526 ], [ 133.97219055784808, 34.075714161879091 ], [ 133.973048029043412, 34.073021251729415 ], [ 133.974529441780419, 34.073450413605769 ], [ 133.975523061340255, 34.07503691931845 ], [ 133.977396641441942, 34.075820720749732 ], [ 133.978132502712924, 34.075797494858534 ], [ 133.979934163131134, 34.075009495391953 ], [ 133.981637782158032, 34.075025279393174 ], [ 133.982837859979327, 34.074191080853723 ], [ 133.984021698742481, 34.074439918767268 ], [ 133.985718494612911, 34.073457162118416 ], [ 133.986916834944054, 34.07367486460339 ], [ 133.988745525385752, 34.074867495138847 ], [ 133.989698611601739, 34.074506107970535 ], [ 133.991054994292654, 34.073180278846849 ], [ 133.993934163031213, 34.072617494801591 ], [ 133.996643606317434, 34.073931387223809 ], [ 133.999633333211818, 34.074787495046905 ], [ 134.000525836598172, 34.071729441260743 ], [ 133.998627497261282, 34.068663054356534 ], [ 133.998460271924046, 34.06724944060926 ], [ 133.998861115048499, 34.066346387275985 ], [ 134.0006366672485, 34.065145000041753 ], [ 134.00119861222629, 34.061898053552397 ], [ 134.000836939073565, 34.060425559392115 ], [ 134.00103138778843, 34.058145000091713 ], [ 134.000664163120746, 34.054825829048809 ], [ 133.998921387611972, 34.045007774689111 ], [ 133.999266667023107, 34.044799999820214 ], [ 133.998988326849826, 34.043445279076423 ], [ 134.000059170294548, 34.037320000217903 ], [ 133.997343061233323, 34.036515559345617 ], [ 133.995254448733931, 34.036532495378424 ], [ 133.987002775957421, 34.040288891619127 ], [ 133.982838054232843, 34.041229441285736 ], [ 133.980636394254248, 34.041322774726325 ], [ 133.978375550791156, 34.040844440618514 ], [ 133.970480272146915, 34.037620559041613 ], [ 133.969125837387537, 34.037350278592555 ], [ 133.962695279163881, 34.039473053638574 ], [ 133.959509727591922, 34.041121946220869 ], [ 133.952424721024158, 34.042172775253448 ], [ 133.94845250278081, 34.043098054431709 ], [ 133.935051388410898, 34.048737774928441 ], [ 133.929549999832716, 34.049949161724498 ], [ 133.923618612109294, 34.05004416160881 ], [ 133.923638053653349, 34.051495558573208 ], [ 133.924587496715617, 34.052278332978744 ], [ 133.925002218177838, 34.053245829031823 ], [ 133.924136939068603, 34.054966107999519 ], [ 133.923686394011952, 34.057276387195543 ], [ 133.923476109135208, 34.059136386634975 ], [ 133.923968884556416, 34.062716945630598 ], [ 133.923403890876898, 34.064562224966778 ], [ 133.922013890628591, 34.066070000430216 ], [ 133.921889728428255, 34.067264441300949 ], [ 133.921317497004907, 34.068317495256281 ], [ 133.919665278729667, 34.069877774939414 ], [ 133.917065550934467, 34.073354721243447 ], [ 133.914789999958543, 34.074450000167417 ], [ 133.913307782328388, 34.075619440784635 ], [ 133.912676109315044, 34.076744441402923 ], [ 133.912206394309692, 34.079548053599865 ], [ 133.909809169557548, 34.081289999933574 ], [ 133.908934720960701, 34.081576387240546 ], [ 133.907794162970276, 34.082578053934071 ], [ 133.907693891260124, 34.083606387324949 ], [ 133.906064449215023, 34.084912774904694 ], [ 133.904416667295436, 34.0855219459811 ], [ 133.903365551379125, 34.086635000005288 ], [ 133.903468054307268, 34.088148333279037 ], [ 133.901592217806638, 34.089794161871112 ], [ 133.901438885196512, 34.090888892208682 ], [ 133.900544994156235, 34.092112775084559 ], [ 133.900104162677053, 34.094136107595318 ], [ 133.898871388204043, 34.096794999989299 ], [ 133.901378326648569, 34.099263891715282 ], [ 133.903093606284983, 34.100070559308904 ], [ 133.903923476387376, 34.100856413892416 ], [ 133.907800272064947, 34.102342495010191 ], [ 133.909935551284775, 34.104028332641462 ], [ 133.911564163255548, 34.104409720732065 ], [ 133.912923061350284, 34.106022224945775 ], [ 133.915548612278712, 34.107902225307498 ], [ 133.915556666606903, 34.108879162443429 ], [ 133.916598327051247, 34.109340829415771 ], [ 133.919404994245156, 34.112250828712831 ], [ 133.921982218304834, 34.114262225421442 ], [ 133.923908326907849, 34.114760000173931 ], [ 133.929984162838878, 34.115201107744952 ], [ 133.931966667028178, 34.116010829436277 ], [ 133.935050829931924, 34.115408612817305 ], [ 133.935533333296803, 34.115248054154449 ] ] ] ] } },
{ "type": "Feature", "properties": { "regioncode": "3636800", "regionname": "徳島県那賀町", "name": "那賀町", "namekana": "なかちょう", "PrefCode": "36" }, "geometry": { "type": "Polygon", "coordinates": [ [ [ 134.266712218294288, 33.917024161635823 ], [ 134.272573332993034, 33.917226667376838 ], [ 134.273022502986237, 33.916572774813744 ], [ 134.273757782395819, 33.916579440588748 ], [ 134.27488444855851, 33.915707225008475 ], [ 134.277979727982142, 33.915039440617761 ], [ 134.28199360641986, 33.915792774816737 ], [ 134.283737223693947, 33.915332494598999 ], [ 134.286109727881694, 33.915247495175834 ], [ 134.286346666865256, 33.915036387419377 ], [ 134.286207781863709, 33.913448333074143 ], [ 134.287040830170213, 33.912998892385019 ], [ 134.28780861197788, 33.911956107788171 ], [ 134.289929441790377, 33.907241667369078 ], [ 134.290390272393211, 33.906794721399308 ], [ 134.294557782016113, 33.906714440718929 ], [ 134.296191660416866, 33.90865889189439 ], [ 134.29623444926051, 33.909445278876547 ], [ 134.298725279048426, 33.910379721247182 ], [ 134.301098053932151, 33.910002225422431 ], [ 134.303897224377465, 33.90766666718298 ], [ 134.308026394102853, 33.906396387383438 ], [ 134.308659169685029, 33.905350829277381 ], [ 134.311078053709252, 33.90378222457008 ], [ 134.311651387701431, 33.90241527934171 ], [ 134.311576109050293, 33.901296386918773 ], [ 134.312472502903802, 33.899518892183153 ], [ 134.314991387942314, 33.898802774628393 ], [ 134.316288612329686, 33.897835559163752 ], [ 134.316526667371818, 33.896005829105775 ], [ 134.316269999960582, 33.895064720960136 ], [ 134.316520558277261, 33.894583613343116 ], [ 134.317379169812853, 33.894066108364257 ], [ 134.318337497277753, 33.893966666728318 ], [ 134.320161388037718, 33.891943613007413 ], [ 134.320612503264442, 33.891033892100495 ], [ 134.322288612029865, 33.889567224647749 ], [ 134.322633332962027, 33.88809833317157 ], [ 134.323592218006524, 33.886927225211309 ], [ 134.325271388064152, 33.88674444070341 ], [ 134.325384163048739, 33.884234720655911 ], [ 134.326023332810678, 33.882750000212411 ], [ 134.325089727708814, 33.882091387107891 ], [ 134.323705278975467, 33.880570000405271 ], [ 134.323216394021415, 33.879482495221055 ], [ 134.322420557862529, 33.878944161943593 ], [ 134.322060272363728, 33.877650279436921 ], [ 134.323044163057716, 33.876797775197247 ], [ 134.32426610879395, 33.876411108086245 ], [ 134.325368611971953, 33.875616387086666 ], [ 134.326201946262927, 33.874528891794967 ], [ 134.3260516596564, 33.869756107858166 ], [ 134.327129442270007, 33.868381108301548 ], [ 134.327110558305662, 33.867314441308451 ], [ 134.327486667375865, 33.866488333070151 ], [ 134.32740527873068, 33.865259720659651 ], [ 134.326427782216456, 33.865003612626651 ], [ 134.326571946238346, 33.864020559201492 ], [ 134.329670557650161, 33.863777774624623 ], [ 134.335766938593451, 33.864692494862823 ], [ 134.336885278832597, 33.863863891905112 ], [ 134.33727360609214, 33.862143891727271 ], [ 134.339125551203324, 33.860624999744005 ], [ 134.340961115163395, 33.860248891573121 ], [ 134.342270830234725, 33.859428054261343 ], [ 134.34648472059348, 33.85944666663039 ], [ 134.347474448786897, 33.858568054172395 ], [ 134.350381660185576, 33.85823361339061 ], [ 134.35164749733417, 33.857757774901415 ], [ 134.35230610864005, 33.856733892255363 ], [ 134.351476666614985, 33.855009721021872 ], [ 134.351722502591429, 33.85327444136243 ], [ 134.350871660298935, 33.851751667005885 ], [ 134.350880272206837, 33.850506667149034 ], [ 134.350380000037035, 33.850103892280856 ], [ 134.35171832703918, 33.850301108209635 ], [ 134.353369170251085, 33.851082225164589 ], [ 134.356955278963028, 33.851036386719898 ], [ 134.357574721196443, 33.850396666572976 ], [ 134.35887555096599, 33.849858612984633 ], [ 134.359627496611779, 33.848751107777446 ], [ 134.360799170245627, 33.848585000297589 ], [ 134.362907224289074, 33.849643333273264 ], [ 134.365199442400467, 33.850110828751781 ], [ 134.366563332631813, 33.851414720712853 ], [ 134.368199442250557, 33.851943612907462 ], [ 134.372877782084061, 33.854610279041196 ], [ 134.373692218021461, 33.8554291621262 ], [ 134.377003061342293, 33.856239441397179 ], [ 134.377970272310336, 33.856124161800665 ], [ 134.378483606233544, 33.854421387237267 ], [ 134.379588612224779, 33.853989162270068 ], [ 134.380788054225377, 33.852693613319673 ], [ 134.383156393652712, 33.852103053712995 ], [ 134.384321114627824, 33.85145500044797 ], [ 134.384977224019735, 33.85184194634877 ], [ 134.387064448865317, 33.851198054246879 ], [ 134.387651660296001, 33.851708054383266 ], [ 134.389516667160478, 33.85154138662574 ], [ 134.391618884603872, 33.853201107944813 ], [ 134.392694448589964, 33.853483054399476 ], [ 134.393074449026699, 33.854223333140339 ], [ 134.395916667320421, 33.853583333304243 ], [ 134.396370830349611, 33.854778332654007 ], [ 134.397022218300776, 33.855089161735464 ], [ 134.397475837240108, 33.855121945621363 ], [ 134.3981422177892, 33.85462416187562 ], [ 134.399444721197028, 33.855358613009628 ], [ 134.40172944166045, 33.856031108049251 ], [ 134.40369360597515, 33.85496361278058 ], [ 134.404334994364604, 33.855436666968671 ], [ 134.405854994312563, 33.855751107727485 ], [ 134.406836667278412, 33.855183613033375 ], [ 134.407562217822147, 33.856045278666727 ], [ 134.409195551233779, 33.85678194573029 ], [ 134.410202218157906, 33.857666107904606 ], [ 134.411450558096817, 33.85795833271095 ], [ 134.414702503018134, 33.860011108126173 ], [ 134.416587782400256, 33.860062495387922 ], [ 134.418176394325201, 33.858779161928851 ], [ 134.419938053798205, 33.857847225069406 ], [ 134.421013606093084, 33.857631108089208 ], [ 134.422568053672762, 33.857972774923667 ], [ 134.423564994429057, 33.857765000054769 ], [ 134.425134163011307, 33.858355279072896 ], [ 134.427137497297736, 33.858423332570794 ], [ 134.429032502847804, 33.858927225411151 ], [ 134.430039169771931, 33.857569721265691 ], [ 134.431253061179859, 33.856839441187333 ], [ 134.43209166010206, 33.85582749524275 ], [ 134.432797496607236, 33.856368612821257 ], [ 134.433853333064917, 33.856257495287252 ], [ 134.436103890981826, 33.857724161840622 ], [ 134.437120558367155, 33.859272774618887 ], [ 134.437885278882618, 33.859748053729732 ], [ 134.439124163349561, 33.859723333165334 ], [ 134.442810558160772, 33.860817495131357 ], [ 134.444808885022098, 33.860679720792518 ], [ 134.447177496943937, 33.861784162009542 ], [ 134.448253605919263, 33.8616711082351 ], [ 134.448949170367996, 33.862115278897079 ], [ 134.45009416291532, 33.86155166657619 ], [ 134.45191499418172, 33.863394720989618 ], [ 134.453819727698374, 33.863746387385902 ], [ 134.455107781698871, 33.86474833286934 ], [ 134.456854448573949, 33.864894441225545 ], [ 134.458611115010967, 33.865784720588408 ], [ 134.459316938925667, 33.865459720889476 ], [ 134.461665836808947, 33.865679999932127 ], [ 134.462598611836484, 33.865268332567553 ], [ 134.462948885182982, 33.867730559417851 ], [ 134.465737224193617, 33.868555279102907 ], [ 134.467873891067256, 33.869855278798127 ], [ 134.468273606441812, 33.869248332644474 ], [ 134.469679727937205, 33.868386387321948 ], [ 134.472137224353446, 33.867693054091205 ], [ 134.47342527925332, 33.869371386880061 ], [ 134.478641387590073, 33.870955279162843 ], [ 134.482633333361719, 33.870580829341861 ], [ 134.483615551316689, 33.870056108202903 ], [ 134.485066394298769, 33.869959440975492 ], [ 134.487553332720154, 33.868904162097465 ], [ 134.488984449073087, 33.868710829441284 ], [ 134.48987749744856, 33.870689441364675 ], [ 134.491555551447618, 33.871942494650455 ], [ 134.497111946159407, 33.871401386964465 ], [ 134.497136394229301, 33.866133332887046 ], [ 134.49729610932809, 33.865665829314651 ], [ 134.498150830396526, 33.865284720913166 ], [ 134.502319170093642, 33.867639162217586 ], [ 134.505761114783695, 33.868293892049508 ], [ 134.507846394395642, 33.869256386972722 ], [ 134.511260558128356, 33.870003612976404 ], [ 134.512252775645152, 33.870839162297557 ], [ 134.515491388117084, 33.871062495437855 ], [ 134.516912503109552, 33.871948054259349 ], [ 134.518434994179756, 33.872356386937781 ], [ 134.519163891100789, 33.872910828871682 ], [ 134.519684994267095, 33.874015828567678 ], [ 134.5208847213529, 33.874223892119005 ], [ 134.52247165963945, 33.872984162289299 ], [ 134.526213605573503, 33.872718613173504 ], [ 134.529784449193016, 33.873734721180483 ], [ 134.531076393660669, 33.873088332560542 ], [ 134.537392503261458, 33.873623332950501 ], [ 134.538292218311312, 33.873157494922509 ], [ 134.540294449129533, 33.873288332790366 ], [ 134.540792776065814, 33.873080558820789 ], [ 134.543118326649505, 33.870100279304495 ], [ 134.545646667159986, 33.868830000404273 ], [ 134.54748749665066, 33.869033892000573 ], [ 134.548871660298914, 33.868471667333608 ], [ 134.554500272369751, 33.869341945774238 ], [ 134.556110557956004, 33.869037775273171 ], [ 134.555455551132809, 33.86591166708979 ], [ 134.556544449366925, 33.863824721034121 ], [ 134.555889441644467, 33.862831386559321 ], [ 134.555584994152241, 33.86058277477531 ], [ 134.55661389141801, 33.855234720605949 ], [ 134.556078884732756, 33.854395279018945 ], [ 134.550934721260433, 33.854530000159457 ], [ 134.550380829711571, 33.854021946155967 ], [ 134.546113332564346, 33.852277774899449 ], [ 134.545688884934179, 33.851730828814766 ], [ 134.544526394277682, 33.852162224607014 ], [ 134.542431387598526, 33.851923612884491 ], [ 134.539543332658695, 33.852377495325186 ], [ 134.537135279169888, 33.849875000430984 ], [ 134.534864993724568, 33.849589999878617 ], [ 134.533536393789632, 33.848527225151372 ], [ 134.530666667033074, 33.84712555889746 ], [ 134.530177782079022, 33.846063053966816 ], [ 134.52944861176411, 33.845431387248766 ], [ 134.528811945714779, 33.843737224593269 ], [ 134.527806393949959, 33.843098332721922 ], [ 134.525051945890709, 33.842278053889117 ], [ 134.525194993853916, 33.839086108137451 ], [ 134.524496109108213, 33.836008891597146 ], [ 134.523624994298075, 33.834124999868891 ], [ 134.521924449154085, 33.832484720993136 ], [ 134.520293332571327, 33.83166361298538 ], [ 134.519073061372751, 33.829635828830476 ], [ 134.518033891151163, 33.829532774617917 ], [ 134.517010829586184, 33.828639720846468 ], [ 134.514973332753129, 33.828926108153439 ], [ 134.51344111461583, 33.82672333301548 ], [ 134.510076108725457, 33.822938332937781 ], [ 134.510006666674371, 33.822326386553527 ], [ 134.511054162819391, 33.819731387393688 ], [ 134.510347782224471, 33.818706386890312 ], [ 134.509168611842028, 33.818371946108471 ], [ 134.508420830057275, 33.81705749520728 ], [ 134.508059441989758, 33.81491472103761 ], [ 134.508256666911734, 33.814265000429486 ], [ 134.507816938900646, 33.812993054186165 ], [ 134.50973999970131, 33.810274721101564 ], [ 134.510146394340723, 33.808858612634936 ], [ 134.511313333043972, 33.807081108006798 ], [ 134.512007223854312, 33.806266666673366 ], [ 134.513888885263896, 33.806138053728262 ], [ 134.518892776080861, 33.80662000041275 ], [ 134.519964993689541, 33.807389721158756 ], [ 134.522253333024992, 33.807946666805265 ], [ 134.522820271938031, 33.807348613148008 ], [ 134.524073333317688, 33.807201108144682 ], [ 134.52453749680808, 33.805846667090066 ], [ 134.525909442266993, 33.805089161835383 ], [ 134.527068054147435, 33.805068613225956 ], [ 134.528153606004139, 33.804078613437298 ], [ 134.527920829982349, 33.802647224589805 ], [ 134.5266461093305, 33.800919440779637 ], [ 134.524311114966054, 33.799942775238947 ], [ 134.523184993792484, 33.800353054050277 ], [ 134.521386108682009, 33.799656946411005 ], [ 134.519420557612762, 33.799415829177235 ], [ 134.516197782201971, 33.797770559064077 ], [ 134.506582775874449, 33.79501166655524 ], [ 134.505230830438563, 33.793786387032185 ], [ 134.503836667228484, 33.793851107642581 ], [ 134.499303605676914, 33.792360000213876 ], [ 134.496254993872981, 33.792966386989235 ], [ 134.495112503239511, 33.792852225250044 ], [ 134.494478054019055, 33.793404999840902 ], [ 134.492566108838901, 33.794088332610499 ], [ 134.490773332823096, 33.794191667411553 ], [ 134.488309442227091, 33.793098054032043 ], [ 134.487652217675759, 33.792119440559759 ], [ 134.485624721303907, 33.791032775342387 ], [ 134.483392218176391, 33.788493892079487 ], [ 134.480314994441528, 33.786595559037892 ], [ 134.479931115228851, 33.784871108115226 ], [ 134.480586667041166, 33.782109999676777 ], [ 134.479168612441526, 33.78005777464665 ], [ 134.476901114894645, 33.779244720967142 ], [ 134.47515583657264, 33.777866946102733 ], [ 134.472413333308737, 33.778269161592561 ], [ 134.471552775640134, 33.778682775090033 ], [ 134.470425836982827, 33.77837444072793 ], [ 134.469256938656827, 33.778852495146566 ], [ 134.467190829892957, 33.778874441302492 ], [ 134.466267224353032, 33.779469720551219 ], [ 134.465625836862955, 33.779449162049218 ], [ 134.463426667107115, 33.777771667428567 ], [ 134.463281115431187, 33.776673332608254 ], [ 134.462080829866522, 33.776402775167981 ], [ 134.460224994288069, 33.775371667368631 ], [ 134.458339442411443, 33.775640829061047 ], [ 134.45505888465982, 33.774766107969583 ], [ 134.452982776334125, 33.775080558620914 ], [ 134.450564448990235, 33.773948892227622 ], [ 134.447185837256598, 33.773819999593343 ], [ 134.446469170216119, 33.772633891840712 ], [ 134.446437496992985, 33.771841386770632 ], [ 134.447548326993797, 33.769922225430435 ], [ 134.447756939131523, 33.768511108201153 ], [ 134.449270829984926, 33.767165558743613 ], [ 134.450192502881805, 33.767399440931513 ], [ 134.44973499437458, 33.766286386907268 ], [ 134.443911946179469, 33.763599720750562 ], [ 134.43957165970437, 33.763323333005474 ], [ 134.437940272425749, 33.762409441042905 ], [ 134.433101945898102, 33.763650829222456 ], [ 134.431395279068965, 33.76298138738116 ], [ 134.429988054105479, 33.763313333443648 ], [ 134.429497497311672, 33.762824720984156 ], [ 134.426211659640444, 33.76131972082851 ], [ 134.422288054250316, 33.757720559356358 ], [ 134.420957781576476, 33.757139721421083 ], [ 134.421518612294221, 33.755741666844528 ], [ 134.421474449286507, 33.755011667354609 ], [ 134.422430829719133, 33.752922775165985 ], [ 134.422224721293901, 33.751793054006271 ], [ 134.41984610891086, 33.75014916165452 ], [ 134.419514721327346, 33.748326666642413 ], [ 134.414809169807427, 33.744281386576802 ], [ 134.413049442078204, 33.741621666806509 ], [ 134.412349728157437, 33.741246108121459 ], [ 134.410427781616931, 33.741455559326653 ], [ 134.409183606438319, 33.742065000199659 ], [ 134.406650557976945, 33.741763333411143 ], [ 134.40592138766192, 33.741375278646217 ], [ 134.404087782425336, 33.741264440801331 ], [ 134.401944993866437, 33.73982999965483 ], [ 134.40184944179839, 33.73851861274386 ], [ 134.401363333051449, 33.737730829114525 ], [ 134.401893605705368, 33.734919721068309 ], [ 134.401269728015563, 33.733640000185915 ], [ 134.401335837179204, 33.73280222504269 ], [ 134.399719727583374, 33.73110333285257 ], [ 134.399880557841584, 33.729088613149031 ], [ 134.39905832658053, 33.728985828733073 ], [ 134.398255278758143, 33.728456387052688 ], [ 134.398264720740372, 33.727397775287159 ], [ 134.394578885307396, 33.724371667218691 ], [ 134.390213060784163, 33.725319720828509 ], [ 134.384448884908124, 33.725864999570149 ], [ 134.381897496572265, 33.725335828585685 ], [ 134.377635836924355, 33.725936108065014 ], [ 134.374715837166264, 33.727571667298662 ], [ 134.36842083015722, 33.72639722465226 ], [ 134.364770830009888, 33.727832494973711 ], [ 134.364450829642124, 33.728635279294735 ], [ 134.362937497267694, 33.730023333410145 ], [ 134.362400830434012, 33.730929440841066 ], [ 134.360920829632619, 33.730940559159535 ], [ 134.360107497163312, 33.73133082895464 ], [ 134.358204162991797, 33.731205279100379 ], [ 134.356753891079279, 33.729558053861126 ], [ 134.356490557893039, 33.728836107800191 ], [ 134.355637223579038, 33.728401387214319 ], [ 134.354083606073573, 33.729025558982414 ], [ 134.353266938918182, 33.728599161622071 ], [ 134.351966939222962, 33.728693891709781 ], [ 134.351440271951105, 33.72977527880613 ], [ 134.34921000004158, 33.730229720625175 ], [ 134.347563605775804, 33.728618613058586 ], [ 134.344976393845513, 33.728300828620377 ], [ 134.343679727937115, 33.72754555908034 ], [ 134.342693061036016, 33.727428333350929 ], [ 134.341356109097205, 33.727542774779295 ], [ 134.338936109014298, 33.729828333410921 ], [ 134.336535837359065, 33.730429999644798 ], [ 134.334349169978282, 33.72752027913765 ], [ 134.331869169826405, 33.726951666586217 ], [ 134.329361218745362, 33.727790000208415 ], [ 134.327425551248211, 33.729641386840569 ], [ 134.322478611798601, 33.730282494641472 ], [ 134.321065278639708, 33.731971666958941 ], [ 134.320188612314723, 33.732531946392271 ], [ 134.31625527895801, 33.731294440585998 ], [ 134.31406832739151, 33.731456108112923 ], [ 134.312638327097147, 33.731938332687946 ], [ 134.310254720778858, 33.730798333176608 ], [ 134.309134993785051, 33.730982224749937 ], [ 134.308054720948689, 33.731857495327176 ], [ 134.306241388229523, 33.732242225298535 ], [ 134.304981115186365, 33.732136386784873 ], [ 134.303811387685414, 33.73162055904163 ], [ 134.300971114625327, 33.731280558650894 ], [ 134.300257782270933, 33.731503613001394 ], [ 134.294603891156726, 33.730511107701489 ], [ 134.293147224165182, 33.729555278553335 ], [ 134.291980557956435, 33.729304441446857 ], [ 134.288093606234952, 33.727470559219 ], [ 134.286070000330369, 33.727701666998371 ], [ 134.284273332948032, 33.728574162267819 ], [ 134.282896666947636, 33.730678333038668 ], [ 134.281866393719156, 33.731021386627731 ], [ 134.277419728237987, 33.72920416164277 ], [ 134.276186109301534, 33.728089441174802 ], [ 134.275412502585027, 33.728446107801688 ], [ 134.270862503202011, 33.727439720566679 ], [ 134.269522218375755, 33.726347225044435 ], [ 134.268421946415742, 33.724630558653416 ], [ 134.266118611784577, 33.723947775369595 ], [ 134.26494832670403, 33.721425278653726 ], [ 134.262881660360449, 33.720577774644653 ], [ 134.258594720769793, 33.720461108293591 ], [ 134.256711388419944, 33.718819440864536 ], [ 134.253144448757325, 33.71897555867514 ], [ 134.25015722377691, 33.719967775292673 ], [ 134.248700557684629, 33.721051945790691 ], [ 134.248373890642597, 33.723103332652727 ], [ 134.247072503293452, 33.723999161731967 ], [ 134.24526666732288, 33.722978612872737 ], [ 134.24292472119896, 33.722537775098317 ], [ 134.237467224033253, 33.72004389211196 ], [ 134.236711115425692, 33.719888332780386 ], [ 134.235339728445751, 33.720178332663977 ], [ 134.234668053587825, 33.719329720690098 ], [ 134.234098326776461, 33.719178891792467 ], [ 134.230164720925245, 33.721446386641503 ], [ 134.227771660034136, 33.721764440876314 ], [ 134.224605836889964, 33.72109722485709 ], [ 134.223003060642782, 33.722391387052937 ], [ 134.220192776375598, 33.721785558756608 ], [ 134.218301946377778, 33.722065828874975 ], [ 134.216095278973967, 33.721549721442557 ], [ 134.214780558276175, 33.721870279389918 ], [ 134.212934993854901, 33.721547224924564 ], [ 134.211055837057302, 33.721702775262941 ], [ 134.209780830421096, 33.720777495185303 ], [ 134.209491945696755, 33.718926667032122 ], [ 134.207750271857662, 33.717592494897758 ], [ 134.205290000133459, 33.716534161922084 ], [ 134.204126666812272, 33.716667224712694 ], [ 134.201651388101141, 33.716308054373258 ], [ 134.200421114642836, 33.715549720843001 ], [ 134.198294720724789, 33.71311694589042 ], [ 134.19581194616444, 33.711696107889111 ], [ 134.193603332627731, 33.710949999742752 ], [ 134.190276109055276, 33.710813613057837 ], [ 134.188941945914166, 33.709436386779885 ], [ 134.186340829565665, 33.707798613415321 ], [ 134.183272776217677, 33.707442775064067 ], [ 134.18173861194748, 33.706436946308088 ], [ 134.179508054053485, 33.705663053607111 ], [ 134.176610272046446, 33.703861108103695 ], [ 134.174024162684987, 33.703564161856661 ], [ 134.173104994400092, 33.702081386646739 ], [ 134.170414993557188, 33.699165828640105 ], [ 134.168043332933507, 33.698890279063164 ], [ 134.165664448955226, 33.69735805373125 ], [ 134.162737224043667, 33.696630558853258 ], [ 134.163656394127315, 33.69488166705537 ], [ 134.163589728283341, 33.693374162287796 ], [ 134.164411946054543, 33.690947494631246 ], [ 134.163493061055988, 33.689415279191849 ], [ 134.163845278736744, 33.68812389230385 ], [ 134.162297782017049, 33.687693612570229 ], [ 134.160966109098695, 33.686835278925059 ], [ 134.157333606161046, 33.686696667317392 ], [ 134.154534994194705, 33.685985279297256 ], [ 134.153198612426081, 33.686167775122783 ], [ 134.149098327126126, 33.685857224831125 ], [ 134.147706666729391, 33.684946666655378 ], [ 134.145646938655318, 33.68652055937639 ], [ 134.141602217968057, 33.687932494988729 ], [ 134.14013527892007, 33.689510558765335 ], [ 134.135512776193764, 33.691059161651026 ], [ 134.135226394282768, 33.691963613430062 ], [ 134.134136109294104, 33.692637225427688 ], [ 134.133382775994392, 33.693961108418478 ], [ 134.131764721165041, 33.693860558817789 ], [ 134.126263060991505, 33.695885278982473 ], [ 134.124253605919193, 33.695664721150024 ], [ 134.122565278964544, 33.696063612745604 ], [ 134.11991221777464, 33.69495249496174 ], [ 134.116938053648369, 33.695940829205938 ], [ 134.111990830012815, 33.695659441230305 ], [ 134.109935279289743, 33.694480558630914 ], [ 134.106019999823161, 33.693587494966948 ], [ 134.102140829935365, 33.693986386562528 ], [ 134.099535279029965, 33.694606107585855 ], [ 134.095392775955929, 33.692412494740893 ], [ 134.091991114598272, 33.692510829311402 ], [ 134.090440829980366, 33.693069999880663 ], [ 134.086461659977658, 33.692381666880465 ], [ 134.085988884579479, 33.691742775009118 ], [ 134.081400271905068, 33.690469162322017 ], [ 134.078658327120138, 33.690123333425163 ], [ 134.076398327221114, 33.690613613227697 ], [ 134.073706108650072, 33.690332225252064 ], [ 134.07312888509, 33.689613612977894 ], [ 134.06931360573833, 33.689252494706921 ], [ 134.0670397284008, 33.688651666641135 ], [ 134.065879999562412, 33.688693612820032 ], [ 134.064006666774276, 33.689583054014804 ], [ 134.058056666681864, 33.691033333121879 ], [ 134.0566349941098, 33.694049161939347 ], [ 134.058190000168452, 33.695320000217862 ], [ 134.061012218439146, 33.695854441229528 ], [ 134.062538054088009, 33.697110559404848 ], [ 134.064761946206886, 33.698224440805348 ], [ 134.063523605829801, 33.700142495080115 ], [ 134.064714994401584, 33.703670000370266 ], [ 134.064509441757423, 33.704901387189295 ], [ 134.064714994401584, 33.706554440934781 ], [ 134.06537221805354, 33.708026387407926 ], [ 134.066727497276247, 33.709778053614343 ], [ 134.06882250305614, 33.710361666857466 ], [ 134.070101660063642, 33.711195829424014 ], [ 134.070283606403336, 33.712426946446499 ], [ 134.069596938947598, 33.713874161563353 ], [ 134.066733332977037, 33.715758054190928 ], [ 134.066498885115493, 33.716768892170705 ], [ 134.065037496683203, 33.719452225439909 ], [ 134.065999999700239, 33.723661666852479 ], [ 134.066281387675986, 33.724240558654913 ], [ 134.067560829768581, 33.725084162304313 ], [ 134.068429170170134, 33.728891387327735 ], [ 134.067437496743196, 33.731486667076069 ], [ 134.066445836805997, 33.732718053895098 ], [ 134.066299169970762, 33.7339691619473 ], [ 134.063705551270232, 33.734959999904106 ], [ 134.061781115406234, 33.735215278762155 ], [ 134.061153061264804, 33.737035279054908 ], [ 134.061340829815549, 33.7408816668555 ], [ 134.060730557968895, 33.741833054252083 ], [ 134.059046667369898, 33.743221387157348 ], [ 134.059486938571467, 33.745924721348842 ], [ 134.058424721423762, 33.747764441076129 ], [ 134.057785279167319, 33.750526386783349 ], [ 134.056682218409719, 33.750830559083113 ], [ 134.056083891358526, 33.751478332658962 ], [ 134.056963890571183, 33.753347495290711 ], [ 134.056710271861675, 33.753869162332023 ], [ 134.056897223827832, 33.757845558825522 ], [ 134.057446667329941, 33.759157774911444 ], [ 134.058954163104204, 33.761000278939775 ], [ 134.059141660059595, 33.762572224628514 ], [ 134.058345278911588, 33.764218892288113 ], [ 134.057766109218619, 33.764716945830457 ], [ 134.058933061411722, 33.765904720926187 ], [ 134.058545550736653, 33.767743613277162 ], [ 134.058766938643316, 33.77006249538789 ], [ 134.058328326691026, 33.771367775002886 ], [ 134.058847782299381, 33.776403613336129 ], [ 134.057757782395811, 33.777556386817821 ], [ 134.05734917002826, 33.77895749459276 ], [ 134.057451115376693, 33.780458332685953 ], [ 134.058132502912713, 33.781141107875897 ], [ 134.056429169870398, 33.781987774616141 ], [ 134.055824721134059, 33.78412138739219 ], [ 134.055322217746266, 33.784690559321916 ], [ 134.05303111479418, 33.785473054038277 ], [ 134.050271946193448, 33.78563666679878 ], [ 134.049463060871631, 33.786632225297012 ], [ 134.049420272027987, 33.787301107759959 ], [ 134.047913061338818, 33.788240278765898 ], [ 134.047206108774958, 33.789079440663727 ], [ 134.045988054405257, 33.789520559026641 ], [ 134.04643111530379, 33.79239444065098 ], [ 134.045766667397857, 33.794635278695182 ], [ 134.046822776350155, 33.796114721017602 ], [ 134.047044163357555, 33.797935829275161 ], [ 134.046793060951018, 33.798764441226012 ], [ 134.043054448803787, 33.801026666947166 ], [ 134.040882775819568, 33.801737775278184 ], [ 134.039204720921248, 33.804576107601349 ], [ 134.037816666805838, 33.805301667138281 ], [ 134.035253606169022, 33.807833891820678 ], [ 134.03378861235467, 33.808730559068124 ], [ 134.032996666662939, 33.810202775337871 ], [ 134.034273891027283, 33.812600000089958 ], [ 134.036662776366143, 33.81432499959908 ], [ 134.036978054393785, 33.814979721337124 ], [ 134.036437223698954, 33.81669027863353 ], [ 134.036794993794047, 33.820752224935291 ], [ 134.03514250302419, 33.823462224901789 ], [ 134.035172218423213, 33.824568332562535 ], [ 134.034120558417158, 33.826734441441374 ], [ 134.032828327065658, 33.828399720570701 ], [ 134.033977496963985, 33.828830279094177 ], [ 134.035700558434087, 33.830402494579516 ], [ 134.037621659612, 33.832823892208921 ], [ 134.037684449377934, 33.833794161771209 ], [ 134.038749170238134, 33.834768053802691 ], [ 134.039605837439467, 33.835034999565607 ], [ 134.04144972822246, 33.834339721101287 ], [ 134.044832502917757, 33.833886945726022 ], [ 134.049337781713348, 33.834202775038079 ], [ 134.050160557963409, 33.835164440786343 ], [ 134.052089441874273, 33.835566667068065 ], [ 134.054177781879162, 33.836998612595949 ], [ 134.05774389056819, 33.837674161733219 ], [ 134.059621114722745, 33.837538332628014 ], [ 134.061222218230796, 33.838030829259424 ], [ 134.064596667002661, 33.839762224746949 ], [ 134.065230830238647, 33.84108777508078 ], [ 134.066668612366584, 33.841527774687108 ], [ 134.069311659605432, 33.842999999950109 ], [ 134.071292502746815, 33.843238612571952 ], [ 134.078126394317678, 33.846002224722952 ], [ 134.080622218040958, 33.845266108044484 ], [ 134.082226393633277, 33.84517472073685 ], [ 134.08309888530539, 33.84484972103786 ], [ 134.083438053823215, 33.844320559046594 ], [ 134.085366393644222, 33.84396889175099 ], [ 134.08783610914918, 33.847956386777867 ], [ 134.088788885099007, 33.848921945691302 ], [ 134.090429170269999, 33.849786107842647 ], [ 134.091722503290953, 33.852126107833669 ], [ 134.093574163317044, 33.852950000142471 ], [ 134.095356393882525, 33.855020000272873 ], [ 134.101312775564224, 33.853904161947582 ], [ 134.107473061432756, 33.853378332843818 ], [ 134.110521659746837, 33.852747224604798 ], [ 134.112025279443174, 33.854334721370321 ], [ 134.112156394302247, 33.85563722477815 ], [ 134.120281115181342, 33.856213612867975 ], [ 134.121801115129415, 33.856532495378417 ], [ 134.124163606265483, 33.857603891906138 ], [ 134.125004993985385, 33.85738777492594 ], [ 134.125619442283551, 33.858116946140228 ], [ 134.126763060666804, 33.858701946137955 ], [ 134.127210557920989, 33.859867224692721 ], [ 134.127857496926026, 33.860524441150119 ], [ 134.131578611863461, 33.861991107703489 ], [ 134.132290272378214, 33.863467495028942 ], [ 134.133584448963234, 33.864052225230068 ], [ 134.134436393824558, 33.865159440855564 ], [ 134.137521115207392, 33.866239162407453 ], [ 134.139861387692918, 33.865663332796601 ], [ 134.140562502757348, 33.86651805386515 ], [ 134.142018327084202, 33.866815278902038 ], [ 134.143107496913558, 33.868516108231859 ], [ 134.144951660191055, 33.869155000103206 ], [ 134.146925836658056, 33.869533054406986 ], [ 134.148090271648812, 33.869398053577356 ], [ 134.15056082981846, 33.867643053584118 ], [ 134.152782775804553, 33.866986107822697 ], [ 134.153856108572654, 33.865865558848498 ], [ 134.155042503209074, 33.865802494789364 ], [ 134.156897782106967, 33.866495559122825 ], [ 134.158537223714006, 33.865811945764733 ], [ 134.161708611862991, 33.865532774617918 ], [ 134.164739442271525, 33.865667494859053 ], [ 134.165828884595385, 33.866639721346132 ], [ 134.169291387787325, 33.867251387141835 ], [ 134.17165360642889, 33.868655279217819 ], [ 134.172888327034684, 33.870396667072555 ], [ 134.17230583704486, 33.87153082908452 ], [ 134.172284449367908, 33.87237666664987 ], [ 134.172941946413744, 33.872673891686816 ], [ 134.173891115182869, 33.874437775183253 ], [ 134.174883332699665, 33.87494166712429 ], [ 134.177234163226103, 33.877641386940525 ], [ 134.178582218194833, 33.878442494925253 ], [ 134.180642217864147, 33.878352495271486 ], [ 134.183003890617101, 33.881160279423398 ], [ 134.185371114885129, 33.881614721242443 ], [ 134.187431114554329, 33.88244277471432 ], [ 134.190736667163492, 33.885506945689031 ], [ 134.194031659933216, 33.885961386608756 ], [ 134.196021659971734, 33.884850278717465 ], [ 134.19841610941603, 33.88498499985792 ], [ 134.201381945820231, 33.883725000208642 ], [ 134.202018611869562, 33.882861107853898 ], [ 134.204563891110752, 33.881871108065241 ], [ 134.206030830158738, 33.880881387066438 ], [ 134.208683891348528, 33.880854161890113 ], [ 134.209126108682995, 33.881178053624353 ], [ 134.210074994165666, 33.883725000208642 ], [ 134.211401659658918, 33.885245829331609 ], [ 134.216518884838706, 33.886438612751817 ], [ 134.217198327141205, 33.886807494870027 ], [ 134.217878053629306, 33.887743332988464 ], [ 134.219053332645217, 33.887995558648186 ], [ 134.219689999593925, 33.888571387359718 ], [ 134.221765837223643, 33.889061945952108 ], [ 134.224472775897993, 33.889170000395268 ], [ 134.226484162713973, 33.888004441252008 ], [ 134.231461660227524, 33.888711107831398 ], [ 134.233294993868981, 33.889503054422448 ], [ 134.234837224158582, 33.890718053795183 ], [ 134.239038327057187, 33.891689999693767 ], [ 134.238261388352498, 33.896788054025535 ], [ 134.238611945884713, 33.897629721434555 ], [ 134.236325550883521, 33.899996387223553 ], [ 134.236770271930595, 33.901785000277584 ], [ 134.23262888491513, 33.904304999576141 ], [ 134.232386394416608, 33.905011387365676 ], [ 134.23289333326079, 33.905668333127096 ], [ 134.232839169791873, 33.906172494864791 ], [ 134.231442502869299, 33.907935828875452 ], [ 134.232476108985338, 33.908598891825477 ], [ 134.233436939263356, 33.908698613150534 ], [ 134.233673333257798, 33.909116946290112 ], [ 134.2349822182548, 33.909299162426464 ], [ 134.235595278899041, 33.909818892328076 ], [ 134.23783888505659, 33.910001387254283 ], [ 134.239267496797652, 33.910906946098748 ], [ 134.242591388381925, 33.912051387361714 ], [ 134.246502775582712, 33.914318332724918 ], [ 134.248963890870982, 33.915348891937867 ], [ 134.249684449277993, 33.916035278805111 ], [ 134.24994778156497, 33.916963891770251 ], [ 134.252475279410646, 33.916776386720926 ], [ 134.253275837010278, 33.916244999806963 ], [ 134.254076108625554, 33.916149721132797 ], [ 134.254946109175648, 33.9167663871591 ], [ 134.256293333170902, 33.916827774881938 ], [ 134.257624721004163, 33.916282495241035 ], [ 134.262132502612985, 33.917659162140694 ], [ 134.265252218415185, 33.917441108020796 ], [ 134.266697497291716, 33.917025828978865 ], [ 134.266712218294288, 33.917024161635823 ] ] ] } },
{ "type": "Feature", "properties": { "regioncode": "3638700", "regionname": "徳島県美波町", "name": "美波町", "namekana": "みなみちょう", "PrefCode": "36" }, "geometry": { "type": "MultiPolygon", "coordinates": [ [ [ [ 134.478254981282475, 33.68395558588162 ], [ 134.478052671593559, 33.683908586412201 ], [ 134.478249818274548, 33.683955801718923 ], [ 134.478254981282475, 33.68395558588162 ] ] ], [ [ [ 134.481846030869747, 33.685925621870012 ], [ 134.481849637151072, 33.68612926975004 ], [ 134.481852087803645, 33.685927648941913 ], [ 134.481846030869747, 33.685925621870012 ] ] ], [ [ [ 134.489249728392338, 33.688053333294761 ], [ 134.488974448611998, 33.688161667427039 ], [ 134.489196939087492, 33.688083612568732 ], [ 134.489249728392338, 33.688053333294761 ] ] ], [ [ [ 134.491436667368362, 33.690260278589051 ], [ 134.492083061384278, 33.690111386831063 ], [ 134.492129442120131, 33.689790828883702 ], [ 134.491405836810031, 33.689768053552882 ], [ 134.491014720752787, 33.690114440928767 ], [ 134.491340000141008, 33.690295828789544 ], [ 134.491436667368362, 33.690260278589051 ] ] ], [ [ [ 134.489152776079777, 33.69062916160658 ], [ 134.488970829740083, 33.690732775197489 ], [ 134.489214721382382, 33.690648613043095 ], [ 134.489152776079777, 33.69062916160658 ] ] ], [ [ [ 134.4919127756541, 33.690910829271388 ], [ 134.491649727552954, 33.690923891924115 ], [ 134.4918936057054, 33.690959441225289 ], [ 134.4919127756541, 33.690910829271388 ] ] ], [ [ [ 134.495586938786232, 33.692201946362786 ], [ 134.494580000266865, 33.691752774570944 ], [ 134.49466693862837, 33.692149161554596 ], [ 134.495578885357304, 33.692264720840228 ], [ 134.495586938786232, 33.692201946362786 ] ] ], [ [ [ 134.495192218246302, 33.69239333288607 ], [ 134.494959169730009, 33.692436387029716 ], [ 134.495559170419483, 33.692601387444142 ], [ 134.495302776402127, 33.692429721254712 ], [ 134.495192218246302, 33.69239333288607 ] ] ], [ [ [ 134.497681115391174, 33.692771666878969 ], [ 134.49782944237495, 33.69262500004379 ], [ 134.497472218168355, 33.692546107916598 ], [ 134.497640830260139, 33.692783054094718 ], [ 134.497681115391174, 33.692771666878969 ] ] ], [ [ [ 134.497593891045312, 33.692966108399219 ], [ 134.497322776025385, 33.693078892377059 ], [ 134.497617223955785, 33.692991945921619 ], [ 134.497593891045312, 33.692966108399219 ] ] ], [ [ [ 134.494824448589497, 33.693177494945473 ], [ 134.494629169800419, 33.693244441377942 ], [ 134.49486444863544, 33.693192224941299 ], [ 134.494824448589497, 33.693177494945473 ] ] ], [ [ [ 134.502265279119456, 33.693228053931591 ], [ 134.50119360560052, 33.692912495315454 ], [ 134.502238327336954, 33.69325055856649 ], [ 134.502265279119456, 33.693228053931591 ] ] ], [ [ [ 134.498173333232785, 33.694000279289526 ], [ 134.497789169834391, 33.693870829075536 ], [ 134.498133060692226, 33.69401722521485 ], [ 134.498173333232785, 33.694000279289526 ] ] ], [ [ [ 134.502959728408769, 33.694056666781819 ], [ 134.503114993662052, 33.693656386632995 ], [ 134.502420557862479, 33.693115278947005 ], [ 134.502224993988307, 33.693616945965346 ], [ 134.502946394160858, 33.694039999646293 ], [ 134.502959728408769, 33.694056666781819 ] ] ], [ [ [ 134.504200272124876, 33.696136667373366 ], [ 134.504382502650401, 33.695990279327987 ], [ 134.504018326684445, 33.696164999615064 ], [ 134.504200272124876, 33.696136667373366 ] ] ], [ [ [ 134.508892502886738, 33.697416107667266 ], [ 134.508629442195115, 33.697478053869133 ], [ 134.508966667277946, 33.697483892267883 ], [ 134.508892502886738, 33.697416107667266 ] ] ], [ [ [ 134.509977782248939, 33.698075828736535 ], [ 134.509863332726695, 33.698267494948993 ], [ 134.510436109139164, 33.698385828643154 ], [ 134.510160000183873, 33.698086946155684 ], [ 134.509977782248939, 33.698075828736535 ] ] ], [ [ [ 134.512040829720604, 33.698650829172493 ], [ 134.511838326677548, 33.698278613267462 ], [ 134.511427224087242, 33.698329441150861 ], [ 134.511986667151064, 33.698605559099349 ], [ 134.512040829720604, 33.698650829172493 ] ] ], [ [ [ 134.512681114641737, 33.700240279265529 ], [ 134.51311250323954, 33.699856945941349 ], [ 134.512997782122056, 33.699490559441813 ], [ 134.512404720601467, 33.699766666598464 ], [ 134.512276667034598, 33.70013305399732 ], [ 134.512532775966861, 33.700251667380599 ], [ 134.512681114641737, 33.700240279265529 ] ] ], [ [ [ 134.520469830818115, 33.70460527911041 ], [ 134.520019000676371, 33.70444861271335 ], [ 134.520473696104204, 33.704614080775286 ], [ 134.520469830818115, 33.70460527911041 ] ] ], [ [ [ 134.521694449339407, 33.704490279203071 ], [ 134.521586393996927, 33.704163333371184 ], [ 134.521181946389788, 33.704338053658319 ], [ 134.521714720957675, 33.704507225128395 ], [ 134.521694449339407, 33.704490279203071 ] ] ], [ [ [ 134.520050440975183, 33.704718108054294 ], [ 134.51957444870186, 33.704658829241623 ], [ 134.520076887338519, 33.704738892286116 ], [ 134.520050440975183, 33.704718108054294 ] ] ], [ [ [ 134.523649442367969, 33.706530829234453 ], [ 134.524215551206794, 33.706339162122674 ], [ 134.52352111540722, 33.706294161846131 ], [ 134.523595278899052, 33.70654777515972 ], [ 134.523649442367969, 33.706530829234453 ] ] ], [ [ [ 134.526525473371976, 33.707640305755547 ], [ 134.525802555143855, 33.707149080765532 ], [ 134.525241504991527, 33.707150667169628 ], [ 134.526504695435392, 33.707652198390292 ], [ 134.526525473371976, 33.707640305755547 ] ] ], [ [ [ 134.528627471380787, 33.708807161721211 ], [ 134.528461659777804, 33.709013864598205 ], [ 134.528659494440149, 33.708824134626184 ], [ 134.528627471380787, 33.708807161721211 ] ] ], [ [ [ 134.528939170106696, 33.709160892061561 ], [ 134.528724111628549, 33.709283865358145 ], [ 134.528950142734971, 33.709193999703359 ], [ 134.528939170106696, 33.709160892061561 ] ] ], [ [ [ 134.534301115204357, 33.711993054136201 ], [ 134.533997781972175, 33.71211694564056 ], [ 134.534328054396269, 33.712071946263336 ], [ 134.534301115204357, 33.711993054136201 ] ] ], [ [ [ 134.534698885345392, 33.712900279424389 ], [ 134.53444944218802, 33.713075279400698 ], [ 134.534732776296664, 33.71293416228184 ], [ 134.534698885345392, 33.712900279424389 ] ] ], [ [ [ 134.542081115151404, 33.717336946243108 ], [ 134.541838326977313, 33.717460558957669 ], [ 134.542121387691964, 33.717353613378634 ], [ 134.542081115151404, 33.717336946243108 ] ] ], [ [ [ 134.544602503003148, 33.719112225049173 ], [ 134.544278612168227, 33.719377224679249 ], [ 134.544622503026176, 33.7191291619813 ], [ 134.544602503003148, 33.719112225049173 ] ] ], [ [ [ 134.544218053620398, 33.721096386688941 ], [ 134.543982218104929, 33.72113027943891 ], [ 134.544251660385839, 33.721113332614266 ], [ 134.544218053620398, 33.721096386688941 ] ] ], [ [ [ 134.546112218304302, 33.725701667398084 ], [ 134.546921387811835, 33.725380279376452 ], [ 134.546051659756358, 33.72570749500494 ], [ 134.546112218304302, 33.725701667398084 ] ] ], [ [ [ 134.544492723660369, 33.731029865435971 ], [ 134.544218391765412, 33.730962748132356 ], [ 134.544470895315612, 33.731034747855404 ], [ 134.544492723660369, 33.731029865435971 ] ] ], [ [ [ 134.543384668967406, 33.731158775157382 ], [ 134.54419936390957, 33.73109491879552 ], [ 134.543871114960098, 33.73093477472014 ], [ 134.544050999154365, 33.730676748433268 ], [ 134.543296744049599, 33.730580333016007 ], [ 134.543044994131265, 33.730982053878733 ], [ 134.543374279999057, 33.731164919325636 ], [ 134.543384668967406, 33.731158775157382 ] ] ], [ [ [ 134.543998521014942, 33.731501801766797 ], [ 134.544636886782996, 33.731215359601208 ], [ 134.543401581617786, 33.731245027336172 ], [ 134.543979584889939, 33.731524586090814 ], [ 134.543998521014942, 33.731501801766797 ] ] ], [ [ [ 134.558763333161323, 33.732971359640601 ], [ 134.558366938983113, 33.732819134995111 ], [ 134.558110583636562, 33.733094081126978 ], [ 134.558538884861719, 33.733305892153226 ], [ 134.55878581081663, 33.732992559359161 ], [ 134.558763333161323, 33.732971359640601 ] ] ], [ [ [ 134.555517885841823, 33.73333853214757 ], [ 134.555284993807504, 33.733503973229858 ], [ 134.555519222234352, 33.733350306071827 ], [ 134.555517885841823, 33.73333853214757 ] ] ], [ [ [ 134.562696329272285, 33.733488468018436 ], [ 134.562490829688159, 33.733335612948224 ], [ 134.562669804667848, 33.733506720658681 ], [ 134.562696329272285, 33.733488468018436 ] ] ], [ [ [ 134.560854306381202, 33.733376080641676 ], [ 134.560711556093452, 33.733535278630256 ], [ 134.560858638415539, 33.733394441200574 ], [ 134.560854306381202, 33.733376080641676 ] ] ], [ [ [ 134.559997301934004, 33.733359468364824 ], [ 134.560117588056301, 33.733574640157542 ], [ 134.560018948615607, 33.733382802174617 ], [ 134.559997301934004, 33.733359468364824 ] ] ], [ [ [ 134.559655305048409, 33.733550666929773 ], [ 134.559850388684595, 33.7337944947202 ], [ 134.559678949124304, 33.733560359822775 ], [ 134.559655305048409, 33.733550666929773 ] ] ], [ [ [ 134.559583721711419, 33.733705720842408 ], [ 134.559278053839193, 33.733647945696191 ], [ 134.559604163301515, 33.73372610757383 ], [ 134.559583721711419, 33.733705720842408 ] ] ], [ [ [ 134.570125837337628, 33.733869721210738 ], [ 134.570995551003989, 33.733424161995515 ], [ 134.570146108955782, 33.733277774849455 ], [ 134.570017781995148, 33.733846945879918 ], [ 134.570125837337628, 33.733869721210738 ] ] ], [ [ [ 134.55674011666315, 33.733682946410909 ], [ 134.556320661169593, 33.733940333279804 ], [ 134.556743165364878, 33.733712945995705 ], [ 134.55674011666315, 33.733682946410909 ] ] ], [ [ [ 134.561093281429862, 33.733748107689053 ], [ 134.560374422741461, 33.733708306393282 ], [ 134.561053022379156, 33.734001441313524 ], [ 134.561087223596587, 33.733764945695725 ], [ 134.561093281429862, 33.733748107689053 ] ] ], [ [ [ 134.566829170030246, 33.73405000020739 ], [ 134.567004448796297, 33.733784999678051 ], [ 134.566633606156074, 33.733852775285413 ], [ 134.566768327296586, 33.734100828990108 ], [ 134.566829170030246, 33.73405000020739 ] ] ], [ [ [ 134.570664994394065, 33.734162775191976 ], [ 134.571076393760677, 33.733982495295948 ], [ 134.570664994394065, 33.733818892428019 ], [ 134.570543890788031, 33.7341797211173 ], [ 134.570664994394065, 33.734162775191976 ] ] ], [ [ [ 134.561024941947608, 33.734236721047864 ], [ 134.561220895228189, 33.73417374782025 ], [ 134.560378806936455, 33.73389849501956 ], [ 134.560984163088733, 33.734247198149717 ], [ 134.561024941947608, 33.734236721047864 ] ] ], [ [ [ 134.556819390102874, 33.734068413826265 ], [ 134.55656311299731, 33.734262386799742 ], [ 134.556839637439339, 33.734073747705338 ], [ 134.556819390102874, 33.734068413826265 ] ] ], [ [ [ 134.557403476389368, 33.734266801571664 ], [ 134.55719613499366, 33.734229279157944 ], [ 134.557408470324731, 33.73427830569932 ], [ 134.557403476389368, 33.734266801571664 ] ] ], [ [ [ 134.574501114634813, 33.734320559446303 ], [ 134.574056109402022, 33.734596946292072 ], [ 134.574406666934237, 33.73467027881037 ], [ 134.5745549939179, 33.734354441404378 ], [ 134.574501114634813, 33.734320559446303 ] ] ], [ [ [ 134.572141659609997, 33.734399440781601 ], [ 134.571878612408113, 33.734720828803233 ], [ 134.572175278966029, 33.734754720653882 ], [ 134.572148327183641, 33.734501108239613 ], [ 134.572141659609997, 33.734399440781601 ] ] ], [ [ [ 134.571528053976522, 33.734805559329175 ], [ 134.571325836917936, 33.734878613057617 ], [ 134.571528053976522, 33.734861945922091 ], [ 134.571528053976522, 33.734805559329175 ] ] ], [ [ [ 134.54893649782116, 33.735180865304756 ], [ 134.549158301214675, 33.735077359632498 ], [ 134.548688028629726, 33.735361468057363 ], [ 134.548913190991016, 33.735188891753978 ], [ 134.54893649782116, 33.735180865304756 ] ] ], [ [ [ 134.570071946363328, 33.735120829262939 ], [ 134.570287496770675, 33.735436666668875 ], [ 134.570132503112632, 33.735126387073137 ], [ 134.570071946363328, 33.735120829262939 ] ] ], [ [ [ 134.569741387954764, 33.735893333410672 ], [ 134.570098884655863, 33.735757775001389 ], [ 134.569963891020848, 33.735301387049446 ], [ 134.569054162919315, 33.734974162427704 ], [ 134.569134993984903, 33.735543613147286 ], [ 134.569613332589256, 33.735904440937247 ], [ 134.569741387954764, 33.735893333410672 ] ] ], [ [ [ 134.55240221788813, 33.736321387322221 ], [ 134.552186394086903, 33.736377774814514 ], [ 134.552469728195433, 33.736608891587139 ], [ 134.552435837244161, 33.736326946031795 ], [ 134.55240221788813, 33.736321387322221 ] ] ], [ [ [ 134.55187639418034, 33.736868333406903 ], [ 134.55166083028314, 33.736924720899196 ], [ 134.551883060854607, 33.736901945568377 ], [ 134.55187639418034, 33.736868333406903 ] ] ], [ [ [ 134.548199688664795, 33.737028080881259 ], [ 134.547925136435992, 33.737053775411482 ], [ 134.548199390089849, 33.73702972124471 ], [ 134.548199688664795, 33.737028080881259 ] ] ], [ [ [ 134.545304475121497, 33.736986640121415 ], [ 134.545086912930742, 33.736960000403769 ], [ 134.545318884958647, 33.736992667377763 ], [ 134.545304475121497, 33.736986640121415 ] ] ], [ [ [ 134.552097275768688, 33.737143972916044 ], [ 134.551498301205697, 33.737060080558308 ], [ 134.552126394017932, 33.737159053647474 ], [ 134.552097275768688, 33.737143972916044 ] ] ], [ [ [ 134.557399415950385, 33.737754251957199 ], [ 134.557180000256835, 33.737998999754097 ], [ 134.557408689759313, 33.737761468117299 ], [ 134.557399415950385, 33.737754251957199 ] ] ], [ [ [ 134.567563890960855, 33.739264162411246 ], [ 134.568339442011734, 33.738796107554379 ], [ 134.567287496920471, 33.738852495046672 ], [ 134.567240271721175, 33.739168333351927 ], [ 134.567557224286588, 33.739258612694869 ], [ 134.567563890960855, 33.739264162411246 ] ] ], [ [ [ 134.572728053556943, 33.741231387118887 ], [ 134.57225610913224, 33.741011386866035 ], [ 134.572687496830554, 33.74127638739543 ], [ 134.572728053556943, 33.741231387118887 ] ] ], [ [ [ 134.574784162758988, 33.748423892348796 ], [ 134.574622218240847, 33.748542225143638 ], [ 134.574811115440639, 33.748446387091121 ], [ 134.574784162758988, 33.748423892348796 ] ] ], [ [ [ 134.575583061109455, 33.753653333134878 ], [ 134.575314721397376, 33.753576945619614 ], [ 134.575552217960535, 33.753671108235096 ], [ 134.575583061109455, 33.753653333134878 ] ] ], [ [ [ 134.575866939307843, 33.753991387392659 ], [ 134.575591387932263, 33.754135000130191 ], [ 134.575909442167131, 33.754007495149835 ], [ 134.575866939307843, 33.753991387392659 ] ] ], [ [ [ 134.593461114838647, 33.758115000207169 ], [ 134.593123605569986, 33.758253333024925 ], [ 134.593478053569356, 33.758160279273511 ], [ 134.593461114838647, 33.758115000207169 ] ] ], [ [ [ 134.590524162859879, 33.758306667318891 ], [ 134.590458053696238, 33.758560559422335 ], [ 134.590579728371836, 33.758326667341862 ], [ 134.590524162859879, 33.758306667318891 ] ] ], [ [ [ 134.572983060819638, 33.758946386566549 ], [ 134.573223332690759, 33.758905559144296 ], [ 134.572966108599076, 33.758929440641225 ], [ 134.572983060819638, 33.758946386566549 ] ] ], [ [ [ 134.593855837177216, 33.759966946217673 ], [ 134.594011115020976, 33.759808892166689 ], [ 134.593801946202916, 33.759983892142941 ], [ 134.593855837177216, 33.759966946217673 ] ] ], [ [ [ 134.594277781994151, 33.760319162099677 ], [ 134.594092217681805, 33.76039527891902 ], [ 134.594291115342799, 33.760347495240751 ], [ 134.594277781994151, 33.760319162099677 ] ] ], [ [ [ 134.593815551146804, 33.760161386838604 ], [ 134.593909999746757, 33.760482774860236 ], [ 134.593866939307873, 33.760189162399968 ], [ 134.593815551146804, 33.760161386838604 ] ] ], [ [ [ 134.60135360558445, 33.760519441119357 ], [ 134.601465837378555, 33.760262225121664 ], [ 134.601303060987561, 33.760519441119357 ], [ 134.60135360558445, 33.760519441119357 ] ] ], [ [ [ 134.577450272212332, 33.760597225281799 ], [ 134.577649728352299, 33.760524999828931 ], [ 134.577379441608059, 33.76059555883802 ], [ 134.577450272212332, 33.760597225281799 ] ] ], [ [ [ 134.596561945777239, 33.76057582861165 ], [ 134.597078326603537, 33.759848892212631 ], [ 134.596339441811892, 33.760203612706619 ], [ 134.596491115172853, 33.760598333246548 ], [ 134.596561945777239, 33.76057582861165 ] ] ], [ [ [ 134.602254449283464, 33.760829441025919 ], [ 134.602362217742211, 33.760536387044681 ], [ 134.602122775945418, 33.760488332670491 ], [ 134.60218693897616, 33.760832225326965 ], [ 134.602254449283464, 33.760829441025919 ] ] ], [ [ [ 134.577578885157436, 33.760668892255637 ], [ 134.577332503292496, 33.760831945637847 ], [ 134.577619170288585, 33.76069944132621 ], [ 134.577578885157436, 33.760668892255637 ] ] ], [ [ [ 134.578175837145182, 33.760944720622433 ], [ 134.577702775762532, 33.76075944139518 ], [ 134.578088054320347, 33.760950279331951 ], [ 134.578175837145182, 33.760944720622433 ] ] ], [ [ [ 134.580764163335516, 33.761471946373263 ], [ 134.580979728131979, 33.761299999595337 ], [ 134.580386109031792, 33.761158892369053 ], [ 134.580673061112975, 33.761460559157513 ], [ 134.580764163335516, 33.761471946373263 ] ] ], [ [ [ 134.580470558069919, 33.761908891881887 ], [ 134.580996394368185, 33.761625000193646 ], [ 134.580362502727439, 33.76162138671765 ], [ 134.58041306081418, 33.761908891881887 ], [ 134.580470558069919, 33.761908891881887 ] ] ], [ [ [ 134.600466108724049, 33.761641386740678 ], [ 134.600182776414044, 33.76172582858419 ], [ 134.600287223676446, 33.762081107557094 ], [ 134.600560558223265, 33.761658332665945 ], [ 134.600466108724049, 33.761641386740678 ] ] ], [ [ [ 134.593126109282593, 33.763502774733297 ], [ 134.592829170230061, 33.762910829271391 ], [ 134.59295749719081, 33.761727225231311 ], [ 134.593839170041747, 33.760868891586142 ], [ 134.593663606190489, 33.760333332717209 ], [ 134.592961660152582, 33.759795000339068 ], [ 134.593569170181127, 33.75916666740784 ], [ 134.592776394415182, 33.758667495108853 ], [ 134.590636938743842, 33.758667495108853 ], [ 134.590289170009214, 33.759290558912198 ], [ 134.59083861171257, 33.760148891658048 ], [ 134.590370271770666, 33.761536945773457 ], [ 134.591868612446547, 33.763306945559123 ], [ 134.59311944170895, 33.763587495366664 ], [ 134.593126109282593, 33.763502774733297 ] ] ], [ [ [ 134.587357223657023, 33.767670278960281 ], [ 134.587558884934651, 33.767606946003809 ], [ 134.587316666930747, 33.767658891744532 ], [ 134.587357223657023, 33.767670278960281 ] ] ], [ [ [ 134.586378611983378, 33.767757495212265 ], [ 134.586543891187716, 33.767594162140938 ], [ 134.586321114727753, 33.767732225162092 ], [ 134.586378611983378, 33.767757495212265 ] ] ], [ [ [ 134.586422218310759, 33.767878891997327 ], [ 134.586267223753453, 33.768019721333133 ], [ 134.586542218448699, 33.768045279166358 ], [ 134.586422218310759, 33.767878891997327 ] ] ], [ [ [ 134.58717832691832, 33.767740559179515 ], [ 134.587782218074949, 33.768203054427488 ], [ 134.587259169675008, 33.767788612654385 ], [ 134.58717832691832, 33.767740559179515 ] ] ], [ [ [ 134.606685837081727, 33.773978891812476 ], [ 134.606859999789208, 33.773859999639342 ], [ 134.606580000366762, 33.774012225184094 ], [ 134.606685837081727, 33.773978891812476 ] ] ], [ [ [ 134.610399441780828, 33.775156386757885 ], [ 134.61021027208642, 33.775334162041986 ], [ 134.610448612213759, 33.775210278631505 ], [ 134.610399441780828, 33.775156386757885 ] ] ], [ [ [ 134.610946109075712, 33.775906387170096 ], [ 134.610417224075718, 33.775494720704842 ], [ 134.609802503282936, 33.775821667436048 ], [ 134.610193605850327, 33.776292494902748 ], [ 134.610834720845787, 33.776010559239978 ], [ 134.610946109075712, 33.775906387170096 ] ] ], [ [ [ 134.610666108754003, 33.779480278592018 ], [ 134.61048027194704, 33.77957610765128 ], [ 134.610767781607933, 33.779545000101734 ], [ 134.610666108754003, 33.779480278592018 ] ] ], [ [ [ 134.644843060658786, 33.779674999801443 ], [ 134.644667781892736, 33.779914440698917 ], [ 134.64490389080197, 33.779742494820312 ], [ 134.644843060658786, 33.779674999801443 ] ] ], [ [ [ 134.616207497378127, 33.780175558855035 ], [ 134.616817224235547, 33.780139720871489 ], [ 134.616132217827612, 33.779931107834386 ], [ 134.615801387823808, 33.780283613298195 ], [ 134.61620555124523, 33.780223613229225 ], [ 134.616207497378127, 33.780175558855035 ] ] ], [ [ [ 134.64082472068435, 33.780413333308729 ], [ 134.640744720592465, 33.780635000005304 ], [ 134.640848326988817, 33.780427225136407 ], [ 134.64082472068435, 33.780413333308729 ] ] ], [ [ [ 134.643176393875592, 33.78200861280726 ], [ 134.643341659589964, 33.781780279436418 ], [ 134.643085279062461, 33.781752225085199 ], [ 134.643146109205645, 33.782003054097743 ], [ 134.643176393875592, 33.78200861280726 ] ] ], [ [ [ 134.643625278783702, 33.782081946224878 ], [ 134.643861387692937, 33.781763613200269 ], [ 134.643510557666218, 33.781760559102565 ], [ 134.643557781966138, 33.782051107572613 ], [ 134.643625278783702, 33.782081946224878 ] ] ], [ [ [ 134.632068611877003, 33.784843891932098 ], [ 134.632287496970434, 33.784665559068344 ], [ 134.632044993881436, 33.784846946029802 ], [ 134.632068611877003, 33.784843891932098 ] ] ], [ [ [ 134.653967224208145, 33.784883613188242 ], [ 134.65377805361436, 33.785069441001951 ], [ 134.654038053913155, 33.784959721014388 ], [ 134.653967224208145, 33.784883613188242 ] ] ], [ [ [ 134.633707781888688, 33.785201946212908 ], [ 134.633519169773876, 33.785326108413244 ], [ 134.633748885402838, 33.785289441254747 ], [ 134.633707781888688, 33.785201946212908 ] ] ], [ [ [ 134.652445279026438, 33.785777225438665 ], [ 134.652205551245288, 33.785903892250872 ], [ 134.652516393816541, 33.785811666775032 ], [ 134.652445279026438, 33.785777225438665 ] ] ], [ [ [ 134.652931115278761, 33.7859222249308 ], [ 134.652775837435001, 33.786104162277297 ], [ 134.652951115301789, 33.785961108018796 ], [ 134.652931115278761, 33.7859222249308 ] ] ], [ [ [ 134.651939170256583, 33.786165558993389 ], [ 134.651767224377977, 33.786293054081227 ], [ 134.651956939061506, 33.786189721078813 ], [ 134.651939170256583, 33.786165558993389 ] ] ], [ [ [ 134.654341659639954, 33.791408612817293 ], [ 134.654395279019013, 33.791634161887089 ], [ 134.65437194610854, 33.791430279283986 ], [ 134.654341659639954, 33.791408612817293 ] ] ], [ [ [ 134.677096939172429, 33.801569720766054 ], [ 134.676796393838572, 33.800845558775563 ], [ 134.677144162573086, 33.800704440757386 ], [ 134.676179170232558, 33.800698891940385 ], [ 134.676327497216334, 33.801310558635407 ], [ 134.677035837434005, 33.801596386564029 ], [ 134.677096939172429, 33.801569720766054 ] ] ], [ [ [ 134.67560693880921, 33.816098333171567 ], [ 134.675923891374509, 33.814545559230226 ], [ 134.677579441637931, 33.814324162330252 ], [ 134.676914993731998, 33.812972224988243 ], [ 134.677753061154931, 33.811159721444028 ], [ 134.677477223794881, 33.809551945865678 ], [ 134.678417497369651, 33.808860828564434 ], [ 134.679950829766995, 33.806698891640565 ], [ 134.679776938654868, 33.806170000345276 ], [ 134.678856939396269, 33.80538972065915 ], [ 134.678939442301498, 33.804478891787483 ], [ 134.676909442217038, 33.803625829068835 ], [ 134.676200830404014, 33.802988892323583 ], [ 134.675841660064634, 33.802122224660991 ], [ 134.672394993933835, 33.801838892351043 ], [ 134.671013060604309, 33.800659441380162 ], [ 134.670318327129166, 33.800972224688451 ], [ 134.670237496962955, 33.801486946265584 ], [ 134.669313061348817, 33.800876107846136 ], [ 134.670111660224961, 33.801572225377924 ], [ 134.669916108941379, 33.802214720832751 ], [ 134.669282477204661, 33.801903108441763 ], [ 134.669436200120572, 33.801486198029693 ], [ 134.669140661312554, 33.801879467963147 ], [ 134.668825278963482, 33.801804999601075 ], [ 134.668465551044392, 33.800887774751061 ], [ 134.667679727937184, 33.800200000229893 ], [ 134.666240558155323, 33.800345279411147 ], [ 134.665377224279496, 33.800108612922202 ], [ 134.664234448561047, 33.798708891901867 ], [ 134.662866938558409, 33.798310558785317 ], [ 134.661510271681777, 33.796872774858741 ], [ 134.653143606192543, 33.792110279166081 ], [ 134.652535278680261, 33.791570828930674 ], [ 134.652067223823337, 33.790281107587077 ], [ 134.650180557686667, 33.789218332859832 ], [ 134.648089169879313, 33.789089162335017 ], [ 134.64635805408102, 33.790010559140057 ], [ 134.644883333199346, 33.790210278781387 ], [ 134.64335138755655, 33.789776107681291 ], [ 134.642195836968313, 33.788233053612601 ], [ 134.64265083007183, 33.789180278946787 ], [ 134.642272218188396, 33.789377225078908 ], [ 134.641469170366008, 33.788706667178985 ], [ 134.64171749656532, 33.788474440642972 ], [ 134.640996394068452, 33.789066108214399 ], [ 134.640596393608689, 33.789032495153606 ], [ 134.640575279325731, 33.788436386729927 ], [ 134.64098542233944, 33.788508161622417 ], [ 134.640847587746066, 33.788820918850377 ], [ 134.642083384840362, 33.787762360144882 ], [ 134.642931725219, 33.788062999907595 ], [ 134.641942049186241, 33.787744972652433 ], [ 134.640766939242894, 33.785238613371348 ], [ 134.641225837202683, 33.783496667037582 ], [ 134.642798326981278, 33.782634162336763 ], [ 134.642413891088268, 33.782262225221587 ], [ 134.642420557762648, 33.781602774848238 ], [ 134.641361115023528, 33.780630278564558 ], [ 134.64098666700113, 33.780692224766426 ], [ 134.641121659736882, 33.780962775012085 ], [ 134.640787496845519, 33.781340558619945 ], [ 134.639609727606853, 33.781687494582286 ], [ 134.639673890637596, 33.783051386612271 ], [ 134.638803333407168, 33.78471416202899 ], [ 134.636961387857809, 33.78619694623211 ], [ 134.635773605567465, 33.786591108293067 ], [ 134.63431610940097, 33.786275829366105 ], [ 134.633239170351544, 33.785218892138232 ], [ 134.632247224429875, 33.784934162281843 ], [ 134.632176108740509, 33.785224440955233 ], [ 134.630951660191045, 33.785354161865143 ], [ 134.631187781690869, 33.785695279213826 ], [ 134.630209170017224, 33.78652277510605 ], [ 134.624142217589338, 33.786115000007271 ], [ 134.622749728017652, 33.786202225252566 ], [ 134.62160250335296, 33.786816667255437 ], [ 134.620448885407768, 33.786720829202977 ], [ 134.618929169645526, 33.785483891768251 ], [ 134.618888885413753, 33.784181667150278 ], [ 134.617522218075919, 33.78212972090995 ], [ 134.617778612093389, 33.78135166704584 ], [ 134.617549169858421, 33.781174441247515 ], [ 134.617012776418505, 33.781441946388782 ], [ 134.616975836765505, 33.780506108270345 ], [ 134.616149170048175, 33.780683891648323 ], [ 134.616513605918271, 33.780790829133537 ], [ 134.616509999636833, 33.781306945559152 ], [ 134.615285278592751, 33.781974720956669 ], [ 134.613937223624021, 33.782487775190702 ], [ 134.612918054324837, 33.782296108078981 ], [ 134.612464448875244, 33.781703891921154 ], [ 134.612413605703409, 33.780951666586191 ], [ 134.610854994262695, 33.780427225136407 ], [ 134.610301387798927, 33.779598613185499 ], [ 134.609528585975568, 33.779786585882277 ], [ 134.609874553368059, 33.779402197653326 ], [ 134.609710116828523, 33.778652108208291 ], [ 134.609777276400223, 33.779388640373497 ], [ 134.609293864720144, 33.779929305593043 ], [ 134.608762217902154, 33.779438333312498 ], [ 134.609239442246576, 33.779262774857216 ], [ 134.608818885083565, 33.779173613371597 ], [ 134.608428611691124, 33.778435000175193 ], [ 134.608870415337492, 33.778294332717337 ], [ 134.608391946331267, 33.778061667312159 ], [ 134.609109441647433, 33.777794162170892 ], [ 134.608785550812627, 33.777175279315713 ], [ 134.609578948909416, 33.777165359793571 ], [ 134.610536446299989, 33.778428748088288 ], [ 134.609648417940207, 33.77711119812335 ], [ 134.609936939338354, 33.776841945599358 ], [ 134.609873332987945, 33.776250278927307 ], [ 134.60926583734863, 33.775807495019933 ], [ 134.608867497037409, 33.776123333325245 ], [ 134.608010558240721, 33.775990829013608 ], [ 134.607578612063321, 33.774947774620159 ], [ 134.606698054371805, 33.77442666695714 ], [ 134.605314449202524, 33.772887495261728 ], [ 134.602693332831109, 33.772634161637313 ], [ 134.601838054182963, 33.772059720579705 ], [ 134.601061945552374, 33.770785559306148 ], [ 134.600852775835051, 33.769517495436105 ], [ 134.602436667218512, 33.766948892277583 ], [ 134.602645836935835, 33.765767774862979 ], [ 134.602058612015412, 33.764099161946831 ], [ 134.599878612208272, 33.763726107873651 ], [ 134.595654162909341, 33.764893891939607 ], [ 134.594765836873989, 33.768001108064709 ], [ 134.593932502583016, 33.76870533298478 ], [ 134.592476199816815, 33.768185945724895 ], [ 134.59422683540015, 33.768904945606778 ], [ 134.593817497279701, 33.770043332633747 ], [ 134.592682335221639, 33.770424494994472 ], [ 134.592838105893975, 33.77073163955356 ], [ 134.592810895106822, 33.77050161275929 ], [ 134.593858054006091, 33.770137224553309 ], [ 134.594122218165921, 33.771440558934671 ], [ 134.59337486355912, 33.771603332627762 ], [ 134.59387944168293, 33.771753891728792 ], [ 134.594493333300761, 33.771395829354105 ], [ 134.594703890672122, 33.772478333408401 ], [ 134.594250557717146, 33.772660278848832 ], [ 134.593879584675165, 33.77208566692002 ], [ 134.594143139094626, 33.772674864953103 ], [ 134.592972503278475, 33.772785558906492 ], [ 134.591274449256503, 33.772849721037858 ], [ 134.591185330938288, 33.771681559256592 ], [ 134.592409688656289, 33.771506748137995 ], [ 134.591064721060093, 33.771338467896044 ], [ 134.590366667287981, 33.76908325239026 ], [ 134.591655863427377, 33.768181801648893 ], [ 134.590322671554077, 33.769030134832917 ], [ 134.589347782174514, 33.769043053594089 ], [ 134.587846393696168, 33.768690558922231 ], [ 134.587761945557418, 33.768363613090344 ], [ 134.587002775657652, 33.768008333218063 ], [ 134.587023060765659, 33.769014440763897 ], [ 134.586452776374585, 33.770474721231437 ], [ 134.585451387571538, 33.771790828683834 ], [ 134.583577497203805, 33.772098892350073 ], [ 134.581762503436835, 33.771523891914114 ], [ 134.580385837436552, 33.770080828967139 ], [ 134.57977194581872, 33.768902774643379 ], [ 134.580807782253373, 33.76868749493201 ], [ 134.580470272085449, 33.768250829112503 ], [ 134.58072333321536, 33.767086666616422 ], [ 134.580331659578519, 33.765684162194361 ], [ 134.580858054355758, 33.764545559330145 ], [ 134.581671660219058, 33.764000278789865 ], [ 134.581411659920263, 33.76317749534519 ], [ 134.580450272062421, 33.762184999937858 ], [ 134.579508611733104, 33.762264161861651 ], [ 134.57758555093244, 33.76147749519032 ], [ 134.574283061414235, 33.763387774826015 ], [ 134.573146082725657, 33.762758467929018 ], [ 134.573708028602709, 33.763140613248765 ], [ 134.573224721243946, 33.764090053613131 ], [ 134.572524941672782, 33.763858586104902 ], [ 134.572469883378517, 33.764176134920717 ], [ 134.572838326627561, 33.764249721047861 ], [ 134.572498689562963, 33.764658945853739 ], [ 134.574248469891018, 33.765160135332053 ], [ 134.574035110232217, 33.765468108166715 ], [ 134.573193605600522, 33.764961946336825 ], [ 134.572739727656426, 33.765752495381435 ], [ 134.572041387899844, 33.765697494643689 ], [ 134.571961751133927, 33.765404694271297 ], [ 134.572210583651554, 33.76550491921671 ], [ 134.57184552455135, 33.764842359887041 ], [ 134.572165032090652, 33.764737972879175 ], [ 134.571712995958023, 33.764549054095596 ], [ 134.571804669250128, 33.764173532282769 ], [ 134.572129611392484, 33.764141494834178 ], [ 134.571810000431242, 33.764099467716335 ], [ 134.571456782704445, 33.763300558573974 ], [ 134.572114838229254, 33.762269386922696 ], [ 134.572580830041375, 33.762229440836052 ], [ 134.571147496859567, 33.762141667004357 ], [ 134.570756666786792, 33.762779162228583 ], [ 134.570580830441031, 33.762662494978201 ], [ 134.5699669388232, 33.761868053667797 ], [ 134.570054449153531, 33.760475558700136 ], [ 134.570476667364346, 33.7593286128253 ], [ 134.571491660212018, 33.759093054301047 ], [ 134.572949169868366, 33.759524441100154 ], [ 134.572685836682126, 33.759042224619009 ], [ 134.572827782076502, 33.758554721023586 ], [ 134.571863332926569, 33.757905000415462 ], [ 134.571957782425784, 33.757195000049251 ], [ 134.572544721361851, 33.756422774691373 ], [ 134.574204448976161, 33.755879720872485 ], [ 134.574636394254298, 33.754338053558399 ], [ 134.575490271758667, 33.75390389235082 ], [ 134.574734449135576, 33.753869999600852 ], [ 134.574676109215147, 33.753063054116694 ], [ 134.573280829946384, 33.752803613196249 ], [ 134.572646939204901, 33.752138891896379 ], [ 134.572343605972719, 33.750075559339621 ], [ 134.572889728278369, 33.748677494870549 ], [ 134.572397496947019, 33.747967224707679 ], [ 134.571642502599502, 33.74761777514027 ], [ 134.571413332859038, 33.745272774918703 ], [ 134.570961660052603, 33.744162495302987 ], [ 134.571352776109848, 33.743987775015853 ], [ 134.571008885251899, 33.743576387340454 ], [ 134.569618885003592, 33.74385027856755 ], [ 134.56885832655064, 33.743626946326572 ], [ 134.56822472089425, 33.742076945894382 ], [ 134.567125836588161, 33.741592224801366 ], [ 134.567078612288242, 33.740780279086664 ], [ 134.56769888459587, 33.74013777463864 ], [ 134.568528054126432, 33.739906666859213 ], [ 134.567449442337988, 33.739929161601594 ], [ 134.566613332739166, 33.738863892154939 ], [ 134.566903332622815, 33.738475000121184 ], [ 134.56657277601289, 33.737933612746076 ], [ 134.567098884805773, 33.737866107834634 ], [ 134.567058327180121, 33.737544720712322 ], [ 134.56763138777842, 33.737471387294761 ], [ 134.567563890960855, 33.737150000172448 ], [ 134.568049442128086, 33.737122224611028 ], [ 134.568197781702338, 33.736783891563391 ], [ 134.567476394120376, 33.735746666575437 ], [ 134.5673819464198, 33.734940559259428 ], [ 134.565743890668045, 33.732967495253774 ], [ 134.566960558283199, 33.732922494977231 ], [ 134.566790973124967, 33.732622586363334 ], [ 134.56656111540326, 33.732778386713221 ], [ 134.566480052312613, 33.732376801648115 ], [ 134.565734553007246, 33.732388107924919 ], [ 134.564937756372387, 33.731933559086542 ], [ 134.56428819674295, 33.732244972727358 ], [ 134.563774746807212, 33.731989279281891 ], [ 134.563604694900846, 33.732462918928604 ], [ 134.563897613084464, 33.732948333398895 ], [ 134.564327056448519, 33.732900198085702 ], [ 134.564156303970321, 33.733238135431634 ], [ 134.562516225643321, 33.73384705379857 ], [ 134.562440946992183, 33.734253225406064 ], [ 134.561797223962799, 33.734118828920884 ], [ 134.561904189326924, 33.734560531843101 ], [ 134.561571970769933, 33.734834828664475 ], [ 134.559878586027935, 33.733876198128087 ], [ 134.558865720076938, 33.733971802356848 ], [ 134.559162192381336, 33.73387846801694 ], [ 134.558938145179354, 33.73333113522375 ], [ 134.558534526747053, 33.733688387309257 ], [ 134.558099221601879, 33.733566720727652 ], [ 134.557648833027315, 33.733982333417998 ], [ 134.557735498894203, 33.73431725173981 ], [ 134.557095252643876, 33.73467002700022 ], [ 134.55685494210195, 33.734300721301281 ], [ 134.556338974963751, 33.734562441103833 ], [ 134.554688521158369, 33.734117026679485 ], [ 134.555528443882622, 33.734570919012754 ], [ 134.556259416438934, 33.735923198097169 ], [ 134.556202191677812, 33.736618197771634 ], [ 134.556702049260252, 33.73682849523891 ], [ 134.556728054056521, 33.736413801655658 ], [ 134.557488144862077, 33.737069613372 ], [ 134.557379856595162, 33.737610414389167 ], [ 134.557620389269573, 33.737232585815207 ], [ 134.557733645391522, 33.737587559018664 ], [ 134.557462411661049, 33.738146693615079 ], [ 134.557162360954294, 33.738345198272327 ], [ 134.55707783367518, 33.738141440675008 ], [ 134.55594258078554, 33.739148495206962 ], [ 134.556152943903271, 33.739943639787214 ], [ 134.5558345272417, 33.740060494995873 ], [ 134.556523333285213, 33.740525585687294 ], [ 134.556302088370785, 33.740805999697159 ], [ 134.555962218381751, 33.740690053703077 ], [ 134.556224059592751, 33.741244197961407 ], [ 134.554922049013385, 33.741894027387502 ], [ 134.553393774403276, 33.741769667336314 ], [ 134.55269535730497, 33.741173000433662 ], [ 134.552514422702529, 33.73885238712802 ], [ 134.551819389753064, 33.737487252234928 ], [ 134.552197392795506, 33.737440467703493 ], [ 134.55118966287273, 33.737033775388454 ], [ 134.55094841793516, 33.736541494594348 ], [ 134.551046134671424, 33.736211386746163 ], [ 134.551664720750296, 33.736257693737628 ], [ 134.55139817068914, 33.736159693714967 ], [ 134.551648300928377, 33.735954278667066 ], [ 134.551320660819897, 33.735396252035457 ], [ 134.550501141014934, 33.735482387302397 ], [ 134.550461530375401, 33.735171945828711 ], [ 134.550046549908416, 33.735115694134038 ], [ 134.549626303910827, 33.735599828869056 ], [ 134.549068029066348, 33.735329495359963 ], [ 134.549038495330365, 33.735660640126468 ], [ 134.550365641960866, 33.736105387253872 ], [ 134.548528053626796, 33.737362413744449 ], [ 134.547637497272717, 33.737297747992727 ], [ 134.546563917191065, 33.737873162116784 ], [ 134.545174552763456, 33.73761002678134 ], [ 134.545334423444956, 33.737142801998743 ], [ 134.544126160893711, 33.736926999781247 ], [ 134.544305965947615, 33.736723000266295 ], [ 134.543179558789689, 33.736072532321543 ], [ 134.541768366017322, 33.734045946063588 ], [ 134.541574086375022, 33.731845585605356 ], [ 134.542840271561317, 33.730597000151477 ], [ 134.542630921080217, 33.730505720762437 ], [ 134.541603281066614, 33.731608667306205 ], [ 134.54154367130343, 33.729909386608938 ], [ 134.542173087018455, 33.730069054043668 ], [ 134.541563645246129, 33.729820387001325 ], [ 134.541519389608197, 33.728722080959301 ], [ 134.54071182898781, 33.727792387009117 ], [ 134.541998170679108, 33.726052161977748 ], [ 134.542819662697298, 33.725537360360931 ], [ 134.543457082378495, 33.725737197813487 ], [ 134.544093255599364, 33.725086080558242 ], [ 134.544717612627778, 33.724983252075447 ], [ 134.544389247665663, 33.724696252330205 ], [ 134.54456652382612, 33.7245457211082 ], [ 134.543252776194777, 33.72477953224967 ], [ 134.543310557636232, 33.724551640445895 ], [ 134.542559389904, 33.724448721131637 ], [ 134.543113280553484, 33.724236386699943 ], [ 134.541872555174336, 33.723942586281396 ], [ 134.542004838252751, 33.722524494809647 ], [ 134.542782580951439, 33.722338972765442 ], [ 134.542753773867616, 33.72191005370604 ], [ 134.543323579819457, 33.72132244117779 ], [ 134.544102917915438, 33.721330197830412 ], [ 134.54335905267817, 33.721132640159283 ], [ 134.543551659581453, 33.720759161606054 ], [ 134.542816614894946, 33.719985413695952 ], [ 134.543077912016088, 33.719823891859164 ], [ 134.542726743844241, 33.719487864673283 ], [ 134.543239689260304, 33.719007386581666 ], [ 134.541992139825425, 33.71927649521416 ], [ 134.541583476196479, 33.718055467685758 ], [ 134.540259754184376, 33.717410440639355 ], [ 134.539564616913594, 33.717428721158626 ], [ 134.53977444943132, 33.716765359633712 ], [ 134.537491479048526, 33.71613766701978 ], [ 134.536892723920118, 33.715618946157463 ], [ 134.535156472093604, 33.715431558919363 ], [ 134.534725913570128, 33.714632828742083 ], [ 134.535160583793981, 33.714667865429703 ], [ 134.535480415089182, 33.714311748288594 ], [ 134.534766743690284, 33.714393467884292 ], [ 134.534197911704382, 33.713733558856688 ], [ 134.532256718772601, 33.713119775157566 ], [ 134.531424254126136, 33.712494694174836 ], [ 134.530893449972837, 33.711257333159438 ], [ 134.531296589066415, 33.710542972879921 ], [ 134.530840920572132, 33.710363468199546 ], [ 134.530501050583098, 33.710975694272918 ], [ 134.528923280884783, 33.710154972973669 ], [ 134.528975771614682, 33.70951691927047 ], [ 134.528025226882733, 33.709036053571083 ], [ 134.527877523129291, 33.709760197575122 ], [ 134.527612776208684, 33.709832198197432 ], [ 134.526061854870818, 33.708669197625397 ], [ 134.526481284283932, 33.708242332617601 ], [ 134.526201114889659, 33.707979225161182 ], [ 134.526473645442479, 33.708025640071298 ], [ 134.525456497819164, 33.708048161793272 ], [ 134.525334915773783, 33.707859198043593 ], [ 134.525766030977593, 33.707777440676409 ], [ 134.524933670652445, 33.707290359762339 ], [ 134.524555940104619, 33.707587693617199 ], [ 134.524604747211356, 33.707336639774155 ], [ 134.524326640861887, 33.707364640166077 ], [ 134.524639247902996, 33.707790053668077 ], [ 134.524277859835479, 33.707907279397489 ], [ 134.523365862744413, 33.707272000102762 ], [ 134.521153358740548, 33.706732027361227 ], [ 134.520605421603022, 33.706155278643223 ], [ 134.52113291804983, 33.705514919078325 ], [ 134.520250895362551, 33.704883774866346 ], [ 134.518453916814906, 33.704719278971595 ], [ 134.518050751640885, 33.705330198330046 ], [ 134.518387276151884, 33.705445279176331 ], [ 134.518348586418142, 33.705768197844122 ], [ 134.517693086766599, 33.705545225331946 ], [ 134.517499169551115, 33.705914828706455 ], [ 134.516700778418226, 33.705650467595035 ], [ 134.516143865147342, 33.704775107984915 ], [ 134.517048754896223, 33.704373828689313 ], [ 134.517161829355018, 33.703700305724567 ], [ 134.516542334960832, 33.703857667297541 ], [ 134.515995940160565, 33.70289430632721 ], [ 134.516963644856332, 33.701701801696856 ], [ 134.516830219639019, 33.701355495259975 ], [ 134.51566474683068, 33.701600054199218 ], [ 134.514675161629498, 33.702537558761378 ], [ 134.514036835431625, 33.701947027033725 ], [ 134.512748327273584, 33.701604162302317 ], [ 134.511615837101317, 33.700572774813736 ], [ 134.512155279242847, 33.699073333367664 ], [ 134.510119441658958, 33.69842527920332 ], [ 134.50936444911008, 33.69869027883334 ], [ 134.508629442195115, 33.697731945972578 ], [ 134.50816416264604, 33.697884161624813 ], [ 134.508326108962819, 33.698695558753059 ], [ 134.507011659860268, 33.699631386978979 ], [ 134.504894448919799, 33.699355278923008 ], [ 134.503714994351526, 33.698532494579013 ], [ 134.503114993662052, 33.697224440555544 ], [ 134.503546393950955, 33.695933891835693 ], [ 134.502764162735957, 33.695860559317396 ], [ 134.502299170070728, 33.69517277490371 ], [ 134.502413606103119, 33.69481749503143 ], [ 134.503404721051083, 33.694789440680211 ], [ 134.503209169767388, 33.694502225097665 ], [ 134.500937496668257, 33.69413000019938 ], [ 134.501234163226172, 33.694890829348367 ], [ 134.499946394310768, 33.694879441233297 ], [ 134.499460829653685, 33.695510829161492 ], [ 134.498449728172432, 33.695623613139276 ], [ 134.497512775794007, 33.695076945844448 ], [ 134.497546394250776, 33.694372495194557 ], [ 134.497917224300522, 33.694180828982098 ], [ 134.496063060561823, 33.693611387255771 ], [ 134.495328612125832, 33.693814440683923 ], [ 134.493144163372449, 33.692596945692515 ], [ 134.492578053634361, 33.692732225312 ], [ 134.492726394107876, 33.6933352791998 ], [ 134.491189170344001, 33.69310972113675 ], [ 134.490771115094958, 33.692298054211903 ], [ 134.491290272128367, 33.691582225339459 ], [ 134.491971114675266, 33.691390559127058 ], [ 134.491613891368047, 33.69111444117857 ], [ 134.489894721264477, 33.690697494793596 ], [ 134.488175551160793, 33.691322775425817 ], [ 134.486793606140054, 33.690488891649068 ], [ 134.486921659706923, 33.689671387224791 ], [ 134.48860027218484, 33.689153053970301 ], [ 134.489004994085235, 33.688296107979056 ], [ 134.487400271705269, 33.688160829258891 ], [ 134.487218327164101, 33.687647775024857 ], [ 134.486510272031524, 33.6876927753014 ], [ 134.48684055794547, 33.687022224596035 ], [ 134.483894720664921, 33.685877775239192 ], [ 134.483013708815633, 33.686177711732057 ], [ 134.48273834000247, 33.685797170802857 ], [ 134.48199735439448, 33.686731909949742 ], [ 134.479548314303315, 33.685380711850428 ], [ 134.478528911180319, 33.685324505121855 ], [ 134.477719844195462, 33.684032216213836 ], [ 134.474443631968143, 33.682489288050249 ], [ 134.474494994048769, 33.682146981797814 ], [ 134.473705149173384, 33.682283586118672 ], [ 134.472421063881029, 33.681714405195692 ], [ 134.472669728225469, 33.682304999875896 ], [ 134.4741208302122, 33.683535278730176 ], [ 134.475512218114432, 33.685619161695001 ], [ 134.475291946266339, 33.686958054370791 ], [ 134.475732502553001, 33.688029162216139 ], [ 134.475942775738531, 33.690598332846832 ], [ 134.474751659661479, 33.692313892172422 ], [ 134.47446138818259, 33.694330828704835 ], [ 134.473760829798493, 33.694439721316144 ], [ 134.47177917007275, 33.693736667313374 ], [ 134.471388611595216, 33.694548333338957 ], [ 134.469697224247511, 33.695025558582699 ], [ 134.468986667200966, 33.694531667102808 ], [ 134.465093332990932, 33.694079720902437 ], [ 134.461589999678836, 33.698021667066314 ], [ 134.460048612053811, 33.698113612852978 ], [ 134.459147781844763, 33.700448612613457 ], [ 134.457656667221499, 33.701268612656406 ], [ 134.457306108789908, 33.703662224831874 ], [ 134.456595836828456, 33.703720829152985 ], [ 134.456305550960451, 33.704331666673113 ], [ 134.456896108768433, 33.705854720718833 ], [ 134.457776667359326, 33.706691666687107 ], [ 134.458066938838215, 33.708340278680964 ], [ 134.457486394081911, 33.710215000022288 ], [ 134.456195278789096, 33.71083444135644 ], [ 134.454834162966335, 33.713202775387799 ], [ 134.45485444897372, 33.714550000282316 ], [ 134.45546472082026, 33.716859720999366 ], [ 134.455024448719428, 33.719194720759788 ], [ 134.45430389121168, 33.719161387388169 ], [ 134.453402775917425, 33.719596667352391 ], [ 134.452301946377816, 33.721086108337261 ], [ 134.450880557991468, 33.721713891782713 ], [ 134.449169169721472, 33.723387495036945 ], [ 134.448648612443549, 33.723446108351254 ], [ 134.446116394056389, 33.721814161694283 ], [ 134.444795279178834, 33.721655279367724 ], [ 134.44291360607815, 33.720667494609245 ], [ 134.439650829722041, 33.720559162275549 ], [ 134.438259727804279, 33.7199480540595 ], [ 134.434676666894688, 33.719370558904245 ], [ 134.432214449037701, 33.718291108048277 ], [ 134.430002502613434, 33.716667495408615 ], [ 134.428060830343156, 33.71616555859373 ], [ 134.427200000179937, 33.715320278608033 ], [ 134.424447497354208, 33.715688613039106 ], [ 134.424087224445884, 33.716458612574968 ], [ 134.422425550698676, 33.717404161572858 ], [ 134.421364721205009, 33.718567494894046 ], [ 134.418571945838721, 33.718751667055869 ], [ 134.415419170058726, 33.719571667098819 ], [ 134.411916109241133, 33.719680828607409 ], [ 134.409063606300492, 33.719011107976314 ], [ 134.405370272320283, 33.718860558767801 ], [ 134.402247223630525, 33.717990279427909 ], [ 134.400115550692135, 33.718191107933364 ], [ 134.397102775972371, 33.717881667405095 ], [ 134.395271115069932, 33.718324999898869 ], [ 134.392720000127952, 33.718367224867563 ], [ 134.391865550654757, 33.720095828859485 ], [ 134.391906394264765, 33.721708612762313 ], [ 134.394731946322281, 33.723548613078094 ], [ 134.394578885307396, 33.724371667218691 ], [ 134.398264720740372, 33.727397775287159 ], [ 134.398255278758143, 33.728456387052688 ], [ 134.39905832658053, 33.728985828733073 ], [ 134.399880557841584, 33.729088613149031 ], [ 134.399719727583374, 33.73110333285257 ], [ 134.401335837179204, 33.73280222504269 ], [ 134.401269728015563, 33.733640000185915 ], [ 134.401893605705368, 33.734919721068309 ], [ 134.401363333051449, 33.737730829114525 ], [ 134.40184944179839, 33.73851861274386 ], [ 134.401944993866437, 33.73982999965483 ], [ 134.404087782425336, 33.741264440801331 ], [ 134.40592138766192, 33.741375278646217 ], [ 134.406650557976945, 33.741763333411143 ], [ 134.409183606438319, 33.742065000199659 ], [ 134.410427781616931, 33.741455559326653 ], [ 134.412349728157437, 33.741246108121459 ], [ 134.413049442078204, 33.741621666806509 ], [ 134.414809169807427, 33.744281386576802 ], [ 134.419514721327346, 33.748326666642413 ], [ 134.41984610891086, 33.75014916165452 ], [ 134.422224721293901, 33.751793054006271 ], [ 134.422430829719133, 33.752922775165985 ], [ 134.421474449286507, 33.755011667354609 ], [ 134.421518612294221, 33.755741666844528 ], [ 134.420957781576476, 33.757139721421083 ], [ 134.422288054250316, 33.757720559356358 ], [ 134.426211659640444, 33.76131972082851 ], [ 134.429497497311672, 33.762824720984156 ], [ 134.429988054105479, 33.763313333443648 ], [ 134.431395279068965, 33.76298138738116 ], [ 134.433101945898102, 33.763650829222456 ], [ 134.437940272425749, 33.762409441042905 ], [ 134.43957165970437, 33.763323333005474 ], [ 134.443911946179469, 33.763599720750562 ], [ 134.449463332566779, 33.766077225283766 ], [ 134.450192502881805, 33.767399440931513 ], [ 134.449270829984926, 33.767165558743613 ], [ 134.447756939131523, 33.768511108201153 ], [ 134.447548326993797, 33.769922225430435 ], [ 134.446437496992985, 33.771841386770632 ], [ 134.446588326789879, 33.772894161936051 ], [ 134.447382217715244, 33.773887494612211 ], [ 134.450564448990235, 33.773948892227622 ], [ 134.452982776334125, 33.775080558620914 ], [ 134.45505888465982, 33.774766107969583 ], [ 134.458339442411443, 33.775640829061047 ], [ 134.460224994288069, 33.775371667368631 ], [ 134.462080829866522, 33.776402775167981 ], [ 134.463281115431187, 33.776673332608254 ], [ 134.463426667107115, 33.777771667428567 ], [ 134.465625836862955, 33.779449162049218 ], [ 134.466267224353032, 33.779469720551219 ], [ 134.467190829892957, 33.778874441302492 ], [ 134.469256938656827, 33.778852495146566 ], [ 134.470425836982827, 33.77837444072793 ], [ 134.471552775640134, 33.778682775090033 ], [ 134.472413333308737, 33.778269161592561 ], [ 134.47515583657264, 33.777866946102733 ], [ 134.476901114894645, 33.779244720967142 ], [ 134.479168612441526, 33.78005777464665 ], [ 134.480586667041166, 33.782109999676777 ], [ 134.479931115228851, 33.784871108115226 ], [ 134.480314994441528, 33.786595559037892 ], [ 134.483392218176391, 33.788493892079487 ], [ 134.485624721303907, 33.791032775342387 ], [ 134.487652217675759, 33.792119440559759 ], [ 134.488309442227091, 33.793098054032043 ], [ 134.490773332823096, 33.794191667411553 ], [ 134.492566108838901, 33.794088332610499 ], [ 134.494478054019055, 33.793404999840902 ], [ 134.495112503239511, 33.792852225250044 ], [ 134.496254993872981, 33.792966386989235 ], [ 134.499303605676914, 33.792360000213876 ], [ 134.503836667228484, 33.793851107642581 ], [ 134.505230830438563, 33.793786387032185 ], [ 134.506582775874449, 33.79501166655524 ], [ 134.516197782201971, 33.797770559064077 ], [ 134.519420557612762, 33.799415829177235 ], [ 134.521386108682009, 33.799656946411005 ], [ 134.523184993792484, 33.800353054050277 ], [ 134.524311114966054, 33.799942775238947 ], [ 134.525734721080539, 33.800425278603768 ], [ 134.526920272152893, 33.801178054323827 ], [ 134.527920829982349, 33.802647224589805 ], [ 134.528153606004139, 33.804078613437298 ], [ 134.531733333126908, 33.803002224772911 ], [ 134.534038884586948, 33.80364110765106 ], [ 134.535033605816352, 33.803536666683897 ], [ 134.537934720710837, 33.804158332940744 ], [ 134.540221114812653, 33.804011107626593 ], [ 134.542088054320288, 33.804951667185719 ], [ 134.542521945731323, 33.805653892013538 ], [ 134.544092776260641, 33.805442775263941 ], [ 134.545400830284166, 33.805579721327149 ], [ 134.546511660284978, 33.806174999676557 ], [ 134.548293060776246, 33.806196945832426 ], [ 134.548739999551458, 33.806048892242643 ], [ 134.549016109406011, 33.804701946137982 ], [ 134.551388885188999, 33.80340222523256 ], [ 134.553078053909076, 33.801841666759572 ], [ 134.557028885374848, 33.800994440640977 ], [ 134.557672775678157, 33.798386108132433 ], [ 134.558303891111791, 33.797963891720258 ], [ 134.558718054095038, 33.797176946259128 ], [ 134.56009165970238, 33.796449999967592 ], [ 134.561334163041238, 33.794096946317097 ], [ 134.561971946048516, 33.793543053868916 ], [ 134.564627224067181, 33.793353892268385 ], [ 134.565797224062749, 33.794064162431198 ], [ 134.566783333384137, 33.79377889208223 ], [ 134.567302503008136, 33.793208333397899 ], [ 134.570766667247995, 33.793145279231283 ], [ 134.572094721294434, 33.789462225401451 ], [ 134.572843890732997, 33.789275559419593 ], [ 134.57525610898233, 33.789805000200658 ], [ 134.576676108815377, 33.789262225171626 ], [ 134.577353333389738, 33.788414721162496 ], [ 134.577149441793381, 33.787249162019236 ], [ 134.577379441608059, 33.786297225136877 ], [ 134.579837781588367, 33.785803613346104 ], [ 134.581079999842132, 33.786003892365784 ], [ 134.582263333186347, 33.785619999663311 ], [ 134.583913061238832, 33.78618749525674 ], [ 134.586338885331315, 33.785751666706119 ], [ 134.588185837406513, 33.785878053829151 ], [ 134.589231114924132, 33.787038054262837 ], [ 134.592359727719327, 33.787824999724023 ], [ 134.594982503339907, 33.789511667429565 ], [ 134.596428884785269, 33.789599441261259 ], [ 134.597316394236259, 33.788110279066188 ], [ 134.598354720893667, 33.787199999680297 ], [ 134.601720271773161, 33.789509161918318 ], [ 134.603692217921548, 33.789317225009995 ], [ 134.605329170205096, 33.788195559077849 ], [ 134.606906667408794, 33.789163612710638 ], [ 134.610166939153032, 33.789251387441652 ], [ 134.611113332614309, 33.790104162377247 ], [ 134.611409169997273, 33.790907774973903 ], [ 134.611284163333494, 33.791777494935502 ], [ 134.612250557717175, 33.792975828971407 ], [ 134.613387496835571, 33.793239162157647 ], [ 134.615096667377315, 33.7951424954299 ], [ 134.617094720844761, 33.796258892234164 ], [ 134.61901416277351, 33.796829162236122 ], [ 134.619000830324126, 33.797292494752867 ], [ 134.619658327369962, 33.798090829228443 ], [ 134.620900558214203, 33.798853054125175 ], [ 134.622126666912209, 33.799075558989898 ], [ 134.622748054379258, 33.799678612877756 ], [ 134.625313332744213, 33.799943054028745 ], [ 134.626826109337571, 33.799201386734637 ], [ 134.630720000227939, 33.800083892357804 ], [ 134.63269250305666, 33.80083472104559 ], [ 134.633223890869886, 33.801440278645998 ], [ 134.638834994039826, 33.803142224933765 ], [ 134.639570830129742, 33.803632225047181 ], [ 134.639652502960757, 33.80441722527479 ], [ 134.641011660060144, 33.804263612975433 ], [ 134.644323060960573, 33.804856386712913 ], [ 134.646163061276297, 33.806042224669 ], [ 134.64951499372205, 33.805892775331358 ], [ 134.650864162950825, 33.805398053777196 ], [ 134.653337497327698, 33.807223333090406 ], [ 134.654369442395932, 33.807628612570454 ], [ 134.654931659868225, 33.808387775275662 ], [ 134.659796394088403, 33.809624441115091 ], [ 134.662249169963275, 33.809488054430233 ], [ 134.663914994081779, 33.810357775291152 ], [ 134.663608327062661, 33.811031666977897 ], [ 134.664364720755316, 33.813262224871835 ], [ 134.665979441797845, 33.814366945777977 ], [ 134.666572218233341, 33.814597225281773 ], [ 134.668146109155714, 33.814289999783739 ], [ 134.669158054200921, 33.813573613331641 ], [ 134.670077781864165, 33.814004161962544 ], [ 134.672234162776476, 33.815872224723421 ], [ 134.674768884876244, 33.816396387383406 ], [ 134.675597612839624, 33.816110000076492 ], [ 134.67560693880921, 33.816098333171567 ] ] ] ] } },
{ "type": "Feature", "properties": { "regioncode": "3638800", "regionname": "徳島県海陽町", "name": "海陽町", "namekana": "かいようちょう", "PrefCode": "36" }, "geometry": { "type": "MultiPolygon", "coordinates": [ [ [ [ 134.318975279385654, 33.539621108227607 ], [ 134.319264720790329, 33.539581666660638 ], [ 134.318941660029623, 33.539593053876388 ], [ 134.318975279385654, 33.539621108227607 ] ] ], [ [ [ 134.323456394297182, 33.539604162302282 ], [ 134.323833060947095, 33.539502775432766 ], [ 134.323140000210856, 33.539576107951063 ], [ 134.323415836671643, 33.539632495443357 ], [ 134.323456394297182, 33.539604162302282 ] ] ], [ [ [ 134.31677499357113, 33.539869161932302 ], [ 134.317339999841238, 33.53967194600358 ], [ 134.316862503002199, 33.539564720735314 ], [ 134.316666666633409, 33.539884332595932 ], [ 134.31677499357113, 33.539869161932302 ] ] ], [ [ [ 134.314393060891121, 33.540353892018572 ], [ 134.314830271699748, 33.540167774623171 ], [ 134.314371517631457, 33.540112783778 ], [ 134.314352775760085, 33.540348053619823 ], [ 134.314393060891121, 33.540353892018572 ] ] ], [ [ [ 134.314514162698515, 33.540697774782529 ], [ 134.31481027167672, 33.540477775429054 ], [ 134.314043333433119, 33.540562495163101 ], [ 134.314446939274944, 33.540714441018679 ], [ 134.314514162698515, 33.540697774782529 ] ] ], [ [ [ 134.313028327095708, 33.541967495203778 ], [ 134.31236572010198, 33.541869666951641 ], [ 134.312963333091375, 33.541993332726179 ], [ 134.313028327095708, 33.541967495203778 ] ] ], [ [ [ 134.317777496634221, 33.548949720952919 ], [ 134.318981660075565, 33.548707775443518 ], [ 134.318625279433149, 33.548499162406472 ], [ 134.31879360643984, 33.548217224945006 ], [ 134.319829727959586, 33.547045000026799 ], [ 134.320489170239057, 33.546819441064429 ], [ 134.320159441904821, 33.546701108269588 ], [ 134.320515836936352, 33.54645861327441 ], [ 134.319972775922906, 33.546012494680951 ], [ 134.320199727935119, 33.545488892298579 ], [ 134.32151194581968, 33.545235558674165 ], [ 134.322756394392172, 33.544299720555728 ], [ 134.321942503443893, 33.542287494672166 ], [ 134.322528053826659, 33.541312224879334 ], [ 134.323745550616763, 33.541424999863921 ], [ 134.324337782063026, 33.541143054308577 ], [ 134.323806109164707, 33.540185000237614 ], [ 134.320024720764309, 33.539559162025739 ], [ 134.319836667128584, 33.539987494727143 ], [ 134.318712776273628, 33.540258332755911 ], [ 134.316903060627851, 33.541554441084656 ], [ 134.317003605731884, 33.541954721233424 ], [ 134.318113890743575, 33.542095829359084 ], [ 134.317346939010122, 33.54245666704162 ], [ 134.317420830007336, 33.542811386636231 ], [ 134.316808612027899, 33.542760829448753 ], [ 134.317280558251241, 33.543479440823603 ], [ 134.315839728320839, 33.544254721178504 ], [ 134.3159876389185, 33.545065387157933 ], [ 134.316983359294682, 33.545152278754699 ], [ 134.317080143433941, 33.545516134562035 ], [ 134.317131660198015, 33.545053332645239 ], [ 134.318356938821694, 33.544883332899531 ], [ 134.318477224044727, 33.545303053693033 ], [ 134.31796817089446, 33.545790225438623 ], [ 134.317714060255753, 33.545459801928359 ], [ 134.317840829590637, 33.545758919138848 ], [ 134.316314577555772, 33.546531559084258 ], [ 134.315998520715198, 33.545646333011916 ], [ 134.316344994426004, 33.547318613363359 ], [ 134.316868664257527, 33.548020919130181 ], [ 134.316045940168124, 33.548390224829063 ], [ 134.3158842798357, 33.548830414192309 ], [ 134.316867367435179, 33.548100494742073 ], [ 134.316936393999413, 33.549000558728835 ], [ 134.317589169604503, 33.548961108168669 ], [ 134.317777496634221, 33.548949720952919 ] ] ], [ [ [ 134.328253605619466, 33.555297224986987 ], [ 134.328044994381003, 33.555325279338206 ], [ 134.328300829919385, 33.555330829054583 ], [ 134.328253605619466, 33.555297224986987 ] ] ], [ [ [ 134.327076108875417, 33.555263333136395 ], [ 134.326840558445042, 33.555359162195657 ], [ 134.327042503009125, 33.55534222526353 ], [ 134.327076108875417, 33.555263333136395 ] ] ], [ [ [ 134.319668054137423, 33.556040829420795 ], [ 134.319109442047193, 33.556238333132626 ], [ 134.319647781619892, 33.556086107587873 ], [ 134.319668054137423, 33.556040829420795 ] ] ], [ [ [ 134.320892502686888, 33.55641305431908 ], [ 134.321228885105029, 33.556390558677379 ], [ 134.321148327433434, 33.556040829420795 ], [ 134.320609999551948, 33.555984720718357 ], [ 134.320845279286232, 33.556384721178006 ], [ 134.320892502686888, 33.55641305431908 ] ] ], [ [ [ 134.321767223778465, 33.556322774976138 ], [ 134.321437497242755, 33.556384721178006 ], [ 134.321599170165655, 33.556570828680833 ], [ 134.321767223778465, 33.556339720901462 ], [ 134.321767223778465, 33.556322774976138 ] ] ], [ [ [ 134.324889442393896, 33.556655559206717 ], [ 134.325938884671814, 33.556424440635453 ], [ 134.326651946330344, 33.555544999901883 ], [ 134.324741387904737, 33.555640828961145 ], [ 134.324216394271275, 33.556418613028598 ], [ 134.324788327119677, 33.556666666733349 ], [ 134.324889442393896, 33.556655559206717 ] ] ], [ [ [ 134.319028885274861, 33.556441107770979 ], [ 134.318678885322356, 33.556666666733349 ], [ 134.319048885297889, 33.556458053696247 ], [ 134.319028885274861, 33.556441107770979 ] ] ], [ [ [ 134.323341659689959, 33.555928333226063 ], [ 134.322453606149111, 33.555900000084989 ], [ 134.32233917011672, 33.556424440635453 ], [ 134.322843891232651, 33.556723054225642 ], [ 134.323287782205398, 33.555984720718357 ], [ 134.323341659689959, 33.555928333226063 ] ] ], [ [ [ 134.328926108752967, 33.556548333039188 ], [ 134.328186108801901, 33.556875278871075 ], [ 134.328993605570531, 33.556599161821907 ], [ 134.328926108752967, 33.556548333039188 ] ] ], [ [ [ 134.31944610865105, 33.557461386833609 ], [ 134.320111946009547, 33.557168332852314 ], [ 134.319116938795787, 33.556807774858953 ], [ 134.318753061404777, 33.55701055938988 ], [ 134.319378611833486, 33.557472495259503 ], [ 134.31944610865105, 33.557461386833609 ] ] ], [ [ [ 134.328387781770743, 33.557546108366239 ], [ 134.328623333100381, 33.557253054385001 ], [ 134.327957496641261, 33.557461667422047 ], [ 134.328340829965441, 33.557563054291563 ], [ 134.328387781770743, 33.557546108366239 ] ] ], [ [ [ 134.325010557691144, 33.558070279120159 ], [ 134.326342503104115, 33.557653332735185 ], [ 134.324768327096649, 33.557523612724594 ], [ 134.324256666811834, 33.557822225415407 ], [ 134.324999999650345, 33.558073162346602 ], [ 134.325010557691144, 33.558070279120159 ] ] ], [ [ [ 134.317084163403479, 33.559242774734344 ], [ 134.32058972793368, 33.559073613156784 ], [ 134.319614163163124, 33.558470559268926 ], [ 134.318315551121827, 33.558397224952046 ], [ 134.316875551265753, 33.558977775104267 ], [ 134.316653333284762, 33.55919777535712 ], [ 134.316895551288781, 33.559293332821085 ], [ 134.317084163403479, 33.559242774734344 ] ] ], [ [ [ 134.318362776321123, 33.561023891939101 ], [ 134.320656938766774, 33.560516667110562 ], [ 134.319176938864757, 33.560060000368765 ], [ 134.318174163307049, 33.560178333163606 ], [ 134.317837781788285, 33.560753332700187 ], [ 134.318221387606968, 33.561029440756158 ], [ 134.318362776321123, 33.561023891939101 ] ] ], [ [ [ 134.316996666563, 33.560730828964608 ], [ 134.316444721147036, 33.561176107591336 ], [ 134.316996666563, 33.561215559050879 ], [ 134.317124449433891, 33.560781666740581 ], [ 134.316996666563, 33.560730828964608 ] ] ], [ [ [ 134.311395837248142, 33.575401386764611 ], [ 134.31113389081645, 33.575392774856709 ], [ 134.31140944219203, 33.575424440885286 ], [ 134.311395837248142, 33.575401386764611 ] ] ], [ [ [ 134.31645166031592, 33.575476386626008 ], [ 134.316162218011982, 33.575555559341637 ], [ 134.31645166031592, 33.575493332551332 ], [ 134.31645166031592, 33.575476386626008 ] ] ], [ [ [ 134.317628884565465, 33.575707774993873 ], [ 134.317837496703191, 33.575589161610594 ], [ 134.317555278653231, 33.575696386878803 ], [ 134.317628884565465, 33.575707774993873 ] ] ], [ [ [ 134.32479472129944, 33.577229721074843 ], [ 134.324969727570988, 33.577579161649055 ], [ 134.32484861227374, 33.577252224810366 ], [ 134.32479472129944, 33.577229721074843 ] ] ], [ [ [ 134.32020610862503, 33.579185829262656 ], [ 134.320488611760084, 33.579016666785776 ], [ 134.319836108649611, 33.579090000203394 ], [ 134.320165836983847, 33.579202494599485 ], [ 134.32020610862503, 33.579185829262656 ] ] ], [ [ [ 134.322318885008599, 33.579450559096074 ], [ 134.322520557977441, 33.579377494575738 ], [ 134.32228527914242, 33.579445000386499 ], [ 134.322318885008599, 33.579450559096074 ] ] ], [ [ [ 134.323381659735901, 33.579360559442307 ], [ 134.323065550734668, 33.579366108259364 ], [ 134.323381659735901, 33.579405558819531 ], [ 134.323381659735901, 33.579360559442307 ] ] ], [ [ [ 134.322776394415087, 33.579501386979473 ], [ 134.323011659760368, 33.579540829445762 ], [ 134.322796666932732, 33.579518332904797 ], [ 134.322776394415087, 33.579501386979473 ] ] ], [ [ [ 134.363186667031073, 33.579648332604506 ], [ 134.362769727840714, 33.5796819456653 ], [ 134.363186667031073, 33.579698891590624 ], [ 134.363186667031073, 33.579648332604506 ] ] ], [ [ [ 134.337820830067358, 33.583717774755542 ], [ 134.337363060756729, 33.583436107990053 ], [ 134.336535837359065, 33.583543053569144 ], [ 134.337726394057881, 33.583757225315765 ], [ 134.337820830067358, 33.583717774755542 ] ] ], [ [ [ 134.333951945725744, 33.583774162247835 ], [ 134.33426165964795, 33.58352610764382 ], [ 134.33393194570283, 33.583244162088477 ], [ 134.333158053901116, 33.583537225062912 ], [ 134.333881387615975, 33.583782775055056 ], [ 134.333951945725744, 33.583774162247835 ] ] ], [ [ [ 134.367524162909831, 33.589702494974233 ], [ 134.368184162769012, 33.588862494908255 ], [ 134.368934994154756, 33.588899162066753 ], [ 134.368598611736616, 33.588264999730029 ], [ 134.367945278551815, 33.588403053757986 ], [ 134.367561115153421, 33.587921107972818 ], [ 134.367328885020129, 33.58832694593184 ], [ 134.366207223584524, 33.588358054380762 ], [ 134.36625444878382, 33.589448612763306 ], [ 134.367380558266177, 33.589716386801854 ], [ 134.367524162909831, 33.589702494974233 ] ] ], [ [ [ 134.367249441608465, 33.590280000022062 ], [ 134.367948612338637, 33.59024361255274 ], [ 134.367264721090123, 33.589933612646178 ], [ 134.366938054047978, 33.590130828574956 ], [ 134.367120000387786, 33.590288612829283 ], [ 134.367249441608465, 33.590280000022062 ] ] ], [ [ [ 134.368413333408625, 33.590672224943262 ], [ 134.368837496853075, 33.590550829057577 ], [ 134.367898054251896, 33.590457775306163 ], [ 134.368349441973237, 33.59067082919546 ], [ 134.368413333408625, 33.590672224943262 ] ] ], [ [ [ 134.365405057997123, 33.591539945711986 ], [ 134.365295421646465, 33.592093973058468 ], [ 134.365401218791249, 33.591666667382867 ], [ 134.365405057997123, 33.591539945711986 ] ] ], [ [ [ 134.379978327138133, 33.612800828995091 ], [ 134.379742503313992, 33.612876945814435 ], [ 134.380005278920521, 33.612826108038519 ], [ 134.379978327138133, 33.612800828995091 ] ] ], [ [ [ 134.383029727739768, 33.615500829399821 ], [ 134.382834162966333, 33.615571107820415 ], [ 134.383033060627326, 33.615545828777044 ], [ 134.383029727739768, 33.615500829399821 ] ] ], [ [ [ 134.384020000023042, 33.617262225371462 ], [ 134.384171388299023, 33.616991945821667 ], [ 134.38392555142309, 33.617242495145092 ], [ 134.384020000023042, 33.617262225371462 ] ] ], [ [ [ 134.384104163076699, 33.61756666656845 ], [ 134.383642775793533, 33.61777249530445 ], [ 134.383888611770089, 33.617910559224981 ], [ 134.384154721163554, 33.617614720942697 ], [ 134.384104163076699, 33.61756666656845 ] ] ], [ [ [ 134.387020558352106, 33.618601386944476 ], [ 134.387300557774552, 33.618521108062737 ], [ 134.386943061073453, 33.618547774760032 ], [ 134.387020558352106, 33.618601386944476 ] ] ], [ [ [ 134.388344162553153, 33.618993054286079 ], [ 134.388647224190095, 33.618587225320255 ], [ 134.387788326670034, 33.618801387174358 ], [ 134.388293606264938, 33.619012774619932 ], [ 134.388344162553153, 33.618993054286079 ] ] ], [ [ [ 134.388090272248292, 33.619143892176908 ], [ 134.387872503213543, 33.61917610769126 ], [ 134.388132218427245, 33.619143892176908 ], [ 134.388090272248292, 33.619143892176908 ] ] ], [ [ [ 134.389785279367175, 33.620926666832247 ], [ 134.389391659597436, 33.620833613080833 ], [ 134.38943527941467, 33.621287494622209 ], [ 134.389802218097998, 33.62098305432454 ], [ 134.389785279367175, 33.620926666832247 ] ] ], [ [ [ 134.390320830142286, 33.623266108344296 ], [ 134.390085278812649, 33.623429441415624 ], [ 134.390341115250294, 33.623305558904462 ], [ 134.390320830142286, 33.623266108344296 ] ] ], [ [ [ 134.378668326981824, 33.633646945849932 ], [ 134.378338327052234, 33.633593332766168 ], [ 134.378681946314828, 33.633680558910726 ], [ 134.378668326981824, 33.633646945849932 ] ] ], [ [ [ 134.382548326943834, 33.637046107991523 ], [ 134.382214720732804, 33.637031666678126 ], [ 134.382569442126169, 33.637090279093172 ], [ 134.382548326943834, 33.637046107991523 ] ] ], [ [ [ 134.378520271593288, 33.63708277515002 ], [ 134.378324993703586, 33.637168054262361 ], [ 134.378533605841312, 33.637096945767496 ], [ 134.378520271593288, 33.63708277515002 ] ] ], [ [ [ 134.391105836665133, 33.6471252787087 ], [ 134.390883061104432, 33.647141945844169 ], [ 134.391132775856931, 33.647147775249664 ], [ 134.391105836665133, 33.6471252787087 ] ] ], [ [ [ 134.390448884608418, 33.647373333312714 ], [ 134.390819442163547, 33.647271946443198 ], [ 134.390408612067858, 33.647373333312714 ], [ 134.390448884608418, 33.647373333312714 ] ] ], [ [ [ 134.321412218199384, 33.731564999824911 ], [ 134.322478611798601, 33.730282494641472 ], [ 134.327425551248211, 33.729641386840569 ], [ 134.329361218745362, 33.727790000208415 ], [ 134.331869169826405, 33.726951666586217 ], [ 134.334349169978282, 33.72752027913765 ], [ 134.336535837359065, 33.730429999644798 ], [ 134.338936109014298, 33.729828333410921 ], [ 134.341356109097205, 33.727542774779295 ], [ 134.342693061036016, 33.727428333350929 ], [ 134.343679727937115, 33.72754555908034 ], [ 134.344976393845513, 33.728300828620377 ], [ 134.347563605775804, 33.728618613058586 ], [ 134.34921000004158, 33.730229720625175 ], [ 134.351440271951105, 33.72977527880613 ], [ 134.351966939222962, 33.728693891709781 ], [ 134.353266938918182, 33.728599161622071 ], [ 134.354083606073573, 33.729025558982414 ], [ 134.355637223579038, 33.728401387214319 ], [ 134.356490557893039, 33.728836107800191 ], [ 134.356753891079279, 33.729558053861126 ], [ 134.358204162991797, 33.731205279100379 ], [ 134.360107497163312, 33.73133082895464 ], [ 134.360920829632619, 33.730940559159535 ], [ 134.362400830434012, 33.730929440841066 ], [ 134.362937497267694, 33.730023333410145 ], [ 134.364450829642124, 33.728635279294735 ], [ 134.364770830009888, 33.727832494973711 ], [ 134.36842083015722, 33.72639722465226 ], [ 134.374715837166264, 33.727571667298662 ], [ 134.377635836924355, 33.725936108065014 ], [ 134.381897496572265, 33.725335828585685 ], [ 134.38414666683525, 33.725872775108542 ], [ 134.389731388392875, 33.725375000356053 ], [ 134.39346416304079, 33.724766667447795 ], [ 134.394578885307396, 33.724371667218691 ], [ 134.394731946322281, 33.724014441213569 ], [ 134.394731946322281, 33.723548613078094 ], [ 134.392205278550819, 33.722038054212874 ], [ 134.391743332788678, 33.721129441270762 ], [ 134.392313890573632, 33.718891946006579 ], [ 134.393155836772507, 33.717505829030813 ], [ 134.392856938996601, 33.716233891780746 ], [ 134.393386939156017, 33.715211386896044 ], [ 134.39369944187581, 33.713314440608997 ], [ 134.392843605647954, 33.713064721359842 ], [ 134.391553061424702, 33.711974440867778 ], [ 134.389637781558463, 33.711519999948109 ], [ 134.386146667334856, 33.712110558655411 ], [ 134.38181306102399, 33.710826946406485 ], [ 134.381093061095953, 33.710361387168348 ], [ 134.381052218385207, 33.708384721377854 ], [ 134.380495279033994, 33.708032775292395 ], [ 134.379082502555548, 33.707839721426069 ], [ 134.378077224184608, 33.70813500033006 ], [ 134.375414449417349, 33.70813500033006 ], [ 134.374884994247168, 33.70881638696676 ], [ 134.374395836798499, 33.70866889185595 ], [ 134.372915279316771, 33.707328613324876 ], [ 134.371075836580644, 33.706686667355882 ], [ 134.37024138802974, 33.705880278552058 ], [ 134.365380557766571, 33.70451416159932 ], [ 134.364899442055616, 33.699293053931342 ], [ 134.365244448972248, 33.698348333209083 ], [ 134.360557497230729, 33.695993333425633 ], [ 134.361008611558191, 33.694402224982753 ], [ 134.361731115198836, 33.693926387392935 ], [ 134.361931660417895, 33.693383613263165 ], [ 134.361801659818866, 33.691356386687971 ], [ 134.362155551137789, 33.68941805360032 ], [ 134.363075837280121, 33.689018613418341 ], [ 134.363414994106734, 33.688300829419802 ], [ 134.364591659877306, 33.687568333411889 ], [ 134.364633061067025, 33.685255278908073 ], [ 134.365538611817556, 33.684641107601067 ], [ 134.365733333026924, 33.682579161798913 ], [ 134.364742218078959, 33.679807224623744 ], [ 134.362341114550873, 33.678149999822665 ], [ 134.362058053836222, 33.677474162003023 ], [ 134.364629999774706, 33.676443332993472 ], [ 134.366004721440845, 33.674746666625424 ], [ 134.36883333299204, 33.674902225057679 ], [ 134.37166194634176, 33.674251107802434 ], [ 134.373118327348948, 33.672187775245675 ], [ 134.371530558088807, 33.671488054130464 ], [ 134.371553060925066, 33.669969440936995 ], [ 134.369527223802379, 33.668946107776719 ], [ 134.369849441898282, 33.667057775196213 ], [ 134.372310829681055, 33.665505828631126 ], [ 134.374423891149718, 33.665569161587598 ], [ 134.374958885244382, 33.66426110756413 ], [ 134.37700250286332, 33.662586387351951 ], [ 134.377386108682003, 33.660603332777612 ], [ 134.378529727964633, 33.660492225136124 ], [ 134.378536938728757, 33.659687494682203 ], [ 134.379946108925878, 33.65778416230927 ], [ 134.38295610923717, 33.656578333323466 ], [ 134.384092218281353, 33.654786387381932 ], [ 134.384659999859196, 33.654391666842002 ], [ 134.387596394258253, 33.653778054014026 ], [ 134.388245550991428, 33.652423891749265 ], [ 134.38987616125587, 33.650608405153832 ], [ 134.388981880809183, 33.65019044073631 ], [ 134.389061388072719, 33.649292775241463 ], [ 134.390024448669465, 33.648791108223122 ], [ 134.390469169716425, 33.648903892200906 ], [ 134.391034994369534, 33.647942495349923 ], [ 134.391610830275681, 33.647964999984822 ], [ 134.390814720722801, 33.647529441230802 ], [ 134.389471388094194, 33.648033333171838 ], [ 134.388307223799416, 33.647706387339952 ], [ 134.386549442203091, 33.646088613099039 ], [ 134.386407781893695, 33.645096667177484 ], [ 134.386707497153338, 33.644701387259261 ], [ 134.387377781659325, 33.644799999720249 ], [ 134.387495278984034, 33.644126108033504 ], [ 134.386030271679715, 33.643489162295054 ], [ 134.38530972766182, 33.642186945770959 ], [ 134.385319728123022, 33.641578054383729 ], [ 134.383154720913694, 33.641308613002138 ], [ 134.382386939106027, 33.640858053556371 ], [ 134.381904994220122, 33.640081667035361 ], [ 134.381069169706507, 33.639996467962703 ], [ 134.381177950801884, 33.638722440688127 ], [ 134.3810289106558, 33.639673640126432 ], [ 134.378635278695242, 33.639211667384586 ], [ 134.37784722436993, 33.638315829312148 ], [ 134.377749170387915, 33.637753892428236 ], [ 134.376460000328848, 33.636959441225258 ], [ 134.375899999685316, 33.634888054340308 ], [ 134.377570271850573, 33.634168333202069 ], [ 134.377135887611189, 33.632714532349837 ], [ 134.378164552851899, 33.629801693893114 ], [ 134.377005162158525, 33.632710387374516 ], [ 134.375632502637927, 33.632474441242493 ], [ 134.375047782329375, 33.631969721025882 ], [ 134.374318274768598, 33.632013973066478 ], [ 134.373749637036212, 33.631313278884761 ], [ 134.374659727564449, 33.632499721185241 ], [ 134.374554720923697, 33.633665279429181 ], [ 134.372801659868742, 33.633691946126476 ], [ 134.372161946017059, 33.634405279380189 ], [ 134.371245837225615, 33.634320558746822 ], [ 134.370514449182565, 33.634667494709163 ], [ 134.368485550767673, 33.632684720723319 ], [ 134.369030000334305, 33.631099161996758 ], [ 134.370218611799601, 33.630732494908784 ], [ 134.370474449136623, 33.630357775291145 ], [ 134.370036667258432, 33.630041945979087 ], [ 134.369053605739396, 33.630233613090809 ], [ 134.368406939228976, 33.631132775057551 ], [ 134.367229196070639, 33.631301801736811 ], [ 134.366034811857162, 33.630373946000873 ], [ 134.366904384329928, 33.629289828562776 ], [ 134.367470051601686, 33.627118919102884 ], [ 134.366822022618294, 33.62926397305398 ], [ 134.363730803633757, 33.6287214408419 ], [ 134.363700699727588, 33.628046693899876 ], [ 134.363703606336458, 33.628847774904955 ], [ 134.363261114708735, 33.628786108392262 ], [ 134.362518054364728, 33.628076946194142 ], [ 134.362569779771547, 33.625729134691881 ], [ 134.363253113440464, 33.62587994560306 ], [ 134.36314780822488, 33.626840748002166 ], [ 134.363556031185908, 33.627519720858459 ], [ 134.363233748338871, 33.626822972901948 ], [ 134.363328663686957, 33.626110720633278 ], [ 134.364019221609851, 33.625984197712626 ], [ 134.362433061236857, 33.62563389199056 ], [ 134.362625837212704, 33.625033892200406 ], [ 134.364245473050232, 33.625228027051833 ], [ 134.364544746742695, 33.626151828644026 ], [ 134.364311414040571, 33.625186467581443 ], [ 134.364571388259037, 33.624298612790824 ], [ 134.365373891092304, 33.624173332733164 ], [ 134.366049442028157, 33.624726387013197 ], [ 134.367954812264884, 33.62496436021712 ], [ 134.367719974097554, 33.626172531936845 ], [ 134.368045446839915, 33.624983864713613 ], [ 134.370046666820258, 33.6248672253422 ], [ 134.371421946065993, 33.623970279305013 ], [ 134.373144994046356, 33.624323053666046 ], [ 134.373488612409574, 33.624689720754077 ], [ 134.375793061300783, 33.623908333103145 ], [ 134.376183891373557, 33.624195829274129 ], [ 134.377234162826426, 33.62414499959209 ], [ 134.378085836991886, 33.624765558783565 ], [ 134.378840271961053, 33.624650000397253 ], [ 134.379446394335673, 33.624996666562936 ], [ 134.378464967784112, 33.62867063993815 ], [ 134.379600388846939, 33.6253273598698 ], [ 134.380975278686265, 33.625334999610573 ], [ 134.382077224284558, 33.624933892085494 ], [ 134.382841114725693, 33.625154440924746 ], [ 134.385265837148722, 33.6244977748525 ], [ 134.387668611617187, 33.624595279348739 ], [ 134.389071660129048, 33.623516946350037 ], [ 134.389870830074756, 33.62343222481735 ], [ 134.389394994283634, 33.622753054110206 ], [ 134.389718326639581, 33.622245558585689 ], [ 134.389273605592507, 33.621958054320828 ], [ 134.389523061340242, 33.621566386979225 ], [ 134.389027782206426, 33.621397225401665 ], [ 134.388192502681932, 33.62021638677686 ], [ 134.38849555082902, 33.619734162201894 ], [ 134.388239727881228, 33.619500279114618 ], [ 134.387401114569798, 33.619398892245158 ], [ 134.386899442155595, 33.620233053912386 ], [ 134.386225837352526, 33.619328333236069 ], [ 134.385262503361901, 33.620049999607829 ], [ 134.38443416300629, 33.619224162065507 ], [ 134.38318805428537, 33.618801387174358 ], [ 134.383945837430474, 33.61815027891231 ], [ 134.383309169582617, 33.617845828722068 ], [ 134.382753332800121, 33.616791945591842 ], [ 134.383413606053182, 33.616340828566422 ], [ 134.382264993734566, 33.615551386587299 ], [ 134.383497781697315, 33.614934440871821 ], [ 134.383460830353101, 33.614663892424744 ], [ 134.382908327357541, 33.614269161992297 ], [ 134.381692503306454, 33.614153612599182 ], [ 134.381025836773006, 33.613618053730249 ], [ 134.380190558147774, 33.613987225430151 ], [ 134.379806667243997, 33.613037494584773 ], [ 134.379376938794735, 33.61311972139805 ], [ 134.379092503016636, 33.612806386805346 ], [ 134.377651945580851, 33.613367495413627 ], [ 134.3717855509625, 33.609816107727227 ], [ 134.36818221843464, 33.606513054334016 ], [ 134.364302776052341, 33.602014999792459 ], [ 134.362733605671451, 33.599438891791465 ], [ 134.361649169873317, 33.596389440920007 ], [ 134.362551361656074, 33.59427744065141 ], [ 134.363967366700649, 33.593797279121191 ], [ 134.363840557795584, 33.592638919050898 ], [ 134.363884280135494, 33.593747278614046 ], [ 134.362309169732498, 33.594264440951235 ], [ 134.362268884601463, 33.592922774766294 ], [ 134.363128145447604, 33.592311305922067 ], [ 134.361011115270799, 33.59277582914126 ], [ 134.360940558060406, 33.594077224584282 ], [ 134.360235836714537, 33.594182224929796 ], [ 134.359721218559457, 33.592699829233766 ], [ 134.360487833946422, 33.592407413771184 ], [ 134.360046667020129, 33.592225278573778 ], [ 134.360334837682672, 33.591783829260351 ], [ 134.361486887210162, 33.59211002685629 ], [ 134.362908326857905, 33.591891107588594 ], [ 134.363763333011434, 33.591411386726179 ], [ 134.364489999613852, 33.591466945942841 ], [ 134.364297782116978, 33.591137224803106 ], [ 134.364550558161795, 33.590945558590704 ], [ 134.363716667190488, 33.590504720816284 ], [ 134.364215279211862, 33.589969161947295 ], [ 134.364778392408994, 33.590419775352416 ], [ 134.364503332962499, 33.589553053730469 ], [ 134.363991387592478, 33.589350000302318 ], [ 134.363846666890254, 33.588558053711267 ], [ 134.363088884644412, 33.588727225181344 ], [ 134.362704721245905, 33.587968891651087 ], [ 134.361858053606397, 33.588013053759482 ], [ 134.359451946250374, 33.587292495352415 ], [ 134.354521387951763, 33.587154721013633 ], [ 134.352939441801823, 33.586170000245374 ], [ 134.35061111501102, 33.586108054043507 ], [ 134.346560078384982, 33.585403892075988 ], [ 134.346498858835275, 33.584833251553391 ], [ 134.346449805314364, 33.585138531817847 ], [ 134.345883333149345, 33.585186107752747 ], [ 134.34586832706168, 33.584913891962572 ], [ 134.3444911151729, 33.584956107938069 ], [ 134.344335278850053, 33.585357225355722 ], [ 134.344097497201801, 33.584968161551444 ], [ 134.343698054321862, 33.585303053792927 ], [ 134.340757223567039, 33.585006108445214 ], [ 134.340458366260691, 33.585309224940829 ], [ 134.340012334901417, 33.585163134571076 ], [ 134.340413139354951, 33.585369829354192 ], [ 134.339790271603761, 33.585778892282121 ], [ 134.339805551085419, 33.585189161850394 ], [ 134.339011387665437, 33.584952224665471 ], [ 134.338527224152131, 33.585138333067675 ], [ 134.338674448566962, 33.585735278760183 ], [ 134.337948612038872, 33.585680829306853 ], [ 134.33758527873772, 33.584929720929949 ], [ 134.337228612110835, 33.585493612939956 ], [ 134.33682472118403, 33.585380828962116 ], [ 134.336724162590144, 33.584986108422243 ], [ 134.336031115343758, 33.584901666578673 ], [ 134.335640830260218, 33.585234162126937 ], [ 134.335573891022364, 33.584816386567013 ], [ 134.335055278977961, 33.58521722519481 ], [ 134.334544162783004, 33.584862225011705 ], [ 134.333831114614327, 33.5850841624042 ], [ 134.33223111457437, 33.584396666672887 ], [ 134.331730558218737, 33.583107775403562 ], [ 134.332060829743568, 33.582401946093 ], [ 134.333790557888051, 33.581361387318225 ], [ 134.336616394131397, 33.58277082911053 ], [ 134.340168885285834, 33.582844161628827 ], [ 134.340895550988989, 33.583306387080142 ], [ 134.341561659942727, 33.58322194613595 ], [ 134.341689441914241, 33.583503612901438 ], [ 134.343741388154626, 33.583357224856115 ], [ 134.344360557893538, 33.583695279113897 ], [ 134.346695278864104, 33.583560000393732 ], [ 134.347220271598303, 33.583830829429303 ], [ 134.351230272159341, 33.583402225132659 ], [ 134.354486666926164, 33.583475559449539 ], [ 134.355967224407891, 33.582568053572857 ], [ 134.357905304786073, 33.581999000353619 ], [ 134.358635745843117, 33.582179720917452 ], [ 134.359597951184583, 33.581509946327003 ], [ 134.363768105713575, 33.580459801678558 ], [ 134.363704720596388, 33.580161108048742 ], [ 134.362961971417917, 33.580251360411978 ], [ 134.363085188430773, 33.58002613509808 ], [ 134.362722776035298, 33.579817495081386 ], [ 134.361114449172533, 33.579552494552047 ], [ 134.361208611788015, 33.579248054254379 ], [ 134.358126939107024, 33.579349441123838 ], [ 134.356963060796716, 33.578735000020288 ], [ 134.355186666831287, 33.578470000390269 ], [ 134.352636667048614, 33.578577224759158 ], [ 134.352293332871113, 33.578171108010281 ], [ 134.352125279258303, 33.578486946315593 ], [ 134.351169999595868, 33.578712495385389 ], [ 134.348276667434334, 33.578977495015408 ], [ 134.34282000034284, 33.578120558916737 ], [ 134.34227472070188, 33.578334720770783 ], [ 134.340243061368255, 33.578041666789545 ], [ 134.333662775916423, 33.579292774841747 ], [ 134.329369999725827, 33.582128053966585 ], [ 134.323738327262049, 33.580628613419833 ], [ 134.322897497121858, 33.58112472082928 ], [ 134.32276972774082, 33.581440559134535 ], [ 134.323126394367705, 33.581728054406256 ], [ 134.3219613883075, 33.582721945561389 ], [ 134.317835550570294, 33.581825558902494 ], [ 134.316983060719735, 33.580701945938131 ], [ 134.317023605754912, 33.579630829099528 ], [ 134.317602217868171, 33.579241946059028 ], [ 134.318833333091902, 33.579112494945718 ], [ 134.318985668354003, 33.578237162315247 ], [ 134.319902438147096, 33.578292413963766 ], [ 134.31944583705581, 33.577979162108704 ], [ 134.319627497411147, 33.57781582903732 ], [ 134.319263605630908, 33.577815559240719 ], [ 134.319264163210619, 33.577460828854214 ], [ 134.318880558291198, 33.57757333314288 ], [ 134.317494721004664, 33.577004162112416 ], [ 134.317359999864152, 33.576626667186986 ], [ 134.317003333237267, 33.576931108383974 ], [ 134.315980557656644, 33.576463054426483 ], [ 134.313874721341335, 33.576553332870049 ], [ 134.312959441724956, 33.577595828784524 ], [ 134.311923332795686, 33.577195559427594 ], [ 134.311305836695055, 33.576500000374779 ], [ 134.31165416300928, 33.576237494564793 ], [ 134.312448053934645, 33.576395559407615 ], [ 134.312407782293349, 33.575983892043041 ], [ 134.311129441870321, 33.576096667027628 ], [ 134.308747496599722, 33.5716886130391 ], [ 134.308801387574022, 33.569738333357463 ], [ 134.30834389075801, 33.568588333384923 ], [ 134.308256393917532, 33.566981946359761 ], [ 134.308700558284158, 33.563577224609276 ], [ 134.309567496642671, 33.562658333315483 ], [ 134.310996394368203, 33.563024720714338 ], [ 134.311846589148786, 33.562541801862722 ], [ 134.31149897509772, 33.562655279217836 ], [ 134.310650725550659, 33.562160413772119 ], [ 134.311425382675338, 33.562691000289476 ], [ 134.311120558367179, 33.562873666986206 ], [ 134.309717976603451, 33.562522918797697 ], [ 134.30986557693484, 33.561861864933178 ], [ 134.309638560171493, 33.56250227935675 ], [ 134.308639754221304, 33.562207468100212 ], [ 134.308681919834839, 33.561971639779415 ], [ 134.304951659691369, 33.562701386559809 ], [ 134.304645913578156, 33.561976972759112 ], [ 134.30518778209057, 33.561361108028791 ], [ 134.304976667139499, 33.562207495079861 ], [ 134.305484993637606, 33.56234222521357 ], [ 134.306932776226745, 33.561706107750751 ], [ 134.306908053863708, 33.561379440708663 ], [ 134.309846939384784, 33.560833332792129 ], [ 134.310063890935908, 33.561276107706249 ], [ 134.311284163033747, 33.561655000178177 ], [ 134.311277497258743, 33.560883053610098 ], [ 134.311755279182876, 33.56084916175945 ], [ 134.312118611584765, 33.56160444119206 ], [ 134.3125119705511, 33.561618531769852 ], [ 134.31254345041998, 33.562230640032055 ], [ 134.312601336182752, 33.561619252126832 ], [ 134.313416939440231, 33.56107472072182 ], [ 134.313343061033493, 33.560685558891464 ], [ 134.312569441726396, 33.560296666857766 ], [ 134.312703891271667, 33.559456666791789 ], [ 134.313309727661817, 33.558848054194414 ], [ 134.313326355227218, 33.5583203059374 ], [ 134.314163644736482, 33.558189891650215 ], [ 134.31340435792481, 33.558236532290209 ], [ 134.313346108835958, 33.557155279192841 ], [ 134.312838884906682, 33.557178891792489 ], [ 134.312637782108027, 33.556180279196553 ], [ 134.313302775902457, 33.556700558583941 ], [ 134.313807497018388, 33.556616107747232 ], [ 134.314291659632431, 33.55741610776721 ], [ 134.314735836589648, 33.557449999617859 ], [ 134.314621659562022, 33.558256107833188 ], [ 134.315092503216533, 33.55841972059369 ], [ 134.316936108914319, 33.557726387362948 ], [ 134.317709999816657, 33.556999441071412 ], [ 134.317844449361928, 33.556610279241056 ], [ 134.317151660221043, 33.556125559047359 ], [ 134.317171946228427, 33.555838053883122 ], [ 134.319257497435615, 33.555900000084989 ], [ 134.319816108626583, 33.555471667383586 ], [ 134.319849727982614, 33.554981386681675 ], [ 134.315920271603318, 33.55387082917548 ], [ 134.316135551314687, 33.55332972059017 ], [ 134.315603891006845, 33.552506946138692 ], [ 134.316142217989068, 33.551446945819919 ], [ 134.315772218013535, 33.551012774719823 ], [ 134.314150000222412, 33.550385279057423 ], [ 134.313578884857748, 33.549457224571313 ], [ 134.313686394311731, 33.549045559005378 ], [ 134.314646471857259, 33.548761251830342 ], [ 134.315407523138788, 33.548117440667397 ], [ 134.31535555131768, 33.547260829223944 ], [ 134.314870830224663, 33.54623305431204 ], [ 134.313706666829262, 33.545534162371723 ], [ 134.311593891345069, 33.545641107950814 ], [ 134.310981659875779, 33.546114720617936 ], [ 134.309548611779064, 33.546114440928761 ], [ 134.307825837192695, 33.546864161651797 ], [ 134.307603890806945, 33.547247494975977 ], [ 134.307778885387279, 33.548622775121032 ], [ 134.308586393847008, 33.549310558635398 ], [ 134.308440000405767, 33.549809161663518 ], [ 134.307770830159711, 33.550207224983524 ], [ 134.306291946316378, 33.549986945940873 ], [ 134.305724993913373, 33.548644721276901 ], [ 134.30520499421516, 33.549063891685307 ], [ 134.305529170135173, 33.55021027908117 ], [ 134.304781659945661, 33.552516387221544 ], [ 134.306634993610146, 33.552992224811362 ], [ 134.306844994301059, 33.553411108336036 ], [ 134.306461946061972, 33.553824441245013 ], [ 134.303694448839792, 33.55390722473868 ], [ 134.300815550797097, 33.555225828709069 ], [ 134.299950557672219, 33.554512224759435 ], [ 134.300148326683939, 33.553829721164732 ], [ 134.296355551067904, 33.553110829201444 ], [ 134.296923606039627, 33.556508054203391 ], [ 134.295675551185809, 33.557728332596525 ], [ 134.289584720858215, 33.55820916232301 ], [ 134.288596393808575, 33.559408892106717 ], [ 134.287237496613216, 33.55979638659403 ], [ 134.284902218062939, 33.559600278630001 ], [ 134.283147781944649, 33.559827495042896 ], [ 134.282690557623255, 33.560561946176904 ], [ 134.281714721257458, 33.561021945806203 ], [ 134.280516109331074, 33.56045333325477 ], [ 134.27925610878242, 33.560422224805905 ], [ 134.27850221790311, 33.559481107667011 ], [ 134.27358499385241, 33.560572225427904 ], [ 134.273140000310832, 33.559486107897612 ], [ 134.270749169738451, 33.557441386810581 ], [ 134.270845836965918, 33.555697225446636 ], [ 134.270403606141599, 33.554895828779536 ], [ 134.267241659974729, 33.55601055914002 ], [ 134.262904720776305, 33.556417774860449 ], [ 134.262277224214586, 33.556734161752217 ], [ 134.260949727747857, 33.554858891824438 ], [ 134.258206109324533, 33.553273054308079 ], [ 134.257256667161528, 33.553434720935684 ], [ 134.252034993819962, 33.552815278702212 ], [ 134.250586393747085, 33.55312499981892 ], [ 134.249516667260423, 33.552882494931225 ], [ 134.249178612103378, 33.55289944085655 ], [ 134.248808612127846, 33.553734721280421 ], [ 134.246288326844819, 33.554275828966411 ], [ 134.244417496870028, 33.555557225285781 ], [ 134.241506394104817, 33.55605500003827 ], [ 134.240352217680766, 33.553638332842866 ], [ 134.238507496823559, 33.552920829432765 ], [ 134.23775555117777, 33.552049162438948 ], [ 134.23767693873981, 33.553228054031536 ], [ 134.237353332989983, 33.553675000001306 ], [ 134.232230558093875, 33.555652225170093 ], [ 134.229537781943122, 33.557907775223725 ], [ 134.228751387766351, 33.559357494952508 ], [ 134.228943606162602, 33.559965558963427 ], [ 134.228716394246248, 33.561012494830834 ], [ 134.227037781768331, 33.562763053971821 ], [ 134.224554993718016, 33.56326082872431 ], [ 134.223584448963265, 33.564469162322041 ], [ 134.222439170431471, 33.564623054310573 ], [ 134.220839441986755, 33.566504999905874 ], [ 134.21847888529237, 33.567610828776765 ], [ 134.211703606136552, 33.566958892239143 ], [ 134.210680829656667, 33.565897224577327 ], [ 134.207175278616319, 33.565494161926097 ], [ 134.206711660115047, 33.565025559382093 ], [ 134.203984162938809, 33.563948891927851 ], [ 134.202270557840052, 33.562476666664907 ], [ 134.201125279308258, 33.562059440590758 ], [ 134.199464449125117, 33.56198610807246 ], [ 134.197610830375538, 33.561216945805484 ], [ 134.195679170257563, 33.560814161944052 ], [ 134.193169999695783, 33.561627224616757 ], [ 134.19323138831794, 33.562806108115467 ], [ 134.193782217675221, 33.56364833310414 ], [ 134.19399194587163, 33.565039721006372 ], [ 134.195285551387201, 33.565808612577484 ], [ 134.195495551178851, 33.566321387122343 ], [ 134.195443061348215, 33.568459721339138 ], [ 134.193834449400356, 33.570693333330723 ], [ 134.192470829864988, 33.573981666620682 ], [ 134.191299442215495, 33.574676945984322 ], [ 134.189314993692051, 33.574618613258451 ], [ 134.188414448567983, 33.575570559134064 ], [ 134.187767496972469, 33.575768332642497 ], [ 134.186911114856116, 33.579048892192645 ], [ 134.188431945777779, 33.580857775066306 ], [ 134.188598054156955, 33.581473054338062 ], [ 134.185748327423426, 33.585149161804452 ], [ 134.185315837156168, 33.586704161567866 ], [ 134.184771387589535, 33.587486387386946 ], [ 134.184719170253516, 33.588685829387543 ], [ 134.182314721247508, 33.59059944101142 ], [ 134.181371114785179, 33.590987774566202 ], [ 134.17877916972293, 33.594147494910999 ], [ 134.176270000060526, 33.593947224884573 ], [ 134.170524720739309, 33.597085278762677 ], [ 134.171670557750076, 33.59884527898646 ], [ 134.171730557819046, 33.599678332688939 ], [ 134.171513606267922, 33.600169721355599 ], [ 134.170299999945087, 33.600702225227565 ], [ 134.170239999876117, 33.602114999907371 ], [ 134.172974162827472, 33.604488891748986 ], [ 134.173288611680164, 33.605240558604919 ], [ 134.175813060824112, 33.60681249530046 ], [ 134.175932775876959, 33.607326108013524 ], [ 134.175116393806547, 33.607639440807588 ], [ 134.174442503019122, 33.608469161622565 ], [ 134.173618327423924, 33.608594440780848 ], [ 134.172524721238915, 33.60960305383793 ], [ 134.169648326908828, 33.609681107796916 ], [ 134.168097782386781, 33.610536107655321 ], [ 134.166674448766912, 33.61077416179819 ], [ 134.164577224359505, 33.610517224590296 ], [ 134.1622027758375, 33.61213944058278 ], [ 134.160614448997649, 33.612812774689871 ], [ 134.15889194600652, 33.611773054083244 ], [ 134.1559555507082, 33.611788613253964 ], [ 134.153371388378901, 33.614983053724984 ], [ 134.152105278735689, 33.617200558858769 ], [ 134.152270000360318, 33.618500278864815 ], [ 134.154269999960547, 33.62144722500949 ], [ 134.154330000029518, 33.622286666596437 ], [ 134.15488416317362, 33.623179440678712 ], [ 134.153865550554769, 33.624015278682236 ], [ 134.15270472094619, 33.625835278974989 ], [ 134.150974162727493, 33.626790278948249 ], [ 134.149251388141124, 33.627140829285906 ], [ 134.150224994188193, 33.630551667325619 ], [ 134.151251387741468, 33.631218612648922 ], [ 134.156210000391297, 33.633426666807281 ], [ 134.158412503034697, 33.632646666810274 ], [ 134.161506108819935, 33.635026945637094 ], [ 134.163985278897599, 33.635446667329859 ], [ 134.165064163180659, 33.63624527879665 ], [ 134.16534138819452, 33.637072225203099 ], [ 134.16698194586013, 33.638158892219167 ], [ 134.167550830006917, 33.639283053769987 ], [ 134.170547496969448, 33.641958053921087 ], [ 134.172427497331228, 33.642947495230771 ], [ 134.174824721183995, 33.643291946366276 ], [ 134.176614720992688, 33.644773612712129 ], [ 134.178637496823058, 33.644566667018125 ], [ 134.179191945951629, 33.64568500006277 ], [ 134.180464993864462, 33.646736946053295 ], [ 134.184173333032959, 33.649023332960496 ], [ 134.183124449234015, 33.650642494855333 ], [ 134.181641114645799, 33.651234162426704 ], [ 134.178772217963569, 33.653442224678997 ], [ 134.176368054042541, 33.653476666914685 ], [ 134.173536393789618, 33.656104162177371 ], [ 134.17131194588967, 33.657503892190903 ], [ 134.173461946111956, 33.659771387039939 ], [ 134.174420830257191, 33.660172224768417 ], [ 134.175349728307424, 33.661593891944619 ], [ 134.174016109256058, 33.662270558939213 ], [ 134.171589441599508, 33.665295828839476 ], [ 134.170181114966567, 33.668013892127476 ], [ 134.170061388222507, 33.669266946312575 ], [ 134.168964720745294, 33.670768332992225 ], [ 134.169868053767686, 33.672113892342281 ], [ 134.171752503075595, 33.673310828831745 ], [ 134.172641387590033, 33.675083891708312 ], [ 134.174049441728471, 33.675279999672284 ], [ 134.175806109064752, 33.676286946285586 ], [ 134.175464721020148, 33.677216386626981 ], [ 134.175478885342386, 33.678668891556129 ], [ 134.174796109253066, 33.679628053591841 ], [ 134.174782218324822, 33.683991108203145 ], [ 134.174426666857244, 33.684409999821696 ], [ 134.171312218384287, 33.685820558571947 ], [ 134.167763606005678, 33.686278053589376 ], [ 134.163845278736744, 33.68812389230385 ], [ 134.163493061055988, 33.689415279191849 ], [ 134.164441659654926, 33.691126946251643 ], [ 134.163589728283341, 33.693374162287796 ], [ 134.163656394127315, 33.69488166705537 ], [ 134.162618611559765, 33.696525278818626 ], [ 134.16653917004669, 33.697738612646901 ], [ 134.168043332933507, 33.698890279063164 ], [ 134.170414993557188, 33.699165828640105 ], [ 134.173104994400092, 33.702081386646739 ], [ 134.174024162684987, 33.703564161856661 ], [ 134.176610272046446, 33.703861108103695 ], [ 134.179508054053485, 33.705663053607111 ], [ 134.18173861194748, 33.706436946308088 ], [ 134.183272776217677, 33.707442775064067 ], [ 134.186340829565665, 33.707798613415321 ], [ 134.188941945914166, 33.709436386779885 ], [ 134.190276109055276, 33.710813613057837 ], [ 134.193603332627731, 33.710949999742752 ], [ 134.19581194616444, 33.711696107889111 ], [ 134.198294720724789, 33.71311694589042 ], [ 134.200421114642836, 33.715549720843001 ], [ 134.201651388101141, 33.716308054373258 ], [ 134.204126666812272, 33.716667224712694 ], [ 134.205290000133459, 33.716534161922084 ], [ 134.207750271857662, 33.717592494897758 ], [ 134.209491945696755, 33.718926667032122 ], [ 134.209780830421096, 33.720777495185303 ], [ 134.211055837057302, 33.721702775262941 ], [ 134.212934993854901, 33.721547224924564 ], [ 134.214780558276175, 33.721870279389918 ], [ 134.216095278973967, 33.721549721442557 ], [ 134.218301946377778, 33.722065828874975 ], [ 134.220192776375598, 33.721785558756608 ], [ 134.223003060642782, 33.722391387052937 ], [ 134.224605836889964, 33.72109722485709 ], [ 134.227771660034136, 33.721764440876314 ], [ 134.230164720925245, 33.721446386641503 ], [ 134.234098326776461, 33.719178891792467 ], [ 134.234668053587825, 33.719329720690098 ], [ 134.235339728445751, 33.720178332663977 ], [ 134.236711115425692, 33.719888332780386 ], [ 134.237467224033253, 33.72004389211196 ], [ 134.24292472119896, 33.722537775098317 ], [ 134.24526666732288, 33.722978612872737 ], [ 134.247072503293452, 33.723999161731967 ], [ 134.248373890642597, 33.723103332652727 ], [ 134.248700557684629, 33.721051945790691 ], [ 134.25015722377691, 33.719967775292673 ], [ 134.253144448757325, 33.71897555867514 ], [ 134.256711388419944, 33.718819440864536 ], [ 134.258594720769793, 33.720461108293591 ], [ 134.262881660360449, 33.720577774644653 ], [ 134.26494832670403, 33.721425278653726 ], [ 134.266118611784577, 33.723947775369595 ], [ 134.268421946415742, 33.724630558653416 ], [ 134.269522218375755, 33.726347225044435 ], [ 134.270862503202011, 33.727439720566679 ], [ 134.275412502585027, 33.728446107801688 ], [ 134.276186109301534, 33.728089441174802 ], [ 134.277419728237987, 33.72920416164277 ], [ 134.281866393719156, 33.731021386627731 ], [ 134.282896666947636, 33.730678333038668 ], [ 134.284273332948032, 33.728574162267819 ], [ 134.286070000330369, 33.727701666998371 ], [ 134.288093606234952, 33.727470559219 ], [ 134.291980557956435, 33.729304441446857 ], [ 134.293147224165182, 33.729555278553335 ], [ 134.294603891156726, 33.730511107701489 ], [ 134.300257782270933, 33.731503613001394 ], [ 134.300971114625327, 33.731280558650894 ], [ 134.303811387685414, 33.73162055904163 ], [ 134.305401114769666, 33.732242225298535 ], [ 134.308054720948689, 33.731857495327176 ], [ 134.309134993785051, 33.730982224749937 ], [ 134.310254720778858, 33.730798333176608 ], [ 134.313014993747061, 33.732002494819312 ], [ 134.31406832739151, 33.731456108112923 ], [ 134.31625527895801, 33.731294440585998 ], [ 134.320188612314723, 33.732531946392271 ], [ 134.321065278639708, 33.731971666958941 ], [ 134.321412218199384, 33.731564999824911 ] ] ] ] } },
{ "type": "Feature", "properties": { "regioncode": "3648900", "regionname": "徳島県東みよし町", "name": "東みよし町", "namekana": "ひがしみよしちょう", "PrefCode": "36" }, "geometry": { "type": "Polygon", "coordinates": [ [ [ 133.894430830018905, 34.107340279430389 ], [ 133.897048611704122, 34.103988613184015 ], [ 133.899501387578994, 34.102161946216881 ], [ 133.901339273588633, 34.100065333348482 ], [ 133.903093606284983, 34.100070559308904 ], [ 133.901378326648569, 34.099263891715282 ], [ 133.898871388204043, 34.096794999989299 ], [ 133.900104162677053, 34.094136107595318 ], [ 133.900544994156235, 34.092112775084559 ], [ 133.901438885196512, 34.090888892208682 ], [ 133.901592217806638, 34.089794161871112 ], [ 133.903468054307268, 34.088148333279037 ], [ 133.903365551379125, 34.086635000005288 ], [ 133.904416667295436, 34.0855219459811 ], [ 133.906064449215023, 34.084912774904694 ], [ 133.907693891260124, 34.083606387324949 ], [ 133.907794162970276, 34.082578053934071 ], [ 133.908934720960701, 34.081576387240546 ], [ 133.909809169557548, 34.081289999933574 ], [ 133.912206394309692, 34.079548053599865 ], [ 133.912676109315044, 34.076744441402923 ], [ 133.913307782328388, 34.075619440784635 ], [ 133.914789999958543, 34.074450000167417 ], [ 133.917065550934467, 34.073354721243447 ], [ 133.919665278729667, 34.069877774939414 ], [ 133.921317497004907, 34.068317495256281 ], [ 133.921889728428255, 34.067264441300949 ], [ 133.922013890628591, 34.066070000430216 ], [ 133.923403890876898, 34.064562224966778 ], [ 133.923968884556416, 34.062716945630598 ], [ 133.923476109135208, 34.059136386634975 ], [ 133.923686394011952, 34.057276387195543 ], [ 133.924136939068603, 34.054966107999519 ], [ 133.925002218177838, 34.053245829031823 ], [ 133.924587496715617, 34.052278332978744 ], [ 133.923638053653349, 34.051495558573208 ], [ 133.923618612109294, 34.05004416160881 ], [ 133.929549999832716, 34.049949161724498 ], [ 133.935051388410898, 34.048737774928441 ], [ 133.94845250278081, 34.043098054431709 ], [ 133.952424721024158, 34.042172775253448 ], [ 133.959509727591922, 34.041121946220869 ], [ 133.962695279163881, 34.039473053638574 ], [ 133.969125837387537, 34.037350278592555 ], [ 133.970480272146915, 34.037620559041613 ], [ 133.978375550791156, 34.040844440618514 ], [ 133.980636394254248, 34.041322774726325 ], [ 133.982838054232843, 34.041229441285736 ], [ 133.987002775957421, 34.040288891619127 ], [ 133.995254448733931, 34.036532495378424 ], [ 133.997343061233323, 34.036515559345617 ], [ 133.999396109143163, 34.0371772247492 ], [ 134.000476667064618, 34.036496107909102 ], [ 133.998994162550616, 34.035959720764538 ], [ 133.998969170390978, 34.035155000203133 ], [ 134.001278327233081, 34.032862774897183 ], [ 134.001754163024316, 34.03124138718033 ], [ 134.002790830432559, 34.030481387206294 ], [ 134.002976108760436, 34.02822582905884 ], [ 134.003888053690844, 34.02725444073991 ], [ 134.003893061115946, 34.026112495095617 ], [ 134.003301945728253, 34.025519161979787 ], [ 134.003171660044131, 34.024653333384663 ], [ 134.002625551228221, 34.023999162031771 ], [ 134.002229999714814, 34.018663053557134 ], [ 134.000656938866655, 34.016374721416298 ], [ 134.000616938820713, 34.014403613436059 ], [ 134.001152775580181, 34.0134972254167 ], [ 134.000747223605572, 34.011404440962224 ], [ 133.999249442307928, 34.011030558613413 ], [ 133.998698612051385, 34.010542775328872 ], [ 133.998913890863491, 34.007092225026213 ], [ 133.998117497124895, 34.006267495448583 ], [ 133.99804221757438, 34.005413892237414 ], [ 133.998167496732663, 34.004438332862833 ], [ 133.999008611957947, 34.002926387243008 ], [ 134.001543605652955, 34.001636108319815 ], [ 134.002195551183831, 34.000893333060901 ], [ 134.001471945873618, 33.998928891754986 ], [ 134.001770271680812, 33.998413892287374 ], [ 134.00100221827779, 33.997431387448614 ], [ 134.001726108673097, 33.996154720663867 ], [ 134.001654162909404, 33.992405829265635 ], [ 134.00193027186458, 33.990970279255009 ], [ 134.001687223786462, 33.990487224605772 ], [ 134.000389441819379, 33.990432224767403 ], [ 134.00087555056632, 33.989454721058564 ], [ 134.00080916980744, 33.988849721037866 ], [ 133.998655279117884, 33.987908891682082 ], [ 133.997926108802972, 33.985597224832134 ], [ 133.997909441667503, 33.983467495328682 ], [ 133.997605550855496, 33.982915279216797 ], [ 133.996109442296984, 33.982265278919556 ], [ 133.995645837285679, 33.978620000212914 ], [ 133.994188326729954, 33.976747775389583 ], [ 133.992863333076457, 33.976464999759969 ], [ 133.988888326934784, 33.973609440922985 ], [ 133.985120271883147, 33.973426945996835 ], [ 133.984250829812026, 33.973123612764596 ], [ 133.983844993651587, 33.972220000053028 ], [ 133.983025278693731, 33.971761108388478 ], [ 133.982155550638254, 33.970623332900573 ], [ 133.981489170089162, 33.968614721392328 ], [ 133.978988612334661, 33.967347224994512 ], [ 133.978053061099899, 33.966212494611 ], [ 133.977456939186482, 33.964691946076528 ], [ 133.974252502750915, 33.960677775359102 ], [ 133.972229170240098, 33.960242224698959 ], [ 133.96812444858449, 33.960657775336131 ], [ 133.965496667337447, 33.961836387239543 ], [ 133.964533333346708, 33.961480558780806 ], [ 133.962503333262248, 33.961692225016236 ], [ 133.96042389114973, 33.960879999612359 ], [ 133.959055551072879, 33.960982775035063 ], [ 133.958862775996408, 33.961659441130337 ], [ 133.957924162570066, 33.96215722487608 ], [ 133.957514163447968, 33.963494441215516 ], [ 133.956126109332558, 33.963913892212418 ], [ 133.954451388221059, 33.963891107888344 ], [ 133.954481115311296, 33.965109162258102 ], [ 133.954970271860589, 33.966209441412616 ], [ 133.954574993741062, 33.967595829084303 ], [ 133.955029170260104, 33.968498892310095 ], [ 133.955345279261337, 33.97086222521159 ], [ 133.95173444908562, 33.971744720942183 ], [ 133.950410272016484, 33.972875828856445 ], [ 133.950346108985855, 33.974052775215455 ], [ 133.949452217945577, 33.97448444080436 ], [ 133.946671114880132, 33.974799162151669 ], [ 133.944680272176925, 33.975780279336448 ], [ 133.942729169615518, 33.974700278994703 ], [ 133.941198054047049, 33.974809161713495 ], [ 133.940397782431774, 33.974385278857596 ], [ 133.939508611932979, 33.974745279271247 ], [ 133.938031659833314, 33.974564440896302 ], [ 133.937102217693223, 33.973487224855603 ], [ 133.935260272143864, 33.974180828782266 ], [ 133.933666667183047, 33.975201107844896 ], [ 133.931010829786032, 33.974599721300137 ], [ 133.928886108607117, 33.973716667090571 ], [ 133.927776938754732, 33.974439161737962 ], [ 133.924851114987064, 33.974490828688829 ], [ 133.923673060663305, 33.974849441448612 ], [ 133.921222775910451, 33.974644162198388 ], [ 133.919136938718793, 33.976722224750915 ], [ 133.918070000130456, 33.976921946190942 ], [ 133.917989169964244, 33.979489161695483 ], [ 133.918458327389999, 33.981638892121225 ], [ 133.918465836729069, 33.983763053921848 ], [ 133.917655837147208, 33.98738138714134 ], [ 133.916845836666084, 33.988260828774287 ], [ 133.91746639405892, 33.990196107764234 ], [ 133.917420829907428, 33.993083613218232 ], [ 133.916671387974247, 33.993531107774459 ], [ 133.916489727618909, 33.994176946009304 ], [ 133.9142569394063, 33.994958892139209 ], [ 133.913870829875009, 33.997587495366645 ], [ 133.912901660183479, 33.997874441152589 ], [ 133.913265278569838, 33.998674999651541 ], [ 133.912053890874404, 34.000273053558601 ], [ 133.911970557894961, 34.002466946092738 ], [ 133.910918326819342, 34.002208333447868 ], [ 133.909313891323109, 34.002372224998226 ], [ 133.908098612261256, 34.00392916190134 ], [ 133.907791387662428, 34.004909720607145 ], [ 133.906215836591628, 34.005059440640707 ], [ 133.906008612107826, 34.006440278596017 ], [ 133.906289170009245, 34.00774861320798 ], [ 133.906195278989003, 34.009615559010911 ], [ 133.905146939279916, 34.011826946056772 ], [ 133.903357497050933, 34.013693613069847 ], [ 133.901948611938906, 34.014121387292221 ], [ 133.901774994220659, 34.015893891689814 ], [ 133.900353060845191, 34.019260558627934 ], [ 133.898803606301499, 34.020063333056441 ], [ 133.897975551030868, 34.021399721120304 ], [ 133.896293060676271, 34.022552494601996 ], [ 133.895051114917123, 34.024430558723338 ], [ 133.89457693927443, 34.025364162026506 ], [ 133.894256393917544, 34.027275278931029 ], [ 133.895157781706303, 34.029280829147012 ], [ 133.895144449257032, 34.030867225142401 ], [ 133.893822218320793, 34.031797775247185 ], [ 133.893067497367156, 34.032831386759142 ], [ 133.893394162610548, 34.033081945975084 ], [ 133.893861114898641, 34.034997494738661 ], [ 133.891252502700922, 34.035298333251546 ], [ 133.886190557947998, 34.032761945607376 ], [ 133.881449170243059, 34.031482495420903 ], [ 133.879215837041329, 34.031977774554719 ], [ 133.877788053575841, 34.033436107990042 ], [ 133.875362217792144, 34.03409138730774 ], [ 133.866417496870099, 34.034204999561155 ], [ 133.857280271567333, 34.036347774630144 ], [ 133.855589170204098, 34.036160278574073 ], [ 133.852206393710162, 34.034743054048761 ], [ 133.853871660248956, 34.036912225119124 ], [ 133.853108327387417, 34.040515278857072 ], [ 133.853829169980258, 34.04317916158908 ], [ 133.853842749743194, 34.045287414382699 ], [ 133.852591309841159, 34.045768828668542 ], [ 133.852647587616161, 34.046257027439935 ], [ 133.850958391916265, 34.046642162106139 ], [ 133.850724694988799, 34.047683387278539 ], [ 133.850947588360555, 34.048413359788753 ], [ 133.849908392058751, 34.048950801838089 ], [ 133.849011439726269, 34.049078440817425 ], [ 133.84840180280105, 34.048811972594535 ], [ 133.844985615593714, 34.049152278754718 ], [ 133.845181854858765, 34.05049802696243 ], [ 133.844770972602419, 34.051180946043871 ], [ 133.845686718966931, 34.052786531773052 ], [ 133.845651828868881, 34.053256801660098 ], [ 133.845117419333519, 34.053509828615745 ], [ 133.843390635569449, 34.053028414329901 ], [ 133.844010972628325, 34.053650891775305 ], [ 133.844075421643424, 34.054190494895465 ], [ 133.842686978121606, 34.054853413953936 ], [ 133.843830999401121, 34.055182558628246 ], [ 133.843532918209689, 34.055818468347695 ], [ 133.841908170625629, 34.055977467586104 ], [ 133.83845983085655, 34.054942972939898 ], [ 133.838924449403862, 34.055480360130559 ], [ 133.838908327257514, 34.055952828860029 ], [ 133.838384162798889, 34.056814999912376 ], [ 133.838182775814516, 34.05815999988414 ], [ 133.8370163937916, 34.058627495362657 ], [ 133.836518054264843, 34.05931972062865 ], [ 133.835527224401972, 34.059460828754311 ], [ 133.835198612126305, 34.060173054043275 ], [ 133.83369861220126, 34.060120000337804 ], [ 133.832914163258124, 34.060920558836756 ], [ 133.832346939259878, 34.064166386569525 ], [ 133.830194993803957, 34.066353892118457 ], [ 133.82927250342334, 34.068382775244913 ], [ 133.826951114902045, 34.069648332704446 ], [ 133.826060557648702, 34.071505000155696 ], [ 133.823717782349831, 34.07236472055547 ], [ 133.823071114940035, 34.073193891884671 ], [ 133.822838053833152, 34.074102774623384 ], [ 133.820150000022522, 34.074020278912769 ], [ 133.819063890586108, 34.075032775242448 ], [ 133.819089169629592, 34.07749555877308 ], [ 133.818533332847096, 34.079702495074116 ], [ 133.820107782248442, 34.080743053848892 ], [ 133.819956393972461, 34.081989999838697 ], [ 133.822693060636311, 34.084470278780373 ], [ 133.823577223710004, 34.086092494772856 ], [ 133.82266194589215, 34.087732775447307 ], [ 133.822891659722359, 34.088915829102291 ], [ 133.821951114552348, 34.090262224821856 ], [ 133.821770557665218, 34.091708612562456 ], [ 133.822935278640216, 34.093036946298071 ], [ 133.826018884863743, 34.094429161576613 ], [ 133.827790272303332, 34.094583891733294 ], [ 133.828528327020763, 34.095093333390651 ], [ 133.831032217662823, 34.095703053952832 ], [ 133.83315917005973, 34.09737694588938 ], [ 133.834132502712919, 34.097740828676365 ], [ 133.836680272176864, 34.096803891586376 ], [ 133.838336666903729, 34.095211945874667 ], [ 133.842153061414706, 34.094966386889269 ], [ 133.843558054260825, 34.095976107911099 ], [ 133.845307782428335, 34.096367494664207 ], [ 133.846401115219351, 34.097523054245585 ], [ 133.849490272058461, 34.099151387426616 ], [ 133.850190271963584, 34.099151387426616 ], [ 133.851595279198818, 34.101535000040258 ], [ 133.854837497052927, 34.104164721125017 ], [ 133.85853917044642, 34.10527444136244 ], [ 133.860452503280499, 34.104628891809966 ], [ 133.862721660076659, 34.105374721166527 ], [ 133.864329170354949, 34.104610559130037 ], [ 133.865220271698263, 34.103900828560427 ], [ 133.865646667259966, 34.101926667381861 ], [ 133.866559442264474, 34.100461946062012 ], [ 133.867084449387903, 34.100152775330344 ], [ 133.870583891333581, 34.101426387118124 ], [ 133.872355278773171, 34.101062495337942 ], [ 133.873915278767186, 34.101138053678312 ], [ 133.874663333046442, 34.101626387347949 ], [ 133.876601388243557, 34.10209499978447 ], [ 133.87697138821909, 34.102924440910272 ], [ 133.878117496825098, 34.103473054338053 ], [ 133.880120000137936, 34.104088613298927 ], [ 133.884904994170256, 34.104630559153009 ], [ 133.885982775884486, 34.105607495389677 ], [ 133.888198054296822, 34.105834999585625 ], [ 133.888938054247888, 34.10677833265396 ], [ 133.889569442176025, 34.107025828779001 ], [ 133.890896108568654, 34.106871945783723 ], [ 133.891921660356388, 34.107239999626358 ], [ 133.892854721368394, 34.108196945732516 ], [ 133.894269728165455, 34.107494162425724 ], [ 133.894430830018905, 34.107340279430389 ] ] ] } },
{ "type": "Feature", "properties": { "regioncode": "3620701", "regionname": "気象庁予報警報規程別表第四の二に示す「美馬市脇・美馬・穴吹」の区域", "name": "美馬市脇・美馬・穴吹", "namekana": "みましわき・みま・あなぶき", "PrefCode": "36" }, "geometry": { "type": "Polygon", "coordinates": [ [ [ 134.173678054099014, 34.175929721079797 ], [ 134.173775551400695, 34.175253612564234 ], [ 134.174578885207438, 34.175430278984265 ], [ 134.175630000224373, 34.174943332968496 ], [ 134.176260272093941, 34.17523555867416 ], [ 134.176680830156215, 34.176179441228271 ], [ 134.177416393751628, 34.176185829112796 ], [ 134.178309442127102, 34.174669162052226 ], [ 134.179398054376747, 34.175789720918942 ], [ 134.17968333281965, 34.174559441165343 ], [ 134.18063666724845, 34.174346666965164 ], [ 134.181597496627205, 34.17466333264673 ], [ 134.182483060844675, 34.17395666696666 ], [ 134.184937781953181, 34.17438916173046 ], [ 134.185748611609256, 34.173895828729542 ], [ 134.186416939190508, 34.17238555944607 ], [ 134.187204721021089, 34.172866945852945 ], [ 134.187963060846641, 34.172605000320573 ], [ 134.188495837213168, 34.173049440779096 ], [ 134.189066394098859, 34.173067775257664 ], [ 134.190499999775284, 34.172921666901459 ], [ 134.191416108566614, 34.172403892125999 ], [ 134.193630271819643, 34.172568333162076 ], [ 134.194861387942751, 34.171868333257009 ], [ 134.196693061435667, 34.172678332838814 ], [ 134.197090829778062, 34.173579720627629 ], [ 134.197916393926448, 34.174030558863251 ], [ 134.198291946316317, 34.175351946235367 ], [ 134.198704720746377, 34.175546667444792 ], [ 134.200881946144932, 34.174730828564918 ], [ 134.201369441646534, 34.173841945849176 ], [ 134.203509169812378, 34.173257495337168 ], [ 134.204432502857799, 34.172648612943192 ], [ 134.205108053793765, 34.172819162174619 ], [ 134.205340829815555, 34.173349162334034 ], [ 134.208726394207815, 34.174725559437093 ], [ 134.208933891186234, 34.174046386931252 ], [ 134.209582217845195, 34.173477775279139 ], [ 134.209237781998127, 34.172994440940727 ], [ 134.212695278664228, 34.171298333051709 ], [ 134.214361115373208, 34.169432774902702 ], [ 134.215942217959082, 34.16858166731015 ], [ 134.217612502714928, 34.166523333185353 ], [ 134.219669999570897, 34.165494161626327 ], [ 134.220078326853354, 34.165007224603812 ], [ 134.220901388188622, 34.163750000262382 ], [ 134.220507224329026, 34.162461946261885 ], [ 134.221693890560687, 34.158628333330967 ], [ 134.221886108956824, 34.157173332783145 ], [ 134.221320271713239, 34.154750278602535 ], [ 134.218062217697252, 34.152029162116207 ], [ 134.217180829931408, 34.151633892090501 ], [ 134.218254448683979, 34.146058613414311 ], [ 134.21765805427583, 34.141835558963919 ], [ 134.217311659705388, 34.141373891991577 ], [ 134.217458885019596, 34.14037805380417 ], [ 134.215600272334768, 34.1376150001322 ], [ 134.213648884688382, 34.136290829358359 ], [ 134.212881114571815, 34.134808054148436 ], [ 134.211121660236472, 34.133330828654891 ], [ 134.211701388408414, 34.130991108353044 ], [ 134.211714994251679, 34.129349440923988 ], [ 134.21154360595267, 34.128748891648058 ], [ 134.210645278556854, 34.127994721079574 ], [ 134.210731115248791, 34.123793891574906 ], [ 134.210261115158346, 34.122622494932273 ], [ 134.210192503181588, 34.121098054131949 ], [ 134.208937496568296, 34.118746945715031 ], [ 134.208519169724013, 34.117272775218453 ], [ 134.209290830307623, 34.116326945632068 ], [ 134.20920165982875, 34.11540305410773 ], [ 134.206324162929832, 34.112823892009033 ], [ 134.205356939371313, 34.112345279111366 ], [ 134.204386667111066, 34.110172224768405 ], [ 134.203248054354276, 34.109421108297568 ], [ 134.202757496661206, 34.108600279079667 ], [ 134.201238054292844, 34.107963053652043 ], [ 134.200343060683736, 34.10714499974199 ], [ 134.199156393552812, 34.107200558958652 ], [ 134.198450000367302, 34.106730279179089 ], [ 134.196831114564361, 34.102943332968493 ], [ 134.196248326898854, 34.100918054324779 ], [ 134.19630306143722, 34.09938527860777 ], [ 134.193274993746058, 34.097688053760749 ], [ 134.192541387974757, 34.096828333360975 ], [ 134.191169727600936, 34.093678892267121 ], [ 134.188402217788166, 34.093239441247249 ], [ 134.186385551052354, 34.09215444067496 ], [ 134.184811660130094, 34.090421108047735 ], [ 134.182959727609386, 34.090106667288921 ], [ 134.18212306133023, 34.088529440781144 ], [ 134.180068884771231, 34.087263332936516 ], [ 134.179342775748523, 34.085693891859648 ], [ 134.178790271853586, 34.082176108240844 ], [ 134.181219442323481, 34.075317495206264 ], [ 134.180876939119457, 34.073839721126262 ], [ 134.181788053975538, 34.072715278987005 ], [ 134.181928054136506, 34.071768333341936 ], [ 134.183656393727688, 34.070947225334237 ], [ 134.184832217732719, 34.069608053868649 ], [ 134.186334721370372, 34.06351389155293 ], [ 134.188405279080484, 34.062121386692695 ], [ 134.189176393775597, 34.060305829050833 ], [ 134.191301945928103, 34.058423892448729 ], [ 134.192446666880187, 34.05675027930198 ], [ 134.192197497116808, 34.054963332691727 ], [ 134.189897782256935, 34.052187774846004 ], [ 134.189558054360759, 34.051034999565616 ], [ 134.189635836724506, 34.049266945912848 ], [ 134.190110829850937, 34.048805829325602 ], [ 134.191597782411804, 34.048837224658257 ], [ 134.192283061314242, 34.047612224824377 ], [ 134.193591115337767, 34.047220559281413 ], [ 134.1941597278892, 34.045534441061648 ], [ 134.194922775665646, 34.045092495322478 ], [ 134.195086108736973, 34.04433444058202 ], [ 134.196744448697359, 34.044031666728074 ], [ 134.198284721162963, 34.042582494686428 ], [ 134.197748885302872, 34.041884440914259 ], [ 134.198418612229261, 34.039989721348604 ], [ 134.198324993703523, 34.038536945723536 ], [ 134.197274162872418, 34.036440558584957 ], [ 134.198434163306047, 34.035588054345283 ], [ 134.198761115433172, 34.034413332909025 ], [ 134.198652218325265, 34.03378194588015 ], [ 134.197772503298438, 34.033295559242731 ], [ 134.198076109025237, 34.031211386696214 ], [ 134.197725836578115, 34.03052333338519 ], [ 134.197842502929234, 34.029733612616155 ], [ 134.182706938974093, 34.0160294411059 ], [ 134.185338611587667, 34.01539777528717 ], [ 134.186592217956559, 34.014128613344894 ], [ 134.18927832743293, 34.012839999966104 ], [ 134.189340557820515, 34.011179161689029 ], [ 134.186880271707196, 34.006979441048429 ], [ 134.186818053910088, 34.00636055909257 ], [ 134.187869169826399, 34.005930828844726 ], [ 134.1904569393364, 34.003242224649 ], [ 134.192721945761264, 34.00276249479333 ], [ 134.197204449225978, 33.999985828982858 ], [ 134.197837782387865, 33.999169721205703 ], [ 134.198144994395989, 33.99521166728465 ], [ 134.199591388431941, 33.993483612778562 ], [ 134.198855278948031, 33.992998054416717 ], [ 134.198573890972398, 33.991963054351515 ], [ 134.195363412891311, 33.988883461802345 ], [ 134.193364175916031, 33.988272747489361 ], [ 134.190416185658478, 33.98822066235374 ], [ 134.188898396244099, 33.986593745604921 ], [ 134.18767335594066, 33.986099946755189 ], [ 134.18715655153369, 33.983980918284828 ], [ 134.185829376124843, 33.982989743981534 ], [ 134.184426144151303, 33.980180598256084 ], [ 134.183340256847487, 33.978630198524911 ], [ 134.182072129125572, 33.977647548895334 ], [ 134.181681342220259, 33.976745947067855 ], [ 134.181762907132565, 33.975234414236866 ], [ 134.182349623036771, 33.974309157541654 ], [ 134.182392954171519, 33.972340506509227 ], [ 134.181806973013408, 33.971964119548545 ], [ 134.181683731718863, 33.971492559134333 ], [ 134.182167017493953, 33.970787600367487 ], [ 134.181815584921424, 33.969516304334036 ], [ 134.182305847636826, 33.96859442549237 ], [ 134.182232909920913, 33.968000388207429 ], [ 134.180999856658104, 33.967821928539195 ], [ 134.180720739470644, 33.967384534268888 ], [ 134.180895647716056, 33.966047128172477 ], [ 134.180327830165311, 33.965668765401233 ], [ 134.177210324896691, 33.965109803474718 ], [ 134.17611702178317, 33.965900741925736 ], [ 134.171616970746641, 33.966918569436473 ], [ 134.169742921198917, 33.965582908024828 ], [ 134.169573833365803, 33.96433010115328 ], [ 134.169855634130272, 33.962629141421814 ], [ 134.168269154497921, 33.961087558643953 ], [ 134.168260251209745, 33.96048985931958 ], [ 134.168735926921499, 33.958560952925666 ], [ 134.168583174374021, 33.957602066981849 ], [ 134.169287016182921, 33.956452430335446 ], [ 134.169859516503493, 33.953656338269468 ], [ 134.168353436262123, 33.950944532464234 ], [ 134.166697377881746, 33.949512974544177 ], [ 134.167035343106704, 33.948606466015633 ], [ 134.17115135485119, 33.945011555638814 ], [ 134.17137488494302, 33.940544585264433 ], [ 134.172502916276585, 33.940204154098467 ], [ 134.172974332799299, 33.939200294857756 ], [ 134.173073522625032, 33.937584019786755 ], [ 134.173600078381014, 33.936461828650522 ], [ 134.173391303465905, 33.935707248890481 ], [ 134.173858417631891, 33.935141387365206 ], [ 134.173872800489448, 33.934163162400068 ], [ 134.174714170222842, 33.932474115987702 ], [ 134.174473425308406, 33.930197031667717 ], [ 134.171147342975587, 33.929093693918901 ], [ 134.163345960747506, 33.928402734898327 ], [ 134.16135193264563, 33.926927978943127 ], [ 134.158329394885754, 33.927177592971589 ], [ 134.155807292972213, 33.926444589746097 ], [ 134.153740630225911, 33.925406537381832 ], [ 134.150590013718215, 33.926191239034495 ], [ 134.145573030570972, 33.925522063392577 ], [ 134.14404183586214, 33.924923208439395 ], [ 134.142095826161494, 33.923602614269271 ], [ 134.140499055587043, 33.923194394006146 ], [ 134.138305949959658, 33.923490125269097 ], [ 134.135361269207237, 33.923322068958385 ], [ 134.134031082868205, 33.923754808337776 ], [ 134.132022724968806, 33.923757056642899 ], [ 134.1311112063172, 33.923578710289291 ], [ 134.129579609611369, 33.922569108877326 ], [ 134.127631580033494, 33.922436627948059 ], [ 134.125594720819777, 33.920703612781551 ], [ 134.121731659588477, 33.920529999559903 ], [ 134.120818053610378, 33.921157225425645 ], [ 134.119706666929233, 33.921314999787455 ], [ 134.116487496900504, 33.920769721045815 ], [ 134.115582217745214, 33.92122222482584 ], [ 134.111597223732929, 33.921246386911264 ], [ 134.110700272299823, 33.921626945826915 ], [ 134.109744994436028, 33.921160559212467 ], [ 134.107431660243037, 33.921016666785818 ], [ 134.106418885123503, 33.921558332950781 ], [ 134.105727497126395, 33.922500828750287 ], [ 134.102351945785699, 33.923642494705405 ], [ 134.099923332895514, 33.923344161703767 ], [ 134.100178611753563, 33.923837775293123 ], [ 134.100046939314893, 33.92660082896515 ], [ 134.100581946000034, 33.92870222532747 ], [ 134.103043332883544, 33.931095279023964 ], [ 134.102713891433041, 33.933570558634415 ], [ 134.103973605997226, 33.935500558603962 ], [ 134.10477194586872, 33.936182494726381 ], [ 134.104747224404946, 33.937742494720396 ], [ 134.1051013882186, 33.938455559076829 ], [ 134.104895551388609, 33.939984440729404 ], [ 134.105471945773729, 33.941653891813701 ], [ 134.105043605877768, 33.942435559153807 ], [ 134.1024669393978, 33.943645559195261 ], [ 134.102178327168076, 33.945465829284672 ], [ 134.101025836972894, 33.948551387036957 ], [ 134.098893605555531, 33.949398053777202 ], [ 134.098317223760887, 33.951369161757441 ], [ 134.098728612335663, 33.952511108301053 ], [ 134.098078053559334, 33.95668999974373 ], [ 134.099103061257324, 33.959200279169579 ], [ 134.101533333396674, 33.961065000049757 ], [ 134.103271388363964, 33.961469999840688 ], [ 134.105075836680612, 33.962598333346477 ], [ 134.106408612167797, 33.96415610841774 ], [ 134.106622218240886, 33.965027225026461 ], [ 134.107992217566903, 33.965950279282026 ], [ 134.108463606210535, 33.966668054287311 ], [ 134.108728327050699, 33.968056945671549 ], [ 134.108382217565349, 33.970078054158932 ], [ 134.108941945714264, 33.971209440863049 ], [ 134.108654721138578, 33.972653892363269 ], [ 134.108301114904634, 33.973359162295537 ], [ 134.107020000073021, 33.973402225432437 ], [ 134.107785550662697, 33.974475559099801 ], [ 134.108610558130863, 33.976735558998882 ], [ 134.107395279068896, 33.977916108041995 ], [ 134.106747224005289, 33.979290279322981 ], [ 134.107947782064571, 33.979667494559294 ], [ 134.110716666940675, 33.984442775014088 ], [ 134.111754993598083, 33.985139162342534 ], [ 134.111953891259191, 33.987019161804938 ], [ 134.109936109364071, 33.98862305411069 ], [ 134.108639727641389, 33.992450558846258 ], [ 134.109148054139496, 33.997066386804363 ], [ 134.111696108688534, 33.998523053795964 ], [ 134.112020272017958, 33.999329721389586 ], [ 134.113161660082596, 34.00031722466025 ], [ 134.114509441657447, 34.002151386577282 ], [ 134.116396393778587, 34.003645558895471 ], [ 134.116574448751862, 34.006143891727277 ], [ 134.117906394164834, 34.007753332850086 ], [ 134.11732416317966, 34.011004161712719 ], [ 134.118113606058159, 34.012641945869177 ], [ 134.118893332661287, 34.016893613149762 ], [ 134.118429727649868, 34.017630279314005 ], [ 134.116821388196627, 34.018506945639103 ], [ 134.114176393925504, 34.018766945937841 ], [ 134.113357497350648, 34.024796386743901 ], [ 134.111886939430747, 34.026261386853548 ], [ 134.112419999983103, 34.028179162338517 ], [ 134.112332218057531, 34.03034027908069 ], [ 134.107124994123296, 34.03198638736194 ], [ 134.106241946208911, 34.031386107882611 ], [ 134.105361946096991, 34.031301945728273 ], [ 134.103384720928148, 34.035029441355675 ], [ 134.098958327065247, 34.037687775270683 ], [ 134.098400830134324, 34.039017225064924 ], [ 134.093089999803738, 34.045069162411949 ], [ 134.094384993872382, 34.046892494692941 ], [ 134.094389727903717, 34.049005828656107 ], [ 134.095369728130549, 34.050442775313854 ], [ 134.095308326917802, 34.051096107599335 ], [ 134.092988326949808, 34.05373889223614 ], [ 134.086259442019696, 34.05349166680702 ], [ 134.088121660086586, 34.058030558663404 ], [ 134.078873333437627, 34.053696946057244 ], [ 134.078543891087747, 34.053948053859642 ], [ 134.074300000244875, 34.052000000000078 ], [ 134.074037497132849, 34.050330000329325 ], [ 134.073499441745867, 34.049173053993286 ], [ 134.071784448993185, 34.047678054298842 ], [ 134.070405836859891, 34.047088613448807 ], [ 134.063323060610855, 34.04629194631633 ], [ 134.043152217700708, 34.042957494892505 ], [ 134.028839727671311, 34.044665829064797 ], [ 134.022335836929415, 34.044529440581243 ], [ 134.019766667198041, 34.043154162234828 ], [ 134.015798611916466, 34.0393836133631 ], [ 134.013276393990509, 34.038264999730018 ], [ 134.008682503195018, 34.03753361258623 ], [ 134.001943606112604, 34.037670000170408 ], [ 134.000059170294548, 34.037320000217903 ], [ 133.998988326849826, 34.043445279076423 ], [ 133.999266667023107, 34.044799999820214 ], [ 133.998921387611972, 34.045007774689111 ], [ 134.000664163120746, 34.054825829048809 ], [ 134.00103138778843, 34.058145000091713 ], [ 134.000836939073565, 34.060425559392115 ], [ 134.00119861222629, 34.061898053552397 ], [ 134.0006366672485, 34.065145000041753 ], [ 133.998861115048499, 34.066346387275985 ], [ 133.998460271924046, 34.06724944060926 ], [ 133.998627497261282, 34.068663054356534 ], [ 134.000525836598172, 34.071729441260743 ], [ 133.999633333211818, 34.074787495046905 ], [ 134.00150416318661, 34.075225278723678 ], [ 134.002454993902916, 34.076478612597953 ], [ 134.002740272345704, 34.078509720647162 ], [ 134.002161660232446, 34.080630278864305 ], [ 134.002534163021323, 34.081382225409413 ], [ 134.005298884935655, 34.083483891568392 ], [ 134.005639727991138, 34.084338892326059 ], [ 134.008685550997484, 34.085691666936953 ], [ 134.010020830197163, 34.086687225435185 ], [ 134.012170557924946, 34.086348333009198 ], [ 134.013923890575143, 34.086605828696065 ], [ 134.016128326760963, 34.086375559084843 ], [ 134.020854720968714, 34.084498891610622 ], [ 134.026257497085908, 34.08508833335992 ], [ 134.026888054040569, 34.086261945932108 ], [ 134.027889441944239, 34.087260278838869 ], [ 134.026847497314179, 34.088054721048593 ], [ 134.025750558241725, 34.089873892166452 ], [ 134.025632218252326, 34.09196000005403 ], [ 134.026740558030383, 34.09210389158136 ], [ 134.028336394209305, 34.093155828578688 ], [ 134.029104994400086, 34.094163053981788 ], [ 134.029079170367481, 34.094744441402895 ], [ 134.029740557880473, 34.095104162127427 ], [ 134.030006393880058, 34.095976386700954 ], [ 134.03132138797173, 34.097442224978749 ], [ 134.036981388180607, 34.09870389197107 ], [ 134.037679441952719, 34.099447224809637 ], [ 134.038717497014886, 34.099828054421209 ], [ 134.040040272040983, 34.100864999719988 ], [ 134.040705279325266, 34.10216889168106 ], [ 134.040871660199059, 34.103937225022946 ], [ 134.041795279228836, 34.10559777461765 ], [ 134.042168884586431, 34.110261108363488 ], [ 134.043679727637368, 34.111553053730518 ], [ 134.044518611644662, 34.113156386657977 ], [ 134.044518611644662, 34.113719999878128 ], [ 134.045770830359629, 34.113893891889632 ], [ 134.046801660268443, 34.114718053995034 ], [ 134.047847223770418, 34.114966667078079 ], [ 134.049753605744399, 34.117322495137103 ], [ 134.051110000126414, 34.117950278582555 ], [ 134.053198326641564, 34.118116108171932 ], [ 134.053878054029042, 34.117045828602159 ], [ 134.05557639403537, 34.116760278564072 ], [ 134.057447224010275, 34.115985000007811 ], [ 134.058333333216865, 34.115198613025598 ], [ 134.059988611885046, 34.111942774939166 ], [ 134.061504993860467, 34.111005559059379 ], [ 134.067070558059868, 34.112827494693192 ], [ 134.069226393982945, 34.112081667135271 ], [ 134.070917497144819, 34.112713332954002 ], [ 134.072274994095778, 34.116031108249103 ], [ 134.074719728232935, 34.116997775127288 ], [ 134.076799170345453, 34.119129162081208 ], [ 134.077959169879819, 34.119702774863242 ], [ 134.079556393712664, 34.121136946213142 ], [ 134.081642218313732, 34.121280828747274 ], [ 134.082256939106514, 34.120498054341795 ], [ 134.083542217799163, 34.120138053928088 ], [ 134.084286939190974, 34.119335278600261 ], [ 134.086498612221249, 34.118964161666781 ], [ 134.088631946207443, 34.117193332706165 ], [ 134.090540830095279, 34.11658889206376 ], [ 134.091976393595701, 34.114938333037685 ], [ 134.094484448998173, 34.114590558907196 ], [ 134.096164449130129, 34.114535828865485 ], [ 134.097030272329221, 34.114890829048591 ], [ 134.100332502842775, 34.114732495308488 ], [ 134.101422502746345, 34.115211108206154 ], [ 134.102824448689375, 34.114958333060656 ], [ 134.105974163177166, 34.117127774826997 ], [ 134.109404163071758, 34.117314440808855 ], [ 134.110852503240494, 34.117881386916508 ], [ 134.113587223771447, 34.117890279412904 ], [ 134.11513861185756, 34.118349162084201 ], [ 134.116121659886744, 34.118149440644231 ], [ 134.119497782296889, 34.120333053927368 ], [ 134.120580557946482, 34.120086946355514 ], [ 134.122200000429757, 34.118773053933353 ], [ 134.122757223966801, 34.119033892400239 ], [ 134.126843060758688, 34.123040559174513 ], [ 134.129854721218521, 34.123746667274929 ], [ 134.130212776398594, 34.12477749538516 ], [ 134.131173060788228, 34.125367775302664 ], [ 134.132163060576886, 34.127211387295745 ], [ 134.132681660030698, 34.129562775401837 ], [ 134.133701660303473, 34.13047749474066 ], [ 134.135705551270235, 34.131077495430134 ], [ 134.138019728128029, 34.132422495401897 ], [ 134.139313891223196, 34.134082224814847 ], [ 134.13767360605209, 34.138238613421322 ], [ 134.138538611767558, 34.141301108059736 ], [ 134.137816666605886, 34.142593054326028 ], [ 134.13739916983593, 34.147871667343622 ], [ 134.136373061367749, 34.150281107587091 ], [ 134.135239727631415, 34.151577494705691 ], [ 134.137011387565508, 34.154664441011221 ], [ 134.14069749729174, 34.155162775142003 ], [ 134.142504994310116, 34.157524161910601 ], [ 134.143661946042016, 34.158404721400814 ], [ 134.145445279176329, 34.162986667400844 ], [ 134.145743333388168, 34.164530000259333 ], [ 134.146316108901374, 34.165285000002825 ], [ 134.147192776125735, 34.165706107550875 ], [ 134.15080722427399, 34.166325279088426 ], [ 134.152578885107573, 34.165734721280387 ], [ 134.158060557848557, 34.167505559234201 ], [ 134.159313060749241, 34.169668333426898 ], [ 134.163610272396227, 34.169881107627077 ], [ 134.166382217665273, 34.17183055903314 ], [ 134.168506108769975, 34.174473892256401 ], [ 134.169924720949211, 34.174967225257319 ], [ 134.171178612403082, 34.174985558836511 ], [ 134.171433606176038, 34.175704162117427 ], [ 134.172980000326788, 34.175722494797355 ], [ 134.173542776278168, 34.176800558898719 ], [ 134.173865551054405, 34.176855558737088 ], [ 134.173678054099014, 34.175929721079797 ] ] ] } },
{ "type": "Feature", "properties": { "regioncode": "3646801", "regionname": "気象庁予報警報規程別表第四の二に示す「つるぎ町半田・貞光」の区域", "name": "つるぎ町半田・貞光", "namekana": "つるぎちょうはんだ・さだみつ", "PrefCode": "36" }, "geometry": { "type": "Polygon", "coordinates": [ [ [ 134.086370271770647, 34.053858054205875 ], [ 134.086294994018772, 34.0534761076363 ], [ 134.092988326949808, 34.05373889223614 ], [ 134.095393332636263, 34.05082110840749 ], [ 134.094389727903717, 34.049005828656107 ], [ 134.094384993872382, 34.046892494692941 ], [ 134.093089999803738, 34.045069162411949 ], [ 134.093240558005391, 34.044736666863741 ], [ 134.098400830134324, 34.039017225064924 ], [ 134.098958327065247, 34.037687775270683 ], [ 134.103384720928148, 34.035029441355675 ], [ 134.105361946096991, 34.031301945728273 ], [ 134.106241946208911, 34.031386107882611 ], [ 134.107124994123296, 34.03198638736194 ], [ 134.112332218057531, 34.03034027908069 ], [ 134.112419999983103, 34.028179162338517 ], [ 134.111886939430747, 34.026261386853548 ], [ 134.113357497350648, 34.024796386743901 ], [ 134.114176393925504, 34.018766945937841 ], [ 134.116821388196627, 34.018506945639103 ], [ 134.118429727649868, 34.017630279314005 ], [ 134.118893332661287, 34.016893613149762 ], [ 134.118113606058159, 34.012641945869177 ], [ 134.11732416317966, 34.011004161712719 ], [ 134.117906394164834, 34.007753332850086 ], [ 134.116574448751862, 34.006143891727277 ], [ 134.116396393778587, 34.003645558895471 ], [ 134.114509441657447, 34.002151386577282 ], [ 134.113161660082596, 34.00031722466025 ], [ 134.112020272017958, 33.999329721389586 ], [ 134.111696108688534, 33.998523053795964 ], [ 134.109148054139496, 33.997066386804363 ], [ 134.108639727641389, 33.992450558846258 ], [ 134.109936109364071, 33.98862305411069 ], [ 134.111637223778871, 33.9874791623335 ], [ 134.111924449254047, 33.986577494855567 ], [ 134.111754993598083, 33.985139162342534 ], [ 134.110716666940675, 33.984442775014088 ], [ 134.108087497140332, 33.979845559425087 ], [ 134.106747224005289, 33.979290279322981 ], [ 134.107395279068896, 33.977916108041995 ], [ 134.108610558130863, 33.976735558998882 ], [ 134.107785550662697, 33.974475559099801 ], [ 134.107020000073021, 33.973402225432437 ], [ 134.108301114904634, 33.973359162295537 ], [ 134.108941945714264, 33.971209440863049 ], [ 134.108382217565349, 33.970078054158932 ], [ 134.108728327050699, 33.968056945671549 ], [ 134.108463606210535, 33.966668054287311 ], [ 134.107992217566903, 33.965950279282026 ], [ 134.106622218240886, 33.965027225026461 ], [ 134.105900558164308, 33.963386667360851 ], [ 134.103271388363964, 33.961469999840688 ], [ 134.101533333396674, 33.961065000049757 ], [ 134.099099390224751, 33.959194139497981 ], [ 134.09837500250444, 33.960164277759247 ], [ 134.097043004031434, 33.960999025784474 ], [ 134.095032422108602, 33.963444004537223 ], [ 134.094340050253209, 33.965829165783418 ], [ 134.093212482070498, 33.966779744689518 ], [ 134.092600638208978, 33.969429532347078 ], [ 134.086901358311138, 33.973653719943286 ], [ 134.085463418801851, 33.975546917856036 ], [ 134.085237271682786, 33.976641728233233 ], [ 134.083767029424962, 33.976632142359506 ], [ 134.082062377976399, 33.975354793888698 ], [ 134.080383870719174, 33.974758559559916 ], [ 134.079834628665253, 33.975826714930975 ], [ 134.075896148488482, 33.973692847646873 ], [ 134.074441816136982, 33.973518735301468 ], [ 134.073138161596944, 33.972551888558883 ], [ 134.07292248618387, 33.970482101567768 ], [ 134.071723438086224, 33.968828706079989 ], [ 134.071697898239449, 33.968105883180044 ], [ 134.068066932243141, 33.966410725874368 ], [ 134.066844611489728, 33.966498703852153 ], [ 134.063375938948525, 33.967945279551088 ], [ 134.062066038616877, 33.967983837983809 ], [ 134.060589462433768, 33.969535938332967 ], [ 134.058074697189568, 33.970697984724268 ], [ 134.055992751364442, 33.969350704971134 ], [ 134.053927007725292, 33.970085157004462 ], [ 134.05148764793671, 33.969009460818029 ], [ 134.049017873975799, 33.96934325228932 ], [ 134.044787829994448, 33.968926604479293 ], [ 134.043221248761711, 33.967565449985557 ], [ 134.04049705479531, 33.967264081771987 ], [ 134.036532827927772, 33.965375634078327 ], [ 134.035384447634215, 33.965605314633592 ], [ 134.033647576174758, 33.965010549797114 ], [ 134.031493339246254, 33.964983202312965 ], [ 134.030009336461717, 33.964058286460784 ], [ 134.026039978062613, 33.963757045051636 ], [ 134.025339273988379, 33.962952418919031 ], [ 134.0250976396444, 33.961207128905926 ], [ 134.019884689726723, 33.957802998009981 ], [ 134.018034529769807, 33.957073157700108 ], [ 134.015396707592004, 33.956896521857061 ], [ 134.013472339177156, 33.956403835468677 ], [ 134.012236749826229, 33.954505339649756 ], [ 134.00864096350972, 33.954258619639631 ], [ 134.005133082325983, 33.952860762014609 ], [ 134.00451227672022, 33.95163135910002 ], [ 134.002501925923184, 33.951034098644811 ], [ 134.000399486347305, 33.950861492663819 ], [ 133.998612838311942, 33.950307463518698 ], [ 133.997344330176816, 33.949443350830052 ], [ 133.995287488926579, 33.948890962947644 ], [ 133.982136418460982, 33.945931892143165 ], [ 133.978673752491773, 33.945568209005671 ], [ 133.977075878449114, 33.945960415940476 ], [ 133.97735917028956, 33.948004440952218 ], [ 133.975618327423945, 33.951208612987159 ], [ 133.974524162759963, 33.952063891635362 ], [ 133.972595278849099, 33.952382224659971 ], [ 133.973152775780022, 33.955637224578311 ], [ 133.97314333289853, 33.957399721320144 ], [ 133.972229170240098, 33.960242224698959 ], [ 133.974409727626949, 33.96083638698974 ], [ 133.977456939186482, 33.964691946076528 ], [ 133.978053061099899, 33.966212494611 ], [ 133.978988612334661, 33.967347224994512 ], [ 133.981489170089162, 33.968614721392328 ], [ 133.982155550638254, 33.970623332900573 ], [ 133.983025278693731, 33.971761108388478 ], [ 133.983844993651587, 33.972220000053028 ], [ 133.984250829812026, 33.973123612764596 ], [ 133.985120271883147, 33.973426945996835 ], [ 133.988888326934784, 33.973609440922985 ], [ 133.992863333076457, 33.976464999759969 ], [ 133.994188326729954, 33.976747775389583 ], [ 133.995645837285679, 33.978620000212914 ], [ 133.996109442296984, 33.982265278919556 ], [ 133.997605550855496, 33.982915279216797 ], [ 133.997909441667503, 33.983467495328682 ], [ 133.997926108802972, 33.985597224832134 ], [ 133.998655279117884, 33.987908891682082 ], [ 134.00080916980744, 33.988849721037866 ], [ 134.00087555056632, 33.989454721058564 ], [ 134.000389441819379, 33.990432224767403 ], [ 134.001687223786462, 33.990487224605772 ], [ 134.00193027186458, 33.990970279255009 ], [ 134.001654162909404, 33.992405829265635 ], [ 134.001726108673097, 33.996154720663867 ], [ 134.00100221827779, 33.997431387448614 ], [ 134.001770271680812, 33.998413892287374 ], [ 134.001471945873618, 33.998928891754986 ], [ 134.002195551183831, 34.000893333060901 ], [ 134.001543605652955, 34.001636108319815 ], [ 133.999008611957947, 34.002926387243008 ], [ 133.998102502728329, 34.004633332862056 ], [ 133.99804221757438, 34.005925828614124 ], [ 133.998913890863491, 34.007092225026213 ], [ 133.998698612051385, 34.010542775328872 ], [ 133.999249442307928, 34.011030558613413 ], [ 134.000747223605572, 34.011404440962224 ], [ 134.001152775580181, 34.0134972254167 ], [ 134.000616938820713, 34.014403613436059 ], [ 134.000656938866655, 34.016374721416298 ], [ 134.002269999760756, 34.018789161890368 ], [ 134.002625551228221, 34.023999162031771 ], [ 134.003171660044131, 34.024653333384663 ], [ 134.003301945728253, 34.025519161979787 ], [ 134.003893061115946, 34.026112495095617 ], [ 134.003943060723714, 34.026876667024624 ], [ 134.002976108760436, 34.02822582905884 ], [ 134.002790830432559, 34.030481387206294 ], [ 134.001754163024316, 34.03124138718033 ], [ 134.001278327233081, 34.032862774897183 ], [ 133.998969170390978, 34.035155000203133 ], [ 133.998994162550616, 34.035959720764538 ], [ 134.000511659685458, 34.036398613305437 ], [ 133.999396109143163, 34.0371772247492 ], [ 134.001943606112604, 34.037670000170408 ], [ 134.008682503195018, 34.03753361258623 ], [ 134.013276393990509, 34.038264999730018 ], [ 134.015798611916466, 34.0393836133631 ], [ 134.019766667198041, 34.043154162234828 ], [ 134.022335836929415, 34.044529440581243 ], [ 134.028839727671311, 34.044665829064797 ], [ 134.043152217700708, 34.042957494892505 ], [ 134.063323060610855, 34.04629194631633 ], [ 134.070405836859891, 34.047088613448807 ], [ 134.071784448993185, 34.047678054298842 ], [ 134.073499441745867, 34.049173053993286 ], [ 134.074037497132849, 34.050330000329325 ], [ 134.074300000244875, 34.052000000000078 ], [ 134.078543891087747, 34.053948053859642 ], [ 134.078873333437627, 34.053696946057244 ], [ 134.088121660086586, 34.058030558663404 ], [ 134.086473333177878, 34.054152774630893 ], [ 134.086370271770647, 34.053858054205875 ] ] ] } },
{ "type": "Feature", "properties": { "regioncode": "3620100", "regionname": "徳島県徳島市", "name": "徳島市", "namekana": "とくしまし", "PrefCode": "36" }, "geometry": { "type": "MultiPolygon", "coordinates": [ [ [ [ 134.600176718580769, 34.019414973122537 ], [ 134.600529883247532, 34.019209135393339 ], [ 134.600021971337014, 34.019210666938761 ], [ 134.600152166189559, 34.019406693963788 ], [ 134.600176718580769, 34.019414973122537 ] ] ], [ [ [ 134.60061036267814, 34.019580532015993 ], [ 134.600258028984967, 34.019587080879148 ], [ 134.600600972856682, 34.019592225001247 ], [ 134.60061036267814, 34.019580532015993 ] ] ], [ [ [ 134.599047250130525, 34.023190613056386 ], [ 134.598457366814046, 34.023002386750818 ], [ 134.599033645186637, 34.023201467873491 ], [ 134.599047250130525, 34.023190613056386 ] ] ], [ [ [ 134.603780998994011, 34.023034333367832 ], [ 134.603544474597925, 34.023129387211497 ], [ 134.603839300243521, 34.023039865097758 ], [ 134.603780998994011, 34.023034333367832 ] ] ], [ [ [ 134.604509727741856, 34.023359054276966 ], [ 134.604718586293757, 34.023189532071285 ], [ 134.604456471688877, 34.02336964019679 ], [ 134.604509727741856, 34.023359054276966 ] ] ], [ [ [ 134.594268444333352, 34.031759332826994 ], [ 134.594065032075605, 34.031773197674966 ], [ 134.594267419106131, 34.031767918654566 ], [ 134.594268444333352, 34.031759332826994 ] ] ], [ [ [ 134.592619078707571, 34.031917000169472 ], [ 134.592400661261536, 34.031891532268446 ], [ 134.592632114380649, 34.031924495119426 ], [ 134.592619078707571, 34.031917000169472 ] ] ], [ [ [ 134.592514474963082, 34.032460802224307 ], [ 134.592662503371912, 34.03214030633012 ], [ 134.592382412218626, 34.032082693961229 ], [ 134.592196134743858, 34.032301918998428 ], [ 134.592512918236707, 34.032472279372257 ], [ 134.592514474963082, 34.032460802224307 ] ] ], [ [ [ 134.595333838785677, 34.032697494793581 ], [ 134.59594477343262, 34.032492495232532 ], [ 134.595181802997899, 34.032523252046474 ], [ 134.595324136899421, 34.032704081428278 ], [ 134.595333838785677, 34.032697494793581 ] ] ], [ [ [ 134.596278560407313, 34.033449828946516 ], [ 134.595920751641415, 34.03332902661333 ], [ 134.596261478684369, 34.033461333074115 ], [ 134.596278560407313, 34.033449828946516 ] ] ], [ [ [ 134.595841388269491, 34.034090468200588 ], [ 134.595640000385742, 34.033935613038182 ], [ 134.59583286629379, 34.03409797304306 ], [ 134.595841388269491, 34.034090468200588 ] ] ], [ [ [ 134.593979389637184, 34.035125053678314 ], [ 134.593750336808625, 34.035026053609556 ], [ 134.593971167135692, 34.035132413729968 ], [ 134.593979389637184, 34.035125053678314 ] ] ], [ [ [ 134.631324162979809, 34.038612774759827 ], [ 134.632015550976917, 34.038291946116487 ], [ 134.631899728189978, 34.037901386739634 ], [ 134.631259999949066, 34.038602494609506 ], [ 134.631324162979809, 34.038612774759827 ] ] ], [ [ [ 134.597228196823835, 34.045993026956694 ], [ 134.594747366597744, 34.039083891808218 ], [ 134.59242094726892, 34.039660946295669 ], [ 134.594752243621201, 34.03918461317943 ], [ 134.594843165080079, 34.039437775033321 ], [ 134.594575109553716, 34.039503440831197 ], [ 134.59484924809442, 34.039454720958645 ], [ 134.595039882784477, 34.039985413596014 ], [ 134.595335965682352, 34.04084735981786 ], [ 134.595089222289857, 34.040927440848748 ], [ 134.59534138769493, 34.040860360417355 ], [ 134.59561788605663, 34.041606559395234 ], [ 134.59535933906227, 34.041662278691263 ], [ 134.595620610103083, 34.04161646812554 ], [ 134.596117081738043, 34.043018747717099 ], [ 134.595868520815657, 34.043097531925582 ], [ 134.596122412019781, 34.04303358563152 ], [ 134.596373917322467, 34.043767107765859 ], [ 134.596120583698053, 34.043821053598776 ], [ 134.596380310602967, 34.043781828768431 ], [ 134.597012632926749, 34.045493494928905 ], [ 134.596738858611502, 34.045544748191617 ], [ 134.597017134033536, 34.045514252181022 ], [ 134.597161582241256, 34.045894332657383 ], [ 134.595805499024664, 34.046332494948729 ], [ 134.597204085999806, 34.046013494627118 ], [ 134.597228196823835, 34.045993026956694 ] ] ], [ [ [ 134.600000000000023, 34.038426413648097 ], [ 134.599279441593012, 34.037475278960983 ], [ 134.604997781722318, 34.046176108240843 ], [ 134.609297497081911, 34.046411666765039 ], [ 134.605067223773403, 34.046090559331901 ], [ 134.600085279112363, 34.038559721054355 ], [ 134.600000000000023, 34.038426413648097 ] ] ], [ [ [ 134.590235357276015, 34.050922864898325 ], [ 134.590489805160473, 34.050621829433908 ], [ 134.592184864440014, 34.050350666749921 ], [ 134.592112891696615, 34.050156162277119 ], [ 134.596109584989449, 34.049324026782472 ], [ 134.595257197661567, 34.047401531655396 ], [ 134.595342114347204, 34.047781532092074 ], [ 134.595076031034068, 34.047840495242724 ], [ 134.593663087281698, 34.043895585812663 ], [ 134.593767393350618, 34.044493667348945 ], [ 134.590669026554451, 34.045251613271375 ], [ 134.591922996249309, 34.048770027314958 ], [ 134.589809053445151, 34.049122612818394 ], [ 134.589655836847442, 34.049642081017282 ], [ 134.590231479399336, 34.050923414384101 ], [ 134.590235357276015, 34.050922864898325 ] ] ], [ [ [ 134.599359857171748, 34.069054639859814 ], [ 134.598529532911698, 34.067790667005738 ], [ 134.599237197738603, 34.069098667069909 ], [ 134.599359857171748, 34.069054639859814 ] ] ], [ [ [ 134.600000000000023, 34.068307585626656 ], [ 134.598994968043371, 34.066539585933185 ], [ 134.603825576589202, 34.064742918550905 ], [ 134.603081141181747, 34.063362360284771 ], [ 134.606598559675831, 34.062030774600601 ], [ 134.603237613325291, 34.055780332596328 ], [ 134.603418585699274, 34.051019613064739 ], [ 134.60327433174507, 34.05570864044148 ], [ 134.599588196837885, 34.057083559059038 ], [ 134.597612296370471, 34.05342591017768 ], [ 134.59522647232393, 34.054025856008479 ], [ 134.595101141004875, 34.053680558610949 ], [ 134.594637562073899, 34.053797269928111 ], [ 134.594096549716028, 34.05257930638993 ], [ 134.597149274119715, 34.050694802223404 ], [ 134.593558781212892, 34.052856251714672 ], [ 134.594088806553259, 34.052585613335452 ], [ 134.594841283698315, 34.054421829304033 ], [ 134.59408116681243, 34.054670802115879 ], [ 134.593804812342228, 34.05417710758752 ], [ 134.594040310611945, 34.054684414254382 ], [ 134.593381802728118, 34.054900224565756 ], [ 134.59314869035984, 34.054389468099544 ], [ 134.593337003899705, 34.0549161353714 ], [ 134.592669493802191, 34.055136441393699 ], [ 134.592261284330903, 34.054680747718407 ], [ 134.592548275082891, 34.05517569410307 ], [ 134.591128715917534, 34.055685413650963 ], [ 134.590761556001098, 34.055688613438804 ], [ 134.590181556233915, 34.054492495332454 ], [ 134.591200920685992, 34.054031197981431 ], [ 134.589189532970636, 34.054840252375811 ], [ 134.590125084205283, 34.054515694243946 ], [ 134.590770726387973, 34.056400333308773 ], [ 134.591440000055968, 34.056350134950833 ], [ 134.595003593341175, 34.062977676178889 ], [ 134.594447678317806, 34.063307035791127 ], [ 134.594567898789592, 34.063545784210646 ], [ 134.595299442415353, 34.063517216346497 ], [ 134.597104889878779, 34.066872225372947 ], [ 134.596583917114117, 34.067393000286813 ], [ 134.596969195671932, 34.067763467909742 ], [ 134.598392308957955, 34.06709597310072 ], [ 134.599276472031647, 34.067313467842325 ], [ 134.60054941562305, 34.069332640089328 ], [ 134.600000000000023, 34.068307585626656 ] ] ], [ [ [ 134.591740829575656, 34.121161666777539 ], [ 134.596216108786507, 34.114864999620067 ], [ 134.598797562357731, 34.107391892421958 ], [ 134.601506394104831, 34.102650829372351 ], [ 134.602480830226227, 34.102102775322862 ], [ 134.607425837032793, 34.100923891824209 ], [ 134.60494111544017, 34.093942224554098 ], [ 134.604771659784319, 34.091856945841414 ], [ 134.604966109398447, 34.090823613119312 ], [ 134.607966394333744, 34.090674440772887 ], [ 134.605123060880601, 34.090687495331679 ], [ 134.603327223572592, 34.08605110797231 ], [ 134.603090025584265, 34.083782864887382 ], [ 134.597374577674714, 34.072739441072372 ], [ 134.597975162024227, 34.07136769436363 ], [ 134.600159390443537, 34.069705829060808 ], [ 134.600059300396424, 34.069501612809233 ], [ 134.599595836578715, 34.069126467812282 ], [ 134.599834811627375, 34.069656306093691 ], [ 134.598076589363131, 34.071116919310441 ], [ 134.597871997194943, 34.069925467786163 ], [ 134.596995499043146, 34.068137135320569 ], [ 134.59848102527917, 34.067474441092656 ], [ 134.596827470611288, 34.06794244109085 ], [ 134.594112231194572, 34.063684197967405 ], [ 134.594391789949213, 34.063601568257809 ], [ 134.594263462988465, 34.063364864896641 ], [ 134.593726770074454, 34.063402640019888 ], [ 134.589352048558226, 34.057007360401428 ], [ 134.590587536285852, 34.056455810687169 ], [ 134.590302101360976, 34.055877026803387 ], [ 134.588955538367486, 34.056334612652279 ], [ 134.589164111834407, 34.056762865314056 ], [ 134.588883047614672, 34.056868891785996 ], [ 134.588192555342175, 34.0553433061487 ], [ 134.588743800186307, 34.054989440910049 ], [ 134.588205305030897, 34.055172414275546 ], [ 134.585623281289486, 34.052315829312136 ], [ 134.58616374775886, 34.051633332912047 ], [ 134.58806642002935, 34.051301639559085 ], [ 134.588017755914734, 34.051072027352234 ], [ 134.589755253302314, 34.050544440973226 ], [ 134.587996549900936, 34.045583946042314 ], [ 134.585239650289736, 34.046388314968794 ], [ 134.583976290773307, 34.042818449811648 ], [ 134.585741245362215, 34.042377135396521 ], [ 134.58486686061724, 34.03993405421329 ], [ 134.585844305870069, 34.039527693748141 ], [ 134.586333255575369, 34.040890081212353 ], [ 134.585923942635873, 34.040967252037092 ], [ 134.586343476370416, 34.040918667062897 ], [ 134.587789300236068, 34.045502134715775 ], [ 134.590981504992556, 34.044562333285114 ], [ 134.588818716410742, 34.038467134950395 ], [ 134.589176031448801, 34.038451198064365 ], [ 134.591799831397111, 34.038972107876532 ], [ 134.593412528965132, 34.043207000103052 ], [ 134.591846588949011, 34.038877494700671 ], [ 134.588805577315611, 34.038427586364094 ], [ 134.586900636055589, 34.035203026698355 ], [ 134.588246004749408, 34.03419049529515 ], [ 134.590045188434715, 34.034539468221908 ], [ 134.591466589411652, 34.034186198334453 ], [ 134.592355551267701, 34.034404387352652 ], [ 134.593018002678718, 34.035118413983696 ], [ 134.594049973827282, 34.034748387028515 ], [ 134.595124916381906, 34.035198333136634 ], [ 134.595873671232994, 34.035026306319025 ], [ 134.595331582386734, 34.034617134573182 ], [ 134.595309805303373, 34.033343828554905 ], [ 134.596174280418722, 34.032858945583939 ], [ 134.594367522643097, 34.032427892433361 ], [ 134.593928391781901, 34.032770775151221 ], [ 134.59313994805018, 34.032518053965077 ], [ 134.592930661420951, 34.032733000027974 ], [ 134.591450505936109, 34.032066667142999 ], [ 134.591014838364117, 34.032540558599976 ], [ 134.590132335438966, 34.031758532430388 ], [ 134.589313384904813, 34.032039162277556 ], [ 134.588600895215222, 34.030902667424186 ], [ 134.588501140615222, 34.028755278833103 ], [ 134.58897780827931, 34.02785938680131 ], [ 134.59008444923802, 34.02774630604722 ], [ 134.591104695025706, 34.027131891923318 ], [ 134.591911970561, 34.025651667190743 ], [ 134.592633799710143, 34.025387413998033 ], [ 134.59346092058513, 34.024269559392678 ], [ 134.598585110114755, 34.022869693581526 ], [ 134.598676161076014, 34.022254774937949 ], [ 134.597576252442195, 34.021285251812969 ], [ 134.597964642654233, 34.019676135345435 ], [ 134.598987223981226, 34.01887682870273 ], [ 134.599391919801292, 34.018879162443454 ], [ 134.599670777984102, 34.019299278938604 ], [ 134.600530169232002, 34.018721360202676 ], [ 134.598323332755626, 34.017308054023545 ], [ 134.595590829952926, 34.017514720927693 ], [ 134.595202217608289, 34.018211666735056 ], [ 134.592991945721792, 34.019666386694439 ], [ 134.59193444911557, 34.02099416195108 ], [ 134.589985550792562, 34.021330828554937 ], [ 134.589475836640645, 34.022146946224666 ], [ 134.588488884654339, 34.022835828710583 ], [ 134.587380272381779, 34.02253638684482 ], [ 134.582851945760808, 34.022454161830183 ], [ 134.58091555071212, 34.023039999996058 ], [ 134.578673605602489, 34.021844999746975 ], [ 134.576590829703036, 34.021336107575337 ], [ 134.573285278892627, 34.021518892083236 ], [ 134.571953891059252, 34.021346667414832 ], [ 134.571400000409767, 34.020774441387402 ], [ 134.569877496749086, 34.021447774595174 ], [ 134.569017781745288, 34.020310829181483 ], [ 134.567993333425648, 34.019703892021028 ], [ 134.566712217694771, 34.020891107738464 ], [ 134.564903333022471, 34.020710828741812 ], [ 134.564030558063905, 34.021927224761669 ], [ 134.563508327147588, 34.023458891614609 ], [ 134.563559170319536, 34.027174161858113 ], [ 134.561928884710369, 34.028999999650296 ], [ 134.560915837096218, 34.02556833331198 ], [ 134.561298054361828, 34.023347774979868 ], [ 134.560571946238383, 34.02184527943615 ], [ 134.560030829559196, 34.021760558802782 ], [ 134.559610272396185, 34.021203891946129 ], [ 134.555871387754451, 34.020533333146886 ], [ 134.558049999907666, 34.013238333082654 ], [ 134.557215837341118, 34.009642224808886 ], [ 134.555088612449595, 34.006992494707902 ], [ 134.550064720710338, 34.00269333333074 ], [ 134.549276108805429, 33.997729721349629 ], [ 134.546964163165626, 33.987490000063531 ], [ 134.551298053662322, 33.987087774681129 ], [ 134.554103333202306, 33.988288892118703 ], [ 134.554211660140027, 33.989846667189966 ], [ 134.555242217554337, 33.989542774579434 ], [ 134.556997223842814, 33.990612494770858 ], [ 134.559314449402336, 33.990495558623195 ], [ 134.559841945849143, 33.990858891924347 ], [ 134.560591387782438, 33.990838333422403 ], [ 134.56132082969259, 33.99139277535636 ], [ 134.5625783274279, 33.991234721305375 ], [ 134.56338666686122, 33.99182582859919 ], [ 134.564190272263318, 33.991546667344892 ], [ 134.564431946177478, 33.990265558808517 ], [ 134.567163332921496, 33.989105559274208 ], [ 134.568612775659176, 33.986543612897492 ], [ 134.567513332874114, 33.985151946205406 ], [ 134.568583332754656, 33.984501107739959 ], [ 134.569041945629351, 33.983645278706717 ], [ 134.568869169676532, 33.98287555886003 ], [ 134.569815551446595, 33.982366386999217 ], [ 134.570856109322108, 33.98240110802476 ], [ 134.571462503291968, 33.981847224569833 ], [ 134.57198000017695, 33.980988891823927 ], [ 134.571871388154136, 33.980553612759081 ], [ 134.572670272115374, 33.979593054076247 ], [ 134.572334994064818, 33.979038891831465 ], [ 134.568869169676532, 33.97828944090503 ], [ 134.568287497170331, 33.976281946354788 ], [ 134.568563606125622, 33.974850829102536 ], [ 134.570254449383356, 33.973356666676864 ], [ 134.5715905577581, 33.973672774778777 ], [ 134.572201945663323, 33.973026387058155 ], [ 134.57232027216287, 33.971273333197814 ], [ 134.571945550746591, 33.970560829118995 ], [ 134.571876393780599, 33.968191945601859 ], [ 134.573113606407901, 33.967114440878788 ], [ 134.574286939290914, 33.964355559161788 ], [ 134.572783060589813, 33.962994440640955 ], [ 134.571309169782467, 33.964084441443845 ], [ 134.570204993865445, 33.964133612776038 ], [ 134.566946108875868, 33.962236667388368 ], [ 134.566502217903121, 33.962628612620449 ], [ 134.56505778169128, 33.962361666857475 ], [ 134.564027224277083, 33.961735558849 ], [ 134.562701114564902, 33.961501666768584 ], [ 134.562227781586898, 33.960912225019229 ], [ 134.561029728139488, 33.960674161883105 ], [ 134.559536108904354, 33.96087305414818 ], [ 134.558564720585423, 33.960296107579381 ], [ 134.555503061417198, 33.959567225047465 ], [ 134.553979727682304, 33.961244440878318 ], [ 134.552865278809577, 33.961373613201715 ], [ 134.550740557630661, 33.960398613205484 ], [ 134.549428884735335, 33.959146387296016 ], [ 134.547811659980198, 33.958436108139949 ], [ 134.545026108867887, 33.958608332808353 ], [ 134.539287223726433, 33.95574638698622 ], [ 134.53788194579522, 33.955306945858922 ], [ 134.535564993629578, 33.955210559220006 ], [ 134.534115550892011, 33.95799166678205 ], [ 134.53339583694833, 33.958445559115319 ], [ 134.532823890610075, 33.959555828838461 ], [ 134.529648611993935, 33.960734161952075 ], [ 134.527696109188128, 33.959980558855762 ], [ 134.523973605697392, 33.960162774992114 ], [ 134.521735551054917, 33.962381945670302 ], [ 134.519319728322898, 33.963124999719014 ], [ 134.514729727994563, 33.962217494741651 ], [ 134.509838884656915, 33.962180558685873 ], [ 134.507339169567103, 33.96376555893346 ], [ 134.507319442038693, 33.964424720624436 ], [ 134.506525551113327, 33.965190558997165 ], [ 134.502785187986092, 33.966594801808697 ], [ 134.502117782209893, 33.96755333341963 ], [ 134.501186108851925, 33.968064440621504 ], [ 134.500904994270172, 33.968889440895055 ], [ 134.500047223600518, 33.969630558703386 ], [ 134.497986393857104, 33.96923222468746 ], [ 134.496629170300025, 33.970012495380388 ], [ 134.495749727767816, 33.970056386792862 ], [ 134.494260558378187, 33.969266387234029 ], [ 134.493286938841266, 33.968153891688814 ], [ 134.492504721116006, 33.967896666697868 ], [ 134.490963060996478, 33.968774440987715 ], [ 134.487736939208389, 33.967382775194949 ], [ 134.487097496951947, 33.967407775448521 ], [ 134.486573060898081, 33.967954440944766 ], [ 134.486502776182192, 33.968503891641319 ], [ 134.486970000065526, 33.969160278923766 ], [ 134.486605279110449, 33.969960278943745 ], [ 134.48680360570188, 33.970600559368393 ], [ 134.486272217888654, 33.971150278962284 ], [ 134.486061114628797, 33.972329161561618 ], [ 134.485206666954127, 33.973815278652239 ], [ 134.485404721051054, 33.975554440684959 ], [ 134.483497782396853, 33.97620000012995 ], [ 134.482592218156356, 33.976970828840706 ], [ 134.481164994069331, 33.980278612667917 ], [ 134.481804993905371, 33.981537775048309 ], [ 134.481961660302431, 33.982996945752518 ], [ 134.483721659627008, 33.983498333081684 ], [ 134.484976108660589, 33.984250829112511 ], [ 134.486364721254972, 33.986133891665816 ], [ 134.487132503062639, 33.987665000039783 ], [ 134.486863890855943, 33.989175000425973 ], [ 134.489270000010606, 33.990818053710257 ], [ 134.49069082991798, 33.991314440808821 ], [ 134.491702218282853, 33.992311946339328 ], [ 134.492533890626646, 33.99251999999808 ], [ 134.493135550565285, 33.993368333182104 ], [ 134.496290830057774, 33.993363054161648 ], [ 134.49716444858052, 33.995174161958062 ], [ 134.497017224165575, 33.997985829382571 ], [ 134.496377224329535, 33.998316666580934 ], [ 134.49585888477975, 33.999314441008721 ], [ 134.496338611937404, 34.000477224844076 ], [ 134.495980557656708, 34.001416386856818 ], [ 134.496588326690016, 34.002456945631593 ], [ 134.49556610868899, 34.005003332837589 ], [ 134.495824162854888, 34.006303613121304 ], [ 134.494275836960355, 34.00854777505981 ], [ 134.495363890731028, 34.010725558937452 ], [ 134.497171946228377, 34.01122861271034 ], [ 134.49827916994775, 34.012013612937949 ], [ 134.499157782405746, 34.013183333244285 ], [ 134.499061115178392, 34.01347582874655 ], [ 134.497892776230742, 34.01347582874655 ], [ 134.49750610911974, 34.014184721148013 ], [ 134.495118053855208, 34.013684720573451 ], [ 134.494260558378187, 34.014267494749163 ], [ 134.493280558151355, 34.014346946254591 ], [ 134.49213389106626, 34.016092224576539 ], [ 134.490782775704588, 34.017343892007034 ], [ 134.490161945817249, 34.018505279195324 ], [ 134.490031115143893, 34.019700828930183 ], [ 134.48948335877003, 34.020303864831533 ], [ 134.486050558386637, 34.021800828645382 ], [ 134.482224163414458, 34.022380000136934 ], [ 134.480133333186814, 34.020965828810006 ], [ 134.476002218227904, 34.020881108176638 ], [ 134.475168327256597, 34.02004694561009 ], [ 134.474016938730756, 34.019727224931557 ], [ 134.472435278565285, 34.018319440589778 ], [ 134.472353060745263, 34.016479720862492 ], [ 134.46748499363764, 34.015681666975411 ], [ 134.466518611844549, 34.013800000169908 ], [ 134.46636583681402, 34.009846387101163 ], [ 134.464231115173902, 34.008088333010221 ], [ 134.461768884726325, 34.007050000057518 ], [ 134.461192502931681, 34.00635027894225 ], [ 134.459977782348801, 34.006490558792279 ], [ 134.459175837095245, 34.006181666850523 ], [ 134.454029999984527, 34.008434721285425 ], [ 134.452878612358177, 34.008301386899518 ], [ 134.451343606322439, 34.007582225139629 ], [ 134.449584721257906, 34.008448053734753 ], [ 134.451730000039561, 34.011386108282295 ], [ 134.451926108902853, 34.012677774859469 ], [ 134.453162218061948, 34.014215000421984 ], [ 134.453381659835827, 34.015057495207316 ], [ 134.452957223896874, 34.016943054278556 ], [ 134.450283891088816, 34.020829162435973 ], [ 134.447028663641959, 34.020242558946961 ], [ 134.445084720583395, 34.020584278841454 ], [ 134.444533606141022, 34.021006387334978 ], [ 134.444149299750393, 34.020302053596936 ], [ 134.443136939218448, 34.01967091927753 ], [ 134.442323333355262, 34.01781833294973 ], [ 134.441902970445767, 34.017623494828456 ], [ 134.438404526747604, 34.017842666805677 ], [ 134.438103138748943, 34.018224000037605 ], [ 134.436827197717093, 34.017853000015975 ], [ 134.435851971091665, 34.017959531906911 ], [ 134.435375836725598, 34.01860416235229 ], [ 134.435036938903636, 34.020714999797462 ], [ 134.4345063937551, 34.021264721189993 ], [ 134.431824163054785, 34.023026946336529 ], [ 134.431051114817137, 34.023970279404921 ], [ 134.429033061326777, 34.024347494641233 ], [ 134.427308053723777, 34.025699440976496 ], [ 134.42680389108682, 34.027662775216982 ], [ 134.428319728073006, 34.029249441008972 ], [ 134.428726666802277, 34.03042082865835 ], [ 134.428562776151239, 34.030928891655094 ], [ 134.429014720553027, 34.031384161749713 ], [ 134.428818885083501, 34.035699440776625 ], [ 134.429431945727742, 34.038224999684019 ], [ 134.42928972783875, 34.039784162409205 ], [ 134.426568053772712, 34.042366946077777 ], [ 134.426388326959795, 34.04315027896223 ], [ 134.42492389072504, 34.043454999848393 ], [ 134.424324449413916, 34.044486667026092 ], [ 134.423711115375681, 34.044814162343755 ], [ 134.422518054064994, 34.048405828865953 ], [ 134.423879442382372, 34.048978332783861 ], [ 134.425061945652374, 34.050331945562903 ], [ 134.425976394295276, 34.050552495301474 ], [ 134.426367496862554, 34.053020279062707 ], [ 134.428389727703802, 34.053308892191694 ], [ 134.42944527907639, 34.053057775396042 ], [ 134.430410272316294, 34.053509720697093 ], [ 134.432489441934308, 34.053086945805944 ], [ 134.437791115367759, 34.054325829373568 ], [ 134.442518327059247, 34.053635278645231 ], [ 134.443466394158804, 34.053158054300809 ], [ 134.444180558386165, 34.053292494852826 ], [ 134.445029727939641, 34.052956386727942 ], [ 134.44508138769595, 34.053773613261683 ], [ 134.445971114875078, 34.054213054388981 ], [ 134.450036939053575, 34.054813612658165 ], [ 134.45079360614011, 34.055640828861215 ], [ 134.453359442084661, 34.056285279442136 ], [ 134.454032217712779, 34.057126386573543 ], [ 134.455214163402957, 34.057704441107148 ], [ 134.45623917020157, 34.057503332912518 ], [ 134.456948053609835, 34.05791777468562 ], [ 134.457732218367255, 34.057880279251549 ], [ 134.458463333016425, 34.058834720745836 ], [ 134.459533891376054, 34.059198892215136 ], [ 134.460479728156997, 34.060008891796997 ], [ 134.464510000336304, 34.059387224640773 ], [ 134.467473606421891, 34.061831667397598 ], [ 134.469141659959746, 34.062083053989795 ], [ 134.469145837310634, 34.062491386668228 ], [ 134.468685836782015, 34.062691108108197 ], [ 134.469078327003217, 34.062816107577362 ], [ 134.468686394361725, 34.064811946014572 ], [ 134.46788083023614, 34.064653332585294 ], [ 134.467736393719633, 34.065452495336444 ], [ 134.4672166674153, 34.065388333205078 ], [ 134.46726333323636, 34.06468444103416 ], [ 134.466937497167805, 34.064648891733043 ], [ 134.466800272314799, 34.066868891586125 ], [ 134.467651388001173, 34.066993613164755 ], [ 134.467814448577997, 34.066190279357954 ], [ 134.46871917015369, 34.06639527891906 ], [ 134.468086393672138, 34.067574162417714 ], [ 134.467525278768676, 34.070927495107867 ], [ 134.467322503231003, 34.071425000063755 ], [ 134.466158053851132, 34.071906107680775 ], [ 134.46499972795516, 34.073137495399124 ], [ 134.46426221822685, 34.074614720892725 ], [ 134.464577497153869, 34.075046107691776 ], [ 134.464436666918687, 34.075728891874917 ], [ 134.46342389089989, 34.078009441282745 ], [ 134.464804163181611, 34.07839249491775 ], [ 134.463582218344754, 34.08018194613993 ], [ 134.463258054115954, 34.082341667134301 ], [ 134.463966666828242, 34.082529999559881 ], [ 134.463820271588361, 34.083385558796579 ], [ 134.463267782082539, 34.083343054138709 ], [ 134.462454721208474, 34.086726667002154 ], [ 134.465356393682669, 34.086879441133362 ], [ 134.465747782234416, 34.086101945748226 ], [ 134.466030830358591, 34.086248612583461 ], [ 134.465870830174708, 34.087009162043273 ], [ 134.463900271680245, 34.088976946129208 ], [ 134.460829728109502, 34.089445000086755 ], [ 134.454938054447666, 34.088785000227631 ], [ 134.453216666615958, 34.086640000235889 ], [ 134.453444448702385, 34.086555559291696 ], [ 134.452904448981144, 34.086529999659831 ], [ 134.452630830248722, 34.092073053828415 ], [ 134.453652775755018, 34.09439805402701 ], [ 134.454291115442743, 34.099148891807943 ], [ 134.45649000011349, 34.097806386555533 ], [ 134.458258612245231, 34.09917610799107 ], [ 134.458258612245231, 34.099915559355622 ], [ 134.45908944192422, 34.100412774729818 ], [ 134.459237497312756, 34.101762495243008 ], [ 134.458932776426536, 34.102181946239853 ], [ 134.459586393797053, 34.103349721312668 ], [ 134.459227781936647, 34.103820558671885 ], [ 134.459391115007975, 34.105680828807238 ], [ 134.459014163273082, 34.105863892104992 ], [ 134.459341660389327, 34.10683833272293 ], [ 134.458681114641763, 34.110953053940364 ], [ 134.465874163062267, 34.113017495361191 ], [ 134.469884162724043, 34.113484999832906 ], [ 134.474746666625379, 34.112518054164923 ], [ 134.480122502651398, 34.109068892415507 ], [ 134.485249728292388, 34.107126387372944 ], [ 134.490009999961558, 34.106471667433539 ], [ 134.496184163268595, 34.107162495153091 ], [ 134.505055550773136, 34.108988892323566 ], [ 134.505092776410606, 34.110008333218047 ], [ 134.504776939004614, 34.110192775176472 ], [ 134.505468884581433, 34.112662774867204 ], [ 134.505092776410606, 34.113385279407169 ], [ 134.505092776410606, 34.11432916196128 ], [ 134.506416666595896, 34.118397224552325 ], [ 134.507108612172829, 34.118825559052368 ], [ 134.508109441597526, 34.118569162336996 ], [ 134.509229999564923, 34.120692225166124 ], [ 134.511606939208946, 34.120173053743486 ], [ 134.511637223878893, 34.121073613256726 ], [ 134.513510271581822, 34.120726667401811 ], [ 134.515736667413307, 34.124247225429144 ], [ 134.518143890828014, 34.123265279069415 ], [ 134.519445550671662, 34.124012774869698 ], [ 134.520385550852552, 34.123506107620813 ], [ 134.522439169831841, 34.124300279134616 ], [ 134.526087782325362, 34.12411277498461 ], [ 134.532812775888942, 34.125369440847066 ], [ 134.533918611954391, 34.125088053770696 ], [ 134.535204720721367, 34.123177775034321 ], [ 134.535611387855283, 34.120832774812754 ], [ 134.536213061283775, 34.120626386698461 ], [ 134.535934721110607, 34.119097774842487 ], [ 134.536092776060855, 34.117712495135606 ], [ 134.537100829739529, 34.116039721056325 ], [ 134.539590830352608, 34.114182495126101 ], [ 134.539267497097399, 34.11300694631359 ], [ 134.545781945880208, 34.111309162088219 ], [ 134.552409442142107, 34.11026499973002 ], [ 134.552484720793245, 34.108735829395073 ], [ 134.556531946092491, 34.108282775229952 ], [ 134.556456667441353, 34.109520828723305 ], [ 134.558119170363511, 34.110699721215212 ], [ 134.558006109394455, 34.11172805370677 ], [ 134.55839749704694, 34.112134720840743 ], [ 134.558495279433714, 34.113407224663717 ], [ 134.557238885166498, 34.113488332720408 ], [ 134.555832217782722, 34.11511749507639 ], [ 134.555749169888372, 34.116105278935549 ], [ 134.555132502962692, 34.116074162392749 ], [ 134.557742502814335, 34.121968053782723 ], [ 134.558472218118482, 34.122118054404723 ], [ 134.56016472062538, 34.120873613026845 ], [ 134.561917781680336, 34.122408891557143 ], [ 134.56177472112654, 34.124159721394051 ], [ 134.565257496836125, 34.124559999744235 ], [ 134.568003332987473, 34.127154999803452 ], [ 134.570049441728429, 34.128577774944404 ], [ 134.574690830217719, 34.130363333001469 ], [ 134.579333061371699, 34.130142775168963 ], [ 134.583508611833054, 34.128476108385769 ], [ 134.58571166036495, 34.127151945705805 ], [ 134.588659999559354, 34.12479416162131 ], [ 134.591666666983201, 34.1212646670308 ], [ 134.591740829575656, 34.121161666777539 ] ] ] ] } },
{ "type": "Feature", "properties": { "regioncode": "3620200", "regionname": "徳島県鳴門市", "name": "鳴門市", "namekana": "なるとし", "PrefCode": "36" }, "geometry": { "type": "MultiPolygon", "coordinates": [ [ [ [ 134.623586057050943, 34.144504693736678 ], [ 134.621348755140957, 34.145526468371884 ], [ 134.623611699420508, 34.144541693644271 ], [ 134.623586057050943, 34.144504693736678 ] ] ], [ [ [ 134.640187860381502, 34.182247748035195 ], [ 134.640028029270184, 34.181504279399007 ], [ 134.640161140624173, 34.182253386784453 ], [ 134.640187860381502, 34.182247748035195 ] ] ], [ [ [ 134.627249584800552, 34.185494973314405 ], [ 134.627013449810875, 34.185570612593722 ], [ 134.627248780806667, 34.185500198375507 ], [ 134.627249584800552, 34.185494973314405 ] ] ], [ [ [ 134.627257030287751, 34.185695666921561 ], [ 134.627091141343158, 34.185865612707914 ], [ 134.627260998996007, 34.185700224685661 ], [ 134.627257030287751, 34.185695666921561 ] ] ], [ [ [ 134.626000583859877, 34.18838049486402 ], [ 134.625810558010926, 34.188262440859035 ], [ 134.625750531861627, 34.188560495070817 ], [ 134.6259964721595, 34.188383441043015 ], [ 134.626000583859877, 34.18838049486402 ] ] ], [ [ [ 134.612389389658688, 34.192282360042952 ], [ 134.611843671148563, 34.192587775205709 ], [ 134.612168663652938, 34.192930945706621 ], [ 134.612591309941081, 34.192713081343697 ], [ 134.612405694367339, 34.192285198303296 ], [ 134.612389389658688, 34.192282360042952 ] ] ], [ [ [ 134.628052218035464, 34.194048332664465 ], [ 134.627977782049015, 34.194634440626999 ], [ 134.628078884732759, 34.194069161862387 ], [ 134.628052218035464, 34.194048332664465 ] ] ], [ [ [ 134.627550272227381, 34.194288892318582 ], [ 134.627299442315461, 34.194679440903542 ], [ 134.627645550901548, 34.1945891615606 ], [ 134.627570558234765, 34.194350828627876 ], [ 134.627550272227381, 34.194288892318582 ] ] ], [ [ [ 134.597784720688423, 34.197523613424096 ], [ 134.597658196868338, 34.197305332675 ], [ 134.597753553783491, 34.197528864565527 ], [ 134.597784720688423, 34.197523613424096 ] ] ], [ [ [ 134.587976887123659, 34.217380747623451 ], [ 134.587494526751016, 34.216776494939324 ], [ 134.587970947101553, 34.217383495052331 ], [ 134.587976887123659, 34.217380747623451 ] ] ], [ [ [ 134.588655550613225, 34.218981081311881 ], [ 134.588023475602995, 34.218243918721896 ], [ 134.588645641882977, 34.21898622543398 ], [ 134.588655550613225, 34.218981081311881 ] ] ], [ [ [ 134.601087911677837, 34.22074841370835 ], [ 134.600736328918515, 34.220992918688296 ], [ 134.60110852144112, 34.220755441010851 ], [ 134.601087911677837, 34.22074841370835 ] ] ], [ [ [ 134.638226743869154, 34.224154972773817 ], [ 134.638024694983756, 34.224011693684758 ], [ 134.638309831333686, 34.224239224860412 ], [ 134.638226743869154, 34.224154972773817 ] ] ], [ [ [ 134.63792788566343, 34.224245360035411 ], [ 134.638100726367497, 34.22440244101989 ], [ 134.637947302026419, 34.224253224606684 ], [ 134.63792788566343, 34.224245360035411 ] ] ], [ [ [ 134.606267444586933, 34.225267306441083 ], [ 134.606543307127936, 34.22503230639586 ], [ 134.60591525298662, 34.224577306097842 ], [ 134.605726693032466, 34.225314108059706 ], [ 134.606235524949625, 34.225273802244203 ], [ 134.606267444586933, 34.225267306441083 ] ] ], [ [ [ 134.606733255635277, 34.225779413689054 ], [ 134.606225383294827, 34.226317693906481 ], [ 134.606436938913703, 34.226599667340849 ], [ 134.606895084140888, 34.22643553207422 ], [ 134.606739026584819, 34.225781973159599 ], [ 134.606733255635277, 34.225779413689054 ] ] ], [ [ [ 134.637186160812689, 34.227588694063058 ], [ 134.637493086836571, 34.227876333226277 ], [ 134.637214059581197, 34.22761205395318 ], [ 134.637186160812689, 34.227588694063058 ] ] ], [ [ [ 134.648161802725099, 34.232155946040109 ], [ 134.649069831107909, 34.231931135313687 ], [ 134.648020169395409, 34.230805251561151 ], [ 134.647573333142873, 34.230863333376192 ], [ 134.647687664853947, 34.232065720656522 ], [ 134.648150532421141, 34.232157946132361 ], [ 134.648161802725099, 34.232155946040109 ] ] ], [ [ [ 134.62323299580612, 34.233333333066923 ], [ 134.62011364512864, 34.233317612917574 ], [ 134.623990245653431, 34.233544666553144 ], [ 134.623717859891372, 34.233361802005618 ], [ 134.62323299580612, 34.233333333066923 ] ] ], [ [ [ 134.646182593651815, 34.23734373922224 ], [ 134.64635805408102, 34.236964594940162 ], [ 134.645513099649861, 34.236552441042363 ], [ 134.644812477414007, 34.236723973232813 ], [ 134.645342476674045, 34.237378026774593 ], [ 134.645620804256737, 34.237210919248582 ], [ 134.646108261986797, 34.23750289224472 ], [ 134.646182593651815, 34.23734373922224 ] ] ], [ [ [ 134.643660194962081, 34.239537558911252 ], [ 134.644009221848137, 34.239065413937738 ], [ 134.64295919591018, 34.237626828715236 ], [ 134.643549558565383, 34.236797413669763 ], [ 134.643110895351583, 34.236442080737504 ], [ 134.643305032001649, 34.235773333172858 ], [ 134.641452826986438, 34.234769973055847 ], [ 134.641003605731839, 34.232859494669981 ], [ 134.640530895084794, 34.232512386937174 ], [ 134.639786108941848, 34.232650865445123 ], [ 134.639184915751343, 34.232177919175683 ], [ 134.638976031119, 34.231287972561915 ], [ 134.637433890761486, 34.229519801997299 ], [ 134.636847755819304, 34.228329999829668 ], [ 134.63647430604442, 34.227258586214816 ], [ 134.636480194805245, 34.225822494812348 ], [ 134.63686929997823, 34.225362891784073 ], [ 134.637305109643194, 34.225462613109187 ], [ 134.637890609663941, 34.224711081151554 ], [ 134.637804694730903, 34.224357413763698 ], [ 134.637067523147721, 34.223743639957092 ], [ 134.637121725287443, 34.223454559180595 ], [ 134.633973670948194, 34.22097655912097 ], [ 134.634015499315865, 34.220655865375932 ], [ 134.631080803736154, 34.217326774810886 ], [ 134.631078365674057, 34.216340161869027 ], [ 134.631492114069829, 34.215816640425658 ], [ 134.630664720700338, 34.215904134568234 ], [ 134.6306117245515, 34.214195694275929 ], [ 134.631607523168668, 34.214068945625399 ], [ 134.631874137081809, 34.215528494944124 ], [ 134.632650999344264, 34.216140224591754 ], [ 134.63202014291528, 34.215474495151909 ], [ 134.631703281181558, 34.213794198243704 ], [ 134.630630363000932, 34.213275414428892 ], [ 134.626914812168934, 34.206744721191967 ], [ 134.626728781108454, 34.203276892214831 ], [ 134.626341440405213, 34.201624081286354 ], [ 134.626373476055164, 34.198508639961801 ], [ 134.626657249932236, 34.197443134892808 ], [ 134.626334967984462, 34.197082774750299 ], [ 134.626717055747577, 34.196743440757245 ], [ 134.626723696341628, 34.1960208022183 ], [ 134.626319532920206, 34.195569892036929 ], [ 134.626844772967956, 34.194373414201777 ], [ 134.626096667427305, 34.193569279098995 ], [ 134.625778586212846, 34.192404279334085 ], [ 134.625544552938777, 34.188295161792325 ], [ 134.625881284293882, 34.187934081292894 ], [ 134.625460610219079, 34.18687638683582 ], [ 134.625722411859897, 34.186642027107894 ], [ 134.625276860738609, 34.186787198370553 ], [ 134.623144773212744, 34.185434531678368 ], [ 134.621846808683358, 34.185845252056765 ], [ 134.621826251979996, 34.186725585817157 ], [ 134.62117233513527, 34.187259775018674 ], [ 134.621652282626769, 34.187598251957809 ], [ 134.621248079635279, 34.187795135137435 ], [ 134.62094522664097, 34.18753474813019 ], [ 134.621226226109457, 34.187808586297251 ], [ 134.620689585356104, 34.188057360358926 ], [ 134.620351335945429, 34.18983727876747 ], [ 134.619362554738132, 34.190402613290019 ], [ 134.620349170377949, 34.189894892035682 ], [ 134.619866005112158, 34.190891973086138 ], [ 134.619311166577177, 34.19129316244954 ], [ 134.619051505322773, 34.191034440986698 ], [ 134.619258690236393, 34.190581440780932 ], [ 134.619009662565986, 34.191044468427549 ], [ 134.619245551141375, 34.191163134870806 ], [ 134.618602023264771, 34.191986775369458 ], [ 134.616892191721377, 34.192462495148106 ], [ 134.617051970671923, 34.192699774974699 ], [ 134.616146809327802, 34.193003081227289 ], [ 134.615142750437599, 34.194365694421322 ], [ 134.612913839202406, 34.194164972935198 ], [ 134.611976977655445, 34.195089666654837 ], [ 134.610324111868294, 34.194605747757123 ], [ 134.60670832732751, 34.196566532419581 ], [ 134.605799221556936, 34.196605829195732 ], [ 134.605485836602156, 34.196045639694546 ], [ 134.605729611332549, 34.196841829287052 ], [ 134.602869274397563, 34.198624306266765 ], [ 134.60185693904657, 34.19743616244898 ], [ 134.597735746307762, 34.198541693644302 ], [ 134.595097860278088, 34.199477198114266 ], [ 134.593801413804272, 34.200194197903954 ], [ 134.593938444403761, 34.200445413625005 ], [ 134.593298885235413, 34.200829026638303 ], [ 134.592405382702282, 34.200519387359918 ], [ 134.589953450391477, 34.202650134895862 ], [ 134.589555914074253, 34.203935305669859 ], [ 134.589134890163109, 34.204009720971897 ], [ 134.588408417814321, 34.205611053807161 ], [ 134.588482891572198, 34.206237694214281 ], [ 134.588120220172073, 34.206346918675422 ], [ 134.588033619056318, 34.207201458980194 ], [ 134.587716420076845, 34.207313613432575 ], [ 134.587779922105824, 34.20867561328896 ], [ 134.588939468381795, 34.210867585770529 ], [ 134.590613139085121, 34.211865306238963 ], [ 134.592482282831156, 34.210674081343825 ], [ 134.597074331815065, 34.211764585767071 ], [ 134.600819804890193, 34.210948054409243 ], [ 134.603449856925408, 34.211170999941771 ], [ 134.604621660061639, 34.212904891947232 ], [ 134.607699728259945, 34.214717613127391 ], [ 134.607942139618103, 34.215213054139213 ], [ 134.609556056666747, 34.215528774633299 ], [ 134.610099105089716, 34.215074107983753 ], [ 134.610508418029099, 34.215931613353348 ], [ 134.611713605798286, 34.214985279247287 ], [ 134.613476199666934, 34.215150224803097 ], [ 134.615238003031436, 34.214341054396186 ], [ 134.615333411207985, 34.213248720751892 ], [ 134.614740415337906, 34.211275892368576 ], [ 134.615210220275458, 34.210643972941057 ], [ 134.615096641296986, 34.209978945871683 ], [ 134.615797911944128, 34.209760612961986 ], [ 134.616324384063091, 34.210104558678495 ], [ 134.616504306029015, 34.210689000197249 ], [ 134.617366718998937, 34.210609278895163 ], [ 134.617575499309964, 34.211292359854554 ], [ 134.618298833024824, 34.211199387042143 ], [ 134.6198819204144, 34.211777440676371 ], [ 134.619835616120895, 34.211165441232197 ], [ 134.620484968006963, 34.210551531627914 ], [ 134.620866743705278, 34.210535054249419 ], [ 134.621136031302854, 34.21095694600632 ], [ 134.620963022425599, 34.210514252031146 ], [ 134.621539144316102, 34.210505026785597 ], [ 134.621584228229608, 34.211116224933903 ], [ 134.622256860865491, 34.21151266677623 ], [ 134.624585227226476, 34.218370000075481 ], [ 134.622950363168798, 34.219134135132265 ], [ 134.621413216746646, 34.217628586390219 ], [ 134.620973864652228, 34.217534531693332 ], [ 134.62028182914321, 34.217987360128632 ], [ 134.619563358961955, 34.217877721080015 ], [ 134.618905110082778, 34.218208999845501 ], [ 134.61802863801131, 34.219669720980903 ], [ 134.617578249436747, 34.219463946204201 ], [ 134.617960777867665, 34.218846531941949 ], [ 134.617162607068735, 34.218223441158955 ], [ 134.615818275293236, 34.219019666724307 ], [ 134.615219468004057, 34.218989495368987 ], [ 134.614630505593368, 34.2194994406467 ], [ 134.614910389003285, 34.220678414077611 ], [ 134.614055720095507, 34.221434000179045 ], [ 134.613932917670127, 34.222262559069918 ], [ 134.61305603101107, 34.223206829231856 ], [ 134.613841828937325, 34.223292558904518 ], [ 134.613686160787779, 34.224607667210137 ], [ 134.614706692559821, 34.225045558805562 ], [ 134.614477301586248, 34.225476054376486 ], [ 134.614752334952414, 34.226128865055102 ], [ 134.614271530406882, 34.226563892309855 ], [ 134.615087470910112, 34.226694586286158 ], [ 134.614757639153822, 34.227461279014847 ], [ 134.614981634195146, 34.227994387231263 ], [ 134.615879779927923, 34.227534640311433 ], [ 134.616532087885616, 34.227995225399411 ], [ 134.616427470651274, 34.228480585910347 ], [ 134.616843605847748, 34.228572802392989 ], [ 134.616973773720702, 34.229019305896315 ], [ 134.617641582393162, 34.228760332623324 ], [ 134.618170920651551, 34.229138225049098 ], [ 134.617669636744381, 34.22961953231561 ], [ 134.617679830559837, 34.230153467908281 ], [ 134.615940362757556, 34.230349360035007 ], [ 134.616074162992277, 34.231031135178796 ], [ 134.616749883000807, 34.231174639997676 ], [ 134.616708858627021, 34.23208619821952 ], [ 134.617128859109584, 34.232262387099524 ], [ 134.617704811927638, 34.231714413989039 ], [ 134.619020219707409, 34.231214613063969 ], [ 134.61938518797615, 34.230717973255935 ], [ 134.620015110009376, 34.230779747687279 ], [ 134.62000983098892, 34.231405891668601 ], [ 134.6200386902334, 34.230781252253053 ], [ 134.623339052855044, 34.230984802107002 ], [ 134.623363774318818, 34.231463747753821 ], [ 134.623544358185654, 34.230874198085814 ], [ 134.623975966217927, 34.230868802153566 ], [ 134.623997951044657, 34.231314305610795 ], [ 134.623993773693769, 34.23087044071832 ], [ 134.624613190746231, 34.230909667347305 ], [ 134.624536056793659, 34.231719306300988 ], [ 134.625184837610277, 34.231761945857158 ], [ 134.625253022409083, 34.23211616183147 ], [ 134.624452827236269, 34.232734198424566 ], [ 134.62385306126987, 34.232655585986549 ], [ 134.624436912833289, 34.232844135148753 ], [ 134.626348327413439, 34.231375134854659 ], [ 134.626854162789414, 34.232280666719419 ], [ 134.627423411161544, 34.232456747680828 ], [ 134.628453994656184, 34.232143892426734 ], [ 134.629578145415167, 34.231232026636746 ], [ 134.630098885255393, 34.231919332611142 ], [ 134.631111946359283, 34.231752225085188 ], [ 134.631801919722875, 34.232552801570591 ], [ 134.632403217234696, 34.232243000414201 ], [ 134.633740921006734, 34.232706531681117 ], [ 134.63506097288564, 34.232598666994932 ], [ 134.636429804891691, 34.233503919170573 ], [ 134.636277522689625, 34.233844585958934 ], [ 134.636861387742897, 34.23365705392996 ], [ 134.637858911259855, 34.234093774608084 ], [ 134.638147172753861, 34.233688225331377 ], [ 134.638490946699903, 34.234028775207889 ], [ 134.638044552913811, 34.234080080631259 ], [ 134.637618586328813, 34.234972918565404 ], [ 134.636856472048635, 34.235020468419918 ], [ 134.637049780423126, 34.23423508058454 ], [ 134.636687950788314, 34.234271531905733 ], [ 134.636464578077835, 34.234920080697236 ], [ 134.635712776323658, 34.234466360134491 ], [ 134.63635147933735, 34.235162000126252 ], [ 134.636715304567701, 34.23639733317043 ], [ 134.639184332091304, 34.237976864640643 ], [ 134.643635940246554, 34.239542640080799 ], [ 134.643660194962081, 34.239537558911252 ] ] ], [ [ [ 134.58764836567957, 34.240206197657926 ], [ 134.589235161873262, 34.239622802050746 ], [ 134.587690726445885, 34.240106306360985 ], [ 134.587407134231967, 34.239614333135023 ], [ 134.588908366228225, 34.239020494600197 ], [ 134.589085887903479, 34.239250721044016 ], [ 134.588878715580336, 34.238867865259806 ], [ 134.590319338666632, 34.237723558895198 ], [ 134.589083475921711, 34.236180666704456 ], [ 134.589679416172203, 34.236956027099041 ], [ 134.588900363161315, 34.23706553214862 ], [ 134.588781699415904, 34.236297225136866 ], [ 134.587962166121088, 34.235741134745638 ], [ 134.588475226650417, 34.235508865042164 ], [ 134.588856939396351, 34.235903748359362 ], [ 134.588397366944946, 34.235330495306187 ], [ 134.587935383411264, 34.235700532153885 ], [ 134.587668949362637, 34.235292161703967 ], [ 134.587770168958173, 34.234620252122966 ], [ 134.588178365838985, 34.235046225003316 ], [ 134.586934616939061, 34.233888495357803 ], [ 134.586211919944162, 34.232374027139713 ], [ 134.586610778264912, 34.231198134786155 ], [ 134.586504162737015, 34.230562973302654 ], [ 134.587013411040175, 34.229808666936492 ], [ 134.587092697969751, 34.228122558609243 ], [ 134.588743670683925, 34.226698919219814 ], [ 134.589197588198203, 34.225452467857167 ], [ 134.590398586026026, 34.224733108246426 ], [ 134.590535746127898, 34.224218748196733 ], [ 134.588964305858099, 34.222726000404634 ], [ 134.588712412048267, 34.222186774999727 ], [ 134.589105887926394, 34.221820134891345 ], [ 134.588755887973889, 34.222123918683963 ], [ 134.588153138956272, 34.221282279153911 ], [ 134.588778326958277, 34.221169532048293 ], [ 134.589041025223196, 34.221460198329567 ], [ 134.588768974908362, 34.221089828732659 ], [ 134.589181777217277, 34.220599252153818 ], [ 134.588738105679113, 34.219551639996268 ], [ 134.588964747425166, 34.21938691927096 ], [ 134.588789027091934, 34.219157135293585 ], [ 134.588926199784396, 34.21938408101056 ], [ 134.588450726419978, 34.219408333028184 ], [ 134.587796808675876, 34.218483829065519 ], [ 134.587371530072119, 34.218570467952759 ], [ 134.587215498596493, 34.218235946231971 ], [ 134.587530829684056, 34.217615494959205 ], [ 134.588018833302613, 34.217985585766201 ], [ 134.58674992227111, 34.216417440612474 ], [ 134.586156472243488, 34.21619372076367 ], [ 134.586932827288251, 34.215932775277395 ], [ 134.587369857333101, 34.216483000290282 ], [ 134.586952476575561, 34.215873640356278 ], [ 134.58637749682407, 34.216057252240432 ], [ 134.586190220202525, 34.215788720972739 ], [ 134.58640891104244, 34.215687972621879 ], [ 134.585823917340008, 34.215252666577328 ], [ 134.584220660854839, 34.212806748033074 ], [ 134.582831414238399, 34.213026386758372 ], [ 134.581588079926064, 34.212498586340757 ], [ 134.582246226282336, 34.21247008142916 ], [ 134.582470000090552, 34.212148694306848 ], [ 134.583082308901453, 34.210500495101826 ], [ 134.582331362402556, 34.210377494825593 ], [ 134.584070117042302, 34.206541918674645 ], [ 134.584679831309245, 34.206015972659088 ], [ 134.584410636341886, 34.205645828792001 ], [ 134.584905913677062, 34.205707278568127 ], [ 134.584633968582807, 34.20550286536502 ], [ 134.585116614939921, 34.204545585610333 ], [ 134.584115719864599, 34.204181198303729 ], [ 134.584624033772229, 34.203070198331034 ], [ 134.585004721290943, 34.203249279430736 ], [ 134.585741776861596, 34.202112945556053 ], [ 134.585375473099703, 34.201748999816516 ], [ 134.587669663424322, 34.200497559015162 ], [ 134.589395473222567, 34.198909612588579 ], [ 134.590328806729076, 34.198676829372232 ], [ 134.59173525287963, 34.197838693600886 ], [ 134.592089467954679, 34.197281918825524 ], [ 134.593608780820659, 34.196677495270251 ], [ 134.594801854721936, 34.195607667160175 ], [ 134.596952944023201, 34.195048775380712 ], [ 134.597401167030284, 34.194499440696688 ], [ 134.600055772356086, 34.193360747900272 ], [ 134.602152750349205, 34.192838495400281 ], [ 134.603404889923809, 34.192880802207299 ], [ 134.604081504757687, 34.19240374783476 ], [ 134.606308611952954, 34.191829054067625 ], [ 134.606689662797748, 34.192869693781404 ], [ 134.607152996213813, 34.193017134932859 ], [ 134.611699688789713, 34.191751946195438 ], [ 134.611792554582735, 34.191056720791096 ], [ 134.611427951438827, 34.191845892074298 ], [ 134.607539728076063, 34.192946864606142 ], [ 134.606937911655336, 34.192755306312392 ], [ 134.606679415922372, 34.192061467662654 ], [ 134.60698513595537, 34.192450613305198 ], [ 134.606866912877763, 34.191864775139322 ], [ 134.607450363343673, 34.191688865049116 ], [ 134.606863449588559, 34.191698108281116 ], [ 134.611530388716574, 34.190664693720692 ], [ 134.611762386824807, 34.190983441332776 ], [ 134.611614423167111, 34.190660494786073 ], [ 134.612936354629142, 34.189182000349092 ], [ 134.615029804581923, 34.188124612560898 ], [ 134.615267588028814, 34.188396134973686 ], [ 134.615060699891501, 34.188107467885402 ], [ 134.615881024589726, 34.187477134861922 ], [ 134.619396523930504, 34.185560387302075 ], [ 134.619382865926582, 34.185090891731306 ], [ 134.620515226596467, 34.184158918899016 ], [ 134.620689248110352, 34.184520747634451 ], [ 134.620982437889211, 34.184265440897434 ], [ 134.620544968075933, 34.184128639625044 ], [ 134.622754578061404, 34.18195619772041 ], [ 134.623361555691304, 34.182269694191064 ], [ 134.624119494419233, 34.181624107766424 ], [ 134.623334720820822, 34.182209640162796 ], [ 134.623577613316229, 34.181277107952212 ], [ 134.624472477422955, 34.180706278571961 ], [ 134.624796057092453, 34.180739387113078 ], [ 134.624683553703107, 34.181131135393628 ], [ 134.627174449141535, 34.180540305990405 ], [ 134.629312023431225, 34.180707278618058 ], [ 134.632408807420575, 34.181421585837541 ], [ 134.632731414023624, 34.181989279281879 ], [ 134.633208418034087, 34.181416000148317 ], [ 134.63437252926883, 34.18119916191182 ], [ 134.637466860807081, 34.18155825221163 ], [ 134.639545382913184, 34.181395802274494 ], [ 134.640779883185132, 34.180996586023696 ], [ 134.64105128418953, 34.180535467637753 ], [ 134.641900505903664, 34.180162613214065 ], [ 134.640609922110229, 34.177886314901571 ], [ 134.641570907971072, 34.177532458656117 ], [ 134.641253799823062, 34.177313305564667 ], [ 134.641245356987724, 34.176605162298472 ], [ 134.639621193063704, 34.175191413652897 ], [ 134.638187108048669, 34.172419999883118 ], [ 134.63848822265345, 34.172057386938889 ], [ 134.638170285330489, 34.172087305584739 ], [ 134.637600999186816, 34.170612197994615 ], [ 134.634564577693141, 34.166859559121406 ], [ 134.634840752298942, 34.16640802660919 ], [ 134.634494086133259, 34.166405918598343 ], [ 134.634053164721877, 34.165145945928714 ], [ 134.631448053584904, 34.162943667216496 ], [ 134.630233164828724, 34.160950026722389 ], [ 134.629815032237957, 34.161028080681433 ], [ 134.630561167364021, 34.160667892309448 ], [ 134.630019027256367, 34.16087177491255 ], [ 134.630300894570723, 34.160693198332467 ], [ 134.629758806623727, 34.159762305586014 ], [ 134.627676860798601, 34.158134440951756 ], [ 134.625854721018641, 34.155364332997635 ], [ 134.622390363424643, 34.151732413719969 ], [ 134.619318807217269, 34.147185613225531 ], [ 134.619152802260032, 34.146643865222245 ], [ 134.621152917872905, 34.145672973329113 ], [ 134.619026471794314, 34.146570639723279 ], [ 134.616242477408491, 34.144430080583788 ], [ 134.61971254210016, 34.141438162041595 ], [ 134.624718288218446, 34.142309260663922 ], [ 134.619698703332574, 34.141377305818082 ], [ 134.619472775648092, 34.140888613318907 ], [ 134.600829170429961, 34.148547774959923 ], [ 134.599105551380148, 34.14712610778372 ], [ 134.598304993780516, 34.147601386894564 ], [ 134.597425551248307, 34.146840829340874 ], [ 134.5941011146748, 34.146120558716859 ], [ 134.591374720966655, 34.145009162143197 ], [ 134.590996394168315, 34.146387494587259 ], [ 134.586607781723842, 34.14776194555742 ], [ 134.585130272044466, 34.148880278602007 ], [ 134.584118612084353, 34.151965559363134 ], [ 134.58241221774972, 34.153372775333366 ], [ 134.576853891294149, 34.155383332974509 ], [ 134.573837224308477, 34.154191667411567 ], [ 134.569747497049434, 34.154919162289559 ], [ 134.569369170251093, 34.154560829218951 ], [ 134.569307497443106, 34.153456945581638 ], [ 134.570081659940683, 34.151219441324201 ], [ 134.569853061269782, 34.149713612892981 ], [ 134.5684283274054, 34.149333332767128 ], [ 134.564144994096296, 34.151142775019082 ], [ 134.561708885356893, 34.14768472077327 ], [ 134.559359441585002, 34.14320110844443 ], [ 134.556658885399315, 34.140921667001408 ], [ 134.556508612282641, 34.140502775382856 ], [ 134.554830829878938, 34.140068053897608 ], [ 134.554334449075668, 34.140168332802375 ], [ 134.55453000035925, 34.140687225435158 ], [ 134.552107781648829, 34.14134389240678 ], [ 134.551693891160198, 34.140884161674762 ], [ 134.547443891222656, 34.140624720754317 ], [ 134.547105279385164, 34.139899162116706 ], [ 134.54086888479128, 34.139899162116706 ], [ 134.539244163287549, 34.138051387161852 ], [ 134.538371659924223, 34.136059720679611 ], [ 134.537484163063709, 34.135006108245364 ], [ 134.534204162891911, 34.133733332827092 ], [ 134.532541945954108, 34.133802225392458 ], [ 134.531488612309658, 34.133080279331466 ], [ 134.531082217670246, 34.131973053813454 ], [ 134.529999170425413, 34.130950558821269 ], [ 134.521303060787659, 34.134912225318999 ], [ 134.521626667436863, 34.135622224785891 ], [ 134.517045279016429, 34.137682495151068 ], [ 134.517090558082828, 34.138886386997228 ], [ 134.513705551270277, 34.140040000445708 ], [ 134.514066394348674, 34.141494161926062 ], [ 134.511305837194641, 34.142309999906615 ], [ 134.510365551029395, 34.142941666624665 ], [ 134.50312888459041, 34.144104440567503 ], [ 134.502790271853655, 34.143979441098395 ], [ 134.50239917018564, 34.14186277514699 ], [ 134.500984994362057, 34.142131667042861 ], [ 134.499051659706424, 34.142997494738665 ], [ 134.495514721427298, 34.146040558624918 ], [ 134.49273165963848, 34.147654721188474 ], [ 134.489656938716848, 34.148248333094159 ], [ 134.486751114972094, 34.147949440714171 ], [ 134.485777223839818, 34.148472495409408 ], [ 134.485774994420467, 34.150328613374882 ], [ 134.486398612206244, 34.150814721222446 ], [ 134.485661387563027, 34.151596946142206 ], [ 134.486605836690046, 34.152591107993317 ], [ 134.486713891133263, 34.153308332613506 ], [ 134.486321388321471, 34.153509440808079 ], [ 134.486313060599286, 34.154661108123719 ], [ 134.484756939381327, 34.154900828710311 ], [ 134.484165279004515, 34.155686667106067 ], [ 134.48439082987295, 34.157589440999971 ], [ 134.4838580544058, 34.158498332731938 ], [ 134.483823605874818, 34.159966108149433 ], [ 134.484433606126117, 34.163405559019395 ], [ 134.483516938855701, 34.164272775268444 ], [ 134.483123332575815, 34.165393612924959 ], [ 134.483435551109892, 34.166540828596396 ], [ 134.482015278782114, 34.168267775137792 ], [ 134.481824162954808, 34.169284721312863 ], [ 134.48055888518445, 34.169858333195577 ], [ 134.480442776413042, 34.170850828602909 ], [ 134.479901945718325, 34.171427775171765 ], [ 134.480769441656435, 34.172505829380555 ], [ 134.480300000045077, 34.173371387279758 ], [ 134.480259169924807, 34.176171946278373 ], [ 134.479084994377104, 34.177419440854578 ], [ 134.478523606079648, 34.178616108446704 ], [ 134.476838885406323, 34.178989441309739 ], [ 134.474164163145701, 34.177741667044359 ], [ 134.472469442011175, 34.178446107801676 ], [ 134.470182217835145, 34.177376667299427 ], [ 134.466108611823074, 34.177156107668281 ], [ 134.465802218197837, 34.176545000351553 ], [ 134.46472999968978, 34.176273612837008 ], [ 134.462504163236645, 34.177376667299427 ], [ 134.461146108705975, 34.179031667177753 ], [ 134.459400557889467, 34.18009222507618 ], [ 134.459308612102859, 34.181042775203991 ], [ 134.458032217812615, 34.183164721075059 ], [ 134.45569389056061, 34.185727494828086 ], [ 134.455520557927457, 34.186448892302565 ], [ 134.45475972787915, 34.187348333059163 ], [ 134.4561841631687, 34.190861945622316 ], [ 134.45483111516387, 34.192440558884755 ], [ 134.449419999633392, 34.192253332625228 ], [ 134.448113333263791, 34.192643892002081 ], [ 134.44770472089624, 34.192346666965136 ], [ 134.444437781578472, 34.192032495103604 ], [ 134.442498053642339, 34.192390278688436 ], [ 134.439684449078072, 34.191422225055703 ], [ 134.438890558152821, 34.190828613150018 ], [ 134.439100271960001, 34.191278332628997 ], [ 134.438834721045623, 34.192253613213722 ], [ 134.437900558364163, 34.194080828767312 ], [ 134.438273606142047, 34.195153891738755 ], [ 134.43940333269768, 34.195594721419297 ], [ 134.438864994024357, 34.197801108234614 ], [ 134.439556938701799, 34.198370279265021 ], [ 134.439843605697888, 34.199093891769735 ], [ 134.440700829579669, 34.199659162440469 ], [ 134.440060829743516, 34.200872775058599 ], [ 134.439824720834281, 34.202574161968073 ], [ 134.440505279195349, 34.20332527933823 ], [ 134.440097496902013, 34.205140828886215 ], [ 134.440206692584866, 34.207853882950417 ], [ 134.440960829878463, 34.207497693863559 ], [ 134.441499170350539, 34.207644027050264 ], [ 134.441475668367502, 34.208009775031144 ], [ 134.440786303844902, 34.208031134829071 ], [ 134.441788975081181, 34.208216081307171 ], [ 134.442651192898325, 34.207549721442547 ], [ 134.447309948195652, 34.206198919044937 ], [ 134.452551284314382, 34.205362000056311 ], [ 134.455547275886147, 34.206741864945172 ], [ 134.458224111553591, 34.207369721235693 ], [ 134.46394630437851, 34.207322801805901 ], [ 134.465175810715209, 34.207651585852034 ], [ 134.465444863589596, 34.207828333211069 ], [ 134.465310557935936, 34.208124279412004 ], [ 134.465506004898316, 34.207839748305787 ], [ 134.467040699768518, 34.208314414078984 ], [ 134.469319883106209, 34.208303359612387 ], [ 134.471598638366572, 34.208696775236035 ], [ 134.475433138928338, 34.21019961342148 ], [ 134.478674747041964, 34.212332693798828 ], [ 134.478634994309573, 34.212769359618278 ], [ 134.479674448716878, 34.213711108081213 ], [ 134.480060220103155, 34.213570107874204 ], [ 134.480800946706381, 34.215141414145023 ], [ 134.480217665313035, 34.215274108213578 ], [ 134.479047951301936, 34.213852693746844 ], [ 134.477355330983755, 34.212825468320773 ], [ 134.479013917358429, 34.21399649534203 ], [ 134.480086199718357, 34.215289586445294 ], [ 134.480630583634593, 34.215338972715472 ], [ 134.480172775653159, 34.215858467894009 ], [ 134.480774501242308, 34.216425973380012 ], [ 134.481037392861481, 34.216234441166591 ], [ 134.480780220031193, 34.216395721085689 ], [ 134.480210972558439, 34.215859162170659 ], [ 134.480731439904048, 34.215472747769127 ], [ 134.481302087621316, 34.216010467708998 ], [ 134.481045811415129, 34.216200667127112 ], [ 134.48132697815754, 34.216021999715565 ], [ 134.481666161064595, 34.21628874762763 ], [ 134.48381422774446, 34.21879466714023 ], [ 134.485129559081997, 34.219240559104549 ], [ 134.485963138887769, 34.219911197943475 ], [ 134.490295940305487, 34.220988774612294 ], [ 134.494027859698008, 34.223475667168373 ], [ 134.495602580694595, 34.224169612837386 ], [ 134.502264772801141, 34.22496353164172 ], [ 134.506173476424806, 34.225806360075524 ], [ 134.511540803964976, 34.22593735982133 ], [ 134.512895524708711, 34.226170332794652 ], [ 134.512855188316394, 34.226455441265671 ], [ 134.51303444928044, 34.226151134966983 ], [ 134.515655446941423, 34.226031999976897 ], [ 134.517730804333269, 34.226260640016562 ], [ 134.520391698618027, 34.225534081332853 ], [ 134.521536808976634, 34.226069775100086 ], [ 134.525142334950829, 34.226594945900104 ], [ 134.524144163022811, 34.226186694160674 ], [ 134.522610025732206, 34.226126107733762 ], [ 134.522242140062758, 34.225662919108458 ], [ 134.52390963692028, 34.225265387287834 ], [ 134.523872801588595, 34.225727747637507 ], [ 134.525060466967034, 34.225689333096284 ], [ 134.524985576822928, 34.226093108010559 ], [ 134.525134227562603, 34.225531946342301 ], [ 134.526165472958269, 34.225358945558924 ], [ 134.528489636787413, 34.226090278743413 ], [ 134.528599947629573, 34.225906720818557 ], [ 134.530201193230596, 34.226567801662782 ], [ 134.530239804723237, 34.226841891640049 ], [ 134.532366251701205, 34.226884774912492 ], [ 134.532902698201042, 34.226411468014874 ], [ 134.536660169131551, 34.226024720864245 ], [ 134.541456355226728, 34.226361559238626 ], [ 134.542955668069681, 34.225684108035182 ], [ 134.543734993575185, 34.225567278906851 ], [ 134.544073385078718, 34.225809198335867 ], [ 134.546111088755765, 34.225048693842211 ], [ 134.547870168973191, 34.224844721306908 ], [ 134.544661634326985, 34.225385694094541 ], [ 134.544206938899151, 34.225073495345612 ], [ 134.544592671614623, 34.224511532381371 ], [ 134.545931634437466, 34.22418646793119 ], [ 134.546011894433491, 34.224383774691489 ], [ 134.547127523216659, 34.223954135275164 ], [ 134.547359947603582, 34.224448972841856 ], [ 134.547229753650299, 34.223638081132606 ], [ 134.550197496617216, 34.223423829346302 ], [ 134.554233449813978, 34.222331162053536 ], [ 134.557199636953783, 34.221900919192137 ], [ 134.558684941956585, 34.222367919144233 ], [ 134.558193087441055, 34.22205399999217 ], [ 134.558193799704213, 34.221679134684393 ], [ 134.558845965568935, 34.221368332582529 ], [ 134.558993994877028, 34.220968054232344 ], [ 134.5595155252214, 34.221067225172362 ], [ 134.558961776664773, 34.221731558864406 ], [ 134.559407004030049, 34.221587532438718 ], [ 134.56092105136554, 34.222095081023213 ], [ 134.563978444149939, 34.224682306443356 ], [ 134.565561920046662, 34.22512058564655 ], [ 134.567066589251795, 34.224729494770429 ], [ 134.56779983079764, 34.225047828694414 ], [ 134.567662865848661, 34.224617468021791 ], [ 134.568081725091588, 34.223562440953913 ], [ 134.568371439890143, 34.223497278776449 ], [ 134.568516640830353, 34.222884495123424 ], [ 134.569046835243284, 34.222895919211339 ], [ 134.568532672145125, 34.222812775089551 ], [ 134.568162412265565, 34.223299667145966 ], [ 134.568004889713961, 34.222995612657428 ], [ 134.568879222298278, 34.222377747834855 ], [ 134.569771660034121, 34.22245397257285 ], [ 134.570000855854914, 34.223472972799527 ], [ 134.571230610404427, 34.224517198110277 ], [ 134.571541633739457, 34.224265467977034 ], [ 134.57112341121649, 34.223910775362071 ], [ 134.571707496603722, 34.22343725172783 ], [ 134.571247301821586, 34.223306305941321 ], [ 134.572264423364459, 34.222480441419293 ], [ 134.573817834025931, 34.223679693662973 ], [ 134.573073449879871, 34.22428166656573 ], [ 134.572201751409807, 34.223538748314638 ], [ 134.571736614852966, 34.223919945748946 ], [ 134.572201945663323, 34.223605639888433 ], [ 134.573705356716914, 34.224815612950238 ], [ 134.573208223181041, 34.226427919313096 ], [ 134.572526523580223, 34.227096774796394 ], [ 134.571531529856316, 34.227143613287183 ], [ 134.571873747975133, 34.226743135287506 ], [ 134.569497302058949, 34.227589134730863 ], [ 134.569297755986668, 34.227069162012242 ], [ 134.569366977703908, 34.227288919448142 ], [ 134.568848391739948, 34.227426945597131 ], [ 134.568734188631993, 34.22712582919371 ], [ 134.569343553961858, 34.226828613150019 ], [ 134.568611192852359, 34.227139721021388 ], [ 134.568497523042311, 34.227876612915395 ], [ 134.566576938974663, 34.22942513486214 ], [ 134.565773865071833, 34.23076033312293 ], [ 134.56601678274842, 34.232691639807399 ], [ 134.566826134818371, 34.234131386954004 ], [ 134.568465887590719, 34.23576149539673 ], [ 134.571003839155878, 34.237441332751359 ], [ 134.57736399485259, 34.238703279432855 ], [ 134.581989027371833, 34.238939053794354 ], [ 134.584452580722086, 34.239699721065335 ], [ 134.586243086849095, 34.239896559278861 ], [ 134.587220946689399, 34.239526640242332 ], [ 134.587585524652354, 34.24008874799739 ], [ 134.58764836567957, 34.240206197657926 ] ] ], [ [ [ 134.60723613493974, 34.251649252311211 ], [ 134.608462606963826, 34.251274828570558 ], [ 134.608092360574005, 34.250974919057342 ], [ 134.608564617063507, 34.25060119768716 ], [ 134.609930557749067, 34.250242558847049 ], [ 134.613752607197171, 34.250506946038797 ], [ 134.614807003840269, 34.249946892335288 ], [ 134.615291336426139, 34.248838306142943 ], [ 134.615959467955122, 34.248223332640748 ], [ 134.615749780228271, 34.247412252073843 ], [ 134.61633466871001, 34.245486666876218 ], [ 134.617029610827899, 34.244471801732288 ], [ 134.617928080316688, 34.243949828921529 ], [ 134.617679104806939, 34.243206026636869 ], [ 134.616931141359146, 34.242571667348614 ], [ 134.616477561989996, 34.242470413578758 ], [ 134.617082580896408, 34.242918278655679 ], [ 134.615866978078657, 34.242892918673306 ], [ 134.615470026320736, 34.242377892225988 ], [ 134.616084773193847, 34.242320829342873 ], [ 134.615424060172359, 34.242144081084518 ], [ 134.614932865759215, 34.24104266698555 ], [ 134.615981283709289, 34.239685531562088 ], [ 134.615598105967933, 34.238585468244821 ], [ 134.617014059751114, 34.237509666837695 ], [ 134.618987977213465, 34.237546747684291 ], [ 134.616716641359972, 34.235619080556148 ], [ 134.617418301413522, 34.234305585634331 ], [ 134.617112581380638, 34.23360410814314 ], [ 134.617245913967849, 34.233073134917277 ], [ 134.616546808888188, 34.232366694067707 ], [ 134.614313332694223, 34.231345828647136 ], [ 134.614157523351082, 34.231835612923248 ], [ 134.613601725239505, 34.232069720840968 ], [ 134.61353839228309, 34.232560721000539 ], [ 134.612661751138944, 34.232656053634003 ], [ 134.611784720588503, 34.231492467603346 ], [ 134.611141777271314, 34.229628801627939 ], [ 134.609731310251846, 34.229461721081634 ], [ 134.608965837003893, 34.228986774719942 ], [ 134.608270440728347, 34.229468000148131 ], [ 134.6085603111095, 34.230135666727676 ], [ 134.609141362184232, 34.230402667349267 ], [ 134.608778520812166, 34.230794413831177 ], [ 134.608959882592558, 34.231273918856346 ], [ 134.608744889764921, 34.231456531593722 ], [ 134.609667756062208, 34.231410586129698 ], [ 134.60945732819323, 34.231793747683355 ], [ 134.610478080299231, 34.233573864842015 ], [ 134.6092358368644, 34.233577332627874 ], [ 134.608712049221708, 34.233258612894701 ], [ 134.608512113743132, 34.232570748441333 ], [ 134.607575667683022, 34.232053801941447 ], [ 134.607980143169129, 34.231690892220968 ], [ 134.607564773295735, 34.232024973273951 ], [ 134.606596666602968, 34.231700693931941 ], [ 134.606252749664691, 34.231082359663219 ], [ 134.60536732843957, 34.230589026662301 ], [ 134.605131529796381, 34.229619107835617 ], [ 134.604483358720131, 34.229405973007317 ], [ 134.604566743860232, 34.229200945567243 ], [ 134.604163086757126, 34.229383359554447 ], [ 134.604039079240124, 34.228739414392521 ], [ 134.600905810654695, 34.226504413847692 ], [ 134.600805966122493, 34.225028972609039 ], [ 134.599612892221216, 34.225005585739268 ], [ 134.599094746925061, 34.223442197999077 ], [ 134.599769558618277, 34.222880720668797 ], [ 134.599661362082202, 34.222196000245276 ], [ 134.600349026886192, 34.221406026766772 ], [ 134.599878910783218, 34.220431748026783 ], [ 134.599295811052912, 34.219914162108921 ], [ 134.598788170737521, 34.219899891666728 ], [ 134.598200168802805, 34.220678027369104 ], [ 134.598130311264867, 34.221442162425888 ], [ 134.597173411024187, 34.221400693787018 ], [ 134.597259532801218, 34.220576359911149 ], [ 134.596277445248006, 34.219762054375337 ], [ 134.596936056553886, 34.218118000145637 ], [ 134.594144916155074, 34.217388279445572 ], [ 134.593442996197382, 34.216650134795941 ], [ 134.59358016888973, 34.216119801887373 ], [ 134.592295278704228, 34.215399026743739 ], [ 134.592041802986842, 34.214684829241548 ], [ 134.591125058374814, 34.213996667112553 ], [ 134.590869338848961, 34.215468252058258 ], [ 134.590168365877503, 34.216584999598126 ], [ 134.590263644551669, 34.217030747670947 ], [ 134.589672244078884, 34.217575306055608 ], [ 134.590686523764134, 34.218030586042744 ], [ 134.591007081711496, 34.218938198039439 ], [ 134.590363139247529, 34.219446494859881 ], [ 134.591262671734967, 34.220125559447069 ], [ 134.590757134034561, 34.221043224964887 ], [ 134.590737639430586, 34.222131161823711 ], [ 134.590412308781083, 34.222370278965229 ], [ 134.591033332922052, 34.223246613440494 ], [ 134.592533306766768, 34.222722720577167 ], [ 134.593187301852595, 34.222757027015234 ], [ 134.593991505303734, 34.22330969368744 ], [ 134.593241777386197, 34.223796531784558 ], [ 134.592850000327303, 34.224496278980155 ], [ 134.593204837733083, 34.225859108011491 ], [ 134.592950219876798, 34.226423467668951 ], [ 134.591800272064916, 34.226978081373431 ], [ 134.591233502224441, 34.226556972926005 ], [ 134.590359882802431, 34.226649306320496 ], [ 134.589532943590484, 34.227448198375725 ], [ 134.58784435763107, 34.23067505401059 ], [ 134.587964280427286, 34.231998694184426 ], [ 134.589447029556823, 34.233805360229269 ], [ 134.589829754040011, 34.234815892439542 ], [ 134.589588470431636, 34.235087135163212 ], [ 134.591714578365213, 34.236502468414244 ], [ 134.591973112768983, 34.238356332678677 ], [ 134.592362555187833, 34.238967162104871 ], [ 134.592026030676834, 34.239428134800619 ], [ 134.593375279045972, 34.241438748199698 ], [ 134.593450531616782, 34.242624945884586 ], [ 134.596327444855774, 34.244606585825352 ], [ 134.598737638731109, 34.245130332998542 ], [ 134.599902633100101, 34.245760414211816 ], [ 134.602099143560736, 34.247951613276371 ], [ 134.602360894839535, 34.248925413577012 ], [ 134.605075226840313, 34.251566413958869 ], [ 134.606046251833163, 34.252015919399184 ], [ 134.607177497343741, 34.251665360068387 ], [ 134.60723613493974, 34.251649252311211 ] ] ] ] } },
{ "type": "Feature", "properties": { "regioncode": "3620300", "regionname": "徳島県小松島市", "name": "小松島市", "namekana": "こまつしまし", "PrefCode": "36" }, "geometry": { "type": "MultiPolygon", "coordinates": [ [ [ [ 134.609220078044245, 33.996910108015129 ], [ 134.609085304743076, 33.996717413877604 ], [ 134.609206304027794, 33.996907386666635 ], [ 134.609220078044245, 33.996910108015129 ] ] ], [ [ [ 134.61080697765999, 33.997775945603451 ], [ 134.6105517509626, 33.997705251696061 ], [ 134.610793217133278, 33.997776054421422 ], [ 134.61080697765999, 33.997775945603451 ] ] ], [ [ [ 134.610299364324305, 33.997784802126944 ], [ 134.610456082882024, 33.997615946318945 ], [ 134.609717781750305, 33.997523891714309 ], [ 134.610285550737672, 33.99778136042147 ], [ 134.610299364324305, 33.997784802126944 ] ] ], [ [ [ 134.629947691233042, 33.999528027296662 ], [ 134.629719610571669, 33.999431494967553 ], [ 134.630026861250712, 33.999567747653487 ], [ 134.629947691233042, 33.999528027296662 ] ] ], [ [ [ 134.611428884935208, 34.000156666896714 ], [ 134.611176667369364, 34.000290000383245 ], [ 134.611381114746678, 34.00019916166201 ], [ 134.611428884935208, 34.000156666896714 ] ] ], [ [ [ 134.599787393073825, 34.013746198228489 ], [ 134.598111581983972, 34.008693558760797 ], [ 134.599756978002233, 34.013752026734721 ], [ 134.599787393073825, 34.013746198228489 ] ] ], [ [ [ 134.59480868956939, 34.01526205410056 ], [ 134.594676718555775, 34.015012000303614 ], [ 134.594766278441057, 34.01527425160549 ], [ 134.59480868956939, 34.01526205410056 ] ] ], [ [ [ 134.599273579811893, 34.017019359955555 ], [ 134.599066589151789, 34.016961108168687 ], [ 134.59925992180797, 34.017025225333953 ], [ 134.599273579811893, 34.017019359955555 ] ] ], [ [ [ 134.564158054051063, 34.021768333441912 ], [ 134.564903333022471, 34.020710828741812 ], [ 134.566712217694771, 34.020891107738464 ], [ 134.567993333425648, 34.019703892021028 ], [ 134.569017781745288, 34.020310829181483 ], [ 134.569877496749086, 34.021447774595174 ], [ 134.571400000409767, 34.020774441387402 ], [ 134.571953891059252, 34.021346667414832 ], [ 134.573285278892627, 34.021518892083236 ], [ 134.576590829703036, 34.021336107575337 ], [ 134.578673605602489, 34.021844999746975 ], [ 134.58091555071212, 34.023039999996058 ], [ 134.582851945760808, 34.022454161830183 ], [ 134.587380272381779, 34.02253638684482 ], [ 134.588673332908002, 34.022825278763662 ], [ 134.589985550792562, 34.021330828554937 ], [ 134.59193444911557, 34.02099416195108 ], [ 134.592991945721792, 34.019666386694439 ], [ 134.595202217608289, 34.018211666735056 ], [ 134.595590829952926, 34.017514720927693 ], [ 134.598323332755626, 34.017308054023545 ], [ 134.600805524555426, 34.018728613234941 ], [ 134.600516939305408, 34.018399332763067 ], [ 134.600848197386426, 34.018505135303826 ], [ 134.600892192220954, 34.018249801587103 ], [ 134.600458003134349, 34.018034919376078 ], [ 134.601004617369313, 34.01784110828055 ], [ 134.599821802933889, 34.017815919169379 ], [ 134.599378054054, 34.017144414283337 ], [ 134.598213476071123, 34.01673753221138 ], [ 134.599547885626521, 34.014042107557259 ], [ 134.598359442334413, 34.016305864823835 ], [ 134.595863113192195, 34.015735387078507 ], [ 134.594295810703215, 34.016069918691869 ], [ 134.59420586321005, 34.015564134577176 ], [ 134.59430272379177, 34.016180162084879 ], [ 134.593183359224668, 34.016631225150945 ], [ 134.592681245243284, 34.015387693887021 ], [ 134.592715279186905, 34.016382252339099 ], [ 134.591805058256909, 34.016019532375594 ], [ 134.591464889692929, 34.01459827888749 ], [ 134.59211727589161, 34.014519000051848 ], [ 134.592597198202157, 34.014693080921006 ], [ 134.592514305890518, 34.014958801807325 ], [ 134.59264958461074, 34.014712413647032 ], [ 134.5940155252963, 34.015180802152372 ], [ 134.591677224124624, 34.014536640253823 ], [ 134.592221660201517, 34.012138224799287 ], [ 134.588991440202904, 34.011897945733665 ], [ 134.589071802721605, 34.011086494646065 ], [ 134.591454526805023, 34.010921828779431 ], [ 134.591632166291561, 34.010273720655732 ], [ 134.59251377439125, 34.009917694346143 ], [ 134.591537419116662, 34.010070440598383 ], [ 134.591736718774655, 34.00915055915101 ], [ 134.592654085717527, 34.008835360263731 ], [ 134.591643695600169, 34.009069999680776 ], [ 134.591911218727773, 34.007935972567111 ], [ 134.591734188981718, 34.008187891558009 ], [ 134.591531140949428, 34.007775279005955 ], [ 134.590290830157755, 34.008040945932976 ], [ 134.588234449360357, 34.009258198107432 ], [ 134.588272437623004, 34.00808646781627 ], [ 134.590415550837065, 34.006553279310424 ], [ 134.59081727619639, 34.006100919421954 ], [ 134.59061516166048, 34.005611747584112 ], [ 134.591722865617839, 34.006678080928737 ], [ 134.591539689005458, 34.006251892211083 ], [ 134.592524616617879, 34.005878359698613 ], [ 134.593460946665459, 34.007021585977441 ], [ 134.593019274320113, 34.007273108367315 ], [ 134.592396692553393, 34.006880306081314 ], [ 134.591880362988377, 34.006989586300392 ], [ 134.593030051795495, 34.007348747646631 ], [ 134.596141089140019, 34.005522197591404 ], [ 134.597760699796481, 34.007354414274857 ], [ 134.596199105304549, 34.0054855861909 ], [ 134.599289882722019, 34.003699413896868 ], [ 134.59711022016063, 34.001649973167787 ], [ 134.599923358876026, 33.998946027437285 ], [ 134.602579222353256, 33.997538666676178 ], [ 134.603073191174872, 33.997513134923281 ], [ 134.603073281107072, 33.997827027095695 ], [ 134.603136200375388, 33.997459747569337 ], [ 134.604495810733169, 33.997035693842236 ], [ 134.604879222298337, 33.997452359638714 ], [ 134.604665966061589, 33.99679458560172 ], [ 134.607016588844544, 33.996065107718607 ], [ 134.607333839085413, 33.996101972727899 ], [ 134.607499026558912, 33.996594972979665 ], [ 134.609152282651735, 33.996113027194497 ], [ 134.611229274111793, 33.99666269372841 ], [ 134.612698832884917, 33.997998107826447 ], [ 134.614233891081312, 33.996832386805238 ], [ 134.614744448797296, 33.997244494837616 ], [ 134.611639248052938, 33.994323558885185 ], [ 134.609365447157757, 33.992881333207038 ], [ 134.608848222767278, 33.992922720906904 ], [ 134.609126251775137, 33.99325997296944 ], [ 134.608339830618775, 33.993063945944414 ], [ 134.605844616635864, 33.993905332764939 ], [ 134.605069973900186, 33.993798972644527 ], [ 134.605114189068672, 33.993520558726857 ], [ 134.605893385071681, 33.993243829239361 ], [ 134.605798716137883, 33.992451414101538 ], [ 134.608794747279831, 33.991624973114085 ], [ 134.608994746610279, 33.992131586403616 ], [ 134.608947561880541, 33.991784585690141 ], [ 134.609540311336332, 33.991695640041826 ], [ 134.608895837373097, 33.9917230270961 ], [ 134.608572943886315, 33.988917467866884 ], [ 134.607949754177866, 33.987727612639276 ], [ 134.606685304683083, 33.986330559008138 ], [ 134.605428054261324, 33.985968802218508 ], [ 134.605501310337218, 33.98552158555276 ], [ 134.605072088206384, 33.985525612716913 ], [ 134.604855032333944, 33.984919252021939 ], [ 134.605149105247051, 33.984432612674993 ], [ 134.606327444655903, 33.984321972680959 ], [ 134.606361244775712, 33.983234414436708 ], [ 134.60724686115384, 33.982791613442259 ], [ 134.607520532047033, 33.982731332784851 ], [ 134.60934652362323, 33.987335919217344 ], [ 134.609940363057376, 33.987330829054542 ], [ 134.610760660775895, 33.991812613061711 ], [ 134.610649339095744, 33.990928828602591 ], [ 134.611918689895674, 33.991692612923771 ], [ 134.612964864037281, 33.991704802334823 ], [ 134.612948755380785, 33.99213610819487 ], [ 134.613591245439693, 33.992141333255972 ], [ 134.613601166760532, 33.991708108242676 ], [ 134.616965109652142, 33.991749720773043 ], [ 134.616883501572374, 33.991184828716939 ], [ 134.618935472993712, 33.992218666858037 ], [ 134.618387249871716, 33.992994467920425 ], [ 134.617199248146903, 33.992612414331518 ], [ 134.622378716304752, 33.995145053601391 ], [ 134.623565745862493, 33.993471532185538 ], [ 134.625193332606273, 33.994242333017326 ], [ 134.625926808875192, 33.992752224735455 ], [ 134.625073579781997, 33.994123440844191 ], [ 134.622818911063973, 33.993007865120944 ], [ 134.620423696296598, 33.991200828555463 ], [ 134.62195255456686, 33.989032251936919 ], [ 134.626730532088459, 33.991068225318372 ], [ 134.626240778389274, 33.992127224691728 ], [ 134.626801140560246, 33.991098973139174 ], [ 134.627520921053701, 33.991388919063411 ], [ 134.627039585008902, 33.9916891622251 ], [ 134.624497197987353, 33.996174054289213 ], [ 134.625707912090547, 33.996771278771575 ], [ 134.629812529424726, 33.99591497309757 ], [ 134.63112022012217, 33.99505422477273 ], [ 134.63035269821853, 33.995250494614709 ], [ 134.630022801710993, 33.994910666893816 ], [ 134.630575058292379, 33.994146225168208 ], [ 134.631661440223297, 33.994681387436117 ], [ 134.631410389078269, 33.994891612957645 ], [ 134.633078975014769, 33.993535107958905 ], [ 134.634170414732921, 33.993145748277698 ], [ 134.634468274691244, 33.993356918986649 ], [ 134.633466615192219, 33.994031891658551 ], [ 134.634142087887085, 33.993882161732415 ], [ 134.634246615189227, 33.994201027155725 ], [ 134.633213994730113, 33.994998107976357 ], [ 134.632897497221734, 33.994749054225508 ], [ 134.633128755187954, 33.99414358565798 ], [ 134.629871440414718, 33.996429333147262 ], [ 134.6305560313358, 33.997700972721759 ], [ 134.629861166559635, 33.998095197735267 ], [ 134.630568054372247, 33.997764107827379 ], [ 134.630701387858835, 33.998009801711021 ], [ 134.628858560074605, 33.999171278831511 ], [ 134.628514864369549, 33.99977074802166 ], [ 134.62881655004378, 33.999336999602917 ], [ 134.62924050574486, 33.999503054022796 ], [ 134.628828443577845, 33.999308802259463 ], [ 134.629648949039847, 33.99874413503386 ], [ 134.629926252294808, 33.9990296940652 ], [ 134.629677223724912, 33.998727639668914 ], [ 134.630493281140048, 33.998250999883794 ], [ 134.63081571956991, 33.998815278602251 ], [ 134.630007249734831, 33.999609774771329 ], [ 134.630341724690879, 33.999749972783093 ], [ 134.631775966188002, 33.99799719771255 ], [ 134.632788366290129, 33.99845041375562 ], [ 134.632013359329108, 33.999290027113091 ], [ 134.631417445159059, 33.999110332675741 ], [ 134.632209078785991, 33.999659721319119 ], [ 134.632166523766159, 34.00015300036074 ], [ 134.631314280329889, 33.999718721341992 ], [ 134.630629195680854, 34.000423720578283 ], [ 134.629394863582206, 33.999826639987475 ], [ 134.628617638892933, 34.00013430615337 ], [ 134.628140195113929, 33.999649585959673 ], [ 134.628626719347722, 34.000177747904786 ], [ 134.629371387679498, 33.999857305969954 ], [ 134.631029467735857, 34.000651775159326 ], [ 134.629895421736364, 34.002184306260801 ], [ 134.629547328346575, 34.003436640088921 ], [ 134.625626550425068, 34.003812413711955 ], [ 134.625500051786048, 34.003622162133126 ], [ 134.625915472920838, 34.003440026935721 ], [ 134.625493671096137, 34.003612559172325 ], [ 134.625206328709169, 34.003140693887985 ], [ 134.625562283073009, 34.002837053986923 ], [ 134.625348391914827, 34.002979639698651 ], [ 134.625367561863527, 34.002650081336242 ], [ 134.624873359218213, 34.003881666905443 ], [ 134.625375837425054, 34.005846162170712 ], [ 134.62510839163906, 34.006678026969439 ], [ 134.625381530133609, 34.007700747691388 ], [ 134.62632316528186, 34.008761134718668 ], [ 134.62597586329548, 34.009031053640285 ], [ 134.627517833681168, 34.009483251650806 ], [ 134.627967807668256, 34.010234720655887 ], [ 134.631805084437133, 34.010638080982687 ], [ 134.631917691248532, 34.01142077534854 ], [ 134.63210649761686, 34.010903198423932 ], [ 134.633023385221122, 34.010783198286049 ], [ 134.63467725015505, 34.009833107711813 ], [ 134.636473968798668, 34.009279252135855 ], [ 134.639889104698455, 34.007330720736206 ], [ 134.642277249895187, 34.004921278694098 ], [ 134.644248275137898, 34.002293640439234 ], [ 134.647277172903273, 33.996996027444766 ], [ 134.647568948947878, 33.996699198109582 ], [ 134.648888144672242, 33.997148919387143 ], [ 134.648760610014165, 33.997664305563319 ], [ 134.649240583586106, 33.996646279302411 ], [ 134.648916354606172, 33.997093693818954 ], [ 134.647623994651667, 33.996543720616273 ], [ 134.649340699713548, 33.993407585891418 ], [ 134.650643384784416, 33.993871332995695 ], [ 134.650481192952725, 33.994373775229576 ], [ 134.650994890202128, 33.993390972715247 ], [ 134.65066274988601, 33.993821053698696 ], [ 134.649377951431347, 33.993187973246393 ], [ 134.650775162443892, 33.990735414108144 ], [ 134.651516083300635, 33.987318225056072 ], [ 134.652176939314359, 33.986021053728678 ], [ 134.64890963667051, 33.984636360379795 ], [ 134.649147755564513, 33.984265747965935 ], [ 134.648271115319744, 33.983532494728877 ], [ 134.647810558110791, 33.983925829413522 ], [ 134.64432805399656, 33.98202722477663 ], [ 134.644437496992964, 33.981003612826498 ], [ 134.644011388314993, 33.980840829240947 ], [ 134.643251388341014, 33.979419440854542 ], [ 134.642601114649779, 33.979251945720762 ], [ 134.641610220035659, 33.977800946256707 ], [ 134.641430194647796, 33.974813494647094 ], [ 134.640373255621284, 33.974422946062191 ], [ 134.639611777161804, 33.973730333188371 ], [ 134.639455083785151, 33.973222333144236 ], [ 134.639753890729594, 33.972578135272784 ], [ 134.639195863198552, 33.972244639678422 ], [ 134.639166834881621, 33.971825107742575 ], [ 134.63961000010147, 33.971694413766215 ], [ 134.639533865295675, 33.971300865042963 ], [ 134.639098365896984, 33.97142782863142 ], [ 134.639075110328122, 33.970068387346259 ], [ 134.638728170768559, 33.969204639782333 ], [ 134.635826589125827, 33.967924161670794 ], [ 134.635344384335895, 33.96734186503511 ], [ 134.635189857426099, 33.966467440719839 ], [ 134.635975551030924, 33.964920828933145 ], [ 134.635745278721743, 33.963729720949914 ], [ 134.632769170261099, 33.964657494847586 ], [ 134.631520271843101, 33.96454722537419 ], [ 134.631290000433182, 33.964666945822955 ], [ 134.631543890738044, 33.965424720874239 ], [ 134.631343891407482, 33.965683613208228 ], [ 134.629350557582256, 33.96579499963957 ], [ 134.627964721194985, 33.96690249495424 ], [ 134.627572502569024, 33.966736107785209 ], [ 134.627749999962589, 33.966236386899766 ], [ 134.627216666915729, 33.965952495211525 ], [ 134.625793890875457, 33.966365829019821 ], [ 134.625801387624051, 33.967288332890291 ], [ 134.626394163160171, 33.967973333002988 ], [ 134.625342218069022, 33.968448613013152 ], [ 134.625320000317856, 33.969596108373764 ], [ 134.624690000043529, 33.969738053768197 ], [ 134.624082218419744, 33.968451667110799 ], [ 134.622139170186642, 33.968462494948255 ], [ 134.620877224404467, 33.967456945881395 ], [ 134.620364162975761, 33.965926108203405 ], [ 134.619655278668233, 33.964956387227517 ], [ 134.616260272293744, 33.963848053744755 ], [ 134.61488306130434, 33.963053892123469 ], [ 134.614444994341056, 33.962300279134638 ], [ 134.615113606108139, 33.96173138689403 ], [ 134.613718611924469, 33.961458054145908 ], [ 134.61333250329244, 33.960821945676287 ], [ 134.614012775669153, 33.960413891787709 ], [ 134.61351111494605, 33.95961499973248 ], [ 134.613649442367887, 33.957949720603153 ], [ 134.612952217770726, 33.958194161731228 ], [ 134.613401660258432, 33.957786386632506 ], [ 134.613338327302017, 33.957464720720338 ], [ 134.612894448919747, 33.957556108028029 ], [ 134.612052776114751, 33.956809721091815 ], [ 134.611326667092044, 33.956828891939836 ], [ 134.611142217939118, 33.95452305359612 ], [ 134.61229472072489, 33.95165027903721 ], [ 134.611868053567832, 33.950616108146903 ], [ 134.608663891425522, 33.949375559034877 ], [ 134.606692776250725, 33.949560558572955 ], [ 134.605055836557653, 33.94898444117905 ], [ 134.604548885122995, 33.949447494905996 ], [ 134.602808327342473, 33.949198054446697 ], [ 134.601776667359331, 33.949646666860247 ], [ 134.600969728170526, 33.948845279186344 ], [ 134.600226394432639, 33.948619721123293 ], [ 134.598641387889757, 33.949433333281775 ], [ 134.597044994131238, 33.949310829431283 ], [ 134.595984448823287, 33.948370000075499 ], [ 134.594756667386378, 33.94856444069643 ], [ 134.594065279389156, 33.947940278820852 ], [ 134.592405550875583, 33.948093892019529 ], [ 134.590728326950739, 33.947779999847171 ], [ 134.589904163046754, 33.947040559274456 ], [ 134.588019442143604, 33.946174441097639 ], [ 134.586636393654658, 33.946042495264976 ], [ 134.584866938858227, 33.946551107747496 ], [ 134.58071722412069, 33.945096666577967 ], [ 134.574752217940613, 33.944786108192375 ], [ 134.575098054032082, 33.944224720794296 ], [ 134.572653890964375, 33.94170472059642 ], [ 134.570060558248201, 33.940974721106556 ], [ 134.567835550970017, 33.939011666555245 ], [ 134.565841387969726, 33.938627495062917 ], [ 134.565230271659743, 33.93788833328 ], [ 134.564135551214804, 33.938843612942435 ], [ 134.560965836704099, 33.93927527943066 ], [ 134.560596939297398, 33.939659162240616 ], [ 134.561473060633261, 33.940662224682001 ], [ 134.563455551332709, 33.941603054037785 ], [ 134.566821659791799, 33.941996946302083 ], [ 134.568239170301581, 33.942884999842931 ], [ 134.569807223724411, 33.94475222533498 ], [ 134.56934583734062, 33.945548891568137 ], [ 134.56970360563696, 33.946926386743428 ], [ 134.569403891276579, 33.947665278729687 ], [ 134.569864994374029, 33.948049441228761 ], [ 134.569715278837066, 33.949071946113463 ], [ 134.568896938942657, 33.949868332657502 ], [ 134.570038327007296, 33.952791387412674 ], [ 134.567883061254292, 33.955632495043687 ], [ 134.568805279140406, 33.957528333365929 ], [ 134.568390271693715, 33.95921249466096 ], [ 134.566834449050702, 33.961799441291248 ], [ 134.567005278870624, 33.96234749534068 ], [ 134.570204993865445, 33.964133612776038 ], [ 134.571309169782467, 33.964084441443845 ], [ 134.572640000036017, 33.962969720975877 ], [ 134.574247496824569, 33.964228332971231 ], [ 134.573113606407901, 33.967114440878788 ], [ 134.571876393780599, 33.968191945601859 ], [ 134.571945550746591, 33.970560829118995 ], [ 134.57232027216287, 33.971273333197814 ], [ 134.572201945663323, 33.973026387058155 ], [ 134.5715905577581, 33.973672774778777 ], [ 134.570254449383356, 33.973356666676864 ], [ 134.568563606125622, 33.974850829102536 ], [ 134.568287497170331, 33.976281946354788 ], [ 134.568869169676532, 33.97828944090503 ], [ 134.572334994064818, 33.979038891831465 ], [ 134.572670272115374, 33.979593054076247 ], [ 134.571871388154136, 33.980553612759081 ], [ 134.57198000017695, 33.980988891823927 ], [ 134.571462503291968, 33.981847224569833 ], [ 134.570856109322108, 33.98240110802476 ], [ 134.569815551446595, 33.982366386999217 ], [ 134.568869169676532, 33.98287555886003 ], [ 134.569041945629351, 33.983645278706717 ], [ 134.568583332754656, 33.984501107739959 ], [ 134.567513332874114, 33.985151946205406 ], [ 134.568612775659176, 33.986543612897492 ], [ 134.567163332921496, 33.989105559274208 ], [ 134.564431946177478, 33.990265558808517 ], [ 134.564190272263318, 33.991546667344892 ], [ 134.563756394342136, 33.991834161717236 ], [ 134.563086108936886, 33.991731387193795 ], [ 134.5625783274279, 33.991234721305375 ], [ 134.56132082969259, 33.99139277535636 ], [ 134.560591387782438, 33.990838333422403 ], [ 134.559841945849143, 33.990858891924347 ], [ 134.559314449402336, 33.990495558623195 ], [ 134.556997223842814, 33.990612494770858 ], [ 134.555089441624546, 33.989509999686788 ], [ 134.554211660140027, 33.989846667189966 ], [ 134.554103333202306, 33.988288892118703 ], [ 134.551298053662322, 33.987087774681129 ], [ 134.546964163165626, 33.987490000063531 ], [ 134.549276108805429, 33.997729721349629 ], [ 134.550064720710338, 34.00269333333074 ], [ 134.555088612449595, 34.006992494707902 ], [ 134.557215837341118, 34.009642224808886 ], [ 134.558049999907666, 34.013238333082654 ], [ 134.555871387754451, 34.020533333146886 ], [ 134.559610272396185, 34.021203891946129 ], [ 134.560030829559196, 34.021760558802782 ], [ 134.560571946238383, 34.02184527943615 ], [ 134.561298054361828, 34.023347774979868 ], [ 134.560915837096218, 34.02556833331198 ], [ 134.561928884710369, 34.028999999650296 ], [ 134.563559170319536, 34.027174161858113 ], [ 134.563508327147588, 34.023458891614609 ], [ 134.564030558063905, 34.021927224761669 ], [ 134.564158054051063, 34.021768333441912 ] ] ] ] } },
{ "type": "Feature", "properties": { "regioncode": "3620400", "regionname": "徳島県阿南市", "name": "阿南市", "namekana": "あなんし", "PrefCode": "36" }, "geometry": { "type": "MultiPolygon", "coordinates": [ [ [ [ 134.688413890888455, 33.804238892411036 ], [ 134.688133890566633, 33.804306667119022 ], [ 134.688461115188375, 33.804278333078685 ], [ 134.688413890888455, 33.804238892411036 ] ] ], [ [ [ 134.689753606443901, 33.804292494702906 ], [ 134.689213605823284, 33.80415166716574 ], [ 134.690222503066138, 33.804627774552216 ], [ 134.689804162732003, 33.804346107786671 ], [ 134.689753606443901, 33.804292494702906 ] ] ], [ [ [ 134.685151115431722, 33.805067775057807 ], [ 134.685583060709746, 33.804523613274171 ], [ 134.685272503223473, 33.804295279003952 ], [ 134.684641387789839, 33.804743612627647 ], [ 134.685036394314238, 33.805053613433586 ], [ 134.685151115431722, 33.805067775057807 ] ] ], [ [ [ 134.690188612114866, 33.805036666608942 ], [ 134.690161660332478, 33.804732225411897 ], [ 134.68889472061494, 33.804446667279933 ], [ 134.689173333282724, 33.804867495138865 ], [ 134.690104449061096, 33.805101387219281 ], [ 134.690188612114866, 33.805036666608942 ] ] ], [ [ [ 134.6911233332753, 33.806181107871907 ], [ 134.690945550796641, 33.806323054165659 ], [ 134.691143605792831, 33.806223332840602 ], [ 134.6911233332753, 33.806181107871907 ] ] ], [ [ [ 134.699879442082647, 33.811643613362094 ], [ 134.7001377822329, 33.811792495227508 ], [ 134.699923332595745, 33.811663332796627 ], [ 134.699879442082647, 33.811643613362094 ] ] ], [ [ [ 134.697375837425056, 33.811964720795288 ], [ 134.697244449172103, 33.812178891642588 ], [ 134.697423060825713, 33.812001387054408 ], [ 134.697375837425056, 33.811964720795288 ] ] ], [ [ [ 134.718438054172907, 33.819307494645216 ], [ 134.718248885377875, 33.819544440823336 ], [ 134.718476666564925, 33.819401945943127 ], [ 134.718438054172907, 33.819307494645216 ] ] ], [ [ [ 134.720293890650623, 33.820209162123206 ], [ 134.72001805418995, 33.820509161568623 ], [ 134.720327781601895, 33.820237495264223 ], [ 134.720293890650623, 33.820209162123206 ] ] ], [ [ [ 134.719760830098267, 33.820110558655415 ], [ 134.719629170250073, 33.820533613235739 ], [ 134.719787781880655, 33.82013305429706 ], [ 134.719760830098267, 33.820110558655415 ] ] ], [ [ [ 134.725443060648786, 33.822988613134044 ], [ 134.725031387888293, 33.822937775358071 ], [ 134.725356938871641, 33.822994440740899 ], [ 134.725443060648786, 33.822988613134044 ] ] ], [ [ [ 134.733313230221484, 33.825603269675184 ], [ 134.733425680550795, 33.825430035967429 ], [ 134.733306666969156, 33.825612711657357 ], [ 134.733313230221484, 33.825603269675184 ] ] ], [ [ [ 134.733765939946238, 33.825541586075417 ], [ 134.733536394289217, 33.825602035805332 ], [ 134.733771192886252, 33.825553883405064 ], [ 134.733765939946238, 33.825541586075417 ] ] ], [ [ [ 134.734553878258907, 33.825722937063972 ], [ 134.734345680708657, 33.82578840501094 ], [ 134.734554785674845, 33.825733026557998 ], [ 134.734553878258907, 33.825722937063972 ] ] ], [ [ [ 134.73610822331591, 33.827297730006308 ], [ 134.736019792079787, 33.826971161889674 ], [ 134.73608404684137, 33.827299233672761 ], [ 134.73610822331591, 33.827297730006308 ] ] ], [ [ [ 134.760580830241224, 33.828429441365699 ], [ 134.760411945654823, 33.828587224720707 ], [ 134.760648327058675, 33.828451946000541 ], [ 134.760580830241224, 33.828429441365699 ] ] ], [ [ [ 134.763437223649021, 33.828660559037644 ], [ 134.763410271866633, 33.828378612582981 ], [ 134.763396666922745, 33.828671666564219 ], [ 134.763437223649021, 33.828660559037644 ] ] ], [ [ [ 134.744009403311338, 33.829524377647942 ], [ 134.743899014228191, 33.829354018173433 ], [ 134.744003320297111, 33.829529395864995 ], [ 134.744009403311338, 33.829524377647942 ] ] ], [ [ [ 134.740410246335841, 33.829450431792054 ], [ 134.740228015810317, 33.829797062884211 ], [ 134.740444916100046, 33.829487640342393 ], [ 134.740410246335841, 33.829450431792054 ] ] ], [ [ [ 134.741639533237958, 33.829902135175473 ], [ 134.741470402237383, 33.830017072130204 ], [ 134.741642257284411, 33.829911477332871 ], [ 134.741639533237958, 33.829902135175473 ] ] ], [ [ [ 134.744198611676666, 33.830467666649554 ], [ 134.744303864731592, 33.830134287967041 ], [ 134.744197899413621, 33.830477775029351 ], [ 134.744198611676666, 33.830467666649554 ] ] ], [ [ [ 134.746336498031042, 33.830912099014199 ], [ 134.746086381281543, 33.830977918596091 ], [ 134.746341491966291, 33.831241116884087 ], [ 134.746325992150901, 33.830933027137519 ], [ 134.746336498031042, 33.830912099014199 ] ] ], [ [ [ 134.67951721085069, 33.832276422718792 ], [ 134.679024099082994, 33.831956351304598 ], [ 134.678769039659528, 33.832195847060746 ], [ 134.679736873857678, 33.832467215689519 ], [ 134.679566134869333, 33.832322144251634 ], [ 134.67951721085069, 33.832276422718792 ] ] ], [ [ [ 134.750321089147064, 33.832544694082401 ], [ 134.750049065811822, 33.832366243407478 ], [ 134.750330946615918, 33.832560828819226 ], [ 134.750321089147064, 33.832544694082401 ] ] ], [ [ [ 134.778737224143697, 33.832905000265612 ], [ 134.778534721100527, 33.83304027898572 ], [ 134.778784449342879, 33.832916107792187 ], [ 134.778737224143697, 33.832905000265612 ] ] ], [ [ [ 134.749424539710844, 33.833309928110737 ], [ 134.749268054077447, 33.833469739436964 ], [ 134.749426368032573, 33.833317117291188 ], [ 134.749424539710844, 33.833309928110737 ] ] ], [ [ [ 134.7500113230642, 33.833232125961899 ], [ 134.749764514021194, 33.83322082867835 ], [ 134.75001537001333, 33.833539514237259 ], [ 134.750045135774485, 33.833254413860175 ], [ 134.7500113230642, 33.833232125961899 ] ] ], [ [ [ 134.750778053564432, 33.833983765838184 ], [ 134.751023113425958, 33.833791396355934 ], [ 134.750382231354934, 33.833790801904058 ], [ 134.750777651567432, 33.833993586434929 ], [ 134.750778053564432, 33.833983765838184 ] ] ], [ [ [ 134.750429130999692, 33.834741342139296 ], [ 134.750182048562806, 33.834673793161073 ], [ 134.750428171422982, 33.834756766411715 ], [ 134.750429130999692, 33.834741342139296 ] ] ], [ [ [ 134.710477639431588, 33.835418045106735 ], [ 134.709953306799775, 33.835392125746068 ], [ 134.710487042742898, 33.83543388306731 ], [ 134.710477639431588, 33.835418045106735 ] ] ], [ [ [ 134.786777496884042, 33.835678333188582 ], [ 134.786352503365379, 33.835672775378328 ], [ 134.786649169923294, 33.835695279113907 ], [ 134.786777496884042, 33.835678333188582 ] ] ], [ [ [ 134.71543268537016, 33.83629032363956 ], [ 134.715176265272476, 33.836249026771213 ], [ 134.715426174278605, 33.836306550107281 ], [ 134.71543268537016, 33.83629032363956 ] ] ], [ [ [ 134.787148885412762, 33.836219440874572 ], [ 134.786946394060919, 33.836264720840234 ], [ 134.787203060572892, 33.836264720840234 ], [ 134.787148885412762, 33.836219440874572 ] ] ], [ [ [ 134.797588053845629, 33.837048613103036 ], [ 134.797797496956946, 33.836975278786156 ], [ 134.797588053845629, 33.836749720723105 ], [ 134.797506938594438, 33.837059720629668 ], [ 134.797588053845629, 33.837048613103036 ] ] ], [ [ [ 134.797986394156851, 33.837640278875824 ], [ 134.797763606005674, 33.837623612639675 ], [ 134.798040557625654, 33.837730559118086 ], [ 134.797986394156851, 33.837640278875824 ] ] ], [ [ [ 134.798857497275776, 33.837623612639675 ], [ 134.798580829841512, 33.837572774863702 ], [ 134.798857497275776, 33.837685558841542 ], [ 134.798857497275776, 33.837623612639675 ] ] ], [ [ [ 134.798371387629459, 33.837725000408511 ], [ 134.798216108886436, 33.838046386631504 ], [ 134.798526667271972, 33.83825499966855 ], [ 134.798398326821371, 33.837736386724941 ], [ 134.798371387629459, 33.837725000408511 ] ] ], [ [ [ 134.802868053617885, 33.838531107724521 ], [ 134.802665550574716, 33.838660828634374 ], [ 134.802868053617885, 33.838576108001007 ], [ 134.802868053617885, 33.838531107724521 ] ] ], [ [ [ 134.810957224296544, 33.839083613418097 ], [ 134.810788327119667, 33.839218892138206 ], [ 134.811011115270844, 33.839123054085746 ], [ 134.810957224296544, 33.839083613418097 ] ] ], [ [ [ 134.80357722390977, 33.839224162165408 ], [ 134.803347496589708, 33.839246945590105 ], [ 134.803536667183494, 33.839320000217867 ], [ 134.80357722390977, 33.839224162165408 ] ] ], [ [ [ 134.804164448830306, 33.838931386973968 ], [ 134.804042775953462, 33.839421666776559 ], [ 134.80417111460531, 33.839004721290905 ], [ 134.804164448830306, 33.838931386973968 ] ] ], [ [ [ 134.812807224174094, 33.838999161682011 ], [ 134.812220000152934, 33.838694721384343 ], [ 134.811909170172157, 33.839004721290905 ], [ 134.812948885382866, 33.839528892044768 ], [ 134.812908326857837, 33.83902166721623 ], [ 134.812807224174094, 33.838999161682011 ] ] ], [ [ [ 134.811760829698642, 33.839839161747989 ], [ 134.812010947347403, 33.839748775385715 ], [ 134.811456938886636, 33.839761107788945 ], [ 134.811726938747256, 33.839867225092405 ], [ 134.811760829698642, 33.839839161747989 ] ] ], [ [ [ 134.811159728238977, 33.839985279097391 ], [ 134.811264136830459, 33.839773774739967 ], [ 134.810855837426971, 33.839545828976895 ], [ 134.809917224000742, 33.839348613048116 ], [ 134.811085551257293, 33.840019161954785 ], [ 134.811159728238977, 33.839985279097391 ] ] ], [ [ [ 134.806541115080449, 33.839985279097391 ], [ 134.806264449444825, 33.840013613137785 ], [ 134.806446667379873, 33.840329161861405 ], [ 134.806527496646709, 33.840002225022715 ], [ 134.806541115080449, 33.839985279097391 ] ] ], [ [ [ 134.744461479014149, 33.840375458960295 ], [ 134.744189987178174, 33.840361162437773 ], [ 134.744454513764822, 33.840379135388844 ], [ 134.744461479014149, 33.840375458960295 ] ] ], [ [ [ 134.812887781845689, 33.840468613435803 ], [ 134.812652022772681, 33.840577613066444 ], [ 134.812881387665925, 33.8405491621142 ], [ 134.812887781845689, 33.840468613435803 ] ] ], [ [ [ 134.801976938784719, 33.840932495438381 ], [ 134.802125279258348, 33.841180559035649 ], [ 134.801983606358363, 33.840943612857473 ], [ 134.801976938784719, 33.840932495438381 ] ] ], [ [ [ 134.743517626137645, 33.841203062771172 ], [ 134.743334968434056, 33.841042621919541 ], [ 134.743511543123304, 33.841216108336766 ], [ 134.743517626137645, 33.841203062771172 ] ] ], [ [ [ 134.743165459718284, 33.841564901399124 ], [ 134.742932983170704, 33.841507648759034 ], [ 134.743149831299775, 33.841575152771156 ], [ 134.743165459718284, 33.841564901399124 ] ] ], [ [ [ 134.818242502689372, 33.841631387378698 ], [ 134.818478884992601, 33.841524440900287 ], [ 134.818310000406314, 33.841338333397402 ], [ 134.818188611715073, 33.841648333303965 ], [ 134.818242502689372, 33.841631387378698 ] ] ], [ [ [ 134.816365551029435, 33.841389162180121 ], [ 134.816797782291928, 33.841851386732174 ], [ 134.816419442003735, 33.84141166681502 ], [ 134.816365551029435, 33.841389162180121 ] ] ], [ [ [ 134.806097781687299, 33.841096386988738 ], [ 134.80575693863193, 33.840659440580794 ], [ 134.805115278647236, 33.840887774850955 ], [ 134.80484194589917, 33.841682494951215 ], [ 134.805125550703679, 33.842597774567707 ], [ 134.806148612268657, 33.841209161973325 ], [ 134.806097781687299, 33.841096386988738 ] ] ], [ [ [ 134.819444449301955, 33.843390278738411 ], [ 134.819552502845795, 33.842758891709536 ], [ 134.818803060912614, 33.843108612872243 ], [ 134.819302776402083, 33.843418612778805 ], [ 134.819444449301955, 33.843390278738411 ] ] ], [ [ [ 134.819363333151387, 33.843745278921517 ], [ 134.819194721059603, 33.843942494850296 ], [ 134.819343333128359, 33.843779161778969 ], [ 134.819363333151387, 33.843745278921517 ] ] ], [ [ [ 134.802511024564183, 33.843632919423726 ], [ 134.804307755798391, 33.84350410772845 ], [ 134.803832088180343, 33.844058721432873 ], [ 134.804131414033577, 33.84404905372088 ], [ 134.804808054048522, 33.842412775029572 ], [ 134.804527782131458, 33.841812224854323 ], [ 134.805044448942226, 33.840197225021996 ], [ 134.804686393762154, 33.839408053738737 ], [ 134.804136109393994, 33.839698333311503 ], [ 134.804228054281339, 33.840175558555245 ], [ 134.803146938780287, 33.839312224679475 ], [ 134.80339693861788, 33.839656108342751 ], [ 134.802667496707727, 33.839241666569706 ], [ 134.802684448928289, 33.839853333264784 ], [ 134.802174721286406, 33.83979972108034 ], [ 134.802674449366464, 33.840611666795041 ], [ 134.802687224236024, 33.841371666769078 ], [ 134.801907781818727, 33.841665558918464 ], [ 134.801766108918855, 33.84220110789488 ], [ 134.802603358857937, 33.844134640401364 ], [ 134.803486004775323, 33.844578413562999 ], [ 134.802672826989465, 33.844093224822529 ], [ 134.802511024564183, 33.843632919423726 ] ] ], [ [ [ 134.790552217710797, 33.845616386786844 ], [ 134.790005278820672, 33.845362775271894 ], [ 134.790525279418148, 33.845633332712168 ], [ 134.790552217710797, 33.845616386786844 ] ] ], [ [ [ 134.804660531958007, 33.844770107654369 ], [ 134.804278418114563, 33.845294693895084 ], [ 134.804938391893302, 33.845688053760739 ], [ 134.804382633351906, 33.845279387433834 ], [ 134.804660531958007, 33.844770107654369 ] ] ], [ [ [ 134.793192218046443, 33.845864441390916 ], [ 134.793428612040884, 33.846180000007053 ], [ 134.793246394105836, 33.845909440768139 ], [ 134.793192218046443, 33.845864441390916 ] ] ], [ [ [ 134.791571946388331, 33.846602774898201 ], [ 134.791801660218539, 33.846710000166411 ], [ 134.791619169788873, 33.846602774898201 ], [ 134.791571946388331, 33.846602774898201 ] ] ], [ [ [ 134.652339274138285, 33.847555495090091 ], [ 134.651505214094414, 33.847370440693339 ], [ 134.652359454924976, 33.847577846840238 ], [ 134.652339274138285, 33.847555495090091 ] ] ], [ [ [ 134.797018884613863, 33.848636107870107 ], [ 134.798781387650934, 33.847102774573443 ], [ 134.799105550980471, 33.84646277473729 ], [ 134.799935836569716, 33.846093612929963 ], [ 134.801258327409982, 33.844135558609196 ], [ 134.802046394325657, 33.843689440915 ], [ 134.801634449070662, 33.842919999858168 ], [ 134.800381946169978, 33.843278054138921 ], [ 134.800007223854323, 33.842593054026281 ], [ 134.799470271935547, 33.843094721044565 ], [ 134.798656393577744, 33.842539440942517 ], [ 134.798411660170018, 33.843458054345774 ], [ 134.797917223701006, 33.842722774936192 ], [ 134.797988054305279, 33.843737224593269 ], [ 134.798453891433951, 33.844343332578774 ], [ 134.797343061433253, 33.845780828722297 ], [ 134.793369442046128, 33.846276946024318 ], [ 134.792672503433323, 33.845826667166989 ], [ 134.792764994209165, 33.846209162323021 ], [ 134.792332776436524, 33.845963892020052 ], [ 134.792454449313482, 33.846228891650071 ], [ 134.792042503159109, 33.846460000328818 ], [ 134.792018885163429, 33.846818053710251 ], [ 134.793166667407831, 33.847632495043683 ], [ 134.795486108896853, 33.847872224623529 ], [ 134.79697832698821, 33.848636107870107 ], [ 134.797018884613863, 33.848636107870107 ] ] ], [ [ [ 134.664043216721097, 33.848670568092302 ], [ 134.664266432949603, 33.848693604226526 ], [ 134.663816977871306, 33.848617053933935 ], [ 134.664043047648647, 33.848687532004078 ], [ 134.664043216721097, 33.848670568092302 ] ] ], [ [ [ 134.742214435647725, 33.850345044588209 ], [ 134.742014578410135, 33.850258847268037 ], [ 134.742224553020719, 33.85036543221895 ], [ 134.742214435647725, 33.850345044588209 ] ] ], [ [ [ 134.674228975087203, 33.850684062919242 ], [ 134.674082049247204, 33.850904404914388 ], [ 134.674247990352569, 33.850699152643813 ], [ 134.674228975087203, 33.850684062919242 ] ] ], [ [ [ 134.714009313079373, 33.851416036420972 ], [ 134.713613230066585, 33.851333009211032 ], [ 134.713957327768526, 33.851411081156527 ], [ 134.714009313079373, 33.851416036420972 ] ] ], [ [ [ 134.680216511083131, 33.851453927556747 ], [ 134.679991555565948, 33.851418954721055 ], [ 134.680204785722367, 33.851457747876793 ], [ 134.680216511083131, 33.851453927556747 ] ] ], [ [ [ 134.674362308573791, 33.851560206738213 ], [ 134.673998003105453, 33.851403550233726 ], [ 134.674359026947627, 33.851580685200531 ], [ 134.674362308573791, 33.851560206738213 ] ] ], [ [ [ 134.67471020770995, 33.851648261158402 ], [ 134.674499831102366, 33.851625467841131 ], [ 134.674717003886713, 33.851655134676776 ], [ 134.67471020770995, 33.851648261158402 ] ] ], [ [ [ 134.806952776149728, 33.851715559225738 ], [ 134.806622217741165, 33.851698613300414 ], [ 134.806939170306578, 33.851732495258489 ], [ 134.806952776149728, 33.851715559225738 ] ] ], [ [ [ 134.8128608300633, 33.85168777467112 ], [ 134.812604448636421, 33.851625558672652 ], [ 134.812894721014572, 33.851732774947664 ], [ 134.8128608300633, 33.85168777467112 ] ] ], [ [ [ 134.743078456605531, 33.851966134629436 ], [ 134.742768093372888, 33.85185091888485 ], [ 134.743063087191786, 33.851969395571189 ], [ 134.743078456605531, 33.851966134629436 ] ] ], [ [ [ 134.674728936091583, 33.851943144360689 ], [ 134.674525810717682, 33.851853323672003 ], [ 134.674735434592662, 33.851950829067562 ], [ 134.674728936091583, 33.851943144360689 ] ] ], [ [ [ 134.681311257608513, 33.85191121573007 ], [ 134.681041854897785, 33.851526135023164 ], [ 134.680824254036111, 33.851650792749922 ], [ 134.681316459287245, 33.851925882773344 ], [ 134.681311257608513, 33.85191121573007 ] ] ], [ [ [ 134.740291271425122, 33.852891838287746 ], [ 134.741023086646237, 33.852460296805305 ], [ 134.741412736808456, 33.851786504943277 ], [ 134.742595811147794, 33.851675432375373 ], [ 134.741770077926844, 33.851340162418637 ], [ 134.741742633315994, 33.850621622090216 ], [ 134.742017612722748, 33.850425008707248 ], [ 134.741238405028412, 33.850229071614422 ], [ 134.74071998723764, 33.849694856332633 ], [ 134.736175900897138, 33.848184134690143 ], [ 134.731364474890711, 33.847573432068259 ], [ 134.728985161935725, 33.847773999770311 ], [ 134.727604227752977, 33.847513910438693 ], [ 134.728408833201115, 33.847599640111355 ], [ 134.729624098773229, 33.848443892171929 ], [ 134.731467638820504, 33.848211215974914 ], [ 134.732497885968769, 33.848599350779466 ], [ 134.732998846119926, 33.849208675639943 ], [ 134.732730117001324, 33.850136595227752 ], [ 134.733380310652933, 33.850593404961728 ], [ 134.734522321947679, 33.850309044726657 ], [ 134.73440342437857, 33.850076990860487 ], [ 134.735009702335901, 33.849926946171706 ], [ 134.735048353398838, 33.849572314710599 ], [ 134.736725446921923, 33.849887703354852 ], [ 134.736626952272104, 33.850358684605681 ], [ 134.738249741132677, 33.850787856374552 ], [ 134.738367328389586, 33.851600287723159 ], [ 134.739741556327772, 33.851906306331045 ], [ 134.740291310095927, 33.852902810916021 ], [ 134.740291271425122, 33.852891838287746 ] ] ], [ [ [ 134.675216795818528, 33.852998486191211 ], [ 134.675196367718286, 33.85241189169551 ], [ 134.674316186842589, 33.85176354075486 ], [ 134.674241284108007, 33.852666792838249 ], [ 134.675212127437817, 33.853004035907588 ], [ 134.675216795818528, 33.852998486191211 ] ] ], [ [ [ 134.821180025737704, 33.853557585714043 ], [ 134.820948444015585, 33.853721945811174 ], [ 134.821242049281182, 33.853586305563624 ], [ 134.821180025737704, 33.853557585714043 ] ] ], [ [ [ 134.692959559136398, 33.854500459228859 ], [ 134.692595292338979, 33.854405631115014 ], [ 134.692956148007852, 33.854514810610056 ], [ 134.692959559136398, 33.854500459228859 ] ] ], [ [ [ 134.693014928596085, 33.854916089905657 ], [ 134.69290287936451, 33.854748684704077 ], [ 134.693014863844951, 33.854928026607183 ], [ 134.693014928596085, 33.854916089905657 ] ] ], [ [ [ 134.714501868166735, 33.857063359786252 ], [ 134.714258002604765, 33.856959712021137 ], [ 134.714479144097254, 33.857067332991051 ], [ 134.714501868166735, 33.857063359786252 ] ] ], [ [ [ 134.820325837067799, 33.857056107653307 ], [ 134.820118275338245, 33.857067467889408 ], [ 134.820349441573512, 33.857088198161875 ], [ 134.820325837067799, 33.857056107653307 ] ] ], [ [ [ 134.81969360557548, 33.857712494935754 ], [ 134.820264163360548, 33.856579162098683 ], [ 134.821469727945669, 33.856184721247928 ], [ 134.821050830031822, 33.855705558864486 ], [ 134.821381946020097, 33.855680278921795 ], [ 134.820429727649866, 33.854603332677698 ], [ 134.820372217803651, 33.853332495298446 ], [ 134.820004163061753, 33.853188612764313 ], [ 134.819842217644236, 33.852015829367076 ], [ 134.819491115122901, 33.851824162255355 ], [ 134.820000830174195, 33.851798892205181 ], [ 134.82010555083059, 33.851291386788148 ], [ 134.820406108754923, 33.851237774603646 ], [ 134.820017782394757, 33.850896945937336 ], [ 134.820291115142936, 33.850612494870802 ], [ 134.819862502752358, 33.850679999782244 ], [ 134.819609170027206, 33.850369999875625 ], [ 134.820834993640119, 33.849295828939432 ], [ 134.820382503349947, 33.848963333391168 ], [ 134.819463890845896, 33.849284721412801 ], [ 134.819659728114061, 33.849070558659434 ], [ 134.819015279331779, 33.848847775004856 ], [ 134.819801660018697, 33.848179999607339 ], [ 134.819173890962361, 33.848027774961906 ], [ 134.819332502592943, 33.847765558733613 ], [ 134.818957782076041, 33.847539999771243 ], [ 134.817938054297883, 33.847559721004359 ], [ 134.817095278924057, 33.847991945971557 ], [ 134.817384448733378, 33.846883332799621 ], [ 134.816084720633398, 33.84637027856553 ], [ 134.816651946430284, 33.845721945611331 ], [ 134.817360558243195, 33.845476667214484 ], [ 134.817666666783339, 33.844736667263419 ], [ 134.818309441927227, 33.845045559205232 ], [ 134.818792217786722, 33.844822774651391 ], [ 134.818576108900402, 33.844129441420648 ], [ 134.819079442362408, 33.843918053975074 ], [ 134.819103061257351, 33.843557225285792 ], [ 134.817384721227995, 33.842731386844093 ], [ 134.817617497249785, 33.842376386660987 ], [ 134.817104449310932, 33.842094441105644 ], [ 134.816567497392157, 33.842249441058925 ], [ 134.816756667086565, 33.842739999651315 ], [ 134.81584832663907, 33.842652494716901 ], [ 134.815010830285701, 33.841916946409981 ], [ 134.81428527884259, 33.842074720771791 ], [ 134.813988053805701, 33.841392495067623 ], [ 134.811644994321114, 33.840591945561869 ], [ 134.811823891059817, 33.840369161907347 ], [ 134.810817781715286, 33.840143612837494 ], [ 134.810746939419801, 33.840388892133717 ], [ 134.810250557717154, 33.840332494748907 ], [ 134.810350271847597, 33.840672225342985 ], [ 134.809251115047005, 33.840067495118831 ], [ 134.808690830217756, 33.840825828649145 ], [ 134.809025279093476, 33.841488891599113 ], [ 134.808363333101397, 33.841104999795959 ], [ 134.808153890889457, 33.841426666607447 ], [ 134.807954720733846, 33.841037225087916 ], [ 134.80787027169572, 33.841778333003731 ], [ 134.807218612149313, 33.841874162062993 ], [ 134.807221945936135, 33.842204161992527 ], [ 134.80548693877131, 33.843240000225876 ], [ 134.804799416060291, 33.844297468053753 ], [ 134.805583061009543, 33.843296108028994 ], [ 134.806671388174095, 33.843111387280771 ], [ 134.806286108717018, 33.843513054184143 ], [ 134.805965357415403, 33.843325828823993 ], [ 134.805623579964276, 33.843771441099193 ], [ 134.806199441950753, 33.84364138744013 ], [ 134.805968326976767, 33.844014721202484 ], [ 134.805332502692863, 33.844311946239372 ], [ 134.80599722399279, 33.844448332924287 ], [ 134.806266938768317, 33.844838054132936 ], [ 134.805886226068537, 33.845290054292605 ], [ 134.806359389973977, 33.845612359622748 ], [ 134.806058494803779, 33.845349162234129 ], [ 134.806406393939938, 33.844942495100099 ], [ 134.807042218223842, 33.845171386949971 ], [ 134.80677639391547, 33.846076945794437 ], [ 134.806497173305956, 33.846305864624014 ], [ 134.803720052438507, 33.846176305592053 ], [ 134.80649944229549, 33.846378332893778 ], [ 134.80872749737614, 33.847789441129862 ], [ 134.808838612212298, 33.850367495263754 ], [ 134.809657223701947, 33.849950000292324 ], [ 134.810066108564115, 33.85011055895518 ], [ 134.809199727785312, 33.850499999575391 ], [ 134.80853758843898, 33.850370613213272 ], [ 134.807059728024115, 33.85137582863166 ], [ 134.808815550897066, 33.851700000055018 ], [ 134.808922217686245, 33.851094161866115 ], [ 134.809418326894388, 33.850893333360716 ], [ 134.812182217835129, 33.851037775273142 ], [ 134.813489170189087, 33.851933053967343 ], [ 134.814490829688111, 33.853719720888478 ], [ 134.816084449038158, 33.855394162310802 ], [ 134.817120000387717, 33.855904162447189 ], [ 134.81801555067716, 33.85700444070244 ], [ 134.819619169589032, 33.857731386993976 ], [ 134.81969360557548, 33.857712494935754 ] ] ], [ [ [ 134.710337432426627, 33.857776945749492 ], [ 134.710870454308065, 33.857782467586844 ], [ 134.710699053418693, 33.857443729844306 ], [ 134.711054487974252, 33.856655919235322 ], [ 134.712108507801418, 33.856224649348121 ], [ 134.713393281075128, 33.856317990882644 ], [ 134.714140232785553, 33.857012333152682 ], [ 134.714667392885985, 33.855899072284387 ], [ 134.710852322176947, 33.853260802244279 ], [ 134.709355550818032, 33.852805324406233 ], [ 134.708998962432247, 33.853405522946559 ], [ 134.709129961278791, 33.85430637833673 ], [ 134.708424540260353, 33.854803865306167 ], [ 134.708856108722557, 33.855464431738199 ], [ 134.709938507556103, 33.856025053813255 ], [ 134.709902270273574, 33.856549792938665 ], [ 134.710446226112481, 33.857270819892449 ], [ 134.710316938675874, 33.857793054405988 ], [ 134.710337432426627, 33.857776945749492 ] ] ], [ [ [ 134.711048663964789, 33.857898856047427 ], [ 134.710634786066635, 33.857837936871363 ], [ 134.711033074217085, 33.857899865086779 ], [ 134.711048663964789, 33.857898856047427 ] ] ], [ [ [ 134.715492450716056, 33.858004684668515 ], [ 134.715202502993179, 33.857954080716297 ], [ 134.715497834057828, 33.858014350581868 ], [ 134.715492450716056, 33.858004684668515 ] ] ], [ [ [ 134.662457211031551, 33.858333332917027 ], [ 134.661480453759964, 33.858230874055664 ], [ 134.664898546630639, 33.859361541302121 ], [ 134.665000518958891, 33.8591515675908 ], [ 134.662457211031551, 33.858333332917027 ] ] ], [ [ [ 134.664834734335614, 33.861200630604685 ], [ 134.664627625864341, 33.861228559050801 ], [ 134.664862100705477, 33.861218404805584 ], [ 134.664834734335614, 33.861200630604685 ] ] ], [ [ [ 134.687564967749154, 33.86212608065415 ], [ 134.687245965628904, 33.861972008801217 ], [ 134.687547017281076, 33.862133467685453 ], [ 134.687564967749154, 33.86212608065415 ] ] ], [ [ [ 134.716664163020823, 33.862270000060505 ], [ 134.71650888517695, 33.862478613097551 ], [ 134.716833061096963, 33.86240527878067 ], [ 134.716666666733317, 33.862272865300554 ], [ 134.716664163020823, 33.862270000060505 ] ] ], [ [ [ 134.715786109041801, 33.862754721153522 ], [ 134.715596939347392, 33.862895829279125 ], [ 134.715806394149809, 33.862783054294596 ], [ 134.715786109041801, 33.862754721153522 ] ] ], [ [ [ 134.687475850330316, 33.863081702958254 ], [ 134.687419480824474, 33.862226026809765 ], [ 134.686618521227842, 33.862019522682886 ], [ 134.686486757058219, 33.862744396037101 ], [ 134.687463658221304, 33.863113549750551 ], [ 134.687475850330316, 33.863081702958254 ] ] ], [ [ [ 134.716319728073017, 33.863346666615428 ], [ 134.716900830409031, 33.863166386719399 ], [ 134.71672499406327, 33.862709720876978 ], [ 134.715921115267292, 33.862946387365923 ], [ 134.716306108740014, 33.863335559088853 ], [ 134.716319728073017, 33.863346666615428 ] ] ], [ [ [ 134.656734436345232, 33.867511918939954 ], [ 134.657814968186244, 33.867318215763078 ], [ 134.658171310157854, 33.867926856239478 ], [ 134.657794240611793, 33.868064189011193 ], [ 134.658820233067331, 33.867720063430227 ], [ 134.658856524309158, 33.867150648683548 ], [ 134.659519947887361, 33.866826243436435 ], [ 134.65953276322648, 33.866327108009671 ], [ 134.659920712770713, 33.866012865101709 ], [ 134.660968171144191, 33.865931954895871 ], [ 134.661644345310378, 33.866406027116511 ], [ 134.662339157026508, 33.865919036134642 ], [ 134.662901751314848, 33.866106927892474 ], [ 134.662794279632408, 33.86572847698767 ], [ 134.661607354395983, 33.86515148635209 ], [ 134.661528016205011, 33.863155162280975 ], [ 134.662422192330382, 33.862388694382787 ], [ 134.663668067227604, 33.862168044819441 ], [ 134.664026938992151, 33.861393540579513 ], [ 134.662689780209234, 33.860802378427081 ], [ 134.661974811988102, 33.860006541368818 ], [ 134.660764162636042, 33.860224955217575 ], [ 134.660118923349728, 33.861178215901987 ], [ 134.659568067012742, 33.86119313475541 ], [ 134.659397703940954, 33.85975818009598 ], [ 134.658688145141809, 33.858647171130087 ], [ 134.657768041561894, 33.858237036210312 ], [ 134.657396965097973, 33.857726269851526 ], [ 134.65724846994101, 33.856171099216908 ], [ 134.654623760778009, 33.853733883412019 ], [ 134.649240544915301, 33.854050514020059 ], [ 134.649393955766527, 33.856250449998299 ], [ 134.64880627758771, 33.856336622137462 ], [ 134.647816964881144, 33.85762201774196 ], [ 134.646496718748608, 33.856983008958764 ], [ 134.645841750596333, 33.858301972657955 ], [ 134.645791479393324, 33.858899458842984 ], [ 134.646595499382897, 33.859222414382941 ], [ 134.64723313939794, 33.860365261147933 ], [ 134.646730271784691, 33.861196143886957 ], [ 134.646839286703766, 33.861703523398944 ], [ 134.648014345385832, 33.862882837672885 ], [ 134.648194760180104, 33.863878477110063 ], [ 134.649929222355809, 33.863829667305367 ], [ 134.649970531814688, 33.864098224653389 ], [ 134.653873864687171, 33.863827242733123 ], [ 134.653946900429219, 33.864573144035433 ], [ 134.652837938320317, 33.864708485708093 ], [ 134.653122411869845, 33.867627730035792 ], [ 134.656230051575676, 33.86741658630649 ], [ 134.65616524013376, 33.868140973127481 ], [ 134.656461996623875, 33.868531811294133 ], [ 134.656688118561874, 33.867676081186232 ], [ 134.656734436345232, 33.867511918939954 ] ] ], [ [ [ 134.678289960913048, 33.869712550094164 ], [ 134.677798223309424, 33.869525305848242 ], [ 134.678271362033797, 33.869719395733568 ], [ 134.678289960913048, 33.869712550094164 ] ] ], [ [ [ 134.679762645729625, 33.86967988312017 ], [ 134.680151348905724, 33.869620269759707 ], [ 134.679514344711265, 33.869260963622651 ], [ 134.67970473388641, 33.868558261254805 ], [ 134.681582801605032, 33.868195595250597 ], [ 134.681313955574637, 33.868121449745161 ], [ 134.681300454052803, 33.867517531608826 ], [ 134.679373009057144, 33.867369378194326 ], [ 134.678434733776044, 33.866460377644387 ], [ 134.678162411865856, 33.864401819588352 ], [ 134.677524955312492, 33.863941712040457 ], [ 134.67723159466243, 33.863135531879323 ], [ 134.677535435112304, 33.862139549800418 ], [ 134.678095317944667, 33.861656729874255 ], [ 134.676777794959321, 33.861433377848186 ], [ 134.676548651299299, 33.860879837934249 ], [ 134.674887847196487, 33.860027739288796 ], [ 134.673570907871181, 33.859710495343165 ], [ 134.672840480303989, 33.859868820090014 ], [ 134.67382926061191, 33.861429224778931 ], [ 134.673376497827121, 33.862120261141172 ], [ 134.672431427268634, 33.862579224751471 ], [ 134.672209454802555, 33.863354252396903 ], [ 134.672535498614479, 33.864057441297916 ], [ 134.672113165290398, 33.864833108361324 ], [ 134.672745031657996, 33.865984531960635 ], [ 134.671324565076702, 33.867066134894287 ], [ 134.671515978579578, 33.867541964390171 ], [ 134.672028676682203, 33.867967225007476 ], [ 134.672600492618699, 33.867838810812543 ], [ 134.672767548883371, 33.867069721390578 ], [ 134.673134436305304, 33.8669090808894 ], [ 134.673442788653801, 33.865377450009362 ], [ 134.674651115057031, 33.865018017967202 ], [ 134.675846653999997, 33.865618242587857 ], [ 134.676116148441565, 33.866221882833656 ], [ 134.675739961130375, 33.866650116609662 ], [ 134.675888859183601, 33.866867775027856 ], [ 134.677085421555034, 33.867162883060644 ], [ 134.677430077735949, 33.867784468378545 ], [ 134.677309883344492, 33.868208180363297 ], [ 134.678277588040373, 33.868717963763061 ], [ 134.677971025342572, 33.869469108112924 ], [ 134.679748066819911, 33.869688945588393 ], [ 134.679762645729625, 33.86967988312017 ] ] ], [ [ [ 134.716650829672062, 33.871406945674039 ], [ 134.716542776128335, 33.871621108427462 ], [ 134.716666666733317, 33.871406945674039 ], [ 134.716650829672062, 33.871406945674039 ] ] ], [ [ [ 134.658206471851258, 33.872801946152947 ], [ 134.657930233393586, 33.872684359795414 ], [ 134.65814162083916, 33.87281797297112 ], [ 134.658206471851258, 33.872801946152947 ] ] ], [ [ [ 134.673833566565918, 33.876744476876183 ], [ 134.67359753589767, 33.876841847373385 ], [ 134.673837262779557, 33.876762027145901 ], [ 134.673833566565918, 33.876744476876183 ] ] ], [ [ [ 134.667215148960054, 33.877308000164135 ], [ 134.667284955236596, 33.876766846612725 ], [ 134.667345576737034, 33.877305134924086 ], [ 134.667619104637993, 33.876825522879642 ], [ 134.670903436844242, 33.876804099229844 ], [ 134.671589662732799, 33.877094820369734 ], [ 134.672751192913324, 33.87693690121705 ], [ 134.673570103877296, 33.876424865015565 ], [ 134.672550713344776, 33.876116494680559 ], [ 134.669040337441629, 33.876585036070594 ], [ 134.667087197915862, 33.87592052341347 ], [ 134.666603645042301, 33.876352260948124 ], [ 134.664714786358331, 33.876701188908783 ], [ 134.666647341301768, 33.877473675969441 ], [ 134.667112165793924, 33.877309422891585 ], [ 134.667215148960054, 33.877308000164135 ] ] ], [ [ [ 134.675586705861861, 33.87921428770926 ], [ 134.676279546264141, 33.879243918572058 ], [ 134.675305862875348, 33.878472008876145 ], [ 134.674714396752051, 33.878441225082497 ], [ 134.67506025892385, 33.877839819652024 ], [ 134.673505759183513, 33.877780891574957 ], [ 134.675081270684132, 33.879246162380525 ], [ 134.675574903159372, 33.879236494668532 ], [ 134.675586705861861, 33.87921428770926 ] ] ], [ [ [ 134.684661323061619, 33.891901828706466 ], [ 134.68440679603691, 33.891656972990972 ], [ 134.684131971313491, 33.891929359652295 ], [ 134.684646913224583, 33.891939288167691 ], [ 134.684661323061619, 33.891901828706466 ] ] ], [ [ [ 134.696160920789907, 33.902789667109516 ], [ 134.695965680671634, 33.902930757248726 ], [ 134.696205576626085, 33.902812847135237 ], [ 134.696160920789907, 33.902789667109516 ] ] ], [ [ [ 134.698271751040579, 33.905252314842528 ], [ 134.697465823588914, 33.904976973008957 ], [ 134.698261542836008, 33.905288296717572 ], [ 134.698271751040579, 33.905252314842528 ] ] ], [ [ [ 134.699480388609118, 33.906396351410535 ], [ 134.699278028558183, 33.906369108247816 ], [ 134.69949499359916, 33.906419919044083 ], [ 134.699480388609118, 33.906396351410535 ] ] ], [ [ [ 134.699041970910343, 33.907024586315686 ], [ 134.698801232291089, 33.907005026960462 ], [ 134.699015019127842, 33.907030081173332 ], [ 134.699041970910343, 33.907024586315686 ] ] ], [ [ [ 134.701638624822749, 33.9110828022296 ], [ 134.701326498019512, 33.911002098867812 ], [ 134.70157548611985, 33.911099107837629 ], [ 134.701638624822749, 33.9110828022296 ] ] ], [ [ [ 134.701108067083737, 33.911040287679157 ], [ 134.700439377075668, 33.911001278686115 ], [ 134.701090817187492, 33.911090045369349 ], [ 134.701108067083737, 33.911040287679157 ] ] ], [ [ [ 134.713484707952944, 33.911281747554654 ], [ 134.713696096297895, 33.911174089712517 ], [ 134.713455810937035, 33.911302675677973 ], [ 134.713484707952944, 33.911281747554654 ] ] ], [ [ [ 134.702915200775919, 33.911258045022805 ], [ 134.702108898307074, 33.911106883376021 ], [ 134.702905694042556, 33.911274098820684 ], [ 134.702915200775919, 33.911258045022805 ] ] ], [ [ [ 134.713859144284129, 33.911249297317283 ], [ 134.713629870222348, 33.911285009395726 ], [ 134.713888287714326, 33.9112837206672 ], [ 134.713859144284129, 33.911249297317283 ] ] ], [ [ [ 134.714235888275653, 33.912309874101481 ], [ 134.714597120760573, 33.912139341957129 ], [ 134.713311842067924, 33.911451595314929 ], [ 134.713652411729527, 33.911342306102597 ], [ 134.712440220040207, 33.911018864928735 ], [ 134.711602580694603, 33.911458684670606 ], [ 134.712133475679479, 33.912143243216178 ], [ 134.712446160961576, 33.911934963827548 ], [ 134.712930986376023, 33.912298387060957 ], [ 134.714207833924434, 33.912329350719006 ], [ 134.714235888275653, 33.912309874101481 ] ] ], [ [ [ 134.706705096762903, 33.913832604391246 ], [ 134.706260090630735, 33.913861486118719 ], [ 134.706697185426833, 33.913846837961273 ], [ 134.706705096762903, 33.913832604391246 ] ] ], [ [ [ 134.709142646216264, 33.914396152860206 ], [ 134.709480829976428, 33.914315026817064 ], [ 134.709324954982776, 33.913860099364172 ], [ 134.707873100263441, 33.913842612946269 ], [ 134.709130285034689, 33.914402225082654 ], [ 134.709142646216264, 33.914396152860206 ] ] ], [ [ [ 134.705539921630134, 33.915543990862545 ], [ 134.705110116738524, 33.915408640196631 ], [ 134.70549686119125, 33.915565332674021 ], [ 134.705539921630134, 33.915543990862545 ] ] ], [ [ [ 134.718211323393916, 33.917204197815522 ], [ 134.717952515596153, 33.916830089736891 ], [ 134.717523528188394, 33.916973892231397 ], [ 134.71820086877517, 33.917214126330919 ], [ 134.718211323393916, 33.917204197815522 ] ] ], [ [ [ 134.718685421694886, 33.917114045277003 ], [ 134.718153904379278, 33.916999036376467 ], [ 134.718692516446595, 33.917141649067901 ], [ 134.718685421694886, 33.917114045277003 ] ] ], [ [ [ 134.71964525282624, 33.917515287700439 ], [ 134.719422035698472, 33.917476476558193 ], [ 134.719668326731949, 33.917533179712507 ], [ 134.71964525282624, 33.917515287700439 ] ] ], [ [ [ 134.720959597607362, 33.917379649251473 ], [ 134.720538729279042, 33.917425838431768 ], [ 134.720951413776788, 33.917404612632822 ], [ 134.720959597607362, 33.917379649251473 ] ] ], [ [ [ 134.721383722380892, 33.917879774831817 ], [ 134.721560985950759, 33.917615847193645 ], [ 134.721223280629943, 33.917564288161429 ], [ 134.721352956573696, 33.917890631447563 ], [ 134.721383722380892, 33.917879774831817 ] ] ], [ [ [ 134.721881828983328, 33.917956603914206 ], [ 134.721690908308801, 33.918058667073865 ], [ 134.721967185437279, 33.91800363126265 ], [ 134.721881828983328, 33.917956603914206 ] ] ], [ [ [ 134.72221874200136, 33.919277648644595 ], [ 134.721957030292742, 33.919155559381636 ], [ 134.722319663022063, 33.918764739201379 ], [ 134.722096433303818, 33.918406423217903 ], [ 134.720556393762649, 33.917799711787325 ], [ 134.719776251672783, 33.918003712201596 ], [ 134.720027977309314, 33.918525747964964 ], [ 134.719773022207278, 33.918649802246648 ], [ 134.720639558568791, 33.918467306421121 ], [ 134.721613943428792, 33.919242720775003 ], [ 134.722282231439863, 33.919309017896921 ], [ 134.72221874200136, 33.919277648644595 ] ] ], [ [ [ 134.723654526735118, 33.924502865315048 ], [ 134.723337003999632, 33.924366820372541 ], [ 134.723677380306867, 33.924504711623172 ], [ 134.723654526735118, 33.924502865315048 ] ] ], [ [ [ 134.724023502382806, 33.925234143640864 ], [ 134.724795291569535, 33.92494148626065 ], [ 134.724012918261678, 33.924615152867091 ], [ 134.72373561590598, 33.924697603611548 ], [ 134.723925279328228, 33.92487692842758 ], [ 134.723394111848847, 33.924730116801527 ], [ 134.723999948239111, 33.925257910024584 ], [ 134.724023502382806, 33.925234143640864 ] ] ], [ [ [ 134.723467795102692, 33.92551130570223 ], [ 134.723427600803234, 33.925295062816929 ], [ 134.723457743380209, 33.925519431976284 ], [ 134.723467795102692, 33.92551130570223 ] ] ], [ [ [ 134.722627354369024, 33.926161648641198 ], [ 134.722815849571816, 33.925132009434719 ], [ 134.721341167361061, 33.924294045433896 ], [ 134.721730934435186, 33.923960297130066 ], [ 134.720642412117741, 33.923846044559355 ], [ 134.720602088315786, 33.923460306448021 ], [ 134.720356148017913, 33.923725458962792 ], [ 134.7187615951716, 33.923792008794237 ], [ 134.719444409931612, 33.924017666682005 ], [ 134.719571984159757, 33.924386314976516 ], [ 134.720699974124614, 33.924431666887983 ], [ 134.721145823820734, 33.924958801807293 ], [ 134.720884292875894, 33.925684532215428 ], [ 134.721742295570493, 33.925544486189153 ], [ 134.721939818168153, 33.925993936770794 ], [ 134.722599908858797, 33.926186711847322 ], [ 134.722627354369024, 33.926161648641198 ] ] ], [ [ [ 134.69626795090528, 33.952326134843304 ], [ 134.696113747751269, 33.952168495379794 ], [ 134.697518222587973, 33.954920107876717 ], [ 134.696308145204853, 33.952414999552616 ], [ 134.69626795090528, 33.952326134843304 ] ] ], [ [ [ 134.688296666957626, 33.956455747934456 ], [ 134.688919754143399, 33.955779532399561 ], [ 134.688662387059594, 33.955633972629812 ], [ 134.688873696264181, 33.955789612900389 ], [ 134.688288366215147, 33.956426892287311 ], [ 134.688052308567194, 33.956286278788809 ], [ 134.688287055902947, 33.956457387398586 ], [ 134.688296666957626, 33.956455747934456 ] ] ], [ [ [ 134.663156744188427, 33.971546774763908 ], [ 134.662484967707201, 33.972514467768519 ], [ 134.662759584687137, 33.972418278980456 ], [ 134.663156744188427, 33.971546774763908 ] ] ], [ [ [ 134.653274694971287, 33.983552494751905 ], [ 134.654545863300996, 33.983951774854575 ], [ 134.654351971266578, 33.984443613182236 ], [ 134.654888171352127, 33.983463162395083 ], [ 134.654567613404652, 33.983910387154708 ], [ 134.653320466866148, 33.983442162325957 ], [ 134.653468105868455, 33.982697829441349 ], [ 134.653965135982276, 33.981725252218666 ], [ 134.654502087901051, 33.981890694200217 ], [ 134.653975356777323, 33.981649162378972 ], [ 134.655095887765128, 33.979744918992878 ], [ 134.656504577724149, 33.980272278742746 ], [ 134.65631797739286, 33.980766081189756 ], [ 134.65683710834594, 33.9797740003699 ], [ 134.656531802900417, 33.980229721024841 ], [ 134.655254863621167, 33.979753801596701 ], [ 134.655484188944229, 33.979770666583022 ], [ 134.655375084092952, 33.97946472082026 ], [ 134.656188054135441, 33.977947251564444 ], [ 134.656536393939518, 33.978050251817706 ], [ 134.65620399461875, 33.977910495373123 ], [ 134.656672334560653, 33.977148864928211 ], [ 134.65739883298977, 33.977446865180752 ], [ 134.656673463209813, 33.977099216056047 ], [ 134.657024747394189, 33.976499693805863 ], [ 134.658361440328235, 33.977011197608761 ], [ 134.657136225556428, 33.97650008141369 ], [ 134.657710531715679, 33.975310387164711 ], [ 134.659179026590891, 33.973432332935886 ], [ 134.660550311048041, 33.973965558963414 ], [ 134.660328443802655, 33.974441775167861 ], [ 134.660911089375304, 33.973488027050848 ], [ 134.660576355414491, 33.973925666836124 ], [ 134.659263527789676, 33.973341999633647 ], [ 134.66015204897792, 33.971852386878197 ], [ 134.6615448119436, 33.972083107949118 ], [ 134.661903606366423, 33.971883080739644 ], [ 134.660455278788163, 33.97167938699414 ], [ 134.661421414166966, 33.970028134590791 ], [ 134.662021725122599, 33.97046238662989 ], [ 134.661727302373151, 33.9711956128873 ], [ 134.662329196135602, 33.971396387433401 ], [ 134.661952671578547, 33.970939531834006 ], [ 134.662084111992272, 33.970443865092363 ], [ 134.661636419585193, 33.970027532045037 ], [ 134.662732140076287, 33.967714494628297 ], [ 134.664549274229671, 33.965368495259895 ], [ 134.665509222272817, 33.965129162281073 ], [ 134.666580506385344, 33.963535161618438 ], [ 134.668304720786296, 33.962085054281886 ], [ 134.669935161978174, 33.961359775333392 ], [ 134.670572140092304, 33.961589026912122 ], [ 134.670732088115415, 33.961079468342859 ], [ 134.671995641885474, 33.961153639928568 ], [ 134.673076860808578, 33.96067335968786 ], [ 134.675717523045364, 33.960434495255811 ], [ 134.679518105676152, 33.959502694194043 ], [ 134.680501439689806, 33.959719027011545 ], [ 134.683767224278085, 33.958668440795975 ], [ 134.685511633854844, 33.957772721434026 ], [ 134.687292528927173, 33.956133494765027 ], [ 134.687813501691835, 33.955950495319144 ], [ 134.688025161631913, 33.956257225290756 ], [ 134.687828171433011, 33.956078639717475 ], [ 134.68836671874908, 33.955495000394023 ], [ 134.688642139723015, 33.955623694278131 ], [ 134.688271894232571, 33.955459945719952 ], [ 134.688428391557068, 33.954989558921056 ], [ 134.689474357955305, 33.953909467747792 ], [ 134.691054747378757, 33.953513468371909 ], [ 134.693127393314626, 33.951699559187375 ], [ 134.695390778261867, 33.951628919239283 ], [ 134.696128028985413, 33.95203782928246 ], [ 134.695975473389467, 33.951718278575754 ], [ 134.696875058037563, 33.949999999700253 ], [ 134.699100855819893, 33.954292080714993 ], [ 134.696923644810454, 33.94999033288758 ], [ 134.697031970848798, 33.948356108247822 ], [ 134.703590908193974, 33.932479332954927 ], [ 134.703801388223496, 33.932126117026712 ], [ 134.71107946844279, 33.930955919180406 ], [ 134.704776226341892, 33.931757856340028 ], [ 134.704102852664619, 33.93073729668896 ], [ 134.704497964409597, 33.929609287838389 ], [ 134.711646693340299, 33.925793441014548 ], [ 134.70445303517954, 33.92958321559297 ], [ 134.705633359392095, 33.925938757068025 ], [ 134.70933058383946, 33.925361332959199 ], [ 134.711564060033425, 33.924474495301752 ], [ 134.709315888017841, 33.925287828670434 ], [ 134.705624967818039, 33.925903946110282 ], [ 134.70163219197218, 33.922110279266008 ], [ 134.699903917132133, 33.919372513630663 ], [ 134.699555694239962, 33.917782306308425 ], [ 134.699904254377884, 33.916203261371493 ], [ 134.701526536920255, 33.916139928415021 ], [ 134.70098156934398, 33.916144342287623 ], [ 134.700957249877206, 33.915065774565903 ], [ 134.700923618829961, 33.916106053651504 ], [ 134.699902723731725, 33.916147287567298 ], [ 134.699863242594688, 33.914719873723243 ], [ 134.701820830167208, 33.91451091894379 ], [ 134.701920091039483, 33.916235261048485 ], [ 134.701877639441591, 33.914459513695647 ], [ 134.702108948669093, 33.914082658188192 ], [ 134.702721984132381, 33.914276008830768 ], [ 134.703190973384721, 33.913829847069849 ], [ 134.701279649636149, 33.91362825234205 ], [ 134.700669804967561, 33.913229485752197 ], [ 134.697842671901867, 33.909903035596642 ], [ 134.697329882967779, 33.908732297257757 ], [ 134.697326109412529, 33.90748881995313 ], [ 134.697854474604355, 33.906750080851623 ], [ 134.699161362207178, 33.906963559220912 ], [ 134.698635498929207, 33.906713449666029 ], [ 134.699024188615454, 33.906364009091817 ], [ 134.697921686336826, 33.905974170971263 ], [ 134.697649079341659, 33.905346811106483 ], [ 134.696986252013971, 33.905213964153177 ], [ 134.695889364202912, 33.903551413566959 ], [ 134.694683528022438, 33.903277233657434 ], [ 134.693719804625403, 33.901141404951943 ], [ 134.692443385154206, 33.90056991007333 ], [ 134.693315811175808, 33.901036224742029 ], [ 134.692851206118348, 33.901648919362174 ], [ 134.693347872906088, 33.901056649244993 ], [ 134.693637367370684, 33.901208017735883 ], [ 134.694298911365763, 33.902655098853756 ], [ 134.693082827410649, 33.903746053837381 ], [ 134.690633086747653, 33.902136666673869 ], [ 134.691416680435509, 33.90122978402735 ], [ 134.692261829120184, 33.901096017966893 ], [ 134.691373423944469, 33.901159973254209 ], [ 134.690435538069664, 33.9021282966836 ], [ 134.688471362063751, 33.901033477313206 ], [ 134.687415005797902, 33.900025350789349 ], [ 134.684959013947378, 33.896744864983589 ], [ 134.683554370937486, 33.893832432121087 ], [ 134.683466005351875, 33.893055143580057 ], [ 134.684071893902797, 33.892744864883639 ], [ 134.684039869944058, 33.891812413612058 ], [ 134.681874435556779, 33.890117622330479 ], [ 134.678051440022045, 33.888125631192963 ], [ 134.677342114147336, 33.887240216263024 ], [ 134.676827989719982, 33.885776477002878 ], [ 134.676726965277339, 33.884189694298982 ], [ 134.677262865888565, 33.883556099434486 ], [ 134.677816264608964, 33.883992937024459 ], [ 134.678284812294351, 33.88354794618084 ], [ 134.677841231587649, 33.883387026889807 ], [ 134.678121595235439, 33.883234413737284 ], [ 134.677132567613967, 33.883018026960428 ], [ 134.676608443624787, 33.88215563107758 ], [ 134.675095551018899, 33.88141500879567 ], [ 134.675020220207102, 33.881778973420921 ], [ 134.674453384716003, 33.881630296600974 ], [ 134.674308457169673, 33.880961900671252 ], [ 134.674895498628416, 33.880526260978229 ], [ 134.674837094856116, 33.879814125621465 ], [ 134.675225667630571, 33.879725766331092 ], [ 134.674516562989083, 33.879653639803678 ], [ 134.673009676055813, 33.880256901434905 ], [ 134.673644994021288, 33.880655658132184 ], [ 134.673924682278312, 33.881724505081877 ], [ 134.675388729106658, 33.883435063277602 ], [ 134.673644629795945, 33.883755333441911 ], [ 134.675400479648488, 33.883479936749723 ], [ 134.675489585376113, 33.883766504820414 ], [ 134.675595422091078, 33.885941784086128 ], [ 134.674620933809138, 33.886686305828391 ], [ 134.674180194960059, 33.88655933324668 ], [ 134.674569117570741, 33.886486017815514 ], [ 134.674486238748955, 33.885975711909623 ], [ 134.67497212716205, 33.88588705404436 ], [ 134.674597859903429, 33.884316126388171 ], [ 134.674749857020402, 33.88557867561542 ], [ 134.67368830087446, 33.885759549963325 ], [ 134.673747691203062, 33.886055233562217 ], [ 134.672694863876927, 33.886234486432443 ], [ 134.672112023151385, 33.88546306326981 ], [ 134.671299325603513, 33.885968729573278 ], [ 134.6712264328537, 33.88543623379519 ], [ 134.672182736843865, 33.885369261282449 ], [ 134.672023346400351, 33.884930631343593 ], [ 134.673393878125012, 33.884602216019516 ], [ 134.669109688661251, 33.885315062740005 ], [ 134.668954942316759, 33.884772440595725 ], [ 134.6701050322215, 33.884535855945046 ], [ 134.668936809286379, 33.884758180046049 ], [ 134.667373217400154, 33.879263351122802 ], [ 134.666438832586095, 33.879221711612729 ], [ 134.666309843724321, 33.878757900656638 ], [ 134.664579235143606, 33.879096224711077 ], [ 134.664644811908602, 33.879562251596667 ], [ 134.662204163391493, 33.879705027065427 ], [ 134.661734668720101, 33.880060711632609 ], [ 134.661972891935534, 33.88104739562084 ], [ 134.661228741613172, 33.881516640280779 ], [ 134.656426537254902, 33.88158426120475 ], [ 134.65523333295198, 33.882639378204772 ], [ 134.653334890193037, 33.882435018061699 ], [ 134.653439313173863, 33.881656522630465 ], [ 134.653150414959782, 33.881201233650074 ], [ 134.65366630385688, 33.881109314843059 ], [ 134.653428547389581, 33.880848008728663 ], [ 134.654097069224463, 33.880419720993359 ], [ 134.654411829242576, 33.880635405399687 ], [ 134.655726445619052, 33.879799314686693 ], [ 134.655725214447102, 33.879531567627794 ], [ 134.656586511358455, 33.879260675639728 ], [ 134.656285123359794, 33.879210224572262 ], [ 134.659289325741838, 33.87731520733098 ], [ 134.659013113364608, 33.877088622242184 ], [ 134.660766576416449, 33.875836963804886 ], [ 134.65945075225045, 33.874929305942771 ], [ 134.65819044143575, 33.87543206293941 ], [ 134.65896670564905, 33.874566648931761 ], [ 134.658505913717022, 33.874109467777771 ], [ 134.656204981175051, 33.872402864800449 ], [ 134.651943359298684, 33.871245937350182 ], [ 134.652057898753128, 33.870946901078696 ], [ 134.654087056172784, 33.871300982154651 ], [ 134.652035511929398, 33.870736054125643 ], [ 134.65185299631878, 33.871221269845762 ], [ 134.650036952143637, 33.870726675995343 ], [ 134.647538262281046, 33.873985351442855 ], [ 134.646445434908969, 33.873325116860713 ], [ 134.646553087355187, 33.873082405128969 ], [ 134.646120375854707, 33.873636838069672 ], [ 134.645451607605651, 33.873181450163827 ], [ 134.646085992074973, 33.873677008986817 ], [ 134.645554993668043, 33.874357847037061 ], [ 134.64520212667685, 33.874166476701589 ], [ 134.645531958433253, 33.87439818882541 ], [ 134.644856965076997, 33.875475072116956 ], [ 134.644569351094788, 33.875264882568331 ], [ 134.645213735125822, 33.874574964063413 ], [ 134.643888391635983, 33.873838883357848 ], [ 134.644608080398712, 33.873113559443254 ], [ 134.645228754703339, 33.873497631110865 ], [ 134.644660195211941, 33.873083324236063 ], [ 134.645735240289127, 33.87162945863264 ], [ 134.644931115078975, 33.871347531963067 ], [ 134.644320168740819, 33.872136224806979 ], [ 134.643855446771568, 33.871896026680361 ], [ 134.644412022796701, 33.871171225271894 ], [ 134.643775239835463, 33.871797873772891 ], [ 134.643224059742579, 33.87146949532098 ], [ 134.643508663693979, 33.870903008766902 ], [ 134.643828494989066, 33.870961712013468 ], [ 134.639986808844242, 33.869505748291715 ], [ 134.639154319016711, 33.871071729676657 ], [ 134.638828948797027, 33.87103578377446 ], [ 134.639147898756619, 33.871117134648102 ], [ 134.639015486175822, 33.872028225222493 ], [ 134.638015810581237, 33.872189559100946 ], [ 134.637615110449019, 33.871959838076123 ], [ 134.637891517979256, 33.872337207096507 ], [ 134.63736096024013, 33.873023423092548 ], [ 134.636119741133257, 33.870953774597069 ], [ 134.635292879263034, 33.870934982363622 ], [ 134.636403619331645, 33.870777964331637 ], [ 134.637854759989295, 33.87163621613854 ], [ 134.638410778434718, 33.870645486100329 ], [ 134.63866972832534, 33.869171541333628 ], [ 134.636468392102643, 33.868725568430307 ], [ 134.634943734565809, 33.869356297155434 ], [ 134.6348047731218, 33.869137955252484 ], [ 134.635737016650069, 33.86874168518068 ], [ 134.633980855631989, 33.866030963957883 ], [ 134.632915732774904, 33.866650405292035 ], [ 134.632677107562472, 33.865635801850829 ], [ 134.632238546871463, 33.865538765901363 ], [ 134.632158261694485, 33.864156577164351 ], [ 134.632831816135422, 33.863430306263695 ], [ 134.632423074265489, 33.863045658130659 ], [ 134.631493943290934, 33.863108197885083 ], [ 134.63039626497573, 33.861584694178362 ], [ 134.629573942883212, 33.86107473001482 ], [ 134.629769572407895, 33.860953657885034 ], [ 134.629270440578466, 33.858288936984934 ], [ 134.62879201024316, 33.856948171021315 ], [ 134.631188832998305, 33.856730919096663 ], [ 134.632844125156339, 33.857185883421835 ], [ 134.633036265311489, 33.857947387062325 ], [ 134.634774798718013, 33.858141099232398 ], [ 134.634896848410904, 33.858674613043036 ], [ 134.635677587650662, 33.85919402728257 ], [ 134.637325383059988, 33.85893937794998 ], [ 134.63869033718936, 33.859221586107367 ], [ 134.639668118788677, 33.861701161779251 ], [ 134.639142411992793, 33.863650179712067 ], [ 134.639948559778304, 33.863124053832053 ], [ 134.640531970673919, 33.863199972800544 ], [ 134.640759662828259, 33.863978450245327 ], [ 134.641470986097147, 33.864773090305903 ], [ 134.64363850781092, 33.864771657685878 ], [ 134.646670921026271, 33.86659404477939 ], [ 134.645641401429543, 33.864759188585708 ], [ 134.646155940444373, 33.863683243287085 ], [ 134.646876277618162, 33.863071135024938 ], [ 134.645750751795845, 33.862832053856266 ], [ 134.645434540271935, 33.862404395646422 ], [ 134.644362711170288, 33.86254355044457 ], [ 134.644489558746159, 33.861602035805333 ], [ 134.645369637099179, 33.861461053584833 ], [ 134.645850777991086, 33.860370008669008 ], [ 134.64469747121143, 33.859980873818301 ], [ 134.644793384806917, 33.858633216349915 ], [ 134.644092788651392, 33.857863107996081 ], [ 134.644244112176125, 33.857080125847176 ], [ 134.645373177729994, 33.856967126032089 ], [ 134.644890920779403, 33.856256658018424 ], [ 134.645253229752825, 33.855243170635845 ], [ 134.643858651056007, 33.854486541320853 ], [ 134.642677017430515, 33.853165332913818 ], [ 134.643400402406655, 33.852137864670794 ], [ 134.64688827457428, 33.853137495299222 ], [ 134.648123709241872, 33.852643738717632 ], [ 134.648130363325663, 33.852381494610313 ], [ 134.646438340157374, 33.85133636907824 ], [ 134.646040986402454, 33.849877882758108 ], [ 134.645153540803335, 33.84993708962503 ], [ 134.642442878935753, 33.848781324098866 ], [ 134.642065628625915, 33.848046523128573 ], [ 134.639320752051162, 33.845630044790767 ], [ 134.639692983244686, 33.844350485786322 ], [ 134.64038767804891, 33.844450901388029 ], [ 134.639657651579455, 33.844308892141726 ], [ 134.639787964243169, 33.843845540739153 ], [ 134.640801270861971, 33.844078045165702 ], [ 134.640783021819061, 33.844386946100713 ], [ 134.641334409655315, 33.843632991369532 ], [ 134.643321166738474, 33.842901874022346 ], [ 134.645621777323186, 33.843462387279374 ], [ 134.647933851566108, 33.843203558797256 ], [ 134.649159533086049, 33.845007694149842 ], [ 134.651241478911174, 33.845132135139977 ], [ 134.651163761298562, 33.845602081271068 ], [ 134.651279649736125, 33.845139486198377 ], [ 134.651759027057551, 33.845091685432976 ], [ 134.652294942058006, 33.844430549730134 ], [ 134.652313436615827, 33.844665648700754 ], [ 134.653677781904207, 33.844634315421388 ], [ 134.654415550637168, 33.845389333151275 ], [ 134.656095875424398, 33.846288594942735 ], [ 134.656247198049869, 33.847382936773158 ], [ 134.6557037476299, 33.847686458863052 ], [ 134.655955331173686, 33.848358649032491 ], [ 134.656687042972749, 33.848311135150823 ], [ 134.656883436921134, 33.848701684635103 ], [ 134.657529376779394, 33.848805675941264 ], [ 134.658559611337068, 33.847817820136356 ], [ 134.660055784646829, 33.847765675645462 ], [ 134.660007160102396, 33.847046765695723 ], [ 134.660297185166996, 33.846704053849066 ], [ 134.659868379422278, 33.845532810990505 ], [ 134.66015263263796, 33.844579413609097 ], [ 134.662116822133726, 33.843580667014237 ], [ 134.662915901247857, 33.843887207228875 ], [ 134.66345129733952, 33.8447417115608 ], [ 134.663423178237167, 33.846294125773341 ], [ 134.662912685272318, 33.846428676042592 ], [ 134.663303204179556, 33.846547604188629 ], [ 134.662942282860172, 33.847550368954387 ], [ 134.663396069972691, 33.847894477448222 ], [ 134.663374021294089, 33.848324017939149 ], [ 134.663999104974778, 33.848474189432352 ], [ 134.664124501044967, 33.848046351358107 ], [ 134.665267937765179, 33.847726883388987 ], [ 134.665683683555244, 33.847784621663038 ], [ 134.666191387722392, 33.848537359611498 ], [ 134.667194577867576, 33.848243242631611 ], [ 134.667703165168973, 33.84797628787544 ], [ 134.667659013852472, 33.847296829385243 ], [ 134.6684502850527, 33.846640945723095 ], [ 134.667984188919263, 33.846219350742501 ], [ 134.66823246385718, 33.845844739043514 ], [ 134.668227496901522, 33.844069882918802 ], [ 134.669098482209279, 33.843748171141215 ], [ 134.669773632047509, 33.844279765798603 ], [ 134.669666406779356, 33.844890359602459 ], [ 134.670517249971226, 33.84512615284973 ], [ 134.670735797818907, 33.845924649203255 ], [ 134.671599170365539, 33.846968558851984 ], [ 134.671317043147042, 33.848209134943659 ], [ 134.671743943228421, 33.849038855758636 ], [ 134.673447652187406, 33.849655639596165 ], [ 134.673536783096097, 33.850095107703112 ], [ 134.674207043320507, 33.849970360044153 ], [ 134.674559650407559, 33.850244081299365 ], [ 134.674857794551599, 33.849957684999197 ], [ 134.675962762771405, 33.849938792940975 ], [ 134.674578975039708, 33.84921490974034 ], [ 134.674884630321458, 33.846658513979264 ], [ 134.675701971069202, 33.846584360380007 ], [ 134.675594125268731, 33.846816639975998 ], [ 134.67680715962274, 33.847368874074334 ], [ 134.67799007837948, 33.846601432210377 ], [ 134.678211894363471, 33.846965738578035 ], [ 134.677689870291374, 33.847245134555351 ], [ 134.678216536663854, 33.848651577108626 ], [ 134.679447742719162, 33.849839143561667 ], [ 134.678953022064434, 33.850230107633422 ], [ 134.678972789162913, 33.850622287588578 ], [ 134.679950712855202, 33.851276928387563 ], [ 134.680979261184007, 33.851510522792466 ], [ 134.680092619578772, 33.850251296560145 ], [ 134.681349675747015, 33.84956412638337 ], [ 134.681746096005554, 33.849561657744346 ], [ 134.682389014141791, 33.850581234436447 ], [ 134.684888379395261, 33.851320936711886 ], [ 134.685375472899864, 33.850580945754075 ], [ 134.685254656177449, 33.850121485718034 ], [ 134.68642664097672, 33.849991081323424 ], [ 134.687702424627219, 33.850651126148591 ], [ 134.687674968325155, 33.851495144385467 ], [ 134.686923657600801, 33.851989035865358 ], [ 134.687113358794591, 33.852775350901766 ], [ 134.688097003973667, 33.852856639722177 ], [ 134.687938885171434, 33.852665846751506 ], [ 134.688539143966409, 33.851595270405483 ], [ 134.690242424848066, 33.851605449831709 ], [ 134.690975175364088, 33.852344793277666 ], [ 134.690836757110674, 33.853139505283991 ], [ 134.69038600521003, 33.853370288408144 ], [ 134.690490363439608, 33.85389548618781 ], [ 134.692522322247441, 33.854380855692 ], [ 134.691135097306983, 33.852513855929772 ], [ 134.691379818124119, 33.851525152963518 ], [ 134.691878015558018, 33.851107774903937 ], [ 134.69238901394192, 33.851248963968544 ], [ 134.692110323932411, 33.851076305826894 ], [ 134.692519350887437, 33.850952197585912 ], [ 134.691803878146516, 33.850937631266731 ], [ 134.690811868373089, 33.849677404988313 ], [ 134.691345694248412, 33.848763873653922 ], [ 134.692208340142884, 33.848271153091275 ], [ 134.694093489123247, 33.848350964325618 ], [ 134.696308987869543, 33.848961936744047 ], [ 134.696819780308715, 33.849497919193652 ], [ 134.696398482104314, 33.850087306084333 ], [ 134.697081529788875, 33.850570108024101 ], [ 134.697772244193743, 33.850306828797159 ], [ 134.697607250074611, 33.849527053630652 ], [ 134.698378690324375, 33.849042260591887 ], [ 134.69977769098773, 33.849246314965512 ], [ 134.700470635711326, 33.849903838091734 ], [ 134.700396265375389, 33.849662072446733 ], [ 134.700733294406064, 33.849562432060623 ], [ 134.702059857376526, 33.849535188897903 ], [ 134.702126108633024, 33.848463027047103 ], [ 134.703358392076211, 33.84810100855475 ], [ 134.704481880934168, 33.848352369066617 ], [ 134.704576549867966, 33.84882083761164 ], [ 134.7057998958486, 33.849186775349438 ], [ 134.705757366908983, 33.84959411697497 ], [ 134.705479104976803, 33.849555269859877 ], [ 134.705946083345111, 33.849891937363054 ], [ 134.70773188062185, 33.850558558930402 ], [ 134.70875501862929, 33.850661414392789 ], [ 134.709630025705223, 33.850246666850239 ], [ 134.710839454677171, 33.850190891796274 ], [ 134.711117716609351, 33.850469793146488 ], [ 134.712724253821307, 33.849633242879918 ], [ 134.713919948346984, 33.849636910315212 ], [ 134.715916719381198, 33.848562937229815 ], [ 134.716408494756251, 33.848853784274752 ], [ 134.71776251582753, 33.848246892080454 ], [ 134.717713113369541, 33.847844342042777 ], [ 134.718600427667639, 33.847480062654824 ], [ 134.718336783315976, 33.846035414203072 ], [ 134.720262061844778, 33.845026658153813 ], [ 134.718411025048795, 33.844358044588148 ], [ 134.718471712199857, 33.843382945666463 ], [ 134.718248131745895, 33.844138072214321 ], [ 134.714417990198172, 33.844300909759227 ], [ 134.712822100959215, 33.843534783603445 ], [ 134.712003047902385, 33.843568531562539 ], [ 134.710506316113651, 33.842690685326943 ], [ 134.708343307197879, 33.842345144213084 ], [ 134.707813319629054, 33.842709080959366 ], [ 134.706442619731206, 33.842837270323798 ], [ 134.704914397281641, 33.841850937071115 ], [ 134.703050311322841, 33.842013666697426 ], [ 134.702342749917989, 33.841726918762333 ], [ 134.702974306019428, 33.842043440552402 ], [ 134.702340518699998, 33.842311612990613 ], [ 134.702471933033394, 33.842752729554888 ], [ 134.702075590116465, 33.843113981824843 ], [ 134.701704293318585, 33.842615874323201 ], [ 134.702278015817797, 33.842700621936217 ], [ 134.701797288613989, 33.842466927706596 ], [ 134.702142957431647, 33.841851613361314 ], [ 134.700158534089155, 33.841291207123561 ], [ 134.69903359282614, 33.841399766086397 ], [ 134.697819610586635, 33.842045982036495 ], [ 134.697282244080384, 33.841732748167829 ], [ 134.697651789898259, 33.842015333141148 ], [ 134.697442075191702, 33.842957981825464 ], [ 134.69637535693721, 33.842794108261558 ], [ 134.696610699624102, 33.841802720818976 ], [ 134.697012672297092, 33.84174385569446 ], [ 134.694767522902907, 33.841159675878373 ], [ 134.694121492213185, 33.839786865271662 ], [ 134.694688573219196, 33.841065026729666 ], [ 134.693535668436425, 33.841293108290358 ], [ 134.692896018436613, 33.840902252137255 ], [ 134.692793009190041, 33.840603116940372 ], [ 134.69342163440092, 33.840465224790364 ], [ 134.692782230815396, 33.840565892202221 ], [ 134.692402788857635, 33.83936885588804 ], [ 134.693444630065642, 33.839858423427529 ], [ 134.692663981657461, 33.839293622202945 ], [ 134.692079338690633, 33.839388514168661 ], [ 134.691597288584035, 33.838973252213862 ], [ 134.691657730220186, 33.838409288258106 ], [ 134.691312243964944, 33.838281107886871 ], [ 134.690462399020589, 33.838782080628562 ], [ 134.689424772935013, 33.83866309042935 ], [ 134.68862424141571, 33.839297494683706 ], [ 134.687913320143707, 33.838830233928206 ], [ 134.68760599212294, 33.837809909899477 ], [ 134.686197107910289, 33.836634117370693 ], [ 134.685300116906888, 33.836261684729038 ], [ 134.684679857189735, 33.836426197710921 ], [ 134.684117912211946, 33.835355901054015 ], [ 134.685068366112318, 33.834838567845679 ], [ 134.684759909442278, 33.833975323902109 ], [ 134.68268526611223, 33.833939135183016 ], [ 134.682583165180972, 33.833688693778242 ], [ 134.682651296919857, 33.833934107972766 ], [ 134.681417263396042, 33.833995395870886 ], [ 134.68143210131052, 33.833707936572068 ], [ 134.682174928730092, 33.833486775294489 ], [ 134.681389948287574, 33.833683269966969 ], [ 134.681362257262435, 33.833997612699704 ], [ 134.680474461826975, 33.83401985563188 ], [ 134.680291906646289, 33.834368792585735 ], [ 134.679018275073417, 33.83424313481288 ], [ 134.678813203566506, 33.83396605369046 ], [ 134.67919557731409, 33.833839081108749 ], [ 134.679129701974261, 33.833608225139528 ], [ 134.678299909213479, 33.832355377798478 ], [ 134.679288612179789, 33.830825234397082 ], [ 134.680186498008538, 33.830322631184515 ], [ 134.683333332867051, 33.830285314715582 ], [ 134.684384967692154, 33.830853081004932 ], [ 134.684780467045016, 33.831463702687756 ], [ 134.685498080172351, 33.831535793242324 ], [ 134.685315213826129, 33.832223090223465 ], [ 134.6857337870847, 33.831634856263634 ], [ 134.687291465928524, 33.832461270271438 ], [ 134.690221440067489, 33.83326033319787 ], [ 134.691535837009383, 33.833232766279195 ], [ 134.693101127714954, 33.832010720718245 ], [ 134.694913917243525, 33.831879342357809 ], [ 134.695923747982647, 33.832959874198878 ], [ 134.697516316025258, 33.833546278937661 ], [ 134.698183631869142, 33.833188712089452 ], [ 134.697740777814715, 33.834325296875022 ], [ 134.697376082939968, 33.834293279211522 ], [ 134.697728340190793, 33.834949152981096 ], [ 134.698412360941802, 33.835132531940872 ], [ 134.698609182967516, 33.836305333324503 ], [ 134.699236303612565, 33.835882856108981 ], [ 134.700646679800457, 33.836408775144889 ], [ 134.701122022763229, 33.836057793132682 ], [ 134.703284553239655, 33.83567576562416 ], [ 134.7045061743205, 33.835676216184481 ], [ 134.70520250319305, 33.836084485910362 ], [ 134.706205135758523, 33.834869712267448 ], [ 134.706933306926658, 33.834696721376645 ], [ 134.70760887225174, 33.834819504916254 ], [ 134.707853657820124, 33.835620126367814 ], [ 134.708435590230351, 33.835530008902822 ], [ 134.708969157101023, 33.835080577206952 ], [ 134.711945926563317, 33.834255441135724 ], [ 134.714816121866647, 33.835140053870418 ], [ 134.714815798110635, 33.83602433295664 ], [ 134.716143034673337, 33.836114062813806 ], [ 134.716055901158938, 33.835915270373505 ], [ 134.716696315582567, 33.835797855786495 ], [ 134.717161945867133, 33.835231567982532 ], [ 134.716762762891221, 33.83364438687903 ], [ 134.716912528790203, 33.833042476928824 ], [ 134.716624227726015, 33.832696621951584 ], [ 134.71679778159239, 33.832285999599264 ], [ 134.717525888009391, 33.831786622254867 ], [ 134.717676834718191, 33.83206151442738 ], [ 134.717795616274771, 33.831646909877065 ], [ 134.719663463198344, 33.831341206931199 ], [ 134.719467134001093, 33.831888612569458 ], [ 134.719749441983254, 33.831487126429806 ], [ 134.720071491905856, 33.831540108189472 ], [ 134.720367146726517, 33.831670242787538 ], [ 134.720355162360875, 33.832121793286206 ], [ 134.720651764167656, 33.831958288444298 ], [ 134.721154877295817, 33.832255604312763 ], [ 134.7210050583368, 33.833123666823838 ], [ 134.722172996186941, 33.834786945860913 ], [ 134.723546627874612, 33.83488632364498 ], [ 134.723793593399705, 33.834584973417861 ], [ 134.724508105664654, 33.834587855744985 ], [ 134.724558378666302, 33.834316747919615 ], [ 134.725244241228779, 33.83454881077904 ], [ 134.725090947289459, 33.834762666863639 ], [ 134.725613306808782, 33.834544171176617 ], [ 134.726898118753297, 33.834888314743978 ], [ 134.727377263150288, 33.835311972769375 ], [ 134.72722175058334, 33.83595440527165 ], [ 134.727631673263204, 33.836554702737374 ], [ 134.729892541907361, 33.837271612594918 ], [ 134.730262101215089, 33.838549116648494 ], [ 134.731435824403889, 33.838827098891556 ], [ 134.731941114790629, 33.839677387201732 ], [ 134.734515136364507, 33.839423972638258 ], [ 134.7351775104338, 33.840098612560951 ], [ 134.736275213930071, 33.840177748404415 ], [ 134.737247133748269, 33.839781098818719 ], [ 134.737790142601057, 33.840334261017404 ], [ 134.737528728568009, 33.839984000261438 ], [ 134.737876291357793, 33.839798224608444 ], [ 134.738701920257427, 33.840229981928189 ], [ 134.738538612367165, 33.840451153098286 ], [ 134.738147366807652, 33.840186963757446 ], [ 134.737797885763825, 33.840594549998514 ], [ 134.738128016095175, 33.840270188818238 ], [ 134.738609312569793, 33.840540891948649 ], [ 134.739595927310233, 33.840406990989891 ], [ 134.741541633939278, 33.842168216090329 ], [ 134.743270544600023, 33.841184873982797 ], [ 134.743993695752465, 33.84007105373621 ], [ 134.743030428311727, 33.839932900782799 ], [ 134.742831620582933, 33.839454278891935 ], [ 134.743454046766942, 33.837351413936631 ], [ 134.749931141309162, 33.834596008998687 ], [ 134.749825330674526, 33.833776658266231 ], [ 134.750192398860236, 33.833901144222466 ], [ 134.749829183370139, 33.833477666960789 ], [ 134.749417197645585, 33.833675801996719 ], [ 134.748456887175621, 33.83322082867835 ], [ 134.748447938021968, 33.832865883353861 ], [ 134.747825992075946, 33.832352694221527 ], [ 134.748208222831295, 33.83258413475005 ], [ 134.748218300634107, 33.832295802209558 ], [ 134.747655369999393, 33.831963053951824 ], [ 134.747723204062709, 33.832297117018413 ], [ 134.747068702658567, 33.832182567671396 ], [ 134.746469637263999, 33.831277846995079 ], [ 134.744995991971564, 33.831541297093224 ], [ 134.744713139000282, 33.831025053863186 ], [ 134.743932424941477, 33.830659126017906 ], [ 134.742038469799581, 33.830506485885678 ], [ 134.741500480063223, 33.830081369159927 ], [ 134.740903787080128, 33.830417116656633 ], [ 134.740683139315479, 33.82993037838429 ], [ 134.739481154032092, 33.829871685030298 ], [ 134.73902404662249, 33.829453404950755 ], [ 134.738959896182337, 33.829889414265097 ], [ 134.737050156139844, 33.82931598224684 ], [ 134.735702398846684, 33.828395937122878 ], [ 134.734769026669255, 33.826509207134279 ], [ 134.733858170817939, 33.825884919353598 ], [ 134.732130219733904, 33.825751306177892 ], [ 134.729215551156813, 33.823399999910123 ], [ 134.728411114781238, 33.824228892449469 ], [ 134.727000830324073, 33.823986386662455 ], [ 134.726475550706141, 33.823318333374459 ], [ 134.726053605889319, 33.823512774894709 ], [ 134.725166394113899, 33.823028053801693 ], [ 134.724721114587851, 33.823713053914332 ], [ 134.723354449048657, 33.823459161810945 ], [ 134.722600829764588, 33.823935558779056 ], [ 134.72168972839836, 33.823851107942346 ], [ 134.720448326728956, 33.823151946205428 ], [ 134.719926109302605, 33.821291667076821 ], [ 134.718917782229937, 33.820063053766944 ], [ 134.713966938823205, 33.818639441357163 ], [ 134.712310271601837, 33.817247225179358 ], [ 134.711155837072283, 33.817413613247709 ], [ 134.707046108890836, 33.816230000214375 ], [ 134.705757223916862, 33.815502775133041 ], [ 134.704630271769702, 33.814335559438575 ], [ 134.70267666729444, 33.81413249521853 ], [ 134.700760272268781, 33.813207775418562 ], [ 134.69941722382589, 33.81298249524599 ], [ 134.698725550743688, 33.81226082887423 ], [ 134.698502776082364, 33.812728613035119 ], [ 134.695358327125177, 33.812498332632003 ], [ 134.693829441875323, 33.811127774827014 ], [ 134.69440666723392, 33.810626107808673 ], [ 134.692901659883773, 33.81004249456555 ], [ 134.693181660205482, 33.809050278847337 ], [ 134.692739727956109, 33.808991107953318 ], [ 134.69248306144425, 33.808562775251914 ], [ 134.691929999969602, 33.808951667285669 ], [ 134.691052502670914, 33.80874055862995 ], [ 134.690600272284769, 33.80715333256029 ], [ 134.689041659944678, 33.80552999960986 ], [ 134.687688326854868, 33.805459440600771 ], [ 134.686642503448866, 33.806048612553468 ], [ 134.68569778182723, 33.805259441270266 ], [ 134.685046393876064, 33.805157774711574 ], [ 134.684244448622508, 33.80623555912382 ], [ 134.683440558135317, 33.80629082875879 ], [ 134.682522503210976, 33.806082224714942 ], [ 134.681526939316882, 33.804830828879687 ], [ 134.680177496694228, 33.804675828926406 ], [ 134.679772503198478, 33.804300828720329 ], [ 134.678939442301498, 33.804478891787483 ], [ 134.678856939396269, 33.80538972065915 ], [ 134.679776938654868, 33.806170000345276 ], [ 134.679950829766995, 33.806698891640565 ], [ 134.678417497369651, 33.808860828564434 ], [ 134.677477223794881, 33.809551945865678 ], [ 134.677753061154931, 33.811159721444028 ], [ 134.676914993731998, 33.812972224988243 ], [ 134.677579441637931, 33.814324162330252 ], [ 134.675923891374509, 33.814545559230226 ], [ 134.67560693880921, 33.816098333171567 ], [ 134.674768884876244, 33.816396387383406 ], [ 134.672234162776476, 33.815872224723421 ], [ 134.670077781864165, 33.814004161962544 ], [ 134.669158054200921, 33.813573613331641 ], [ 134.668146109155714, 33.814289999783739 ], [ 134.666572218233341, 33.814597225281773 ], [ 134.665979441797845, 33.814366945777977 ], [ 134.664364720755316, 33.813262224871835 ], [ 134.663608327062661, 33.811031666977897 ], [ 134.663914994081779, 33.810357775291152 ], [ 134.662249169963275, 33.809488054430233 ], [ 134.659796394088403, 33.809624441115091 ], [ 134.654931659868225, 33.808387775275662 ], [ 134.654369442395932, 33.807628612570454 ], [ 134.653337497327698, 33.807223333090406 ], [ 134.650864162950825, 33.805398053777196 ], [ 134.64951499372205, 33.805892775331358 ], [ 134.646163061276297, 33.806042224669 ], [ 134.644323060960573, 33.804856386712913 ], [ 134.641011660060144, 33.804263612975433 ], [ 134.639652502960757, 33.80441722527479 ], [ 134.639570830129742, 33.803632225047181 ], [ 134.638834994039826, 33.803142224933765 ], [ 134.633223890869886, 33.801440278645998 ], [ 134.63269250305666, 33.80083472104559 ], [ 134.630720000227939, 33.800083892357804 ], [ 134.626826109337571, 33.799201386734637 ], [ 134.625313332744213, 33.799943054028745 ], [ 134.622748054379258, 33.799678612877756 ], [ 134.622126666912209, 33.799075558989898 ], [ 134.620900558214203, 33.798853054125175 ], [ 134.619658327369962, 33.798090829228443 ], [ 134.619000830324126, 33.797292494752867 ], [ 134.61901416277351, 33.796829162236122 ], [ 134.617094720844761, 33.796258892234164 ], [ 134.615096667377315, 33.7951424954299 ], [ 134.613387496835571, 33.793239162157647 ], [ 134.612250557717175, 33.792975828971407 ], [ 134.611284163333494, 33.791777494935502 ], [ 134.611409169997273, 33.790907774973903 ], [ 134.611113332614309, 33.790104162377247 ], [ 134.610166939153032, 33.789251387441652 ], [ 134.606906667408794, 33.789163612710638 ], [ 134.605329170205096, 33.788195559077849 ], [ 134.603692217921548, 33.789317225009995 ], [ 134.601720271773161, 33.789509161918318 ], [ 134.598354720893667, 33.787199999680297 ], [ 134.597316394236259, 33.788110279066188 ], [ 134.596428884785269, 33.789599441261259 ], [ 134.594982503339907, 33.789511667429565 ], [ 134.592359727719327, 33.787824999724023 ], [ 134.589231114924132, 33.787038054262837 ], [ 134.588185837406513, 33.785878053829151 ], [ 134.586338885331315, 33.785751666706119 ], [ 134.583913061238832, 33.78618749525674 ], [ 134.582263333186347, 33.785619999663311 ], [ 134.581079999842132, 33.786003892365784 ], [ 134.579837781588367, 33.785803613346104 ], [ 134.577379441608059, 33.786297225136877 ], [ 134.577149441793381, 33.787249162019236 ], [ 134.577353333389738, 33.788414721162496 ], [ 134.576676108815377, 33.789262225171626 ], [ 134.57525610898233, 33.789805000200658 ], [ 134.572843890732997, 33.789275559419593 ], [ 134.572094721294434, 33.789462225401451 ], [ 134.570766667247995, 33.793145279231283 ], [ 134.567302503008136, 33.793208333397899 ], [ 134.566783333384137, 33.79377889208223 ], [ 134.565797224062749, 33.794064162431198 ], [ 134.564627224067181, 33.793353892268385 ], [ 134.561971946048516, 33.793543053868916 ], [ 134.561334163041238, 33.794096946317097 ], [ 134.56009165970238, 33.796449999967592 ], [ 134.558718054095038, 33.797176946259128 ], [ 134.558303891111791, 33.797963891720258 ], [ 134.557672775678157, 33.798386108132433 ], [ 134.557028885374848, 33.800994440640977 ], [ 134.553078053909076, 33.801841666759572 ], [ 134.551388885188999, 33.80340222523256 ], [ 134.549016109406011, 33.804701946137982 ], [ 134.548910830270643, 33.805678612577935 ], [ 134.548536108854364, 33.806158613129526 ], [ 134.546511660284978, 33.806174999676557 ], [ 134.545400830284166, 33.805579721327149 ], [ 134.544092776260641, 33.805442775263941 ], [ 134.542738884691857, 33.80570333314239 ], [ 134.542088054320288, 33.804951667185719 ], [ 134.540484162913799, 33.804071387384681 ], [ 134.538387223591599, 33.803928891605096 ], [ 134.537934720710837, 33.804158332940744 ], [ 134.535033605816352, 33.803536666683897 ], [ 134.534038884586948, 33.80364110765106 ], [ 134.531733333126908, 33.803002224772911 ], [ 134.528153606004139, 33.804078613437298 ], [ 134.527068054147435, 33.805068613225956 ], [ 134.525515279306774, 33.805269162042237 ], [ 134.524311388359934, 33.806052494926746 ], [ 134.524073333317688, 33.807201108144682 ], [ 134.522820271938031, 33.807348613148008 ], [ 134.522253333024992, 33.807946666805265 ], [ 134.519964993689541, 33.807389721158756 ], [ 134.518892776080861, 33.80662000041275 ], [ 134.513888885263896, 33.806138053728262 ], [ 134.512007223854312, 33.806266666673366 ], [ 134.510417496770174, 33.808339162422442 ], [ 134.50973999970131, 33.810274721101564 ], [ 134.507816938900646, 33.812993054186165 ], [ 134.508256666911734, 33.814265000429486 ], [ 134.508059441989758, 33.81491472103761 ], [ 134.508420830057275, 33.81705749520728 ], [ 134.509168611842028, 33.818371946108471 ], [ 134.510347782224471, 33.818706386890312 ], [ 134.511054162819391, 33.819731387393688 ], [ 134.510006666674371, 33.822326386553527 ], [ 134.510322775675604, 33.823298333351431 ], [ 134.51344111461583, 33.82672333301548 ], [ 134.514973332753129, 33.828926108153439 ], [ 134.517010829586184, 33.828639720846468 ], [ 134.518033891151163, 33.829532774617917 ], [ 134.519073061372751, 33.829635828830476 ], [ 134.520293332571327, 33.83166361298538 ], [ 134.521924449154085, 33.832484720993136 ], [ 134.523624994298075, 33.834124999868891 ], [ 134.524496109108213, 33.836008891597146 ], [ 134.525194993853916, 33.839086108137451 ], [ 134.525051945890709, 33.842278053889117 ], [ 134.527806393949959, 33.843098332721922 ], [ 134.528811945714779, 33.843737224593269 ], [ 134.52944861176411, 33.845431387248766 ], [ 134.530177782079022, 33.846063053966816 ], [ 134.530528327020761, 33.846963892269855 ], [ 134.531783332734676, 33.84788805359085 ], [ 134.533536393789632, 33.848527225151372 ], [ 134.534864993724568, 33.849589999878617 ], [ 134.537135279169888, 33.849875000430984 ], [ 134.539543332658695, 33.852377495325186 ], [ 134.542431387598526, 33.851923612884491 ], [ 134.544526394277682, 33.852162224607014 ], [ 134.545688884934179, 33.851730828814766 ], [ 134.546113332564346, 33.852277774899449 ], [ 134.551146938780221, 33.85459166667215 ], [ 134.556346394370621, 33.854472494809841 ], [ 134.556623060905622, 33.855427224986499 ], [ 134.555584994152241, 33.86058277477531 ], [ 134.555889441644467, 33.862831386559321 ], [ 134.556544449366925, 33.864071387084891 ], [ 134.555455551132809, 33.86591166708979 ], [ 134.5557508300368, 33.867975279335724 ], [ 134.556212218219343, 33.868922224980736 ], [ 134.55514639389105, 33.869357495052384 ], [ 134.551944162593145, 33.869010828886701 ], [ 134.550431115303809, 33.868518054364756 ], [ 134.548871660298914, 33.868471667333608 ], [ 134.54748749665066, 33.869033892000573 ], [ 134.545646667159986, 33.868830000404273 ], [ 134.543118326649505, 33.870100279304495 ], [ 134.540792776065814, 33.873080558820789 ], [ 134.540294449129533, 33.873288332790366 ], [ 134.538292218311312, 33.873157494922509 ], [ 134.537392503261458, 33.873623332950501 ], [ 134.531076393660669, 33.873088332560542 ], [ 134.529784449193016, 33.873734721180483 ], [ 134.526213605573503, 33.872718613173504 ], [ 134.52247165963945, 33.872984162289299 ], [ 134.5208847213529, 33.874223892119005 ], [ 134.519684994267095, 33.874015828567678 ], [ 134.519163891100789, 33.872910828871682 ], [ 134.518434994179756, 33.872356386937781 ], [ 134.516912503109552, 33.871948054259349 ], [ 134.515491388117084, 33.871062495437855 ], [ 134.512252775645152, 33.870839162297557 ], [ 134.511260558128356, 33.870003612976404 ], [ 134.507846394395642, 33.869256386972722 ], [ 134.505761114783695, 33.868293892049508 ], [ 134.502319170093642, 33.867639162217586 ], [ 134.498150830396526, 33.865284720913166 ], [ 134.49729610932809, 33.865665829314651 ], [ 134.497136394229301, 33.866133332887046 ], [ 134.497111946159407, 33.871401386964465 ], [ 134.492369728380368, 33.87204722519931 ], [ 134.490524163059717, 33.871345828647122 ], [ 134.489581387571093, 33.870294720824745 ], [ 134.488984449073087, 33.868710829441284 ], [ 134.487553332720154, 33.868904162097465 ], [ 134.485066394298769, 33.869959440975492 ], [ 134.483615551316689, 33.870056108202903 ], [ 134.482633333361719, 33.870580829341861 ], [ 134.479051115116931, 33.870973612742091 ], [ 134.47342527925332, 33.869371386880061 ], [ 134.472137224353446, 33.867693054091205 ], [ 134.469679727937205, 33.868386387321948 ], [ 134.46809583655363, 33.869421107698031 ], [ 134.467165279254345, 33.872218054119969 ], [ 134.467782217775152, 33.872608612597446 ], [ 134.469830271749743, 33.875550000032547 ], [ 134.470364720855287, 33.875858613184505 ], [ 134.470356667426358, 33.876328332686455 ], [ 134.471483332689672, 33.877342775149032 ], [ 134.473440830330105, 33.881429162326015 ], [ 134.474246666950194, 33.882279440743673 ], [ 134.47177917007275, 33.883256666561977 ], [ 134.469920558287185, 33.885848332834371 ], [ 134.46899944207064, 33.885807224823623 ], [ 134.468719727733287, 33.887764720665359 ], [ 134.467806939238926, 33.889396667322387 ], [ 134.468382502650456, 33.892241946009051 ], [ 134.472560557723568, 33.895155558782051 ], [ 134.474057223861905, 33.896969440986936 ], [ 134.474270829934881, 33.89899889158562 ], [ 134.475208327302539, 33.901237494814609 ], [ 134.476680557961458, 33.901223612879505 ], [ 134.479279728176948, 33.902186945970811 ], [ 134.480225278973535, 33.902180279296488 ], [ 134.481138327371923, 33.903767494574254 ], [ 134.483219442223572, 33.905093892069488 ], [ 134.484164993919421, 33.906187494657217 ], [ 134.486254449083617, 33.90690055901365 ], [ 134.489388054015535, 33.909169999995527 ], [ 134.492554449128534, 33.910873892416248 ], [ 134.494109170102206, 33.911011108276057 ], [ 134.497296394413183, 33.910434441396433 ], [ 134.498546393601259, 33.910862224612004 ], [ 134.50279999982024, 33.908389161830428 ], [ 134.504121388091676, 33.907961107918823 ], [ 134.504805550935544, 33.908367495363677 ], [ 134.50564999994765, 33.909543613447056 ], [ 134.509388327009788, 33.910557224936042 ], [ 134.509833890721552, 33.911128054316293 ], [ 134.511766394403594, 33.9118977750623 ], [ 134.513497224217531, 33.913527774687111 ], [ 134.514729999589917, 33.913968892150706 ], [ 134.515947782364378, 33.916053053905387 ], [ 134.516590272423173, 33.918102224837867 ], [ 134.517502503337937, 33.917985559386125 ], [ 134.518445278826675, 33.918361666657631 ], [ 134.519217223596002, 33.918162775291876 ], [ 134.521300000394717, 33.915797775047338 ], [ 134.521740557580756, 33.915719999878149 ], [ 134.525639169911869, 33.916993332876075 ], [ 134.52876111513342, 33.917056108252837 ], [ 134.53007194626332, 33.917423612609696 ], [ 134.53088527873274, 33.918141107925862 ], [ 134.530642503149011, 33.920366946177694 ], [ 134.531531660158066, 33.921967775392545 ], [ 134.531696394373171, 33.923938892366039 ], [ 134.533540557650667, 33.92430582925067 ], [ 134.534718054394716, 33.924189162000289 ], [ 134.534899169760934, 33.924840279255534 ], [ 134.535829727959594, 33.925769440807073 ], [ 134.535384994322044, 33.927493612939941 ], [ 134.536266108694008, 33.928230828589903 ], [ 134.538662218286845, 33.928813612658132 ], [ 134.543313891423054, 33.931151667415577 ], [ 134.544433605826271, 33.930973613341621 ], [ 134.545067496567754, 33.931296108428739 ], [ 134.548714993901967, 33.931374999656555 ], [ 134.550213332779094, 33.93196805398253 ], [ 134.554115837376003, 33.932396667272428 ], [ 134.554716938835668, 33.933130279338968 ], [ 134.556083606173502, 33.932876666924699 ], [ 134.557368053892674, 33.933250278577532 ], [ 134.557861946271828, 33.933463053677031 ], [ 134.557565551309153, 33.934251386792141 ], [ 134.557705836555215, 33.935468333197093 ], [ 134.558792502671963, 33.93630166658869 ], [ 134.559056109252083, 33.937528892244643 ], [ 134.560077223784901, 33.938313891572875 ], [ 134.560596939297398, 33.939659162240616 ], [ 134.560965836704099, 33.93927527943066 ], [ 134.564492776320662, 33.938709161598581 ], [ 134.565230271659743, 33.93788833328 ], [ 134.565841387969726, 33.938627495062917 ], [ 134.567835550970017, 33.939011666555245 ], [ 134.570060558248201, 33.940974721106556 ], [ 134.572653890964375, 33.94170472059642 ], [ 134.575098054032082, 33.944224720794296 ], [ 134.574752217940613, 33.944786108192375 ], [ 134.58071722412069, 33.945096666577967 ], [ 134.584866938858227, 33.946551107747496 ], [ 134.586636393654658, 33.946042495264976 ], [ 134.588019442143604, 33.946174441097639 ], [ 134.589904163046754, 33.947040559274456 ], [ 134.590728326950739, 33.947779999847171 ], [ 134.592405550875583, 33.948093892019529 ], [ 134.594065279389156, 33.947940278820852 ], [ 134.594756667386378, 33.94856444069643 ], [ 134.595984448823287, 33.948370000075499 ], [ 134.597044994131238, 33.949310829431283 ], [ 134.598641387889757, 33.949433333281775 ], [ 134.600226394432639, 33.948619721123293 ], [ 134.600969728170526, 33.948845279186344 ], [ 134.601776667359331, 33.949646666860247 ], [ 134.602808327342473, 33.949198054446697 ], [ 134.604548885122995, 33.949447494905996 ], [ 134.605055836557653, 33.94898444117905 ], [ 134.606692776250725, 33.949560558572955 ], [ 134.608663891425522, 33.949375559034877 ], [ 134.611868053567832, 33.950616108146903 ], [ 134.61229472072489, 33.95165027903721 ], [ 134.611142217939118, 33.95452305359612 ], [ 134.611326667092044, 33.956828891939836 ], [ 134.612052776114751, 33.956809721091815 ], [ 134.612894448919747, 33.957556108028029 ], [ 134.613338327302017, 33.957464720720338 ], [ 134.613401660258432, 33.957786386632506 ], [ 134.612952217770726, 33.958194161731228 ], [ 134.613649442367887, 33.957949720603153 ], [ 134.61351111494605, 33.95961499973248 ], [ 134.614012775669153, 33.960413891787709 ], [ 134.61333250329244, 33.960821945676287 ], [ 134.613718611924469, 33.961458054145908 ], [ 134.615113606108139, 33.96173138689403 ], [ 134.614641114895562, 33.961942494650486 ], [ 134.614468053857649, 33.962468053957593 ], [ 134.615436394374115, 33.963502224847844 ], [ 134.619655278668233, 33.964956387227517 ], [ 134.620364162975761, 33.965926108203405 ], [ 134.620877224404467, 33.967456945881395 ], [ 134.622139170186642, 33.968462494948255 ], [ 134.623297223588111, 33.968599720700581 ], [ 134.623926667181991, 33.968359161945841 ], [ 134.624571387559513, 33.969657774886457 ], [ 134.624927224112184, 33.969744161963547 ], [ 134.625320000317856, 33.969596108373764 ], [ 134.625342218069022, 33.968448613013152 ], [ 134.626394163160171, 33.967973333002988 ], [ 134.625801387624051, 33.967288332890291 ], [ 134.625793890875457, 33.966365829019821 ], [ 134.627216666915729, 33.965952495211525 ], [ 134.627749999962589, 33.966236386899766 ], [ 134.627572502569024, 33.966736107785209 ], [ 134.627964721194985, 33.96690249495424 ], [ 134.629350557582256, 33.96579499963957 ], [ 134.631343891407482, 33.965683613208228 ], [ 134.631543890738044, 33.965424720874239 ], [ 134.631290000433182, 33.964666945822955 ], [ 134.631520271843101, 33.96454722537419 ], [ 134.632769170261099, 33.964657494847586 ], [ 134.635745278721743, 33.963729720949914 ], [ 134.635975551030924, 33.964920828933145 ], [ 134.635189857426099, 33.966467440719839 ], [ 134.635344384335895, 33.96734186503511 ], [ 134.635826589125827, 33.967924161670794 ], [ 134.638728170768559, 33.969204639782333 ], [ 134.639075110328122, 33.970068387346259 ], [ 134.639098365896984, 33.97142782863142 ], [ 134.639533865295675, 33.971300865042963 ], [ 134.63961000010147, 33.971694413766215 ], [ 134.639166834881621, 33.971825107742575 ], [ 134.639195863198552, 33.972244639678422 ], [ 134.639753890729594, 33.972578135272784 ], [ 134.639455083785151, 33.973222333144236 ], [ 134.639611777161804, 33.973730333188371 ], [ 134.640373255621284, 33.974422946062191 ], [ 134.641430194647796, 33.974813494647094 ], [ 134.641610220035659, 33.977800946256707 ], [ 134.642601114649779, 33.979251945720762 ], [ 134.643251388341014, 33.979419440854542 ], [ 134.644011388314993, 33.980840829240947 ], [ 134.644437496992964, 33.981003612826498 ], [ 134.64432805399656, 33.98202722477663 ], [ 134.647810558110791, 33.983925829413522 ], [ 134.648271115319744, 33.983532494728877 ], [ 134.649147755564513, 33.984265747965935 ], [ 134.64890963667051, 33.984636360379795 ], [ 134.65207967583649, 33.985816009201528 ], [ 134.653269611103724, 33.983559333196695 ], [ 134.653274694971287, 33.983552494751905 ] ] ] ] } },
{ "type": "Feature", "properties": { "regioncode": "3630100", "regionname": "徳島県勝浦町", "name": "勝浦町", "namekana": "かつうらちょう", "PrefCode": "36" }, "geometry": { "type": "Polygon", "coordinates": [ [ [ 134.497596667252424, 33.969355558612165 ], [ 134.50024916996324, 33.969552494851825 ], [ 134.500904994270172, 33.968889440895055 ], [ 134.501186108851925, 33.968064440621504 ], [ 134.502117782209893, 33.96755333341963 ], [ 134.502785187986092, 33.966594801808697 ], [ 134.506525551113327, 33.965190558997165 ], [ 134.507319442038693, 33.964424720624436 ], [ 134.507339169567103, 33.96376555893346 ], [ 134.509838884656915, 33.962180558685873 ], [ 134.514729727994563, 33.962217494741651 ], [ 134.519319728322898, 33.963124999719014 ], [ 134.521735551054917, 33.962381945670302 ], [ 134.523973605697392, 33.960162774992114 ], [ 134.527696109188128, 33.959980558855762 ], [ 134.529515551001964, 33.960746387335973 ], [ 134.531546667144994, 33.960206386715413 ], [ 134.532823890610075, 33.959555828838461 ], [ 134.53339583694833, 33.958445559115319 ], [ 134.533952776299657, 33.958219721363093 ], [ 134.535564993629578, 33.955210559220006 ], [ 134.53788194579522, 33.955306945858922 ], [ 134.539287223726433, 33.95574638698622 ], [ 134.545026108867887, 33.958608332808353 ], [ 134.547811659980198, 33.958436108139949 ], [ 134.549428884735335, 33.959146387296016 ], [ 134.550740557630661, 33.960398613205484 ], [ 134.552865278809577, 33.961373613201715 ], [ 134.553979727682304, 33.961244440878318 ], [ 134.555503061417198, 33.959567225047465 ], [ 134.558564720585423, 33.960296107579381 ], [ 134.559536108904354, 33.96087305414818 ], [ 134.561029728139488, 33.960674161883105 ], [ 134.562227781586898, 33.960912225019229 ], [ 134.562701114564902, 33.961501666768584 ], [ 134.564027224277083, 33.961735558849 ], [ 134.564668326681954, 33.962267224552818 ], [ 134.566669999920578, 33.962583613243225 ], [ 134.566946108875868, 33.962236667388368 ], [ 134.566892217901568, 33.961501945558382 ], [ 134.568390271693715, 33.95921249466096 ], [ 134.568805279140406, 33.957528333365929 ], [ 134.567883061254292, 33.955632495043687 ], [ 134.570038327007296, 33.952791387412674 ], [ 134.568896938942657, 33.949868332657502 ], [ 134.569715278837066, 33.949071946113463 ], [ 134.569864994374029, 33.948049441228761 ], [ 134.569403891276579, 33.947665278729687 ], [ 134.56970360563696, 33.946926386743428 ], [ 134.56934583734062, 33.945548891568137 ], [ 134.569726393558312, 33.944507494625213 ], [ 134.569000000349774, 33.944017775100292 ], [ 134.568239170301581, 33.942884999842931 ], [ 134.566821659791799, 33.941996946302083 ], [ 134.563455551332709, 33.941603054037785 ], [ 134.560838884806799, 33.94009110841796 ], [ 134.560077223784901, 33.938313891572875 ], [ 134.559056109252083, 33.937528892244643 ], [ 134.558792502671963, 33.93630166658869 ], [ 134.557565837293623, 33.935166667307897 ], [ 134.557861946271828, 33.933463053677031 ], [ 134.556083606173502, 33.932876666924699 ], [ 134.554716938835668, 33.933130279338968 ], [ 134.554115837376003, 33.932396667272428 ], [ 134.550213332779094, 33.93196805398253 ], [ 134.548714993901967, 33.931374999656555 ], [ 134.545067496567754, 33.931296108428739 ], [ 134.544433605826271, 33.930973613341621 ], [ 134.543313891423054, 33.931151667415577 ], [ 134.538662218286845, 33.928813612658132 ], [ 134.536266108694008, 33.928230828589903 ], [ 134.535384994322044, 33.927493612939941 ], [ 134.535829727959594, 33.925769440807073 ], [ 134.534899169760934, 33.924840279255534 ], [ 134.534718054394716, 33.924189162000289 ], [ 134.533540557650667, 33.92430582925067 ], [ 134.531696394373171, 33.923938892366039 ], [ 134.531531660158066, 33.921967775392545 ], [ 134.530642503149011, 33.920366946177694 ], [ 134.53088527873274, 33.918141107925862 ], [ 134.53007194626332, 33.917423612609696 ], [ 134.52876111513342, 33.917056108252837 ], [ 134.525639169911869, 33.916993332876075 ], [ 134.521740557580756, 33.915719999878149 ], [ 134.521300000394717, 33.915797775047338 ], [ 134.519217223596002, 33.918162775291876 ], [ 134.518445278826675, 33.918361666657631 ], [ 134.517502503337937, 33.917985559386125 ], [ 134.516590272423173, 33.918102224837867 ], [ 134.515947782364378, 33.916053053905387 ], [ 134.514729999589917, 33.913968892150706 ], [ 134.513497224217531, 33.913527774687111 ], [ 134.511766394403594, 33.9118977750623 ], [ 134.509833890721552, 33.911128054316293 ], [ 134.509388327009788, 33.910557224936042 ], [ 134.50564999994765, 33.909543613447056 ], [ 134.504805550935544, 33.908367495363677 ], [ 134.504121388091676, 33.907961107918823 ], [ 134.50279999982024, 33.908389161830428 ], [ 134.498546393601259, 33.910862224612004 ], [ 134.497296394413183, 33.910434441396433 ], [ 134.494109170102206, 33.911011108276057 ], [ 134.492554449128534, 33.910873892416248 ], [ 134.489388054015535, 33.909169999995527 ], [ 134.486254449083617, 33.90690055901365 ], [ 134.484164993919421, 33.906187494657217 ], [ 134.483219442223572, 33.905093892069488 ], [ 134.481138327371923, 33.903767494574254 ], [ 134.480225278973535, 33.902180279296488 ], [ 134.479279728176948, 33.902186945970811 ], [ 134.476680557961458, 33.901223612879505 ], [ 134.475208327302539, 33.901237494814609 ], [ 134.474270829934881, 33.89899889158562 ], [ 134.474147781994589, 33.897243333113408 ], [ 134.473818612139326, 33.896606107685784 ], [ 134.472560557723568, 33.895155558782051 ], [ 134.468308326568035, 33.892036108279797 ], [ 134.467806939238926, 33.889396667322387 ], [ 134.468719727733287, 33.887764720665359 ], [ 134.46899944207064, 33.885807224823623 ], [ 134.469920558287185, 33.885848332834371 ], [ 134.47177917007275, 33.883256666561977 ], [ 134.474246666950194, 33.882279440743673 ], [ 134.473440830330105, 33.881429162326015 ], [ 134.471483332689672, 33.877342775149032 ], [ 134.470356667426358, 33.876328332686455 ], [ 134.470364720855287, 33.875858613184505 ], [ 134.469830271749743, 33.875550000032547 ], [ 134.467782217775152, 33.872608612597446 ], [ 134.467165279254345, 33.872218054119969 ], [ 134.467873891067256, 33.869855278798127 ], [ 134.465737224193617, 33.868555279102907 ], [ 134.462948885182982, 33.867730559417851 ], [ 134.462598611836484, 33.865268332567553 ], [ 134.461665836808947, 33.865679999932127 ], [ 134.459316938925667, 33.865459720889476 ], [ 134.458611115010967, 33.865784720588408 ], [ 134.456854448573949, 33.864894441225545 ], [ 134.455107781698871, 33.86474833286934 ], [ 134.453819727698374, 33.863746387385902 ], [ 134.45191499418172, 33.863394720989618 ], [ 134.45009416291532, 33.86155166657619 ], [ 134.448949170367996, 33.862115278897079 ], [ 134.448253605919263, 33.8616711082351 ], [ 134.447177496943937, 33.861784162009542 ], [ 134.444808885022098, 33.860679720792518 ], [ 134.442810558160772, 33.860817495131357 ], [ 134.439124163349561, 33.859723333165334 ], [ 134.437885278882618, 33.859748053729732 ], [ 134.437120558367155, 33.859272774618887 ], [ 134.436103890981826, 33.857724161840622 ], [ 134.433853333064917, 33.856257495287252 ], [ 134.432797496607236, 33.856368612821257 ], [ 134.43209166010206, 33.85582749524275 ], [ 134.431790558087869, 33.855992224961255 ], [ 134.429126108782953, 33.858828612950163 ], [ 134.429703890821997, 33.860170000345306 ], [ 134.43079166040684, 33.860447774844999 ], [ 134.431041660244432, 33.861584161779717 ], [ 134.432435279364768, 33.862090559232001 ], [ 134.432640557715672, 33.862646108231388 ], [ 134.433373605907263, 33.862903054432479 ], [ 134.43391221797458, 33.863988054105448 ], [ 134.435022502986158, 33.864640828811275 ], [ 134.43534472108206, 33.865996667412332 ], [ 134.436038885286393, 33.866776386820845 ], [ 134.436155550738135, 33.867824441444895 ], [ 134.436150271717679, 33.86974972087296 ], [ 134.435644993921414, 33.872473332977961 ], [ 134.439503061217351, 33.874533053857419 ], [ 134.440352503265444, 33.874438053973051 ], [ 134.442201114589807, 33.874965829209714 ], [ 134.443822218120886, 33.87806166711232 ], [ 134.448380000236853, 33.881231946397236 ], [ 134.448341387844835, 33.882428053711749 ], [ 134.44730861180301, 33.88320333316733 ], [ 134.446537223714017, 33.885029161966315 ], [ 134.444704994440031, 33.887393892414252 ], [ 134.444544163282558, 33.888081107557127 ], [ 134.443800271965074, 33.888403054057733 ], [ 134.444027781556883, 33.889770558664395 ], [ 134.446403891126693, 33.892401386814583 ], [ 134.447558611640716, 33.893023613349101 ], [ 134.448252775845049, 33.894967224557831 ], [ 134.448885551427111, 33.895423332820599 ], [ 134.449773605867335, 33.897260558727851 ], [ 134.452526938767278, 33.899042225418441 ], [ 134.452148885362817, 33.900805559429102 ], [ 134.45262639389307, 33.901696667067597 ], [ 134.451954720833783, 33.90280027910967 ], [ 134.45200444884631, 33.903964161916576 ], [ 134.451621659611988, 33.904767225027456 ], [ 134.452487497200309, 33.906812775289382 ], [ 134.452370558354687, 33.908534162221883 ], [ 134.453453060610286, 33.909203053678027 ], [ 134.452586938836248, 33.910831946237408 ], [ 134.452681388335463, 33.912324441319981 ], [ 134.451843061008503, 33.915721107842899 ], [ 134.453025279193298, 33.915360279153617 ], [ 134.453591659627477, 33.91669555925273 ], [ 134.452064993904401, 33.919823892358806 ], [ 134.452766667447804, 33.922117495426107 ], [ 134.455237029565296, 33.922516162191187 ], [ 134.455981660125531, 33.923217494891503 ], [ 134.456786666671405, 33.925069440902007 ], [ 134.455273333397713, 33.925917495296233 ], [ 134.445283333159409, 33.926861667432036 ], [ 134.44208083026615, 33.928491945846702 ], [ 134.440640000335861, 33.928123332625773 ], [ 134.436971115324809, 33.928229720625154 ], [ 134.435541946004037, 33.928875828656601 ], [ 134.43500916963751, 33.929899999985082 ], [ 134.433731946172429, 33.92948638738693 ], [ 134.432218326914267, 33.929531946142447 ], [ 134.431424993568612, 33.931409440992979 ], [ 134.433622775670642, 33.933029441055908 ], [ 134.433852776384583, 33.933905000315576 ], [ 134.433041659844775, 33.934343891957099 ], [ 134.430262776306108, 33.934364161776671 ], [ 134.4294636063604, 33.935000279239546 ], [ 134.430256393817558, 33.937200828555433 ], [ 134.431080000141947, 33.937715279436645 ], [ 134.431007224304039, 33.938179720817516 ], [ 134.432193891434963, 33.940849720738072 ], [ 134.431025550688673, 33.94346361285551 ], [ 134.430952775750029, 33.945321107683014 ], [ 134.42995972815902, 33.946895828679601 ], [ 134.430425836882932, 33.948924720799255 ], [ 134.430213890958385, 33.952775559344616 ], [ 134.430807224074215, 33.955183054354507 ], [ 134.431254993823018, 33.955879161993778 ], [ 134.431194448764813, 33.956898891570631 ], [ 134.431592503091565, 33.957263613425084 ], [ 134.432944163442471, 33.95559999984016 ], [ 134.435392217876597, 33.954461387083427 ], [ 134.436710272361211, 33.954427774921953 ], [ 134.437685837131767, 33.953813892297319 ], [ 134.440641945569382, 33.954412224744431 ], [ 134.444142776068361, 33.95440916165353 ], [ 134.445722217606317, 33.955486386687426 ], [ 134.446399442180564, 33.955596945742514 ], [ 134.451965837353555, 33.953202775088073 ], [ 134.454020272018056, 33.952901945568385 ], [ 134.45658610886187, 33.951959721364119 ], [ 134.460875278771141, 33.952318891703555 ], [ 134.462417781555473, 33.951499441146325 ], [ 134.464361659862789, 33.95127833292878 ], [ 134.466036393564764, 33.951864720580431 ], [ 134.468083605773813, 33.952110278666453 ], [ 134.469276393690734, 33.953178053624299 ], [ 134.469953605674391, 33.954153891788735 ], [ 134.469960829928368, 33.955792774916688 ], [ 134.470402775667594, 33.956633613150757 ], [ 134.471492503076661, 33.957161667177274 ], [ 134.473134163311101, 33.958763613350129 ], [ 134.474356109047221, 33.961887494812061 ], [ 134.475979727982121, 33.963296108328791 ], [ 134.476498611621651, 33.964569721015891 ], [ 134.475843333203329, 33.965637774763536 ], [ 134.476531945892702, 33.966438891741518 ], [ 134.477304994130236, 33.965726946141729 ], [ 134.47916389100078, 33.964931946352294 ], [ 134.479613060993984, 33.964385558746585 ], [ 134.481888326884814, 33.964692494662927 ], [ 134.482418327044229, 33.96500555855971 ], [ 134.482580271562369, 33.966147225414147 ], [ 134.48337194565886, 33.96727972098239 ], [ 134.484188885308868, 33.967064720960138 ], [ 134.486573060898081, 33.967954440944766 ], [ 134.487097496951947, 33.967407775448521 ], [ 134.487736939208389, 33.967382775194949 ], [ 134.490963060996478, 33.968774440987715 ], [ 134.492324163329499, 33.967852775285394 ], [ 134.493286938841266, 33.968153891688814 ], [ 134.495381115446207, 33.969981108141667 ], [ 134.496373606356883, 33.970081387046434 ], [ 134.497296394413183, 33.969542224594022 ], [ 134.497596667252424, 33.969355558612165 ] ] ] } },
{ "type": "Feature", "properties": { "regioncode": "3630200", "regionname": "徳島県上勝町", "name": "上勝町", "namekana": "かみかつちょう", "PrefCode": "36" }, "geometry": { "type": "Polygon", "coordinates": [ [ [ 134.431267223703458, 33.956101387169326 ], [ 134.430213890958385, 33.952775559344616 ], [ 134.430425836882932, 33.948924720799255 ], [ 134.42995972815902, 33.946895828679601 ], [ 134.430952775750029, 33.945321107683014 ], [ 134.431025550688673, 33.94346361285551 ], [ 134.432193891434963, 33.940849720738072 ], [ 134.431007224304039, 33.938179720817516 ], [ 134.431080000141947, 33.937715279436645 ], [ 134.430256393817558, 33.937200828555433 ], [ 134.4294636063604, 33.935000279239546 ], [ 134.430262776306108, 33.934364161776671 ], [ 134.433041659844775, 33.934343891957099 ], [ 134.433852776384583, 33.933905000315576 ], [ 134.433622775670642, 33.933029441055908 ], [ 134.431424993568612, 33.931409440992979 ], [ 134.432218326914267, 33.929531946142447 ], [ 134.433731946172429, 33.92948638738693 ], [ 134.43500916963751, 33.929899999985082 ], [ 134.435541946004037, 33.928875828656601 ], [ 134.436971115324809, 33.928229720625154 ], [ 134.440640000335861, 33.928123332625773 ], [ 134.44208083026615, 33.928491945846702 ], [ 134.445283333159409, 33.926861667432036 ], [ 134.455273333397713, 33.925917495296233 ], [ 134.456786666671405, 33.925069440902007 ], [ 134.455981660125531, 33.923217494891503 ], [ 134.455237029565296, 33.922516162191187 ], [ 134.452766667447804, 33.922117495426107 ], [ 134.452064993904401, 33.919823892358806 ], [ 134.453591659627477, 33.91669555925273 ], [ 134.453025279193298, 33.915360279153617 ], [ 134.451843061008503, 33.915721107842899 ], [ 134.452681388335463, 33.912324441319981 ], [ 134.452586938836248, 33.910831946237408 ], [ 134.453453060610286, 33.909203053678027 ], [ 134.452370558354687, 33.908534162221883 ], [ 134.452487497200309, 33.906812775289382 ], [ 134.451621659611988, 33.904767225027456 ], [ 134.45200444884631, 33.903964161916576 ], [ 134.451954720833783, 33.90280027910967 ], [ 134.45262639389307, 33.901696667067597 ], [ 134.452148885362817, 33.900805559429102 ], [ 134.452526938767278, 33.899042225418441 ], [ 134.449773605867335, 33.897260558727851 ], [ 134.448885551427111, 33.895423332820599 ], [ 134.448252775845049, 33.894967224557831 ], [ 134.447558611640716, 33.893023613349101 ], [ 134.446403891126693, 33.892401386814583 ], [ 134.444027781556883, 33.889770558664395 ], [ 134.443800271965074, 33.888403054057733 ], [ 134.444544163282558, 33.888081107557127 ], [ 134.444704994440031, 33.887393892414252 ], [ 134.446537223714017, 33.885029161966315 ], [ 134.44730861180301, 33.88320333316733 ], [ 134.448341387844835, 33.882428053711749 ], [ 134.448380000236853, 33.881231946397236 ], [ 134.443822218120886, 33.87806166711232 ], [ 134.442201114589807, 33.874965829209714 ], [ 134.440352503265444, 33.874438053973051 ], [ 134.439503061217351, 33.874533053857419 ], [ 134.435706109149692, 33.87254749467121 ], [ 134.436155550738135, 33.867824441444895 ], [ 134.436038885286393, 33.866776386820845 ], [ 134.43534472108206, 33.865996667412332 ], [ 134.435022502986158, 33.864640828811275 ], [ 134.43391221797458, 33.863988054105448 ], [ 134.433373605907263, 33.862903054432479 ], [ 134.432640557715672, 33.862646108231388 ], [ 134.432435279364768, 33.862090559232001 ], [ 134.431041660244432, 33.861584161779717 ], [ 134.43079166040684, 33.860447774844999 ], [ 134.429703890821997, 33.860170000345306 ], [ 134.429126108782953, 33.858828612950163 ], [ 134.425134163011307, 33.858355279072896 ], [ 134.423564994429057, 33.857765000054769 ], [ 134.422568053672762, 33.857972774923667 ], [ 134.421013606093084, 33.857631108089208 ], [ 134.419938053798205, 33.857847225069406 ], [ 134.418176394325201, 33.858779161928851 ], [ 134.416587782400256, 33.860062495387922 ], [ 134.414702503018134, 33.860011108126173 ], [ 134.411450558096817, 33.85795833271095 ], [ 134.410202218157906, 33.857666107904606 ], [ 134.409195551233779, 33.85678194573029 ], [ 134.407562217822147, 33.856045278666727 ], [ 134.406836667278412, 33.855183613033375 ], [ 134.405854994312563, 33.855751107727485 ], [ 134.404334994364604, 33.855436666968671 ], [ 134.40369360597515, 33.85496361278058 ], [ 134.40172944166045, 33.856031108049251 ], [ 134.399444721197028, 33.855358613009628 ], [ 134.3981422177892, 33.85462416187562 ], [ 134.397475837240108, 33.855121945621363 ], [ 134.397022218300776, 33.855089161735464 ], [ 134.396370830349611, 33.854778332654007 ], [ 134.395916667320421, 33.853583333304243 ], [ 134.393074449026699, 33.854223333140339 ], [ 134.392694448589964, 33.853483054399476 ], [ 134.391618884603872, 33.853201107944813 ], [ 134.389738885141469, 33.851594720919707 ], [ 134.387651660296001, 33.851708054383266 ], [ 134.387064448865317, 33.851198054246879 ], [ 134.384977224019735, 33.85184194634877 ], [ 134.384133605981219, 33.851490000263368 ], [ 134.383156393652712, 33.852103053712995 ], [ 134.380788054225377, 33.852693613319673 ], [ 134.379588612224779, 33.853989162270068 ], [ 134.378483606233544, 33.854421387237267 ], [ 134.377970272310336, 33.856124161800665 ], [ 134.377003061342293, 33.856239441397179 ], [ 134.373692218021461, 33.8554291621262 ], [ 134.372877782084061, 33.854610279041196 ], [ 134.368199442250557, 33.851943612907462 ], [ 134.366563332631813, 33.851414720712853 ], [ 134.365199442400467, 33.850110828751781 ], [ 134.362907224289074, 33.849643333273264 ], [ 134.360799170245627, 33.848585000297589 ], [ 134.359627496611779, 33.848751107777446 ], [ 134.35887555096599, 33.849858612984633 ], [ 134.357574721196443, 33.850396666572976 ], [ 134.356955278963028, 33.851036386719898 ], [ 134.353369170251085, 33.851082225164589 ], [ 134.35171832703918, 33.850301108209635 ], [ 134.350380000037035, 33.850103892280856 ], [ 134.350880272206837, 33.850506667149034 ], [ 134.350871660298935, 33.851751667005885 ], [ 134.351722502591429, 33.85327444136243 ], [ 134.351476666614985, 33.855009721021872 ], [ 134.35230610864005, 33.856733892255363 ], [ 134.35164749733417, 33.857757774901415 ], [ 134.350381660185576, 33.85823361339061 ], [ 134.347474448786897, 33.858568054172395 ], [ 134.34648472059348, 33.85944666663039 ], [ 134.342270830234725, 33.859428054261343 ], [ 134.340961115163395, 33.860248891573121 ], [ 134.339125551203324, 33.860624999744005 ], [ 134.33727360609214, 33.862143891727271 ], [ 134.336885278832597, 33.863863891905112 ], [ 134.335766938593451, 33.864692494862823 ], [ 134.329670557650161, 33.863777774624623 ], [ 134.326571946238346, 33.864020559201492 ], [ 134.326427782216456, 33.865003612626651 ], [ 134.32740527873068, 33.865259720659651 ], [ 134.327486667375865, 33.866488333070151 ], [ 134.327110558305662, 33.867314441308451 ], [ 134.327129442270007, 33.868381108301548 ], [ 134.3260516596564, 33.869756107858166 ], [ 134.326201946262927, 33.874528891794967 ], [ 134.325368611971953, 33.875616387086666 ], [ 134.32426610879395, 33.876411108086245 ], [ 134.323044163057716, 33.876797775197247 ], [ 134.322060272363728, 33.877650279436921 ], [ 134.322420557862529, 33.878944161943593 ], [ 134.323216394021415, 33.879482495221055 ], [ 134.323705278975467, 33.880570000405271 ], [ 134.325089727708814, 33.882091387107891 ], [ 134.326023332810678, 33.882750000212411 ], [ 134.325384163048739, 33.884234720655911 ], [ 134.325271388064152, 33.88674444070341 ], [ 134.323592218006524, 33.886927225211309 ], [ 134.322633332962027, 33.88809833317157 ], [ 134.322288612029865, 33.889567224647749 ], [ 134.320612503264442, 33.891033892100495 ], [ 134.320161388037718, 33.891943613007413 ], [ 134.318337497277753, 33.893966666728318 ], [ 134.317379169812853, 33.894066108364257 ], [ 134.316520558277261, 33.894583613343116 ], [ 134.316269999960582, 33.895064720960136 ], [ 134.316526667371818, 33.896005829105775 ], [ 134.316288612329686, 33.897835559163752 ], [ 134.314991387942314, 33.898802774628393 ], [ 134.312472502903802, 33.899518892183153 ], [ 134.311576109050293, 33.901296386918773 ], [ 134.311651387701431, 33.90241527934171 ], [ 134.310777224189565, 33.904174441397402 ], [ 134.308866109083738, 33.905178054223882 ], [ 134.30761277610884, 33.9066630543565 ], [ 134.305125279208369, 33.907122775195944 ], [ 134.303897224377465, 33.90766666718298 ], [ 134.301098053932151, 33.910002225422431 ], [ 134.298725279048426, 33.910379721247182 ], [ 134.298521659946687, 33.910841387320204 ], [ 134.298481388305504, 33.912993892154475 ], [ 134.29941360575333, 33.914608053818654 ], [ 134.299563606375386, 33.915915829052324 ], [ 134.300986939095992, 33.917939999731232 ], [ 134.302104163276567, 33.920405829265633 ], [ 134.302039727751321, 33.921431667037837 ], [ 134.302617497199776, 33.923959440975466 ], [ 134.303297223687991, 33.925614440853792 ], [ 134.305452502930734, 33.926521387352182 ], [ 134.306445278926503, 33.928040559024623 ], [ 134.309164720875287, 33.926317494856562 ], [ 134.311789170134148, 33.926260828574414 ], [ 134.313019727778283, 33.925830000254336 ], [ 134.314134720740867, 33.926113332564285 ], [ 134.317153332960061, 33.928369162307035 ], [ 134.318043891112779, 33.929446387340931 ], [ 134.321796666682872, 33.931180828832225 ], [ 134.322143606242548, 33.932042495364897 ], [ 134.323611946434198, 33.932949162174168 ], [ 134.324713332654255, 33.934116946240124 ], [ 134.326494448959693, 33.93445694573154 ], [ 134.328384721377802, 33.933504721066072 ], [ 134.32907111543966, 33.933459162310555 ], [ 134.332661114618759, 33.930818332799845 ], [ 134.333816938600876, 33.930387494587251 ], [ 134.334945279301223, 33.929129162281072 ], [ 134.336454721208497, 33.928278891957348 ], [ 134.336658885299357, 33.927530828684837 ], [ 134.337746666575413, 33.926805279040423 ], [ 134.338814162743461, 33.925490278653513 ], [ 134.340690830217682, 33.924980559105563 ], [ 134.341792218236378, 33.925796387193543 ], [ 134.343301660143538, 33.926091387307736 ], [ 134.345715278637272, 33.927213612618175 ], [ 134.34785000027739, 33.929503613001373 ], [ 134.349189169944339, 33.930285828927936 ], [ 134.349936939138502, 33.931181387311256 ], [ 134.352493060606321, 33.932405828666106 ], [ 134.353608326962785, 33.932292495202546 ], [ 134.355069999580905, 33.93272333341514 ], [ 134.357014720553025, 33.932451107732504 ], [ 134.359761115183346, 33.932916107592348 ], [ 134.361141388364445, 33.93274610784664 ], [ 134.36585972824389, 33.93353972088147 ], [ 134.367253606368877, 33.934854721268437 ], [ 134.36820527885061, 33.93691777503534 ], [ 134.369027781706791, 33.937212494561038 ], [ 134.372019442143596, 33.936226387038175 ], [ 134.37361916968905, 33.93643055922297 ], [ 134.377466938848215, 33.939033333021939 ], [ 134.377874448646935, 33.940497774652613 ], [ 134.380877497198753, 33.94192499963907 ], [ 134.383498326686436, 33.942348054219394 ], [ 134.384795837058277, 33.941700000054993 ], [ 134.386035836684528, 33.941619721173254 ], [ 134.38645972763436, 33.940955829048335 ], [ 134.38866306125135, 33.940473892256364 ], [ 134.389164162596103, 33.940806108115453 ], [ 134.389536667183506, 33.941983891743234 ], [ 134.391014163373029, 33.943718891713559 ], [ 134.393968885056097, 33.943686945995807 ], [ 134.39511250343935, 33.943376386710952 ], [ 134.3976755505862, 33.943804721210995 ], [ 134.400290000283348, 33.944779440618731 ], [ 134.401160272428683, 33.945660000108944 ], [ 134.40028639400191, 33.949488891599117 ], [ 134.400854720568987, 33.951296108028998 ], [ 134.406572775613199, 33.952505000105702 ], [ 134.40820389129658, 33.95331805378521 ], [ 134.410948327203641, 33.953381107951827 ], [ 134.41191111530577, 33.953913612723113 ], [ 134.415756109157201, 33.95433249534841 ], [ 134.418263061091466, 33.955004720591432 ], [ 134.423063332806578, 33.954495278934019 ], [ 134.423932218197365, 33.954998613295402 ], [ 134.424731114749193, 33.955983612853515 ], [ 134.426159169809921, 33.955836386639987 ], [ 134.427238054092982, 33.956299720955428 ], [ 134.428960829578727, 33.955882225084679 ], [ 134.429674993805975, 33.956041945579386 ], [ 134.429638326647478, 33.957171387049925 ], [ 134.430488612259751, 33.957855828683591 ], [ 134.431357224256544, 33.957628613170016 ], [ 134.431592503091565, 33.957263613425084 ], [ 134.431194448764813, 33.956898891570631 ], [ 134.431206666954154, 33.956363892079992 ], [ 134.431267223703458, 33.956101387169326 ] ] ] } },
{ "type": "Feature", "properties": { "regioncode": "3632100", "regionname": "徳島県佐那河内村", "name": "佐那河内村", "namekana": "さなごうちそん", "PrefCode": "36" }, "geometry": { "type": "Polygon", "coordinates": [ [ [ 134.488261115358227, 34.020925828764064 ], [ 134.489897496572326, 34.019922224930781 ], [ 134.490161945817249, 34.018505279195324 ], [ 134.490782775704588, 34.017343892007034 ], [ 134.49213389106626, 34.016092224576539 ], [ 134.493280558151355, 34.014346946254591 ], [ 134.494260558378187, 34.014267494749163 ], [ 134.495118053855208, 34.013684720573451 ], [ 134.49750610911974, 34.014184721148013 ], [ 134.497892776230742, 34.01347582874655 ], [ 134.499149169598581, 34.013344161703742 ], [ 134.498551388435885, 34.012232775022596 ], [ 134.497171946228377, 34.01122861271034 ], [ 134.495363890731028, 34.010725558937452 ], [ 134.494275836960355, 34.00854777505981 ], [ 134.495921387661951, 34.006003891566422 ], [ 134.49556610868899, 34.005003332837589 ], [ 134.496607496638717, 34.002291386738136 ], [ 134.495980557656708, 34.001416386856818 ], [ 134.496338611937404, 34.000477224844076 ], [ 134.49585888477975, 33.999314441008721 ], [ 134.496377224329535, 33.998316666580934 ], [ 134.497017224165575, 33.997985829382571 ], [ 134.497093891370014, 33.994901946167943 ], [ 134.496290830057774, 33.993363054161648 ], [ 134.493135550565285, 33.993368333182104 ], [ 134.492533890626646, 33.99251999999808 ], [ 134.491702218282853, 33.992311946339328 ], [ 134.49069082991798, 33.991314440808821 ], [ 134.489270000010606, 33.990818053710257 ], [ 134.486863890855943, 33.989175000425973 ], [ 134.487132503062639, 33.987665000039783 ], [ 134.485251115046935, 33.98458694623065 ], [ 134.484297497331681, 33.983786386832321 ], [ 134.481840000016064, 33.982858333245531 ], [ 134.481804993905371, 33.981537775048309 ], [ 134.481145550726637, 33.980198892265093 ], [ 134.482592218156356, 33.976970828840706 ], [ 134.483497782396853, 33.97620000012995 ], [ 134.485404721051054, 33.975554440684959 ], [ 134.485206666954127, 33.973815278652239 ], [ 134.486061114628797, 33.972329161561618 ], [ 134.486272217888654, 33.971150278962284 ], [ 134.486829169830344, 33.970504721315876 ], [ 134.486605279110449, 33.969960278943745 ], [ 134.486970000065526, 33.969160278923766 ], [ 134.486502776182192, 33.968503891641319 ], [ 134.486573060898081, 33.967954440944766 ], [ 134.484188885308868, 33.967064720960138 ], [ 134.483290830407554, 33.967224440555526 ], [ 134.482580271562369, 33.966147225414147 ], [ 134.482418327044229, 33.96500555855971 ], [ 134.481888326884814, 33.964692494662927 ], [ 134.479613060993984, 33.964385558746585 ], [ 134.47916389100078, 33.964931946352294 ], [ 134.477304994130236, 33.965726946141729 ], [ 134.476531945892702, 33.966438891741518 ], [ 134.475843333203329, 33.965637774763536 ], [ 134.476498611621651, 33.964569721015891 ], [ 134.475979727982121, 33.963296108328791 ], [ 134.474356109047221, 33.961887494812061 ], [ 134.473134163311101, 33.958763613350129 ], [ 134.471492503076661, 33.957161667177274 ], [ 134.470402775667594, 33.956633613150757 ], [ 134.469960829928368, 33.955792774916688 ], [ 134.469953605674391, 33.954153891788735 ], [ 134.468311660354857, 33.952251386792113 ], [ 134.463956667266416, 33.951229441285761 ], [ 134.462189441889336, 33.951573054253117 ], [ 134.460875278771141, 33.952318891703555 ], [ 134.45658610886187, 33.951959721364119 ], [ 134.454020272018056, 33.952901945568385 ], [ 134.451965837353555, 33.953202775088073 ], [ 134.446399442180564, 33.955596945742514 ], [ 134.445722217606317, 33.955486386687426 ], [ 134.444142776068361, 33.95440916165353 ], [ 134.440641945569382, 33.954412224744431 ], [ 134.437685837131767, 33.953813892297319 ], [ 134.436710272361211, 33.954427774921953 ], [ 134.435392217876597, 33.954461387083427 ], [ 134.432944163442471, 33.95559999984016 ], [ 134.431989169764392, 33.956473612966931 ], [ 134.431357224256544, 33.957628613170016 ], [ 134.430488612259751, 33.957855828683591 ], [ 134.429638326647478, 33.957171387049925 ], [ 134.429674993805975, 33.956041945579386 ], [ 134.428960829578727, 33.955882225084679 ], [ 134.427238054092982, 33.956299720955428 ], [ 134.426159169809921, 33.955836386639987 ], [ 134.424731114749193, 33.955983612853515 ], [ 134.423711387870298, 33.954820559221503 ], [ 134.422787497245281, 33.954443054403498 ], [ 134.419566108589152, 33.955047774735078 ], [ 134.418263061091466, 33.955004720591432 ], [ 134.415756109157201, 33.95433249534841 ], [ 134.41191111530577, 33.953913612723113 ], [ 134.410948327203641, 33.953381107951827 ], [ 134.40820389129658, 33.95331805378521 ], [ 134.406572775613199, 33.952505000105702 ], [ 134.402105836715009, 33.951383333274237 ], [ 134.400854720568987, 33.951296108028998 ], [ 134.399736938808701, 33.952361945847201 ], [ 134.399595550993922, 33.954626945976827 ], [ 134.399116938995576, 33.955213332729159 ], [ 134.399563332781668, 33.95593889226609 ], [ 134.39917166004409, 33.956554721023622 ], [ 134.400796939127531, 33.958943054178633 ], [ 134.400571945838692, 33.959987224630765 ], [ 134.402460558108373, 33.961197495368197 ], [ 134.403970000015534, 33.961347495090877 ], [ 134.405225836703039, 33.961939161762984 ], [ 134.405325550833595, 33.962434720585918 ], [ 134.404680000381745, 33.963577775094279 ], [ 134.404756939181425, 33.964279441443125 ], [ 134.405694994128794, 33.966094721194452 ], [ 134.40675472105363, 33.966491108178161 ], [ 134.405691660341859, 33.967200279369422 ], [ 134.405771946418213, 33.969891387277755 ], [ 134.406234448860801, 33.970351946285348 ], [ 134.406459442149639, 33.971246108021546 ], [ 134.406086666866258, 33.973318333074644 ], [ 134.40691527881711, 33.97398777491594 ], [ 134.40973555095502, 33.97467333260829 ], [ 134.411219169728952, 33.976579720877453 ], [ 134.410641115195403, 33.980644161898624 ], [ 134.411090830177727, 33.983161107998797 ], [ 134.4106763938006, 33.98384916220914 ], [ 134.410959170329534, 33.98472194616096 ], [ 134.412757782046015, 33.985798612715882 ], [ 134.417006939318867, 33.986904440687454 ], [ 134.417389170074216, 33.989831108019246 ], [ 134.418047782279359, 33.990652775405295 ], [ 134.41922972796965, 33.990824161905607 ], [ 134.419997497186841, 33.991742775308865 ], [ 134.423478885242389, 33.993268892445485 ], [ 134.423498326786444, 33.995485829207723 ], [ 134.425528326870904, 33.995555559041861 ], [ 134.427028054301331, 33.996506108270353 ], [ 134.42836111487361, 33.996064161631807 ], [ 134.428816938950604, 33.995009441232753 ], [ 134.430104993850478, 33.994321108232612 ], [ 134.431717223770875, 33.995595828884461 ], [ 134.434084448938279, 33.995732495258494 ], [ 134.435587781750769, 33.997462225201559 ], [ 134.43748250311512, 33.998174440598007 ], [ 134.438423890949821, 34.000822224566036 ], [ 134.437925837407533, 34.001901386739632 ], [ 134.437904448831318, 34.004235279434624 ], [ 134.43689999963533, 34.005024162035511 ], [ 134.436657497445594, 34.006410558700395 ], [ 134.437168885235906, 34.007142775019076 ], [ 134.439776938954651, 34.00838638722206 ], [ 134.440366666688419, 34.009459999679279 ], [ 134.442717782299837, 34.00995138744662 ], [ 134.445196108813434, 34.009487224855604 ], [ 134.447434162556647, 34.009806108265309 ], [ 134.451343606322439, 34.007582225139629 ], [ 134.452878612358177, 34.008301386899518 ], [ 134.454029999984527, 34.008434721285425 ], [ 134.459175837095245, 34.006181666850523 ], [ 134.459977782348801, 34.006490558792279 ], [ 134.461192502931681, 34.00635027894225 ], [ 134.461768884726325, 34.007050000057518 ], [ 134.464231115173902, 34.008088333010221 ], [ 134.466538054287867, 34.010093332841109 ], [ 134.466333891096269, 34.010871667293657 ], [ 134.466637781908162, 34.012092495172567 ], [ 134.466518611844549, 34.013800000169908 ], [ 134.46748499363764, 34.015681666975411 ], [ 134.472353060745263, 34.016479720862492 ], [ 134.472561660292399, 34.018515559345644 ], [ 134.474016938730756, 34.019727224931557 ], [ 134.475168327256597, 34.02004694561009 ], [ 134.475848053744699, 34.020806108315298 ], [ 134.480133333186814, 34.020965828810006 ], [ 134.482224163414458, 34.022380000136934 ], [ 134.483453333404668, 34.022378054004037 ], [ 134.487143606092559, 34.021421946066027 ], [ 134.488261115358227, 34.020925828764064 ] ] ] } },
{ "type": "Feature", "properties": { "regioncode": "3634100", "regionname": "徳島県石井町", "name": "石井町", "namekana": "いしいちょう", "PrefCode": "36" }, "geometry": { "type": "Polygon", "coordinates": [ [ [ 134.459245836726041, 34.104153333009947 ], [ 134.459586393797053, 34.103349721312668 ], [ 134.458932776426536, 34.102181946239853 ], [ 134.459237497312756, 34.101762495243008 ], [ 134.45908944192422, 34.100412774729818 ], [ 134.458258612245231, 34.099915559355622 ], [ 134.458258612245231, 34.09917610799107 ], [ 134.45649000011349, 34.097806386555533 ], [ 134.454291115442743, 34.099148891807943 ], [ 134.453652775755018, 34.09439805402701 ], [ 134.452630830248722, 34.092073053828415 ], [ 134.452904448981144, 34.086529999659831 ], [ 134.453444448702385, 34.086555559291696 ], [ 134.453216666615958, 34.086640000235889 ], [ 134.454938054447666, 34.088785000227631 ], [ 134.460829728109502, 34.089445000086755 ], [ 134.463900271680245, 34.088976946129208 ], [ 134.465870830174708, 34.087009162043273 ], [ 134.466030830358591, 34.086248612583461 ], [ 134.465747782234416, 34.086101945748226 ], [ 134.465356393682669, 34.086879441133362 ], [ 134.462454721208474, 34.086726667002154 ], [ 134.463267782082539, 34.083343054138709 ], [ 134.463820271588361, 34.083385558796579 ], [ 134.463966666828242, 34.082529999559881 ], [ 134.463258054115954, 34.082341667134301 ], [ 134.463582218344754, 34.08018194613993 ], [ 134.464804163181611, 34.07839249491775 ], [ 134.46342389089989, 34.078009441282745 ], [ 134.464436666918687, 34.075728891874917 ], [ 134.464577497153869, 34.075046107691776 ], [ 134.46426221822685, 34.074614720892725 ], [ 134.46499972795516, 34.073137495399124 ], [ 134.466158053851132, 34.071906107680775 ], [ 134.467322503231003, 34.071425000063755 ], [ 134.467525278768676, 34.070927495107867 ], [ 134.468086393672138, 34.067574162417714 ], [ 134.46871917015369, 34.06639527891906 ], [ 134.467814448577997, 34.066190279357954 ], [ 134.467651388001173, 34.066993613164755 ], [ 134.466800272314799, 34.066868891586125 ], [ 134.466937497167805, 34.064648891733043 ], [ 134.46726333323636, 34.06468444103416 ], [ 134.4672166674153, 34.065388333205078 ], [ 134.467736393719633, 34.065452495336444 ], [ 134.46788083023614, 34.064653332585294 ], [ 134.468686394361725, 34.064811946014572 ], [ 134.469078327003217, 34.062816107577362 ], [ 134.468685836782015, 34.062691108108197 ], [ 134.469145837310634, 34.062491386668228 ], [ 134.469141659959746, 34.062083053989795 ], [ 134.467473606421891, 34.061831667397598 ], [ 134.464510000336304, 34.059387224640773 ], [ 134.460479728156997, 34.060008891796997 ], [ 134.459533891376054, 34.059198892215136 ], [ 134.458463333016425, 34.058834720745836 ], [ 134.457732218367255, 34.057880279251549 ], [ 134.456948053609835, 34.05791777468562 ], [ 134.45623917020157, 34.057503332912518 ], [ 134.455214163402957, 34.057704441107148 ], [ 134.454032217712779, 34.057126386573543 ], [ 134.453359442084661, 34.056285279442136 ], [ 134.45079360614011, 34.055640828861215 ], [ 134.450036939053575, 34.054813612658165 ], [ 134.445971114875078, 34.054213054388981 ], [ 134.44508138769595, 34.053773613261683 ], [ 134.445029727939641, 34.052956386727942 ], [ 134.444180558386165, 34.053292494852826 ], [ 134.443466394158804, 34.053158054300809 ], [ 134.442518327059247, 34.053635278645231 ], [ 134.437791115367759, 34.054325829373568 ], [ 134.432489441934308, 34.053086945805944 ], [ 134.430410272316294, 34.053509720697093 ], [ 134.42944527907639, 34.053057775396042 ], [ 134.428389727703802, 34.053308892191694 ], [ 134.426367496862554, 34.053020279062707 ], [ 134.42420527935019, 34.054727775066794 ], [ 134.423375278846152, 34.056153892088503 ], [ 134.421989441559504, 34.05630222536746 ], [ 134.4185041630368, 34.055948612838279 ], [ 134.417501114984589, 34.056429721354618 ], [ 134.416737223643963, 34.056276666634915 ], [ 134.415633061216909, 34.056551108247106 ], [ 134.415005278670719, 34.056322774876207 ], [ 134.414130557579256, 34.057218333259527 ], [ 134.413055278678257, 34.056924720799259 ], [ 134.412453332755149, 34.057210000141424 ], [ 134.410560272438715, 34.056744440903287 ], [ 134.41000111535925, 34.05572027856806 ], [ 134.409102502878227, 34.055142494730376 ], [ 134.407691388346962, 34.05517082877077 ], [ 134.407117496775072, 34.054530828934674 ], [ 134.406641387590071, 34.053193892284355 ], [ 134.404040272140946, 34.052352224875335 ], [ 134.404303061237329, 34.053328892214665 ], [ 134.403763605605945, 34.054393053696515 ], [ 134.403188884859219, 34.059813053629568 ], [ 134.402851388181034, 34.060527494848088 ], [ 134.403239728031053, 34.061241386580775 ], [ 134.403151387626508, 34.063199440901542 ], [ 134.401884162823876, 34.069382494906279 ], [ 134.401888326685025, 34.076301386799628 ], [ 134.400505550690696, 34.07495835994041 ], [ 134.39738111524639, 34.08723166690794 ], [ 134.411272775618158, 34.094539162152671 ], [ 134.423992503351428, 34.102250559116044 ], [ 134.445646667359824, 34.105412775079571 ], [ 134.447718054244888, 34.106037775123298 ], [ 134.449651659596498, 34.104145278681699 ], [ 134.454695551358668, 34.108003613076335 ], [ 134.456127224391935, 34.109465559088335 ], [ 134.457454720858777, 34.11200333258779 ], [ 134.458459170054766, 34.112426108378259 ], [ 134.459308884597363, 34.107174162057959 ], [ 134.459258054016004, 34.105984162039476 ], [ 134.459014163273082, 34.105863892104992 ], [ 134.459391115007975, 34.105680828807238 ], [ 134.4592741626725, 34.104755558622173 ], [ 134.459245836726041, 34.104153333009947 ] ] ] } },
{ "type": "Feature", "properties": { "regioncode": "3634200", "regionname": "徳島県神山町", "name": "神山町", "namekana": "かみやまちょう", "PrefCode": "36" }, "geometry": { "type": "Polygon", "coordinates": [ [ [ 134.414464448875265, 34.057026107668776 ], [ 134.415005278670719, 34.056322774876207 ], [ 134.415633061216909, 34.056551108247106 ], [ 134.416737223643963, 34.056276666634915 ], [ 134.417501114984589, 34.056429721354618 ], [ 134.4185041630368, 34.055948612838279 ], [ 134.421989441559504, 34.05630222536746 ], [ 134.423375278846152, 34.056153892088503 ], [ 134.42420527935019, 34.054727775066794 ], [ 134.426367496862554, 34.053020279062707 ], [ 134.425976394295276, 34.050552495301474 ], [ 134.425061945652374, 34.050331945562903 ], [ 134.423879442382372, 34.048978332783861 ], [ 134.422518054064994, 34.048405828865953 ], [ 134.423711115375681, 34.044814162343755 ], [ 134.424324449413916, 34.044486667026092 ], [ 134.42492389072504, 34.043454999848393 ], [ 134.426388326959795, 34.04315027896223 ], [ 134.426568053772712, 34.042366946077777 ], [ 134.42928972783875, 34.039784162409205 ], [ 134.429431945727742, 34.038224999684019 ], [ 134.428818885083501, 34.035699440776625 ], [ 134.429014720553027, 34.031384161749713 ], [ 134.428562776151239, 34.030928891655094 ], [ 134.428726666802277, 34.03042082865835 ], [ 134.428319728073006, 34.029249441008972 ], [ 134.42680389108682, 34.027662775216982 ], [ 134.427463605860794, 34.025501386879569 ], [ 134.429033061326777, 34.024347494641233 ], [ 134.431051114817137, 34.023970279404921 ], [ 134.431824163054785, 34.023026946336529 ], [ 134.4345063937551, 34.021264721189993 ], [ 134.435036938903636, 34.020714999797462 ], [ 134.435375836725598, 34.01860416235229 ], [ 134.435851971091665, 34.017959531906911 ], [ 134.436827197717093, 34.017853000015975 ], [ 134.438103138748943, 34.018224000037605 ], [ 134.438404526747604, 34.017842666805677 ], [ 134.441902970445767, 34.017623494828456 ], [ 134.442323333355262, 34.01781833294973 ], [ 134.443136939218448, 34.01967091927753 ], [ 134.444149299750393, 34.020302053596936 ], [ 134.444533606141022, 34.021006387334978 ], [ 134.445084720583395, 34.020584278841454 ], [ 134.447028663641959, 34.020242558946961 ], [ 134.450283891088816, 34.020829162435973 ], [ 134.452957223896874, 34.016943054278556 ], [ 134.453317781890178, 34.014481667395103 ], [ 134.451926108902853, 34.012677774859469 ], [ 134.451730000039561, 34.011386108282295 ], [ 134.449584721257906, 34.008448053734753 ], [ 134.447434162556647, 34.009806108265309 ], [ 134.445196108813434, 34.009487224855604 ], [ 134.442271387614483, 34.0099183328648 ], [ 134.440366666688419, 34.009459999679279 ], [ 134.439776938954651, 34.00838638722206 ], [ 134.438112218304241, 34.007728891974864 ], [ 134.43672138798172, 34.006730279378928 ], [ 134.43689999963533, 34.005024162035511 ], [ 134.437904448831318, 34.004235279434624 ], [ 134.437887224116139, 34.0021691616775 ], [ 134.438398054326854, 34.000656386882781 ], [ 134.437835836854447, 33.999716667290443 ], [ 134.437945278951474, 33.998934721160481 ], [ 134.43748250311512, 33.998174440598007 ], [ 134.435587781750769, 33.997462225201559 ], [ 134.434270829834986, 33.995855559386598 ], [ 134.433011946244392, 33.995512774694873 ], [ 134.431717223770875, 33.995595828884461 ], [ 134.430104993850478, 33.994321108232612 ], [ 134.428816938950604, 33.995009441232753 ], [ 134.42836111487361, 33.996064161631807 ], [ 134.427028054301331, 33.996506108270353 ], [ 134.425528326870904, 33.995555559041861 ], [ 134.423498326786444, 33.995485829207723 ], [ 134.423478885242389, 33.993268892445485 ], [ 134.419997497186841, 33.991742775308865 ], [ 134.41922972796965, 33.990824161905607 ], [ 134.418047782279359, 33.990652775405295 ], [ 134.417389170074216, 33.989831108019246 ], [ 134.417006939318867, 33.986904440687454 ], [ 134.412757782046015, 33.985798612715882 ], [ 134.410959170329534, 33.98472194616096 ], [ 134.4106763938006, 33.98384916220914 ], [ 134.411090830177727, 33.983161107998797 ], [ 134.410641115195403, 33.980644161898624 ], [ 134.41125778212097, 33.97672972060019 ], [ 134.40973555095502, 33.97467333260829 ], [ 134.40691527881711, 33.97398777491594 ], [ 134.406000000099993, 33.973128333305965 ], [ 134.406494720754836, 33.972137775038334 ], [ 134.406459442149639, 33.971246108021546 ], [ 134.406234448860801, 33.970351946285348 ], [ 134.405771946418213, 33.969891387277755 ], [ 134.405691660341859, 33.967200279369422 ], [ 134.40675472105363, 33.966491108178161 ], [ 134.405694994128794, 33.966094721194452 ], [ 134.404756939181425, 33.964279441443125 ], [ 134.404680000381745, 33.963577775094279 ], [ 134.4053286121258, 33.962110559055134 ], [ 134.403970000015534, 33.961347495090877 ], [ 134.402460558108373, 33.961197495368197 ], [ 134.400571945838692, 33.959987224630765 ], [ 134.400796939127531, 33.958943054178633 ], [ 134.39917166004409, 33.956554721023622 ], [ 134.399563332781668, 33.95593889226609 ], [ 134.399116938995576, 33.955213332729159 ], [ 134.399595550993922, 33.954626945976827 ], [ 134.399691945726772, 33.952501107839907 ], [ 134.400726393608238, 33.951649720558237 ], [ 134.400893332961004, 33.951098053932071 ], [ 134.40028639400191, 33.949488891599117 ], [ 134.401160272428683, 33.945660000108944 ], [ 134.400498327335981, 33.944905279155364 ], [ 134.3976755505862, 33.943804721210995 ], [ 134.39511250343935, 33.943376386710952 ], [ 134.393968885056097, 33.943686945995807 ], [ 134.391014163373029, 33.943718891713559 ], [ 134.389536667183506, 33.941983891743234 ], [ 134.389164162596103, 33.940806108115453 ], [ 134.38866306125135, 33.940473892256364 ], [ 134.38645972763436, 33.940955829048335 ], [ 134.386035836684528, 33.941619721173254 ], [ 134.384795837058277, 33.941700000054993 ], [ 134.383498326686436, 33.942348054219394 ], [ 134.380877497198753, 33.94192499963907 ], [ 134.377874448646935, 33.940497774652613 ], [ 134.377466938848215, 33.939033333021939 ], [ 134.37361916968905, 33.93643055922297 ], [ 134.372019442143596, 33.936226387038175 ], [ 134.369027781706791, 33.937212494561038 ], [ 134.36820527885061, 33.93691777503534 ], [ 134.367253606368877, 33.934854721268437 ], [ 134.36585972824389, 33.93353972088147 ], [ 134.361141388364445, 33.93274610784664 ], [ 134.359761115183346, 33.932916107592348 ], [ 134.357014720553025, 33.932451107732504 ], [ 134.355069999580905, 33.93272333341514 ], [ 134.353608326962785, 33.932292495202546 ], [ 134.352493060606321, 33.932405828666106 ], [ 134.349936939138502, 33.931181387311256 ], [ 134.349189169944339, 33.930285828927936 ], [ 134.34785000027739, 33.929503613001373 ], [ 134.345715278637272, 33.927213612618175 ], [ 134.343301660143538, 33.926091387307736 ], [ 134.341792218236378, 33.925796387193543 ], [ 134.340690830217682, 33.924980559105563 ], [ 134.338814162743461, 33.925490278653513 ], [ 134.337746666575413, 33.926805279040423 ], [ 134.336658885299357, 33.927530828684837 ], [ 134.336454721208497, 33.928278891957348 ], [ 134.334945279301223, 33.929129162281072 ], [ 134.333816938600876, 33.930387494587251 ], [ 134.332661114618759, 33.930818332799845 ], [ 134.32907111543966, 33.933459162310555 ], [ 134.328384721377802, 33.933504721066072 ], [ 134.326494448959693, 33.93445694573154 ], [ 134.324713332654255, 33.934116946240124 ], [ 134.323611946434198, 33.932949162174168 ], [ 134.322143606242548, 33.932042495364897 ], [ 134.321796666682872, 33.931180828832225 ], [ 134.318043891112779, 33.929446387340931 ], [ 134.317153332960061, 33.928369162307035 ], [ 134.314134720740867, 33.926113332564285 ], [ 134.313019727778283, 33.925830000254336 ], [ 134.311789170134148, 33.926260828574414 ], [ 134.309164720875287, 33.926317494856562 ], [ 134.306445278926503, 33.928040559024623 ], [ 134.305452502930734, 33.926521387352182 ], [ 134.303297223687991, 33.925614440853792 ], [ 134.302617497199776, 33.923959440975466 ], [ 134.302039727751321, 33.921431667037837 ], [ 134.302104163276567, 33.920405829265633 ], [ 134.300986939095992, 33.917939999731232 ], [ 134.299563606375386, 33.915915829052324 ], [ 134.29941360575333, 33.914608053818654 ], [ 134.298481388305504, 33.912993892154475 ], [ 134.298725279048426, 33.910379721247182 ], [ 134.29623444926051, 33.909445278876547 ], [ 134.296191660416866, 33.90865889189439 ], [ 134.29435444889873, 33.906660829433804 ], [ 134.29019722392286, 33.906893054171178 ], [ 134.28780861197788, 33.911956107788171 ], [ 134.287040830170213, 33.912998892385019 ], [ 134.286207781863709, 33.913448333074143 ], [ 134.286297782416796, 33.915158892169188 ], [ 134.283737223693947, 33.915332494598999 ], [ 134.28199360641986, 33.915792774816737 ], [ 134.277979727982142, 33.915039440617761 ], [ 134.27488444855851, 33.915707225008475 ], [ 134.273757782395819, 33.916579440588748 ], [ 134.273022502986237, 33.916572774813744 ], [ 134.272573332993034, 33.917226667376838 ], [ 134.269600829914452, 33.917308612702357 ], [ 134.267301946028056, 33.916957494892529 ], [ 134.265252218415185, 33.917441108020796 ], [ 134.262132502612985, 33.917659162140694 ], [ 134.257624721004163, 33.916282495241035 ], [ 134.256293333170902, 33.916827774881938 ], [ 134.254946109175648, 33.9167663871591 ], [ 134.254076108625554, 33.916149721132797 ], [ 134.253275837010278, 33.916244999806963 ], [ 134.252475279410646, 33.916776386720926 ], [ 134.24994778156497, 33.916963891770251 ], [ 134.249684449277993, 33.916035278805111 ], [ 134.248963890870982, 33.915348891937867 ], [ 134.246502775582712, 33.914318332724918 ], [ 134.242591388381925, 33.912051387361714 ], [ 134.239267496797652, 33.910906946098748 ], [ 134.23783888505659, 33.910001387254283 ], [ 134.235595278899041, 33.909818892328076 ], [ 134.235117223581028, 33.909351108167186 ], [ 134.233673333257798, 33.909116946290112 ], [ 134.233436939263356, 33.908698613150534 ], [ 134.232476108985338, 33.908598891825477 ], [ 134.231442502869299, 33.907935828875452 ], [ 134.230399169686052, 33.908011945694795 ], [ 134.228134720840785, 33.906764441226017 ], [ 134.226096667327397, 33.908087495041912 ], [ 134.224228611761077, 33.9081250003685 ], [ 134.2229041630967, 33.908937494669715 ], [ 134.221262217777166, 33.909324999948865 ], [ 134.22011888537827, 33.910543612797539 ], [ 134.221284994007306, 33.912366945977851 ], [ 134.220854720568923, 33.913916666720866 ], [ 134.221329999679824, 33.914776387120639 ], [ 134.220509442057164, 33.917237774903413 ], [ 134.220644994171153, 33.918078613137538 ], [ 134.221483060694709, 33.919051945790727 ], [ 134.221637224278538, 33.920603332977464 ], [ 134.222773890902431, 33.922150559001125 ], [ 134.224763605855742, 33.927377774864453 ], [ 134.226280000421752, 33.9290969458674 ], [ 134.227511388140101, 33.929617495051389 ], [ 134.228336108724534, 33.930755829018324 ], [ 134.229874721041597, 33.931178612902727 ], [ 134.23058778180075, 33.933390278738443 ], [ 134.230063890736005, 33.936489441434617 ], [ 134.229422775740545, 33.938143333348194 ], [ 134.229866109133695, 33.94026444105117 ], [ 134.228823606024662, 33.941951107857392 ], [ 134.229146939279872, 33.943647224739664 ], [ 134.228650830071842, 33.944669162152138 ], [ 134.229280557851553, 33.945431387048927 ], [ 134.228489169739419, 33.946346386976245 ], [ 134.227003605731852, 33.947087494892003 ], [ 134.226967497052442, 33.949724441130115 ], [ 134.228773333023014, 33.950546666995137 ], [ 134.229832218182423, 33.95182916228606 ], [ 134.231579441737949, 33.951831666897988 ], [ 134.232153605804342, 33.952640000036013 ], [ 134.233976108910383, 33.953973612792026 ], [ 134.234146108656091, 33.955146666885241 ], [ 134.239566393674181, 33.956408332978242 ], [ 134.240583606048631, 33.957293613009881 ], [ 134.243442775663652, 33.957525828754058 ], [ 134.244674720961712, 33.95791610844168 ], [ 134.245348885143017, 33.958924440910266 ], [ 134.245956394272298, 33.961066386804362 ], [ 134.246034449130548, 33.961819161625044 ], [ 134.245624720704313, 33.962699999905112 ], [ 134.246137782133019, 33.963512774794765 ], [ 134.247015279431707, 33.967269440832069 ], [ 134.250597224282501, 33.968946386866321 ], [ 134.254615836751555, 33.973034441386403 ], [ 134.255917781680296, 33.973456108312803 ], [ 134.256359999914139, 33.974319720978372 ], [ 134.256353605734375, 33.975795000339019 ], [ 134.25594916981845, 33.976795828864454 ], [ 134.253945837330548, 33.978776946299092 ], [ 134.252315550822118, 33.979503612901453 ], [ 134.251411946204371, 33.980399441081374 ], [ 134.253534993745006, 33.982474999921351 ], [ 134.253617224155619, 33.984140000260879 ], [ 134.253933060662234, 33.984676945884416 ], [ 134.256037496733143, 33.986099721025369 ], [ 134.261212775849003, 33.986384162199386 ], [ 134.262780000096996, 33.987627494713138 ], [ 134.266167223738421, 33.988049161639537 ], [ 134.267449728022598, 33.988818332899768 ], [ 134.268789441779404, 33.988828891839944 ], [ 134.272820830017395, 33.99192666688225 ], [ 134.274804720961129, 33.992843053564116 ], [ 134.277976939184441, 33.992463613405107 ], [ 134.278798611966408, 33.991936946133194 ], [ 134.279733605621459, 33.992158054350796 ], [ 134.281073061272878, 33.991936946133194 ], [ 134.282678326843325, 33.991294161996052 ], [ 134.284194721409335, 33.99281138663622 ], [ 134.286709441687435, 33.994212774999596 ], [ 134.287511660334872, 33.99662555892246 ], [ 134.287991659987142, 33.997215278562294 ], [ 134.287966394433624, 33.998153053820431 ], [ 134.288629728079513, 33.999185559166278 ], [ 134.288768327096705, 34.000660558837751 ], [ 134.289583333204291, 34.001651108112185 ], [ 134.291251387641523, 34.002535828765531 ], [ 134.292389170323986, 34.002240828651395 ], [ 134.296161114943516, 34.002683332869594 ], [ 134.298932218447135, 34.00648110781691 ], [ 134.301916108741466, 34.005064720560483 ], [ 134.306253061429743, 34.0051330537475 ], [ 134.308759442294445, 34.00538389175324 ], [ 134.31097221789355, 34.007396107744228 ], [ 134.312550271777695, 34.007523612724583 ], [ 134.314532218387285, 34.006706945569135 ], [ 134.317248327448397, 34.00640082893517 ], [ 134.318732217817683, 34.00564361326218 ], [ 134.319230558243703, 34.004979721137261 ], [ 134.320960557983426, 34.004716108261846 ], [ 134.325128885090066, 34.002832775012621 ], [ 134.324295279203852, 34.004488891848951 ], [ 134.323513333073947, 34.005293613309675 ], [ 134.324001387953786, 34.006188053835672 ], [ 134.323403060902592, 34.007167224887553 ], [ 134.323256108982264, 34.008704440557551 ], [ 134.324851387581589, 34.010258333255535 ], [ 134.326819169868827, 34.010829161736467 ], [ 134.328545836721105, 34.012881386766651 ], [ 134.330009999561867, 34.01340082888521 ], [ 134.329705551170264, 34.014767775012842 ], [ 134.330544993656645, 34.015883332749638 ], [ 134.330912503409422, 34.017045828801997 ], [ 134.330608054118443, 34.017497224617273 ], [ 134.330718327189061, 34.018165559393083 ], [ 134.334221388006767, 34.020522775106031 ], [ 134.334438885446275, 34.022099999815168 ], [ 134.335299728199971, 34.024228892049791 ], [ 134.335404721350869, 34.026600558968653 ], [ 134.334821946275838, 34.028491108377978 ], [ 134.334869169676494, 34.029840828891167 ], [ 134.336107496563727, 34.031229161796432 ], [ 134.338196109063233, 34.031714721057597 ], [ 134.342934993954827, 34.031399441231258 ], [ 134.343354449448384, 34.032136108294821 ], [ 134.346050000007608, 34.033434161857144 ], [ 134.346758885214399, 34.034302495064139 ], [ 134.346912776303611, 34.035146667085087 ], [ 134.348528885000064, 34.035717224870098 ], [ 134.348922502971163, 34.036292225305999 ], [ 134.348859727594458, 34.037318332874804 ], [ 134.349856939046617, 34.038829999704774 ], [ 134.351399727815306, 34.038902225157642 ], [ 134.354254449383347, 34.039630559103045 ], [ 134.355603061032525, 34.037207774719093 ], [ 134.358841115025484, 34.035436387279503 ], [ 134.359575550871, 34.034546667294933 ], [ 134.359622776070296, 34.03395472093365 ], [ 134.360855837427039, 34.032609441272768 ], [ 134.362897497221752, 34.031118892323093 ], [ 134.364613606033117, 34.030582495285955 ], [ 134.364975550781082, 34.029245558635694 ], [ 134.366739169876837, 34.029053892423235 ], [ 134.369064162880932, 34.031315000287066 ], [ 134.370559999844204, 34.032072494749912 ], [ 134.370927223612512, 34.03355027872243 ], [ 134.372462503042129, 34.034925000388512 ], [ 134.372087224046254, 34.03740999987167 ], [ 134.372499727780223, 34.039153054170185 ], [ 134.374109169802409, 34.039719440899546 ], [ 134.37573166008815, 34.040805829125759 ], [ 134.376315837206221, 34.041720559256476 ], [ 134.377419169559062, 34.041553054230121 ], [ 134.378231660262941, 34.04228944070519 ], [ 134.379162776041312, 34.042099162146656 ], [ 134.379807223924331, 34.043607225393202 ], [ 134.385557497180798, 34.044886946275597 ], [ 134.385622776270225, 34.045909441267725 ], [ 134.387140271606313, 34.046151386777126 ], [ 134.387671660318915, 34.04745694608124 ], [ 134.389214720682844, 34.048548332739415 ], [ 134.39160221836778, 34.049554720873743 ], [ 134.392773061028038, 34.050828053871669 ], [ 134.39305166020597, 34.051960559332372 ], [ 134.393615551316657, 34.051980829152001 ], [ 134.394647497284268, 34.053121666831487 ], [ 134.395443891022865, 34.052555279202807 ], [ 134.396398053727239, 34.052555279202807 ], [ 134.397111115385769, 34.051836945718549 ], [ 134.398979441647953, 34.051169720706071 ], [ 134.39961639368164, 34.050579440788624 ], [ 134.403017224065707, 34.049943891697296 ], [ 134.403365837263664, 34.050303053942855 ], [ 134.403589727983672, 34.051878333418415 ], [ 134.404040272140946, 34.052352224875335 ], [ 134.406641387590071, 34.053193892284355 ], [ 134.407117496775072, 34.054530828934674 ], [ 134.407691388346962, 34.05517082877077 ], [ 134.408736939258461, 34.05505749530721 ], [ 134.40948499443698, 34.055326387203081 ], [ 134.410823890710049, 34.056885828718066 ], [ 134.412202502843343, 34.057201945813176 ], [ 134.413055278678257, 34.056924720799259 ], [ 134.414317496954936, 34.057161945767234 ], [ 134.414464448875265, 34.057026107668776 ] ] ] } },
{ "type": "Feature", "properties": { "regioncode": "3640100", "regionname": "徳島県松茂町", "name": "松茂町", "namekana": "まつしげちょう", "PrefCode": "36" }, "geometry": { "type": "Polygon", "coordinates": [ [ [ 134.579942218058932, 34.154169161877348 ], [ 134.58241221774972, 34.153372775333366 ], [ 134.58365250336044, 34.152506667049124 ], [ 134.584364993949407, 34.151483054199616 ], [ 134.585130272044466, 34.148880278602007 ], [ 134.586607781723842, 34.14776194555742 ], [ 134.590996394168315, 34.146387494587259 ], [ 134.591374720966655, 34.145009162143197 ], [ 134.5941011146748, 34.146120558716859 ], [ 134.597425551248307, 34.146840829340874 ], [ 134.598304993780516, 34.147601386894564 ], [ 134.599105551380148, 34.14712610778372 ], [ 134.600829170429961, 34.148547774959923 ], [ 134.619472775648092, 34.140888613318907 ], [ 134.618517327812469, 34.139154054016444 ], [ 134.61847481236282, 34.137824999923851 ], [ 134.625541348654338, 34.1365408112095 ], [ 134.623395914290086, 34.12816396359608 ], [ 134.621513683609692, 34.127726413743062 ], [ 134.616245344447179, 34.128730044555937 ], [ 134.615344435997031, 34.125455630972624 ], [ 134.615527029848636, 34.126587324345621 ], [ 134.613137691251495, 34.126666161614139 ], [ 134.612457444955226, 34.126194972619942 ], [ 134.612059753954554, 34.124694135426068 ], [ 134.612219558985544, 34.12394769363118 ], [ 134.613874358315002, 34.124209197596429 ], [ 134.611180661258572, 34.123891333118593 ], [ 134.607596031032017, 34.125503494690577 ], [ 134.605468885280857, 34.122203891996094 ], [ 134.603683410860754, 34.116988000395963 ], [ 134.606915719984499, 34.116307612906041 ], [ 134.603649779813509, 34.116918802061093 ], [ 134.603004721290972, 34.114540829096029 ], [ 134.603497781797273, 34.113811108395964 ], [ 134.603111659675392, 34.113315000087255 ], [ 134.603396108943343, 34.112835828710558 ], [ 134.603010271906555, 34.112334161692274 ], [ 134.602109170102153, 34.108411387275737 ], [ 134.601486108996824, 34.107396666922682 ], [ 134.604310466754669, 34.105236945928368 ], [ 134.609106329093834, 34.103922891628201 ], [ 134.604269779626748, 34.105173026613954 ], [ 134.601437147206639, 34.107293910385692 ], [ 134.60580708163161, 34.102489494594579 ], [ 134.60964061002619, 34.102880026991727 ], [ 134.60827194619344, 34.10281233322263 ], [ 134.607425837032793, 34.100923891824209 ], [ 134.602480830226227, 34.102102775322862 ], [ 134.601506394104831, 34.102650829372351 ], [ 134.598797562357731, 34.107391892421958 ], [ 134.596636939343284, 34.113755945780326 ], [ 134.595659170334557, 34.115780000446705 ], [ 134.590388611645153, 34.123039721006364 ], [ 134.58571166036495, 34.127151945705805 ], [ 134.580150830196771, 34.129951108057242 ], [ 134.574690830217719, 34.130363333001469 ], [ 134.574495278934023, 34.130988333045195 ], [ 134.568522218425755, 34.130913333183855 ], [ 134.565633605906214, 34.132204720971174 ], [ 134.565415550886996, 34.132914440748891 ], [ 134.564971659914249, 34.132995829394076 ], [ 134.564843606347381, 34.133802495189059 ], [ 134.566001945733319, 34.134805829225684 ], [ 134.566047223900341, 34.135281387126383 ], [ 134.567739999801233, 34.137244721366869 ], [ 134.568725279048408, 34.137219999903152 ], [ 134.568736108684561, 34.139835829160234 ], [ 134.5695497280376, 34.139584440769397 ], [ 134.569518612394063, 34.139916946210178 ], [ 134.560916667170545, 34.142897775212191 ], [ 134.561044449142059, 34.143223053701035 ], [ 134.559698054321757, 34.143776386770867 ], [ 134.562465279049434, 34.148777774774544 ], [ 134.564250558316644, 34.151164721175007 ], [ 134.5684283274054, 34.149333332767128 ], [ 134.569853061269782, 34.149713612892981 ], [ 134.570081659940683, 34.151219441324201 ], [ 134.569307497443106, 34.153456945581638 ], [ 134.569369170251093, 34.154560829218951 ], [ 134.569747497049434, 34.154919162289559 ], [ 134.573837224308477, 34.154191667411567 ], [ 134.576853891294149, 34.155383332974509 ], [ 134.579914448792806, 34.154180828782273 ], [ 134.579942218058932, 34.154169161877348 ] ] ] } },
{ "type": "Feature", "properties": { "regioncode": "3640200", "regionname": "徳島県北島町", "name": "北島町", "namekana": "きたじまちょう", "PrefCode": "36" }, "geometry": { "type": "Polygon", "coordinates": [ [ [ 134.529389441769354, 34.124699999905147 ], [ 134.529278054438691, 34.125074161943076 ], [ 134.528405278580749, 34.125026945737034 ], [ 134.527608612347649, 34.126309162238101 ], [ 134.529916394126303, 34.129113332914017 ], [ 134.52898693939585, 34.129775558595213 ], [ 134.531082217670246, 34.131973053813454 ], [ 134.531488612309658, 34.133080279331466 ], [ 134.532541945954108, 34.133802225392458 ], [ 134.534204162891911, 34.133733332827092 ], [ 134.536731659838324, 34.134555829388091 ], [ 134.537830000054555, 34.1352938921994 ], [ 134.539244163287549, 34.138051387161852 ], [ 134.540726109322577, 34.139836667328382 ], [ 134.547105279385164, 34.139899162116706 ], [ 134.547443891222656, 34.140624720754317 ], [ 134.551693891160198, 34.140884161674762 ], [ 134.552107781648829, 34.14134389240678 ], [ 134.55453000035925, 34.140687225435158 ], [ 134.554334449075668, 34.140168332802375 ], [ 134.554830829878938, 34.140068053897608 ], [ 134.556628884915199, 34.140577775244196 ], [ 134.556658885399315, 34.140921667001408 ], [ 134.559698054321757, 34.143776386770867 ], [ 134.561044449142059, 34.143223053701035 ], [ 134.560916667170545, 34.142897775212191 ], [ 134.569518612394063, 34.139916946210178 ], [ 134.5695497280376, 34.139584440769397 ], [ 134.568736108684561, 34.139835829160234 ], [ 134.568725279048408, 34.137219999903152 ], [ 134.567739999801233, 34.137244721366869 ], [ 134.566047223900341, 34.135281387126383 ], [ 134.566001945733319, 34.134805829225684 ], [ 134.564843606347381, 34.133802495189059 ], [ 134.564971659914249, 34.132995829394076 ], [ 134.565415550886996, 34.132914440748891 ], [ 134.565633605906214, 34.132204720971174 ], [ 134.568522218425755, 34.130913333183855 ], [ 134.574495278934023, 34.130988333045195 ], [ 134.574690830217719, 34.130363333001469 ], [ 134.570049441728429, 34.128577774944404 ], [ 134.568003332987473, 34.127154999803452 ], [ 134.565257496836125, 34.124559999744235 ], [ 134.56177472112654, 34.124159721394051 ], [ 134.561917781680336, 34.122408891557143 ], [ 134.56016472062538, 34.120873613026845 ], [ 134.558472218118482, 34.122118054404723 ], [ 134.557742502814335, 34.121968053782723 ], [ 134.555132502962692, 34.116074162392749 ], [ 134.555749169888372, 34.116105278935549 ], [ 134.555832217782722, 34.11511749507639 ], [ 134.557238885166498, 34.113488332720408 ], [ 134.558495279433714, 34.113407224663717 ], [ 134.55839749704694, 34.112134720840743 ], [ 134.558006109394455, 34.11172805370677 ], [ 134.558119170363511, 34.110699721215212 ], [ 134.556456667441353, 34.109520828723305 ], [ 134.556531946092491, 34.108282775229952 ], [ 134.552484720793245, 34.108735829395073 ], [ 134.552409442142107, 34.11026499973002 ], [ 134.545781945880208, 34.111309162088219 ], [ 134.539267497097399, 34.11300694631359 ], [ 134.539590830352608, 34.114182495126101 ], [ 134.537100829739529, 34.116039721056325 ], [ 134.536092776060855, 34.117712495135606 ], [ 134.535934721110607, 34.119097774842487 ], [ 134.536213061283775, 34.120626386698461 ], [ 134.535611387855283, 34.120832774812754 ], [ 134.535204720721367, 34.123177775034321 ], [ 134.533918611954391, 34.125088053770696 ], [ 134.5324138905886, 34.125344440593494 ], [ 134.529397782082015, 34.124672495039647 ], [ 134.529389441769354, 34.124699999905147 ] ] ] } },
{ "type": "Feature", "properties": { "regioncode": "3640300", "regionname": "徳島県藍住町", "name": "藍住町", "namekana": "あいずみちょう", "PrefCode": "36" }, "geometry": { "type": "Polygon", "coordinates": [ [ [ 134.502292775890965, 34.14187222522304 ], [ 134.502790271853655, 34.143979441098395 ], [ 134.50312888459041, 34.144104440567503 ], [ 134.510365551029395, 34.142941666624665 ], [ 134.511305837194641, 34.142309999906615 ], [ 134.514066394348674, 34.141494161926062 ], [ 134.513705551270277, 34.140040000445708 ], [ 134.517090558082828, 34.138886386997228 ], [ 134.517045279016429, 34.137682495151068 ], [ 134.521626667436863, 34.135622224785891 ], [ 134.521303060787659, 34.134912225318999 ], [ 134.529999170425413, 34.130950558821269 ], [ 134.52898693939585, 34.129775558595213 ], [ 134.529916394126303, 34.129113332914017 ], [ 134.527608612347649, 34.126309162238101 ], [ 134.528405278580749, 34.125026945737034 ], [ 134.529278054438691, 34.125074161943076 ], [ 134.52938250260047, 34.12461000025138 ], [ 134.526087782325362, 34.12411277498461 ], [ 134.522439169831841, 34.124300279134616 ], [ 134.520385550852552, 34.123506107620813 ], [ 134.519445550671662, 34.124012774869698 ], [ 134.518143890828014, 34.123265279069415 ], [ 134.515736667413307, 34.124247225429144 ], [ 134.513510271581822, 34.120726667401811 ], [ 134.511637223878893, 34.121073613256726 ], [ 134.511606939208946, 34.120173053743486 ], [ 134.509229999564923, 34.120692225166124 ], [ 134.508109441597526, 34.118569162336996 ], [ 134.507108612172829, 34.118825559052368 ], [ 134.506416666595896, 34.118397224552325 ], [ 134.505092776410606, 34.11432916196128 ], [ 134.505092776410606, 34.113385279407169 ], [ 134.505468884581433, 34.112662774867204 ], [ 134.504776939004614, 34.110192775176472 ], [ 134.505092776410606, 34.110008333218047 ], [ 134.505055550773136, 34.108988892323566 ], [ 134.496184163268595, 34.107162495153091 ], [ 134.490009999961558, 34.106471667433539 ], [ 134.485249728292388, 34.107126387372944 ], [ 134.480122502651398, 34.109068892415507 ], [ 134.474746666625379, 34.112518054164923 ], [ 134.469884162724043, 34.113484999832906 ], [ 134.465874163062267, 34.113017495361191 ], [ 134.458681114641763, 34.110953053940364 ], [ 134.457829442275056, 34.116507775013872 ], [ 134.471008326972765, 34.118861945622371 ], [ 134.470305836845, 34.129433053592606 ], [ 134.473801479154986, 34.129551747914888 ], [ 134.477046394075842, 34.130647495385631 ], [ 134.477901115144391, 34.137265558658669 ], [ 134.477078053809237, 34.137483333089392 ], [ 134.47741360615305, 34.139678892067252 ], [ 134.480784993632597, 34.142387224690708 ], [ 134.482341114850669, 34.143104720906194 ], [ 134.482064163230575, 34.143609720812037 ], [ 134.486064994304115, 34.147548612878211 ], [ 134.488304720786346, 34.148215828897435 ], [ 134.491926394087841, 34.147958612899743 ], [ 134.495514721427298, 34.146040558624918 ], [ 134.499578326978281, 34.142650558776324 ], [ 134.502188611915017, 34.141881386616774 ], [ 134.502292775890965, 34.14187222522304 ] ] ] } },
{ "type": "Feature", "properties": { "regioncode": "3640400", "regionname": "徳島県板野町", "name": "板野町", "namekana": "いたのちょう", "PrefCode": "36" }, "geometry": { "type": "Polygon", "coordinates": [ [ [ 134.448938327242104, 34.192324441120093 ], [ 134.454688327104691, 34.192516946400019 ], [ 134.455954449338378, 34.191303332882569 ], [ 134.4561841631687, 34.190861945622316 ], [ 134.454790271553861, 34.187204161842658 ], [ 134.455520557927457, 34.186448892302565 ], [ 134.45635778178621, 34.184709161898354 ], [ 134.457194993953863, 34.184344162153423 ], [ 134.458032217812615, 34.183164721075059 ], [ 134.459308612102859, 34.181042775203991 ], [ 134.459400557889467, 34.18009222507618 ], [ 134.461146108705975, 34.179031667177753 ], [ 134.462504163236645, 34.177376667299427 ], [ 134.464260272093952, 34.176468612836288 ], [ 134.465485550717631, 34.176375559084818 ], [ 134.466231114774246, 34.177181386711652 ], [ 134.470182217835145, 34.177376667299427 ], [ 134.472469442011175, 34.178446107801676 ], [ 134.474164163145701, 34.177741667044359 ], [ 134.476838885406323, 34.178989441309739 ], [ 134.478523606079648, 34.178616108446704 ], [ 134.479084994377104, 34.177419440854578 ], [ 134.480259169924807, 34.176171946278373 ], [ 134.480300000045077, 34.173371387279758 ], [ 134.480769441656435, 34.172505829380555 ], [ 134.479901945718325, 34.171427775171765 ], [ 134.480442776413042, 34.170850828602909 ], [ 134.48055888518445, 34.169858333195577 ], [ 134.481824162954808, 34.169284721312863 ], [ 134.482015278782114, 34.168267775137792 ], [ 134.483435551109892, 34.166540828596396 ], [ 134.483123332575815, 34.165393612924959 ], [ 134.483516938855701, 34.164272775268444 ], [ 134.484433606126117, 34.163405559019395 ], [ 134.483823605874818, 34.159966108149433 ], [ 134.4838580544058, 34.158498332731938 ], [ 134.48439082987295, 34.157589440999971 ], [ 134.48413250321255, 34.155878613007644 ], [ 134.484756939381327, 34.154900828710311 ], [ 134.486313060599286, 34.154661108123719 ], [ 134.486321388321471, 34.153509440808079 ], [ 134.486685550797574, 34.153405278630771 ], [ 134.486685550797574, 34.152846667439803 ], [ 134.485661387563027, 34.151596946142206 ], [ 134.486398612206244, 34.150814721222446 ], [ 134.485774994420467, 34.150328613374882 ], [ 134.485736108634569, 34.14854361289747 ], [ 134.486751114972094, 34.147949440714171 ], [ 134.482064163230575, 34.143609720812037 ], [ 134.482341114850669, 34.143104720906194 ], [ 134.480784993632597, 34.142387224690708 ], [ 134.477534720550921, 34.139897224977005 ], [ 134.477078053809237, 34.137483333089392 ], [ 134.477901115144391, 34.137265558658669 ], [ 134.477046394075842, 34.130647495385631 ], [ 134.473801479154986, 34.129551747914888 ], [ 134.470305836845, 34.129433053592606 ], [ 134.471008326972765, 34.118861945622371 ], [ 134.463010310677305, 34.117601667183237 ], [ 134.462975667892806, 34.117315359916006 ], [ 134.459315525191414, 34.116680161560282 ], [ 134.441673333057906, 34.114310278896312 ], [ 134.441044993831497, 34.11873222471246 ], [ 134.440663333246334, 34.119636108119948 ], [ 134.436945278701728, 34.120295000014266 ], [ 134.437042502609415, 34.12201916225456 ], [ 134.436353890819419, 34.122374441227521 ], [ 134.43632639404791, 34.123506945788961 ], [ 134.433548327093717, 34.123464999610121 ], [ 134.43363610901929, 34.124055559216742 ], [ 134.432621115272354, 34.124220279042675 ], [ 134.432871387604564, 34.125323053815919 ], [ 134.429797224262529, 34.126912494915757 ], [ 134.428387497385188, 34.131146108306325 ], [ 134.428579728371801, 34.133261667192244 ], [ 134.428177224199544, 34.13325082856295 ], [ 134.427930829744014, 34.133754162025014 ], [ 134.428044994181164, 34.135834161717241 ], [ 134.427362503177051, 34.136390828573951 ], [ 134.426296938752785, 34.13649194564681 ], [ 134.426127496586787, 34.136909999996533 ], [ 134.426429169670541, 34.137740558979658 ], [ 134.425785836946829, 34.138484441304001 ], [ 134.427031945667864, 34.141421108197619 ], [ 134.426675836620575, 34.142388053865659 ], [ 134.426700829679589, 34.144010000061485 ], [ 134.42513972801612, 34.145138892046305 ], [ 134.423708326578094, 34.145243333013468 ], [ 134.420423060875578, 34.146841108130673 ], [ 134.417945836930926, 34.149654162309787 ], [ 134.418190830242679, 34.15096666707808 ], [ 134.418009169887341, 34.151538054038042 ], [ 134.416039728350825, 34.154596945992296 ], [ 134.412931945652872, 34.1568827753199 ], [ 134.41941416273346, 34.157804441022165 ], [ 134.419981115136466, 34.159161946067002 ], [ 134.421890829997892, 34.160731945622842 ], [ 134.422236393594744, 34.161904999716 ], [ 134.42519360639983, 34.165708053683773 ], [ 134.426635836574633, 34.166168054212392 ], [ 134.428463891195634, 34.167441945689291 ], [ 134.430333891096211, 34.167115278647259 ], [ 134.431106666839241, 34.167941666574677 ], [ 134.432814162843442, 34.168053332695195 ], [ 134.433335551094842, 34.168399999760254 ], [ 134.433829727659827, 34.169964721194958 ], [ 134.433401660258482, 34.172261107664042 ], [ 134.432735278810128, 34.172946107776681 ], [ 134.434145279081463, 34.174599162421487 ], [ 134.433726938747327, 34.176602225112674 ], [ 134.433888054090517, 34.17805444135945 ], [ 134.433565836893877, 34.178842224988728 ], [ 134.430519170323464, 34.179006666924181 ], [ 134.429335279399652, 34.181627775201719 ], [ 134.429183332644698, 34.182843054263572 ], [ 134.429263891215669, 34.183347775379559 ], [ 134.429989170164163, 34.183656667321372 ], [ 134.430165836584138, 34.184722774936176 ], [ 134.431021115232397, 34.185181108121697 ], [ 134.431761946156939, 34.186416666895695 ], [ 134.435019441693953, 34.187884441413871 ], [ 134.436664994194189, 34.189048054424234 ], [ 134.437963606235485, 34.189449721327605 ], [ 134.438890558152821, 34.190828613150018 ], [ 134.44057165995423, 34.191733332927015 ], [ 134.442498053642339, 34.192390278688436 ], [ 134.444008885002063, 34.192032495103604 ], [ 134.447296393613783, 34.19227889225715 ], [ 134.448113333263791, 34.192643892002081 ], [ 134.448786938966123, 34.192346666965136 ], [ 134.448938327242104, 34.192324441120093 ] ] ] } },
{ "type": "Feature", "properties": { "regioncode": "3640500", "regionname": "徳島県上板町", "name": "上板町", "namekana": "かみいたちょう", "PrefCode": "36" }, "geometry": { "type": "Polygon", "coordinates": [ [ [ 134.381635837024305, 34.172332225152104 ], [ 134.382973333052973, 34.172234440966747 ], [ 134.384040830120284, 34.170976386551047 ], [ 134.385066938588352, 34.16802249494225 ], [ 134.384912775903899, 34.165763333211316 ], [ 134.385487224156122, 34.165096666677869 ], [ 134.388132502612962, 34.165274720751825 ], [ 134.39152639382803, 34.163760828999102 ], [ 134.393651659996181, 34.163549161864353 ], [ 134.397094994138683, 34.164776945999336 ], [ 134.398301946377842, 34.166366945578147 ], [ 134.39980749691847, 34.167089162335003 ], [ 134.400054448953711, 34.167764161986554 ], [ 134.401964721394847, 34.168019721433041 ], [ 134.404178053674286, 34.167046108191414 ], [ 134.404976939434277, 34.16541916176493 ], [ 134.405818612239273, 34.164934440671971 ], [ 134.406439999706322, 34.163546107766706 ], [ 134.407419442353444, 34.162549441303725 ], [ 134.409639169712023, 34.162327225121373 ], [ 134.411442217784156, 34.161495559072819 ], [ 134.412243606357379, 34.160295278904073 ], [ 134.411522217876154, 34.159114162388732 ], [ 134.412352775959903, 34.158449999567893 ], [ 134.413019169998734, 34.156773333222816 ], [ 134.416194993604108, 34.154385000067748 ], [ 134.418009169887341, 34.151538054038042 ], [ 134.418190830242679, 34.15096666707808 ], [ 134.417945836930926, 34.149654162309787 ], [ 134.419626938732335, 34.148026107918611 ], [ 134.420046109140685, 34.147198333236531 ], [ 134.423708326578094, 34.145243333013468 ], [ 134.42513972801612, 34.145138892046305 ], [ 134.426700829679589, 34.144010000061485 ], [ 134.426675836620575, 34.142388053865659 ], [ 134.427031945667864, 34.141421108197619 ], [ 134.425785836946829, 34.138484441304001 ], [ 134.426429169670541, 34.137740558979658 ], [ 134.426127496586787, 34.136909999996533 ], [ 134.426296938752785, 34.13649194564681 ], [ 134.427362503177051, 34.136390828573951 ], [ 134.428044994181164, 34.135834161717241 ], [ 134.427930829744014, 34.133754162025014 ], [ 134.428177224199544, 34.13325082856295 ], [ 134.428579728371801, 34.133261667192244 ], [ 134.428387497385188, 34.131146108306325 ], [ 134.429797224262529, 34.126912494915757 ], [ 134.432871387604564, 34.125323053815919 ], [ 134.432621115272354, 34.124220279042675 ], [ 134.43363610901929, 34.124055559216742 ], [ 134.433548327093717, 34.123464999610121 ], [ 134.43632639404791, 34.123506945788961 ], [ 134.436353890819419, 34.122374441227521 ], [ 134.437042502609415, 34.12201916225456 ], [ 134.436945278701728, 34.120295000014266 ], [ 134.440663333246334, 34.119636108119948 ], [ 134.441044993831497, 34.11873222471246 ], [ 134.441673333057906, 34.114310278896312 ], [ 134.457829442275056, 34.116507775013872 ], [ 134.458459170054766, 34.112426108378259 ], [ 134.457334720720837, 34.111861387193301 ], [ 134.456127224391935, 34.109465559088335 ], [ 134.45287277575801, 34.106380279226585 ], [ 134.449651659596498, 34.104145278681699 ], [ 134.447718054244888, 34.106037775123298 ], [ 134.445646667359824, 34.105412775079571 ], [ 134.423817497079881, 34.102190559047131 ], [ 134.408703333392168, 34.093097494953497 ], [ 134.398011945594931, 34.087494721304381 ], [ 134.39738111524639, 34.08723166690794 ], [ 134.397052776364603, 34.087489441384662 ], [ 134.39674749699941, 34.089536667083564 ], [ 134.394428612190723, 34.097518613393333 ], [ 134.394673606401852, 34.101113333113858 ], [ 134.394271659809306, 34.101990828613907 ], [ 134.394146109055782, 34.104164721125017 ], [ 134.397056939326376, 34.104751667255698 ], [ 134.397258327210125, 34.103715829022349 ], [ 134.398128885339815, 34.103696667167526 ], [ 134.398227781986634, 34.104133332986976 ], [ 134.398827224197134, 34.104365000144696 ], [ 134.399028612080883, 34.104087224745683 ], [ 134.401472502653974, 34.105330559058132 ], [ 134.401156393652741, 34.105566667068103 ], [ 134.401495278884113, 34.105962494673463 ], [ 134.401609728406356, 34.108966946167698 ], [ 134.400130000099466, 34.112028332841362 ], [ 134.400337223684005, 34.113610829376341 ], [ 134.399504721265885, 34.115582774625409 ], [ 134.398850000427274, 34.11569333278112 ], [ 134.398924163019728, 34.116285828628122 ], [ 134.39656166019256, 34.116460558807773 ], [ 134.396463332816666, 34.116016945725505 ], [ 134.395833605936218, 34.116277775199194 ], [ 134.39522583690291, 34.115596107974056 ], [ 134.386340557570747, 34.11379889200532 ], [ 134.385454163279064, 34.116864440741381 ], [ 134.384833605886229, 34.11798916167055 ], [ 134.384576666879752, 34.118306667318905 ], [ 134.383570558434599, 34.118464440781395 ], [ 134.382691945976603, 34.119332225401934 ], [ 134.382419169908871, 34.120424999714032 ], [ 134.381499169750896, 34.120849162259105 ], [ 134.380261946331871, 34.122994441040646 ], [ 134.379520271843148, 34.123642225408446 ], [ 134.378496108608601, 34.12729749468366 ], [ 134.378534994394499, 34.128448892202641 ], [ 134.377882217890146, 34.12994610782664 ], [ 134.379587497065359, 34.132408892256649 ], [ 134.38000250271341, 34.134237224768185 ], [ 134.381166393614194, 34.135065000349528 ], [ 134.382097781887182, 34.136953054140179 ], [ 134.382680271877121, 34.137339161872887 ], [ 134.383068054147429, 34.139001386904511 ], [ 134.38194389079797, 34.139598891975311 ], [ 134.379525836847961, 34.143396387233508 ], [ 134.377588054145463, 34.14414527878165 ], [ 134.375295836933446, 34.148171387099865 ], [ 134.372683060874579, 34.149387495336669 ], [ 134.371353605684362, 34.151005559159273 ], [ 134.370179727812229, 34.15092333324526 ], [ 134.369152218200384, 34.151464720620424 ], [ 134.367877496649271, 34.155463333066393 ], [ 134.369384449233053, 34.160020278812851 ], [ 134.370150558301702, 34.160835829010352 ], [ 134.371122503300967, 34.16297389163185 ], [ 134.37050472121598, 34.164453892433244 ], [ 134.371880272056956, 34.166584999698046 ], [ 134.372661659707887, 34.167051666900932 ], [ 134.372741114810651, 34.168293332971018 ], [ 134.373921660256428, 34.169964161816665 ], [ 134.374789999758718, 34.170420558761805 ], [ 134.375658326670532, 34.171785828553197 ], [ 134.381295550649156, 34.172380559215469 ], [ 134.381635837024305, 34.172332225152104 ] ] ] } },
{ "type": "Feature", "properties": { "regioncode": "3646802", "regionname": "気象庁予報警報規程別表第四の二に示す「つるぎ町一宇」の区域", "name": "つるぎ町一宇", "namekana": "つるぎちょういちう", "PrefCode": "36" }, "geometry": { "type": "Polygon", "coordinates": [ [ [ 134.099099390224751, 33.959194139497981 ], [ 134.098070000130519, 33.956347224944523 ], [ 134.098728612335663, 33.952511108301053 ], [ 134.098317223760887, 33.951369161757441 ], [ 134.098893605555531, 33.949398053777202 ], [ 134.101025836972894, 33.948551387036957 ], [ 134.102178327168076, 33.945465829284672 ], [ 134.1024669393978, 33.943645559195261 ], [ 134.105043605877768, 33.942435559153807 ], [ 134.105471945773729, 33.941653891813701 ], [ 134.104895551388609, 33.939984440729404 ], [ 134.1051013882186, 33.938455559076829 ], [ 134.104747224404946, 33.937742494720396 ], [ 134.10477194586872, 33.936182494726381 ], [ 134.103973605997226, 33.935500558603962 ], [ 134.102713891433041, 33.933570558634415 ], [ 134.103043332883544, 33.931095279023964 ], [ 134.100581946000034, 33.92870222532747 ], [ 134.100046939314893, 33.92660082896515 ], [ 134.100178611753563, 33.923837775293123 ], [ 134.099923332895514, 33.923344161703767 ], [ 134.102351945785699, 33.923642494705405 ], [ 134.105727497126395, 33.922500828750287 ], [ 134.106418885123503, 33.921558332950781 ], [ 134.107662217637312, 33.920961666947449 ], [ 134.109744994436028, 33.921160559212467 ], [ 134.110700272299823, 33.921626945826915 ], [ 134.111597223732929, 33.921246386911264 ], [ 134.115582217745214, 33.92122222482584 ], [ 134.116487496900504, 33.920769721045815 ], [ 134.119706666929233, 33.921314999787455 ], [ 134.120818053610378, 33.921157225425645 ], [ 134.121731659588477, 33.920529999559903 ], [ 134.126173061337795, 33.920902225357452 ], [ 134.126574448551992, 33.919991386593267 ], [ 134.126128884840227, 33.918342225113634 ], [ 134.126802218047942, 33.917393333335724 ], [ 134.12655832730502, 33.915960278943771 ], [ 134.127278053839177, 33.914546387305961 ], [ 134.127126938957076, 33.913539161902861 ], [ 134.12508472068339, 33.912289999983557 ], [ 134.124069170256121, 33.911084440794355 ], [ 134.125177497443588, 33.907874162362759 ], [ 134.12563000032435, 33.90044694577 ], [ 134.12429555119877, 33.896950828617889 ], [ 134.124463890795937, 33.896016387146574 ], [ 134.124011387915289, 33.895445000186669 ], [ 134.123953333079953, 33.894254162000038 ], [ 134.122879727817235, 33.892874162212877 ], [ 134.122781115356247, 33.891523054045763 ], [ 134.121454448963732, 33.88928138682661 ], [ 134.119375550940958, 33.888200559108554 ], [ 134.11720499401531, 33.887711107581595 ], [ 134.11630722419909, 33.886841386720675 ], [ 134.114511660284961, 33.887091945936618 ], [ 134.109736666713843, 33.886511946169435 ], [ 134.107449170043196, 33.884584720608416 ], [ 134.103841387669945, 33.882817495231279 ], [ 134.102451945900611, 33.8799002788748 ], [ 134.099853333264832, 33.879081386796599 ], [ 134.099158327295072, 33.878394999929355 ], [ 134.094258327060174, 33.879974161778193 ], [ 134.092590557708149, 33.880048333363959 ], [ 134.092129170424982, 33.879728612685369 ], [ 134.091634721365381, 33.878443612782576 ], [ 134.090133606280915, 33.878582774775282 ], [ 134.088955551057893, 33.878262494718399 ], [ 134.089934721210511, 33.874231946447196 ], [ 134.087468885380872, 33.874104161777723 ], [ 134.085766939092991, 33.87318333334423 ], [ 134.079817781665383, 33.871657774686582 ], [ 134.076776394115313, 33.871227774642136 ], [ 134.071265550964426, 33.872281666765559 ], [ 134.069294720874723, 33.872140000160925 ], [ 134.068463891195734, 33.871713054214126 ], [ 134.065695278814133, 33.871993053636572 ], [ 134.064465551244211, 33.871355278723172 ], [ 134.063601388193547, 33.870390000398231 ], [ 134.062331659678421, 33.869868613046094 ], [ 134.060430557624159, 33.870567495093894 ], [ 134.058027782256431, 33.870653332685208 ], [ 134.056884162973802, 33.871396667322415 ], [ 134.053058884959682, 33.872242494995191 ], [ 134.048658326820373, 33.870944721122044 ], [ 134.04817944232741, 33.875459720689605 ], [ 134.046923060650784, 33.877079441063415 ], [ 134.045919442428385, 33.877556386617982 ], [ 134.04588610905671, 33.878211108356027 ], [ 134.043373333112868, 33.881766387408902 ], [ 134.04328666724598, 33.88431249492578 ], [ 134.041506666999112, 33.887284161634796 ], [ 134.04575583686244, 33.892504720716317 ], [ 134.047437782227917, 33.895257225340742 ], [ 134.045548884873256, 33.896097774892439 ], [ 134.044899169660994, 33.897089720813995 ], [ 134.042461659777814, 33.897854441329457 ], [ 134.040404162921845, 33.897385828892936 ], [ 134.037261660097556, 33.899558892229152 ], [ 134.034159442404416, 33.900681107647074 ], [ 134.032245551091364, 33.900599162321555 ], [ 134.030784993632665, 33.90092277526594 ], [ 134.029085278562775, 33.89936249468343 ], [ 134.026880829786478, 33.898380828912195 ], [ 134.024553333069889, 33.899292774741809 ], [ 134.020554994017857, 33.899521946280856 ], [ 134.018272502973673, 33.900988891624081 ], [ 134.016824721283911, 33.901059161950798 ], [ 134.015880558141362, 33.900773054333058 ], [ 134.01477499367104, 33.902191667411557 ], [ 134.0129552793627, 33.903019720883492 ], [ 134.010007224354013, 33.905587225070406 ], [ 134.008798326881333, 33.905797494658714 ], [ 134.007731659888236, 33.906418053850132 ], [ 134.005876393580706, 33.906169721355582 ], [ 134.004428054311347, 33.906595829134233 ], [ 134.002811945614894, 33.906493333400647 ], [ 134.001732217767653, 33.907793333095924 ], [ 134.001871387854294, 33.909414162333803 ], [ 134.001366939232867, 33.911118613233441 ], [ 134.00182277590045, 33.912329721239701 ], [ 134.001573891222165, 33.914527774936914 ], [ 134.002866666663408, 33.915741386655725 ], [ 134.003823605575008, 33.917343613417074 ], [ 134.002773333222763, 33.919466386664453 ], [ 134.000983890993894, 33.92009749490353 ], [ 133.998733605571488, 33.920332494948752 ], [ 133.9963358367296, 33.921312495175584 ], [ 133.995297781667318, 33.922273053858419 ], [ 133.99270749675361, 33.923251107952296 ], [ 133.989887497110317, 33.923186387341957 ], [ 133.986756939081488, 33.923774441437388 ], [ 133.982245837175697, 33.923509440908049 ], [ 133.980110829551222, 33.924327225021443 ], [ 133.975326938987109, 33.924870829225426 ], [ 133.97496277561163, 33.925196107714271 ], [ 133.97485583722721, 33.926490829288412 ], [ 133.974406393840013, 33.927005558959422 ], [ 133.974069169656559, 33.928411666964905 ], [ 133.971516667060655, 33.929198053947061 ], [ 133.971211660190079, 33.930122774646406 ], [ 133.969520271943111, 33.93133277468786 ], [ 133.969322217846184, 33.932932495038642 ], [ 133.967186938626355, 33.935822495212051 ], [ 133.966282776429011, 33.938150829197468 ], [ 133.96660888499207, 33.939256387372438 ], [ 133.967839727721298, 33.939955828798531 ], [ 133.9697288849801, 33.941845558925479 ], [ 133.972886108806961, 33.943603333327246 ], [ 133.973833060747211, 33.944478891687538 ], [ 133.977075878449114, 33.945960415940476 ], [ 133.978673752491773, 33.945568209005671 ], [ 133.982136418460982, 33.945931892143165 ], [ 133.995287488926579, 33.948890962947644 ], [ 133.997344330176816, 33.949443350830052 ], [ 133.998612838311942, 33.950307463518698 ], [ 134.000399486347305, 33.950861492663819 ], [ 134.002501925923184, 33.951034098644811 ], [ 134.00451227672022, 33.95163135910002 ], [ 134.005133082325983, 33.952860762014609 ], [ 134.00864096350972, 33.954258619639631 ], [ 134.012236749826229, 33.954505339649756 ], [ 134.013472339177156, 33.956403835468677 ], [ 134.015396707592004, 33.956896521857061 ], [ 134.018034529769807, 33.957073157700108 ], [ 134.019884689726723, 33.957802998009981 ], [ 134.0250976396444, 33.961207128905926 ], [ 134.025339273988379, 33.962952418919031 ], [ 134.026039978062613, 33.963757045051636 ], [ 134.030009336461717, 33.964058286460784 ], [ 134.031493339246254, 33.964983202312965 ], [ 134.033647576174758, 33.965010549797114 ], [ 134.035384447634215, 33.965605314633592 ], [ 134.036532827927772, 33.965375634078327 ], [ 134.04049705479531, 33.967264081771987 ], [ 134.043221248761711, 33.967565449985557 ], [ 134.044787829994448, 33.968926604479293 ], [ 134.049017873975799, 33.96934325228932 ], [ 134.05148764793671, 33.969009460818029 ], [ 134.053927007725292, 33.970085157004462 ], [ 134.055992751364442, 33.969350704971134 ], [ 134.058074697189568, 33.970697984724268 ], [ 134.060589462433768, 33.969535938332967 ], [ 134.062066038616877, 33.967983837983809 ], [ 134.063375938948525, 33.967945279551088 ], [ 134.066844611489728, 33.966498703852153 ], [ 134.068066932243141, 33.966410725874368 ], [ 134.071697898239449, 33.968105883180044 ], [ 134.071723438086224, 33.968828706079989 ], [ 134.07292248618387, 33.970482101567768 ], [ 134.073138161596944, 33.972551888558883 ], [ 134.074441816136982, 33.973518735301468 ], [ 134.075896148488482, 33.973692847646873 ], [ 134.079834628665253, 33.975826714930975 ], [ 134.080383870719174, 33.974758559559916 ], [ 134.082062377976399, 33.975354793888698 ], [ 134.083767029424962, 33.976632142359506 ], [ 134.085237271682786, 33.976641728233233 ], [ 134.085463418801851, 33.975546917856036 ], [ 134.086901358311138, 33.973653719943286 ], [ 134.092600638208978, 33.969429532347078 ], [ 134.093212482070498, 33.966779744689518 ], [ 134.094340050253209, 33.965829165783418 ], [ 134.095032422108602, 33.963444004537223 ], [ 134.097043004031434, 33.960999025784474 ], [ 134.09837500250444, 33.960164277759247 ], [ 134.09860846201093, 33.959634682294791 ], [ 134.099099390224751, 33.959194139497981 ] ] ] } },
{ "type": "Feature", "properties": { "regioncode": "3620702", "regionname": "気象庁予報警報規程別表第四の二に示す「美馬市木屋平」の区域", "name": "美馬市木屋平", "namekana": "みましこやだいら", "PrefCode": "36" }, "geometry": { "type": "Polygon", "coordinates": [ [ [ 134.195790271603869, 33.98911500035706 ], [ 134.197460272173885, 33.98920555938912 ], [ 134.199354449448379, 33.988474720831732 ], [ 134.19981194626439, 33.987735828845473 ], [ 134.200387782170424, 33.987469161872355 ], [ 134.200506108670083, 33.986895828779552 ], [ 134.201273891377014, 33.986618333069657 ], [ 134.202307496593789, 33.985660829383846 ], [ 134.202893061365785, 33.984138054127925 ], [ 134.20348832712466, 33.983785829252668 ], [ 134.203951945625818, 33.982775279055943 ], [ 134.207487497150282, 33.982031108049227 ], [ 134.208565551359129, 33.98151082866184 ], [ 134.210408612067909, 33.981377495175309 ], [ 134.21125639396746, 33.980782775304874 ], [ 134.215249442307936, 33.980623053910847 ], [ 134.217306666669401, 33.980262774707342 ], [ 134.218407223714507, 33.979851946410236 ], [ 134.218925550673703, 33.979275829016331 ], [ 134.221699442075646, 33.979411945904644 ], [ 134.22465888519946, 33.97881722513489 ], [ 134.227055278978014, 33.979262775356858 ], [ 134.229547497319231, 33.980305828850987 ], [ 134.233421945766281, 33.980255000068269 ], [ 134.234672775927947, 33.979788332865326 ], [ 134.235914449192592, 33.979964440806327 ], [ 134.237741115260292, 33.979684441383938 ], [ 134.240642776043387, 33.980594162290799 ], [ 134.243468053807646, 33.979722224601062 ], [ 134.247853890944384, 33.980562224666983 ], [ 134.2514213881866, 33.980522224621041 ], [ 134.252315550822118, 33.979503612901453 ], [ 134.253945837330548, 33.978776946299092 ], [ 134.256126108733042, 33.97646944061222 ], [ 134.256435837044364, 33.974783612873466 ], [ 134.255917781680296, 33.973456108312803 ], [ 134.254615836751555, 33.973034441386403 ], [ 134.250597224282501, 33.968946386866321 ], [ 134.246970830439523, 33.967204441431875 ], [ 134.246527497046372, 33.964809440703164 ], [ 134.245624720704313, 33.962699999905112 ], [ 134.246034449130548, 33.961819161625044 ], [ 134.245956394272298, 33.961066386804362 ], [ 134.245348885143017, 33.958924440910266 ], [ 134.244613333238817, 33.957851108142165 ], [ 134.240583606048631, 33.957293613009881 ], [ 134.239566393674181, 33.956408332978242 ], [ 134.234146108656091, 33.955146666885241 ], [ 134.233976108910383, 33.953973612792026 ], [ 134.232153605804342, 33.952640000036013 ], [ 134.231579441737949, 33.951831666897988 ], [ 134.229832218182423, 33.95182916228606 ], [ 134.228773333023014, 33.950546666995137 ], [ 134.226967497052442, 33.949724441130115 ], [ 134.227003605731852, 33.947087494892003 ], [ 134.228489169739419, 33.946346386976245 ], [ 134.229280557851553, 33.945431387048927 ], [ 134.228650830071842, 33.944669162152138 ], [ 134.229146939279872, 33.943647224739664 ], [ 134.228823606024662, 33.941951107857392 ], [ 134.229866109133695, 33.94026444105117 ], [ 134.229422775740545, 33.938143333348194 ], [ 134.230063890736005, 33.936489441434617 ], [ 134.23058778180075, 33.933390278738443 ], [ 134.229874721041597, 33.931178612902727 ], [ 134.228336108724534, 33.930755829018324 ], [ 134.227511388140101, 33.929617495051389 ], [ 134.226280000421752, 33.9290969458674 ], [ 134.224763605855742, 33.927377774864453 ], [ 134.222773890902431, 33.922150559001125 ], [ 134.221637224278538, 33.920603332977464 ], [ 134.221483060694709, 33.919051945790727 ], [ 134.220644994171153, 33.918078613137538 ], [ 134.220509442057164, 33.917237774903413 ], [ 134.221329999679824, 33.914776387120639 ], [ 134.220854720568923, 33.913916666720866 ], [ 134.221284994007306, 33.912366945977851 ], [ 134.22011888537827, 33.910543612797539 ], [ 134.221262217777166, 33.909324999948865 ], [ 134.2229041630967, 33.908937494669715 ], [ 134.224228611761077, 33.9081250003685 ], [ 134.226096667327397, 33.908087495041912 ], [ 134.227930830143805, 33.90679277526641 ], [ 134.230399169686052, 33.908011945694795 ], [ 134.231442502869299, 33.907935828875452 ], [ 134.231944162693026, 33.907441387010465 ], [ 134.23294722423509, 33.905839440837553 ], [ 134.232386394416608, 33.905011387365676 ], [ 134.23262888491513, 33.904304999576141 ], [ 134.236770271930595, 33.901785000277584 ], [ 134.236325550883521, 33.899996387223553 ], [ 134.238579441687989, 33.897769162217116 ], [ 134.238261388352498, 33.896788054025535 ], [ 134.239038327057187, 33.891689999693767 ], [ 134.234837224158582, 33.890718053795183 ], [ 134.232647782369327, 33.889188054285341 ], [ 134.228991659637472, 33.888188892203686 ], [ 134.226182503120071, 33.888049440629231 ], [ 134.225772503098597, 33.888625558922456 ], [ 134.224472775897993, 33.889170000395268 ], [ 134.221765837223643, 33.889061945952108 ], [ 134.219689999593925, 33.888571387359718 ], [ 134.219053332645217, 33.887995558648186 ], [ 134.217878053629306, 33.887743332988464 ], [ 134.217198327141205, 33.886807494870027 ], [ 134.216518884838706, 33.886438612751817 ], [ 134.211401659658918, 33.885245829331609 ], [ 134.210074994165666, 33.883725000208642 ], [ 134.209126108682995, 33.881178053624353 ], [ 134.208683891348528, 33.880854161890113 ], [ 134.206030830158738, 33.880881387066438 ], [ 134.204563891110752, 33.881871108065241 ], [ 134.202018611869562, 33.882861107853898 ], [ 134.201381945820231, 33.883725000208642 ], [ 134.19841610941603, 33.88498499985792 ], [ 134.196021659971734, 33.884850278717465 ], [ 134.194031659933216, 33.885961386608756 ], [ 134.190736667163492, 33.885506945689031 ], [ 134.187431114554329, 33.88244277471432 ], [ 134.185371114885129, 33.881614721242443 ], [ 134.183003890617101, 33.881160279423398 ], [ 134.180642217864147, 33.878352495271486 ], [ 134.178582218194833, 33.878442494925253 ], [ 134.177234163226103, 33.877641386940525 ], [ 134.174883332699665, 33.87494166712429 ], [ 134.173891115182869, 33.874437775183253 ], [ 134.172941946413744, 33.872673891686816 ], [ 134.172284449367908, 33.87237666664987 ], [ 134.17230583704486, 33.87153082908452 ], [ 134.172888327034684, 33.870396667072555 ], [ 134.17165360642889, 33.868655279217819 ], [ 134.169291387787325, 33.867251387141835 ], [ 134.165828884595385, 33.866639721346132 ], [ 134.164739442271525, 33.865667494859053 ], [ 134.161708611862991, 33.865532774617918 ], [ 134.158537223714006, 33.865811945764733 ], [ 134.156897782106967, 33.866495559122825 ], [ 134.155042503209074, 33.865802494789364 ], [ 134.153856108572654, 33.865865558848498 ], [ 134.152782775804553, 33.866986107822697 ], [ 134.15056082981846, 33.867643053584118 ], [ 134.148090271648812, 33.869398053577356 ], [ 134.146925836658056, 33.869533054406986 ], [ 134.143441945789277, 33.868741107815936 ], [ 134.142018327084202, 33.866815278902038 ], [ 134.140562502757348, 33.86651805386515 ], [ 134.139861387692918, 33.865663332796601 ], [ 134.137521115207392, 33.866239162407453 ], [ 134.134436393824558, 33.865159440855564 ], [ 134.133584448963234, 33.864052225230068 ], [ 134.132290272378214, 33.863467495028942 ], [ 134.131578611863461, 33.861991107703489 ], [ 134.127857496926026, 33.860524441150119 ], [ 134.127210557920989, 33.859867224692721 ], [ 134.126763060666804, 33.858701946137955 ], [ 134.125619442283551, 33.858116946140228 ], [ 134.125004993985385, 33.85738777492594 ], [ 134.124163606265483, 33.857603891906138 ], [ 134.121801115129415, 33.856532495378417 ], [ 134.120281115181342, 33.856213612867975 ], [ 134.112156394302247, 33.85563722477815 ], [ 134.112025279443174, 33.854334721370321 ], [ 134.110521659746837, 33.852747224604798 ], [ 134.096187223561628, 33.854792225380947 ], [ 134.095404163171679, 33.858078332848834 ], [ 134.093220557982477, 33.860141667204232 ], [ 134.092415551436602, 33.862375828681593 ], [ 134.091168326656998, 33.863407225163371 ], [ 134.091064448665406, 33.864919721168235 ], [ 134.090704163166606, 33.865630000324302 ], [ 134.091384163048701, 33.868607224843629 ], [ 134.091394993584117, 33.872047494995968 ], [ 134.091153060665306, 33.873157774611684 ], [ 134.089934721210511, 33.874231946447196 ], [ 134.089005550665661, 33.87833694599334 ], [ 134.091634721365381, 33.878443612782576 ], [ 134.092129170424982, 33.879728612685369 ], [ 134.093007496898508, 33.880099440936476 ], [ 134.094258327060174, 33.879974161778193 ], [ 134.099158327295072, 33.878394999929355 ], [ 134.099853333264832, 33.879081386796599 ], [ 134.102451945900611, 33.8799002788748 ], [ 134.103841387669945, 33.882817495231279 ], [ 134.107449170043196, 33.884584720608416 ], [ 134.109736666713843, 33.886511946169435 ], [ 134.114511660284961, 33.887091945936618 ], [ 134.11630722419909, 33.886841386720675 ], [ 134.11720499401531, 33.887711107581595 ], [ 134.119375550940958, 33.888200559108554 ], [ 134.121704721295941, 33.889499162156653 ], [ 134.122914448842835, 33.891895829329087 ], [ 134.122879727817235, 33.892874162212877 ], [ 134.123953333079953, 33.894254162000038 ], [ 134.124011387915289, 33.895445000186669 ], [ 134.124463890795937, 33.896016387146574 ], [ 134.12429555119877, 33.896950828617889 ], [ 134.12563000032435, 33.90044694577 ], [ 134.125177497443588, 33.907874162362759 ], [ 134.124069170256121, 33.911084440794355 ], [ 134.12508472068339, 33.912289999983557 ], [ 134.127126938957076, 33.913539161902861 ], [ 134.127278053839177, 33.914546387305961 ], [ 134.12655832730502, 33.915960278943771 ], [ 134.126802218047942, 33.917393333335724 ], [ 134.126128884840227, 33.918342225113634 ], [ 134.126567496792632, 33.920181945740239 ], [ 134.126085803716933, 33.920861417720289 ], [ 134.127631580033494, 33.922436627948059 ], [ 134.129579609611369, 33.922569108877326 ], [ 134.1311112063172, 33.923578710289291 ], [ 134.132022724968806, 33.923757056642899 ], [ 134.134031082868205, 33.923754808337776 ], [ 134.135361269207237, 33.923322068958385 ], [ 134.138305949959658, 33.923490125269097 ], [ 134.140499055587043, 33.923194394006146 ], [ 134.142095826161494, 33.923602614269271 ], [ 134.14404183586214, 33.924923208439395 ], [ 134.145573030570972, 33.925522063392577 ], [ 134.150590013718215, 33.926191239034495 ], [ 134.153740630225911, 33.925406537381832 ], [ 134.155807292972213, 33.926444589746097 ], [ 134.158329394885754, 33.927177592971589 ], [ 134.16135193264563, 33.926927978943127 ], [ 134.163345960747506, 33.928402734898327 ], [ 134.171147342975587, 33.929093693918901 ], [ 134.174473425308406, 33.930197031667717 ], [ 134.174714170222842, 33.932474115987702 ], [ 134.173872800489448, 33.934163162400068 ], [ 134.173858417631891, 33.935141387365206 ], [ 134.173391303465905, 33.935707248890481 ], [ 134.173600078381014, 33.936461828650522 ], [ 134.173073522625032, 33.937584019786755 ], [ 134.172974332799299, 33.939200294857756 ], [ 134.172502916276585, 33.940204154098467 ], [ 134.17137488494302, 33.940544585264433 ], [ 134.17115135485119, 33.945011555638814 ], [ 134.167035343106704, 33.948606466015633 ], [ 134.166697377881746, 33.949512974544177 ], [ 134.168353436262123, 33.950944532464234 ], [ 134.169859516503493, 33.953656338269468 ], [ 134.169287016182921, 33.956452430335446 ], [ 134.168583174374021, 33.957602066981849 ], [ 134.168735926921499, 33.958560952925666 ], [ 134.168260251209745, 33.96048985931958 ], [ 134.168269154497921, 33.961087558643953 ], [ 134.169855634130272, 33.962629141421814 ], [ 134.169573833365803, 33.96433010115328 ], [ 134.169742921198917, 33.965582908024828 ], [ 134.171616970746641, 33.966918569436473 ], [ 134.17611702178317, 33.965900741925736 ], [ 134.177210324896691, 33.965109803474718 ], [ 134.180327830165311, 33.965668765401233 ], [ 134.180895647716056, 33.966047128172477 ], [ 134.180720739470644, 33.967384534268888 ], [ 134.180999856658104, 33.967821928539195 ], [ 134.182232909920913, 33.968000388207429 ], [ 134.182305847636826, 33.96859442549237 ], [ 134.181815584921424, 33.969516304334036 ], [ 134.182167017493953, 33.970787600367487 ], [ 134.181683731718863, 33.971492559134333 ], [ 134.181806973013408, 33.971964119548545 ], [ 134.182392954171519, 33.972340506509227 ], [ 134.182349623036771, 33.974309157541654 ], [ 134.181551328131377, 33.976100869659433 ], [ 134.182072129125572, 33.977647548895334 ], [ 134.183641018917911, 33.97903743762771 ], [ 134.185829376124843, 33.982989743981534 ], [ 134.18715655153369, 33.983980918284828 ], [ 134.18767335594066, 33.986099946755189 ], [ 134.188898396244099, 33.986593745604921 ], [ 134.190416185658478, 33.98822066235374 ], [ 134.193364175916031, 33.988272747489361 ], [ 134.195859652500985, 33.989232945544074 ], [ 134.195790271603869, 33.98911500035706 ] ] ] } },
{ "type": "Feature", "properties": { "regioncode": "3638300", "regionname": "徳島県牟岐町", "name": "牟岐町", "namekana": "むぎちょう", "PrefCode": "36" }, "geometry": { "type": "MultiPolygon", "coordinates": [ [ [ [ 134.425322970278899, 33.628957847426761 ], [ 134.425300389201652, 33.629194873644565 ], [ 134.425331751259364, 33.628963468189568 ], [ 134.425322970278899, 33.628957847426761 ] ] ], [ [ [ 134.498084162754026, 33.629313891722802 ], [ 134.497911504612262, 33.629431891768434 ], [ 134.498111115435677, 33.629336387364447 ], [ 134.498084162754026, 33.629313891722802 ] ] ], [ [ [ 134.497343332728633, 33.629406946373535 ], [ 134.496988612234759, 33.629562774602391 ], [ 134.497139728016123, 33.629899441206305 ], [ 134.497336393559749, 33.629516667260418 ], [ 134.497343332728633, 33.629406946373535 ] ] ], [ [ [ 134.497851336370104, 33.629651945980584 ], [ 134.497680000231867, 33.630029720595189 ], [ 134.49788888486421, 33.629680279121658 ], [ 134.497851336370104, 33.629651945980584 ] ] ], [ [ [ 134.482830558283695, 33.632265829104767 ], [ 134.482731114849116, 33.632553333369685 ], [ 134.48288083038608, 33.632302495363945 ], [ 134.482830558283695, 33.632265829104767 ] ] ], [ [ [ 134.482416394401184, 33.632724999559116 ], [ 134.482133606181037, 33.632818054209906 ], [ 134.482507224129108, 33.632764441126085 ], [ 134.482416394401184, 33.632724999559116 ] ] ], [ [ [ 134.48255814464278, 33.633333333366693 ], [ 134.482506394054894, 33.633586387301989 ], [ 134.482614994386495, 33.633350828777793 ], [ 134.48255814464278, 33.633333333366693 ] ] ], [ [ [ 134.448627497261214, 33.634030000384257 ], [ 134.448772503048644, 33.63430333313238 ], [ 134.448694994078778, 33.63404972071811 ], [ 134.448627497261214, 33.634030000384257 ] ] ], [ [ [ 134.440050000107476, 33.63465861300466 ], [ 134.440851660275939, 33.634454440819866 ], [ 134.441329442200072, 33.633623891729258 ], [ 134.439874721341425, 33.634300558723851 ], [ 134.439703061447176, 33.634624721154012 ], [ 134.440026393803123, 33.634666946122707 ], [ 134.440050000107476, 33.63465861300466 ] ] ], [ [ [ 134.504220272147904, 33.637492775171495 ], [ 134.504004720841294, 33.637892774731824 ], [ 134.504260829773557, 33.637614802381279 ], [ 134.504220272147904, 33.637492775171495 ] ] ], [ [ [ 134.422202217558379, 33.637247576814275 ], [ 134.422826860571263, 33.636994243189804 ], [ 134.422477782423812, 33.636766756980307 ], [ 134.422694358058266, 33.63642522504415 ], [ 134.424188210217835, 33.635797982091276 ], [ 134.425201505145424, 33.635491153194209 ], [ 134.425662581263168, 33.635707882612735 ], [ 134.424988327149663, 33.636471378251542 ], [ 134.423899052998991, 33.63622607197567 ], [ 134.423395485713172, 33.636430810733373 ], [ 134.423280531671253, 33.637314631165339 ], [ 134.425439350645547, 33.63695740516016 ], [ 134.426469494371759, 33.635878648580842 ], [ 134.42670504480202, 33.634753900672024 ], [ 134.426202827398583, 33.630975784005273 ], [ 134.426372956646674, 33.63050692785248 ], [ 134.425744397086305, 33.629683666867777 ], [ 134.425622607297555, 33.628878252029779 ], [ 134.425518196907319, 33.629364377863794 ], [ 134.424556471803839, 33.628801377981233 ], [ 134.422825018759681, 33.629342577398063 ], [ 134.421789390068398, 33.630491404654663 ], [ 134.422009921820518, 33.630755198293798 ], [ 134.420819767118587, 33.634167450067821 ], [ 134.420853034839752, 33.635825477064145 ], [ 134.421945213800655, 33.637963305861945 ], [ 134.422190661270065, 33.637256044830679 ], [ 134.422202217558379, 33.637247576814275 ] ] ], [ [ [ 134.436803333307239, 33.638308613152049 ], [ 134.437429728199504, 33.637984440829314 ], [ 134.437456667391302, 33.637521945581398 ], [ 134.436550829757039, 33.637913891712799 ], [ 134.436749442332939, 33.638314161969049 ], [ 134.436803333307239, 33.638308613152049 ] ] ], [ [ [ 134.450895836573636, 33.639386386772401 ], [ 134.450894162935356, 33.639717775255178 ], [ 134.450948327303536, 33.639435828800515 ], [ 134.450895836573636, 33.639386386772401 ] ] ], [ [ [ 134.505447444743822, 33.639738919215802 ], [ 134.505196666992674, 33.639606387025196 ], [ 134.505432503407405, 33.639775559394593 ], [ 134.505447444743822, 33.639738919215802 ] ] ], [ [ [ 134.450129442419893, 33.639869999900611 ], [ 134.450557223836881, 33.639247224779638 ], [ 134.449937497417636, 33.638937224873075 ], [ 134.44994416319264, 33.637713612693119 ], [ 134.44876583727364, 33.637161386688717 ], [ 134.447523061440165, 33.638438054372784 ], [ 134.445441659704898, 33.638150559101064 ], [ 134.445185836756991, 33.63875389177872 ], [ 134.444788327419474, 33.638889162404951 ], [ 134.445155551187781, 33.639627495012917 ], [ 134.445726108972849, 33.63988666703608 ], [ 134.446068053697786, 33.639173892261397 ], [ 134.448304449091097, 33.638743892216894 ], [ 134.449004720591461, 33.63908944142463 ], [ 134.449419169559064, 33.639762774632402 ], [ 134.450078885232415, 33.639886945825936 ], [ 134.450129442419893, 33.639869999900611 ] ] ], [ [ [ 134.496301388098686, 33.639853332765142 ], [ 134.496538327082249, 33.63969333258126 ], [ 134.496351660201071, 33.639538892006328 ], [ 134.496035278705222, 33.639731945872654 ], [ 134.49627778179422, 33.639878612707889 ], [ 134.496301388098686, 33.639853332765142 ] ] ], [ [ [ 134.450475836990336, 33.639970829190474 ], [ 134.450260829773583, 33.640067224822644 ], [ 134.450470829565234, 33.640076666804759 ], [ 134.450475836990336, 33.639970829190474 ] ] ], [ [ [ 134.451507223579597, 33.639926387392904 ], [ 134.451199442300435, 33.639978612822802 ], [ 134.451439727661409, 33.640264440751366 ], [ 134.451739442021676, 33.640205278850601 ], [ 134.451604720881278, 33.639931946102479 ], [ 134.451507223579597, 33.639926387392904 ] ] ], [ [ [ 134.485868326961736, 33.645371946058503 ], [ 134.486758326635481, 33.644723613104304 ], [ 134.488764721314851, 33.644656108192862 ], [ 134.489064163180615, 33.644016387146621 ], [ 134.488704448751378, 33.643405000140717 ], [ 134.49014527868178, 33.642370278865315 ], [ 134.489927782141535, 33.641173333382653 ], [ 134.49076165962299, 33.641417494821553 ], [ 134.491128611796057, 33.642144720802264 ], [ 134.49143165994326, 33.64217027863549 ], [ 134.491680829706638, 33.641688054060523 ], [ 134.492762217702193, 33.641998332756884 ], [ 134.493401659958749, 33.641459720689625 ], [ 134.493442776063375, 33.640691386698165 ], [ 134.494179728211975, 33.640676386905795 ], [ 134.494243891242604, 33.640208332948248 ], [ 134.494846667239926, 33.640061945802188 ], [ 134.495091388057176, 33.639541107935827 ], [ 134.495826666567496, 33.639509441007931 ], [ 134.496493605595447, 33.638446945969861 ], [ 134.49755888493462, 33.638084440944226 ], [ 134.498676666694905, 33.638591946361259 ], [ 134.499283060664766, 33.638552494901774 ], [ 134.499478326863368, 33.638236667388355 ], [ 134.500145279381172, 33.638321387122346 ], [ 134.500259728004153, 33.63860333267769 ], [ 134.499586108811968, 33.639279720882485 ], [ 134.500151946055553, 33.640035000315038 ], [ 134.502563060836678, 33.640294162445684 ], [ 134.504713384814977, 33.641025135002053 ], [ 134.504981114786688, 33.640790278848328 ], [ 134.50490027203, 33.640040559024612 ], [ 134.503600558319135, 33.638078892127226 ], [ 134.502219441574084, 33.637633612601178 ], [ 134.501411633640032, 33.636903559151961 ], [ 134.501372775733103, 33.636307721424259 ], [ 134.502201751010034, 33.634948252260074 ], [ 134.502169611038767, 33.634511919189777 ], [ 134.501486394281756, 33.63453813532675 ], [ 134.501175836795483, 33.633733054137167 ], [ 134.50053583695933, 33.633755027272741 ], [ 134.500270052221254, 33.633291414167502 ], [ 134.499444837908982, 33.633112225149148 ], [ 134.498781245258328, 33.632364559376981 ], [ 134.497130000049538, 33.631394720589924 ], [ 134.497538612417088, 33.630418612628944 ], [ 134.49659472086978, 33.630047494796088 ], [ 134.495446108551164, 33.630718612973681 ], [ 134.494762503287006, 33.630414161884119 ], [ 134.494648053764763, 33.631036667208491 ], [ 134.493967782287427, 33.631380558965702 ], [ 134.491704721096085, 33.631594999609604 ], [ 134.490243061068441, 33.632113612553212 ], [ 134.489377496873999, 33.632003612876474 ], [ 134.489215837441066, 33.632638054003053 ], [ 134.488303060637804, 33.632716946130188 ], [ 134.488107781848726, 33.633147775349585 ], [ 134.48750499416019, 33.63308861344882 ], [ 134.487474721181457, 33.633598892375062 ], [ 134.487083891108796, 33.633861107704035 ], [ 134.486972776272637, 33.633443892421724 ], [ 134.486720271823174, 33.633742774909194 ], [ 134.486174720586973, 33.633573613331635 ], [ 134.486198326891326, 33.633054720698851 ], [ 134.485888326984764, 33.633314161619296 ], [ 134.485868326961736, 33.633051946290323 ], [ 134.485571946388291, 33.633212774749779 ], [ 134.485076667254475, 33.63287444080288 ], [ 134.483975550831019, 33.633299999995074 ], [ 134.483261659997652, 33.633057774796498 ], [ 134.482133606181037, 33.634421945616339 ], [ 134.482056108902384, 33.635639440607747 ], [ 134.481106109159668, 33.636242775084042 ], [ 134.48114000011094, 33.636716108061989 ], [ 134.481621388316512, 33.637170000395258 ], [ 134.482823605624958, 33.636507774714062 ], [ 134.48508000014192, 33.636544440973239 ], [ 134.486141114720681, 33.635918612653882 ], [ 134.486060271963993, 33.635273054108211 ], [ 134.486622776320132, 33.635399999710273 ], [ 134.486935550635167, 33.635027774811988 ], [ 134.487386939255884, 33.635625558672643 ], [ 134.488008326722934, 33.63573416170226 ], [ 134.487663333296268, 33.636383613413102 ], [ 134.488089170378998, 33.636246946139693 ], [ 134.488318054134993, 33.636511945769712 ], [ 134.487255551002931, 33.637643613062323 ], [ 134.486966108698994, 33.636840279255523 ], [ 134.486565279064394, 33.636812224904304 ], [ 134.483911660295007, 33.640064721110036 ], [ 134.48311000012643, 33.640199999830202 ], [ 134.482833891171254, 33.640543891587356 ], [ 134.483696108988283, 33.640873333037916 ], [ 134.482715837166211, 33.642455000398002 ], [ 134.484211388145127, 33.642409721331603 ], [ 134.484315551221812, 33.642762224996716 ], [ 134.485009442032151, 33.642795829064312 ], [ 134.485006109144706, 33.645095559212734 ], [ 134.48583444860094, 33.645400000409722 ], [ 134.485868326961736, 33.645371946058503 ] ] ], [ [ [ 134.494821388196556, 33.64840444111212 ], [ 134.495682775939372, 33.648186946370515 ], [ 134.495567497242291, 33.64757416181817 ], [ 134.494801659768882, 33.647807224723692 ], [ 134.494779728002072, 33.648445559015386 ], [ 134.494821388196556, 33.64840444111212 ] ] ], [ [ [ 134.394001479185022, 33.650150550407602 ], [ 134.393568547350696, 33.65001780237975 ], [ 134.393993605620494, 33.650150431697114 ], [ 134.394001479185022, 33.650150550407602 ] ] ], [ [ [ 134.393653696061278, 33.650161630954528 ], [ 134.393462205216679, 33.650045441244174 ], [ 134.393654786039633, 33.650162972743033 ], [ 134.393653696061278, 33.650161630954528 ] ] ], [ [ [ 134.393594759890334, 33.65018631464676 ], [ 134.393377677937565, 33.650138558847459 ], [ 134.393589922437059, 33.650187161808105 ], [ 134.393594759890334, 33.65018631464676 ] ] ], [ [ [ 134.391970712878106, 33.65025727925007 ], [ 134.391767043414347, 33.650109161808416 ], [ 134.391972542099211, 33.650257711823997 ], [ 134.391970712878106, 33.65025727925007 ] ] ], [ [ [ 134.390270013050781, 33.650350054211685 ], [ 134.390053437416213, 33.650268568439742 ], [ 134.390269922219204, 33.650352485978487 ], [ 134.390270013050781, 33.650350054211685 ] ] ], [ [ [ 134.393971504781234, 33.650410801617227 ], [ 134.394151323324991, 33.650296342202466 ], [ 134.393546420430994, 33.650255720724999 ], [ 134.393967003674334, 33.650413711823376 ], [ 134.393971504781234, 33.650410801617227 ] ] ], [ [ [ 134.398799026853681, 33.651131991348393 ], [ 134.398512360756854, 33.650966008874263 ], [ 134.398797197632575, 33.651132630766369 ], [ 134.398799026853681, 33.651131991348393 ] ] ], [ [ [ 134.397188949010797, 33.652551036101499 ], [ 134.396900558014408, 33.652395440797022 ], [ 134.397187678268779, 33.652552675565573 ], [ 134.397188949010797, 33.652551036101499 ] ] ], [ [ [ 134.397424149604831, 33.652619387274967 ], [ 134.397168611742131, 33.65260600896022 ], [ 134.397422243941492, 33.652622378420062 ], [ 134.397424149604831, 33.652619387274967 ] ] ], [ [ [ 134.397069350869856, 33.652828351047617 ], [ 134.397315888317621, 33.652794279332568 ], [ 134.397061712028403, 33.652829126263214 ], [ 134.397069350869856, 33.652828351047617 ] ] ], [ [ [ 134.410259675843463, 33.653818386809178 ], [ 134.410547664842966, 33.653923198297036 ], [ 134.410269274307666, 33.65381858555935 ], [ 134.410259675843463, 33.653818386809178 ] ] ], [ [ [ 134.409769467986621, 33.653840747552522 ], [ 134.409970712878135, 33.653928441344533 ], [ 134.409776291142975, 33.653843135252544 ], [ 134.409769467986621, 33.653840747552522 ] ] ], [ [ [ 134.400222321802744, 33.654982233643238 ], [ 134.399977496664178, 33.654881586016415 ], [ 134.400219104927828, 33.654984685195132 ], [ 134.400222321802744, 33.654982233643238 ] ] ], [ [ [ 134.40079085611319, 33.655616440946062 ], [ 134.400525564203463, 33.65550647724217 ], [ 134.40079121943927, 33.655619774732884 ], [ 134.40079085611319, 33.655616440946062 ] ] ], [ [ [ 134.40710062279561, 33.655697072362045 ], [ 134.406882387012615, 33.655612748329702 ], [ 134.407091037821147, 33.655697414104452 ], [ 134.40710062279561, 33.655697072362045 ] ] ], [ [ [ 134.397133255795211, 33.656357494902522 ], [ 134.396480454109678, 33.656318765598598 ], [ 134.397131660397918, 33.656359756697441 ], [ 134.397133255795211, 33.656357494902522 ] ] ], [ [ [ 134.400970311330866, 33.656407577247933 ], [ 134.400767197648065, 33.656377585757014 ], [ 134.400970868910576, 33.656409377690693 ], [ 134.400970311330866, 33.656407577247933 ] ] ], [ [ [ 134.417638042162025, 33.656506946038803 ], [ 134.417435110142264, 33.656301351126501 ], [ 134.417634942198902, 33.656509404785254 ], [ 134.417638042162025, 33.656506946038803 ] ] ], [ [ [ 134.417895551338688, 33.656551288011599 ], [ 134.417667315094604, 33.656410341763888 ], [ 134.417888339675187, 33.656553324076697 ], [ 134.417895551338688, 33.656551288011599 ] ] ], [ [ [ 134.400843826181699, 33.656529766335723 ], [ 134.400497911849243, 33.656401909720387 ], [ 134.400842321615869, 33.656531036178421 ], [ 134.400843826181699, 33.656529766335723 ] ] ], [ [ [ 134.401169506667429, 33.65660971156899 ], [ 134.400929000972724, 33.656447458583386 ], [ 134.401170726148166, 33.656612765666637 ], [ 134.401169506667429, 33.65660971156899 ] ] ], [ [ [ 134.418075887891973, 33.65677174781797 ], [ 134.417818106220693, 33.656690982402949 ], [ 134.418079144337071, 33.656773711937319 ], [ 134.418075887891973, 33.65677174781797 ] ] ], [ [ [ 134.406979196332941, 33.656876296703786 ], [ 134.406761971387937, 33.656806576762165 ], [ 134.406975863445382, 33.656876865075333 ], [ 134.406979196332941, 33.656876296703786 ] ] ], [ [ [ 134.407057807871638, 33.656990134687021 ], [ 134.406848365659584, 33.656932622142847 ], [ 134.407056563209835, 33.656995559397615 ], [ 134.407057807871638, 33.656990134687021 ] ] ], [ [ [ 134.405937873134349, 33.657665558818564 ], [ 134.405730673831613, 33.657648045421013 ], [ 134.405944577580271, 33.657667486065691 ], [ 134.405937873134349, 33.657665558818564 ] ] ], [ [ [ 134.405542684947022, 33.657764927609378 ], [ 134.405226083117327, 33.657647414096914 ], [ 134.405547574560956, 33.657768495219955 ], [ 134.405542684947022, 33.657764927609378 ] ] ], [ [ [ 134.401928833049283, 33.658674404799967 ], [ 134.402206380919779, 33.658603495055331 ], [ 134.401825109741139, 33.658436404616452 ], [ 134.401922516211243, 33.658677693620689 ], [ 134.401928833049283, 33.658674404799967 ] ] ], [ [ [ 134.405351621280374, 33.659030765657349 ], [ 134.405148340323763, 33.658953991433634 ], [ 134.405346887249152, 33.659030801630252 ], [ 134.405351621280374, 33.659030765657349 ] ] ], [ [ [ 134.417738313872178, 33.660559739040764 ], [ 134.417477587820485, 33.660445901057528 ], [ 134.417739416441009, 33.660561892017768 ], [ 134.417738313872178, 33.660559739040764 ] ] ], [ [ [ 134.418836109099175, 33.661001495023015 ], [ 134.418527159600785, 33.66094689178567 ], [ 134.418831258156047, 33.66100207238776 ], [ 134.418836109099175, 33.661001495023015 ] ] ], [ [ [ 134.418532723706335, 33.66107479336705 ], [ 134.418316342325397, 33.661015359870987 ], [ 134.418532087885637, 33.661076063209805 ], [ 134.418532723706335, 33.66107479336705 ] ] ], [ [ [ 134.428021868114797, 33.661752892082347 ], [ 134.42782653716506, 33.661707477218329 ], [ 134.428022658618829, 33.66175640483425 ], [ 134.428021868114797, 33.661752892082347 ] ] ], [ [ [ 134.42818345020612, 33.661758440899405 ], [ 134.427976108810412, 33.661699413896883 ], [ 134.428181012144023, 33.661762882650976 ], [ 134.42818345020612, 33.661758440899405 ] ] ], [ [ [ 134.428369701600559, 33.66174235112868 ], [ 134.427908288236949, 33.661568639880898 ], [ 134.428367664636085, 33.661743801735099 ], [ 134.428369701600559, 33.66174235112868 ] ] ], [ [ [ 134.428514240639743, 33.661999035627048 ], [ 134.428094812125892, 33.661838810612664 ], [ 134.428507690877268, 33.662001071692146 ], [ 134.428514240639743, 33.661999035627048 ] ] ], [ [ [ 134.430942464123518, 33.662064080892662 ], [ 134.43116644567499, 33.662126504634557 ], [ 134.430954345066993, 33.662065251809963 ], [ 134.430942464123518, 33.662064080892662 ] ] ], [ [ [ 134.431184799039329, 33.662528756996608 ], [ 134.430790129760794, 33.662405324146448 ], [ 134.43117630404322, 33.662531071851561 ], [ 134.431184799039329, 33.662528756996608 ] ] ], [ [ [ 134.431428327355434, 33.662834558867871 ], [ 134.431129338748065, 33.662776315174881 ], [ 134.431421336025892, 33.662836505000769 ], [ 134.431428327355434, 33.662834558867871 ] ] ], [ [ [ 134.432560635864661, 33.663159081026834 ], [ 134.432303230110051, 33.663106476982364 ], [ 134.432561218625438, 33.663163315035035 ], [ 134.432560635864661, 33.663159081026834 ] ] ], [ [ [ 134.432985888388089, 33.663258117068494 ], [ 134.432743177555608, 33.663169423230329 ], [ 134.432987017037249, 33.66326270271162 ], [ 134.432985888388089, 33.663258117068494 ] ] ], [ [ [ 134.43228014271449, 33.663294910132038 ], [ 134.432519053011902, 33.663232423437648 ], [ 134.431983009408441, 33.663088063363489 ], [ 134.432267211362728, 33.663296081049339 ], [ 134.43228014271449, 33.663294910132038 ] ] ], [ [ [ 134.433130713411742, 33.663310215693969 ], [ 134.432878690099528, 33.663136847087856 ], [ 134.433131504815151, 33.66331345864927 ], [ 134.433130713411742, 33.663310215693969 ] ] ], [ [ [ 134.433942074567199, 33.663467368624197 ], [ 134.433697717076029, 33.663335775325834 ], [ 134.433931958093467, 33.663469793196441 ], [ 134.433942074567199, 33.663467368624197 ] ] ], [ [ [ 134.435161518389464, 33.663462927771945 ], [ 134.435359908832766, 33.663342324188989 ], [ 134.434818832623137, 33.663212080772951 ], [ 134.435148638299097, 33.663468712211341 ], [ 134.435161518389464, 33.663462927771945 ] ] ], [ [ [ 134.419932477102179, 33.663922180064617 ], [ 134.419771115344815, 33.662924018029059 ], [ 134.419800777683804, 33.664060297045125 ], [ 134.419932477102179, 33.663922180064617 ] ] ], [ [ [ 134.444906251922021, 33.665326072140545 ], [ 134.444582763084099, 33.665325036121544 ], [ 134.444910583956357, 33.66534831507272 ], [ 134.444906251922021, 33.665326072140545 ] ] ], [ [ [ 134.445466017842477, 33.665570179620147 ], [ 134.44579896215248, 33.665865595221078 ], [ 134.445494201696079, 33.665585018433887 ], [ 134.445466017842477, 33.665570179620147 ] ] ], [ [ [ 134.445255720375258, 33.665895180218456 ], [ 134.444789117923506, 33.665940972797728 ], [ 134.445166588567304, 33.666215459376019 ], [ 134.445499934874192, 33.666074090446955 ], [ 134.44529120582456, 33.665936198296947 ], [ 134.445255720375258, 33.665895180218456 ] ] ], [ [ [ 134.446422632998178, 33.669134522939942 ], [ 134.446232205152228, 33.669026712213054 ], [ 134.446420686865281, 33.669134540926393 ], [ 134.446422632998178, 33.669134522939942 ] ] ], [ [ [ 134.446533371917667, 33.669370621956716 ], [ 134.445925524643258, 33.669114171282047 ], [ 134.446527120730138, 33.669371035644815 ], [ 134.446533371917667, 33.669370621956716 ] ] ], [ [ [ 134.446703657647731, 33.669549197637423 ], [ 134.446495758672427, 33.669440522662057 ], [ 134.446700428182226, 33.669549305556075 ], [ 134.446703657647731, 33.669549197637423 ] ] ], [ [ [ 134.44651212723295, 33.669557513668394 ], [ 134.446705978797922, 33.669633386771409 ], [ 134.446516990766554, 33.669558467849072 ], [ 134.44651212723295, 33.669557513668394 ] ] ], [ [ [ 134.450116341995681, 33.669971738704817 ], [ 134.449880271757252, 33.669852018256108 ], [ 134.45011364492882, 33.669972036380443 ], [ 134.450116341995681, 33.669971738704817 ] ] ], [ [ [ 134.450354318796826, 33.670108585842627 ], [ 134.450113204261015, 33.670038936947435 ], [ 134.450351529999125, 33.67010995461078 ], [ 134.450354318796826, 33.670108585842627 ] ] ], [ [ [ 134.449824306046935, 33.67015602687917 ], [ 134.450019986833013, 33.670250360365912 ], [ 134.449830479892853, 33.67015805395107 ], [ 134.449824306046935, 33.67015602687917 ] ] ], [ [ [ 134.44929120592451, 33.67026606342813 ], [ 134.449040090927497, 33.670169981659399 ], [ 134.449296627937088, 33.670268541060352 ], [ 134.44929120592451, 33.67026606342813 ] ] ], [ [ [ 134.449987834271155, 33.670434721385334 ], [ 134.44967377392561, 33.670293413610182 ], [ 134.449983864663636, 33.67043736898944 ], [ 134.449987834271155, 33.670434721385334 ] ] ], [ [ [ 134.452312802094184, 33.670922368872255 ], [ 134.452060894794499, 33.67085290074084 ], [ 134.452308495240914, 33.670923305965857 ], [ 134.452312802094184, 33.670922368872255 ] ] ], [ [ [ 134.452924993993292, 33.671276225117765 ], [ 134.452053657950046, 33.670949972663152 ], [ 134.45291800266375, 33.671276910401161 ], [ 134.452924993993292, 33.671276225117765 ] ] ], [ [ [ 134.455583243372075, 33.672876540819743 ], [ 134.455366252250769, 33.672816099183706 ], [ 134.455581517573023, 33.672877549859095 ], [ 134.455583243372075, 33.672876540819743 ] ] ], [ [ [ 134.461269415651032, 33.674114820042973 ], [ 134.461051646616284, 33.674101000161102 ], [ 134.461268249230329, 33.67411654134537 ], [ 134.461269415651032, 33.674114820042973 ] ] ], [ [ [ 134.462076407000609, 33.674428071898035 ], [ 134.461823281119564, 33.674425441381061 ], [ 134.462070285315463, 33.674429829173334 ], [ 134.462076407000609, 33.674428071898035 ] ] ], [ [ [ 134.460692541927301, 33.674614747772466 ], [ 134.460466044072746, 33.67455239597632 ], [ 134.46069321731818, 33.674616450189092 ], [ 134.460692541927301, 33.674614747772466 ] ] ], [ [ [ 134.460106445656038, 33.675118792598255 ], [ 134.45967771725293, 33.675016188946017 ], [ 134.460105745983469, 33.675123756855953 ], [ 134.460106445656038, 33.675118792598255 ] ] ], [ [ [ 134.464293073966246, 33.676712359787643 ], [ 134.463906965334218, 33.67653486509198 ], [ 134.46429485102658, 33.676717485923291 ], [ 134.464293073966246, 33.676712359787643 ] ] ], [ [ [ 134.463749480554156, 33.677401648767102 ], [ 134.463205057967116, 33.677340711604586 ], [ 134.463739999901122, 33.677402621833608 ], [ 134.463749480554156, 33.677401648767102 ] ] ], [ [ [ 134.464674837973462, 33.677437802412726 ], [ 134.464909973816248, 33.677401973422377 ], [ 134.464667289064209, 33.677437766439823 ], [ 134.464674837973462, 33.677437802412726 ] ] ], [ [ [ 134.450610272146378, 33.722056946271096 ], [ 134.452301946377816, 33.721086108337261 ], [ 134.453402775917425, 33.719596667352391 ], [ 134.45430389121168, 33.719161387388169 ], [ 134.45491444904269, 33.719278613117581 ], [ 134.455164721374899, 33.718801386974462 ], [ 134.45546472082026, 33.716859720999366 ], [ 134.45485444897372, 33.714550000282316 ], [ 134.454834162966335, 33.713202775387799 ], [ 134.456195278789096, 33.71083444135644 ], [ 134.457486394081911, 33.710215000022288 ], [ 134.458066938838215, 33.708340278680964 ], [ 134.457776667359326, 33.706691666687107 ], [ 134.456896108768433, 33.705854720718833 ], [ 134.456305550960451, 33.704331666673113 ], [ 134.456595836828456, 33.703720829152985 ], [ 134.457306108789908, 33.703662224831874 ], [ 134.457656667221499, 33.701268612656406 ], [ 134.459147781844763, 33.700448612613457 ], [ 134.460048612053811, 33.698113612852978 ], [ 134.461369727830743, 33.698113612852978 ], [ 134.462410829795999, 33.697318613063601 ], [ 134.464782776404036, 33.694163332671735 ], [ 134.467445278676678, 33.69423861312157 ], [ 134.468986667200966, 33.694531667102808 ], [ 134.469697224247511, 33.695025558582699 ], [ 134.471388611595216, 33.694548333338957 ], [ 134.47177917007275, 33.693736667313374 ], [ 134.473760829798493, 33.694439721316144 ], [ 134.47446138818259, 33.694330828704835 ], [ 134.474751659661479, 33.692313892172422 ], [ 134.475942775738531, 33.690598332846832 ], [ 134.475732502553001, 33.688029162216139 ], [ 134.475291946266339, 33.686958054370791 ], [ 134.475512218114432, 33.685619161695001 ], [ 134.4741208302122, 33.683535278730176 ], [ 134.47240666663447, 33.681795495265931 ], [ 134.468457820871777, 33.680832648707849 ], [ 134.467556978072139, 33.680167549692726 ], [ 134.465989313156342, 33.680261404740065 ], [ 134.464367536033023, 33.678002180056637 ], [ 134.463659882897332, 33.677548505359312 ], [ 134.46211540879915, 33.677252541171868 ], [ 134.46020313896372, 33.675445422768121 ], [ 134.458997470956547, 33.675172125992844 ], [ 134.459184786248898, 33.67536578420362 ], [ 134.458616769948094, 33.675489747653785 ], [ 134.457229079158765, 33.675322972876927 ], [ 134.456180195359821, 33.674598351332918 ], [ 134.455463126322229, 33.67334595455219 ], [ 134.454218470006481, 33.673658513929354 ], [ 134.453264668829434, 33.673279440693705 ], [ 134.452175370397072, 33.672120684921708 ], [ 134.452095253393281, 33.671621991062068 ], [ 134.45259194626135, 33.671466323811842 ], [ 134.452251012374404, 33.671127963784556 ], [ 134.451388236078287, 33.671216027197943 ], [ 134.451537690811847, 33.671577954858776 ], [ 134.450830713067035, 33.671821153123744 ], [ 134.450001685629331, 33.671342550118652 ], [ 134.449584422683074, 33.670523116648553 ], [ 134.448765459558331, 33.670456738587689 ], [ 134.448720751561495, 33.670971541103768 ], [ 134.447888430806529, 33.671152937058423 ], [ 134.447100453822941, 33.670884072142258 ], [ 134.446783423915917, 33.669822134683841 ], [ 134.446117821280495, 33.669284820338248 ], [ 134.445228859424333, 33.669186485767739 ], [ 134.444497210577879, 33.668278378244622 ], [ 134.444125343609812, 33.666416215935669 ], [ 134.443298456558637, 33.665956477109773 ], [ 134.443302140181686, 33.6650995500043 ], [ 134.441596511170133, 33.663295513577168 ], [ 134.441486485413066, 33.663826413957906 ], [ 134.442431751124445, 33.664029738981299 ], [ 134.442189078962883, 33.664776062964961 ], [ 134.441871582307726, 33.664711486246119 ], [ 134.442173501805769, 33.664840558744856 ], [ 134.441825642239678, 33.665917306238725 ], [ 134.440747211214898, 33.66570535132098 ], [ 134.440905421747857, 33.665193189214335 ], [ 134.441683177936397, 33.665093865389622 ], [ 134.440530791163155, 33.665199649044609 ], [ 134.440480012742455, 33.665437972984137 ], [ 134.439816926410117, 33.665234567921004 ], [ 134.439679208728535, 33.664498080721899 ], [ 134.439144565369475, 33.663929071569441 ], [ 134.439461841690672, 33.663626332789079 ], [ 134.438816667155493, 33.663135431554963 ], [ 134.438681348865202, 33.663382783788506 ], [ 134.438668949012822, 33.663135559258706 ], [ 134.437999753585814, 33.663092405290342 ], [ 134.438317172899247, 33.663189261375351 ], [ 134.43807537038208, 33.663233748139021 ], [ 134.438296627887098, 33.663532036174558 ], [ 134.437584266800513, 33.66408175666777 ], [ 134.434220545142125, 33.663933026787788 ], [ 134.432657885852791, 33.663238224964175 ], [ 134.431866925817985, 33.663242297094371 ], [ 134.431415875342395, 33.663770991438184 ], [ 134.430276122245346, 33.663997856216156 ], [ 134.428542528814774, 33.663246675893447 ], [ 134.427991659887311, 33.662012252063846 ], [ 134.425219312621266, 33.660632540959057 ], [ 134.424797756311477, 33.661752892082347 ], [ 134.425080493270229, 33.662531314668513 ], [ 134.424766575916806, 33.663606242833907 ], [ 134.421878585728223, 33.662958721068151 ], [ 134.424732009574655, 33.663660233632925 ], [ 134.424906069759345, 33.663764242925538 ], [ 134.423161011771299, 33.6634702878236 ], [ 134.424600284975213, 33.663845243063577 ], [ 134.424749454623679, 33.664625297019882 ], [ 134.425343398379141, 33.664054541384019 ], [ 134.426135396231643, 33.664820937336458 ], [ 134.425428521009508, 33.665238279423136 ], [ 134.424964928588679, 33.664669576939502 ], [ 134.425209715056326, 33.665095018320471 ], [ 134.424349947891869, 33.665431450201311 ], [ 134.423967743216849, 33.664810107700362 ], [ 134.424206952089207, 33.66546019792986 ], [ 134.42324412531616, 33.665880162439578 ], [ 134.42296799028054, 33.665569089641849 ], [ 134.423053281084094, 33.665023684995106 ], [ 134.423351698622014, 33.664928595178594 ], [ 134.422992503101568, 33.664532756781341 ], [ 134.423316615169711, 33.664420423363879 ], [ 134.422859494270256, 33.664536631060741 ], [ 134.422347458068771, 33.663720883012388 ], [ 134.422861802829971, 33.66549062199465 ], [ 134.421983450276116, 33.665763882797023 ], [ 134.422071855431795, 33.665096198231026 ], [ 134.421887742625245, 33.665748278660203 ], [ 134.421371154055578, 33.666002242709396 ], [ 134.419821219273899, 33.665868622339076 ], [ 134.418549611175649, 33.665119089574375 ], [ 134.418394228111197, 33.664703243060274 ], [ 134.418923695871968, 33.664645657671031 ], [ 134.418593475608532, 33.664619622297778 ], [ 134.418454306421154, 33.662949494923282 ], [ 134.418428223383899, 33.663183207139355 ], [ 134.417568340206799, 33.66323566729227 ], [ 134.41751819670742, 33.662515098992685 ], [ 134.418373034687875, 33.662484594888213 ], [ 134.418434397229703, 33.662769586447325 ], [ 134.418385719625348, 33.662076062560288 ], [ 134.419718859337991, 33.662026116911818 ], [ 134.419817782065024, 33.662740008644562 ], [ 134.419778119264834, 33.662022251625672 ], [ 134.4206104283287, 33.661892802311002 ], [ 134.418089196059668, 33.662034531868187 ], [ 134.41788166041033, 33.661446865380583 ], [ 134.418605343961531, 33.661263323643539 ], [ 134.417547419278094, 33.660534648854991 ], [ 134.41665250301071, 33.660584919158737 ], [ 134.416155939644909, 33.659716099418517 ], [ 134.417384928871456, 33.658827721222394 ], [ 134.417466977619029, 33.657983279404846 ], [ 134.417718353419332, 33.657938225169005 ], [ 134.417337367325672, 33.657667405126688 ], [ 134.417644046935266, 33.656585161875796 ], [ 134.417364254356926, 33.656289161715506 ], [ 134.415598118958087, 33.656004449845511 ], [ 134.413767173016709, 33.654829107877106 ], [ 134.411180791160632, 33.654018973396944 ], [ 134.409890660625592, 33.654384892249027 ], [ 134.409717133738809, 33.654707963801513 ], [ 134.410156900420702, 33.655228387080456 ], [ 134.409572088381196, 33.656251622214654 ], [ 134.408578885207476, 33.656425909927862 ], [ 134.407763657866553, 33.655776504981759 ], [ 134.407432658790185, 33.655848090117331 ], [ 134.407487003922142, 33.656197793293586 ], [ 134.407123060880622, 33.6560777571828 ], [ 134.407533800144847, 33.65643439593066 ], [ 134.407054955222065, 33.656698305582381 ], [ 134.407050985614546, 33.657450288100392 ], [ 134.406560156326236, 33.657919126266734 ], [ 134.40551585007654, 33.657961495126926 ], [ 134.405757056343191, 33.658622333154199 ], [ 134.405285396104205, 33.659399207107754 ], [ 134.404177587825529, 33.659948738743367 ], [ 134.402827003963125, 33.660029306307479 ], [ 134.40182857303023, 33.659387505129303 ], [ 134.401754475188909, 33.658910189054041 ], [ 134.402089856661632, 33.658823441348773 ], [ 134.401705511600198, 33.658805053810227 ], [ 134.401727250012641, 33.65839817083895 ], [ 134.401056861185225, 33.658267359950742 ], [ 134.400537172652434, 33.657687702825285 ], [ 134.400641024563697, 33.657182035622498 ], [ 134.400319507039626, 33.65688125196823 ], [ 134.400642684712238, 33.656586054003242 ], [ 134.400143501621415, 33.656389883086661 ], [ 134.400385226796857, 33.656183458999465 ], [ 134.400008053828628, 33.6559011078499 ], [ 134.400334773031432, 33.65587339614035 ], [ 134.399991907400704, 33.655727026980742 ], [ 134.400460765352136, 33.655744080824718 ], [ 134.400035421997245, 33.655328819769295 ], [ 134.399491996758343, 33.655242793320326 ], [ 134.399763320421016, 33.655694342020297 ], [ 134.399274344635387, 33.65570177491702 ], [ 134.399535589595871, 33.655847287922029 ], [ 134.398952166109666, 33.656102820388924 ], [ 134.398980155709637, 33.65662835991094 ], [ 134.398133307306352, 33.657131485629634 ], [ 134.397144345335278, 33.656938694365294 ], [ 134.396948494577373, 33.656465314622608 ], [ 134.395955187981599, 33.656153882995341 ], [ 134.395498105753063, 33.655608188766962 ], [ 134.395168715563841, 33.654596332754579 ], [ 134.39541974062854, 33.65378746811723 ], [ 134.396815628738295, 33.653219423037967 ], [ 134.396517575425833, 33.653098874313628 ], [ 134.396871141190331, 33.652562631060619 ], [ 134.396323047570604, 33.651889576642702 ], [ 134.396448780886544, 33.651548206584494 ], [ 134.397058093156488, 33.651389792804764 ], [ 134.396524772700218, 33.650818955330578 ], [ 134.396685719870106, 33.650350928352736 ], [ 134.39558348918672, 33.650017467831901 ], [ 134.395665887770519, 33.650218477101077 ], [ 134.394912489719673, 33.650143333348183 ], [ 134.395345292051616, 33.650347117025888 ], [ 134.395043618967861, 33.650281685051766 ], [ 134.394780090628728, 33.650787514132503 ], [ 134.393593644731027, 33.650339233568843 ], [ 134.392691205634719, 33.650832910110751 ], [ 134.391570388662558, 33.650149892103911 ], [ 134.391070117392019, 33.6510563961358 ], [ 134.390250350273504, 33.65095392828124 ], [ 134.389883359429518, 33.650565081213585 ], [ 134.388245550991428, 33.652423891749265 ], [ 134.387596394258253, 33.653778054014026 ], [ 134.384659999859196, 33.654391666842002 ], [ 134.384092218281353, 33.654786387381932 ], [ 134.38295610923717, 33.656578333323466 ], [ 134.379946108925878, 33.65778416230927 ], [ 134.378536938728757, 33.659687494682203 ], [ 134.378529727964633, 33.660492225136124 ], [ 134.377386108682003, 33.660603332777612 ], [ 134.37700250286332, 33.662586387351951 ], [ 134.374958885244382, 33.66426110756413 ], [ 134.374423891149718, 33.665569161587598 ], [ 134.372310829681055, 33.665505828631126 ], [ 134.369849441898282, 33.667057775196213 ], [ 134.369527223802379, 33.668946107776719 ], [ 134.371553060925066, 33.669969440936995 ], [ 134.371530558088807, 33.671488054130464 ], [ 134.373118327348948, 33.672187775245675 ], [ 134.37166194634176, 33.674251107802434 ], [ 134.36883333299204, 33.674902225057679 ], [ 134.366004721440845, 33.674746666625424 ], [ 134.364629999774706, 33.676443332993472 ], [ 134.361999169825935, 33.677577774694612 ], [ 134.362341114550873, 33.678149999822665 ], [ 134.364742218078959, 33.679807224623744 ], [ 134.365733333026924, 33.682579161798913 ], [ 134.365538611817556, 33.684641107601067 ], [ 134.364633061067025, 33.685255278908073 ], [ 134.364591659877306, 33.687568333411889 ], [ 134.363414994106734, 33.688300829419802 ], [ 134.363075837280121, 33.689018613418341 ], [ 134.362155551137789, 33.68941805360032 ], [ 134.361801659818866, 33.691356386687971 ], [ 134.361931660417895, 33.693383613263165 ], [ 134.361731115198836, 33.693926387392935 ], [ 134.361008611558191, 33.694402224982753 ], [ 134.360557497230729, 33.695993333425633 ], [ 134.365244448972248, 33.698348333209083 ], [ 134.364899442055616, 33.699293053931342 ], [ 134.36502055825224, 33.702635000305065 ], [ 134.365492502676943, 33.703616387286502 ], [ 134.365256667161475, 33.704361107778936 ], [ 134.367023333160319, 33.705157774911413 ], [ 134.37024138802974, 33.705880278552058 ], [ 134.371075836580644, 33.706686667355882 ], [ 134.372915279316771, 33.707328613324876 ], [ 134.373933891036359, 33.708396387383402 ], [ 134.374884994247168, 33.70881638696676 ], [ 134.375414449417349, 33.70813500033006 ], [ 134.378077224184608, 33.70813500033006 ], [ 134.379082502555548, 33.707839721426069 ], [ 134.380495279033994, 33.708032775292395 ], [ 134.381052218385207, 33.708384721377854 ], [ 134.380916393776602, 33.709384441039163 ], [ 134.381228884805296, 33.710565559353142 ], [ 134.385766109318524, 33.712076666804762 ], [ 134.38807555124572, 33.711985559186246 ], [ 134.389257224441394, 33.711474441192536 ], [ 134.391553061424702, 33.711974440867778 ], [ 134.392843605647954, 33.713064721359842 ], [ 134.393821659741889, 33.713450829092551 ], [ 134.392856938996601, 33.716233891780746 ], [ 134.393155836772507, 33.717505829030813 ], [ 134.392720000127952, 33.718367224867563 ], [ 134.395271115069932, 33.718324999898869 ], [ 134.397102775972371, 33.717881667405095 ], [ 134.400115550692135, 33.718191107933364 ], [ 134.402017223815847, 33.717973613191759 ], [ 134.405370272320283, 33.718860558767801 ], [ 134.409063606300492, 33.719011107976314 ], [ 134.411916109241133, 33.719680828607409 ], [ 134.415419170058726, 33.719571667098819 ], [ 134.418571945838721, 33.718751667055869 ], [ 134.421364721205009, 33.718567494894046 ], [ 134.422425550698676, 33.717404161572858 ], [ 134.424087224445884, 33.716458612574968 ], [ 134.424447497354208, 33.715688613039106 ], [ 134.427200000179937, 33.715320278608033 ], [ 134.428060830343156, 33.71616555859373 ], [ 134.430002502613434, 33.716667495408615 ], [ 134.432214449037701, 33.718291108048277 ], [ 134.434676666894688, 33.719370558904245 ], [ 134.438259727804279, 33.7199480540595 ], [ 134.439650829722041, 33.720559162275549 ], [ 134.443454163378988, 33.720818333399393 ], [ 134.444795279178834, 33.721655279367724 ], [ 134.446116394056389, 33.721814161694283 ], [ 134.448648612443549, 33.723446108351254 ], [ 134.449169169721472, 33.723387495036945 ], [ 134.450420558362111, 33.722299441266273 ], [ 134.450610272146378, 33.722056946271096 ] ] ] ] } }
]
}
