{
"type": "FeatureCollection",
"name": "38_ehime_region",
"crs": { "type": "name", "properties": { "name": "urn:ogc:def:crs:OGC:1.3:CRS84" } },
"features": [
{ "type": "Feature", "properties": { "regioncode": "3820100", "regionname": "愛媛県松山市", "name": "松山市", "namekana": "まつやまし", "PrefCode": "38" }, "geometry": { "type": "MultiPolygon", "coordinates": [ [ [ [ 132.533979727582391, 33.852751107877395 ], [ 132.531735837239125, 33.844381945870168 ], [ 132.525812969692879, 33.851828945749276 ], [ 132.51576639400389, 33.852578613412334 ], [ 132.529632502837785, 33.855674721111541 ], [ 132.5338447213569, 33.852931386874047 ], [ 132.533979727582391, 33.852751107877395 ] ] ], [ [ [ 132.70064988268598, 33.862549252146323 ], [ 132.698657419404412, 33.868077414441188 ], [ 132.700525966000555, 33.863043252444186 ], [ 132.70064988268598, 33.862549252146323 ] ] ], [ [ [ 132.638903411263527, 33.89471977519753 ], [ 132.646037885939791, 33.89099733286065 ], [ 132.6451281056776, 33.887140828586439 ], [ 132.640357561951987, 33.88725422500255 ], [ 132.638890168746343, 33.894724919319628 ], [ 132.638903411263527, 33.89471977519753 ] ] ], [ [ [ 132.586183606088639, 33.911993053736467 ], [ 132.588087496940489, 33.910151666666138 ], [ 132.585906938654375, 33.912004440952217 ], [ 132.586183606088639, 33.911993053736467 ] ] ], [ [ [ 132.691214137322618, 33.926507332747235 ], [ 132.702784941571849, 33.926126666812252 ], [ 132.701941388284467, 33.922685946099591 ], [ 132.695207807994052, 33.921967531676273 ], [ 132.693495446657607, 33.912752532103752 ], [ 132.690664772960986, 33.913610586059747 ], [ 132.693212724087971, 33.90395269376188 ], [ 132.682745084018507, 33.900607640230476 ], [ 132.677878948654666, 33.903034531818264 ], [ 132.672266886807392, 33.89430119834168 ], [ 132.6829109729631, 33.885359305787404 ], [ 132.680984527114333, 33.880686918566482 ], [ 132.689747082262102, 33.875818224631416 ], [ 132.682453307074525, 33.873146278577963 ], [ 132.672964526891519, 33.875226639797631 ], [ 132.668237198288125, 33.870417468391508 ], [ 132.661587004037074, 33.87723882880897 ], [ 132.667824163054775, 33.898365532343519 ], [ 132.661455084284739, 33.903272666900136 ], [ 132.652968612011932, 33.900081440606073 ], [ 132.66011396938427, 33.910868332807354 ], [ 132.678744085671042, 33.91048563980047 ], [ 132.679345057628325, 33.920981441240599 ], [ 132.689020725925843, 33.921874666782514 ], [ 132.691178079904489, 33.926525134827159 ], [ 132.691214137322618, 33.926507332747235 ] ] ], [ [ [ 132.558921660106648, 33.928136387184566 ], [ 132.562577496854033, 33.926140000160956 ], [ 132.555989728143459, 33.928057774746549 ], [ 132.55875277641951, 33.928237774953402 ], [ 132.558921660106648, 33.928136387184566 ] ] ], [ [ [ 132.54978055782658, 33.938204161692738 ], [ 132.554346666765355, 33.936489721123792 ], [ 132.553419533184979, 33.933287279384501 ], [ 132.542758494808709, 33.932284558685467 ], [ 132.535349389662656, 33.926763585571052 ], [ 132.517826938662324, 33.927374720766807 ], [ 132.51555639421224, 33.932483891618347 ], [ 132.521492775871025, 33.936672225043196 ], [ 132.537422503246034, 33.93330110825957 ], [ 132.549716393896574, 33.938206945993841 ], [ 132.54978055782658, 33.938204161692738 ] ] ], [ [ [ 132.633637496673146, 33.951280000271822 ], [ 132.636911660245005, 33.947766946187642 ], [ 132.633590272373226, 33.951285558981397 ], [ 132.633637496673146, 33.951280000271822 ] ] ], [ [ [ 132.563915551361674, 33.970032775092534 ], [ 132.563388611595201, 33.966810279370975 ], [ 132.563858054105935, 33.970060829443753 ], [ 132.563915551361674, 33.970032775092534 ] ] ], [ [ [ 132.661787223701481, 33.973826945557164 ], [ 132.670788885198931, 33.970034721225431 ], [ 132.672986667300961, 33.972363333101384 ], [ 132.674706939074099, 33.95177333327274 ], [ 132.665946108825892, 33.95726944103194 ], [ 132.661924448554487, 33.951696107589328 ], [ 132.656595550844031, 33.950831108169155 ], [ 132.649502218352723, 33.957336945943325 ], [ 132.650914721437289, 33.965736387224524 ], [ 132.661374994260655, 33.974136946363046 ], [ 132.661787223701481, 33.973826945557164 ] ] ], [ [ [ 132.765568003060935, 33.976446414370571 ], [ 132.767223280829853, 33.973037053916983 ], [ 132.763822114099298, 33.97166030607832 ], [ 132.761926277575753, 33.974455891825983 ], [ 132.765564162955798, 33.976993197677984 ], [ 132.765568003060935, 33.976446414370571 ] ] ], [ [ [ 132.689576667029655, 33.977427224886583 ], [ 132.694330829604155, 33.976123332925511 ], [ 132.697794448854779, 33.965740278591056 ], [ 132.686343606072569, 33.964903332622782 ], [ 132.682558884784726, 33.972790279048183 ], [ 132.688954721083519, 33.972122224860868 ], [ 132.690023890889961, 33.974606108285343 ], [ 132.686778806896541, 33.974873305858409 ], [ 132.689509170212091, 33.977443892022052 ], [ 132.689576667029655, 33.977427224886583 ] ] ], [ [ [ 132.76407364458305, 33.979694666675584 ], [ 132.764986978066645, 33.976998494684835 ], [ 132.764069830558242, 33.979694747614587 ], [ 132.76407364458305, 33.979694666675584 ] ] ], [ [ [ 132.512521114857577, 33.990371107740486 ], [ 132.522518611844475, 33.989954441044688 ], [ 132.523086394321695, 33.98652582880402 ], [ 132.512999027183469, 33.98143282866215 ], [ 132.512962776411086, 33.975295559142808 ], [ 132.50605138756157, 33.974574161668272 ], [ 132.505331115138915, 33.970658053926115 ], [ 132.492836394184337, 33.964907494685178 ], [ 132.490896667147581, 33.970365829119771 ], [ 132.497807224124131, 33.969961386908551 ], [ 132.500523605679973, 33.974349162084195 ], [ 132.495618053930116, 33.981319162449438 ], [ 132.50074666722503, 33.983463053577111 ], [ 132.502894448819802, 33.98958889181398 ], [ 132.508409442341986, 33.987399720720589 ], [ 132.512473606371941, 33.990396386783857 ], [ 132.512521114857577, 33.990371107740486 ] ] ], [ [ [ 132.518065278789663, 33.995408332828333 ], [ 132.521920558187276, 33.991064440971229 ], [ 132.518007782433301, 33.995416666845756 ], [ 132.518065278789663, 33.995408332828333 ] ] ], [ [ [ 132.56172972844422, 33.994194721109523 ], [ 132.567043605677895, 33.994676666894691 ], [ 132.563021387826893, 33.990060278658973 ], [ 132.564888327334529, 33.986696666717819 ], [ 132.557184669037269, 33.986325108217216 ], [ 132.5560141627235, 33.978822135433234 ], [ 132.549853021599688, 33.974191108033267 ], [ 132.549473255886141, 33.969694135376074 ], [ 132.54411472101765, 33.968687495431595 ], [ 132.540682218309826, 33.961190000418242 ], [ 132.533496394143299, 33.968989441009967 ], [ 132.541305330676551, 33.974208413687393 ], [ 132.534995161997244, 33.97879686538306 ], [ 132.537411115130908, 33.982606666964159 ], [ 132.534908327057678, 33.988873332738194 ], [ 132.56138749683555, 33.994362495033158 ], [ 132.56172972844422, 33.994194721109523 ] ] ], [ [ [ 132.645650557827025, 34.018276387345452 ], [ 132.652530557639238, 34.013502224747924 ], [ 132.640885837211727, 34.004768332792366 ], [ 132.640279999922086, 33.994184440959259 ], [ 132.645217497389694, 33.981253054185174 ], [ 132.634360362740608, 33.978109559408665 ], [ 132.6349081451948, 33.973899278928627 ], [ 132.633335330760929, 33.977768612931186 ], [ 132.629813216906541, 33.974573495270647 ], [ 132.633374694986287, 33.969015667039457 ], [ 132.633810583791501, 33.972521495070964 ], [ 132.640271388014185, 33.971300559273459 ], [ 132.644227781786753, 33.960942774989121 ], [ 132.641828054221378, 33.95676666694817 ], [ 132.63231978033366, 33.953726495281558 ], [ 132.624993475768406, 33.957675198052016 ], [ 132.621823554413595, 33.956646468060114 ], [ 132.623954773194328, 33.955179386919212 ], [ 132.61401133625418, 33.956981333321949 ], [ 132.599472917641151, 33.942912721444998 ], [ 132.591336056813589, 33.950309027439744 ], [ 132.591187886312014, 33.95790119768219 ], [ 132.577910558225767, 33.968610278741437 ], [ 132.590172801733502, 33.970914413769208 ], [ 132.590749441633534, 33.974658332815864 ], [ 132.605177419002757, 33.984543640276854 ], [ 132.604832217832609, 33.991570829430259 ], [ 132.609636666898723, 33.995328613324887 ], [ 132.615228417557432, 33.991968053682797 ], [ 132.622627497061444, 33.992997693788595 ], [ 132.632968053932586, 34.005976386700922 ], [ 132.644812217909589, 34.009886387147105 ], [ 132.645528884950181, 34.01832166731117 ], [ 132.645650557827025, 34.018276387345452 ] ] ], [ [ [ 132.808526394077944, 34.018379161868893 ], [ 132.820984721267905, 34.008182224929783 ], [ 132.819483332789673, 34.005428892029784 ], [ 132.83382778202656, 33.998659999859171 ], [ 132.842430829819023, 34.005428892029784 ], [ 132.857969442036165, 33.995680000032053 ], [ 132.877181388210602, 33.996429441065914 ], [ 132.885699441975703, 33.992741387005481 ], [ 132.889815550847061, 33.988399720970392 ], [ 132.887363605945666, 33.980386945900875 ], [ 132.889856666951687, 33.97301638659701 ], [ 132.885737496788124, 33.969606386725445 ], [ 132.885023060965523, 33.961107775403548 ], [ 132.887103890732078, 33.951135278670222 ], [ 132.91061250266489, 33.937891945856677 ], [ 132.92017111520488, 33.936797495208282 ], [ 132.926662217587364, 33.915453892283381 ], [ 132.925585837016797, 33.90553527932974 ], [ 132.917842218243891, 33.894025558832539 ], [ 132.897376666599939, 33.88847027928 ], [ 132.88044277601341, 33.875442774764281 ], [ 132.881674993805973, 33.871879721072332 ], [ 132.875929727974608, 33.863585279237327 ], [ 132.884523332885578, 33.84748722485557 ], [ 132.87361499443648, 33.82693166726267 ], [ 132.868522503310942, 33.823910278836365 ], [ 132.86963972839078, 33.816413612997906 ], [ 132.865105836764997, 33.806525559007412 ], [ 132.842922776065279, 33.797006108345272 ], [ 132.822574449251533, 33.79897277457394 ], [ 132.830049999907601, 33.795233612940933 ], [ 132.824775550751156, 33.785160559412361 ], [ 132.840445551221251, 33.782575828711572 ], [ 132.842137782133022, 33.779427494683205 ], [ 132.8364205580624, 33.778541107586079 ], [ 132.837249727592962, 33.775337494929488 ], [ 132.848175550661153, 33.763806667343886 ], [ 132.846981115186395, 33.758295279203821 ], [ 132.862883890779017, 33.747404161872623 ], [ 132.86535138765646, 33.739381387241281 ], [ 132.875805551385156, 33.729228053931593 ], [ 132.871424994168251, 33.721715559125812 ], [ 132.872121387791822, 33.713861107903881 ], [ 132.856401115219342, 33.704089999953567 ], [ 132.852508326897805, 33.698645828941892 ], [ 132.853286394251768, 33.691701387309251 ], [ 132.84833666690372, 33.688696666917679 ], [ 132.831949727797792, 33.687358053931121 ], [ 132.824106393994953, 33.694177225398676 ], [ 132.824618054279881, 33.704189161900331 ], [ 132.82130389066208, 33.708495278634246 ], [ 132.82560527876069, 33.71547389180671 ], [ 132.823366108958794, 33.722111667319666 ], [ 132.806944448827267, 33.741579720627669 ], [ 132.806695550659242, 33.750131667142796 ], [ 132.798665836858959, 33.755807495419617 ], [ 132.794427781716763, 33.765190829193443 ], [ 132.796705837304557, 33.778463613005385 ], [ 132.806774163097202, 33.781874999631555 ], [ 132.786523061090406, 33.787357774941427 ], [ 132.751953332979951, 33.804975829271143 ], [ 132.71945082969205, 33.808279441143327 ], [ 132.685776031338833, 33.804994829248017 ], [ 132.683364578412579, 33.808450027247034 ], [ 132.685091479088555, 33.815485197883618 ], [ 132.689971167235626, 33.808959639775594 ], [ 132.689880362688655, 33.812646000412656 ], [ 132.695936303817462, 33.810464864761741 ], [ 132.692869999650839, 33.816848197786157 ], [ 132.688153217397144, 33.817414278746014 ], [ 132.692797133880731, 33.824189387030628 ], [ 132.68732946808052, 33.83411772075624 ], [ 132.690181659855739, 33.836885864591011 ], [ 132.694749857020383, 33.834443197995256 ], [ 132.692324475394344, 33.847831586058874 ], [ 132.694738559736834, 33.839727027080698 ], [ 132.698346161346308, 33.839713918562552 ], [ 132.697329222365738, 33.843203919425378 ], [ 132.700788586024487, 33.838806440564838 ], [ 132.699912049201771, 33.84608180213354 ], [ 132.69533810626865, 33.848393774752935 ], [ 132.695923411136619, 33.855605865418397 ], [ 132.69626775615211, 33.852016198089132 ], [ 132.701423994821539, 33.85225608055373 ], [ 132.699629027157926, 33.862443640261858 ], [ 132.701469299968267, 33.852321829089192 ], [ 132.705762944004732, 33.852525387037019 ], [ 132.710399754045511, 33.854084666674055 ], [ 132.708253333124844, 33.861252413568081 ], [ 132.712531219240418, 33.858805891578697 ], [ 132.706480610192102, 33.866893440779734 ], [ 132.718937664841405, 33.864848919342194 ], [ 132.710068690217895, 33.867340359769855 ], [ 132.707514772988475, 33.874501747557645 ], [ 132.698575719593805, 33.877743720796104 ], [ 132.700346524272732, 33.886538306197906 ], [ 132.706368327136602, 33.894491892386952 ], [ 132.707961608341634, 33.892821918796585 ], [ 132.709444552624063, 33.90685289224723 ], [ 132.730070466878601, 33.903813359998594 ], [ 132.731081413676407, 33.899534053853529 ], [ 132.730098053582424, 33.904522613028234 ], [ 132.744757886067646, 33.90474600012783 ], [ 132.755231050672478, 33.911317748315469 ], [ 132.756658638085696, 33.923914559409468 ], [ 132.771745576597141, 33.962265720886364 ], [ 132.769630336970522, 33.974808667086393 ], [ 132.772615253391336, 33.976482306313414 ], [ 132.76971766473855, 33.975947802349253 ], [ 132.774802697786299, 33.990884440764376 ], [ 132.765579274264155, 33.998512386937136 ], [ 132.785688885034119, 34.009030279324008 ], [ 132.799928469723113, 34.010118387053978 ], [ 132.808504448821282, 34.018507774813997 ], [ 132.808526394077944, 34.018379161868893 ] ] ], [ [ [ 132.596177496794098, 34.031465278799601 ], [ 132.595616393581736, 34.026479720662621 ], [ 132.588148612168766, 34.024835000035296 ], [ 132.59615027161783, 34.031505000055745 ], [ 132.596177496794098, 34.031465278799601 ] ] ], [ [ [ 132.602280557901508, 34.038147774899926 ], [ 132.5995455513862, 34.035623332950479 ], [ 132.602263605680946, 34.038189441389648 ], [ 132.602280557901508, 34.038147774899926 ] ] ], [ [ [ 132.72726461716843, 34.052069639902015 ], [ 132.724703696018764, 34.049110495353148 ], [ 132.727206860907927, 34.052171441359008 ], [ 132.72726461716843, 34.052069639902015 ] ] ], [ [ [ 132.710266666973212, 34.07251527875718 ], [ 132.711530855664478, 34.069053468043194 ], [ 132.705788418200996, 34.069796279274897 ], [ 132.701672411852428, 34.065605134569353 ], [ 132.704891529720385, 34.072211198188313 ], [ 132.71018555082253, 34.072565828750044 ], [ 132.710266666973212, 34.07251527875718 ] ] ] ] } },
{ "type": "Feature", "properties": { "regioncode": "3820200", "regionname": "愛媛県今治市", "name": "今治市", "namekana": "いまばりし", "PrefCode": "38" }, "geometry": { "type": "MultiPolygon", "coordinates": [ [ [ [ 133.104295576979325, 34.023786558702795 ], [ 133.1016154992559, 34.02220622503728 ], [ 133.104258974572076, 34.023789973428563 ], [ 133.104295576979325, 34.023786558702795 ] ] ], [ [ [ 133.098923774412697, 34.024246386561515 ], [ 133.095241660374427, 34.019098829047778 ], [ 133.090170143237629, 34.022623107570382 ], [ 133.098899416275117, 34.024271000106637 ], [ 133.098923774412697, 34.024246386561515 ] ] ], [ [ [ 133.096696615056771, 34.061243197815372 ], [ 133.104783410625942, 34.059830972621342 ], [ 133.105062996360289, 34.056470135088716 ], [ 133.096355188341363, 34.057917135267644 ], [ 133.096638144734698, 34.061260053808496 ], [ 133.096696615056771, 34.061243197815372 ] ] ], [ [ [ 133.109242217854103, 34.062362306075613 ], [ 133.112677807934574, 34.059703440661337 ], [ 133.109133969157369, 34.062414000006129 ], [ 133.109242217854103, 34.062362306075613 ] ] ], [ [ [ 132.919757833557242, 34.06950091943196 ], [ 132.915691608281122, 34.070212224714453 ], [ 132.919776667159567, 34.069611802242946 ], [ 132.919757833557242, 34.06950091943196 ] ] ], [ [ [ 132.882391167118726, 34.073191414252392 ], [ 132.880552917783007, 34.07155227931429 ], [ 132.882388470051865, 34.073205747647194 ], [ 132.882391167118726, 34.073191414252392 ] ] ], [ [ [ 132.985201219161013, 34.098675162229029 ], [ 132.984065447362582, 34.100886053748411 ], [ 132.985211166562181, 34.098680532080948 ], [ 132.985201219161013, 34.098675162229029 ] ] ], [ [ [ 132.928100895440025, 34.100216333117316 ], [ 132.925878029447517, 34.10479019780945 ], [ 132.927826614806463, 34.100953802376125 ], [ 132.928100895440025, 34.100216333117316 ] ] ], [ [ [ 133.174013553582654, 34.108571972918241 ], [ 133.175189052932524, 34.106252748165844 ], [ 133.173955940314499, 34.108587972756766 ], [ 133.174013553582654, 34.108571972918241 ] ] ], [ [ [ 132.92622858608047, 34.107866495242604 ], [ 132.927328392191612, 34.105089774573514 ], [ 132.925928611816062, 34.10833333331675 ], [ 132.92622858608047, 34.107866495242604 ] ] ], [ [ [ 133.181295771582654, 34.111911134990919 ], [ 133.191556135007659, 34.106993413615214 ], [ 133.187858910560294, 34.102732108300188 ], [ 133.182595746096922, 34.103411332966687 ], [ 133.18278041468443, 34.108322278850153 ], [ 133.177822140179728, 34.107735251780525 ], [ 133.181271051018257, 34.111911081031622 ], [ 133.181295771582654, 34.111911134990919 ] ] ], [ [ [ 133.002607716972648, 34.118294135266183 ], [ 133.005474838393184, 34.117407802128412 ], [ 133.00259089515373, 34.118301278581214 ], [ 133.002607716972648, 34.118294135266183 ] ] ], [ [ [ 132.969609532553932, 34.119043387442446 ], [ 132.9695067832115, 34.116472161860827 ], [ 132.969551894104711, 34.11909102722916 ], [ 132.969609532553932, 34.119043387442446 ] ] ], [ [ [ 132.993618637889881, 34.122024774923489 ], [ 132.995420116645164, 34.113305774841706 ], [ 132.991011388165134, 34.112241919129303 ], [ 132.988981309839687, 34.118777162036452 ], [ 132.993563645246127, 34.122048080854313 ], [ 132.993618637889881, 34.122024774923489 ] ] ], [ [ [ 133.191355668029701, 34.123359108036482 ], [ 133.186191893940872, 34.119898387300793 ], [ 133.187674915564912, 34.116583828880664 ], [ 133.180372801863427, 34.116286108317297 ], [ 133.183837003874714, 34.122254279211688 ], [ 133.191365810583761, 34.123376613340099 ], [ 133.191355668029701, 34.123359108036482 ] ] ], [ [ [ 133.006706549867431, 34.123462720728014 ], [ 133.011507444812764, 34.121393198137639 ], [ 133.006696860571765, 34.123472586290859 ], [ 133.006706549867431, 34.123462720728014 ] ] ], [ [ [ 133.159455032423921, 34.124175026955982 ], [ 133.158631893746929, 34.117937197943377 ], [ 133.15506778155293, 34.122777747595023 ], [ 133.159409780337114, 34.124180054166231 ], [ 133.159455032423921, 34.124175026955982 ] ] ], [ [ [ 132.9818063036181, 34.128908720960737 ], [ 132.983879973881699, 34.127485197583837 ], [ 132.980605939812335, 34.123088666608737 ], [ 132.973416354681035, 34.12211616223118 ], [ 132.975324059557806, 34.127442162325963 ], [ 132.981720026258245, 34.128940360009665 ], [ 132.9818063036181, 34.128908720960737 ] ] ], [ [ [ 132.941781698966338, 34.142220386961355 ], [ 132.955944552599135, 34.123352999841131 ], [ 132.952826523924955, 34.124155973019811 ], [ 132.965225422115623, 34.118450162245267 ], [ 132.969090610243484, 34.107035946152052 ], [ 132.973455810637233, 34.116173053643536 ], [ 132.978589922387073, 34.115857135298597 ], [ 132.980080609832385, 34.103598748083812 ], [ 132.994112437638933, 34.089190802213807 ], [ 132.994992580743087, 34.082293531821108 ], [ 133.006787470865106, 34.065907467755494 ], [ 133.005935446863418, 34.074470946277188 ], [ 133.019431750874674, 34.061139945751961 ], [ 133.020302503257994, 34.06498641359218 ], [ 133.022803410848837, 34.062588613273931 ], [ 133.025096278270667, 34.050019414064764 ], [ 133.032451970881766, 34.053243161642627 ], [ 133.032622244021354, 34.056836892108947 ], [ 133.034267834293132, 34.04904455885935 ], [ 133.030030700056841, 34.045606829291785 ], [ 133.037290116645636, 34.039301586199315 ], [ 133.037878418054561, 34.03284649536954 ], [ 133.046580271662265, 34.0231181978466 ], [ 133.043260777762725, 34.023806467894246 ], [ 133.066591167448451, 33.982666495262606 ], [ 133.041486393782066, 33.977719161909874 ], [ 133.040749441633466, 33.967637494674705 ], [ 133.035511659635404, 33.960128613344864 ], [ 133.024073606112097, 33.962645000066743 ], [ 133.008143891327563, 33.954668892155723 ], [ 133.003599170065741, 33.958092774861711 ], [ 132.986974163327091, 33.955376946389038 ], [ 132.977313061348809, 33.945074161943069 ], [ 132.973268327171581, 33.906521667441041 ], [ 132.964451659816291, 33.906623333100413 ], [ 132.959833061046993, 33.902665000389504 ], [ 132.948479442172584, 33.908344720932178 ], [ 132.936636939243385, 33.901847225269307 ], [ 132.924053332895028, 33.907484720843229 ], [ 132.926797782291828, 33.913980828852232 ], [ 132.92506972778574, 33.927991946171403 ], [ 132.92017111520488, 33.936797495208282 ], [ 132.91061250266489, 33.937891945856677 ], [ 132.887103890732078, 33.951135278670222 ], [ 132.885023060965523, 33.961107775403548 ], [ 132.885737496788124, 33.969606386725445 ], [ 132.889856666951687, 33.97301638659701 ], [ 132.887363605945666, 33.980386945900875 ], [ 132.889815550847061, 33.988399720970392 ], [ 132.885699441975703, 33.992741387005481 ], [ 132.877181388210602, 33.996429441065914 ], [ 132.857969442036165, 33.995680000032053 ], [ 132.842430829819023, 34.005428892029784 ], [ 132.83382778202656, 33.998659999859171 ], [ 132.819483332789673, 34.005428892029784 ], [ 132.820984721267905, 34.008182224929783 ], [ 132.808483021574261, 34.018689107816101 ], [ 132.827587755970171, 34.028958891639604 ], [ 132.832475642337045, 34.03565244130715 ], [ 132.831069533432242, 34.033707359706909 ], [ 132.83485403438624, 34.032892494792861 ], [ 132.837651505112945, 34.038334720570958 ], [ 132.838034085704521, 34.033918721072155 ], [ 132.840559973763789, 34.042073865116834 ], [ 132.854316199832851, 34.044972107576768 ], [ 132.857400636130478, 34.054697693643675 ], [ 132.865086420402008, 34.059217027044213 ], [ 132.870030116896487, 34.056339585903231 ], [ 132.885772243894053, 34.058616279018111 ], [ 132.899956719027386, 34.068398667164786 ], [ 132.911896641017279, 34.062450134765982 ], [ 132.92225038914421, 34.066032054435823 ], [ 132.919576719090401, 34.067904225299799 ], [ 132.921680051693102, 34.072073306038305 ], [ 132.918649753683212, 34.072667387390084 ], [ 132.921805304771055, 34.072647918866437 ], [ 132.922942969642349, 34.082161828805397 ], [ 132.919390466796699, 34.086375559084843 ], [ 132.929247977112482, 34.087513107943607 ], [ 132.931605667667441, 34.092354413925136 ], [ 132.926983191021463, 34.110116694330031 ], [ 132.924470194743776, 34.107514495197847 ], [ 132.920323256213351, 34.111887918992295 ], [ 132.905581724816784, 34.113535774656327 ], [ 132.898507445362384, 34.109267387180239 ], [ 132.894955252782779, 34.112528468314224 ], [ 132.896039273993324, 34.116833828718256 ], [ 132.891388392260524, 34.118357918782976 ], [ 132.914818559928676, 34.121424946004481 ], [ 132.918717860241145, 34.116857613088428 ], [ 132.925087082003301, 34.116688440719031 ], [ 132.928179662561433, 34.123254972838765 ], [ 132.936045421858807, 34.126478721316005 ], [ 132.941821284424805, 34.142400531959026 ], [ 132.941781698966338, 34.142220386961355 ] ] ], [ [ [ 132.935094812375723, 34.145338054107981 ], [ 132.933540168743889, 34.143190332767688 ], [ 132.935096304351077, 34.145342467980583 ], [ 132.935094812375723, 34.145338054107981 ] ] ], [ [ [ 133.008471141130372, 34.146666332984921 ], [ 133.010391140638717, 34.14197069379253 ], [ 133.008464189370898, 34.146667108200518 ], [ 133.008471141130372, 34.146666332984921 ] ] ], [ [ [ 132.997879105036759, 34.158638278933495 ], [ 133.010782750423687, 34.153039494676989 ], [ 133.009391089127575, 34.148044919037829 ], [ 132.989981555604345, 34.151246531602226 ], [ 132.989938105759052, 34.154594918920395 ], [ 132.997862671724988, 34.15865127863367 ], [ 132.997879105036759, 34.158638278933495 ] ] ], [ [ [ 133.108203280557063, 34.160100721371236 ], [ 133.108238327137201, 34.156785054087038 ], [ 133.108193280995238, 34.160107531937115 ], [ 133.108203280557063, 34.160100721371236 ] ] ], [ [ [ 133.080233969222377, 34.172144801941101 ], [ 133.082290921089225, 34.171071972793357 ], [ 133.080079221978622, 34.172708468221288 ], [ 133.080233969222377, 34.172144801941101 ] ] ], [ [ [ 132.942621894185095, 34.190859108261293 ], [ 132.935863995327168, 34.187557748291511 ], [ 132.942601166610643, 34.190860360117597 ], [ 132.942621894185095, 34.190859108261293 ] ] ], [ [ [ 132.905114384021658, 34.194246721309185 ], [ 132.907172775703089, 34.188984081150465 ], [ 132.896969001218508, 34.186171386700209 ], [ 132.896017392588647, 34.189435198175886 ], [ 132.905035058421277, 34.194249386899742 ], [ 132.905114384021658, 34.194246721309185 ] ] ], [ [ [ 133.088343943018572, 34.194868053917617 ], [ 133.094031970599076, 34.192406667034106 ], [ 133.093494747084947, 34.187918532014692 ], [ 133.083651946080522, 34.181793585905325 ], [ 133.082517834430632, 34.186751414346361 ], [ 133.088331529676452, 34.194877225203811 ], [ 133.088343943018572, 34.194868053917617 ] ] ], [ [ [ 133.037033916881796, 34.195289135385337 ], [ 133.068569804552908, 34.191725080747915 ], [ 133.075769364064968, 34.186171278781558 ], [ 133.076140078102185, 34.176953386989283 ], [ 133.083317197730594, 34.169383359854237 ], [ 133.082527301593814, 34.171657640088085 ], [ 133.089593553699615, 34.169934918561694 ], [ 133.092249222024066, 34.173404531793778 ], [ 133.106885447305558, 34.174415721408479 ], [ 133.113537912344896, 34.178598026677662 ], [ 133.110686420242132, 34.16959666735238 ], [ 133.10144102538311, 34.159056891762191 ], [ 133.086805279440114, 34.157260414136829 ], [ 133.079302217623308, 34.14493472076083 ], [ 133.061048028743585, 34.134451667210726 ], [ 133.055525135576659, 34.124549251946462 ], [ 133.045582140203692, 34.120455332947301 ], [ 133.043231556091541, 34.113478747746058 ], [ 133.03744968875219, 34.11295941444547 ], [ 133.035271971424436, 34.107557414443193 ], [ 133.014734695250013, 34.109402081341045 ], [ 133.013066004992197, 34.11403897322009 ], [ 133.020724475054521, 34.119015747678645 ], [ 133.023127082249061, 34.125416306317561 ], [ 133.014537107901219, 34.127270495237212 ], [ 133.019430558373642, 34.136245251717071 ], [ 133.015225331184183, 34.142154945994037 ], [ 133.023244423091683, 34.147732278721719 ], [ 133.026537276374256, 34.158236162369064 ], [ 133.033652698013611, 34.156051828728948 ], [ 133.033479636975699, 34.151034558697972 ], [ 133.038015135689989, 34.151767107765863 ], [ 133.034437496793089, 34.147661558734001 ], [ 133.041039196002203, 34.149957251825754 ], [ 133.034693747818324, 34.170929531872446 ], [ 133.026592438090574, 34.172366305860351 ], [ 133.020620078154138, 34.179232748392678 ], [ 133.027946252317747, 34.185754360275553 ], [ 133.029827639434075, 34.193112107837578 ], [ 133.037028106362072, 34.195301027120763 ], [ 133.037033916881796, 34.195289135385337 ] ] ], [ [ [ 133.075791724808369, 34.196226279319376 ], [ 133.077056251644763, 34.19317364035129 ], [ 133.072069558563385, 34.195853162293645 ], [ 133.075782775654602, 34.196232026886605 ], [ 133.075791724808369, 34.196226279319376 ] ] ], [ [ [ 132.873179637130647, 34.197368440800972 ], [ 132.88221094657797, 34.191084775142315 ], [ 132.891500829999359, 34.192140332810141 ], [ 132.894072554704735, 34.184518054164926 ], [ 132.883980440944697, 34.184466468153062 ], [ 132.880369415616087, 34.174678161567954 ], [ 132.861330337125423, 34.193317333128448 ], [ 132.873161114693744, 34.197366919148067 ], [ 132.873179637130647, 34.197368440800972 ] ] ], [ [ [ 132.923846419576648, 34.202069386892731 ], [ 132.933208781160374, 34.182824666725026 ], [ 132.918206589362626, 34.186865639937366 ], [ 132.917738366332628, 34.189231053870117 ], [ 132.922511051344031, 34.188117360427896 ], [ 132.919088443876603, 34.198501585679708 ], [ 132.923826692947614, 34.202081278628157 ], [ 132.923846419576648, 34.202069386892731 ] ] ], [ [ [ 132.936489493595332, 34.205575197837163 ], [ 132.937725278998528, 34.20068530598212 ], [ 132.932267172991715, 34.199026892277288 ], [ 132.930681505447183, 34.200945026591739 ], [ 132.936480998599222, 34.205580027196561 ], [ 132.936489493595332, 34.205575197837163 ] ] ], [ [ [ 133.107815161940266, 34.241666666983122 ], [ 133.11149771664634, 34.233614053745612 ], [ 133.106649663051599, 34.231594748398948 ], [ 133.110149637395921, 34.227228306041525 ], [ 133.107414889885376, 34.221099278808708 ], [ 133.133393281175017, 34.214430721300801 ], [ 133.140554616802206, 34.220871279086339 ], [ 133.138141777121405, 34.210742559321716 ], [ 133.131631024552235, 34.21266086540669 ], [ 133.124303721739466, 34.205882891882027 ], [ 133.122523411226553, 34.208166721117323 ], [ 133.11730189436696, 34.205662162278998 ], [ 133.119226056837078, 34.20257446773752 ], [ 133.121972386716379, 34.205514468418016 ], [ 133.126415252561969, 34.195345945558984 ], [ 133.114350894977861, 34.194588972703002 ], [ 133.109597950984721, 34.190953973247304 ], [ 133.096763385222062, 34.204609414093227 ], [ 133.081423695846979, 34.192684080905678 ], [ 133.069703774109939, 34.209203802213779 ], [ 133.059775836985295, 34.206455640415527 ], [ 133.055630725877336, 34.208775613403873 ], [ 133.05387739322714, 34.212152531714025 ], [ 133.057290000233365, 34.215413360138484 ], [ 133.067049416097689, 34.218892413554101 ], [ 133.058942970341832, 34.227492918963094 ], [ 133.06418452679452, 34.235302720644086 ], [ 133.070457224321558, 34.236787306189285 ], [ 133.072771361609171, 34.23122408112647 ], [ 133.079541894143176, 34.229721467771583 ], [ 133.093303774249875, 34.238300775260598 ], [ 133.102406887368033, 34.23557922530108 ], [ 133.107818171071813, 34.241667586090273 ], [ 133.107815161940266, 34.241666666983122 ] ] ], [ [ [ 132.949818054259822, 34.249421108197623 ], [ 132.957427108374418, 34.243162252136301 ], [ 132.944531698978835, 34.24183327898271 ], [ 132.949808910852653, 34.249425387171925 ], [ 132.949818054259822, 34.249421108197623 ] ] ], [ [ [ 132.952412412203103, 34.252412693990664 ], [ 132.952911660045174, 34.249420081171877 ], [ 132.952374617294822, 34.252428918659746 ], [ 132.952412412203103, 34.252412693990664 ] ] ], [ [ [ 133.027376589358141, 34.29530466737657 ], [ 133.029616004674949, 34.294463829142444 ], [ 133.02736639374416, 34.295286162026798 ], [ 133.027376589358141, 34.29530466737657 ] ] ], [ [ [ 132.975338222980668, 34.297630973390767 ], [ 132.972746161006626, 34.295107559366443 ], [ 132.975302866134484, 34.297656694001262 ], [ 132.975338222980668, 34.297630973390767 ] ] ], [ [ [ 133.011523086721127, 34.299676225077803 ], [ 133.029805939692437, 34.2931873332289 ], [ 133.035253942715372, 34.285722026750193 ], [ 133.036057367353692, 34.27710930584982 ], [ 133.044781439611825, 34.266986559382246 ], [ 133.041702528748715, 34.269323134754927 ], [ 133.044212282970534, 34.261597279390969 ], [ 133.057490336809678, 34.257968053582886 ], [ 133.051642723632881, 34.241316080672618 ], [ 133.05238128376925, 34.227220829078078 ], [ 133.058541777381151, 34.220027305815563 ], [ 133.032604915884235, 34.208497080775714 ], [ 133.020204773031878, 34.211155027082896 ], [ 133.000474500797623, 34.209333613055833 ], [ 132.991942724277351, 34.201444386849005 ], [ 132.963066783005729, 34.191345360000412 ], [ 132.948447716788792, 34.192914333429769 ], [ 132.951033307241346, 34.204015694268946 ], [ 132.941214034300287, 34.204362748042456 ], [ 132.954116251563846, 34.222948359579163 ], [ 132.965474941715229, 34.21940355942678 ], [ 132.965393061140958, 34.223517440677369 ], [ 132.962114616796157, 34.223444225070978 ], [ 132.964151751202394, 34.227573802189283 ], [ 132.980611440066014, 34.228704494616807 ], [ 132.981946251618297, 34.224196586203561 ], [ 132.990576692760214, 34.224980973093466 ], [ 132.990133553620694, 34.236754224627816 ], [ 132.994287392649085, 34.243434054238264 ], [ 132.987154968427149, 34.248007667120191 ], [ 132.995482502615459, 34.247430252004563 ], [ 132.995027133595386, 34.25199535999792 ], [ 132.989072826649704, 34.252341251847326 ], [ 132.991268053777731, 34.260787531619314 ], [ 132.986795616424615, 34.263387225240308 ], [ 132.971671479255406, 34.257960892281403 ], [ 132.964471440404736, 34.264077802048973 ], [ 132.970463306636361, 34.270361892187623 ], [ 132.984742191698842, 34.269742774609426 ], [ 132.985454577966493, 34.279979386939203 ], [ 132.980659221945643, 34.28642655923835 ], [ 132.984104501321781, 34.290495000443968 ], [ 132.996177977131993, 34.289257161888543 ], [ 133.011342334681103, 34.299710026996195 ], [ 133.011523086721127, 34.299676225077803 ] ] ] ] } },
{ "type": "Feature", "properties": { "regioncode": "3820300", "regionname": "愛媛県宇和島市", "name": "宇和島市", "namekana": "うわじまし", "PrefCode": "38" }, "geometry": { "type": "MultiPolygon", "coordinates": [ [ [ [ 132.332468974863332, 33.109608054168405 ], [ 132.336743280777796, 33.106051748089726 ], [ 132.317811828653021, 33.102404891972242 ], [ 132.319749274109768, 33.107934162231857 ], [ 132.332453773622774, 33.10961289162168 ], [ 132.332468974863332, 33.109608054168405 ] ] ], [ [ [ 132.422166135358907, 33.113800305939435 ], [ 132.426720337273764, 33.111351945735748 ], [ 132.4161778340399, 33.110999414191667 ], [ 132.418418326744472, 33.106049134659884 ], [ 132.415007587630157, 33.102345559200273 ], [ 132.407955253432306, 33.105537441100068 ], [ 132.411599104914785, 33.110400775075789 ], [ 132.42207153027698, 33.113811721034153 ], [ 132.422166135358907, 33.113800305939435 ] ] ], [ [ [ 132.440042243854577, 33.138093586250079 ], [ 132.43636182863554, 33.137983747551971 ], [ 132.440041698865343, 33.13814186455545 ], [ 132.440042243854577, 33.138093586250079 ] ] ], [ [ [ 132.338902335374542, 33.16152216211816 ], [ 132.345265473223094, 33.159455054207456 ], [ 132.322375940197503, 33.152726413892935 ], [ 132.338871440064963, 33.161572694124573 ], [ 132.338902335374542, 33.16152216211816 ] ] ], [ [ [ 132.308952633257491, 33.16385164004123 ], [ 132.311638781404667, 33.163303999679897 ], [ 132.305014838364173, 33.156921828579584 ], [ 132.305448716285241, 33.152855441425515 ], [ 132.315061634387007, 33.152086027348332 ], [ 132.310339339289158, 33.147989225122672 ], [ 132.292898755373358, 33.154315053696848 ], [ 132.287010143003727, 33.160454198302659 ], [ 132.289376252112447, 33.162828225042631 ], [ 132.293173800430623, 33.158442225128624 ], [ 132.297104254158057, 33.161586414181727 ], [ 132.30186530464016, 33.158887865282793 ], [ 132.308947561980517, 33.163851586081876 ], [ 132.308952633257491, 33.16385164004123 ] ] ], [ [ [ 132.397087198315603, 33.167582919116455 ], [ 132.396068418422828, 33.162262252001369 ], [ 132.392227276367748, 33.163621613246903 ], [ 132.397032917934894, 33.16761194563486 ], [ 132.397087198315603, 33.167582919116455 ] ] ], [ [ [ 132.403373695939422, 33.183431891868395 ], [ 132.407290467381245, 33.182900747771328 ], [ 132.398597562027931, 33.178294666665579 ], [ 132.398944668861418, 33.182319945808899 ], [ 132.403359196170072, 33.183436053930791 ], [ 132.403373695939422, 33.183431891868395 ] ] ], [ [ [ 132.263391829069747, 33.184673585817393 ], [ 132.266748884953131, 33.181355775448708 ], [ 132.266313358574735, 33.17360344134579 ], [ 132.269359143809538, 33.172746134726367 ], [ 132.271498638151684, 33.17826038720716 ], [ 132.27747739316726, 33.171308613401834 ], [ 132.281458520993965, 33.176580585825434 ], [ 132.28599605667273, 33.173491332758829 ], [ 132.294478170830985, 33.180039775015643 ], [ 132.296269999860669, 33.171614864934099 ], [ 132.293161659583006, 33.172206305876387 ], [ 132.289914838099321, 33.162899945975767 ], [ 132.282152192369836, 33.169386027443238 ], [ 132.266040726398501, 33.168342694259991 ], [ 132.262549442203067, 33.174124252232502 ], [ 132.264628716142397, 33.182248413733362 ], [ 132.261019831200315, 33.184183747581926 ], [ 132.263372944206026, 33.184676026577392 ], [ 132.263391829069747, 33.184673585817393 ] ] ], [ [ [ 132.368410116933433, 33.187320667414895 ], [ 132.374167445371427, 33.182200999676468 ], [ 132.368913943224015, 33.181098721328965 ], [ 132.368222826822034, 33.187358494698799 ], [ 132.368410116933433, 33.187320667414895 ] ] ], [ [ [ 132.270798560005574, 33.188209134643898 ], [ 132.272906835282242, 33.186374414247894 ], [ 132.270803410948702, 33.188210972858144 ], [ 132.270798560005574, 33.188209134643898 ] ] ], [ [ [ 132.261710803710685, 33.190705586093998 ], [ 132.270610337297285, 33.189392081279607 ], [ 132.261658858869282, 33.1907079728947 ], [ 132.261710803710685, 33.190705586093998 ] ] ], [ [ [ 132.499282865911596, 33.208333333316716 ], [ 132.5007674451615, 33.204483359919152 ], [ 132.499255136215652, 33.208357829050613 ], [ 132.499282865911596, 33.208333333316716 ] ] ], [ [ [ 132.435632723971139, 33.213974161778197 ], [ 132.438644994171227, 33.2150154678896 ], [ 132.436153747997082, 33.214113161892953 ], [ 132.435632723971139, 33.213974161778197 ] ] ], [ [ [ 132.491480777715765, 33.220154802002583 ], [ 132.488104552782943, 33.215051585562264 ], [ 132.47722474712441, 33.21402789177381 ], [ 132.483473994829069, 33.219515694293932 ], [ 132.485284227585112, 33.21663827923328 ], [ 132.491467134101072, 33.220154694083931 ], [ 132.491480777715765, 33.220154802002583 ] ] ], [ [ [ 132.511775188374259, 33.220448332624528 ], [ 132.516275499314929, 33.219172387096023 ], [ 132.511767911959623, 33.220456747580897 ], [ 132.511775188374259, 33.220448332624528 ] ] ], [ [ [ 132.375059143864405, 33.221628467979485 ], [ 132.380140998708157, 33.218158081330444 ], [ 132.382564942318254, 33.208698558791525 ], [ 132.361228521379189, 33.202574081228931 ], [ 132.362705253145009, 33.197604999571126 ], [ 132.359221025030365, 33.197334387272178 ], [ 132.363064578167837, 33.196872413631013 ], [ 132.360664254351946, 33.193992279020506 ], [ 132.365273942638396, 33.189944225445686 ], [ 132.363703579756475, 33.187812279113416 ], [ 132.357600363066354, 33.189212892261196 ], [ 132.354310661008299, 33.203809864833431 ], [ 132.341028106062254, 33.206537666879854 ], [ 132.348530467307228, 33.208617612612784 ], [ 132.356060025849615, 33.204652305659408 ], [ 132.365518884688868, 33.207739666552413 ], [ 132.365997807852636, 33.212319386730371 ], [ 132.377382048642744, 33.217702080986328 ], [ 132.375045447189677, 33.221634080648357 ], [ 132.375059143864405, 33.221628467979485 ] ] ], [ [ [ 132.361902282664232, 33.232020225053418 ], [ 132.364457276382268, 33.223760252433749 ], [ 132.355778780866103, 33.229029918995593 ], [ 132.36188758774199, 33.232021639686991 ], [ 132.361902282664232, 33.232020225053418 ] ] ], [ [ [ 132.479461751358826, 33.238194667150196 ], [ 132.485515694193964, 33.235520306417072 ], [ 132.479431336287234, 33.238174359559082 ], [ 132.479461751358826, 33.238194667150196 ] ] ], [ [ [ 132.517750946848764, 33.241158107760498 ], [ 132.526380557916468, 33.23836219825688 ], [ 132.533927860082713, 33.223995828944396 ], [ 132.519750143354486, 33.217924918600147 ], [ 132.507795422121148, 33.228403360426796 ], [ 132.517676938939644, 33.241163386780954 ], [ 132.517750946848764, 33.241158107760498 ] ] ], [ [ [ 132.523819727598379, 33.335931108433954 ], [ 132.53568416319365, 33.328296107979043 ], [ 132.553727497026443, 33.324363612790535 ], [ 132.575774721426342, 33.329508892321599 ], [ 132.600267224053255, 33.326527774637157 ], [ 132.609291659982205, 33.331779161579107 ], [ 132.643398612256192, 33.327225000133694 ], [ 132.656129728104588, 33.332389721208699 ], [ 132.668088612299698, 33.323092225026244 ], [ 132.665165278754671, 33.306851108292051 ], [ 132.673036939403346, 33.28604805367479 ], [ 132.672057224261607, 33.275733333426672 ], [ 132.6674680540076, 33.275171386650243 ], [ 132.665874720641909, 33.280696386928753 ], [ 132.659939441552069, 33.283398613155498 ], [ 132.653948053759791, 33.274796107654311 ], [ 132.639344448687439, 33.273337224733211 ], [ 132.636324993803441, 33.277765278744653 ], [ 132.620741387604994, 33.278750279202086 ], [ 132.619214720982654, 33.264217494841546 ], [ 132.616337781663333, 33.260869441171849 ], [ 132.608145837360553, 33.261428332951255 ], [ 132.601727223932357, 33.25199610843373 ], [ 132.603679727637427, 33.245724161840656 ], [ 132.609244994161259, 33.246388613343868 ], [ 132.607985551192314, 33.242341666834534 ], [ 132.612763606055637, 33.235653612923954 ], [ 132.615088054070497, 33.220241108140669 ], [ 132.612265279119356, 33.203040278985725 ], [ 132.626027497371183, 33.20277666700963 ], [ 132.634522775805522, 33.207417774910425 ], [ 132.637093333190819, 33.212918053725275 ], [ 132.653451387871314, 33.214208332648468 ], [ 132.659501945658349, 33.213328891914898 ], [ 132.668583891433514, 33.204867775127752 ], [ 132.641438054222931, 33.186412774829762 ], [ 132.620449441588562, 33.18178194617991 ], [ 132.619485279322248, 33.173465828884957 ], [ 132.61486499432408, 33.169289441154831 ], [ 132.632294994118752, 33.149244441277972 ], [ 132.628957496691214, 33.132917774735574 ], [ 132.637475551355692, 33.132391666842011 ], [ 132.646156939091497, 33.115999440621749 ], [ 132.663848611923981, 33.108486387336939 ], [ 132.669311388110145, 33.092391946431235 ], [ 132.666654163059206, 33.080726108123429 ], [ 132.669502217953095, 33.071183053854895 ], [ 132.657673891037348, 33.057057495107358 ], [ 132.637423605615027, 33.063471666784039 ], [ 132.619101388418358, 33.0508430538639 ], [ 132.598024162884826, 33.054777495185306 ], [ 132.586307496693735, 33.047488891998796 ], [ 132.578146108656028, 33.04748055888075 ], [ 132.574422775990342, 33.041907495234796 ], [ 132.564013332849072, 33.039970000315293 ], [ 132.545087496990504, 33.043283332959504 ], [ 132.53350916991235, 33.035590559157015 ], [ 132.519367223718518, 33.041482224724916 ], [ 132.506336939398352, 33.038963891870139 ], [ 132.503030271629768, 33.044004440852291 ], [ 132.493908611793017, 33.044441107571117 ], [ 132.481219442123574, 33.053020828748288 ], [ 132.470389727803763, 33.055458612924724 ], [ 132.434353060645321, 33.052122774746294 ], [ 132.422146394340643, 33.059990278728435 ], [ 132.410054449153563, 33.060159999684288 ], [ 132.402750558391631, 33.055444721097047 ], [ 132.40611972814304, 33.044231386569265 ], [ 132.397131114909143, 33.025266108244352 ], [ 132.378587275982113, 33.022879026945589 ], [ 132.397361828785392, 33.029205693687857 ], [ 132.398669882808917, 33.035976162370048 ], [ 132.394960778317341, 33.038795694365831 ], [ 132.397292944314017, 33.041643000124395 ], [ 132.402189467769745, 33.039079891823576 ], [ 132.404901284366815, 33.046305946262464 ], [ 132.403518249367721, 33.051421828754428 ], [ 132.396949558875122, 33.054285225183037 ], [ 132.406476355199743, 33.06221264020121 ], [ 132.40366875540883, 33.069381585891506 ], [ 132.415808664138581, 33.071939053644485 ], [ 132.412407276174918, 33.064753467798369 ], [ 132.417405226969663, 33.062242027347736 ], [ 132.425250726339982, 33.067280387380038 ], [ 132.428887081973357, 33.062068387146383 ], [ 132.42588766488393, 33.058427972872721 ], [ 132.433411051378926, 33.052855251868436 ], [ 132.443952218220375, 33.05717833341339 ], [ 132.443806589202836, 33.065498747669096 ], [ 132.447413061263774, 33.06584705419823 ], [ 132.449101388218537, 33.055339198245463 ], [ 132.456546640714919, 33.056854919219177 ], [ 132.462097197927392, 33.062653585894338 ], [ 132.472280764645689, 33.060187568401602 ], [ 132.478661388012711, 33.064926559413266 ], [ 132.47960836603329, 33.056563973248842 ], [ 132.482834227917351, 33.055913495411517 ], [ 132.482381284368898, 33.063171027021326 ], [ 132.48885832675046, 33.06512600026474 ], [ 132.479698300935866, 33.071008721175588 ], [ 132.486208807090861, 33.076093306361031 ], [ 132.479395863428408, 33.075936225376552 ], [ 132.477972502828834, 33.084577053688122 ], [ 132.472445472780464, 33.081388305925657 ], [ 132.475067496567817, 33.07878122527336 ], [ 132.47237785995037, 33.069965000384514 ], [ 132.469998002905527, 33.07605735955957 ], [ 132.461515940008667, 33.076090495080336 ], [ 132.470578884907695, 33.0816031980292 ], [ 132.467108366058255, 33.086311586010936 ], [ 132.461402218037961, 33.085877027303013 ], [ 132.462810389088304, 33.093345639689574 ], [ 132.46841992204179, 33.089727161679207 ], [ 132.4813657195524, 33.097348333259049 ], [ 132.47092061019805, 33.099381414420805 ], [ 132.475340699813501, 33.106338387206847 ], [ 132.465597327854425, 33.111550748068623 ], [ 132.467032308594185, 33.118027667243098 ], [ 132.459876860828558, 33.122698441080217 ], [ 132.449546887179167, 33.121510945673663 ], [ 132.446636615387547, 33.124179198211493 ], [ 132.469180726009768, 33.126771612719779 ], [ 132.473333086552771, 33.12109061334121 ], [ 132.468602970051052, 33.117423667268497 ], [ 132.470556200408396, 33.114729891970967 ], [ 132.474089222139924, 33.121169413737505 ], [ 132.482345447284615, 33.119424558996229 ], [ 132.48386105134648, 33.124813802115341 ], [ 132.491096641297077, 33.120318000375448 ], [ 132.499164383829338, 33.120378531943743 ], [ 132.502832386605405, 33.129740414188802 ], [ 132.496109805023593, 33.127697441383873 ], [ 132.500310895331609, 33.137105054154972 ], [ 132.485535058396295, 33.137039332599159 ], [ 132.477955447186218, 33.141916748159474 ], [ 132.478307807859096, 33.136267946308749 ], [ 132.474886615025298, 33.13497049529218 ], [ 132.471442892375649, 33.141434666576629 ], [ 132.459893061215894, 33.137464441231032 ], [ 132.453371050933356, 33.142541386675703 ], [ 132.456190000168476, 33.136585612935733 ], [ 132.453559857301684, 33.132953027260442 ], [ 132.444556782969244, 33.135606973383176 ], [ 132.440668197179662, 33.138069774900259 ], [ 132.444128521314269, 33.143075225141558 ], [ 132.440660532257766, 33.145300864643218 ], [ 132.44381533061312, 33.143149162004249 ], [ 132.442992438350416, 33.148641224612902 ], [ 132.424825720230842, 33.156095802179607 ], [ 132.428413332609239, 33.15877482859554 ], [ 132.433298754833686, 33.153644973336895 ], [ 132.435528079757091, 33.167286559227364 ], [ 132.431622191910719, 33.169632027096441 ], [ 132.44294661519416, 33.167942108341663 ], [ 132.449469299968314, 33.176530972926116 ], [ 132.450029222370745, 33.171918000315486 ], [ 132.456105863195148, 33.171352360023434 ], [ 132.457327638959441, 33.167967441344388 ], [ 132.464015031868257, 33.170215532420912 ], [ 132.457639442006666, 33.179046080812043 ], [ 132.447030467182344, 33.184749639684185 ], [ 132.447911505111961, 33.192605748356641 ], [ 132.438417445009122, 33.185325586206886 ], [ 132.435828832834432, 33.19757646767988 ], [ 132.421632114330691, 33.208741495123945 ], [ 132.414760584333521, 33.203912053898193 ], [ 132.403088366235124, 33.204676161975328 ], [ 132.403501335818078, 33.200133359866697 ], [ 132.409209390401088, 33.199868639925853 ], [ 132.40741333275912, 33.195728162125022 ], [ 132.418572308665148, 33.196978279124323 ], [ 132.415745357262495, 33.188836559259869 ], [ 132.407320311383273, 33.18945616157265 ], [ 132.399619922121815, 33.184747108092608 ], [ 132.395381698806432, 33.187327162318752 ], [ 132.398710558245739, 33.195024162035509 ], [ 132.389347249675893, 33.198533531597263 ], [ 132.394715252606829, 33.206720080867115 ], [ 132.412062801657044, 33.206552612712983 ], [ 132.420232308774075, 33.214949865044275 ], [ 132.4274981447237, 33.208698414000651 ], [ 132.434013943388891, 33.21014453194465 ], [ 132.436509973956163, 33.205846694369484 ], [ 132.443684916325878, 33.204899585947203 ], [ 132.446615966054082, 33.200593251577345 ], [ 132.458561893716478, 33.210709801716007 ], [ 132.462250220271471, 33.207361387418132 ], [ 132.45458367069989, 33.203684585675148 ], [ 132.460422308642706, 33.20102508084284 ], [ 132.456540531620249, 33.198561495116962 ], [ 132.459949688827123, 33.196019639594738 ], [ 132.454329611322578, 33.192530919366504 ], [ 132.460659222445202, 33.191915801972755 ], [ 132.457012969772791, 33.190294495194848 ], [ 132.457217302036952, 33.186079558924575 ], [ 132.460675031627488, 33.181714918808495 ], [ 132.4651928919385, 33.182113467762406 ], [ 132.465346550103277, 33.177671252126629 ], [ 132.469267133771268, 33.179601162163976 ], [ 132.471371309938036, 33.176386747750257 ], [ 132.475917004266421, 33.183694225008537 ], [ 132.482737224343509, 33.18586699966238 ], [ 132.485306278062353, 33.182001639763939 ], [ 132.478992113695199, 33.176287891572997 ], [ 132.485425576729085, 33.175685999609243 ], [ 132.477041114555846, 33.170014640063641 ], [ 132.489172750422199, 33.164858135194834 ], [ 132.490539415961393, 33.171165333413455 ], [ 132.49299639436822, 33.168335495187023 ], [ 132.497157690575023, 33.171803387116654 ], [ 132.492705058092042, 33.184592386929182 ], [ 132.504721362201167, 33.179926775200556 ], [ 132.500899494416217, 33.17027353239763 ], [ 132.5153843835825, 33.170909999696789 ], [ 132.509521945981078, 33.176305494902692 ], [ 132.510417977407769, 33.187249054400411 ], [ 132.507946394010901, 33.189723494943394 ], [ 132.504358392226095, 33.187642387286417 ], [ 132.508493280740367, 33.194148135128387 ], [ 132.500141388414363, 33.190545558930467 ], [ 132.492447367252225, 33.192736386575007 ], [ 132.488254501244342, 33.19826538703802 ], [ 132.491126328817131, 33.200566558799721 ], [ 132.490444968260704, 33.196380197588098 ], [ 132.502562334584127, 33.194159305607513 ], [ 132.505810558110852, 33.197652946026665 ], [ 132.499960972720828, 33.204367747573542 ], [ 132.503403554130728, 33.20267253181197 ], [ 132.504422438344932, 33.207236558820171 ], [ 132.508600752422808, 33.206302828712637 ], [ 132.515543086943921, 33.216346693844912 ], [ 132.518227588432524, 33.212976441309763 ], [ 132.531154448918755, 33.214177054227719 ], [ 132.532205057617375, 33.217446413621133 ], [ 132.543905525219884, 33.213832774862738 ], [ 132.539581309629853, 33.226974945637267 ], [ 132.543916200172589, 33.226913891562901 ], [ 132.546497782346819, 33.221184135439557 ], [ 132.557692892113323, 33.220192269557629 ], [ 132.550623799948426, 33.225280945759096 ], [ 132.553635097082179, 33.227221567621314 ], [ 132.550206251917075, 33.225770305555216 ], [ 132.551300169267506, 33.230249306160601 ], [ 132.555212930632251, 33.230279955055948 ], [ 132.551905823994616, 33.231668359906962 ], [ 132.55267644586138, 33.23619793658554 ], [ 132.546204331764557, 33.232980081365724 ], [ 132.538763839379726, 33.235121440901821 ], [ 132.532755473286556, 33.239535774856165 ], [ 132.532979416167223, 33.244330612867543 ], [ 132.523005473324019, 33.245091918657181 ], [ 132.520074916424278, 33.248668865076127 ], [ 132.52328007771348, 33.252906693589068 ], [ 132.540842607000741, 33.258595532357958 ], [ 132.542700725957843, 33.270854747848375 ], [ 132.537505720212835, 33.27237761303644 ], [ 132.53829708224464, 33.266730224919968 ], [ 132.527160610074134, 33.262021693946053 ], [ 132.513052892077326, 33.265409225155679 ], [ 132.515548053899579, 33.260188693953125 ], [ 132.509216109036288, 33.259173225364123 ], [ 132.503815966133971, 33.261205667107902 ], [ 132.500948145040979, 33.270137891950185 ], [ 132.487726109072696, 33.26939835964663 ], [ 132.487404331644598, 33.273694332927164 ], [ 132.483010610151609, 33.274915251637594 ], [ 132.475738781119958, 33.269841747898397 ], [ 132.483947496879523, 33.266030081123404 ], [ 132.476323359335652, 33.262881999804506 ], [ 132.473951219373362, 33.255046359701794 ], [ 132.467778366378525, 33.254356864777549 ], [ 132.474943579882392, 33.266653162013881 ], [ 132.472613580352458, 33.27238913515049 ], [ 132.483731854741336, 33.281859251703168 ], [ 132.482382360857287, 33.289477531962575 ], [ 132.502070700402555, 33.302247162176855 ], [ 132.503802632785323, 33.299851774739636 ], [ 132.508122671923843, 33.306098613160543 ], [ 132.523697716576407, 33.304137305991958 ], [ 132.5281559140642, 33.306583586063709 ], [ 132.526371219356406, 33.313044278770519 ], [ 132.514857496876061, 33.318654747918345 ], [ 132.497952503305441, 33.313164161996554 ], [ 132.507164448780372, 33.334829440726139 ], [ 132.523500829799559, 33.336020251933121 ], [ 132.523819727598379, 33.335931108433954 ] ] ] ] } },
{ "type": "Feature", "properties": { "regioncode": "3820400", "regionname": "愛媛県八幡浜市", "name": "八幡浜市", "namekana": "やわたはまし", "PrefCode": "38" }, "geometry": { "type": "MultiPolygon", "coordinates": [ [ [ [ 132.343674059909972, 33.380888134779639 ], [ 132.346523450297013, 33.377941613115013 ], [ 132.367954616612337, 33.376832161774871 ], [ 132.358146719195815, 33.368768225173483 ], [ 132.35539863833651, 33.373787864918086 ], [ 132.348368197234549, 33.372662054010618 ], [ 132.343636666998691, 33.380855467805645 ], [ 132.343674059909972, 33.380888134779639 ] ] ], [ [ [ 132.341997275753783, 33.396037080646806 ], [ 132.346385746105398, 33.395111946259362 ], [ 132.340397249633384, 33.38664274816432 ], [ 132.342629000927673, 33.380620640430266 ], [ 132.335535836609665, 33.391298026682648 ], [ 132.341980777690765, 33.396041251702457 ], [ 132.341997275753783, 33.396037080646806 ] ] ], [ [ [ 132.33963924795296, 33.400551162006593 ], [ 132.337775161994159, 33.398370333024502 ], [ 132.339621828984264, 33.400551027108293 ], [ 132.33963924795296, 33.400551162006593 ] ] ], [ [ [ 132.368454994002832, 33.440485278672725 ], [ 132.370831025331654, 33.439313801990409 ], [ 132.357620220097147, 33.438953494907935 ], [ 132.368448612413545, 33.440488802216521 ], [ 132.368454994002832, 33.440485278672725 ] ] ], [ [ [ 132.425333501739829, 33.551612449854701 ], [ 132.429463605860747, 33.550907494685191 ], [ 132.428109170202106, 33.539955558901966 ], [ 132.43734499357663, 33.533813054428947 ], [ 132.449289170259021, 33.535685828738053 ], [ 132.455115837326048, 33.531256666761806 ], [ 132.465763606205542, 33.534954440694946 ], [ 132.47021055767118, 33.525641108350499 ], [ 132.482353891019329, 33.520296108278842 ], [ 132.479093605785351, 33.506537775098309 ], [ 132.466673060913081, 33.501820829167968 ], [ 132.461575550671228, 33.489046107891625 ], [ 132.469283890838938, 33.481913892312321 ], [ 132.488172776252668, 33.481190558597461 ], [ 132.486260000099037, 33.476198332886781 ], [ 132.498736667163485, 33.467870558579477 ], [ 132.496101659863825, 33.461859721149267 ], [ 132.50198666685128, 33.448594441280477 ], [ 132.488240829750566, 33.442562494963227 ], [ 132.482555837382051, 33.425614720642898 ], [ 132.4764213881366, 33.420694440695911 ], [ 132.482580271962092, 33.407782775154999 ], [ 132.451523891114789, 33.4010894413247 ], [ 132.450452776074826, 33.408247224629747 ], [ 132.430981659675922, 33.408044162208398 ], [ 132.423994163000316, 33.41778666722098 ], [ 132.410703605886738, 33.408556107578363 ], [ 132.409181659805768, 33.398511666879983 ], [ 132.397750829637175, 33.387396108443681 ], [ 132.37884344966551, 33.384807972909698 ], [ 132.3804545527355, 33.38910508113463 ], [ 132.396811218862695, 33.399302251897439 ], [ 132.389451244579391, 33.404527000021062 ], [ 132.393550699805019, 33.406642972595137 ], [ 132.394122917738514, 33.413272558881545 ], [ 132.386156848060182, 33.417643774840371 ], [ 132.379174188837851, 33.416238747819989 ], [ 132.396687250016612, 33.429835775001095 ], [ 132.405861945572383, 33.424605639938363 ], [ 132.404047755799411, 33.430929305643019 ], [ 132.416209624174826, 33.442864350609341 ], [ 132.382179727612424, 33.44255261321257 ], [ 132.408219053366679, 33.446573107962593 ], [ 132.410909339294676, 33.45194236005193 ], [ 132.417438327416903, 33.452074440782894 ], [ 132.414316393886565, 33.458820054002331 ], [ 132.421152969933701, 33.462990694165228 ], [ 132.406404475086561, 33.456083441297835 ], [ 132.403631829245569, 33.459571801797267 ], [ 132.390294111683943, 33.458838413661908 ], [ 132.391760778237426, 33.454973026783819 ], [ 132.387252776294645, 33.459688026581205 ], [ 132.389291024960926, 33.466799000173751 ], [ 132.391928715837594, 33.469113865012901 ], [ 132.40028055780158, 33.465346053677479 ], [ 132.401998911320788, 33.471198721044175 ], [ 132.396246782762887, 33.473401891883839 ], [ 132.396995187777748, 33.47683058596283 ], [ 132.394447742969078, 33.474330594781179 ], [ 132.390211829112673, 33.477047640036631 ], [ 132.378974526753041, 33.469411045083689 ], [ 132.378122554912011, 33.459185107706617 ], [ 132.373126861415585, 33.460500892302377 ], [ 132.371972580670104, 33.469795332588603 ], [ 132.377125278708718, 33.477202774888212 ], [ 132.37464444938189, 33.488785279317256 ], [ 132.377021659721891, 33.491100279054706 ], [ 132.357290194986604, 33.516122919437237 ], [ 132.375696354902971, 33.522552919181919 ], [ 132.38494944166348, 33.53080882866459 ], [ 132.389344527428079, 33.528330162207283 ], [ 132.394453645219642, 33.535731495412222 ], [ 132.40254894927466, 33.539244080949629 ], [ 132.402387522766048, 33.542713613242711 ], [ 132.405569780121368, 33.540418225021142 ], [ 132.417643410615028, 33.544489251777577 ], [ 132.425330777693262, 33.551601747922405 ], [ 132.425333501739829, 33.551612449854701 ] ] ] ] } },
{ "type": "Feature", "properties": { "regioncode": "3820500", "regionname": "愛媛県新居浜市", "name": "新居浜市", "namekana": "にいはまし", "PrefCode": "38" }, "geometry": { "type": "MultiPolygon", "coordinates": [ [ [ [ 133.321362217892101, 33.994360558792778 ], [ 133.328616589284252, 33.990570053964859 ], [ 133.333967782087484, 33.993054198192738 ], [ 133.332994694949321, 33.983738693985572 ], [ 133.328491971127619, 33.981615918939553 ], [ 133.339923606189586, 33.981231973177046 ], [ 133.336038144644704, 33.992424440735419 ], [ 133.341204449425845, 33.992741387005481 ], [ 133.350444968160787, 33.984912107807588 ], [ 133.346974280238896, 33.981884891774371 ], [ 133.351533086682707, 33.98353697335267 ], [ 133.35627963739546, 33.979197972908196 ], [ 133.388804980765258, 33.985832350782403 ], [ 133.391709999616864, 33.981399161642059 ], [ 133.379682503444883, 33.970201666873493 ], [ 133.370599170015794, 33.954385828743057 ], [ 133.366264449444884, 33.931430828669875 ], [ 133.369507497373206, 33.919983054374484 ], [ 133.367971946348348, 33.910448891703027 ], [ 133.363958612000374, 33.900687494632223 ], [ 133.350703891071817, 33.889395559357638 ], [ 133.353933890736585, 33.879492775371318 ], [ 133.381733332727208, 33.875916387431403 ], [ 133.391723061370271, 33.879468892075749 ], [ 133.399134720590951, 33.887339441162339 ], [ 133.438656667171472, 33.892087775230721 ], [ 133.447786938916124, 33.885016108306786 ], [ 133.446679441802871, 33.877585000347551 ], [ 133.453978326938341, 33.869726387063167 ], [ 133.446564449090147, 33.864269999660792 ], [ 133.452817782414741, 33.854354440804855 ], [ 133.455012775719069, 33.83692694562211 ], [ 133.449014162773437, 33.833225279423175 ], [ 133.438888612219785, 33.833829441275725 ], [ 133.415011387965251, 33.839875828906429 ], [ 133.400833333091896, 33.83623694617819 ], [ 133.391407223964279, 33.824313891872691 ], [ 133.355800271765247, 33.834358053781216 ], [ 133.345613605983203, 33.824819441264253 ], [ 133.333568326617069, 33.821491107928352 ], [ 133.326032775891917, 33.814693612820008 ], [ 133.310275278581344, 33.81588000026187 ], [ 133.293549441653454, 33.828805829225701 ], [ 133.277754721403312, 33.830234720655881 ], [ 133.268109728081527, 33.857554162094971 ], [ 133.250825836643116, 33.865067225272298 ], [ 133.245806393850103, 33.874329162261063 ], [ 133.25378444879334, 33.876850279416885 ], [ 133.255249727692899, 33.881378892022326 ], [ 133.239649727752749, 33.910374999806436 ], [ 133.247339728046086, 33.919125558897463 ], [ 133.240273891427023, 33.938869999950612 ], [ 133.233875837400092, 33.937738053868145 ], [ 133.23416272383065, 33.95205449461929 ], [ 133.235430363220757, 33.956116467900699 ], [ 133.243043255641851, 33.956874467782541 ], [ 133.243627886018203, 33.952766387159102 ], [ 133.247621051270585, 33.952321306383226 ], [ 133.247002334789954, 33.959820278982761 ], [ 133.255295550849041, 33.956874748370979 ], [ 133.249089948142682, 33.960668161606407 ], [ 133.254479183167859, 33.9640673147548 ], [ 133.249826641286518, 33.964301748227172 ], [ 133.248478586317788, 33.97523808077284 ], [ 133.255552632847753, 33.980719224712516 ], [ 133.262153087395177, 33.980590000228403 ], [ 133.259219247970009, 33.976885000242646 ], [ 133.263625863043217, 33.960884251606956 ], [ 133.263776861013412, 33.969908639871903 ], [ 133.271243528166337, 33.968457161968502 ], [ 133.266879558944538, 33.972654108200572 ], [ 133.27912769119007, 33.97417000004549 ], [ 133.265410999318192, 33.980646585571492 ], [ 133.270028223024156, 33.983782134837725 ], [ 133.278753799848005, 33.981440999902247 ], [ 133.278730921095189, 33.988964161566855 ], [ 133.285779494328267, 33.980274559423435 ], [ 133.291093449802929, 33.985197774757523 ], [ 133.289875058187476, 33.982953774697023 ], [ 133.294639000889219, 33.981420332582331 ], [ 133.301986083391057, 33.982061197566281 ], [ 133.315243645278088, 33.987236865189232 ], [ 133.319723086551221, 33.993089413845439 ], [ 133.31627075199367, 33.992687333253855 ], [ 133.32131165980536, 33.994402774768275 ], [ 133.321362217892101, 33.994360558792778 ] ] ], [ [ [ 133.367273890777483, 34.007814720572924 ], [ 133.370755278833144, 34.005490278853358 ], [ 133.368147198134693, 33.99247327931846 ], [ 133.365178560342315, 33.994370441442754 ], [ 133.367219637376479, 33.992851667270656 ], [ 133.36137593984779, 33.989366279030605 ], [ 133.358456109162148, 33.994600279379426 ], [ 133.350552502795836, 33.99644194613893 ], [ 133.354688611690108, 34.005446107751709 ], [ 133.361420700005397, 34.003637829222498 ], [ 133.367211660389898, 34.007782774855229 ], [ 133.367273890777483, 34.007814720572924 ] ] ] ] } },
{ "type": "Feature", "properties": { "regioncode": "3820600", "regionname": "愛媛県西条市", "name": "西条市", "namekana": "さいじょうし", "PrefCode": "38" }, "geometry": { "type": "MultiPolygon", "coordinates": [ [ [ [ 133.105495551378681, 33.952886053648513 ], [ 133.10089613514856, 33.949344802220878 ], [ 133.105897366670206, 33.95305630610369 ], [ 133.105495551378681, 33.952886053648513 ] ] ], [ [ [ 133.112124695198531, 33.955026531849001 ], [ 133.114590336774654, 33.951539612962847 ], [ 133.112047172738926, 33.95502441394558 ], [ 133.112124695198531, 33.955026531849001 ] ] ], [ [ [ 133.106874552918384, 33.954024532406322 ], [ 133.110820388650041, 33.956953531680199 ], [ 133.107892437985697, 33.954850946414069 ], [ 133.106874552918384, 33.954024532406322 ] ] ], [ [ [ 133.06615105093033, 33.982298829027798 ], [ 133.061142749838154, 33.979234306418164 ], [ 133.062007108041712, 33.976344639893284 ], [ 133.072667471026989, 33.972849639699177 ], [ 133.069008366143294, 33.972532305821289 ], [ 133.086824616662739, 33.957526306294028 ], [ 133.088280026402117, 33.945420802028423 ], [ 133.101126108882909, 33.949189027052 ], [ 133.094955472716947, 33.947641801927659 ], [ 133.097186718592297, 33.94547217130372 ], [ 133.093271218791756, 33.940623586209597 ], [ 133.097877717182996, 33.943423494998342 ], [ 133.101185837356525, 33.940680441349343 ], [ 133.107760169296398, 33.947762721172694 ], [ 133.119317977442734, 33.941079666593396 ], [ 133.112341529837749, 33.930518891833458 ], [ 133.118990699761071, 33.924499667325847 ], [ 133.120057133829732, 33.93675135998734 ], [ 133.125804642570301, 33.94150319781437 ], [ 133.125900388891864, 33.931706360260364 ], [ 133.133391751428235, 33.927176774588531 ], [ 133.167895615890075, 33.938168559331586 ], [ 133.166731310401701, 33.940955441440508 ], [ 133.171413748445843, 33.927581919170279 ], [ 133.176820829617668, 33.930749441133855 ], [ 133.17088455317969, 33.941601134884536 ], [ 133.180387419443946, 33.94190389165135 ], [ 133.178245914217655, 33.947589775247991 ], [ 133.185954552960311, 33.949454441269495 ], [ 133.18795316490673, 33.943728413735357 ], [ 133.195759442144549, 33.946009386723858 ], [ 133.200667522787967, 33.935371999618155 ], [ 133.199305057982087, 33.946210865439127 ], [ 133.229831997149063, 33.951357440893219 ], [ 133.229310751889784, 33.957431945827693 ], [ 133.230066277736569, 33.95170744084578 ], [ 133.23416272383065, 33.95205449461929 ], [ 133.235865837438496, 33.947858891974363 ], [ 133.233875837400092, 33.937738053868145 ], [ 133.239655279267822, 33.939554721273396 ], [ 133.244738054117988, 33.930782225019698 ], [ 133.247339728046086, 33.919125558897463 ], [ 133.239649727752749, 33.910374999806436 ], [ 133.255249727692899, 33.881378892022326 ], [ 133.25378444879334, 33.876850279416885 ], [ 133.245806393850103, 33.874329162261063 ], [ 133.250825836643116, 33.865067225272298 ], [ 133.268109728081527, 33.857554162094971 ], [ 133.277357497150888, 33.830924161620828 ], [ 133.267560829568652, 33.823880279251512 ], [ 133.255866667113082, 33.792433892110466 ], [ 133.236920557837493, 33.782725000158678 ], [ 133.22051693900562, 33.780290558762317 ], [ 133.205712776123733, 33.794513613012896 ], [ 133.192965836704047, 33.79391582915224 ], [ 133.182622217641324, 33.766564720785311 ], [ 133.157837224008745, 33.750295000214123 ], [ 133.135689441914224, 33.760650558676389 ], [ 133.133318612264247, 33.764798053887148 ], [ 133.117079727647365, 33.766429999644799 ], [ 133.108983061119488, 33.772838892301081 ], [ 133.102119169963771, 33.769136108244879 ], [ 133.100556393762645, 33.762254162299826 ], [ 133.082918054324864, 33.756390278588526 ], [ 133.073423060725759, 33.758871107915354 ], [ 133.05810693898411, 33.755230558743335 ], [ 133.019303605576965, 33.766043053743999 ], [ 133.016834448550981, 33.779389440770103 ], [ 133.023274162772509, 33.785369161657513 ], [ 133.013058885059536, 33.803663613185279 ], [ 133.012917497244757, 33.813465558888481 ], [ 132.995013891078315, 33.817114162388748 ], [ 132.98620749667873, 33.811858054006052 ], [ 132.979696666767836, 33.827356387387397 ], [ 132.973212776048854, 33.8300569462711 ], [ 132.967794993843995, 33.846373053873378 ], [ 132.974488326774917, 33.856715829372092 ], [ 132.968765551189335, 33.8685888921637 ], [ 132.959683061324313, 33.875191666961939 ], [ 132.956710558245732, 33.884566666718342 ], [ 132.960491945746753, 33.89428861322898 ], [ 132.958548053949585, 33.899825828998871 ], [ 132.964451659816291, 33.906623333100413 ], [ 132.97347527916088, 33.906780279186592 ], [ 132.977313061348809, 33.945074161943069 ], [ 132.986806108814903, 33.955268891945877 ], [ 133.003599170065741, 33.958092774861711 ], [ 133.008143891327563, 33.954668892155723 ], [ 133.024073606112097, 33.962645000066743 ], [ 133.035511659635404, 33.960128613344864 ], [ 133.040749441633466, 33.967637494674705 ], [ 133.041486393782066, 33.977719161909874 ], [ 133.066214695052167, 33.982386162191688 ], [ 133.06615105093033, 33.982298829027798 ] ] ] ] } },
{ "type": "Feature", "properties": { "regioncode": "3820700", "regionname": "愛媛県大洲市", "name": "大洲市", "namekana": "おおずし", "PrefCode": "38" }, "geometry": { "type": "MultiPolygon", "coordinates": [ [ [ [ 132.49652869034685, 33.630988612834244 ], [ 132.492024449368955, 33.628284945893597 ], [ 132.496490246128019, 33.631041494769192 ], [ 132.49652869034685, 33.630988612834244 ] ] ], [ [ [ 132.53088975415892, 33.637746440645799 ], [ 132.54403832720709, 33.622521386952485 ], [ 132.549099727870157, 33.621201108444438 ], [ 132.553640271781205, 33.614687774820993 ], [ 132.553665836808932, 33.606066387154101 ], [ 132.559552217960572, 33.602049999607857 ], [ 132.58111250263994, 33.62630582855121 ], [ 132.603141945644325, 33.622950279032182 ], [ 132.613871388253983, 33.613066945583114 ], [ 132.616144449007152, 33.597973891681818 ], [ 132.623221115262368, 33.594328891764974 ], [ 132.625137496798061, 33.585869999900638 ], [ 132.632331115388752, 33.578429162176121 ], [ 132.624218326714526, 33.57159916197179 ], [ 132.625657781581367, 33.566984441079171 ], [ 132.632742775558654, 33.567343332628752 ], [ 132.634457781801302, 33.556369440797084 ], [ 132.639733332627316, 33.552059440790629 ], [ 132.638204449176101, 33.541374162087948 ], [ 132.629570272250362, 33.535634440577041 ], [ 132.630700272199874, 33.520055000038269 ], [ 132.643746938570416, 33.514350558931199 ], [ 132.644673332908042, 33.502524440750392 ], [ 132.660063333056428, 33.504416946185188 ], [ 132.665967781587938, 33.496741945684278 ], [ 132.665083891008862, 33.491098892300101 ], [ 132.686792776065772, 33.503930278959274 ], [ 132.68723805379318, 33.507499162056718 ], [ 132.714161946416766, 33.509779440768625 ], [ 132.728909442117128, 33.520732774997612 ], [ 132.73655333326974, 33.520886666986144 ], [ 132.741055836757482, 33.530335829335115 ], [ 132.752234994349578, 33.528239441297217 ], [ 132.769432503207554, 33.540609440673222 ], [ 132.776645550751596, 33.540078613137553 ], [ 132.784003060892587, 33.529940278720915 ], [ 132.790412503034645, 33.528802495139075 ], [ 132.801095551418598, 33.536664161621786 ], [ 132.802306394124798, 33.543094720744818 ], [ 132.815331387733409, 33.545238333082636 ], [ 132.819259728054021, 33.549508054253351 ], [ 132.839465836978889, 33.521861387293256 ], [ 132.833798327430941, 33.519196107914127 ], [ 132.828292503396369, 33.50400472124096 ], [ 132.820195279288782, 33.500046386731412 ], [ 132.812164721025169, 33.506821387097375 ], [ 132.805090830077802, 33.503827224746658 ], [ 132.803276108805449, 33.497888891559171 ], [ 132.794404162821934, 33.494798332676964 ], [ 132.790574994340545, 33.487833053752468 ], [ 132.774494993848975, 33.484817775320153 ], [ 132.763156938641828, 33.49048499978295 ], [ 132.758499442395419, 33.484824162305301 ], [ 132.754369170101199, 33.485839162347531 ], [ 132.748339442411407, 33.456948613387851 ], [ 132.739797223862865, 33.449278891907397 ], [ 132.732661387613007, 33.447503053722983 ], [ 132.726600000189933, 33.455579441438147 ], [ 132.711562776201276, 33.453907224938519 ], [ 132.714762776281191, 33.437433891560886 ], [ 132.7117074969035, 33.42678722525028 ], [ 132.70477194596856, 33.419667774648133 ], [ 132.69981389089844, 33.422514162198866 ], [ 132.691699169581057, 33.418587224820612 ], [ 132.692097497301688, 33.425596666752824 ], [ 132.681191659867295, 33.427123053686046 ], [ 132.670971945798669, 33.419411386926015 ], [ 132.651017224365432, 33.425579162348527 ], [ 132.628147223715473, 33.440835829010325 ], [ 132.610866393569268, 33.438435559153788 ], [ 132.610480829926473, 33.435892774631895 ], [ 132.597891115382708, 33.438275558969906 ], [ 132.59067166016905, 33.434430558823294 ], [ 132.573398885250413, 33.453690829168465 ], [ 132.553252217915542, 33.436870558929229 ], [ 132.55018693897614, 33.439599162271577 ], [ 132.539453333404708, 33.438624441065144 ], [ 132.530199170155697, 33.445277495160326 ], [ 132.529321660266419, 33.452763612850504 ], [ 132.502245837075748, 33.450065000099698 ], [ 132.496101659863825, 33.461859721149267 ], [ 132.498736667163485, 33.467870558579477 ], [ 132.486260000099037, 33.476198332886781 ], [ 132.488172776252668, 33.481190558597461 ], [ 132.469283890838938, 33.481913892312321 ], [ 132.461575550671228, 33.489046107891625 ], [ 132.466673060913081, 33.501820829167968 ], [ 132.479093605785351, 33.506537775098309 ], [ 132.482353891019329, 33.520296108278842 ], [ 132.47021055767118, 33.525641108350499 ], [ 132.465763606205542, 33.534954440694946 ], [ 132.455115837326048, 33.531256666761806 ], [ 132.449289170259021, 33.535685828738053 ], [ 132.43734499357663, 33.533813054428947 ], [ 132.428109170202106, 33.539955558901966 ], [ 132.429463605860747, 33.550907494685191 ], [ 132.425275161819286, 33.551667613369716 ], [ 132.434440415392942, 33.560977225218835 ], [ 132.433163502193906, 33.568270639778234 ], [ 132.455971193316032, 33.588483080829576 ], [ 132.456957108383904, 33.59507405382459 ], [ 132.474322970328899, 33.60665527941768 ], [ 132.479575797984808, 33.618893621643394 ], [ 132.489544501377736, 33.619906081100794 ], [ 132.482239533227926, 33.61696925232917 ], [ 132.48437924790403, 33.615040225426128 ], [ 132.490925083925504, 33.61717400008007 ], [ 132.50805335937514, 33.630324000352402 ], [ 132.51079988260858, 33.627179694387451 ], [ 132.530871699369527, 33.637759999724267 ], [ 132.53088975415892, 33.637746440645799 ] ] ], [ [ [ 132.48482861215075, 33.738770829410328 ], [ 132.492300558324132, 33.736385559346161 ], [ 132.474294163245077, 33.732951667185716 ], [ 132.476338885231485, 33.737266946212628 ], [ 132.484818326604568, 33.738804440672425 ], [ 132.48482861215075, 33.738770829410328 ] ] ] ] } },
{ "type": "Feature", "properties": { "regioncode": "3821000", "regionname": "愛媛県伊予市", "name": "伊予市", "namekana": "いよし", "PrefCode": "38" }, "geometry": { "type": "Polygon", "coordinates": [ [ [ 132.771423333320286, 33.7892419463588 ], [ 132.774344449137061, 33.78844222512862 ], [ 132.772758327434872, 33.778817495331168 ], [ 132.762133061391751, 33.770798333276502 ], [ 132.758841945599329, 33.759835279174865 ], [ 132.741734163001297, 33.757488613408839 ], [ 132.746639999836134, 33.747436945758466 ], [ 132.736391660346953, 33.736700558583948 ], [ 132.743606394119865, 33.733413333258795 ], [ 132.744879442032698, 33.725168613141022 ], [ 132.7590708302547, 33.722173332933039 ], [ 132.765013891178228, 33.705606667014138 ], [ 132.778799169845911, 33.696249161769458 ], [ 132.773819727998102, 33.679665828715088 ], [ 132.781220271598272, 33.682117775415065 ], [ 132.782153606004158, 33.679581386871575 ], [ 132.771586393896996, 33.672106667188984 ], [ 132.773179728161949, 33.667969721025884 ], [ 132.765514449332386, 33.660510279026198 ], [ 132.764551387836377, 33.647619440884569 ], [ 132.752929727824721, 33.643295279253778 ], [ 132.745615836601587, 33.627674441122622 ], [ 132.737628612170738, 33.623770000285333 ], [ 132.735470271635791, 33.626945829286626 ], [ 132.728975278786152, 33.625307224948529 ], [ 132.721631659573518, 33.612659441180313 ], [ 132.708488326874885, 33.605754999593614 ], [ 132.69080082959465, 33.617100558743857 ], [ 132.678311660155032, 33.615932774677844 ], [ 132.676265837398546, 33.621026387258041 ], [ 132.66112250330093, 33.616189162399962 ], [ 132.650920272052986, 33.62314805433931 ], [ 132.654594721169474, 33.638518612943699 ], [ 132.651865837238688, 33.65211166691995 ], [ 132.639396394428104, 33.65476722462779 ], [ 132.629331945612876, 33.649001108014772 ], [ 132.618629999774726, 33.649679440553768 ], [ 132.60224693944474, 33.626631107939318 ], [ 132.603141945644325, 33.622950279032182 ], [ 132.58111250263994, 33.62630582855121 ], [ 132.560464162890867, 33.601960829129041 ], [ 132.553665836808932, 33.606066387154101 ], [ 132.553640271781205, 33.614687774820993 ], [ 132.549099727870157, 33.621201108444438 ], [ 132.54403832720709, 33.622521386952485 ], [ 132.531258495083534, 33.637656135222528 ], [ 132.571726809045117, 33.649421441246545 ], [ 132.578440609646464, 33.654435197626299 ], [ 132.573720195031001, 33.650879720722571 ], [ 132.585851855179044, 33.653520026827834 ], [ 132.618139442081656, 33.677218613348373 ], [ 132.627282775579715, 33.679799162201618 ], [ 132.635971387569498, 33.689977747575028 ], [ 132.652606108784994, 33.696967224557795 ], [ 132.675331361753024, 33.731767694423638 ], [ 132.677032801722476, 33.744977828763865 ], [ 132.692993216663695, 33.752375613243998 ], [ 132.693612672386962, 33.760329613121201 ], [ 132.698453165381352, 33.754900467982281 ], [ 132.699980440844683, 33.762495918951572 ], [ 132.695045357157596, 33.759380108005644 ], [ 132.696903280961692, 33.767105666593295 ], [ 132.700388054065456, 33.767488667168323 ], [ 132.698464837682195, 33.776373027393333 ], [ 132.703950558271686, 33.776813613357604 ], [ 132.70525111464724, 33.771278332928773 ], [ 132.709586938686357, 33.774254721078592 ], [ 132.709845837315584, 33.770254720978642 ], [ 132.715848327238518, 33.772491108278075 ], [ 132.715860272033979, 33.777877225353734 ], [ 132.725341388194579, 33.777951946425219 ], [ 132.725683332919516, 33.772158333040693 ], [ 132.732281114681768, 33.771443053654082 ], [ 132.732691659692364, 33.777683613008378 ], [ 132.745481659551047, 33.777827775231685 ], [ 132.744666666933199, 33.783944161593809 ], [ 132.761544162832934, 33.78606861297618 ], [ 132.763648884888198, 33.7903433325788 ], [ 132.77114527913136, 33.78951138684107 ], [ 132.771423333320286, 33.7892419463588 ] ] ] } },
{ "type": "Feature", "properties": { "regioncode": "3821300", "regionname": "愛媛県四国中央市", "name": "四国中央市", "namekana": "しこくちゅうおうし", "PrefCode": "38" }, "geometry": { "type": "MultiPolygon", "coordinates": [ [ [ [ 133.542989493570303, 33.988785162305476 ], [ 133.54285527874822, 33.992675161829311 ], [ 133.542975771714509, 33.989505918563339 ], [ 133.542989493570303, 33.988785162305476 ] ] ], [ [ [ 133.535018780692212, 33.998419360165371 ], [ 133.534923645010281, 33.994968441140713 ], [ 133.533412970132531, 34.003370252135483 ], [ 133.534608832831395, 33.999718802280938 ], [ 133.535018780692212, 33.998419360165371 ] ] ], [ [ [ 133.537114720867748, 34.006016892165917 ], [ 133.542976355374549, 34.011691305809165 ], [ 133.53950758840449, 34.008333332617269 ], [ 133.537114720867748, 34.006016892165917 ] ] ], [ [ [ 133.598557224136698, 34.043465558788569 ], [ 133.604171387699466, 34.035903053583127 ], [ 133.613310272251283, 34.032320559246443 ], [ 133.626877781884218, 34.037767224977529 ], [ 133.639459999679275, 34.025932225092163 ], [ 133.656779442217498, 34.030031108349021 ], [ 133.665203060872614, 34.027239162157684 ], [ 133.678232218342259, 34.018188054135464 ], [ 133.679183333244282, 34.011807494620257 ], [ 133.6852755512258, 34.006825828749072 ], [ 133.675091659852228, 33.983682495350934 ], [ 133.682206394409604, 33.98325416175021 ], [ 133.684131115358696, 33.976391107863378 ], [ 133.680321946001072, 33.970224999783966 ], [ 133.682977497413617, 33.964592775136509 ], [ 133.692363890681122, 33.962455000298064 ], [ 133.687053891324126, 33.954894720914695 ], [ 133.69279749700695, 33.946830829279406 ], [ 133.675894993659085, 33.931554441384435 ], [ 133.675683606213511, 33.926380000436723 ], [ 133.68562972762993, 33.925716108311804 ], [ 133.690517223691018, 33.91629055856248 ], [ 133.677577781689365, 33.909550828707836 ], [ 133.67451389130315, 33.903185829262668 ], [ 133.677744721042131, 33.892931108184143 ], [ 133.662364721354834, 33.886086666666358 ], [ 133.660139441582032, 33.881498613370354 ], [ 133.643419442153572, 33.883362774872239 ], [ 133.635251659936216, 33.880199441051388 ], [ 133.627308326917841, 33.872030828759819 ], [ 133.606950272137396, 33.881513891952579 ], [ 133.596073332618289, 33.879741667244218 ], [ 133.583034448980698, 33.867650278737415 ], [ 133.571320558097341, 33.869634441276503 ], [ 133.556867496837526, 33.882329161561586 ], [ 133.540196394448117, 33.878684441333974 ], [ 133.536086108687073, 33.865823612669658 ], [ 133.52541472091275, 33.861020829148003 ], [ 133.526354162614552, 33.853660828784257 ], [ 133.518105278635744, 33.847334721420282 ], [ 133.509404994345118, 33.848217495041411 ], [ 133.507948053959581, 33.835771946318346 ], [ 133.498858884829701, 33.829071107645575 ], [ 133.491872775808019, 33.832376667449296 ], [ 133.486620557892479, 33.82970666662942 ], [ 133.470499169700929, 33.836789720769048 ], [ 133.463161659582966, 33.834480278841852 ], [ 133.455012775719069, 33.83692694562211 ], [ 133.452817782414741, 33.854354440804855 ], [ 133.446564449090147, 33.864269999660792 ], [ 133.453978326938341, 33.869726387063167 ], [ 133.446679441802871, 33.877585000347551 ], [ 133.447786938916124, 33.885016108306786 ], [ 133.438656667171472, 33.892087775230721 ], [ 133.399134720590951, 33.887339441162339 ], [ 133.391723061370271, 33.879468892075749 ], [ 133.381733332727208, 33.875916387431403 ], [ 133.353933890736585, 33.879492775371318 ], [ 133.350703891071817, 33.889395559357638 ], [ 133.363958612000374, 33.900687494632223 ], [ 133.367971946348348, 33.910448891703027 ], [ 133.369507497373206, 33.919983054374484 ], [ 133.366264449444884, 33.931430828669875 ], [ 133.370599170015794, 33.954385828743057 ], [ 133.379682503444883, 33.970201666873493 ], [ 133.391709999616864, 33.981399161642059 ], [ 133.388804980765258, 33.985832350782403 ], [ 133.393278301252622, 33.990445864784874 ], [ 133.411140777824698, 33.990648305774755 ], [ 133.414264188941274, 33.985918639833415 ], [ 133.429945576627119, 33.987541918824547 ], [ 133.451153281199026, 33.981323224687117 ], [ 133.453341115000512, 33.984173107902677 ], [ 133.465352970163508, 33.974904414307332 ], [ 133.47151907914224, 33.977012640121302 ], [ 133.470100311380293, 33.974406332886019 ], [ 133.485322865857597, 33.972797161559811 ], [ 133.489170440763246, 33.969010747747859 ], [ 133.514044137227188, 33.973998027187235 ], [ 133.512303890612088, 33.969867864610308 ], [ 133.520779883085197, 33.977981360151716 ], [ 133.522937004139521, 33.975313693971827 ], [ 133.522899637308456, 33.979688305770765 ], [ 133.532636108769452, 33.986966359909616 ], [ 133.538778196856356, 33.983746027057578 ], [ 133.539847639157301, 33.986240386684528 ], [ 133.533595226738385, 33.988383802070871 ], [ 133.538139883249073, 33.994993802022407 ], [ 133.543866978278515, 33.985807972859732 ], [ 133.548396446139122, 33.990999332753063 ], [ 133.546036938953648, 33.992730559168024 ], [ 133.552397250232957, 33.995137585631142 ], [ 133.541241946258879, 34.003512053638417 ], [ 133.546056667381322, 34.007839108388168 ], [ 133.555587445004676, 34.00100089197764 ], [ 133.549015356873269, 34.010550225312727 ], [ 133.551653917394447, 34.013014251706409 ], [ 133.561278638198701, 34.009013667047157 ], [ 133.56238538257935, 34.015188774642297 ], [ 133.565545188359806, 34.013171999987833 ], [ 133.569177911631414, 34.016923360025089 ], [ 133.564564967799129, 34.018537161960523 ], [ 133.569438858916214, 34.026260000099001 ], [ 133.567986913365417, 34.020247026778918 ], [ 133.570920506376297, 34.025016108206898 ], [ 133.572208197050713, 34.017154973223512 ], [ 133.572388859158536, 34.023619441284268 ], [ 133.579958975326463, 34.02383530555494 ], [ 133.576340078232079, 34.027548667437088 ], [ 133.578560389250583, 34.031367494614244 ], [ 133.583350778315776, 34.029512053838289 ], [ 133.586192502881772, 34.034501387329215 ], [ 133.591323061410208, 34.033779720957398 ], [ 133.598556394062371, 34.043467774718067 ], [ 133.598557224136698, 34.043465558788569 ] ] ] ] } },
{ "type": "Feature", "properties": { "regioncode": "3821400", "regionname": "愛媛県西予市", "name": "西予市", "namekana": "せいよし", "PrefCode": "38" }, "geometry": { "type": "MultiPolygon", "coordinates": [ [ [ [ 132.484126693092435, 33.315027532094973 ], [ 132.48714130962378, 33.313444612878641 ], [ 132.484110389283046, 33.31503355935132 ], [ 132.484126693092435, 33.315027532094973 ] ] ], [ [ [ 132.382394448844821, 33.347765225185071 ], [ 132.378925576654069, 33.34070022493546 ], [ 132.37718577160615, 33.345403198099177 ], [ 132.382356834700204, 33.34776649502777 ], [ 132.382394448844821, 33.347765225185071 ] ] ], [ [ [ 132.404142581215183, 33.360781748079262 ], [ 132.40260622619644, 33.358809468282402 ], [ 132.404129221786206, 33.360785829202712 ], [ 132.404142581215183, 33.360781748079262 ] ] ], [ [ [ 132.386258780818139, 33.369336918663919 ], [ 132.380203943157539, 33.364848198185825 ], [ 132.386237859889434, 33.369339053654471 ], [ 132.386258780818139, 33.369336918663919 ] ] ], [ [ [ 132.843121660236534, 33.521923332595748 ], [ 132.846860558368121, 33.511515829292136 ], [ 132.865527497396101, 33.504338892226144 ], [ 132.865775837085266, 33.500450828942633 ], [ 132.895958612000413, 33.497785278867582 ], [ 132.901426108727946, 33.48234277539882 ], [ 132.895963605935776, 33.476037224738207 ], [ 132.900674449066628, 33.470351666696104 ], [ 132.888938612027346, 33.473455279237783 ], [ 132.865849169603507, 33.472006108095457 ], [ 132.84727194604352, 33.479204440932278 ], [ 132.839396108943333, 33.474256108432712 ], [ 132.832471660139049, 33.476071945763749 ], [ 132.820566939412743, 33.472618612958684 ], [ 132.818866394268753, 33.466449720578169 ], [ 132.809391945681796, 33.464746107846679 ], [ 132.808167223738451, 33.453539162102686 ], [ 132.82656221767229, 33.445604440992213 ], [ 132.827789728413336, 33.438387225090423 ], [ 132.823403332797625, 33.429468332697468 ], [ 132.82491527931677, 33.422934440572021 ], [ 132.834013332849054, 33.42015249484183 ], [ 132.831618885203397, 33.408851667070849 ], [ 132.835483890768955, 33.400549721292634 ], [ 132.854382775744625, 33.398435828850495 ], [ 132.856206667403853, 33.391933332957024 ], [ 132.843355278923013, 33.378948333099117 ], [ 132.825502218252836, 33.373014440763882 ], [ 132.821373891192138, 33.357103612641652 ], [ 132.803363605645927, 33.343166387219071 ], [ 132.784746938720332, 33.346471107955324 ], [ 132.780598326551626, 33.355985278697688 ], [ 132.754426938952179, 33.343024720614437 ], [ 132.749025551388172, 33.345810558610424 ], [ 132.724941660229547, 33.344351666696127 ], [ 132.721861387792842, 33.350746386936237 ], [ 132.714008326922794, 33.344924161620838 ], [ 132.670005551415102, 33.349644441337944 ], [ 132.661508885326839, 33.348055558717135 ], [ 132.656926394337688, 33.332336108124935 ], [ 132.643764994259186, 33.327278613217459 ], [ 132.609291659982205, 33.331779161579107 ], [ 132.600267224053255, 33.326527774637157 ], [ 132.575774721426342, 33.329508892321599 ], [ 132.553727497026443, 33.324363612790535 ], [ 132.53568416319365, 33.328296107979043 ], [ 132.519696666967661, 33.337772494605019 ], [ 132.507164448780372, 33.334829440726139 ], [ 132.498246303724045, 33.311930559247969 ], [ 132.492655589983542, 33.325402873843586 ], [ 132.48673316490374, 33.32110589242302 ], [ 132.490176588978443, 33.315950532391184 ], [ 132.468454086387055, 33.319350387010786 ], [ 132.46491666697068, 33.314810333230355 ], [ 132.470873280677438, 33.313256107783218 ], [ 132.454240661177664, 33.308906468358884 ], [ 132.440609610844945, 33.311212000033834 ], [ 132.431191192719439, 33.31998210768819 ], [ 132.421252166054728, 33.30340822470987 ], [ 132.400678586048002, 33.309196053655 ], [ 132.399282827440629, 33.316126278804802 ], [ 132.394127004257939, 33.319206161834927 ], [ 132.370194085888443, 33.319251892361024 ], [ 132.369009611304591, 33.324940161859047 ], [ 132.377139922369565, 33.337785080617039 ], [ 132.383529610902883, 33.338038441221158 ], [ 132.385444059795532, 33.343464972930235 ], [ 132.386413332909001, 33.33760789169088 ], [ 132.392207276344834, 33.339657918777959 ], [ 132.392220142945348, 33.347185225417888 ], [ 132.395998690387273, 33.344742973409552 ], [ 132.406733968697722, 33.346919919119046 ], [ 132.411049780123335, 33.34314041389905 ], [ 132.408771414269381, 33.353183252005522 ], [ 132.419727886232977, 33.354870640068043 ], [ 132.415901920237502, 33.361939413872904 ], [ 132.406131829420474, 33.360210774807456 ], [ 132.410724721069073, 33.364657945707677 ], [ 132.411185719845207, 33.374317494556806 ], [ 132.41629216575086, 33.379088080550503 ], [ 132.420777950841853, 33.378153828836162 ], [ 132.419376666799849, 33.383052414437429 ], [ 132.410609052965469, 33.383965198435192 ], [ 132.409795083776203, 33.378951864736848 ], [ 132.402761088553461, 33.375041278831986 ], [ 132.404948274843036, 33.370492999852104 ], [ 132.396275615927038, 33.369863666874778 ], [ 132.384431854846298, 33.362089865055282 ], [ 132.389067276333776, 33.371929135321409 ], [ 132.37884344966551, 33.384807972909698 ], [ 132.397750829637175, 33.387396108443681 ], [ 132.409181659805768, 33.398511666879983 ], [ 132.410703605886738, 33.408556107578363 ], [ 132.423470271935571, 33.417610559279922 ], [ 132.430981659675922, 33.408044162208398 ], [ 132.450452776074826, 33.408247224629747 ], [ 132.451523891114789, 33.4010894413247 ], [ 132.462103605597008, 33.402478892087231 ], [ 132.482580271962092, 33.407782775154999 ], [ 132.4764213881366, 33.420694440695911 ], [ 132.482555837382051, 33.425614720642898 ], [ 132.488240829750566, 33.442562494963227 ], [ 132.502557497130852, 33.450220278842835 ], [ 132.529321660266419, 33.452763612850504 ], [ 132.530199170155697, 33.445277495160326 ], [ 132.539453333404708, 33.438624441065144 ], [ 132.55018693897614, 33.439599162271577 ], [ 132.553252217915542, 33.436870558929229 ], [ 132.573277224064668, 33.453690829168465 ], [ 132.59067166016905, 33.434430558823294 ], [ 132.597891115382708, 33.438275558969906 ], [ 132.610480829926473, 33.435892774631895 ], [ 132.610866393569268, 33.438435559153788 ], [ 132.628147223715473, 33.440835829010325 ], [ 132.651017224365432, 33.425579162348527 ], [ 132.670971945798669, 33.419411386926015 ], [ 132.681191659867295, 33.427123053686046 ], [ 132.692097497301688, 33.425596666752824 ], [ 132.691699169581057, 33.418587224820612 ], [ 132.69981389089844, 33.422514162198866 ], [ 132.705025278693711, 33.419725279098429 ], [ 132.7117074969035, 33.42678722525028 ], [ 132.714762776281191, 33.437433891560886 ], [ 132.710406667134066, 33.452665279179314 ], [ 132.726986938896175, 33.455506667398822 ], [ 132.733500557604657, 33.447299162126683 ], [ 132.741360000063992, 33.453272495129625 ], [ 132.745016109306107, 33.452067224622795 ], [ 132.754369170101199, 33.485839162347531 ], [ 132.758499442395419, 33.484824162305301 ], [ 132.763156938641828, 33.49048499978295 ], [ 132.774494993848975, 33.484817775320153 ], [ 132.790643061328296, 33.487860558617911 ], [ 132.794404162821934, 33.494798332676964 ], [ 132.803276108805449, 33.497888891559171 ], [ 132.805090830077802, 33.503827224746658 ], [ 132.811030272129415, 33.506464440781372 ], [ 132.814746939020097, 33.506711667109812 ], [ 132.819251115246857, 33.499988332795397 ], [ 132.828292503396369, 33.50400472124096 ], [ 132.833798327430941, 33.519196107914127 ], [ 132.842816666855811, 33.521985000007817 ], [ 132.843121660236534, 33.521923332595748 ] ] ] ] } },
{ "type": "Feature", "properties": { "regioncode": "3821500", "regionname": "愛媛県東温市", "name": "東温市", "namekana": "とうおんし", "PrefCode": "38" }, "geometry": { "type": "Polygon", "coordinates": [ [ [ 132.950607223744441, 33.907210558920212 ], [ 132.959195278939092, 33.904493332901041 ], [ 132.960491945746753, 33.89428861322898 ], [ 132.956710558245732, 33.884566666718342 ], [ 132.959683061324313, 33.875191666961939 ], [ 132.968765551189335, 33.8685888921637 ], [ 132.974252776344656, 33.857747224954494 ], [ 132.967794993843995, 33.846373053873378 ], [ 132.973212776048854, 33.8300569462711 ], [ 132.979696666767836, 33.827356387387397 ], [ 132.98620749667873, 33.811858054006052 ], [ 132.995013891078315, 33.817114162388748 ], [ 133.012917497244757, 33.813465558888481 ], [ 133.013058885059536, 33.803663613185279 ], [ 133.023321114577811, 33.784977495215287 ], [ 133.016834448550981, 33.779389440770103 ], [ 133.018096394333156, 33.76799472107956 ], [ 133.023920557687688, 33.762162224607039 ], [ 133.010187497255288, 33.756230558993138 ], [ 132.992524448944209, 33.759110279016227 ], [ 132.992428054211359, 33.752387225290249 ], [ 132.98039888530036, 33.739791107573581 ], [ 132.962118884978622, 33.747770828960654 ], [ 132.953146108805981, 33.741344162103474 ], [ 132.953302776102305, 33.733711945949608 ], [ 132.90730083016922, 33.727822495411885 ], [ 132.89561194583473, 33.72385500040798 ], [ 132.893267224402962, 33.719513891952602 ], [ 132.878053605589457, 33.722520829172993 ], [ 132.862883890779017, 33.747404161872623 ], [ 132.846981115186395, 33.758295279203821 ], [ 132.848175550661153, 33.763806667343886 ], [ 132.837249727592962, 33.775337494929488 ], [ 132.8364205580624, 33.778541107586079 ], [ 132.842137782133022, 33.779427494683205 ], [ 132.840445551221251, 33.782575828711572 ], [ 132.824775550751156, 33.785160559412361 ], [ 132.830049999907601, 33.795233612940933 ], [ 132.822574449251533, 33.79897277457394 ], [ 132.842922776065279, 33.797006108345272 ], [ 132.865105836764997, 33.806525559007412 ], [ 132.86963972839078, 33.816413612997906 ], [ 132.868522503310942, 33.823910278836365 ], [ 132.87361499443648, 33.82693166726267 ], [ 132.884523332885578, 33.84748722485557 ], [ 132.875929727974608, 33.863585279237327 ], [ 132.884852217655748, 33.881145559320146 ], [ 132.901016393791565, 33.890007774639116 ], [ 132.917842218243891, 33.894025558832539 ], [ 132.926233332702168, 33.90586027902873 ], [ 132.936788885099077, 33.901849999677779 ], [ 132.942468885330868, 33.907226108198358 ], [ 132.950526938567464, 33.907380829361841 ], [ 132.950607223744441, 33.907210558920212 ] ] ] } },
{ "type": "Feature", "properties": { "regioncode": "3835600", "regionname": "愛媛県上島町", "name": "上島町", "namekana": "かみじまちょう", "PrefCode": "38" }, "geometry": { "type": "MultiPolygon", "coordinates": [ [ [ [ 133.320623333100457, 34.167432775302416 ], [ 133.317208326702939, 34.165319999818166 ], [ 133.320560557723638, 34.167463613055361 ], [ 133.320623333100457, 34.167432775302416 ] ] ], [ [ [ 133.359539169896834, 34.174039721156248 ], [ 133.366213061283815, 34.167045829401559 ], [ 133.363457782250862, 34.162956387227553 ], [ 133.359506109019776, 34.174054720948675 ], [ 133.359539169896834, 34.174039721156248 ] ] ], [ [ [ 133.309361388417415, 34.183817774570684 ], [ 133.321202776187192, 34.17866444071143 ], [ 133.325714720757787, 34.180634440726919 ], [ 133.328191114628339, 34.173555000063232 ], [ 133.315726939146998, 34.170447495255758 ], [ 133.307345550856553, 34.179637224778162 ], [ 133.309249170113162, 34.183826945856936 ], [ 133.309361388417415, 34.183817774570684 ] ] ], [ [ [ 133.272284994357051, 34.2000552787282 ], [ 133.27677472117648, 34.184800828895163 ], [ 133.268316666580972, 34.182499441296216 ], [ 133.264926109152725, 34.196889441194799 ], [ 133.272247782209433, 34.20005110767255 ], [ 133.272284994357051, 34.2000552787282 ] ] ], [ [ [ 133.157912502659883, 34.230674721261437 ], [ 133.148993890855422, 34.216012494780841 ], [ 133.147658054076032, 34.22209555856324 ], [ 133.157821387846866, 34.230687495231791 ], [ 133.157912502659883, 34.230674721261437 ] ] ], [ [ [ 133.259665279329283, 34.235765559433048 ], [ 133.263638611832562, 34.233888332580534 ], [ 133.261776393765672, 34.229825279213344 ], [ 133.250385278557815, 34.229645000216635 ], [ 133.250650271892596, 34.232257224990974 ], [ 133.257260271844189, 34.231446945719995 ], [ 133.259639170211585, 34.235796666982651 ], [ 133.259665279329283, 34.235765559433048 ] ] ], [ [ [ 133.163748326624045, 34.246392775206459 ], [ 133.172131115158891, 34.241749721172766 ], [ 133.167191388272045, 34.23416666735784 ], [ 133.152251945770786, 34.232855829033326 ], [ 133.150731607677585, 34.241675134999525 ], [ 133.163712217944521, 34.246414161984035 ], [ 133.163748326624045, 34.246392775206459 ] ] ], [ [ [ 133.193164449279948, 34.257278332928763 ], [ 133.198688053810656, 34.254359999614337 ], [ 133.196066109163667, 34.245752775370363 ], [ 133.190360272308794, 34.242278892157174 ], [ 133.191944162792993, 34.233885828867983 ], [ 133.180429728049603, 34.226776667409354 ], [ 133.176153333010006, 34.230985829132749 ], [ 133.182918885098502, 34.231956387377409 ], [ 133.180191660416881, 34.238438332862813 ], [ 133.184882088037966, 34.244646387121122 ], [ 133.184956497944086, 34.252758747718076 ], [ 133.193096108898317, 34.25727055918901 ], [ 133.193164449279948, 34.257278332928763 ] ] ], [ [ [ 133.152502775682592, 34.280409720632179 ], [ 133.161488080310733, 34.270855108276692 ], [ 133.158910557676109, 34.268840000066007 ], [ 133.166326666742293, 34.256016387146587 ], [ 133.15204566827299, 34.245469666991596 ], [ 133.142687612643272, 34.24407572141746 ], [ 133.146971893837872, 34.243159639605722 ], [ 133.132805836820012, 34.240882225234543 ], [ 133.129980829751503, 34.257080278831836 ], [ 133.132497497061877, 34.265220000402735 ], [ 133.143925110355667, 34.279554666814477 ], [ 133.152497224167632, 34.280716386751919 ], [ 133.152502775682592, 34.280409720632179 ] ] ], [ [ [ 133.171905279205362, 34.285616108196905 ], [ 133.181492776170785, 34.277046107791705 ], [ 133.184954163304042, 34.268821667386078 ], [ 133.188263890566191, 34.269383892053042 ], [ 133.187610803795678, 34.266045864924763 ], [ 133.185277224064748, 34.267753612739114 ], [ 133.186087523120705, 34.258510693713617 ], [ 133.178431971358464, 34.255812640341105 ], [ 133.171947782064535, 34.258110829051589 ], [ 133.169538327431951, 34.265137775388098 ], [ 133.173535551324676, 34.269632495243513 ], [ 133.166798612066373, 34.272977775404058 ], [ 133.169482217830137, 34.275985000407502 ], [ 133.165203060972544, 34.281138053678262 ], [ 133.171821946225919, 34.285627224716677 ], [ 133.171905279205362, 34.285616108196905 ] ] ], [ [ [ 133.164311660155022, 34.287576667129542 ], [ 133.163768611732053, 34.284457224721223 ], [ 133.160782776204201, 34.287550558911221 ], [ 133.162666108554163, 34.290793891924636 ], [ 133.163761659972693, 34.28811916157008 ], [ 133.164311660155022, 34.287576667129542 ] ] ], [ [ [ 133.171205279300239, 34.291390000348315 ], [ 133.174171114805176, 34.286040278835856 ], [ 133.171119441708925, 34.291342775149019 ], [ 133.171205279300239, 34.291390000348315 ] ] ], [ [ [ 133.229046939364821, 34.291808891966866 ], [ 133.236925550873593, 34.277261667192249 ], [ 133.226957781876195, 34.2665963867139 ], [ 133.208944721022135, 34.258611108415948 ], [ 133.212311634374487, 34.250134495410691 ], [ 133.219261388302471, 34.249567495343683 ], [ 133.213974720956685, 34.243964999585103 ], [ 133.205846108711057, 34.238153612898941 ], [ 133.200344994426018, 34.239989441259752 ], [ 133.199601828861432, 34.249453251766226 ], [ 133.204150311088029, 34.258128305576918 ], [ 133.199673645122743, 34.259631559249101 ], [ 133.198838054432713, 34.268799721230209 ], [ 133.210199441650957, 34.276053892073492 ], [ 133.212802218147885, 34.284805828925926 ], [ 133.229013061004025, 34.291831386709191 ], [ 133.229046939364821, 34.291808891966866 ] ] ], [ [ [ 133.274317055687675, 34.301654495258788 ], [ 133.277772776192705, 34.300120829212972 ], [ 133.274295837083287, 34.301595080648497 ], [ 133.274317055687675, 34.301654495258788 ] ] ] ] } },
{ "type": "Feature", "properties": { "regioncode": "3838600", "regionname": "愛媛県久万高原町", "name": "久万高原町", "namekana": "くまこうげんちょう", "PrefCode": "38" }, "geometry": { "type": "Polygon", "coordinates": [ [ [ 133.109880271557358, 33.772089999853677 ], [ 133.117079727647365, 33.766429999644799 ], [ 133.133318612264247, 33.764798053887148 ], [ 133.135689441914224, 33.760650558676389 ], [ 133.157837224008745, 33.750295000214123 ], [ 133.161209728446238, 33.73152582895392 ], [ 133.139817223985801, 33.71569110775846 ], [ 133.144393333385665, 33.704446946269627 ], [ 133.125322218345786, 33.698325828574184 ], [ 133.120284449168025, 33.690608053618803 ], [ 133.121511946419218, 33.674126945602097 ], [ 133.116611115210844, 33.660217775430056 ], [ 133.106661660007717, 33.65665110826211 ], [ 133.090598611736596, 33.657828613100094 ], [ 133.075019727878157, 33.650618613358347 ], [ 133.067234448910767, 33.621665000339533 ], [ 133.079620000262821, 33.608699720815537 ], [ 133.056610830425598, 33.59575472100363 ], [ 133.046592503341458, 33.576328053596853 ], [ 133.062326939336799, 33.561623053561107 ], [ 133.060252217765651, 33.55409027904318 ], [ 133.064139999561348, 33.542509720747091 ], [ 133.037795836908458, 33.526233613190755 ], [ 133.034395279019009, 33.511991666881954 ], [ 133.01332917000525, 33.490512224959275 ], [ 133.013562502707373, 33.479880278751921 ], [ 132.959638053853155, 33.466312225029242 ], [ 132.951665551324254, 33.46657833262401 ], [ 132.944013333348721, 33.471968054182412 ], [ 132.915552776339609, 33.467660279098652 ], [ 132.899916666820786, 33.470695559352635 ], [ 132.89594610872598, 33.476180000206909 ], [ 132.901416939240448, 33.483617774840468 ], [ 132.895958612000413, 33.497785278867582 ], [ 132.90030639432473, 33.503758612769843 ], [ 132.900467782162536, 33.514464720670389 ], [ 132.909761115383276, 33.51777749483557 ], [ 132.916081946424697, 33.527083333129383 ], [ 132.914083332679752, 33.530338333047666 ], [ 132.921413605953262, 33.533614440953727 ], [ 132.91708055812137, 33.541689441014967 ], [ 132.926337781763323, 33.560494441265519 ], [ 132.915314721297364, 33.567951667335649 ], [ 132.911180557636726, 33.576443054403512 ], [ 132.906623333100356, 33.57513722530274 ], [ 132.898406393940036, 33.580219440774613 ], [ 132.897543332558826, 33.588034999915351 ], [ 132.880239999576361, 33.591361945597384 ], [ 132.866747223605557, 33.588815559290708 ], [ 132.862534163321016, 33.590861387443113 ], [ 132.866799727825196, 33.594639999636343 ], [ 132.86406444881527, 33.595785558756575 ], [ 132.853936393649747, 33.595007225203346 ], [ 132.851810272226317, 33.591749440983961 ], [ 132.846614448997684, 33.594600828765294 ], [ 132.844299999645386, 33.60746944106188 ], [ 132.851722502891221, 33.61057972117726 ], [ 132.857014720852703, 33.621596386564022 ], [ 132.850914994431491, 33.634157494572776 ], [ 132.83096944158649, 33.641354440654936 ], [ 132.835598885280433, 33.651617494851564 ], [ 132.831560830368062, 33.657472774748783 ], [ 132.835751115321727, 33.666170558924193 ], [ 132.825074994415559, 33.670995829094295 ], [ 132.821845551431124, 33.680509441357685 ], [ 132.833139170236564, 33.688321946400777 ], [ 132.853189170343967, 33.691603333327237 ], [ 132.852508326897805, 33.698645828941892 ], [ 132.856401115219342, 33.704089999953567 ], [ 132.872121387791822, 33.713861107903881 ], [ 132.875080272436662, 33.727945829336591 ], [ 132.878053605589457, 33.722520829172993 ], [ 132.893267224402962, 33.719513891952602 ], [ 132.89561194583473, 33.72385500040798 ], [ 132.90730083016922, 33.727822495411885 ], [ 132.953302776102305, 33.733711945949608 ], [ 132.953146108805981, 33.741344162103474 ], [ 132.962118884978622, 33.747770828960654 ], [ 132.98039888530036, 33.739791107573581 ], [ 132.992428054211359, 33.752387225290249 ], [ 132.992524448944209, 33.759110279016227 ], [ 133.010187497255288, 33.756230558993138 ], [ 133.031695837093253, 33.763385558896459 ], [ 133.05810693898411, 33.755230558743335 ], [ 133.073423060725759, 33.758871107915354 ], [ 133.083297782266868, 33.756422495002198 ], [ 133.100556393762645, 33.762254162299826 ], [ 133.102119169963771, 33.769136108244879 ], [ 133.109665551224225, 33.772287494572254 ], [ 133.109880271557358, 33.772089999853677 ] ] ] } },
{ "type": "Feature", "properties": { "regioncode": "3840100", "regionname": "愛媛県松前町", "name": "松前町", "namekana": "まさきちょう", "PrefCode": "38" }, "geometry": { "type": "Polygon", "coordinates": [ [ [ 132.71973805426785, 33.808255558747078 ], [ 132.75280610881498, 33.804741946183924 ], [ 132.770650830071759, 33.795678333088631 ], [ 132.7707794421176, 33.790540278710921 ], [ 132.744666666933199, 33.783944161593809 ], [ 132.745481659551047, 33.777827775231685 ], [ 132.732691659692364, 33.777683613008378 ], [ 132.732423891049848, 33.771477774679624 ], [ 132.725683332919516, 33.772158333040693 ], [ 132.725341388194579, 33.777951946425219 ], [ 132.722216666765803, 33.778011666805014 ], [ 132.715860272033979, 33.777877225353734 ], [ 132.713455551432617, 33.770766946037782 ], [ 132.709845837315584, 33.770254720978642 ], [ 132.709438054122984, 33.774304440997184 ], [ 132.70525111464724, 33.771278332928773 ], [ 132.703950558271686, 33.776813613357604 ], [ 132.698464837682195, 33.776373027393333 ], [ 132.692165836784056, 33.786355252093244 ], [ 132.699434915688926, 33.784281586326188 ], [ 132.702208833171198, 33.787775558595229 ], [ 132.68988255523584, 33.788297532305307 ], [ 132.68805061014757, 33.793333000117912 ], [ 132.692424086102733, 33.795589468379319 ], [ 132.685776031338833, 33.804994829248017 ], [ 132.719568884596356, 33.808269721270676 ], [ 132.71973805426785, 33.808255558747078 ] ] ] } },
{ "type": "Feature", "properties": { "regioncode": "3840200", "regionname": "愛媛県砥部町", "name": "砥部町", "namekana": "とべちょう", "PrefCode": "38" }, "geometry": { "type": "Polygon", "coordinates": [ [ [ 132.803617496850052, 33.782384720978143 ], [ 132.806850557807024, 33.78151361336262 ], [ 132.800804448966232, 33.782108612922173 ], [ 132.796705837304557, 33.778463613005385 ], [ 132.794427781716763, 33.765190829193443 ], [ 132.798665836858959, 33.755807495419617 ], [ 132.804991660037103, 33.753323333205287 ], [ 132.806795550774154, 33.741806386655469 ], [ 132.817448884658347, 33.732556387267493 ], [ 132.818330558408661, 33.725108333382934 ], [ 132.825373606206995, 33.716613613427569 ], [ 132.821295278754178, 33.709014162273832 ], [ 132.824618054279881, 33.704189161900331 ], [ 132.823923605889718, 33.694705279425136 ], [ 132.831949727797792, 33.687358053931121 ], [ 132.821845551431124, 33.680509441357685 ], [ 132.821613890568642, 33.676861387343195 ], [ 132.825074994415559, 33.670995829094295 ], [ 132.835523060740684, 33.666836107600318 ], [ 132.831560830368062, 33.657472774748783 ], [ 132.835598885280433, 33.651617494851564 ], [ 132.83096944158649, 33.641354440654936 ], [ 132.838015550677142, 33.638096386639006 ], [ 132.824620000412779, 33.629639720596685 ], [ 132.812798611766539, 33.628355828658641 ], [ 132.81381944211364, 33.623776945749512 ], [ 132.805141945744253, 33.624540828996089 ], [ 132.796428884785314, 33.61872749527771 ], [ 132.785016938580952, 33.624371386830092 ], [ 132.784548884623405, 33.617340559019624 ], [ 132.766306394124854, 33.607244999956833 ], [ 132.759366666738288, 33.620687494832055 ], [ 132.745615836601587, 33.627674441122622 ], [ 132.752929727824721, 33.643295279253778 ], [ 132.764551387836377, 33.647619440884569 ], [ 132.765514449332386, 33.660510279026198 ], [ 132.773179728161949, 33.667969721025884 ], [ 132.771586393896996, 33.672106667188984 ], [ 132.782153606004158, 33.679581386871575 ], [ 132.781220271598272, 33.682117775415065 ], [ 132.773819727998102, 33.679665828715088 ], [ 132.774327224421882, 33.686347224944541 ], [ 132.779770558164842, 33.692194999999288 ], [ 132.776666109253597, 33.699308613102062 ], [ 132.764658612205267, 33.706108054343304 ], [ 132.758910557576201, 33.722352225175086 ], [ 132.744879442032698, 33.725168613141022 ], [ 132.743606394119865, 33.733413333258795 ], [ 132.736414994156689, 33.73687722500398 ], [ 132.746639999836134, 33.747436945758466 ], [ 132.742544993556635, 33.758419999883131 ], [ 132.758841945599329, 33.759835279174865 ], [ 132.762133061391751, 33.770798333276502 ], [ 132.772334163091273, 33.777978053744221 ], [ 132.774344449137061, 33.78844222512862 ], [ 132.769962503366855, 33.791628613070088 ], [ 132.770650830071759, 33.795678333088631 ], [ 132.80326111530826, 33.782544161783676 ], [ 132.803617496850052, 33.782384720978143 ] ] ] } },
{ "type": "Feature", "properties": { "regioncode": "3842200", "regionname": "愛媛県内子町", "name": "内子町", "namekana": "うちこちょう", "PrefCode": "38" }, "geometry": { "type": "Polygon", "coordinates": [ [ [ 132.64397555073117, 33.654889161905373 ], [ 132.651865837238688, 33.65211166691995 ], [ 132.654594721169474, 33.638518612943699 ], [ 132.650920272052986, 33.62314805433931 ], [ 132.653798054036997, 33.620183333094417 ], [ 132.658223061145463, 33.62088027890178 ], [ 132.661203332567766, 33.616177775184212 ], [ 132.676265837398546, 33.621026387258041 ], [ 132.678311660155032, 33.615932774677844 ], [ 132.69080082959465, 33.617100558743857 ], [ 132.708488326874885, 33.605754999593614 ], [ 132.721510000186413, 33.612557494932503 ], [ 132.72831861181453, 33.624897494723655 ], [ 132.734022503435881, 33.626935279339705 ], [ 132.737628612170738, 33.623770000285333 ], [ 132.750306393725168, 33.627510829261439 ], [ 132.769047223750476, 33.60742722508644 ], [ 132.785062776126324, 33.617840829390843 ], [ 132.785016938580952, 33.624371386830092 ], [ 132.796428884785314, 33.61872749527771 ], [ 132.805141945744253, 33.624540828996089 ], [ 132.81381944211364, 33.623776945749512 ], [ 132.812798611766539, 33.628355828658641 ], [ 132.824620000412779, 33.629639720596685 ], [ 132.839742776008393, 33.639965828959873 ], [ 132.851193332806133, 33.633931387023949 ], [ 132.857539170396421, 33.619527495297746 ], [ 132.851349727607953, 33.610206387414905 ], [ 132.844299999645386, 33.60746944106188 ], [ 132.846614448997684, 33.594600828765294 ], [ 132.851810272226317, 33.591749440983961 ], [ 132.853936393649747, 33.595007225203346 ], [ 132.86406444881527, 33.595785558756575 ], [ 132.866799727825196, 33.594639999636343 ], [ 132.862534163321016, 33.590861387443113 ], [ 132.866747223605557, 33.588815559290708 ], [ 132.880239999576361, 33.591361945597384 ], [ 132.897543332558826, 33.588034999915351 ], [ 132.898406393940036, 33.580219440774613 ], [ 132.906623333100356, 33.57513722530274 ], [ 132.911180557636726, 33.576443054403512 ], [ 132.915314721297364, 33.567951667335649 ], [ 132.926289999883693, 33.560610279340949 ], [ 132.91708055812137, 33.541689441014967 ], [ 132.921413605953262, 33.533614440953727 ], [ 132.914083332679752, 33.530338333047666 ], [ 132.916081946424697, 33.527083333129383 ], [ 132.909761115383276, 33.51777749483557 ], [ 132.900467782162536, 33.514464720670389 ], [ 132.90030639432473, 33.503758612769843 ], [ 132.895958612000413, 33.497785278867582 ], [ 132.873708326977749, 33.497778053714285 ], [ 132.846860558368121, 33.511515829292136 ], [ 132.844833061097006, 33.5200000001999 ], [ 132.825399170335459, 33.53753999967131 ], [ 132.826926393638246, 33.542187494557254 ], [ 132.819259728054021, 33.549508054253351 ], [ 132.815331387733409, 33.545238333082636 ], [ 132.802306394124798, 33.543094720744818 ], [ 132.801095551418598, 33.536664161621786 ], [ 132.790412503034645, 33.528802495139075 ], [ 132.784003060892587, 33.529940278720915 ], [ 132.776645550751596, 33.540078613137553 ], [ 132.769432503207554, 33.540609440673222 ], [ 132.752234994349578, 33.528239441297217 ], [ 132.741055836757482, 33.530335829335115 ], [ 132.73655333326974, 33.520886666986144 ], [ 132.728909442117128, 33.520732774997612 ], [ 132.714161946416766, 33.509779440768625 ], [ 132.68723805379318, 33.507499162056718 ], [ 132.686792776065772, 33.503930278959274 ], [ 132.665083891008862, 33.491098892300101 ], [ 132.665967781587938, 33.496741945684278 ], [ 132.660063333056428, 33.504416946185188 ], [ 132.644673332908042, 33.502524440750392 ], [ 132.643746938570416, 33.514350558931199 ], [ 132.630700272199874, 33.520055000038269 ], [ 132.629570272250362, 33.535634440577041 ], [ 132.638204449176101, 33.541374162087948 ], [ 132.639733332627316, 33.552059440790629 ], [ 132.634457781801302, 33.556369440797084 ], [ 132.632742775558654, 33.567343332628752 ], [ 132.625657781581367, 33.566984441079171 ], [ 132.624218326714526, 33.57159916197179 ], [ 132.632331115388752, 33.578429162176121 ], [ 132.625137496798061, 33.585869999900638 ], [ 132.623221115262368, 33.594328891764974 ], [ 132.616144449007152, 33.597973891681818 ], [ 132.613871388253983, 33.613066945583114 ], [ 132.605378885127493, 33.618970829340356 ], [ 132.602215551306699, 33.626414440574024 ], [ 132.618928053986565, 33.649895829129264 ], [ 132.629331945612876, 33.649001108014772 ], [ 132.643733061131911, 33.655025559382125 ], [ 132.64397555073117, 33.654889161905373 ] ] ] } },
{ "type": "Feature", "properties": { "regioncode": "3844200", "regionname": "愛媛県伊方町", "name": "伊方町", "namekana": "いかたちょう", "PrefCode": "38" }, "geometry": { "type": "MultiPolygon", "coordinates": [ [ [ [ 132.363664747030498, 33.457364279138233 ], [ 132.361431894066754, 33.456508162321882 ], [ 132.363641024713615, 33.457410774987352 ], [ 132.363664747030498, 33.457364279138233 ] ] ], [ [ [ 132.35243756204386, 33.458236054050701 ], [ 132.348417977407848, 33.452777748394396 ], [ 132.343481633770466, 33.454137161800645 ], [ 132.346259727704364, 33.458598333346458 ], [ 132.352453695881422, 33.458251999929928 ], [ 132.35243756204386, 33.458236054050701 ] ] ], [ [ [ 132.358203060822689, 33.515287774810986 ], [ 132.377021659721891, 33.491100279054706 ], [ 132.37464444938189, 33.488785279317256 ], [ 132.377125278708718, 33.477202774888212 ], [ 132.371972580670104, 33.469795332588603 ], [ 132.364778612243185, 33.479665829114765 ], [ 132.352205616096398, 33.484258936600668 ], [ 132.353409830799137, 33.488737973178957 ], [ 132.346750830386554, 33.48742555924224 ], [ 132.342085149410195, 33.484263252447192 ], [ 132.34911416328805, 33.481421946066007 ], [ 132.353878053829135, 33.474251666681141 ], [ 132.324289728088502, 33.473010559090085 ], [ 132.316946108875868, 33.451685278952539 ], [ 132.306497470581917, 33.473315639705049 ], [ 132.299753333149852, 33.474683612858485 ], [ 132.295085837341617, 33.464908054163402 ], [ 132.286302218272795, 33.462033586181121 ], [ 132.28747389100738, 33.457508891921862 ], [ 132.282144994196187, 33.453954999623591 ], [ 132.280661114618852, 33.447152495291448 ], [ 132.25501583671155, 33.441207775118755 ], [ 132.255445279176342, 33.438457224721219 ], [ 132.248409169647516, 33.436446387390902 ], [ 132.237089170129138, 33.425450278707444 ], [ 132.22110861217277, 33.425184162119422 ], [ 132.202494448959669, 33.41447944097348 ], [ 132.182057224161667, 33.411918053975057 ], [ 132.154079728097031, 33.39031833312464 ], [ 132.153131660098097, 33.372760000073981 ], [ 132.144836109398966, 33.375659999809216 ], [ 132.129331659728336, 33.363608613147051 ], [ 132.103581115276256, 33.361838892151184 ], [ 132.102829442125085, 33.372066666843239 ], [ 132.105340973407237, 33.375115495383852 ], [ 132.112500272069951, 33.370569999805696 ], [ 132.117377496973972, 33.372318054334812 ], [ 132.111733332927088, 33.378774999566645 ], [ 132.115551997326861, 33.382396251985483 ], [ 132.120649727902673, 33.381109440848093 ], [ 132.12078693926594, 33.388348612798268 ], [ 132.116064720610439, 33.391311666700119 ], [ 132.094558054410754, 33.38759305367654 ], [ 132.083729170165157, 33.379951387446624 ], [ 132.076462503241942, 33.379995278859099 ], [ 132.072271945793773, 33.374839999766209 ], [ 132.066559169769903, 33.375968333271999 ], [ 132.058177782378834, 33.368255559446538 ], [ 132.049026938642328, 33.366224999983842 ], [ 132.050462217957033, 33.363361829285054 ], [ 132.047993605920283, 33.366174440997725 ], [ 132.051632503037695, 33.357613612778039 ], [ 132.024889727578966, 33.343827774732063 ], [ 132.012731114749158, 33.344165559193243 ], [ 132.026469441611539, 33.349430278584521 ], [ 132.039943332718735, 33.367481108266588 ], [ 132.078705577000846, 33.387896892327774 ], [ 132.084459999729233, 33.398160558962672 ], [ 132.107587496965493, 33.408245559085344 ], [ 132.120443060998582, 33.420010829136515 ], [ 132.128114993911936, 33.416370000275322 ], [ 132.127504721166019, 33.406698387020981 ], [ 132.13496778203762, 33.402748332569558 ], [ 132.138383333424144, 33.42133305377746 ], [ 132.147569169781377, 33.416066387353965 ], [ 132.153324162680065, 33.407121107952833 ], [ 132.16573083011383, 33.41133722503298 ], [ 132.169107224119216, 33.41950833294328 ], [ 132.147977497063948, 33.432505559084348 ], [ 132.156756393792648, 33.440093053751468 ], [ 132.164114721417377, 33.430317495056386 ], [ 132.173797497056853, 33.426346667165035 ], [ 132.176986939096082, 33.428741107616077 ], [ 132.172809727586923, 33.446210558870234 ], [ 132.180732503002673, 33.449023891839204 ], [ 132.194499727780226, 33.442127494688179 ], [ 132.198043891212706, 33.444502775083038 ], [ 132.194640558015408, 33.452322495386909 ], [ 132.199594163240135, 33.456091108018256 ], [ 132.21037055765521, 33.445561946226917 ], [ 132.21793888507159, 33.447546667244922 ], [ 132.22477785961064, 33.444520972864666 ], [ 132.225780557826511, 33.459223333390185 ], [ 132.232248884878231, 33.462236946278097 ], [ 132.239494968118379, 33.459918279105352 ], [ 132.242061946201943, 33.465636387209543 ], [ 132.246881115371252, 33.465081667385107 ], [ 132.250653476376897, 33.459086360347328 ], [ 132.247302580849464, 33.462084531875689 ], [ 132.243477497088861, 33.457961946086982 ], [ 132.250821946375822, 33.457434721235472 ], [ 132.253793060901103, 33.451442495274989 ], [ 132.260430830118821, 33.4501413867157 ], [ 132.265126938757248, 33.457074999611621 ], [ 132.265710829890963, 33.467472774948646 ], [ 132.258568053572844, 33.473748054429223 ], [ 132.267637782058046, 33.472999161981818 ], [ 132.27262749686156, 33.47753944059275 ], [ 132.277431388347964, 33.47314110827557 ], [ 132.281906109079728, 33.481547495020948 ], [ 132.284553865168846, 33.478249946377957 ], [ 132.29532999967978, 33.487341387195329 ], [ 132.304814162743469, 33.486142775268888 ], [ 132.308159727989164, 33.493127225041462 ], [ 132.318208053758781, 33.493193333305726 ], [ 132.321691114553346, 33.4992649999798 ], [ 132.339841946148908, 33.502746945615115 ], [ 132.357979441697921, 33.515465828884942 ], [ 132.358203060822689, 33.515287774810986 ] ] ] ] } },
{ "type": "Feature", "properties": { "regioncode": "3848400", "regionname": "愛媛県松野町", "name": "松野町", "namekana": "まつのちょう", "PrefCode": "38" }, "geometry": { "type": "Polygon", "coordinates": [ [ [ 132.772674721061549, 33.277342494860306 ], [ 132.787680000231944, 33.266165558593684 ], [ 132.771963890621123, 33.24127555921973 ], [ 132.775089999703823, 33.232531108324054 ], [ 132.770859169714981, 33.221042494915253 ], [ 132.775590557857981, 33.205971666859 ], [ 132.740786666971189, 33.201476946104208 ], [ 132.738405836859897, 33.195906387070181 ], [ 132.741911115405742, 33.189743333088416 ], [ 132.737216394421125, 33.186330558808322 ], [ 132.737772502798862, 33.181782775354861 ], [ 132.728105836715031, 33.16992694627163 ], [ 132.719416938740778, 33.166664999989791 ], [ 132.710405551075382, 33.152971667108829 ], [ 132.698601659638939, 33.146412495040693 ], [ 132.695835279374705, 33.137587224770641 ], [ 132.686214163053251, 33.135149440594262 ], [ 132.673348053569839, 33.150827495392662 ], [ 132.662380000136977, 33.154418892118201 ], [ 132.646964449349866, 33.17170805358387 ], [ 132.639596667152546, 33.172972225188119 ], [ 132.634498326836365, 33.178414999552615 ], [ 132.637085837341601, 33.184762494593485 ], [ 132.668597223882784, 33.204803053618093 ], [ 132.658647497084417, 33.213742775208971 ], [ 132.679608053568927, 33.229105559174286 ], [ 132.679559170019729, 33.23917222481839 ], [ 132.701436108689563, 33.24575082943727 ], [ 132.717634994159766, 33.24256055912258 ], [ 132.71891138755052, 33.247354999633558 ], [ 132.729880000361845, 33.24335472074381 ], [ 132.734490272308335, 33.254101945648301 ], [ 132.74278778173084, 33.261479721112266 ], [ 132.752529728264449, 33.258741387105374 ], [ 132.760750557892038, 33.261555559141812 ], [ 132.772596393708682, 33.277363892429719 ], [ 132.772674721061549, 33.277342494860306 ] ] ] } },
{ "type": "Feature", "properties": { "regioncode": "3848800", "regionname": "愛媛県鬼北町", "name": "鬼北町", "namekana": "きほくちょう", "PrefCode": "38" }, "geometry": { "type": "Polygon", "coordinates": [ [ [ 132.856780558076366, 33.377632775132497 ], [ 132.86017722370002, 33.368302774753317 ], [ 132.883797497256751, 33.362349162084229 ], [ 132.900435837344048, 33.343736945903402 ], [ 132.903501387878805, 33.330675829226209 ], [ 132.896202217658242, 33.312418332639993 ], [ 132.872461659777855, 33.30492638734296 ], [ 132.849563333181322, 33.289573891621842 ], [ 132.836939441701929, 33.289480279391455 ], [ 132.827865551154332, 33.283226946066748 ], [ 132.816943060973585, 33.283748333418885 ], [ 132.792940557560769, 33.27476833299221 ], [ 132.787141945744224, 33.26703889203128 ], [ 132.772296394263208, 33.277508053753706 ], [ 132.760750557892038, 33.261555559141812 ], [ 132.752529728264449, 33.258741387105374 ], [ 132.74278778173084, 33.261479721112266 ], [ 132.734490272308335, 33.254101945648301 ], [ 132.729880000361845, 33.24335472074381 ], [ 132.71922832662608, 33.247363613340156 ], [ 132.718091945986544, 33.242787774636156 ], [ 132.713536394189305, 33.241970000415222 ], [ 132.709604163401536, 33.246376946439 ], [ 132.704362502627419, 33.243145559120308 ], [ 132.701719170303477, 33.245774441137598 ], [ 132.685450271712739, 33.24252444055054 ], [ 132.679478327263041, 33.239074161843121 ], [ 132.679608053568927, 33.229105559174286 ], [ 132.664793606040121, 33.216803892085977 ], [ 132.657719727683343, 33.213385279407191 ], [ 132.637093333190819, 33.212918053725275 ], [ 132.634522775805522, 33.207417774910425 ], [ 132.626027497371183, 33.20277666700963 ], [ 132.612265279119356, 33.203040278985725 ], [ 132.615088054070497, 33.220241108140669 ], [ 132.612763606055637, 33.235653612923954 ], [ 132.607985551192314, 33.242341666834534 ], [ 132.609244994161259, 33.246388613343868 ], [ 132.603679727637427, 33.245724161840656 ], [ 132.601727223932357, 33.25199610843373 ], [ 132.608145837360553, 33.261428332951255 ], [ 132.616337781663333, 33.260869441171849 ], [ 132.619214720982654, 33.264217494841546 ], [ 132.620608326613024, 33.278690558822291 ], [ 132.636324993803441, 33.277765278744653 ], [ 132.639344448687439, 33.273337224733211 ], [ 132.653948053759791, 33.274796107654311 ], [ 132.659939441552069, 33.283398613155498 ], [ 132.665874720641909, 33.280696386928753 ], [ 132.6674680540076, 33.275171386650243 ], [ 132.672551114842122, 33.276429162276088 ], [ 132.673036939403346, 33.28604805367479 ], [ 132.665165278754671, 33.306851108292051 ], [ 132.668088612299698, 33.323092225026244 ], [ 132.656870558129867, 33.332724161990541 ], [ 132.662365836714002, 33.348951946275349 ], [ 132.690335836929421, 33.349433053892369 ], [ 132.714008326922794, 33.344924161620838 ], [ 132.721861387792842, 33.350746386936237 ], [ 132.724941660229547, 33.344351666696127 ], [ 132.749025551388172, 33.345810558610424 ], [ 132.754426938952179, 33.343024720614437 ], [ 132.780598326551626, 33.355985278697688 ], [ 132.784746938720332, 33.346471107955324 ], [ 132.801605550655722, 33.342688332800378 ], [ 132.821288612079798, 33.356992774796765 ], [ 132.825522503360958, 33.373031107899351 ], [ 132.843355278923013, 33.378948333099117 ], [ 132.853047497444095, 33.388216666965661 ], [ 132.856690558422542, 33.377829161886382 ], [ 132.856780558076366, 33.377632775132497 ] ] ] } },
{ "type": "Feature", "properties": { "regioncode": "3850600", "regionname": "愛媛県愛南町", "name": "愛南町", "namekana": "あいなんちょう", "PrefCode": "38" }, "geometry": { "type": "MultiPolygon", "coordinates": [ [ [ [ 132.560074746552345, 32.91259294580783 ], [ 132.563988689626399, 32.910561558968823 ], [ 132.556820531742233, 32.911774694046926 ], [ 132.559971141055371, 32.912614278626108 ], [ 132.560074746552345, 32.91259294580783 ] ] ], [ [ [ 132.501520389054804, 32.916161747966328 ], [ 132.500511724736384, 32.918854667109258 ], [ 132.501307275810177, 32.916666666933168 ], [ 132.501520389054804, 32.916161747966328 ] ] ], [ [ [ 132.427257224441405, 32.928460000328812 ], [ 132.425006108944785, 32.927626107558865 ], [ 132.427197224372435, 32.92851610813193 ], [ 132.427257224441405, 32.928460000328812 ] ] ], [ [ [ 132.432771387889261, 32.931984161939567 ], [ 132.429605278760619, 32.929809441152827 ], [ 132.432771387889261, 32.932006666574466 ], [ 132.432771387889261, 32.931984161939567 ] ] ], [ [ [ 132.409422502746338, 32.935350279391912 ], [ 132.41179722376296, 32.93485749497745 ], [ 132.409435836994362, 32.935437494744633 ], [ 132.409422502746338, 32.935350279391912 ] ] ], [ [ [ 132.40537027182063, 32.946165000214648 ], [ 132.406954163204091, 32.934921945791189 ], [ 132.403306939263871, 32.933707774694085 ], [ 132.405306938864214, 32.94621027928099 ], [ 132.40537027182063, 32.946165000214648 ] ] ], [ [ [ 132.455182775664639, 32.952103774969316 ], [ 132.458814228194115, 32.948775775281831 ], [ 132.455468249260321, 32.942838693950591 ], [ 132.435619196368862, 32.939808386947561 ], [ 132.436241166596574, 32.943947918661593 ], [ 132.450263773654342, 32.947123864574735 ], [ 132.455141996805764, 32.952107721194409 ], [ 132.455182775664639, 32.952103774969316 ] ] ], [ [ [ 132.38213791183523, 33.017735198021001 ], [ 132.382698470058358, 33.015054864890146 ], [ 132.382110803570754, 33.017729224724008 ], [ 132.38213791183523, 33.017735198021001 ] ] ], [ [ [ 132.453335135608086, 33.031335999656733 ], [ 132.454118858798324, 33.028756279079062 ], [ 132.453336200405374, 33.031409306094645 ], [ 132.453335135608086, 33.031335999656733 ] ] ], [ [ [ 132.648086394071925, 33.05830138699946 ], [ 132.66097111502495, 33.055410829246398 ], [ 132.678229728319366, 33.037709720727094 ], [ 132.676884448658484, 33.010635278895052 ], [ 132.686916394176365, 32.998048053674779 ], [ 132.681381114646797, 32.99381610762731 ], [ 132.687260272443723, 32.975973053713517 ], [ 132.691516394066412, 32.973571108419947 ], [ 132.686248054004523, 32.967956945756498 ], [ 132.686471114650317, 32.963091386858082 ], [ 132.681132503362392, 32.96412416200053 ], [ 132.683391659697349, 32.94683222522707 ], [ 132.67807472117147, 32.942863332676723 ], [ 132.653293606314946, 32.940116107972074 ], [ 132.655699442075615, 32.925265828755073 ], [ 132.644889339271685, 32.927904865017581 ], [ 132.599030168807303, 32.912616251738655 ], [ 132.594853969035512, 32.916318586133912 ], [ 132.599348637629532, 32.921946666705367 ], [ 132.590385524672342, 32.925064027183168 ], [ 132.586041414279862, 32.938499027108492 ], [ 132.600680219716423, 32.942682026654268 ], [ 132.602304577894074, 32.947636333350147 ], [ 132.590196809135477, 32.945606360245392 ], [ 132.588452308727142, 32.942076999653864 ], [ 132.579355577198157, 32.944161333179011 ], [ 132.581415188360324, 32.941029802083733 ], [ 132.577735382881656, 32.938580666664507 ], [ 132.573199299608063, 32.946852999566318 ], [ 132.564017886116631, 32.94719833293675 ], [ 132.564069300358028, 32.943489494644496 ], [ 132.557889804970614, 32.947487359753893 ], [ 132.555686615245122, 32.943965279174336 ], [ 132.551669753756187, 32.943642829053374 ], [ 132.552281919574966, 32.947264080572893 ], [ 132.548163449983349, 32.945119306310971 ], [ 132.549904254178045, 32.938852252029847 ], [ 132.562657133619837, 32.93342366716854 ], [ 132.565977133837691, 32.935132333190666 ], [ 132.567485188091041, 32.929303135431383 ], [ 132.540028249304328, 32.93561586537993 ], [ 132.54098586270743, 32.93840019791088 ], [ 132.535523865334198, 32.940490359942203 ], [ 132.536150310588482, 32.948365359773561 ], [ 132.52649552544824, 32.945080053601657 ], [ 132.524685382624398, 32.949271891684532 ], [ 132.512469274337604, 32.95009097262033 ], [ 132.507516291443721, 32.945237495214258 ], [ 132.50482032359912, 32.947004946321272 ], [ 132.504775422248031, 32.941506639719705 ], [ 132.516261894371041, 32.941242802013733 ], [ 132.517559390353654, 32.936907027437428 ], [ 132.527023864559737, 32.93282508111264 ], [ 132.516141166681564, 32.932148693807221 ], [ 132.496974694726418, 32.918608386867618 ], [ 132.504951659691415, 32.91467100026648 ], [ 132.527335693687405, 32.920550251592886 ], [ 132.526985498582007, 32.915024891585517 ], [ 132.519284254065155, 32.911918467763144 ], [ 132.522215888352662, 32.908915332876347 ], [ 132.516357912287845, 32.903414946142902 ], [ 132.499262749876038, 32.905500197875881 ], [ 132.492183553827999, 32.90312197310061 ], [ 132.491160051595216, 32.897838054082968 ], [ 132.485331309792173, 32.904475027400622 ], [ 132.472066589301676, 32.906170639763275 ], [ 132.477600389446479, 32.910057613068432 ], [ 132.474924968412665, 32.915280558950712 ], [ 132.477751114922057, 32.921874134583675 ], [ 132.473030220068608, 32.92385374835186 ], [ 132.470535032166026, 32.935182748285229 ], [ 132.460480751985187, 32.93809380158774 ], [ 132.466077950736917, 32.942867054071314 ], [ 132.466948444115474, 32.938960721060482 ], [ 132.477701439969564, 32.942173999630427 ], [ 132.477434863827966, 32.937893667358935 ], [ 132.48203466856512, 32.938237468284569 ], [ 132.484738911071986, 32.944617802069956 ], [ 132.492188080115852, 32.939751864556968 ], [ 132.495828391866894, 32.943407802028503 ], [ 132.494165719872171, 32.947663080986445 ], [ 132.499818002998495, 32.948520107916693 ], [ 132.502821140583251, 32.955954531676355 ], [ 132.481642412167616, 32.961519387209989 ], [ 132.480990220222566, 32.96778613482229 ], [ 132.469848807176731, 32.969604612562875 ], [ 132.477302775902444, 32.973163306341576 ], [ 132.484172023420228, 32.971549359615324 ], [ 132.487348884843186, 32.974622693782351 ], [ 132.484352969713882, 32.980417162422157 ], [ 132.497263671181599, 32.987784279121229 ], [ 132.499731025066808, 32.985413918917288 ], [ 132.493579339415078, 32.982172387245953 ], [ 132.498459169655007, 32.983596747891681 ], [ 132.505302891715132, 32.979671747653072 ], [ 132.499868249020551, 32.979431000040677 ], [ 132.496206641323511, 32.974787026899833 ], [ 132.504707419112151, 32.972724161990527 ], [ 132.498431166565183, 32.97171327904465 ], [ 132.501673476150017, 32.969252775295388 ], [ 132.492727587907893, 32.964643495301118 ], [ 132.50545230867715, 32.962864026553632 ], [ 132.505401283842275, 32.966599386752364 ], [ 132.511336978418854, 32.968240135074211 ], [ 132.51646968902503, 32.960891225149965 ], [ 132.523858832818973, 32.96495825172201 ], [ 132.523509558619253, 32.961430919101701 ], [ 132.52795108897169, 32.959829053867793 ], [ 132.530971750745721, 32.965754972813784 ], [ 132.549865472713464, 32.956862107700147 ], [ 132.553910894871933, 32.960313613082803 ], [ 132.544814837834565, 32.965046306142142 ], [ 132.537591970592985, 32.974892359994442 ], [ 132.537345836940858, 32.968378531743895 ], [ 132.531940855686003, 32.974226224960375 ], [ 132.530419299910818, 32.970620467860329 ], [ 132.523651283679897, 32.972245558985435 ], [ 132.524465357190593, 32.977553864919003 ], [ 132.521402607144637, 32.97392263991793 ], [ 132.513933671002178, 32.975835999731657 ], [ 132.514949493924064, 32.978174693907022 ], [ 132.511229441985279, 32.976744198086351 ], [ 132.51198450108393, 32.980927053740572 ], [ 132.5005942276415, 32.993475721427444 ], [ 132.506108612322691, 33.004885612680937 ], [ 132.496021336015929, 33.012118332894772 ], [ 132.494979467828216, 33.018401252116121 ], [ 132.490444577954918, 33.014959107776633 ], [ 132.491146756917374, 33.010949784405057 ], [ 132.484685031788899, 33.010984278801459 ], [ 132.481298807294138, 33.030019667373779 ], [ 132.484676615033777, 33.047222225025735 ], [ 132.475776939354319, 33.04775897279842 ], [ 132.476192386569437, 33.041986306422928 ], [ 132.470607860164705, 33.03945133341233 ], [ 132.470250117049318, 33.049830640271864 ], [ 132.458596719063394, 33.045938612776808 ], [ 132.45608466887245, 33.049202053731847 ], [ 132.450079921651081, 33.048283279349903 ], [ 132.448889390133331, 33.041282306333414 ], [ 132.455496109358023, 33.038872973109278 ], [ 132.452137056080346, 33.035165080903823 ], [ 132.44968102465964, 33.039930666666976 ], [ 132.442656161152968, 33.041673414296667 ], [ 132.443591284310401, 33.046950919349513 ], [ 132.438873502010551, 33.051217946151326 ], [ 132.432148417615394, 33.050990081327257 ], [ 132.430242361196065, 33.045498414420365 ], [ 132.428687665403459, 33.053469972661162 ], [ 132.416548300763566, 33.057881053767687 ], [ 132.407061893891409, 33.053006864974918 ], [ 132.410817523010337, 33.044162828551748 ], [ 132.408523943325349, 33.04034053179015 ], [ 132.412165227243463, 33.038756278879191 ], [ 132.404054773209282, 33.034176612660588 ], [ 132.411002581004368, 33.026694162405704 ], [ 132.404200466978068, 33.02916838711144 ], [ 132.399883748136517, 33.026745494808779 ], [ 132.395824331627637, 33.013266721282207 ], [ 132.393633528264786, 33.01994789178184 ], [ 132.383247951331896, 33.018288558969857 ], [ 132.378720777641888, 33.021495386702782 ], [ 132.397131114909143, 33.025266108244352 ], [ 132.40611972814304, 33.044231386569265 ], [ 132.402750558391631, 33.055444721097047 ], [ 132.410054449153563, 33.060159999684288 ], [ 132.422146394340643, 33.059990278728435 ], [ 132.434353060645321, 33.052122774746294 ], [ 132.470389727803763, 33.055458612924724 ], [ 132.481219442123574, 33.053020828748288 ], [ 132.493908611793017, 33.044441107571117 ], [ 132.503030271629768, 33.044004440852291 ], [ 132.506336939398352, 33.038963891870139 ], [ 132.519367223718518, 33.041482224724916 ], [ 132.53350916991235, 33.035590559157015 ], [ 132.545087496990504, 33.043283332959504 ], [ 132.564013332849072, 33.039970000315293 ], [ 132.574422775990342, 33.041907495234796 ], [ 132.578146108656028, 33.04748055888075 ], [ 132.586307496693735, 33.047488891998796 ], [ 132.598024162884826, 33.054777495185306 ], [ 132.619101388418358, 33.0508430538639 ], [ 132.637423605615027, 33.063471666784039 ], [ 132.647962386554923, 33.058333332717154 ], [ 132.648086394071925, 33.05830138699946 ] ] ] ] } }
]
}
