{
"type": "FeatureCollection",
"name": "45_miyazaki_region",
"crs": { "type": "name", "properties": { "name": "urn:ogc:def:crs:OGC:1.3:CRS84" } },
"features": [
{ "type": "Feature", "properties": { "regioncode": "4520100", "regionname": "宮崎県宮崎市", "name": "宮崎市", "namekana": "みやざきし", "PrefCode": "45" }, "geometry": { "type": "MultiPolygon", "coordinates": [ [ [ [ 131.476896108968276, 31.804251387091881 ], [ 131.473051387611463, 31.803439999856153 ], [ 131.477069170006303, 31.804288054250378 ], [ 131.476896108968276, 31.804251387091881 ] ] ], [ [ [ 131.424695550759111, 32.052995828694577 ], [ 131.443774060024907, 32.056853892393292 ], [ 131.472154448768833, 32.049269720721099 ], [ 131.486769532787775, 32.041374495136893 ], [ 131.507543191265313, 32.046278350765306 ], [ 131.503445810775588, 32.043918829190659 ], [ 131.472449053181322, 31.946245360235253 ], [ 131.4701269128268, 31.934266747612355 ], [ 131.472875161859292, 31.931878107788521 ], [ 131.469142826979919, 31.931020892000618 ], [ 131.472427471250853, 31.926600386898372 ], [ 131.467084890355522, 31.924345972688513 ], [ 131.473084188584494, 31.927794414081006 ], [ 131.475182282636297, 31.919268252028246 ], [ 131.469301633763507, 31.923141080796313 ], [ 131.467102386665829, 31.917347828939228 ], [ 131.459648248867666, 31.91601699958494 ], [ 131.454460336974989, 31.898469414332055 ], [ 131.461178106284592, 31.900965774950578 ], [ 131.463929273617168, 31.91363719829809 ], [ 131.472494552581566, 31.912124694199349 ], [ 131.486361478899198, 31.923071054185868 ], [ 131.469063942946718, 31.911961612938114 ], [ 131.464720168900726, 31.896065693776791 ], [ 131.460821750823243, 31.895923946233211 ], [ 131.466183281333429, 31.894297107725379 ], [ 131.460670245635356, 31.895094747924304 ], [ 131.457456666691883, 31.883224278777504 ], [ 131.458950311108083, 31.879609414243134 ], [ 131.463926524389649, 31.880436721277704 ], [ 131.461907392612147, 31.873286387057192 ], [ 131.46102824865477, 31.875709945757421 ], [ 131.456069105404936, 31.872969251929476 ], [ 131.452933060612281, 31.861220441270405 ], [ 131.45104916978346, 31.836696000120355 ], [ 131.454421945816193, 31.81576305372198 ], [ 131.464426108578095, 31.805062775226929 ], [ 131.472038611592666, 31.803196108213854 ], [ 131.470367781847699, 31.79658222498972 ], [ 131.474703709308756, 31.79413201757859 ], [ 131.475120143080176, 31.796834000089063 ], [ 131.480796394038407, 31.786615278872091 ], [ 131.488545005847413, 31.785004711798081 ], [ 131.4764236060646, 31.762541945754265 ], [ 131.477243358793999, 31.752395252139252 ], [ 131.477784500654252, 31.757633413651149 ], [ 131.473606252226773, 31.759360027443336 ], [ 131.470881724612013, 31.758139413603089 ], [ 131.474611607939437, 31.755482360322731 ], [ 131.46838111469674, 31.752558053711255 ], [ 131.474237782247883, 31.738740558629956 ], [ 131.469003450049286, 31.735971892289058 ], [ 131.470635551389591, 31.741366945927837 ], [ 131.463247458003821, 31.733994008816524 ], [ 131.468230558293726, 31.72089638685884 ], [ 131.463672776177759, 31.721449441138873 ], [ 131.459814162993325, 31.728897225226831 ], [ 131.431443060648803, 31.730055829013338 ], [ 131.416006938769328, 31.73838499996782 ], [ 131.410071388084134, 31.749429162126205 ], [ 131.396897223927795, 31.751057774996355 ], [ 131.396040830120228, 31.76789389218942 ], [ 131.385215278762189, 31.770256108132912 ], [ 131.379868327161603, 31.779197495268249 ], [ 131.374498885315347, 31.777624440715442 ], [ 131.372813332769169, 31.771048613202993 ], [ 131.361606939208968, 31.773623053860888 ], [ 131.358663890726007, 31.771163053731982 ], [ 131.337033606415844, 31.777832495273515 ], [ 131.336869169876309, 31.781908891881926 ], [ 131.310057223961735, 31.781271386765127 ], [ 131.307732502552994, 31.76583444110662 ], [ 131.300768327096648, 31.767483332789652 ], [ 131.287886939031068, 31.763583613393109 ], [ 131.266764448820368, 31.769151108436972 ], [ 131.267021387826844, 31.778471945623835 ], [ 131.264045836945911, 31.780624440565532 ], [ 131.254441115265308, 31.776423333170328 ], [ 131.251470558319625, 31.7793516669459 ], [ 131.241284449218028, 31.777999720610694 ], [ 131.237370558304633, 31.784732225311984 ], [ 131.241148885412827, 31.795634720865735 ], [ 131.239265551264225, 31.80775582926816 ], [ 131.221543332958504, 31.827595558887992 ], [ 131.23431610900127, 31.839837494804613 ], [ 131.242177496694126, 31.839862225261527 ], [ 131.244241946208945, 31.846302774953131 ], [ 131.242342218318754, 31.851133612826004 ], [ 131.237181115216345, 31.85122472134384 ], [ 131.238230272409169, 31.860430278934302 ], [ 131.248127224292034, 31.856570278995207 ], [ 131.254363606295442, 31.86029722513689 ], [ 131.24974221782918, 31.866329999729771 ], [ 131.254285837421548, 31.876644720877209 ], [ 131.248864448935251, 31.874998892285078 ], [ 131.246876939119488, 31.87925082936232 ], [ 131.251599170365466, 31.887333891845685 ], [ 131.244064162830909, 31.885445559265179 ], [ 131.24308805397061, 31.878686946345567 ], [ 131.238980830401033, 31.8767186127738 ], [ 131.217298053562331, 31.881531946242376 ], [ 131.206639441557058, 31.862924721298896 ], [ 131.195731114799173, 31.869857225330747 ], [ 131.190099999915105, 31.880905278855607 ], [ 131.190893060766257, 31.909856666951669 ], [ 131.200163606065644, 31.918324999898857 ], [ 131.210664449105138, 31.912061667012381 ], [ 131.220410000121433, 31.919545828677087 ], [ 131.214850000027582, 31.93063333276217 ], [ 131.206873332738155, 31.931649161979294 ], [ 131.207579441737948, 31.936747774790035 ], [ 131.193673891337085, 31.945228891600095 ], [ 131.193329170404922, 31.952933612895947 ], [ 131.200216666965616, 31.963665829014872 ], [ 131.206590000428264, 31.965998891635593 ], [ 131.208552776189777, 31.971770000385277 ], [ 131.204344163052724, 31.975228053731769 ], [ 131.209934162731543, 31.978754441164597 ], [ 131.20744583665612, 31.98222110821763 ], [ 131.200735550605259, 31.981038333352444 ], [ 131.19732527913834, 31.988472224713462 ], [ 131.213809169657566, 31.995835000385 ], [ 131.225228885105025, 31.971396108143949 ], [ 131.253026393553228, 31.980847224719696 ], [ 131.25834805441923, 31.978056945871401 ], [ 131.277435279014981, 31.983411387025967 ], [ 131.282637223928759, 31.980392225320998 ], [ 131.292831945837747, 31.981750278952291 ], [ 131.31209000025342, 31.96635472099365 ], [ 131.326602218018024, 31.965453333204835 ], [ 131.33188277626914, 31.978343333178316 ], [ 131.347456393697712, 31.981333613155755 ], [ 131.352153605804347, 31.976912494715918 ], [ 131.36032250318101, 31.978690279033231 ], [ 131.371404721051135, 31.968099721425062 ], [ 131.379883605743885, 31.992166946347538 ], [ 131.376476938759765, 31.996989441209791 ], [ 131.378517496885024, 32.003465279399165 ], [ 131.384794720699915, 32.006792774566918 ], [ 131.388992218216345, 32.015034721175482 ], [ 131.386053332695155, 32.033291667376602 ], [ 131.39131944243843, 32.036259720609678 ], [ 131.392420557962396, 32.044404999990832 ], [ 131.398450558146806, 32.047652225270042 ], [ 131.393957496641178, 32.051605000170696 ], [ 131.400750272107416, 32.057857224631277 ], [ 131.402131946432291, 32.065118332844861 ], [ 131.418591387982246, 32.060611386706171 ], [ 131.423707782188444, 32.053517494836569 ], [ 131.424695550759111, 32.052995828694577 ] ] ] ] } },
{ "type": "Feature", "properties": { "regioncode": "4520200", "regionname": "宮崎県都城市", "name": "都城市", "namekana": "みやこのじょうし", "PrefCode": "45" }, "geometry": { "type": "Polygon", "coordinates": [ [ [ 131.18257333269321, 31.941798612915704 ], [ 131.207579441737948, 31.936747774790035 ], [ 131.206315279126898, 31.932232494633979 ], [ 131.21464805366486, 31.930825559252185 ], [ 131.220401659808772, 31.919701108319543 ], [ 131.210664449105138, 31.912061667012381 ], [ 131.200163606065644, 31.918324999898857 ], [ 131.190893060766257, 31.909856666951669 ], [ 131.190099999915105, 31.880905278855607 ], [ 131.195731114799173, 31.869857225330747 ], [ 131.206639441557058, 31.862924721298896 ], [ 131.217298053562331, 31.881531946242376 ], [ 131.238980830401033, 31.8767186127738 ], [ 131.246488326774966, 31.887478892237141 ], [ 131.25179639438818, 31.886888053840664 ], [ 131.246876939119488, 31.87925082936232 ], [ 131.248864448935251, 31.874998892285078 ], [ 131.254285837421548, 31.876644720877209 ], [ 131.24974221782918, 31.866329999729771 ], [ 131.254363606295442, 31.86029722513689 ], [ 131.248127224292034, 31.856570278995207 ], [ 131.238230272409169, 31.860430278934302 ], [ 131.237181115216345, 31.85122472134384 ], [ 131.242342218318754, 31.851133612826004 ], [ 131.244241946208945, 31.846302774953131 ], [ 131.242177496694126, 31.839862225261527 ], [ 131.23431610900127, 31.839837494804613 ], [ 131.221543332958504, 31.827595558887992 ], [ 131.23919610921314, 31.807913332933992 ], [ 131.240032217912585, 31.797740279290508 ], [ 131.233206666654382, 31.797116666900706 ], [ 131.226340557770641, 31.782463054126708 ], [ 131.220008054428263, 31.783479440923486 ], [ 131.214319999868167, 31.771610828876703 ], [ 131.205994162700563, 31.76908944102496 ], [ 131.205128326910767, 31.760681108146684 ], [ 131.190693890610646, 31.759528892244646 ], [ 131.183493061255831, 31.754882495430877 ], [ 131.170769728140499, 31.735884999792972 ], [ 131.149422217661254, 31.739942495349908 ], [ 131.14688138826557, 31.750964721244941 ], [ 131.13351583668657, 31.759586946180661 ], [ 131.136454162829409, 31.761528333365959 ], [ 131.126738612297231, 31.76988138671669 ], [ 131.126552217910557, 31.774472774698836 ], [ 131.12046111508846, 31.770603332777625 ], [ 131.111432217622792, 31.771861945672299 ], [ 131.102995279108882, 31.761315828962381 ], [ 131.108386108632089, 31.751386107582846 ], [ 131.100946109075721, 31.74079222518111 ], [ 131.101231115024007, 31.731867224592804 ], [ 131.107308054423243, 31.72969555880303 ], [ 131.095411114631247, 31.728468333147134 ], [ 131.100537224213554, 31.72489889157066 ], [ 131.095642217914133, 31.710546972564771 ], [ 131.115351115062026, 31.698948613088078 ], [ 131.129338611687672, 31.675312224579557 ], [ 131.135754993897876, 31.676230559193016 ], [ 131.145379999787224, 31.668101667258213 ], [ 131.160585836767041, 31.670626108308284 ], [ 131.168897497021931, 31.668349441273733 ], [ 131.179980830051363, 31.656325278888573 ], [ 131.180691387997172, 31.65091082867184 ], [ 131.197484720843249, 31.644492494932763 ], [ 131.20246333261673, 31.635072225103158 ], [ 131.197541945604371, 31.632584161629779 ], [ 131.193682218159893, 31.619907774923945 ], [ 131.179045278816602, 31.626912495415411 ], [ 131.164420000083055, 31.639451945950611 ], [ 131.150321660216491, 31.629986108372236 ], [ 131.127809728236457, 31.626480279441409 ], [ 131.114988611835088, 31.630712224589558 ], [ 131.11329138788733, 31.63521055882029 ], [ 131.079268715578792, 31.660214198326628 ], [ 131.071736394319259, 31.657416386756893 ], [ 131.054364994349044, 31.633368892060787 ], [ 131.052684163243612, 31.639660279298482 ], [ 131.047534720750832, 31.642068332787403 ], [ 131.044658053926128, 31.654384999668025 ], [ 131.025595279198797, 31.666897775412053 ], [ 131.029021660221474, 31.674143053758996 ], [ 131.023512218214364, 31.674976108360738 ], [ 131.026834162766477, 31.681934162131938 ], [ 131.023668612116808, 31.691771387339713 ], [ 131.029192218446155, 31.69691666687072 ], [ 131.013056666831744, 31.713127495337687 ], [ 131.017733890606678, 31.72486777502786 ], [ 131.01679722421261, 31.747323333005454 ], [ 131.00644389067304, 31.749267775187718 ], [ 130.997882503075175, 31.745916946210173 ], [ 130.990618053880098, 31.751187225210344 ], [ 130.978516666710902, 31.751568332712452 ], [ 130.977724994413052, 31.758448613113046 ], [ 130.98372306057081, 31.764260828974102 ], [ 130.98277555105085, 31.767390829423277 ], [ 130.98843666731841, 31.765459162110687 ], [ 130.991689169819438, 31.771178891692557 ], [ 130.986984994262116, 31.780147774700083 ], [ 130.980252503050679, 31.778539161852905 ], [ 130.971404994345107, 31.784590000228377 ], [ 130.966031660232943, 31.781234440816831 ], [ 130.930899169660961, 31.785700829329869 ], [ 130.916936393599713, 31.804313891772722 ], [ 130.901323891284619, 31.800951946275347 ], [ 130.890511114796141, 31.806476666864739 ], [ 130.884115550991964, 31.805551946165451 ], [ 130.881606393920038, 31.813232494583985 ], [ 130.876823060935521, 31.815795279128906 ], [ 130.877723891144683, 31.828303333432132 ], [ 130.882024720764321, 31.831728891575153 ], [ 130.875021660421339, 31.842685279002467 ], [ 130.888391115057971, 31.848551946115492 ], [ 130.887823605974745, 31.861481667345117 ], [ 130.894570272300257, 31.87796638703918 ], [ 130.904010829935942, 31.885184999588091 ], [ 130.928870829725042, 31.88489138712788 ], [ 130.948987224081179, 31.890531387313729 ], [ 130.981757781996066, 31.879997774777507 ], [ 130.999897223677976, 31.884349999752715 ], [ 130.999450272312288, 31.888898053902096 ], [ 131.012475551005991, 31.90696305420164 ], [ 131.020046108740985, 31.915299441316222 ], [ 131.026439999806257, 31.914549440904011 ], [ 131.022868327011793, 31.91918638674241 ], [ 131.029180271852169, 31.925846945680064 ], [ 131.028468884731296, 31.931301946327835 ], [ 131.040426108777979, 31.929936108164895 ], [ 131.056623333200378, 31.916357775191216 ], [ 131.066826938612394, 31.916658333115606 ], [ 131.083311387610479, 31.90936500039453 ], [ 131.087796393888539, 31.912250558816311 ], [ 131.096496938982568, 31.910180278996734 ], [ 131.103150557852018, 31.924214161754207 ], [ 131.099533061002035, 31.922910559374884 ], [ 131.087508054153432, 31.930649441418666 ], [ 131.090311660055136, 31.938593892294364 ], [ 131.098364721155008, 31.937666945773003 ], [ 131.102140829635687, 31.93081749503142 ], [ 131.132138327122107, 31.944715000097233 ], [ 131.152846394445646, 31.94282972071511 ], [ 131.152496666987645, 31.937172225118161 ], [ 131.17017166009407, 31.9389549997735 ], [ 131.175095836803507, 31.944800000419718 ], [ 131.182297223737919, 31.941857774816526 ], [ 131.18257333269321, 31.941798612915704 ] ] ] } },
{ "type": "Feature", "properties": { "regioncode": "4520300", "regionname": "宮崎県延岡市", "name": "延岡市", "namekana": "のべおかし", "PrefCode": "45" }, "geometry": { "type": "MultiPolygon", "coordinates": [ [ [ [ 131.818398053627334, 32.67424889207274 ], [ 131.821947496979419, 32.668755000243095 ], [ 131.836560830018357, 32.670543053918834 ], [ 131.836823060635766, 32.665775000415977 ], [ 131.829204994415022, 32.661969162147159 ], [ 131.830135279219803, 32.658358054080963 ], [ 131.823828884995123, 32.65753138736369 ], [ 131.826978053594416, 32.655682224754912 ], [ 131.812739999551354, 32.65759500000928 ], [ 131.815628053591809, 32.661334721020637 ], [ 131.811336471700884, 32.660455198448687 ], [ 131.806718053695249, 32.665360829338852 ], [ 131.814423151807091, 32.666272568324416 ], [ 131.813935837069266, 32.669519441069383 ], [ 131.808513060929045, 32.670033332572302 ], [ 131.818404721200977, 32.674277225213814 ], [ 131.818398053627334, 32.67424889207274 ] ] ], [ [ [ 131.845019169698958, 32.686282775229927 ], [ 131.847450271912635, 32.682013054059269 ], [ 131.844180272201811, 32.680830000404228 ], [ 131.841329442000188, 32.684739161782943 ], [ 131.844952502955721, 32.686260278688962 ], [ 131.845019169698958, 32.686282775229927 ] ] ], [ [ [ 131.855894994058758, 32.697131946382285 ], [ 131.855482217830172, 32.694664721100025 ], [ 131.855881945795204, 32.697143332698715 ], [ 131.855894994058758, 32.697131946382285 ] ] ], [ [ [ 131.865430271889636, 32.715456946081247 ], [ 131.868221114612766, 32.713034721075587 ], [ 131.865376939394309, 32.715479440823572 ], [ 131.865430271889636, 32.715456946081247 ] ] ], [ [ [ 131.76742861244054, 32.838655828603635 ], [ 131.787272218138469, 32.833645000416482 ], [ 131.787799169596042, 32.827931108334042 ], [ 131.793900557964434, 32.821945279251281 ], [ 131.798151659571545, 32.824891108437953 ], [ 131.806660558238264, 32.822150278812387 ], [ 131.824427782216389, 32.829927224661731 ], [ 131.834499727780326, 32.819697775432019 ], [ 131.847970830089821, 32.817771945618858 ], [ 131.855088053970576, 32.82316777537261 ], [ 131.858190557648186, 32.821938612576957 ], [ 131.860078053859183, 32.806070558909198 ], [ 131.844209441712451, 32.77664055881479 ], [ 131.849449442337914, 32.7627338923553 ], [ 131.849805278890585, 32.755958332610987 ], [ 131.84412389100487, 32.747655558557256 ], [ 131.847009169737476, 32.735929999869654 ], [ 131.885707224009252, 32.745868054367293 ], [ 131.8772169386109, 32.739320559096598 ], [ 131.877130557828991, 32.733812494850781 ], [ 131.861653060840126, 32.734609721361608 ], [ 131.858109999976591, 32.731488892198684 ], [ 131.860608054018485, 32.724103891581365 ], [ 131.864917223950783, 32.723010828586894 ], [ 131.865044163257608, 32.716375278896066 ], [ 131.850162632599449, 32.722110251986578 ], [ 131.849946109125653, 32.718718332984736 ], [ 131.853559663347824, 32.718879360194364 ], [ 131.846862776296121, 32.714228613359865 ], [ 131.845990829613129, 32.707660000208875 ], [ 131.848821388196598, 32.703350829377314 ], [ 131.854961659652986, 32.702539720931441 ], [ 131.856320557747608, 32.697718054344762 ], [ 131.85101277611875, 32.693323892183912 ], [ 131.849287782005604, 32.696264440551545 ], [ 131.846211114951075, 32.690794720699841 ], [ 131.838645278656713, 32.691419720743568 ], [ 131.834065278789694, 32.694953161559226 ], [ 131.838571660154003, 32.694129441020948 ], [ 131.837855422090115, 32.697632874157875 ], [ 131.834167859958825, 32.697839819851879 ], [ 131.835132944030192, 32.69552109871978 ], [ 131.833088327264591, 32.699951197789574 ], [ 131.826347536209937, 32.700002936686246 ], [ 131.831663864995448, 32.699881567780153 ], [ 131.828936977559579, 32.704021972735916 ], [ 131.82683330681175, 32.701150306141756 ], [ 131.825614383696916, 32.703631089603164 ], [ 131.829833606136049, 32.705062775226963 ], [ 131.826643268372209, 32.706562811124911 ], [ 131.81950199661992, 32.701333972884584 ], [ 131.822637172667442, 32.705276152872216 ], [ 131.816840960242189, 32.70283940471478 ], [ 131.820556121667778, 32.697269387072595 ], [ 131.814841387819911, 32.696629441195796 ], [ 131.818111660025124, 32.694669440742132 ], [ 131.816146939030091, 32.687199721290142 ], [ 131.809239222112524, 32.68393966718196 ], [ 131.811071946013612, 32.687075279400688 ], [ 131.808034993919932, 32.686669441441609 ], [ 131.792283890789008, 32.677616387286491 ], [ 131.789780830221162, 32.662044162008499 ], [ 131.785271660059152, 32.664039441067416 ], [ 131.786063333256266, 32.673808333088175 ], [ 131.77716555064967, 32.674027774861997 ], [ 131.771996666612949, 32.666273613336614 ], [ 131.77201583656165, 32.657864441390927 ], [ 131.762377497323655, 32.658168054312284 ], [ 131.76288917019906, 32.654147225014469 ], [ 131.771061387872805, 32.652130559178033 ], [ 131.764509727841755, 32.652128053666786 ], [ 131.767362503277013, 32.647338332797858 ], [ 131.763612503014656, 32.644603332577788 ], [ 131.765367522792985, 32.642618973087167 ], [ 131.750598612436079, 32.645330278869324 ], [ 131.756354721393336, 32.642334162291831 ], [ 131.757600557619753, 32.634999440971455 ], [ 131.759221387756952, 32.641142774619425 ], [ 131.761705550870488, 32.637730000339275 ], [ 131.77025416269953, 32.643185558566699 ], [ 131.773605278560808, 32.640116387361445 ], [ 131.773154163334084, 32.634197225021978 ], [ 131.761050271552904, 32.621643891652354 ], [ 131.763271114970053, 32.613479441423124 ], [ 131.752895278594337, 32.610670828995637 ], [ 131.755355278723187, 32.602805558929447 ], [ 131.747560557773568, 32.601406387394888 ], [ 131.742291660132082, 32.591734441391395 ], [ 131.712466419689576, 32.589637081186424 ], [ 131.693184136638706, 32.566465667356738 ], [ 131.682441089085046, 32.541949919053593 ], [ 131.682301893817453, 32.532578558853459 ], [ 131.688035356946216, 32.523574918847487 ], [ 131.685827392720057, 32.521111747709028 ], [ 131.689669390030417, 32.519717278729502 ], [ 131.68344041484329, 32.516309946247077 ], [ 131.686243800411148, 32.513223386649997 ], [ 131.682978949319136, 32.513054306011441 ], [ 131.684536135334497, 32.509167613294778 ], [ 131.692325965770806, 32.5075523328739 ], [ 131.687774423151154, 32.513453306424992 ], [ 131.692609299879337, 32.51512697263172 ], [ 131.697625279383146, 32.510426333208784 ], [ 131.695482671588138, 32.507065162027629 ], [ 131.698964553371525, 32.510879801961323 ], [ 131.700933411248002, 32.505735748206291 ], [ 131.697683605813836, 32.514539306144115 ], [ 131.700446640600035, 32.517860918846395 ], [ 131.711089300430899, 32.516032386685367 ], [ 131.71433455259762, 32.519818251910863 ], [ 131.709974811987991, 32.50261155917616 ], [ 131.723944279904686, 32.500845225027149 ], [ 131.728091750833642, 32.496725955038869 ], [ 131.707646109280631, 32.498164721025091 ], [ 131.683622775770573, 32.489871387154835 ], [ 131.676382776444029, 32.497525278768649 ], [ 131.668560000243929, 32.497115278747174 ], [ 131.664019441943765, 32.50768527875266 ], [ 131.651221946235864, 32.511605559349164 ], [ 131.642286667295934, 32.51941889176851 ], [ 131.629967781787741, 32.522364720955181 ], [ 131.615869441921291, 32.516495559122802 ], [ 131.611987496725646, 32.52891110826107 ], [ 131.604688884984171, 32.533540828946172 ], [ 131.591904720826278, 32.525718613023628 ], [ 131.581532775816981, 32.536873891816697 ], [ 131.582086938961083, 32.546371945808687 ], [ 131.565932218297348, 32.54545944060078 ], [ 131.562867496937542, 32.539172225317998 ], [ 131.548619728417748, 32.535547225424182 ], [ 131.530474449236522, 32.543655279167865 ], [ 131.528098053682243, 32.540417774660625 ], [ 131.521104162826873, 32.542338892026294 ], [ 131.504860830163238, 32.557124161950583 ], [ 131.475583332604742, 32.567137774788534 ], [ 131.460139442381433, 32.557583612993369 ], [ 131.444437223698969, 32.559109721136792 ], [ 131.430473060883173, 32.555998612745839 ], [ 131.428778612243264, 32.559891667266697 ], [ 131.440239727981179, 32.568941946113966 ], [ 131.440720830202167, 32.576561387398158 ], [ 131.447634994359532, 32.576888891709018 ], [ 131.446033060777154, 32.593812494950726 ], [ 131.450076938799725, 32.597857775016337 ], [ 131.448596108823381, 32.606399441381143 ], [ 131.452308054273317, 32.614089440775103 ], [ 131.448668612166784, 32.626618891748535 ], [ 131.434965551319237, 32.633643613162292 ], [ 131.440692218271352, 32.64079999982016 ], [ 131.436957224096659, 32.643519162079713 ], [ 131.440510000336303, 32.654770829310394 ], [ 131.434117496924955, 32.661317775095313 ], [ 131.447986938646409, 32.67192444135992 ], [ 131.447139441831837, 32.679161107798961 ], [ 131.451956939161505, 32.68411472111751 ], [ 131.45296722405817, 32.69306194575222 ], [ 131.475688326655018, 32.704636108069963 ], [ 131.480121659686915, 32.710496945777493 ], [ 131.485069441801329, 32.725056666631929 ], [ 131.481331114739191, 32.738235000045279 ], [ 131.490360558093357, 32.748499162206599 ], [ 131.488688612289707, 32.75642610777868 ], [ 131.482025837422498, 32.760677495370146 ], [ 131.488489442134096, 32.766956667116574 ], [ 131.489738327062241, 32.77364527860675 ], [ 131.508482218379754, 32.774242494995178 ], [ 131.536616939320311, 32.758703053603085 ], [ 131.56836055779354, 32.754080828767258 ], [ 131.592511945769729, 32.775314162218876 ], [ 131.60108805437028, 32.772178333263525 ], [ 131.624512503249434, 32.774630558753358 ], [ 131.668858612035365, 32.766593332916045 ], [ 131.695598884680862, 32.77476222489679 ], [ 131.710781660345447, 32.772238333332496 ], [ 131.71589111538276, 32.788063054066754 ], [ 131.72947861244802, 32.799736945803431 ], [ 131.735728054406195, 32.831101667308133 ], [ 131.767222775610662, 32.838813891647817 ], [ 131.76742861244054, 32.838655828603635 ] ] ] ] } },
{ "type": "Feature", "properties": { "regioncode": "4520400", "regionname": "宮崎県日南市", "name": "日南市", "namekana": "にちなんし", "PrefCode": "45" }, "geometry": { "type": "MultiPolygon", "coordinates": [ [ [ [ 131.390047223700435, 31.503767774563187 ], [ 131.388967781837778, 31.501286386757386 ], [ 131.390012217589856, 31.503789441029937 ], [ 131.390047223700435, 31.503767774563187 ] ] ], [ [ [ 131.41063277638159, 31.542260000098963 ], [ 131.414673605702433, 31.540938612726848 ], [ 131.412192502981725, 31.538111946409231 ], [ 131.416653606179011, 31.529747495050913 ], [ 131.413234449410425, 31.525773333372683 ], [ 131.41732805364677, 31.511510279076163 ], [ 131.403546783257525, 31.527640468033212 ], [ 131.410466393709157, 31.54226889169604 ], [ 131.41063277638159, 31.542260000098963 ] ] ], [ [ [ 131.392423060775741, 31.539296667407314 ], [ 131.395497055944475, 31.543723161994365 ], [ 131.393679143877421, 31.541105468442652 ], [ 131.392423060775741, 31.539296667407314 ] ] ], [ [ [ 131.39045505815443, 31.546015198442717 ], [ 131.394348197211571, 31.544013802195252 ], [ 131.389505965827766, 31.545932558840548 ], [ 131.39045505815443, 31.546015198442717 ] ] ], [ [ [ 131.416960272298752, 31.553946387016197 ], [ 131.41876499400928, 31.552478332808846 ], [ 131.416946667354864, 31.553963612630696 ], [ 131.416960272298752, 31.553946387016197 ] ] ], [ [ [ 131.412561115303333, 31.554522775106022 ], [ 131.41315916985991, 31.549237224718183 ], [ 131.412404993895393, 31.554478891787483 ], [ 131.412561115303333, 31.554522775106022 ] ] ], [ [ [ 131.323427496981481, 31.781529162141169 ], [ 131.336869169876309, 31.781908891881926 ], [ 131.337033606415844, 31.777832495273515 ], [ 131.358663890726007, 31.771163053731982 ], [ 131.361606939208968, 31.773623053860888 ], [ 131.372813332769169, 31.771048613202993 ], [ 131.374498885315347, 31.777624440715442 ], [ 131.379868327161603, 31.779197495268249 ], [ 131.385215278762189, 31.770256108132912 ], [ 131.396040830120228, 31.76789389218942 ], [ 131.396897223927795, 31.751057774996355 ], [ 131.410071388084134, 31.749429162126205 ], [ 131.416006938769328, 31.73838499996782 ], [ 131.431443060648803, 31.730055829013338 ], [ 131.459814162993325, 31.728897225226831 ], [ 131.463672776177759, 31.721449441138873 ], [ 131.468230558293726, 31.72089638685884 ], [ 131.459816394211316, 31.718127494788121 ], [ 131.462160272078904, 31.714589721038863 ], [ 131.458531388013171, 31.708247495125875 ], [ 131.462977781899212, 31.703640558764846 ], [ 131.456012217889565, 31.697284720713355 ], [ 131.46600944238196, 31.692456667141528 ], [ 131.468783332884527, 31.686365558923455 ], [ 131.45032472090918, 31.679703613231197 ], [ 131.455654993683083, 31.674468891626077 ], [ 131.451837781688369, 31.673809161563611 ], [ 131.452051946240431, 31.669621386617735 ], [ 131.461645278906531, 31.669607775378608 ], [ 131.463358884904665, 31.660553613258685 ], [ 131.457712218044435, 31.658418891618624 ], [ 131.466995836788556, 31.653032225057188 ], [ 131.469274720651924, 31.645256945651568 ], [ 131.458147782194487, 31.646659441080374 ], [ 131.452756666686923, 31.639123892153975 ], [ 131.46217722429958, 31.633222225225552 ], [ 131.456573061197901, 31.62406777520772 ], [ 131.423301025122328, 31.609265694256464 ], [ 131.418083385240152, 31.603405972607618 ], [ 131.4091816339253, 31.589568775178861 ], [ 131.413836978094082, 31.578527387429062 ], [ 131.411081478727283, 31.57789913543678 ], [ 131.412344331925397, 31.570224332786779 ], [ 131.406003670832774, 31.563257559189083 ], [ 131.408195188257423, 31.566724774828572 ], [ 131.40627841821447, 31.571932360290248 ], [ 131.403375162034195, 31.570990054247659 ], [ 131.409815524666783, 31.575912053698346 ], [ 131.406694137024829, 31.581890720580361 ], [ 131.401097327679622, 31.581999559232315 ], [ 131.404707275620353, 31.578638054402745 ], [ 131.399471997334899, 31.578602279371751 ], [ 131.402475668217562, 31.575062467758755 ], [ 131.398837004024585, 31.57342458557622 ], [ 131.402234357629595, 31.571418892368058 ], [ 131.391050557737117, 31.564246108371265 ], [ 131.397634448571011, 31.558814161844168 ], [ 131.388144643160786, 31.557084054185793 ], [ 131.390451777427643, 31.558411467914937 ], [ 131.387087588121744, 31.559992494957726 ], [ 131.383876030854253, 31.5572479727158 ], [ 131.387398301190728, 31.556734973340383 ], [ 131.382136056733657, 31.555608945696349 ], [ 131.381806030723851, 31.545096828755675 ], [ 131.386976549728047, 31.546476162145211 ], [ 131.387628417917199, 31.543228640089694 ], [ 131.383173332983006, 31.542880440579893 ], [ 131.389805136098175, 31.542902640344607 ], [ 131.389637665246141, 31.53915044123994 ], [ 131.38495077825587, 31.537669279413763 ], [ 131.387102309124316, 31.534307612706186 ], [ 131.38424224378457, 31.531703468340424 ], [ 131.380418974855843, 31.53347127917624 ], [ 131.380990804282305, 31.525737775078312 ], [ 131.386958326765466, 31.523363108021044 ], [ 131.381726718613209, 31.517440639773781 ], [ 131.383567781927695, 31.511379107559833 ], [ 131.378216004565047, 31.51977208091688 ], [ 131.372501089054026, 31.517705197836676 ], [ 131.37841858584909, 31.512661027284651 ], [ 131.374538911441618, 31.511498414320442 ], [ 131.373400026190325, 31.506095225414356 ], [ 131.386516393616716, 31.500029441205811 ], [ 131.377931659618412, 31.490562224966766 ], [ 131.363573061347779, 31.493784720688382 ], [ 131.349604448686478, 31.489605000070753 ], [ 131.330226109047771, 31.494709161698495 ], [ 131.326940272275806, 31.502119999838158 ], [ 131.316946394160823, 31.493965279374208 ], [ 131.307486666576438, 31.497155000203122 ], [ 131.301191945551864, 31.493704162117467 ], [ 131.295560558173293, 31.501163053732 ], [ 131.296938885221493, 31.506097774992384 ], [ 131.28746999984071, 31.511715829022364 ], [ 131.286520271693234, 31.518852224650516 ], [ 131.290656939066594, 31.527666945872909 ], [ 131.278274993995865, 31.536220828628416 ], [ 131.281594994213719, 31.541120559066599 ], [ 131.277839442436402, 31.546109999576856 ], [ 131.279193605600426, 31.550279440943484 ], [ 131.269401660358426, 31.553215278662208 ], [ 131.265984721317864, 31.558586108162388 ], [ 131.274491660361946, 31.568003892265892 ], [ 131.270008885301877, 31.571209720851982 ], [ 131.270813060874161, 31.575536945573617 ], [ 131.259821660141597, 31.57829694604726 ], [ 131.255132775757033, 31.586289441404631 ], [ 131.253839441836817, 31.594547494871051 ], [ 131.259134993585121, 31.606099720925442 ], [ 131.256590000328288, 31.61453082913448 ], [ 131.238422218310802, 31.625868612746331 ], [ 131.232694448789857, 31.626707225158384 ], [ 131.224575279425721, 31.621701387309201 ], [ 131.217393060641257, 31.624932494938719 ], [ 131.213723606359395, 31.633541387425169 ], [ 131.180776938704867, 31.650829162136176 ], [ 131.179980830051363, 31.656325278888573 ], [ 131.169068326841852, 31.668234441366451 ], [ 131.160337223683996, 31.670603054187666 ], [ 131.16907610867554, 31.685777225138906 ], [ 131.183504720966198, 31.698205828835967 ], [ 131.203237781998155, 31.704107774554188 ], [ 131.213495550879088, 31.710427494933015 ], [ 131.210795837358091, 31.714916108391719 ], [ 131.229381660235504, 31.714192225191084 ], [ 131.239540000070974, 31.733390559226962 ], [ 131.259868326861806, 31.735981107642033 ], [ 131.26348082977654, 31.749487494852076 ], [ 131.268946667254909, 31.755393054046237 ], [ 131.26960082961466, 31.768553053880396 ], [ 131.287886939031068, 31.763583613393109 ], [ 131.300768327096648, 31.767483332789652 ], [ 131.307608611947899, 31.765779441268251 ], [ 131.308738054317814, 31.780710829441261 ], [ 131.322742503164022, 31.781703612631645 ], [ 131.323427496981481, 31.781529162141169 ] ] ] ] } },
{ "type": "Feature", "properties": { "regioncode": "4520500", "regionname": "宮崎県小林市", "name": "小林市", "namekana": "こばやしし", "PrefCode": "45" }, "geometry": { "type": "Polygon", "coordinates": [ [ [ 131.013311388110083, 32.174339999791187 ], [ 131.021368053692754, 32.16907610777622 ], [ 131.037353605584485, 32.170211946124482 ], [ 131.045298612241254, 32.161261108013775 ], [ 131.049465836779063, 32.162943892446719 ], [ 131.058764720615386, 32.154827224996495 ], [ 131.071799169695964, 32.160282495440867 ], [ 131.09721832656453, 32.152196666642908 ], [ 131.102279999722327, 32.158027494873068 ], [ 131.111387497035366, 32.159601667283198 ], [ 131.120442217634263, 32.145259162380512 ], [ 131.130513890703583, 32.146289441004967 ], [ 131.13344444940185, 32.136367225367223 ], [ 131.149614721142484, 32.136511107901356 ], [ 131.150961660052644, 32.131255558896953 ], [ 131.157558054160972, 32.138014721302397 ], [ 131.168302502858296, 32.135398892045259 ], [ 131.16722610879799, 32.129602224563087 ], [ 131.172518326759473, 32.126702775212948 ], [ 131.17601138801524, 32.111354721243458 ], [ 131.179763332611742, 32.109070559258953 ], [ 131.17725693915645, 32.096749161944331 ], [ 131.184909442217077, 32.085494999994296 ], [ 131.159606109034712, 32.073379720997366 ], [ 131.166680830056293, 32.064526667072073 ], [ 131.167061659667979, 32.053022495391929 ], [ 131.157143332698752, 32.044163612960403 ], [ 131.157627782196414, 32.027567774833017 ], [ 131.15034416305275, 32.024495559422576 ], [ 131.164326939137027, 32.008155000153181 ], [ 131.167046667070053, 31.993498612970654 ], [ 131.174455279387644, 31.990027225376195 ], [ 131.175030000134484, 31.994962495223035 ], [ 131.179569169881347, 31.991408891607136 ], [ 131.184803890587091, 31.992960829178969 ], [ 131.190361946346798, 31.988472224713462 ], [ 131.19732527913834, 31.988472224713462 ], [ 131.200735550605259, 31.981038333352444 ], [ 131.209203333167352, 31.980246946139687 ], [ 131.204344163052724, 31.975228053731769 ], [ 131.208552776189777, 31.971770000385277 ], [ 131.206590000428264, 31.965998891635593 ], [ 131.200216666965616, 31.963665829014872 ], [ 131.192903333322192, 31.951482224924803 ], [ 131.198967496952491, 31.939698053822156 ], [ 131.175495278784183, 31.944829721214717 ], [ 131.17017166009407, 31.9389549997735 ], [ 131.152496666987645, 31.937172225118161 ], [ 131.152846394445646, 31.94282972071511 ], [ 131.132138327122107, 31.944715000097233 ], [ 131.101227497051354, 31.93086610788464 ], [ 131.098364721155008, 31.937666945773003 ], [ 131.082604994424969, 31.93790694604877 ], [ 131.074620000312848, 31.949095279423659 ], [ 131.05508888474435, 31.959157225425656 ], [ 131.04674749739911, 31.957974440667954 ], [ 131.044927223712421, 31.954497774952415 ], [ 131.040727781861733, 31.956544720962142 ], [ 131.040675551035861, 31.951417224625288 ], [ 131.033009728116554, 31.955874440952755 ], [ 131.020679727887227, 31.95013582920518 ], [ 131.015561660042636, 31.952879161644034 ], [ 131.013147496559782, 31.948831946237362 ], [ 131.015592218106462, 31.946372494694913 ], [ 131.010095279373672, 31.943309161888351 ], [ 131.009625279283227, 31.947115278947024 ], [ 130.998168884986171, 31.954199441051401 ], [ 130.997084163203681, 31.962474441342465 ], [ 130.990302218272859, 31.963986946340526 ], [ 130.981444163217589, 31.97575610775823 ], [ 130.966216031144995, 31.955087532363791 ], [ 130.969594721119506, 31.953017775050341 ], [ 130.966362776221217, 31.950233613390594 ], [ 130.970929727824796, 31.936925279378215 ], [ 130.968153332710244, 31.932070828905694 ], [ 130.948757496761118, 31.934828892239636 ], [ 130.938651115256789, 31.924802775227931 ], [ 130.920875279370762, 31.920735558898969 ], [ 130.912642503149073, 31.908656386782866 ], [ 130.91478027169228, 31.88661138730572 ], [ 130.899384449332956, 31.886140279250526 ], [ 130.882395836798537, 31.921131667092823 ], [ 130.861370271920578, 31.93394055900967 ], [ 130.871488326625013, 31.948568333361948 ], [ 130.875640271681277, 31.963977224669236 ], [ 130.892896667247442, 31.974988612834238 ], [ 130.889009999711789, 31.990608612797303 ], [ 130.878230558393625, 31.991893612700096 ], [ 130.883752217690812, 32.017156107668313 ], [ 130.878046109240586, 32.02494555859073 ], [ 130.890028327245545, 32.038720000427702 ], [ 130.912234720855736, 32.0381502790122 ], [ 130.920931114679206, 32.034234441066644 ], [ 130.933362502677369, 32.04558222513964 ], [ 130.945353060994989, 32.05059249484782 ], [ 130.94677306082815, 32.062002494919284 ], [ 130.954285837121802, 32.071671108035275 ], [ 130.973254994222657, 32.082984440879272 ], [ 130.962992217916621, 32.087742494820304 ], [ 130.960985279147394, 32.100931666863005 ], [ 130.953496939232423, 32.115395558658179 ], [ 130.961658053876135, 32.12016444133593 ], [ 130.974525836997827, 32.120835558614203 ], [ 130.974777496983961, 32.137052495276464 ], [ 130.992635836674594, 32.148041666589677 ], [ 130.995854994112733, 32.155865279159343 ], [ 130.992386939405833, 32.157923053905847 ], [ 130.997724720619431, 32.159592225301026 ], [ 131.002250557917023, 32.169420558911725 ], [ 131.013181660005671, 32.174378053704288 ], [ 131.013311388110083, 32.174339999791187 ] ] ] } },
{ "type": "Feature", "properties": { "regioncode": "4520600", "regionname": "宮崎県日向市", "name": "日向市", "namekana": "ひゅうがし", "PrefCode": "45" }, "geometry": { "type": "MultiPolygon", "coordinates": [ [ [ [ 131.623836524236253, 32.325807720949626 ], [ 131.622889857381097, 32.323700666952277 ], [ 131.623819143938363, 32.325816027088024 ], [ 131.623836524236253, 32.325807720949626 ] ] ], [ [ [ 131.630321945601395, 32.342090559032101 ], [ 131.628211115350723, 32.341151666816017 ], [ 131.63030778217842, 32.342131107664557 ], [ 131.630321945601395, 32.342090559032101 ] ] ], [ [ [ 131.59233360571136, 32.474332224552597 ], [ 131.602789728163543, 32.471513612563228 ], [ 131.602661660207559, 32.466696386828858 ], [ 131.609445837255635, 32.461486107897599 ], [ 131.620123333225365, 32.466479440673709 ], [ 131.630095551168779, 32.456959721114288 ], [ 131.654530025940062, 32.456112774684868 ], [ 131.65248080374613, 32.450686251968989 ], [ 131.656661218640352, 32.447269829139373 ], [ 131.641846808883201, 32.439167891684917 ], [ 131.651000972916677, 32.434747495400643 ], [ 131.664019144268195, 32.4495206667454 ], [ 131.666667664781016, 32.444252359958512 ], [ 131.662236303962345, 32.436527332870185 ], [ 131.676107224169073, 32.443082135132499 ], [ 131.67311247725911, 32.444927359610006 ], [ 131.674570310671356, 32.454130559177997 ], [ 131.67361591414317, 32.44688422502702 ], [ 131.678795837358052, 32.443361026590139 ], [ 131.67909450131026, 32.436228972888841 ], [ 131.682572697671958, 32.436126080554232 ], [ 131.679948754731299, 32.430033440790737 ], [ 131.6540387811649, 32.428850198278099 ], [ 131.670261050806857, 32.428577441096081 ], [ 131.676193450267533, 32.421379720697587 ], [ 131.684189078862914, 32.426813305789494 ], [ 131.690054527394636, 32.424098532221535 ], [ 131.682058300749986, 32.42101297267061 ], [ 131.685939584943981, 32.418103639771232 ], [ 131.669934112169585, 32.416313864793096 ], [ 131.671832360675012, 32.414644532419288 ], [ 131.667143333298213, 32.412753775266594 ], [ 131.669640415173035, 32.411891161747747 ], [ 131.652819196149039, 32.41365038675599 ], [ 131.653077690982741, 32.409866559394231 ], [ 131.643549830760094, 32.40775186475679 ], [ 131.632666693113492, 32.3807134677524 ], [ 131.633169882684001, 32.37594869407701 ], [ 131.637005421962726, 32.376609801900884 ], [ 131.636217173383898, 32.370980359755833 ], [ 131.62906552525385, 32.368325251709052 ], [ 131.622879662666378, 32.358080531990993 ], [ 131.629024162734936, 32.342443053704017 ], [ 131.618118833417498, 32.337814666713541 ], [ 131.614689442363897, 32.340196108363784 ], [ 131.61725939000894, 32.337404946381241 ], [ 131.601834526742095, 32.323059891900527 ], [ 131.58789639390352, 32.29952527876867 ], [ 131.588191387722418, 32.305765559333167 ], [ 131.579938053898104, 32.308991666732084 ], [ 131.571896666897715, 32.296194162030986 ], [ 131.563704163216585, 32.300321107732998 ], [ 131.561360271859144, 32.305098053732252 ], [ 131.557502503138039, 32.304654440649983 ], [ 131.559953061284773, 32.312890000273342 ], [ 131.556729169815412, 32.321064162281289 ], [ 131.549176109290102, 32.323584720958138 ], [ 131.528484449198004, 32.319079441263227 ], [ 131.521270272105426, 32.309594440930766 ], [ 131.498602502903282, 32.295333613355638 ], [ 131.491399728314832, 32.300585279087386 ], [ 131.486180271802141, 32.298488332570571 ], [ 131.484181388260481, 32.309206946443453 ], [ 131.471792503121605, 32.31895694640599 ], [ 131.461964163215612, 32.310017775200208 ], [ 131.446335551344646, 32.313563053791938 ], [ 131.425694449339403, 32.306084440944232 ], [ 131.383441946088965, 32.316806946183647 ], [ 131.362740272045926, 32.309245558835528 ], [ 131.363697224447378, 32.315561946326795 ], [ 131.370218884893688, 32.31619499979945 ], [ 131.36977861189348, 32.321806387155107 ], [ 131.349125279108421, 32.332186387391914 ], [ 131.340199442150606, 32.331421945666307 ], [ 131.34181194636426, 32.351049440679219 ], [ 131.344525550813614, 32.359037225387681 ], [ 131.349362218091983, 32.356348891887876 ], [ 131.351088884944147, 32.366968054232359 ], [ 131.378512502949661, 32.354876386935757 ], [ 131.385978054044017, 32.362356387437387 ], [ 131.396851945760773, 32.364943612857473 ], [ 131.396645837335541, 32.37156389206001 ], [ 131.406037497032912, 32.389708054283346 ], [ 131.44615610871756, 32.392720559206509 ], [ 131.452981945960119, 32.399681107697006 ], [ 131.466707497053449, 32.400045828652139 ], [ 131.475967496902513, 32.40529610762934 ], [ 131.477878054428743, 32.412478892087279 ], [ 131.483524721288973, 32.41654694568507 ], [ 131.480093332841079, 32.436011667004891 ], [ 131.482828611851005, 32.439425559142308 ], [ 131.47473999965132, 32.444797494808597 ], [ 131.479192776025911, 32.452255279357701 ], [ 131.504613605633494, 32.456887775350594 ], [ 131.510902502648491, 32.448868613295929 ], [ 131.534693606025144, 32.444105828920897 ], [ 131.537893891190151, 32.43717416215793 ], [ 131.548691659792325, 32.444296945647579 ], [ 131.56662389137955, 32.444988892123718 ], [ 131.57879944204069, 32.459436667168518 ], [ 131.578074163092197, 32.465051107722502 ], [ 131.585308054223333, 32.467091387057906 ], [ 131.58892639373812, 32.475837775093282 ], [ 131.592201388283456, 32.47436277542181 ], [ 131.59233360571136, 32.474332224552597 ] ] ] ] } },
{ "type": "Feature", "properties": { "regioncode": "4520700", "regionname": "宮崎県串間市", "name": "串間市", "namekana": "くしまし", "PrefCode": "45" }, "geometry": { "type": "MultiPolygon", "coordinates": [ [ [ [ 131.216087496840601, 31.427887225115398 ], [ 131.215824993728575, 31.425086387326985 ], [ 131.216028326845844, 31.427904162047469 ], [ 131.216087496840601, 31.427887225115398 ] ] ], [ [ [ 131.219603060932627, 31.430398332816878 ], [ 131.2169486120888, 31.42787610769625 ], [ 131.21949333285113, 31.430488891848938 ], [ 131.219603060932627, 31.430398332816878 ] ] ], [ [ [ 131.167107885720384, 31.454302721093768 ], [ 131.169678327093152, 31.453184441109101 ], [ 131.166666666633432, 31.454773467621465 ], [ 131.167107885720384, 31.454302721093768 ] ] ], [ [ [ 131.378677223675027, 31.456607224843594 ], [ 131.377804162731991, 31.448472775098537 ], [ 131.372797224112674, 31.450536945823444 ], [ 131.378681660030679, 31.456621667056368 ], [ 131.378677223675027, 31.456607224843594 ] ] ], [ [ [ 131.387869441621547, 31.456743613327149 ], [ 131.385316667430288, 31.4517119460495 ], [ 131.387854994012855, 31.456757495262252 ], [ 131.387869441621547, 31.456743613327149 ] ] ], [ [ [ 131.390030558363605, 31.479751945895657 ], [ 131.392219441674001, 31.473166946197637 ], [ 131.386431803385108, 31.477120161766095 ], [ 131.39000194643279, 31.479760279013703 ], [ 131.390030558363605, 31.479751945895657 ] ] ], [ [ [ 131.206443606087646, 31.634798612665918 ], [ 131.213723606359395, 31.633541387425169 ], [ 131.216205279250289, 31.625904162047505 ], [ 131.224502217603344, 31.621716108311773 ], [ 131.232694448789857, 31.626707225158384 ], [ 131.238422218310802, 31.625868612746331 ], [ 131.257753606144092, 31.612887495261759 ], [ 131.255132775757033, 31.586289441404631 ], [ 131.259821660141597, 31.57829694604726 ], [ 131.270813060874161, 31.575536945573617 ], [ 131.270008885301877, 31.571209720851982 ], [ 131.274491660361946, 31.568003892265892 ], [ 131.265984721317864, 31.558586108162388 ], [ 131.269401660358426, 31.553215278662208 ], [ 131.279193605600426, 31.550279440943484 ], [ 131.277839442436402, 31.546109999576856 ], [ 131.281594994213719, 31.541120559066599 ], [ 131.278274993995865, 31.536220828628416 ], [ 131.290656939066594, 31.527666945872909 ], [ 131.286520271693234, 31.518852224650516 ], [ 131.28746999984071, 31.511715829022364 ], [ 131.296938885221493, 31.506097774992384 ], [ 131.295560558173293, 31.501163053732 ], [ 131.301385279107421, 31.493550558811307 ], [ 131.307486666576438, 31.497155000203122 ], [ 131.316946394160823, 31.493965279374208 ], [ 131.326837224358428, 31.502123613314154 ], [ 131.330226109047771, 31.494709161698495 ], [ 131.349791945641869, 31.489583053914885 ], [ 131.363573061347779, 31.493784720688382 ], [ 131.377931659618412, 31.490562224966766 ], [ 131.387008327272497, 31.495779999747242 ], [ 131.38356527911435, 31.490585000297585 ], [ 131.38802583732263, 31.491538612616921 ], [ 131.389629170250032, 31.485171387349681 ], [ 131.385209728146492, 31.479486666576463 ], [ 131.375484162763996, 31.478460559007658 ], [ 131.362761388127637, 31.470716945630613 ], [ 131.363326925897013, 31.456148702800419 ], [ 131.372300506063539, 31.449548775255835 ], [ 131.371161115393193, 31.428293892249371 ], [ 131.365655551262762, 31.420657225350737 ], [ 131.343518612294133, 31.412141107825903 ], [ 131.341206939148947, 31.405315829062317 ], [ 131.345626393843077, 31.398660559037637 ], [ 131.332461659977639, 31.396349721362583 ], [ 131.337593139411865, 31.396815559390632 ], [ 131.333072217808649, 31.394050278997213 ], [ 131.334715550782107, 31.381110828901683 ], [ 131.350520272392714, 31.371784720788298 ], [ 131.346494720754777, 31.363482775010084 ], [ 131.335540272265803, 31.360674161683278 ], [ 131.318528885299884, 31.368593891994578 ], [ 131.314531945592876, 31.385984720918202 ], [ 131.309342503054154, 31.390713892232384 ], [ 131.297240829900488, 31.38515110783743 ], [ 131.292125279258244, 31.389754999993329 ], [ 131.282374449221493, 31.381442495274996 ], [ 131.253863333226263, 31.380737225342727 ], [ 131.242949728347298, 31.389748613008123 ], [ 131.235503606206521, 31.405328054446215 ], [ 131.236836939273417, 31.415425829438504 ], [ 131.245044994031332, 31.420187495056894 ], [ 131.243055279077907, 31.426240559254438 ], [ 131.233458885119489, 31.430349441173803 ], [ 131.227656109441909, 31.424229441335683 ], [ 131.226550830056794, 31.431606667313872 ], [ 131.218891192674505, 31.440145053851211 ], [ 131.205620700335089, 31.444894162235869 ], [ 131.209848469930989, 31.44816125174043 ], [ 131.205212554715672, 31.447971748397549 ], [ 131.205790804402113, 31.453199829408675 ], [ 131.200295914325011, 31.453898027072341 ], [ 131.199851505342735, 31.448568667110351 ], [ 131.199392438310497, 31.454699000158769 ], [ 131.181778326608537, 31.456486945915856 ], [ 131.177926938577457, 31.45422722480663 ], [ 131.178330830403524, 31.450146107656792 ], [ 131.174464448875256, 31.449882224984719 ], [ 131.168232775722117, 31.458703333192318 ], [ 131.166327951373887, 31.455592134869164 ], [ 131.16007639421025, 31.459519162179618 ], [ 131.164505550790636, 31.474433613420558 ], [ 131.163187497205286, 31.484081945925141 ], [ 131.171043060888564, 31.494066107764695 ], [ 131.169996393918495, 31.499858891974327 ], [ 131.197083891208649, 31.511663332896546 ], [ 131.200757496761184, 31.517738613046618 ], [ 131.201537781843172, 31.53133666725347 ], [ 131.197239442446403, 31.538706667178985 ], [ 131.19689277628072, 31.549484162364251 ], [ 131.188907782168485, 31.557526667221964 ], [ 131.19966000010902, 31.564098892050254 ], [ 131.205447497204318, 31.579949441313715 ], [ 131.185197224372473, 31.610447495155825 ], [ 131.189402502823327, 31.622236946178191 ], [ 131.193682218159893, 31.619907774923945 ], [ 131.195480272296777, 31.622431667387616 ], [ 131.198167224437952, 31.633319720728593 ], [ 131.203124994422978, 31.637319720828486 ], [ 131.206345278711751, 31.634948332699423 ], [ 131.206443606087646, 31.634798612665918 ] ] ] ] } },
{ "type": "Feature", "properties": { "regioncode": "4520800", "regionname": "宮崎県西都市", "name": "西都市", "namekana": "さいとし", "PrefCode": "45" }, "geometry": { "type": "Polygon", "coordinates": [ [ [ 131.196806393700172, 32.337774720626896 ], [ 131.201730271834663, 32.33876944095698 ], [ 131.223739728305873, 32.323858333395435 ], [ 131.235019441793838, 32.328519161630084 ], [ 131.251561388047662, 32.328201666773566 ], [ 131.262838053733276, 32.316149441043933 ], [ 131.287387782020573, 32.309030000334303 ], [ 131.305675279090906, 32.297429162326011 ], [ 131.311493605845271, 32.286159162415458 ], [ 131.321078326603583, 32.28300749460027 ], [ 131.327251659836293, 32.275703891621333 ], [ 131.336703890672084, 32.279614440653972 ], [ 131.352723606009704, 32.27509444085581 ], [ 131.358139999661375, 32.265283332859553 ], [ 131.35052499383346, 32.263639441407122 ], [ 131.350116666551003, 32.258476386775897 ], [ 131.354689999743755, 32.254646945799948 ], [ 131.357530000309339, 32.243231108229111 ], [ 131.391128611696104, 32.212878613257431 ], [ 131.399792503121603, 32.196046387430897 ], [ 131.400311946139482, 32.187542774979136 ], [ 131.404621115172404, 32.186819720953395 ], [ 131.414342775698628, 32.175096387188546 ], [ 131.414592503041604, 32.163503054022783 ], [ 131.422015551276786, 32.160856108222845 ], [ 131.424727223982245, 32.152528333016221 ], [ 131.433620000063001, 32.145552225354947 ], [ 131.450101387768882, 32.141013891977593 ], [ 131.443921115367289, 32.133691666737093 ], [ 131.442001114959567, 32.121865559348123 ], [ 131.419183333444153, 32.102432495063624 ], [ 131.413193060811182, 32.088187775245672 ], [ 131.406614993986864, 32.083456387102615 ], [ 131.406811660429867, 32.077684441084159 ], [ 131.4181858369069, 32.090614999582613 ], [ 131.422036938953624, 32.082950828717799 ], [ 131.413394383943682, 32.071101467558719 ], [ 131.420466614742509, 32.068752414092671 ], [ 131.42350466940502, 32.065011532056587 ], [ 131.421674642570792, 32.061866306085221 ], [ 131.432899727640347, 32.053461666722569 ], [ 131.424514993871981, 32.052720558806811 ], [ 131.418591387982246, 32.060611386706171 ], [ 131.402701945738272, 32.065640278675971 ], [ 131.400750272107416, 32.057857224631277 ], [ 131.393957496641178, 32.051605000170696 ], [ 131.398450558146806, 32.047652225270042 ], [ 131.392420557962396, 32.044404999990832 ], [ 131.39131944243843, 32.036259720609678 ], [ 131.386053332695155, 32.033291667376602 ], [ 131.385029170359985, 32.028441387060411 ], [ 131.389133061042003, 32.022481945885147 ], [ 131.386824449189021, 32.018336386914768 ], [ 131.372938326842359, 32.017861107803924 ], [ 131.362788327319549, 32.026455279287745 ], [ 131.344104993650603, 32.029309161788433 ], [ 131.330674720562001, 32.040886666886195 ], [ 131.330028327445461, 32.046663891925107 ], [ 131.320481388105691, 32.054119440759621 ], [ 131.316153890889382, 32.064612775359365 ], [ 131.312442776413036, 32.060708613311931 ], [ 131.292548885122983, 32.071592494697938 ], [ 131.284540272115919, 32.072461945762257 ], [ 131.266799728324827, 32.0986597212692 ], [ 131.247645279406129, 32.097687224985521 ], [ 131.236356393732649, 32.102117494926517 ], [ 131.217732775946956, 32.124243332663696 ], [ 131.204640000435688, 32.121668332627507 ], [ 131.192665550774564, 32.133308891891886 ], [ 131.189130830223689, 32.140488613258924 ], [ 131.190811387935241, 32.146377224729179 ], [ 131.197101660013686, 32.15107694594434 ], [ 131.210844449311935, 32.149908053913634 ], [ 131.214766108569165, 32.165681387386144 ], [ 131.222351388206107, 32.172075559039854 ], [ 131.238913606078086, 32.166136107995044 ], [ 131.245271946043545, 32.169369999925607 ], [ 131.25559389144496, 32.165915278567297 ], [ 131.26645555058326, 32.173556945696532 ], [ 131.268391114658243, 32.179736666813767 ], [ 131.282142503273917, 32.182784721038104 ], [ 131.267734993575118, 32.200852494846799 ], [ 131.277168885435799, 32.203867775077811 ], [ 131.27913583674956, 32.212522774906176 ], [ 131.262879169837902, 32.211067224872579 ], [ 131.247985278897545, 32.217877494850541 ], [ 131.230369169801406, 32.251072225203075 ], [ 131.221253890654566, 32.259616108396756 ], [ 131.226398054127003, 32.275204161742749 ], [ 131.203017781745302, 32.291729721449542 ], [ 131.203179728062082, 32.298080559270431 ], [ 131.19531138771049, 32.306590279018224 ], [ 131.175061945852235, 32.309962775361839 ], [ 131.176466667103114, 32.324703613381132 ], [ 131.182992218016466, 32.328665000189631 ], [ 131.190013333148841, 32.34073333277712 ], [ 131.196766393654229, 32.337785829052848 ], [ 131.196806393700172, 32.337774720626896 ] ] ] } },
{ "type": "Feature", "properties": { "regioncode": "4520900", "regionname": "宮崎県えびの市", "name": "えびの市", "namekana": "えびのし", "PrefCode": "45" }, "geometry": { "type": "Polygon", "coordinates": [ [ [ 130.908396393678686, 32.132089162085208 ], [ 130.915931946202363, 32.125406666884203 ], [ 130.927299727600371, 32.122707775343599 ], [ 130.933085278562771, 32.116082495011199 ], [ 130.94425861214529, 32.119643892151942 ], [ 130.953496939232423, 32.115395558658179 ], [ 130.960985279147394, 32.100931666863005 ], [ 130.962992217916621, 32.087742494820304 ], [ 130.973254994222657, 32.082984440879272 ], [ 130.954285837121802, 32.071671108035275 ], [ 130.94677306082815, 32.062002494919284 ], [ 130.945353060994989, 32.05059249484782 ], [ 130.933362502677369, 32.04558222513964 ], [ 130.921044720637383, 32.034284161884614 ], [ 130.912234720855736, 32.0381502790122 ], [ 130.890028327245545, 32.038720000427702 ], [ 130.878046109240586, 32.02494555859073 ], [ 130.883752217690812, 32.017156107668313 ], [ 130.878230558393625, 31.991893612700096 ], [ 130.889009999711789, 31.990608612797303 ], [ 130.892896667247442, 31.974988612834238 ], [ 130.875640271681277, 31.963977224669236 ], [ 130.871488326625013, 31.948568333361948 ], [ 130.861370271920578, 31.93394055900967 ], [ 130.841615279121925, 31.942718891863422 ], [ 130.815962502667389, 31.941323892283833 ], [ 130.805290829807973, 31.949826666567446 ], [ 130.800080272086916, 31.949613332988974 ], [ 130.801254449433372, 31.960187225260313 ], [ 130.794564449389895, 31.973201107744956 ], [ 130.781960830428034, 31.983090559281948 ], [ 130.777457781951171, 32.016069721240683 ], [ 130.762010557940926, 32.024403612736592 ], [ 130.758569728410293, 32.033256946351059 ], [ 130.746912386897179, 32.035658360145248 ], [ 130.746275550876021, 32.041861945672281 ], [ 130.737132503362432, 32.047748612808277 ], [ 130.703396667122547, 32.058388332755385 ], [ 130.703559727699371, 32.077182774965138 ], [ 130.715985279097367, 32.085693332881078 ], [ 130.720601660138527, 32.100799441341223 ], [ 130.727675278591278, 32.101871667043838 ], [ 130.733558326855359, 32.108417774660609 ], [ 130.739150557752055, 32.10593861267688 ], [ 130.741992217566803, 32.097883612638668 ], [ 130.751623891029794, 32.104068891566158 ], [ 130.759417496820106, 32.096807775258696 ], [ 130.775600271835174, 32.10191333263424 ], [ 130.809252775994878, 32.099210558720358 ], [ 130.820796667132527, 32.094924441110095 ], [ 130.82757499409081, 32.103132774657865 ], [ 130.838701115064509, 32.10726555875857 ], [ 130.857447781689871, 32.099693053991302 ], [ 130.878531115418696, 32.121396946012283 ], [ 130.897237496913021, 32.125918053775194 ], [ 130.900740000150904, 32.13238333302445 ], [ 130.90837333326283, 32.132200278719949 ], [ 130.908396393678686, 32.132089162085208 ] ] ] } },
{ "type": "Feature", "properties": { "regioncode": "4534100", "regionname": "宮崎県三股町", "name": "三股町", "namekana": "みまたちょう", "PrefCode": "45" }, "geometry": { "type": "Polygon", "coordinates": [ [ [ 131.240632217702796, 31.797426108328295 ], [ 131.237368612171736, 31.784881108076718 ], [ 131.240264162960784, 31.778600278879821 ], [ 131.267021387826844, 31.778471945623835 ], [ 131.268946667254909, 31.755393054046237 ], [ 131.26348082977654, 31.749487494852076 ], [ 131.260004994135215, 31.736125000068739 ], [ 131.239540000070974, 31.733390559226962 ], [ 131.229381660235504, 31.714192225191084 ], [ 131.210795837358091, 31.714916108391719 ], [ 131.213495550879088, 31.710427494933015 ], [ 131.203237781998155, 31.704107774554188 ], [ 131.183504720966198, 31.698205828835967 ], [ 131.16907610867554, 31.685777225138906 ], [ 131.158719999828236, 31.669405278630734 ], [ 131.145379999787224, 31.668101667258213 ], [ 131.135754993897876, 31.676230559193016 ], [ 131.129871659649439, 31.674947494631226 ], [ 131.115351115062026, 31.698948613088078 ], [ 131.095642217914133, 31.710546972564771 ], [ 131.100537224213554, 31.72489889157066 ], [ 131.095411114631247, 31.728468333147134 ], [ 131.107308054423243, 31.72969555880303 ], [ 131.101231115024007, 31.731867224592804 ], [ 131.100946109075721, 31.74079222518111 ], [ 131.108386108632089, 31.751386107582846 ], [ 131.102995279108882, 31.761315828962381 ], [ 131.111432217622792, 31.771861945672299 ], [ 131.12046111508846, 31.770603332777625 ], [ 131.126552217910557, 31.774472774698836 ], [ 131.126738612297231, 31.76988138671669 ], [ 131.136454162829409, 31.761528333365959 ], [ 131.13351583668657, 31.759586946180661 ], [ 131.14688138826557, 31.750964721244941 ], [ 131.149422217661254, 31.739942495349908 ], [ 131.170769728140499, 31.735884999792972 ], [ 131.183493061255831, 31.754882495430877 ], [ 131.190693890610646, 31.759528892244646 ], [ 131.205128326910767, 31.760681108146684 ], [ 131.205994162700563, 31.76908944102496 ], [ 131.214319999868167, 31.771610828876703 ], [ 131.220008054428263, 31.783479440923486 ], [ 131.226340557770641, 31.782463054126708 ], [ 131.233206666654382, 31.797116666900706 ], [ 131.240506109369562, 31.797540829445779 ], [ 131.240632217702796, 31.797426108328295 ] ] ] } },
{ "type": "Feature", "properties": { "regioncode": "4536100", "regionname": "宮崎県高原町", "name": "高原町", "namekana": "たかはるちょう", "PrefCode": "45" }, "geometry": { "type": "Polygon", "coordinates": [ [ [ 130.981750271757733, 31.975381107552096 ], [ 130.990302218272859, 31.963986946340526 ], [ 130.997084163203681, 31.962474441342465 ], [ 130.998168884986171, 31.954199441051401 ], [ 131.009625279283227, 31.947115278947024 ], [ 131.010095279373672, 31.943309161888351 ], [ 131.015592218106462, 31.946372494694913 ], [ 131.013147496559782, 31.948831946237362 ], [ 131.015561660042636, 31.952879161644034 ], [ 131.020679727887227, 31.95013582920518 ], [ 131.033009728116554, 31.955874440952755 ], [ 131.040375279095883, 31.951370000325312 ], [ 131.040727781861733, 31.956544720962142 ], [ 131.044927223712421, 31.954497774952415 ], [ 131.04674749739911, 31.957974440667954 ], [ 131.056308611853069, 31.959022495292004 ], [ 131.074620000312848, 31.949095279423659 ], [ 131.082604994424969, 31.93790694604877 ], [ 131.088863060881636, 31.938046946209624 ], [ 131.087508054153432, 31.930649441418666 ], [ 131.099533061002035, 31.922910559374884 ], [ 131.103102218392678, 31.924274721201471 ], [ 131.103691946126446, 31.920662224582031 ], [ 131.096859169715003, 31.910285559031365 ], [ 131.087796393888539, 31.912250558816311 ], [ 131.083311387610479, 31.90936500039453 ], [ 131.066826938612394, 31.916658333115606 ], [ 131.056623333200378, 31.916357775191216 ], [ 131.040426108777979, 31.929936108164895 ], [ 131.02854749716937, 31.931318054084954 ], [ 131.029091388257029, 31.925654720988632 ], [ 131.022868327011793, 31.91918638674241 ], [ 131.026439999806257, 31.914549440904011 ], [ 131.020046108740985, 31.915299441316222 ], [ 131.012475551005991, 31.90696305420164 ], [ 130.999450272312288, 31.888898053902096 ], [ 130.999897223677976, 31.884349999752715 ], [ 130.981757781996066, 31.879997774777507 ], [ 130.948987224081179, 31.890531387313729 ], [ 130.928870829725042, 31.88489138712788 ], [ 130.914013891028276, 31.885766946387491 ], [ 130.912627782146501, 31.908562225066703 ], [ 130.916922502671468, 31.916121667181244 ], [ 130.921069728085513, 31.92083833342241 ], [ 130.943724994013337, 31.927490829038561 ], [ 130.948757496761118, 31.934828892239636 ], [ 130.967806939039065, 31.931718333334459 ], [ 130.970929727824796, 31.936925279378215 ], [ 130.966369999575932, 31.949685278752668 ], [ 130.969594721119506, 31.953017775050341 ], [ 130.966216031144995, 31.955087532363791 ], [ 130.981651946180477, 31.975443053753963 ], [ 130.981750271757733, 31.975381107552096 ] ] ] } },
{ "type": "Feature", "properties": { "regioncode": "4538200", "regionname": "宮崎県国富町", "name": "国富町", "namekana": "くにとみちょう", "PrefCode": "45" }, "geometry": { "type": "Polygon", "coordinates": [ [ [ 131.193888611670104, 32.131749999862677 ], [ 131.204640000435688, 32.121668332627507 ], [ 131.217732775946956, 32.124243332663696 ], [ 131.236356393732649, 32.102117494926517 ], [ 131.247645279406129, 32.097687224985521 ], [ 131.266799728324827, 32.0986597212692 ], [ 131.284540272115919, 32.072461945762257 ], [ 131.292548885122983, 32.071592494697938 ], [ 131.312442776413036, 32.060708613311931 ], [ 131.316153890889382, 32.064612775359365 ], [ 131.320481388105691, 32.054119440759621 ], [ 131.330028327445461, 32.046663891925107 ], [ 131.330674720562001, 32.040886666886195 ], [ 131.344104993650603, 32.029309161788433 ], [ 131.362788327319549, 32.026455279287745 ], [ 131.372938326842359, 32.017861107803924 ], [ 131.386824449189021, 32.018336386914768 ], [ 131.388410829895975, 32.013343612617689 ], [ 131.376491388167096, 31.997064441071132 ], [ 131.379883605743885, 31.992166946347538 ], [ 131.371404721051135, 31.968099721425062 ], [ 131.36032250318101, 31.978690279033231 ], [ 131.352153605804347, 31.976912494715918 ], [ 131.348117782109966, 31.981344720682387 ], [ 131.33188277626914, 31.978343333178316 ], [ 131.324546938890194, 31.965186107752743 ], [ 131.31209000025342, 31.96635472099365 ], [ 131.292831945837747, 31.981750278952291 ], [ 131.269608053868637, 31.981463054376491 ], [ 131.278514720877752, 31.993966387239027 ], [ 131.274937781653421, 31.997838332872789 ], [ 131.278158326745483, 31.998657494747647 ], [ 131.277290558312643, 32.010203054127714 ], [ 131.260974448911725, 32.030702774613417 ], [ 131.25646861163716, 32.03010999997656 ], [ 131.253002775557661, 32.035620828738331 ], [ 131.248573606386913, 32.03188027855208 ], [ 131.243899169611041, 32.034102774923156 ], [ 131.238516666910755, 32.041999720910439 ], [ 131.219024162834899, 32.055360828939172 ], [ 131.216282503135062, 32.066513891802742 ], [ 131.206031659933274, 32.080200279219582 ], [ 131.205190829792969, 32.089966666628413 ], [ 131.19155194636528, 32.102188892103754 ], [ 131.191980557856482, 32.127248613332881 ], [ 131.188840830340155, 32.131468054307334 ], [ 131.193693061285785, 32.131851667320632 ], [ 131.193888611670104, 32.131749999862677 ] ] ] } },
{ "type": "Feature", "properties": { "regioncode": "4538300", "regionname": "宮崎県綾町", "name": "綾町", "namekana": "あやちょう", "PrefCode": "45" }, "geometry": { "type": "Polygon", "coordinates": [ [ [ 131.189828053921588, 32.130364161676766 ], [ 131.19174277620823, 32.10162666743679 ], [ 131.205190829792969, 32.089966666628413 ], [ 131.206031659933274, 32.080200279219582 ], [ 131.216282503135062, 32.066513891802742 ], [ 131.219024162834899, 32.055360828939172 ], [ 131.238516666910755, 32.041999720910439 ], [ 131.243899169611041, 32.034102774923156 ], [ 131.248573606386913, 32.03188027855208 ], [ 131.253002775557661, 32.035620828738331 ], [ 131.25646861163716, 32.03010999997656 ], [ 131.260974448911725, 32.030702774613417 ], [ 131.277112218254388, 32.010552775290421 ], [ 131.278158326745483, 31.998657494747647 ], [ 131.274937781653421, 31.997838332872789 ], [ 131.278514720877752, 31.993966387239027 ], [ 131.269608053868637, 31.981463054376491 ], [ 131.258268885300936, 31.978053333294724 ], [ 131.25316722378841, 31.980879441133368 ], [ 131.225228885105025, 31.971396108143949 ], [ 131.213809169657566, 31.995835000385 ], [ 131.19732527913834, 31.988472224713462 ], [ 131.17507083025464, 31.994963891870157 ], [ 131.174501946107966, 31.990029441305751 ], [ 131.170305551160368, 31.991206107975529 ], [ 131.16584778174979, 31.994715829172208 ], [ 131.164102218342805, 32.008503053972788 ], [ 131.152932776126818, 32.018037775123275 ], [ 131.15034416305275, 32.024680828757312 ], [ 131.157627782196414, 32.027567774833017 ], [ 131.157143332698752, 32.044163612960403 ], [ 131.167093606284993, 32.053196387403432 ], [ 131.166680830056293, 32.064526667072073 ], [ 131.159606109034712, 32.073379720997366 ], [ 131.184909442217077, 32.085494999994296 ], [ 131.17725693915645, 32.096749161944331 ], [ 131.179802218397754, 32.108893613149803 ], [ 131.176205279150395, 32.110884440564519 ], [ 131.170430000244323, 32.129418892368051 ], [ 131.189315279376729, 32.131081387196332 ], [ 131.189828053921588, 32.130364161676766 ] ] ] } },
{ "type": "Feature", "properties": { "regioncode": "4540100", "regionname": "宮崎県高鍋町", "name": "高鍋町", "namekana": "たかなべちょう", "PrefCode": "45" }, "geometry": { "type": "Polygon", "coordinates": [ [ [ 131.534954448988742, 32.159798613415319 ], [ 131.537437224448468, 32.156499999975097 ], [ 131.543449326325458, 32.157441540694606 ], [ 131.540136303947293, 32.132110494903486 ], [ 131.519985706575198, 32.087352982254401 ], [ 131.506402776267123, 32.095890278813386 ], [ 131.500568053972529, 32.108077224784154 ], [ 131.48913778228291, 32.110161945917127 ], [ 131.481151115431658, 32.105216946305063 ], [ 131.475272776017846, 32.106607225343225 ], [ 131.464403605741836, 32.113926386593505 ], [ 131.459746667075137, 32.123718892113232 ], [ 131.443064994054339, 32.12791361342255 ], [ 131.444573605887285, 32.134811667124779 ], [ 131.45752389101483, 32.132307494994961 ], [ 131.460639169562114, 32.139064161781675 ], [ 131.475184449103153, 32.147700279444393 ], [ 131.477319442338512, 32.15553000020941 ], [ 131.485991659687443, 32.153328054246344 ], [ 131.485025837272588, 32.155888333280018 ], [ 131.492654993932888, 32.162191667111813 ], [ 131.512931387573531, 32.155472775448288 ], [ 131.518871945683827, 32.171636108020039 ], [ 131.534854721368333, 32.159947495280733 ], [ 131.534954448988742, 32.159798613415319 ] ] ] } },
{ "type": "Feature", "properties": { "regioncode": "4540200", "regionname": "宮崎県新富町", "name": "新富町", "namekana": "しんとみちょう", "PrefCode": "45" }, "geometry": { "type": "Polygon", "coordinates": [ [ [ 131.448439442426434, 32.127113332814133 ], [ 131.459746667075137, 32.123718892113232 ], [ 131.464403605741836, 32.113926386593505 ], [ 131.475272776017846, 32.106607225343225 ], [ 131.481151115431658, 32.105216946305063 ], [ 131.48913778228291, 32.110161945917127 ], [ 131.500568053972529, 32.108077224784154 ], [ 131.506402776267123, 32.095890278813386 ], [ 131.519039727701283, 32.088958612949682 ], [ 131.508145615627768, 32.04662525165412 ], [ 131.486769532787775, 32.041374495136893 ], [ 131.472154448768833, 32.049269720721099 ], [ 131.443774060024907, 32.056853892393292 ], [ 131.42827535702213, 32.055928332626479 ], [ 131.430521698917346, 32.057609667352324 ], [ 131.421674642570792, 32.061866306085221 ], [ 131.421015551026926, 32.068245828682109 ], [ 131.413394383943682, 32.071101467558719 ], [ 131.422036938953624, 32.082950828717799 ], [ 131.4181858369069, 32.090614999582613 ], [ 131.406155279442601, 32.078320559446297 ], [ 131.419183333444153, 32.102432495063624 ], [ 131.430141659809806, 32.109502224847859 ], [ 131.445269170336019, 32.127585279037476 ], [ 131.448439442426434, 32.127113332814133 ] ] ] } },
{ "type": "Feature", "properties": { "regioncode": "4540300", "regionname": "宮崎県西米良村", "name": "西米良村", "namekana": "にしめらそん", "PrefCode": "45" }, "geometry": { "type": "Polygon", "coordinates": [ [ [ 131.117604449186047, 32.31711777526516 ], [ 131.1284549936031, 32.307048891892919 ], [ 131.156132776206732, 32.312442225128621 ], [ 131.167899170410465, 32.30069638672893 ], [ 131.175061945852235, 32.309962775361839 ], [ 131.19531138771049, 32.306590279018224 ], [ 131.203179728062082, 32.298080559270431 ], [ 131.203017781745302, 32.291729721449542 ], [ 131.226398054127003, 32.275204161742749 ], [ 131.221253890654566, 32.259616108396756 ], [ 131.230369169801406, 32.251072225203075 ], [ 131.247985278897545, 32.217877494850541 ], [ 131.262879169837902, 32.211067224872579 ], [ 131.27913583674956, 32.212522774906176 ], [ 131.277168885435799, 32.203867775077811 ], [ 131.267734993575118, 32.200852494846799 ], [ 131.281974721256461, 32.182032225007219 ], [ 131.268391114658243, 32.179736666813767 ], [ 131.26645555058326, 32.173556945696532 ], [ 131.25559389144496, 32.165915278567297 ], [ 131.245271946043545, 32.169369999925607 ], [ 131.238913606078086, 32.166136107995044 ], [ 131.222351388206107, 32.172075559039854 ], [ 131.214766108569165, 32.165681387386144 ], [ 131.210844449311935, 32.149908053913634 ], [ 131.197101660013686, 32.15107694594434 ], [ 131.190811387935241, 32.146377224729179 ], [ 131.189130830223689, 32.140488613258924 ], [ 131.193430558173759, 32.132100559193532 ], [ 131.178760000373813, 32.127952224915305 ], [ 131.167818611839493, 32.128914720737839 ], [ 131.168302502858296, 32.135398892045259 ], [ 131.159793332596337, 32.138447225059451 ], [ 131.150961660052644, 32.131255558896953 ], [ 131.149614721142484, 32.136511107901356 ], [ 131.13344444940185, 32.136367225367223 ], [ 131.130303060837605, 32.14648610834729 ], [ 131.119282775679608, 32.146100828890212 ], [ 131.101473606421905, 32.172573892271373 ], [ 131.10443527896507, 32.191648612693371 ], [ 131.10016583658421, 32.195468892275585 ], [ 131.100531660108118, 32.201542774879215 ], [ 131.08421111525081, 32.206213054089233 ], [ 131.077372503138577, 32.22124027941544 ], [ 131.068965550719668, 32.225714440768854 ], [ 131.071564449339917, 32.23689082934834 ], [ 131.057198327340984, 32.245894721164518 ], [ 131.046832775612188, 32.244254441389387 ], [ 131.04272972759486, 32.248087225145355 ], [ 131.041622217891131, 32.257800000369798 ], [ 131.044668885360807, 32.263198332936781 ], [ 131.054244449221983, 32.26706444107117 ], [ 131.049843332603814, 32.278893892139479 ], [ 131.051115278847078, 32.286356107648317 ], [ 131.07859416289034, 32.281223054400471 ], [ 131.090495550729202, 32.293985278697733 ], [ 131.099783060839627, 32.311076666654913 ], [ 131.117340830015337, 32.317114999957312 ], [ 131.117604449186047, 32.31711777526516 ] ] ] } },
{ "type": "Feature", "properties": { "regioncode": "4540400", "regionname": "宮崎県木城町", "name": "木城町", "namekana": "きじょうちょう", "PrefCode": "45" }, "geometry": { "type": "Polygon", "coordinates": [ [ [ 131.351250000287337, 32.330495000044266 ], [ 131.369929441690488, 32.321607494890031 ], [ 131.370218884893688, 32.31619499979945 ], [ 131.363697224447378, 32.315561946326795 ], [ 131.362740272045926, 32.309245558835528 ], [ 131.383441946088965, 32.316806946183647 ], [ 131.425664721349904, 32.305676946434005 ], [ 131.425274721351343, 32.28736638714912 ], [ 131.429283060864577, 32.283764441375922 ], [ 131.435188326879825, 32.257219162434467 ], [ 131.429354720643914, 32.250897774712598 ], [ 131.443011388165132, 32.237790279098135 ], [ 131.443519728152978, 32.206709441187797 ], [ 131.448118611984455, 32.196091108018265 ], [ 131.458083060684771, 32.196643333123404 ], [ 131.463883332649743, 32.192976387050692 ], [ 131.471461114638828, 32.18183972062667 ], [ 131.475995837238202, 32.181254720628885 ], [ 131.480597782361883, 32.167334441131629 ], [ 131.483282503284954, 32.169337225032962 ], [ 131.492912503109551, 32.161432495413408 ], [ 131.485025837272588, 32.155888333280018 ], [ 131.485991659687443, 32.153328054246344 ], [ 131.477319442338512, 32.15553000020941 ], [ 131.475184449103153, 32.147700279444393 ], [ 131.460639169562114, 32.139064161781675 ], [ 131.45752389101483, 32.132307494994961 ], [ 131.444573605887285, 32.134811667124779 ], [ 131.450101387768882, 32.141013891977593 ], [ 131.433620000063001, 32.145552225354947 ], [ 131.424727223982245, 32.152528333016221 ], [ 131.422015551276786, 32.160856108222845 ], [ 131.414592503041604, 32.163503054022783 ], [ 131.414342775698628, 32.175096387188546 ], [ 131.404621115172404, 32.186819720953395 ], [ 131.400311946139482, 32.187542774979136 ], [ 131.399792503121603, 32.196046387430897 ], [ 131.391128611696104, 32.212878613257431 ], [ 131.357530000309339, 32.243231108229111 ], [ 131.354689999743755, 32.254646945799948 ], [ 131.350116666551003, 32.258476386775897 ], [ 131.35052499383346, 32.263639441407122 ], [ 131.358139999661375, 32.265283332859553 ], [ 131.352723606009704, 32.27509444085581 ], [ 131.336703890672084, 32.279614440653972 ], [ 131.327251659836293, 32.275703891621333 ], [ 131.321078326603583, 32.28300749460027 ], [ 131.311493605845271, 32.286159162415458 ], [ 131.305675279090906, 32.297429162326011 ], [ 131.287387782020573, 32.309030000334303 ], [ 131.305555551447583, 32.31540749495997 ], [ 131.309731387893294, 32.321786945611109 ], [ 131.322983891093713, 32.322060828744327 ], [ 131.335547497419157, 32.326318053835166 ], [ 131.336432218072446, 32.329565279114377 ], [ 131.350824994178197, 32.330605828895955 ], [ 131.351250000287337, 32.330495000044266 ] ] ] } },
{ "type": "Feature", "properties": { "regioncode": "4540500", "regionname": "宮崎県川南町", "name": "川南町", "namekana": "かわみなみちょう", "PrefCode": "45" }, "geometry": { "type": "Polygon", "coordinates": [ [ [ 131.46126722370343, 32.263147495160808 ], [ 131.471792503121605, 32.262285558831536 ], [ 131.472849728132474, 32.255654720688881 ], [ 131.477916109241164, 32.256734161652275 ], [ 131.482488612359589, 32.250405278980509 ], [ 131.538756939081509, 32.243436945958365 ], [ 131.544066666843264, 32.236086667265909 ], [ 131.542170271840632, 32.233340558619943 ], [ 131.54169472113449, 32.236081387346189 ], [ 131.535548884673403, 32.236326666642412 ], [ 131.533144994146255, 32.232609720961932 ], [ 131.539261660197553, 32.22865082887273 ], [ 131.548349170078154, 32.234480828827259 ], [ 131.549564449140121, 32.240368333232027 ], [ 131.557100272359776, 32.236360829188982 ], [ 131.568752776419615, 32.237168612841288 ], [ 131.567483332989468, 32.231841108180674 ], [ 131.573025291783892, 32.237963054151692 ], [ 131.552864423254618, 32.188895000104196 ], [ 131.550678638108707, 32.174943495246168 ], [ 131.553714422882422, 32.169913828960091 ], [ 131.550677056201266, 32.174770251645839 ], [ 131.549501244786711, 32.17081058613968 ], [ 131.552224811925612, 32.17078844123364 ], [ 131.548210506309829, 32.168666972902543 ], [ 131.554929299947275, 32.168750494739584 ], [ 131.548656419857934, 32.168334775029905 ], [ 131.543449326325458, 32.157441540694606 ], [ 131.537291660182063, 32.156577494555791 ], [ 131.518871945683827, 32.171636108020039 ], [ 131.512931387573531, 32.155472775448288 ], [ 131.490989169814384, 32.162407224713718 ], [ 131.483282503284954, 32.169337225032962 ], [ 131.480597782361883, 32.167334441131629 ], [ 131.475995837238202, 32.181254720628885 ], [ 131.471461114638828, 32.18183972062667 ], [ 131.463883332649743, 32.192976387050692 ], [ 131.458083060684771, 32.196643333123404 ], [ 131.448163332571767, 32.196031667327645 ], [ 131.441873332987939, 32.220813891947614 ], [ 131.4444863941319, 32.231543053968835 ], [ 131.43826944198122, 32.242557495332221 ], [ 131.464554163044227, 32.247735829445048 ], [ 131.466894449019719, 32.257182224580049 ], [ 131.460971388119106, 32.263478053569372 ], [ 131.46126722370343, 32.263147495160808 ] ] ] } },
{ "type": "Feature", "properties": { "regioncode": "4540600", "regionname": "宮崎県都農町", "name": "都農町", "namekana": "つのちょう", "PrefCode": "45" }, "geometry": { "type": "Polygon", "coordinates": [ [ [ 131.550103606196558, 32.3230913870579 ], [ 131.556729169815412, 32.321064162281289 ], [ 131.559953061284773, 32.312890000273342 ], [ 131.557578054283795, 32.304530279348967 ], [ 131.561360271859144, 32.305098053732252 ], [ 131.570891946106485, 32.296513612912975 ], [ 131.579938053898104, 32.308991666732084 ], [ 131.588344162752946, 32.305572494674948 ], [ 131.586842776073354, 32.299631945557906 ], [ 131.592021361996331, 32.306048486048837 ], [ 131.577739857208712, 32.272646586071119 ], [ 131.576782386797731, 32.26065191875108 ], [ 131.571956471813792, 32.254815467959531 ], [ 131.576473799726159, 32.249847720895673 ], [ 131.57506175079925, 32.240475027000969 ], [ 131.569944720772355, 32.237125829393563 ], [ 131.571138884651873, 32.232726667002112 ], [ 131.566437782078083, 32.232198891765506 ], [ 131.568752776419615, 32.237168612841288 ], [ 131.557100272359776, 32.236360829188982 ], [ 131.549564449140121, 32.240368333232027 ], [ 131.548349170078154, 32.234480828827259 ], [ 131.539261660197553, 32.22865082887273 ], [ 131.533144994146255, 32.232609720961932 ], [ 131.535548884673403, 32.236326666642412 ], [ 131.54169472113449, 32.236081387346189 ], [ 131.542170271840632, 32.233340558619943 ], [ 131.544066666843264, 32.236086667265909 ], [ 131.53922000000307, 32.243228612610437 ], [ 131.482488612359589, 32.250405278980509 ], [ 131.477916109241164, 32.256734161652275 ], [ 131.472849728132474, 32.255654720688881 ], [ 131.468714720907656, 32.26392277461639 ], [ 131.459314163318027, 32.264383613313157 ], [ 131.466918054424696, 32.257075829386054 ], [ 131.466497782346892, 32.250269720571225 ], [ 131.462195279088974, 32.246561946176939 ], [ 131.43826944198122, 32.242557495332221 ], [ 131.429861115398239, 32.249603892205926 ], [ 131.435188326879825, 32.257219162434467 ], [ 131.429283060864577, 32.283764441375922 ], [ 131.425274721351343, 32.28736638714912 ], [ 131.425336666653948, 32.306099440736659 ], [ 131.446335551344646, 32.313563053791938 ], [ 131.461964163215612, 32.310017775200208 ], [ 131.465576938624849, 32.316374721216448 ], [ 131.472181114566865, 32.3189161081919 ], [ 131.484181388260481, 32.309206946443453 ], [ 131.486180271802141, 32.298488332570571 ], [ 131.491399728314832, 32.300585279087386 ], [ 131.498602502903282, 32.295333613355638 ], [ 131.521270272105426, 32.309594440930766 ], [ 131.528484449198004, 32.319079441263227 ], [ 131.549999999800207, 32.323149467973622 ], [ 131.550103606196558, 32.3230913870579 ] ] ] } },
{ "type": "Feature", "properties": { "regioncode": "4542100", "regionname": "宮崎県門川町", "name": "門川町", "namekana": "かどがわちょう", "PrefCode": "45" }, "geometry": { "type": "MultiPolygon", "coordinates": [ [ [ [ 131.731593890745557, 32.466471945723754 ], [ 131.730313891073251, 32.463321667361129 ], [ 131.731564448740414, 32.466481108016751 ], [ 131.731593890745557, 32.466471945723754 ] ] ], [ [ [ 131.669308690343883, 32.470351531997665 ], [ 131.669978196936313, 32.464028387000496 ], [ 131.66192263302321, 32.46772969436995 ], [ 131.666098249134961, 32.466164053828095 ], [ 131.66930216576236, 32.47035627861942 ], [ 131.669308690343883, 32.470351531997665 ] ] ], [ [ [ 131.67166058386897, 32.471622107674193 ], [ 131.669972606750434, 32.469996108233886 ], [ 131.671659299636985, 32.471629694354988 ], [ 131.67166058386897, 32.471622107674193 ] ] ], [ [ [ 131.675580804210767, 32.471113559043545 ], [ 131.678136056933567, 32.472309305729937 ], [ 131.675873449899882, 32.471250279376932 ], [ 131.675580804210767, 32.471113559043545 ] ] ], [ [ [ 131.704154423088198, 32.475124440940249 ], [ 131.702400895285109, 32.473456251604773 ], [ 131.704148948914963, 32.475126918572471 ], [ 131.704154423088198, 32.475124440940249 ] ] ], [ [ [ 131.577117781760307, 32.54612055921649 ], [ 131.583402503223056, 32.544998333006731 ], [ 131.581532775816981, 32.536873891816697 ], [ 131.591904720826278, 32.525718613023628 ], [ 131.604688884984171, 32.533540828946172 ], [ 131.611987496725646, 32.52891110826107 ], [ 131.615869441921291, 32.516495559122802 ], [ 131.629967781787741, 32.522364720955181 ], [ 131.642286667295934, 32.51941889176851 ], [ 131.651221946235864, 32.511605559349164 ], [ 131.664019441943765, 32.50768527875266 ], [ 131.668560000243929, 32.497115278747174 ], [ 131.676382776444029, 32.497525278768649 ], [ 131.683622775770573, 32.489871387154835 ], [ 131.710897496622238, 32.49862582861914 ], [ 131.715679727937186, 32.495305558604684 ], [ 131.728091750833642, 32.496725955038869 ], [ 131.725899558917604, 32.494566693598074 ], [ 131.728862995930626, 32.492257667157673 ], [ 131.724207497078396, 32.492607802008536 ], [ 131.720727393254606, 32.486313000044959 ], [ 131.714006160655799, 32.489040161774085 ], [ 131.716739585263667, 32.482368559161728 ], [ 131.709480752334912, 32.482691306058996 ], [ 131.709400219844383, 32.477927000031059 ], [ 131.696257470805676, 32.474701828826369 ], [ 131.699215837440988, 32.472395135227373 ], [ 131.695372308585206, 32.469198801683376 ], [ 131.677829973574489, 32.473006559105443 ], [ 131.678996666762828, 32.483519107720724 ], [ 131.670886083226264, 32.476851918980913 ], [ 131.667973554136324, 32.477386494890879 ], [ 131.670438417798778, 32.480776081051374 ], [ 131.666394746620313, 32.479056919041625 ], [ 131.667942387231506, 32.483562829161315 ], [ 131.660075357192, 32.483570162233264 ], [ 131.656371829396448, 32.475726081093796 ], [ 131.661109222312803, 32.471077972870205 ], [ 131.660423670915748, 32.474850108146029 ], [ 131.656046083260208, 32.473299414336566 ], [ 131.661466109273533, 32.470138972735469 ], [ 131.652670895245706, 32.46671455942942 ], [ 131.648236393994466, 32.45667027881035 ], [ 131.630095551168779, 32.456959721114288 ], [ 131.620123333225365, 32.466479440673709 ], [ 131.609445837255635, 32.461486107897599 ], [ 131.602661660207559, 32.466696386828858 ], [ 131.602789728163543, 32.471513612563228 ], [ 131.589309170381966, 32.475915829052326 ], [ 131.585308054223333, 32.467091387057906 ], [ 131.577997781872227, 32.46495527866324 ], [ 131.57879944204069, 32.459436667168518 ], [ 131.565340830415039, 32.444148053889649 ], [ 131.55126916983636, 32.444952224965277 ], [ 131.537720271673265, 32.43714527863176 ], [ 131.534693606025144, 32.444105828920897 ], [ 131.510712502879755, 32.448971946298343 ], [ 131.506248611784031, 32.456228612760299 ], [ 131.51218027200207, 32.459666666983139 ], [ 131.508715837066347, 32.486523332585762 ], [ 131.529665278829611, 32.494077494780583 ], [ 131.523365278784695, 32.507495829369077 ], [ 131.532665837158675, 32.520434161607341 ], [ 131.523195836618584, 32.536001107864877 ], [ 131.529100830139214, 32.543514162049007 ], [ 131.548661660207472, 32.535547225424182 ], [ 131.562867496937542, 32.539172225317998 ], [ 131.565932218297348, 32.54545944060078 ], [ 131.576978885067547, 32.546185829312606 ], [ 131.577117781760307, 32.54612055921649 ] ] ] ] } },
{ "type": "Feature", "properties": { "regioncode": "4542900", "regionname": "宮崎県諸塚村", "name": "諸塚村", "namekana": "もろつかそん", "PrefCode": "45" }, "geometry": { "type": "Polygon", "coordinates": [ [ [ 131.258632776181685, 32.641783892312844 ], [ 131.315769999985605, 32.62924249474537 ], [ 131.329421115092487, 32.609352225025191 ], [ 131.340668612166837, 32.61298555893643 ], [ 131.357048612103881, 32.608934721060564 ], [ 131.356265550814555, 32.595188613263929 ], [ 131.364255278958012, 32.584060829443786 ], [ 131.361972502828849, 32.577713332604276 ], [ 131.367446938725266, 32.576363333301231 ], [ 131.373948326654045, 32.564108054143446 ], [ 131.367920271703269, 32.559396108443707 ], [ 131.368883333199278, 32.541072775188468 ], [ 131.377451659966141, 32.541020000272852 ], [ 131.393435279214827, 32.531082224565068 ], [ 131.400123333125407, 32.506585279287265 ], [ 131.413054163219158, 32.496083892157969 ], [ 131.413166939103007, 32.487844720857254 ], [ 131.404350557732073, 32.477567774833005 ], [ 131.385918053975047, 32.471849440998938 ], [ 131.381994721079536, 32.463501386979488 ], [ 131.376951946275312, 32.463197774957393 ], [ 131.374753890779516, 32.475788054275313 ], [ 131.384648612343653, 32.489031387088914 ], [ 131.378635279294713, 32.491769441406632 ], [ 131.370493606195055, 32.48885666680178 ], [ 131.371831945787676, 32.494670279310014 ], [ 131.356782776104296, 32.504209161623578 ], [ 131.342884994047267, 32.502109161908322 ], [ 131.340371388029212, 32.504617774890448 ], [ 131.342662776066277, 32.508236386899796 ], [ 131.33400250261343, 32.506723333315222 ], [ 131.326953060635333, 32.510563054441434 ], [ 131.320800272414658, 32.5023113870609 ], [ 131.32727805403897, 32.49355722528577 ], [ 131.324076393810628, 32.491016666585949 ], [ 131.315312775664097, 32.498758612619952 ], [ 131.304943891047742, 32.498966107799674 ], [ 131.298408884662308, 32.507814720872716 ], [ 131.292865836789019, 32.503696108288807 ], [ 131.286386394116903, 32.507930828744804 ], [ 131.279640557865491, 32.506715278986974 ], [ 131.279740829575644, 32.516883053610115 ], [ 131.273479170327505, 32.5246758293261 ], [ 131.261967781587941, 32.525704440607512 ], [ 131.256314721447325, 32.520889161905359 ], [ 131.246125837037766, 32.520884161674758 ], [ 131.231912776053832, 32.528816666855732 ], [ 131.219335278800145, 32.526264441250987 ], [ 131.213545837370589, 32.547931387323729 ], [ 131.218559170169669, 32.56655444123453 ], [ 131.207611388354962, 32.577637775163225 ], [ 131.206030558263706, 32.586014441113605 ], [ 131.224791388311928, 32.594601107754954 ], [ 131.232541115280355, 32.590789162190163 ], [ 131.243183332644776, 32.596058333225528 ], [ 131.253339169667015, 32.610268612606433 ], [ 131.257916109141206, 32.630286387306967 ], [ 131.254446939274885, 32.636547774959922 ], [ 131.258333333416658, 32.64191861255398 ], [ 131.258632776181685, 32.641783892312844 ] ] ] } },
{ "type": "Feature", "properties": { "regioncode": "4543000", "regionname": "宮崎県椎葉村", "name": "椎葉村", "namekana": "しいばそん", "PrefCode": "45" }, "geometry": { "type": "Polygon", "coordinates": [ [ [ 131.190330829803997, 32.600490828988598 ], [ 131.199758054091035, 32.600104440667451 ], [ 131.208346666865282, 32.588581108031747 ], [ 131.207611388354962, 32.577637775163225 ], [ 131.218544449167098, 32.566600278779902 ], [ 131.213545837370589, 32.547931387323729 ], [ 131.219335278800145, 32.526264441250987 ], [ 131.231912776053832, 32.528816666855732 ], [ 131.246125837037766, 32.520884161674758 ], [ 131.256314721447325, 32.520889161905359 ], [ 131.261967781587941, 32.525704440607512 ], [ 131.273530557589197, 32.52465722505093 ], [ 131.280438326667536, 32.513124721129032 ], [ 131.279640557865491, 32.506715278986974 ], [ 131.273592502891802, 32.509623054260601 ], [ 131.274179170232628, 32.505173054093234 ], [ 131.294316108701537, 32.477699440976494 ], [ 131.298264994034298, 32.45947249525949 ], [ 131.269511660035164, 32.452719162259598 ], [ 131.256333332917052, 32.444280828897206 ], [ 131.251050271852591, 32.4451369457135 ], [ 131.24833527885005, 32.431606387424893 ], [ 131.252435836644622, 32.411769999685816 ], [ 131.260764163135718, 32.404797775297141 ], [ 131.258508884677326, 32.399306666869222 ], [ 131.238775551150866, 32.382962774712325 ], [ 131.222460271824161, 32.380190000268328 ], [ 131.216439999606337, 32.370869440972001 ], [ 131.195701660203554, 32.373739162332527 ], [ 131.194687781615926, 32.357418053600327 ], [ 131.203786393627183, 32.347895558733114 ], [ 131.197104993800508, 32.337757774701572 ], [ 131.1899280540365, 32.340666666933203 ], [ 131.182992218016466, 32.328665000189631 ], [ 131.176466667103114, 32.324703613381132 ], [ 131.175003333437189, 32.309667224862608 ], [ 131.167966393834035, 32.300746666925193 ], [ 131.156132776206732, 32.312442225128621 ], [ 131.1284549936031, 32.307048891892919 ], [ 131.117340830015337, 32.317114999957312 ], [ 131.101179441777845, 32.311724162340283 ], [ 131.111906939153982, 32.330006946063747 ], [ 131.103584306270818, 32.341510359615484 ], [ 131.09922763864472, 32.341689865195178 ], [ 131.096548003387738, 32.350188775091965 ], [ 131.078031529931195, 32.355112027298276 ], [ 131.074338520606261, 32.360910225426608 ], [ 131.079857223831823, 32.374288053650787 ], [ 131.074083891058763, 32.383027495322722 ], [ 131.069307782328337, 32.384318613313383 ], [ 131.073243605907805, 32.391417224825091 ], [ 131.068120557617704, 32.40748389196807 ], [ 131.043565551209326, 32.408227494603238 ], [ 131.019892217651773, 32.438674162082975 ], [ 131.016455278588296, 32.447876386785879 ], [ 131.016379442357447, 32.473616386686956 ], [ 131.006984721367871, 32.493198332836869 ], [ 131.009406394189796, 32.515406945973837 ], [ 131.025614163163141, 32.521110279116158 ], [ 131.018103890582097, 32.546860828964157 ], [ 131.02394722388533, 32.553335278600287 ], [ 131.038961388357507, 32.554427495332675 ], [ 131.040766666748368, 32.559604440892258 ], [ 131.037723890645111, 32.564728332746427 ], [ 131.041628326985801, 32.579895279443633 ], [ 131.052191660316907, 32.587721667321148 ], [ 131.091175836595653, 32.578634440726887 ], [ 131.104990829763096, 32.579606946003821 ], [ 131.111376938994567, 32.562454162229869 ], [ 131.128652776104786, 32.557600828715351 ], [ 131.135331659628491, 32.563154440924734 ], [ 131.162129169625587, 32.564605279410159 ], [ 131.171535551224792, 32.572451107932352 ], [ 131.176846394145855, 32.599571666998884 ], [ 131.189904721126027, 32.600750558591471 ], [ 131.190330829803997, 32.600490828988598 ] ] ] } },
{ "type": "Feature", "properties": { "regioncode": "4543100", "regionname": "宮崎県美郷町", "name": "美郷町", "namekana": "みさとちょう", "PrefCode": "45" }, "geometry": { "type": "Polygon", "coordinates": [ [ [ 131.403151945805689, 32.566418891818444 ], [ 131.408673332608259, 32.560922495376929 ], [ 131.420976938634908, 32.563833892220373 ], [ 131.430627782046599, 32.555836667328379 ], [ 131.438969441886343, 32.555603332827616 ], [ 131.444437223698969, 32.559109721136792 ], [ 131.460851945560876, 32.557776387170577 ], [ 131.472355279072985, 32.56673138734368 ], [ 131.479536939378363, 32.566697494593768 ], [ 131.504860830163238, 32.557124161950583 ], [ 131.526724720569518, 32.540447224759646 ], [ 131.52272805425639, 32.534878333068662 ], [ 131.532665837158675, 32.520434161607341 ], [ 131.52336165991278, 32.50737277513349 ], [ 131.529665278829611, 32.494077494780583 ], [ 131.508715837066347, 32.486523332585762 ], [ 131.512811659930207, 32.472737495439105 ], [ 131.509108053893669, 32.467725278698708 ], [ 131.512069169756387, 32.459491107628594 ], [ 131.504382218164892, 32.454988053755756 ], [ 131.490567781677896, 32.454803612696594 ], [ 131.475934162631575, 32.449672494789866 ], [ 131.475413061263794, 32.443423891899158 ], [ 131.482828611851005, 32.439425559142308 ], [ 131.480093332841079, 32.436011667004891 ], [ 131.483524721288973, 32.41654694568507 ], [ 131.477878054428743, 32.412478892087279 ], [ 131.476393333085866, 32.405675278891067 ], [ 131.466707497053449, 32.400045828652139 ], [ 131.452981945960119, 32.399681107697006 ], [ 131.44615610871756, 32.392720559206509 ], [ 131.406037497032912, 32.389708054283346 ], [ 131.396645837335541, 32.37156389206001 ], [ 131.396851945760773, 32.364943612857473 ], [ 131.385978054044017, 32.362356387437387 ], [ 131.378512502949661, 32.354876386935757 ], [ 131.351088884944147, 32.366968054232359 ], [ 131.349362218091983, 32.356348891887876 ], [ 131.344525550813614, 32.359037225387681 ], [ 131.34181194636426, 32.351049440679219 ], [ 131.338317781640399, 32.336170000045513 ], [ 131.341510829960953, 32.329485000232637 ], [ 131.322983891093713, 32.322060828744327 ], [ 131.309501945658326, 32.321701667398088 ], [ 131.305555551447583, 32.31540749495997 ], [ 131.287647782319368, 32.309018891908408 ], [ 131.262838053733276, 32.316149441043933 ], [ 131.249225837002882, 32.328937494769605 ], [ 131.222339441612007, 32.324181666650645 ], [ 131.198784448943229, 32.339863054336547 ], [ 131.203808884772229, 32.348092494972718 ], [ 131.194687781615926, 32.357418053600327 ], [ 131.195701660203554, 32.373739162332527 ], [ 131.216439999606337, 32.370869440972001 ], [ 131.222460271824161, 32.380190000268328 ], [ 131.238775551150866, 32.382962774712325 ], [ 131.258508884677326, 32.399306666869222 ], [ 131.260764163135718, 32.404797775297141 ], [ 131.252435836644622, 32.411769999685816 ], [ 131.24833527885005, 32.431606387424893 ], [ 131.251050271852591, 32.4451369457135 ], [ 131.256333332917052, 32.444280828897206 ], [ 131.269511660035164, 32.452719162259598 ], [ 131.298158053851125, 32.459220559181517 ], [ 131.296148884763284, 32.474193333255755 ], [ 131.27688917019907, 32.499863053836918 ], [ 131.273592502891802, 32.509623054260601 ], [ 131.292598884730864, 32.503692775401305 ], [ 131.298408884662308, 32.507814720872716 ], [ 131.304943891047742, 32.498966107799674 ], [ 131.315312775664097, 32.498758612619952 ], [ 131.324076393810628, 32.491016666585949 ], [ 131.32727805403897, 32.49355722528577 ], [ 131.320800272414658, 32.5023113870609 ], [ 131.326953060635333, 32.510563054441434 ], [ 131.33400250261343, 32.506723333315222 ], [ 131.342662776066277, 32.508236386899796 ], [ 131.340371388029212, 32.504617774890448 ], [ 131.342884994047267, 32.502109161908322 ], [ 131.356782776104296, 32.504209161623578 ], [ 131.371831945787676, 32.494670279310014 ], [ 131.370493606195055, 32.48885666680178 ], [ 131.378635279294713, 32.491769441406632 ], [ 131.384648612343653, 32.489031387088914 ], [ 131.374753890779516, 32.475788054275313 ], [ 131.376951946275312, 32.463197774957393 ], [ 131.381994721079536, 32.463501386979488 ], [ 131.385918053975047, 32.471849440998938 ], [ 131.405712776123778, 32.478803613296179 ], [ 131.413166939103007, 32.487844720857254 ], [ 131.413044162757956, 32.496108333033192 ], [ 131.400123333125407, 32.506585279287265 ], [ 131.393435279214827, 32.531082224565068 ], [ 131.377451659966141, 32.541020000272852 ], [ 131.368883333199278, 32.541072775188468 ], [ 131.367894721064545, 32.557751946295355 ], [ 131.373948326654045, 32.564108054143446 ], [ 131.380427496831544, 32.562333892295328 ], [ 131.396208884632415, 32.568805559429052 ], [ 131.403053060850198, 32.566428332901296 ], [ 131.403151945805689, 32.566418891818444 ] ] ] } },
{ "type": "Feature", "properties": { "regioncode": "4544100", "regionname": "宮崎県高千穂町", "name": "高千穂町", "namekana": "たかちほちょう", "PrefCode": "45" }, "geometry": { "type": "Polygon", "coordinates": [ [ [ 131.335802217798232, 32.832814441433356 ], [ 131.340270000260375, 32.833440278745911 ], [ 131.347526666722388, 32.827520558826791 ], [ 131.350628326835931, 32.816912774704861 ], [ 131.348636109069275, 32.810682224804907 ], [ 131.357746394280753, 32.804385559446075 ], [ 131.366360830188228, 32.803578613062598 ], [ 131.378284994257115, 32.809470829015595 ], [ 131.400223060745702, 32.813488332620523 ], [ 131.420249727942632, 32.81242249480232 ], [ 131.421549170058256, 32.805166108029539 ], [ 131.415495550978903, 32.787316107752247 ], [ 131.409502217953104, 32.782901387089396 ], [ 131.40105749670613, 32.755936667043613 ], [ 131.400447223960327, 32.738771387189843 ], [ 131.388450272362206, 32.728846945730027 ], [ 131.380119169663999, 32.71584861342285 ], [ 131.368062503082115, 32.714381667180248 ], [ 131.366145837360591, 32.706918332914768 ], [ 131.357109999826662, 32.697608891936852 ], [ 131.350594163390042, 32.700031946117463 ], [ 131.334357781586391, 32.697833892420249 ], [ 131.325721387831891, 32.7070358293401 ], [ 131.321632218152445, 32.705040278685942 ], [ 131.317847496864601, 32.694124440790347 ], [ 131.328491115372685, 32.676739441272275 ], [ 131.318158054350761, 32.66076416233625 ], [ 131.308629728279357, 32.628853332915014 ], [ 131.268258612145246, 32.639948613437809 ], [ 131.267740557680668, 32.668114720717824 ], [ 131.257601660288401, 32.670568892340555 ], [ 131.252854993563119, 32.676862224811885 ], [ 131.239345837340579, 32.672555558592194 ], [ 131.235675278691247, 32.680135559208736 ], [ 131.226110557955963, 32.685196108213859 ], [ 131.247033606415812, 32.695657495297212 ], [ 131.23121416290337, 32.705900559363386 ], [ 131.250814993916947, 32.716960000103995 ], [ 131.258040558225275, 32.735036107930114 ], [ 131.247220272397726, 32.743588891714012 ], [ 131.235006109344567, 32.744331666972926 ], [ 131.23416027177916, 32.753385829092792 ], [ 131.246465278949472, 32.769396107844159 ], [ 131.234533060552394, 32.780814162243871 ], [ 131.245370830099773, 32.786551387236784 ], [ 131.246613891018342, 32.798992774796773 ], [ 131.25525722394184, 32.804668333276993 ], [ 131.254976394445066, 32.815580558595968 ], [ 131.262614993986858, 32.817864720580417 ], [ 131.265183606138521, 32.826461107993794 ], [ 131.272640830410069, 32.824153053720522 ], [ 131.27594972759789, 32.828710279156098 ], [ 131.285803060562898, 32.831422495052152 ], [ 131.291552502845775, 32.827799161602059 ], [ 131.322898885375366, 32.828652495016684 ], [ 131.335437496843042, 32.832886666886225 ], [ 131.335802217798232, 32.832814441433356 ] ] ] } },
{ "type": "Feature", "properties": { "regioncode": "4544200", "regionname": "宮崎県日之影町", "name": "日之影町", "namekana": "ひのかげちょう", "PrefCode": "45" }, "geometry": { "type": "Polygon", "coordinates": [ [ [ 131.477861114798657, 32.833681386986484 ], [ 131.485999728404749, 32.821626667436817 ], [ 131.493163890601181, 32.815934440921751 ], [ 131.502479441573087, 32.8146822249048 ], [ 131.501799441690991, 32.810650828572932 ], [ 131.517481946334783, 32.800287494572274 ], [ 131.509038054262874, 32.785172224718451 ], [ 131.508482218379754, 32.774242494995178 ], [ 131.489738327062241, 32.77364527860675 ], [ 131.488489442134096, 32.766956667116574 ], [ 131.482626938882163, 32.763492494782838 ], [ 131.490360558093357, 32.748499162206599 ], [ 131.481331114739191, 32.738235000045279 ], [ 131.485069441801329, 32.725056666631929 ], [ 131.477730272434201, 32.706083054289593 ], [ 131.45296722405817, 32.69306194575222 ], [ 131.451956939161505, 32.68411472111751 ], [ 131.447139441831837, 32.679161107798961 ], [ 131.447986938646409, 32.67192444135992 ], [ 131.434117496924955, 32.661317775095313 ], [ 131.440510000336303, 32.654770829310394 ], [ 131.436957224096659, 32.643519162079713 ], [ 131.440692218271352, 32.64079999982016 ], [ 131.434965551319237, 32.633643613162292 ], [ 131.448668612166784, 32.626618891748535 ], [ 131.452291388037224, 32.614275279380706 ], [ 131.448596108823381, 32.606399441381143 ], [ 131.450076938799725, 32.597857775016337 ], [ 131.446033060777154, 32.593812494950726 ], [ 131.447634994359532, 32.576888891709018 ], [ 131.440849442248009, 32.576697224597297 ], [ 131.440239727981179, 32.568941946113966 ], [ 131.428778612243264, 32.559891667266697 ], [ 131.419943060923629, 32.563931667412589 ], [ 131.408673332608259, 32.560922495376929 ], [ 131.396208884632415, 32.568805559429052 ], [ 131.380427496831544, 32.562333892295328 ], [ 131.37486277619621, 32.563482224924769 ], [ 131.367446938725266, 32.576363333301231 ], [ 131.361972502828849, 32.577713332604276 ], [ 131.364255278958012, 32.584060829443786 ], [ 131.356265550814555, 32.595188613263929 ], [ 131.357048612103881, 32.608934721060564 ], [ 131.340668612166837, 32.61298555893643 ], [ 131.329105278585757, 32.609475558949953 ], [ 131.315846108710957, 32.629191666861971 ], [ 131.31008360557405, 32.629447225409194 ], [ 131.318134993934905, 32.660705000435485 ], [ 131.328491115372685, 32.676739441272275 ], [ 131.317847496864601, 32.694124440790347 ], [ 131.319306666669377, 32.700225559362138 ], [ 131.325494163325061, 32.70709944108637 ], [ 131.334357781586391, 32.697833892420249 ], [ 131.350594163390042, 32.700031946117463 ], [ 131.357109999826662, 32.697608891936852 ], [ 131.366145837360591, 32.706918332914768 ], [ 131.368062503082115, 32.714381667180248 ], [ 131.380119169663999, 32.71584861342285 ], [ 131.388450272362206, 32.728846945730027 ], [ 131.400447223960327, 32.738771387189843 ], [ 131.40105749670613, 32.755936667043613 ], [ 131.409502217953104, 32.782901387089396 ], [ 131.415495550978903, 32.787316107752247 ], [ 131.420084993727528, 32.798057225360708 ], [ 131.421209169667463, 32.811916108141929 ], [ 131.431271388164078, 32.818369162007286 ], [ 131.436970272360213, 32.828626108008507 ], [ 131.464510557616222, 32.831023053970796 ], [ 131.475255551302666, 32.837242495444855 ], [ 131.477686393612203, 32.833919999608327 ], [ 131.477861114798657, 32.833681386986484 ] ] ] } },
{ "type": "Feature", "properties": { "regioncode": "4544300", "regionname": "宮崎県五ヶ瀬町", "name": "五ヶ瀬町", "namekana": "ごかせちょう", "PrefCode": "45" }, "geometry": { "type": "Polygon", "coordinates": [ [ [ 131.234583891133752, 32.74429889208028 ], [ 131.247220272397726, 32.743588891714012 ], [ 131.258040558225275, 32.735036107930114 ], [ 131.250814993916947, 32.716960000103995 ], [ 131.23121416290337, 32.705900559363386 ], [ 131.247033606415812, 32.695657495297212 ], [ 131.226110557955963, 32.685196108213859 ], [ 131.235675278691247, 32.680135559208736 ], [ 131.239345837340579, 32.672555558592194 ], [ 131.252854993563119, 32.676862224811885 ], [ 131.257601660288401, 32.670568892340555 ], [ 131.267740557680668, 32.668114720717824 ], [ 131.267524993783468, 32.640536946323039 ], [ 131.255891114683209, 32.64211305407423 ], [ 131.254435278665255, 32.636383612713587 ], [ 131.257916109141206, 32.630286387306967 ], [ 131.25147333272821, 32.606172775353343 ], [ 131.243183332644776, 32.596058333225528 ], [ 131.237354993737995, 32.595629162356033 ], [ 131.233637224278596, 32.590994721129505 ], [ 131.224791388311928, 32.594601107754954 ], [ 131.208423060675727, 32.588560278833825 ], [ 131.199576938724817, 32.600264162061478 ], [ 131.188418327044246, 32.602592774836751 ], [ 131.177514163248134, 32.600192225291039 ], [ 131.172889727878669, 32.589931387023967 ], [ 131.176001115059421, 32.584523892163929 ], [ 131.171535551224792, 32.572451107932352 ], [ 131.162129169625587, 32.564605279410159 ], [ 131.135331659628491, 32.563154440924734 ], [ 131.126782776204209, 32.557511946019531 ], [ 131.111376938994567, 32.562454162229869 ], [ 131.104990829763096, 32.579606946003821 ], [ 131.108309999906623, 32.582717225219824 ], [ 131.105935551384619, 32.589075828686589 ], [ 131.113475278561282, 32.591379441208289 ], [ 131.119750829637155, 32.59925666686172 ], [ 131.115937223923765, 32.620950559320931 ], [ 131.119820000093, 32.62969610828884 ], [ 131.115548884973123, 32.642105828920933 ], [ 131.123542502684359, 32.644467775067824 ], [ 131.127048053724707, 32.654130279089145 ], [ 131.140190829743005, 32.664647774874936 ], [ 131.143534993844924, 32.676281386876553 ], [ 131.151389169874392, 32.680058332626004 ], [ 131.16293250343233, 32.671713053914345 ], [ 131.175102775972391, 32.671933054167141 ], [ 131.172470272385226, 32.684748892447487 ], [ 131.180407223814427, 32.700127775176725 ], [ 131.179967496702716, 32.712078053759228 ], [ 131.195026939341801, 32.725314999587624 ], [ 131.206606939158974, 32.730273891926629 ], [ 131.212346938560472, 32.72888055879082 ], [ 131.234031945717788, 32.74435222457555 ], [ 131.234583891133752, 32.74429889208028 ] ] ] } }
]
}
